YEAR,GEOID,NAME,TOTPOP,WHITE,BLACK,AMIN,ASIAN,NHPI,OTHER,TWO_OR_MORE,HISPANIC,NH_WHITE,NH_BLACK,state,county,POC
2000,01001,"Autauga County, Alabama",43671,35221,7473,194,200,13,165,405,610,34823,7428,01,001,8848
2000,01003,"Baldwin County, Alabama",140415,122366,14444,809,537,38,755,1466,2466,120868,14357,01,003,19547
2000,01005,"Barbour County, Alabama",29038,14887,13451,131,84,8,265,212,478,14788,13369,01,005,14250
2000,01007,"Bibb County, Alabama",20826,15966,4624,49,17,2,61,107,210,15870,4584,01,007,4956
2000,01009,"Blount County, Alabama",51024,48512,606,250,71,12,1054,519,2718,46999,598,01,009,4025
2000,01011,"Bullock County, Alabama",11714,2958,8564,44,21,2,43,82,322,2764,8486,01,011,8950
2000,01013,"Butler County, Alabama",21399,12492,8732,45,35,0,11,84,143,12429,8671,01,013,8970
2000,01015,"Calhoun County, Alabama",112249,88537,20810,445,633,76,667,1081,1753,87598,20725,01,015,24651
2000,01017,"Chambers County, Alabama",36583,22271,13943,49,68,0,43,209,280,22111,13872,01,017,14472
2000,01019,"Cherokee County, Alabama",23988,22268,1330,75,34,0,83,198,204,22164,1327,01,019,1824
2000,01021,"Chilton County, Alabama",39593,34330,4200,111,72,6,599,275,1152,33897,4131,01,021,5696
2000,01023,"Choctaw County, Alabama",15922,8779,7027,25,7,0,17,67,107,8724,6985,01,023,7198
2000,01025,"Clarke County, Alabama",27867,15589,11989,62,45,1,45,136,180,15519,11918,01,025,12348
2000,01027,"Clay County, Alabama",14254,11776,2238,45,14,3,66,112,253,11616,2219,01,027,2638
2000,01029,"Cleburne County, Alabama",14123,13380,523,42,20,1,48,109,198,13235,521,01,029,888
2000,01031,"Coffee County, Alabama",43615,33631,8013,396,414,41,390,730,1183,32971,7950,01,031,10644
2000,01033,"Colbert County, Alabama",54984,44825,9137,205,131,12,187,487,618,44470,9096,01,033,10514
2000,01035,"Conecuh County, Alabama",14089,7806,6136,28,16,7,12,84,102,7760,6091,01,035,6329
2000,01037,"Coosa County, Alabama",12202,7802,4172,39,5,1,76,107,158,7742,4147,01,037,4460
2000,01039,"Covington County, Alabama",37631,32436,4648,181,65,5,63,233,292,32247,4618,01,039,5384
2000,01041,"Crenshaw County, Alabama",13665,10088,3388,51,15,1,27,95,87,10042,3369,01,041,3623
2000,01043,"Cullman County, Alabama",77483,75011,743,290,140,27,477,795,1688,73940,726,01,043,3543
2000,01045,"Dale County, Alabama",49129,36541,10002,297,529,72,634,1054,1642,35771,9902,01,045,13358
2000,01047,"Dallas County, Alabama",46365,16496,29332,50,160,5,67,255,290,16417,29201,01,047,29948
2000,01049,"DeKalb County, Alabama",64452,59652,1083,518,124,36,1998,1041,3578,58436,1064,01,049,6016
2000,01051,"Elmore County, Alabama",65874,50737,13597,286,238,18,313,685,805,50376,13505,01,051,15498
2000,01053,"Escambia County, Alabama",38440,24754,11837,1157,94,10,154,434,379,24575,11799,01,053,13865
2000,01055,"Etowah County, Alabama",103459,85737,15191,345,432,36,755,963,1763,84919,15120,01,055,18540
2000,01057,"Fayette County, Alabama",18495,16075,2207,38,28,2,50,95,152,15994,2199,01,057,2501
2000,01059,"Franklin County, Alabama",31223,28001,1314,103,34,31,1441,299,2316,27268,1307,01,059,3955
2000,01061,"Geneva County, Alabama",25764,22442,2743,197,32,6,159,185,453,22181,2725,01,061,3583
2000,01063,"Greene County, Alabama",9974,1904,8013,12,8,0,10,27,58,1898,7964,01,063,8076
2000,01065,"Hale County, Alabama",17185,6844,10131,30,27,4,50,99,157,6803,10074,01,065,10382
2000,01067,"Henry County, Alabama",16310,10710,5268,34,10,4,163,121,249,10647,5247,01,067,5663
2000,01069,"Houston County, Alabama",88787,64886,21840,329,551,14,347,820,1122,64312,21703,01,069,24475
2000,01071,"Jackson County, Alabama",53926,49552,2019,946,124,13,195,1077,610,49200,2002,01,071,4726
2000,01073,"Jefferson County, Alabama",662047,384639,260608,1408,5971,188,3907,5326,10284,379707,259623,01,073,282340
2000,01075,"Lamar County, Alabama",15904,13816,1906,18,10,0,73,81,207,13695,1899,01,075,2209
2000,01077,"Lauderdale County, Alabama",87966,77743,8663,223,308,17,316,696,894,77240,8624,01,077,10726
2000,01079,"Lawrence County, Alabama",34803,27067,4648,1865,35,3,114,1071,367,26899,4613,01,079,7904
2000,01081,"Lee County, Alabama",115092,85247,26071,273,1875,25,532,1069,1645,84298,25954,01,081,30794
2000,01083,"Limestone County, Alabama",65676,55029,8752,304,231,14,747,599,1740,54142,8703,01,083,11534
2000,01085,"Lowndes County, Alabama",13473,3484,9885,15,16,3,16,54,85,3464,9841,01,085,10009
2000,01087,"Macon County, Alabama",24105,3365,20403,39,91,1,31,175,173,3331,20298,01,087,20774
2000,01089,"Madison County, Alabama",276700,199401,63025,2129,5140,158,1629,5218,5226,196496,62602,01,089,80204
2000,01091,"Marengo County, Alabama",22539,10657,11655,19,41,3,57,107,219,10582,11581,01,091,11957
2000,01093,"Marion County, Alabama",31214,29579,1134,91,62,10,121,217,360,29387,1131,01,093,1827
2000,01095,"Marshall County, Alabama",82231,76791,1207,433,201,36,2663,900,4656,75081,1194,01,095,7150
2000,01097,"Mobile County, Alabama",399843,252199,133465,2682,5628,101,1600,4168,4887,249763,132845,01,097,150080
2000,01099,"Monroe County, Alabama",24324,14047,9747,236,70,2,31,191,190,13962,9683,01,099,10362
2000,01101,"Montgomery County, Alabama",223510,109180,108583,568,2217,72,787,2103,2665,107858,108146,01,101,115652
2000,01103,"Morgan County, Alabama",111064,94485,12485,747,495,75,1391,1386,3645,92584,12383,01,103,18480
2000,01105,"Perry County, Alabama",11861,3660,8111,9,4,3,10,64,102,3642,8057,01,105,8219
2000,01107,"Pickens County, Alabama",20949,11720,8999,25,23,5,46,131,147,11676,8940,01,107,9273
2000,01109,"Pike County, Alabama",29605,17990,10835,194,105,5,76,400,365,17790,10766,01,109,11815
2000,01111,"Randolph County, Alabama",22380,17094,4977,45,50,1,75,138,272,16940,4949,01,111,5440
2000,01113,"Russell County, Alabama",49756,28209,20319,182,181,37,295,533,744,27925,20217,01,113,21831
2000,01115,"St. Clair County, Alabama",64742,58288,5263,242,112,17,267,553,686,57917,5253,01,115,6825
2000,01117,"Shelby County, Alabama",143293,128671,10606,473,1477,26,1013,1027,2910,126951,10570,01,117,16342
2000,01119,"Sumter County, Alabama",14798,3836,10827,14,15,2,27,77,165,3813,10718,01,119,10985
2000,01121,"Talladega County, Alabama",80321,53830,25339,184,162,20,216,570,812,53399,25206,01,121,26922
2000,01123,"Tallapoosa County, Alabama",41475,30474,10518,109,75,3,70,226,242,30342,10488,01,123,11133
2000,01125,"Tuscaloosa County, Alabama",164875,112320,48327,372,1516,52,931,1357,2130,111367,48135,01,125,53508
2000,01127,"Walker County, Alabama",70713,65163,4364,201,141,14,220,610,607,64855,4323,01,127,5858
2000,01129,"Washington County, Alabama",18097,11759,4867,1289,10,5,9,158,160,11673,4818,01,129,6424
2000,01131,"Wilcox County, Alabama",13183,3626,9479,19,17,2,15,25,97,3611,9423,01,131,9572
2000,01133,"Winston County, Alabama",24843,24177,94,114,32,2,223,201,372,24055,93,01,133,788
2000,02013,"Aleutians East Borough, Alaska",2697,646,45,1005,715,8,199,79,339,521,42,02,013,2176
2000,02016,"Aleutians West Census Area, Alaska",5465,2188,165,1145,1344,34,400,189,573,2059,165,02,016,3406
2000,02020,"Anchorage Municipality, Alaska",260283,188009,15199,18941,14433,2423,5703,15575,14799,181982,14667,02,020,78301
2000,02050,"Bethel Census Area, Alaska",16006,2006,61,13114,168,9,31,617,140,1958,59,02,050,14048
2000,02060,"Bristol Bay Borough, Alaska",1258,661,7,550,3,6,1,30,7,656,7,02,060,602
2000,02068,"Denali Borough, Alaska",1893,1623,27,90,29,7,18,99,47,1600,27,02,068,293
2000,02070,"Dillingham Census Area, Alaska",4922,1065,18,3452,30,1,27,329,111,1031,18,02,070,3891
2000,02090,"Fairbanks North Star Borough, Alaska",82840,64439,4843,5714,1720,245,1414,4465,3440,62942,4719,02,090,19898
2000,02100,"Haines Borough, Alaska",2392,1974,3,275,17,2,10,111,33,1960,3,02,100,432
2000,02110,"Juneau City and Borough, Alaska",30711,22969,248,3496,1438,116,323,2121,1040,22498,235,02,110,8213
2000,02122,"Kenai Peninsula Borough, Alaska",49691,42841,229,3713,480,86,415,1927,1087,42263,220,02,122,7428
2000,02130,"Ketchikan Gateway Borough, Alaska",14070,10460,70,2109,603,22,62,744,372,10264,67,02,130,3806
2000,02150,"Kodiak Island Borough, Alaska",13913,8304,134,2028,2232,110,387,718,848,8001,129,02,150,5912
2000,02164,"Lake and Peninsula Borough, Alaska",1823,342,1,1340,4,3,6,127,21,342,1,02,164,1481
2000,02170,"Matanuska-Susitna Borough, Alaska",59322,51938,411,3264,414,74,509,2712,1485,51175,398,02,170,8147
2000,02180,"Nome Census Area, Alaska",9196,1777,35,6915,62,2,18,387,92,1752,35,02,180,7444
2000,02185,"North Slope Borough, Alaska",7385,1262,53,5050,437,62,37,484,175,1228,51,02,185,6157
2000,02188,"Northwest Arctic Borough, Alaska",7208,888,15,5944,64,4,26,267,57,878,15,02,188,6330
2000,02201,"Prince of Wales-Outer Ketchikan Census Area, Alaska",6146,3265,9,2377,22,3,31,439,107,3228,9,02,201,2918
2000,02220,"Sitka City and Borough, Alaska",8835,6052,28,1641,335,31,83,665,290,5927,24,02,220,2908
2000,02232,"Skagway-Hoonah-Angoon Census Area, Alaska",3436,1998,5,1203,13,5,33,179,97,1975,5,02,232,1461
2000,02240,"Southeast Fairbanks Census Area, Alaska",6174,4877,122,785,42,9,45,294,167,4780,118,02,240,1394
2000,02261,"Valdez-Cordova Census Area, Alaska",10195,7738,33,1351,362,27,115,569,286,7612,33,02,261,2583
2000,02270,"Wade Hampton Census Area, Alaska",7028,333,4,6503,7,2,2,177,23,330,4,02,270,6698
2000,02280,"Wrangell-Petersburg Census Area, Alaska",6684,4882,15,1074,108,9,74,522,132,4846,15,02,280,1838
2000,02282,"Yakutat City and Borough, Alaska",808,407,1,320,10,6,0,64,6,406,1,02,282,402
2000,02290,"Yukon-Koyukuk Census Area, Alaska",6551,1590,6,4644,24,3,28,256,78,1574,6,02,290,4977
2000,04001,"Apache County, Arizona",69423,13536,173,53375,93,39,1217,990,3119,12281,163,04,001,57142
2000,04003,"Cochise County, Arizona",117755,90269,5321,1350,1942,301,14193,4379,36134,70754,5062,04,003,47001
2000,04005,"Coconino County, Arizona",116320,73381,1215,33161,910,108,4801,2744,12727,66969,1150,04,005,49351
2000,04007,"Gila County, Arizona",51335,39951,197,6630,220,28,3385,924,8546,35391,174,04,007,15944
2000,04009,"Graham County, Arizona",33489,22473,625,5005,188,13,4470,715,9054,18488,602,04,009,15001
2000,04011,"Greenlee County, Arizona",8547,6339,44,142,13,3,1711,295,3681,4604,34,04,011,3943
2000,04012,"La Paz County, Arizona",19715,14619,155,2470,80,19,1844,528,4420,12573,149,04,012,7142
2000,04013,"Maricopa County, Arizona",3072149,2376359,114551,56706,66445,4406,364213,89469,763341,2034530,108521,04,013,1037619
2000,04015,"Mohave County, Arizona",155032,139616,833,3733,1186,168,6200,3296,17182,130283,787,04,015,24749
2000,04017,"Navajo County, Arizona",97470,44752,857,46532,322,46,3067,1894,8011,41196,794,04,017,56274
2000,04019,"Pima County, Arizona",843746,633387,25594,27178,17213,1088,112217,27069,247578,518720,24047,04,019,325026
2000,04021,"Pinal County, Arizona",179727,126559,4958,14034,1086,146,28149,4795,53671,105641,4658,04,021,74086
2000,04023,"Santa Cruz County, Arizona",38381,29168,145,251,201,33,7574,1009,31005,6835,75,04,023,31546
2000,04025,"Yavapai County, Arizona",167517,153933,655,2686,851,138,5990,3264,16376,145037,589,04,025,22480
2000,04027,"Yuma County, Arizona",160026,109269,3550,2626,1486,197,37743,5155,80772,70956,3136,04,027,89070
2000,05001,"Arkansas County, Arkansas",20749,15602,4848,44,74,1,44,136,157,15516,4823,05,001,5233
2000,05003,"Ashley County, Arkansas",24209,16892,6561,50,43,11,420,232,776,16702,6506,05,003,7507
2000,05005,"Baxter County, Arkansas",38386,37547,43,201,131,9,83,372,385,37282,42,05,005,1104
2000,05007,"Benton County, Arkansas",153406,139399,629,2531,1673,130,6253,2791,13469,133094,558,05,007,20312
2000,05009,"Boone County, Arkansas",33948,33132,39,240,108,8,114,307,360,32907,39,05,009,1041
2000,05011,"Bradley County, Arkansas",12600,7983,3607,30,8,1,876,95,1040,7851,3598,05,011,4749
2000,05013,"Calhoun County, Arkansas",5744,4280,1343,12,2,0,53,54,86,4248,1342,05,013,1496
2000,05015,"Carroll County, Arkansas",25357,23741,27,222,105,20,848,394,2471,22249,25,05,015,3108
2000,05017,"Chicot County, Arkansas",14117,6104,7617,18,56,3,199,120,407,5980,7541,05,017,8137
2000,05019,"Clark County, Arkansas",23546,17491,5186,108,145,10,323,283,566,17302,5166,05,019,6244
2000,05021,"Clay County, Arkansas",17609,17271,33,121,14,0,27,143,140,17177,29,05,021,432
2000,05023,"Cleburne County, Arkansas",24046,23613,29,113,35,6,36,214,282,23392,29,05,023,654
2000,05025,"Cleveland County, Arkansas",8571,7267,1133,27,12,3,58,71,139,7199,1124,05,025,1372
2000,05027,"Columbia County, Arkansas",25603,15894,9232,67,88,7,118,197,269,15776,9205,05,027,9827
2000,05029,"Conway County, Arkansas",20336,17137,2654,101,47,7,150,240,359,16973,2649,05,029,3363
2000,05031,"Craighead County, Arkansas",82148,73332,6395,273,495,19,764,870,1739,72489,6345,05,031,9659
2000,05033,"Crawford County, Arkansas",53247,49087,465,1069,634,11,787,1194,1743,48311,463,05,033,4936
2000,05035,"Crittenden County, Arkansas",50866,25896,23934,124,240,11,335,326,720,25643,23828,05,035,25223
2000,05037,"Cross County, Arkansas",19526,14606,4628,44,61,1,41,145,181,14525,4608,05,037,5001
2000,05039,"Dallas County, Arkansas",9210,5246,3774,22,21,0,93,54,177,5193,3743,05,039,4017
2000,05041,"Desha County, Arkansas",15341,7747,7107,54,46,4,266,117,485,7611,7044,05,041,7730
2000,05043,"Drew County, Arkansas",18723,13162,5085,47,79,3,187,160,329,13047,5071,05,043,5676
2000,05045,"Faulkner County, Arkansas",86014,75973,7298,449,619,28,589,1058,1509,75218,7261,05,045,10796
2000,05047,"Franklin County, Arkansas",17771,17091,110,142,46,10,132,240,310,16943,108,05,047,828
2000,05049,"Fulton County, Arkansas",11642,11371,23,78,24,0,7,139,62,11326,23,05,049,316
2000,05051,"Garland County, Arkansas",88068,78250,6873,537,443,27,630,1308,2254,76844,6829,05,051,11224
2000,05053,"Grant County, Arkansas",16464,15731,406,74,22,5,106,120,189,15663,406,05,053,801
2000,05055,"Greene County, Arkansas",37331,36379,48,158,64,6,174,502,434,36145,48,05,055,1186
2000,05057,"Hempstead County, Arkansas",23587,14925,7160,99,40,4,983,376,1946,14108,7107,05,057,9479
2000,05059,"Hot Spring County, Arkansas",30353,26508,3115,136,67,13,133,381,384,26295,3107,05,059,4058
2000,05061,"Howard County, Arkansas",14300,10525,3126,58,71,2,395,123,727,10220,3111,05,061,4080
2000,05063,"Independence County, Arkansas",34233,32490,697,155,222,10,220,439,523,32253,685,05,063,1980
2000,05065,"Izard County, Arkansas",13249,12773,191,83,15,3,34,150,133,12702,189,05,065,547
2000,05067,"Jackson County, Arkansas",18418,14840,3235,60,33,1,74,175,234,14725,3210,05,067,3693
2000,05069,"Jefferson County, Arkansas",84278,40840,41788,202,558,30,223,637,810,40475,41623,05,069,43803
2000,05071,"Johnson County, Arkansas",22781,21344,313,141,58,2,598,325,1527,20512,303,05,071,2269
2000,05073,"Lafayette County, Arkansas",8559,5313,3123,32,19,1,17,54,88,5262,3106,05,073,3297
2000,05075,"Lawrence County, Arkansas",17774,17379,79,102,9,2,22,181,121,17305,78,05,075,469
2000,05077,"Lee County, Arkansas",12580,5209,7201,20,34,0,66,50,276,5074,7142,05,077,7506
2000,05079,"Lincoln County, Arkansas",14492,9402,4771,58,9,1,143,108,263,9315,4760,05,079,5177
2000,05081,"Little River County, Arkansas",13628,10155,2899,198,27,4,117,228,235,10063,2891,05,081,3565
2000,05083,"Logan County, Arkansas",22486,21690,236,147,33,5,88,287,273,21528,235,05,083,958
2000,05085,"Lonoke County, Arkansas",52828,48089,3404,259,222,17,267,570,922,47555,3393,05,085,5273
2000,05087,"Madison County, Arkansas",14243,13665,16,174,9,13,210,156,436,13462,15,05,087,781
2000,05089,"Marion County, Arkansas",16140,15740,20,122,32,8,21,197,122,15646,18,05,089,494
2000,05091,"Miller County, Arkansas",40443,29935,9297,255,150,8,219,579,641,29606,9250,05,091,10837
2000,05093,"Mississippi County, Arkansas",51979,33499,16997,134,196,15,557,581,1169,33037,16909,05,093,18942
2000,05095,"Monroe County, Arkansas",10254,6088,3978,27,13,4,27,117,132,6003,3964,05,095,4251
2000,05097,"Montgomery County, Arkansas",9245,8822,27,103,34,1,144,114,234,8740,27,05,097,505
2000,05099,"Nevada County, Arkansas",9955,6660,3104,38,6,0,85,62,151,6618,3088,05,099,3337
2000,05101,"Newton County, Arkansas",8608,8385,12,48,14,1,35,113,93,8333,12,05,101,275
2000,05103,"Ouachita County, Arkansas",28790,17200,11125,73,70,8,76,238,210,17114,11084,05,103,11676
2000,05105,"Perry County, Arkansas",10209,9762,177,100,15,2,40,113,120,9711,177,05,105,498
2000,05107,"Phillips County, Arkansas",26445,10379,15612,46,85,3,113,207,382,10245,15495,05,107,16200
2000,05109,"Pike County, Arkansas",11303,10403,392,73,18,2,294,121,403,10310,391,05,109,993
2000,05111,"Poinsett County, Arkansas",25614,23304,1825,59,41,5,189,191,366,23172,1815,05,111,2442
2000,05113,"Polk County, Arkansas",20229,19155,32,302,42,12,348,338,708,18836,32,05,113,1393
2000,05115,"Pope County, Arkansas",54469,51055,1423,370,346,14,506,755,1123,50535,1403,05,115,3934
2000,05117,"Prairie County, Arkansas",9539,8092,1308,34,17,0,27,61,77,8060,1304,05,117,1479
2000,05119,"Pulaski County, Arkansas",361474,231211,115197,1409,4510,149,3935,5063,8816,227390,114732,05,119,134084
2000,05121,"Randolph County, Arkansas",18195,17648,177,97,13,2,49,209,149,17559,174,05,121,636
2000,05123,"St. Francis County, Arkansas",29329,14184,14375,73,165,5,116,411,1431,13224,14273,05,123,16105
2000,05125,"Saline County, Arkansas",83529,79575,1838,410,477,25,372,832,1090,78968,1814,05,125,4561
2000,05127,"Scott County, Arkansas",10996,10285,25,154,105,1,281,145,628,9953,24,05,127,1043
2000,05129,"Searcy County, Arkansas",8261,8035,3,62,12,1,37,111,86,7993,3,05,129,268
2000,05131,"Sebastian County, Arkansas",115071,94745,7086,1810,4039,53,4266,3072,7710,92010,7011,05,131,23061
2000,05133,"Sevier County, Arkansas",15757,12544,778,286,21,9,1865,254,3107,11423,757,05,133,4334
2000,05135,"Sharp County, Arkansas",17119,16630,84,116,21,3,27,238,167,16503,84,05,135,616
2000,05137,"Stone County, Arkansas",11499,11185,9,89,6,4,17,189,124,11092,9,05,137,407
2000,05139,"Union County, Arkansas",45629,30182,14587,109,182,5,212,352,520,29950,14543,05,139,15679
2000,05141,"Van Buren County, Arkansas",16192,15673,50,122,40,7,60,240,215,15550,50,05,141,642
2000,05143,"Washington County, Arkansas",157715,138796,3539,1972,2421,839,6723,3425,12932,133368,3408,05,143,24347
2000,05145,"White County, Arkansas",67165,62811,2394,292,216,18,553,881,1264,62177,2389,05,145,4988
2000,05147,"Woodruff County, Arkansas",8741,5932,2688,20,6,9,15,71,69,5899,2671,05,147,2842
2000,05149,"Yell County, Arkansas",21139,18312,310,123,146,6,1900,342,2691,17650,296,05,149,3489
2000,06001,"Alameda County, California",1443741,704334,215598,9146,295218,9142,129079,81224,273910,591095,211124,06,001,852646
2000,06003,"Alpine County, California",1208,890,7,228,4,1,17,61,94,867,7,06,003,341
2000,06005,"Amador County, California",35100,30113,1359,626,350,36,1769,847,3126,28920,1348,06,005,6180
2000,06007,"Butte County, California",203171,171728,2816,3866,6752,296,9790,7923,21339,162564,2699,06,007,40607
2000,06009,"Calaveras County, California",40554,36982,304,705,345,38,839,1341,2765,35465,300,06,009,5089
2000,06011,"Colusa County, California",18804,12090,103,439,228,74,5017,853,8752,9018,88,06,011,9786
2000,06013,"Contra Costa County, California",948816,621490,88813,5830,103993,3466,76510,48714,167776,549409,86851,06,013,399407
2000,06015,"Del Norte County, California",27507,21693,1184,1770,637,23,1079,1121,3829,19294,1167,06,015,8213
2000,06017,"El Dorado County, California",156299,140209,813,1566,3328,209,5547,4627,14566,132725,745,06,017,23574
2000,06019,"Fresno County, California",799407,434045,42337,12790,64362,1000,207061,37812,351636,317522,40291,06,019,481885
2000,06021,"Glenn County, California",26453,18988,155,552,893,35,4810,1020,7840,16548,117,06,021,9905
2000,06023,"Humboldt County, California",126518,107179,1111,7241,2091,241,3099,5556,8210,103230,1035,06,023,23288
2000,06025,"Imperial County, California",142361,70290,5624,2666,2836,119,55634,5192,102817,28768,5148,06,025,113593
2000,06027,"Inyo County, California",17945,14367,29,1802,163,15,825,744,2257,13352,20,06,027,4593
2000,06029,"Kern County, California",661645,407581,39798,9999,22268,972,153610,27417,254036,327190,37845,06,029,334455
2000,06031,"Kings County, California",129461,69492,10747,2178,3980,250,36611,6203,56461,53817,10418,06,031,75644
2000,06033,"Lake County, California",58309,50289,1233,1772,482,93,2398,2042,6639,46933,1209,06,033,11376
2000,06035,"Lassen County, California",33828,27336,2992,1104,249,146,1092,909,4681,23893,2976,06,035,9935
2000,06037,"Los Angeles County, California",9519338,4637062,930957,76988,1137500,27053,2239997,469781,4242213,2959614,901472,06,037,6559724
2000,06039,"Madera County, California",123109,76612,5072,3212,1566,210,29979,6458,54515,57391,4710,06,039,65718
2000,06041,"Marin County, California",247289,207800,7142,1061,11203,388,11116,8579,27351,194254,6946,06,041,53035
2000,06043,"Mariposa County, California",17130,15234,114,602,122,22,457,579,1329,14539,111,06,043,2591
2000,06045,"Mendocino County, California",86265,69671,536,4103,1038,126,7427,3364,14213,64581,471,06,045,21684
2000,06047,"Merced County, California",210554,118350,8064,2510,14321,396,55013,11900,95466,85585,7594,06,047,124969
2000,06049,"Modoc County, California",9449,8120,65,398,58,7,538,263,1088,7663,59,06,049,1786
2000,06051,"Mono County, California",12853,10818,61,309,143,11,1222,289,2274,9837,53,06,051,3016
2000,06053,"Monterey County, California",401762,224682,15050,4202,24245,1789,111782,20012,187969,162045,14085,06,053,239717
2000,06055,"Napa County, California",124279,99396,1645,1045,3694,289,13604,4606,29416,85932,1527,06,055,38347
2000,06057,"Nevada County, California",92033,85948,259,814,715,81,1782,2434,5201,83098,234,06,057,8935
2000,06059,"Orange County, California",2846289,1844652,47649,19906,386785,8938,421208,117151,875579,1458978,42639,06,059,1387311
2000,06061,"Placer County, California",248399,220053,2031,2199,7317,386,8432,7981,24019,207236,1896,06,061,41163
2000,06063,"Plumas County, California",20824,19113,130,530,110,20,377,544,1177,18473,130,06,063,2351
2000,06065,"Riverside County, California",1545387,1013478,96421,18168,56954,3902,288868,67596,559575,788831,92403,06,065,756556
2000,06067,"Sacramento County, California",1223499,783240,121804,13359,134899,7264,91541,71392,195890,706655,118073,06,067,516844
2000,06069,"San Benito County, California",53234,34695,573,616,1277,99,13237,2737,25516,24513,475,06,069,28721
2000,06071,"San Bernardino County, California",1709434,1006960,155348,19915,80217,5110,355843,86041,669387,752222,150201,06,071,957212
2000,06073,"San Diego County, California",2813833,1871839,161480,24337,249802,13561,360847,131967,750965,1548833,154487,06,073,1265000
2000,06075,"San Francisco County, California",776733,385728,60515,3458,239565,3844,50368,33255,109504,338909,58791,06,075,437824
2000,06077,"San Joaquin County, California",563598,327607,37689,6377,64283,1955,91613,34074,172073,267002,36139,06,077,296596
2000,06079,"San Luis Obispo County, California",246681,208699,5002,2335,6568,286,15312,8479,40196,187840,4743,06,079,58841
2000,06081,"San Mateo County, California",707161,420683,24840,3140,141684,9403,71910,35501,154708,352355,23778,06,081,354806
2000,06083,"Santa Barbara County, California",399347,290418,9195,4784,16344,700,60683,17223,136668,227083,8385,06,083,172264
2000,06085,"Santa Clara County, California",1682585,905660,47182,11350,430095,5773,204088,78437,403401,744282,44475,06,085,938303
2000,06087,"Santa Cruz County, California",255602,191931,2477,2461,8789,382,38391,11171,68486,167464,2160,06,087,88138
2000,06089,"Shasta County, California",163256,145826,1225,4528,3048,178,2790,5661,8998,141097,1179,06,089,22159
2000,06091,"Sierra County, California",3555,3348,7,67,6,3,37,87,213,3210,6,06,091,345
2000,06093,"Siskiyou County, California",44301,38573,580,1726,526,57,1224,1615,3354,36910,556,06,093,7391
2000,06095,"Solano County, California",394542,222387,58827,3110,50299,3078,31612,25229,69598,194282,57597,06,095,200260
2000,06097,"Sonoma County, California",458614,374209,6522,5389,14098,934,38717,18745,79511,341686,6116,06,097,116928
2000,06099,"Stanislaus County, California",446997,309901,11521,5676,18848,1529,75187,24335,141871,256001,10621,06,099,190996
2000,06101,"Sutter County, California",78930,53291,1509,1225,8884,161,10232,3628,17529,47532,1418,06,101,31398
2000,06103,"Tehama County, California",56039,47518,318,1178,440,55,4631,1899,8871,43972,279,06,103,12067
2000,06105,"Trinity County, California",13022,11573,58,631,61,15,114,570,517,11271,54,06,105,1751
2000,06107,"Tulare County, California",368021,213751,5852,5737,12018,408,113317,16938,186846,153916,5122,06,107,214105
2000,06109,"Tuolumne County, California",54501,48750,1146,992,395,91,1577,1550,4445,46377,1135,06,109,8124
2000,06111,"Ventura County, California",753197,526721,14664,7106,40284,1671,133178,29573,251734,427449,13490,06,111,325748
2000,06113,"Yolo County, California",168660,114129,3425,1953,16614,507,23214,8818,43707,97942,3133,06,113,70718
2000,06115,"Yuba County, California",60219,42537,1904,1569,4519,123,5989,3578,10449,39320,1795,06,115,20899
2000,08001,"Adams County, Colorado",363857,281231,10818,4321,11662,434,42698,12693,102585,230500,10206,08,001,133357
2000,08003,"Alamosa County, Colorado",14966,10654,145,350,122,28,3044,623,6197,8089,106,08,003,6877
2000,08005,"Arapahoe County, Colorado",487967,390048,37428,3234,19259,586,22001,15411,57612,360744,36254,08,005,127223
2000,08007,"Archuleta County, Colorado",9898,8743,35,139,31,3,690,257,1659,7927,31,08,007,1971
2000,08009,"Baca County, Colorado",4517,4234,2,54,7,4,135,81,317,4084,1,08,009,433
2000,08011,"Bent County, Colorado",5998,4770,219,134,34,0,615,226,1814,3794,208,08,011,2204
2000,08013,"Boulder County, Colorado",291288,257909,2559,1787,8915,171,13596,6351,30456,243512,2393,08,013,47776
2000,08015,"Chaffee County, Colorado",16242,14771,257,177,71,8,684,274,1393,14174,257,08,015,2068
2000,08017,"Cheyenne County, Colorado",2231,2072,11,17,3,0,114,14,181,2018,9,08,017,213
2000,08019,"Clear Creek County, Colorado",9322,8984,26,68,34,3,95,112,361,8759,26,08,019,563
2000,08021,"Conejos County, Colorado",8400,6112,18,142,13,6,1806,303,4949,3298,9,08,021,5102
2000,08023,"Costilla County, Colorado",3663,2231,29,91,37,5,1079,191,2476,1033,21,08,023,2630
2000,08025,"Crowley County, Colorado",5518,4577,389,143,45,1,263,100,1244,3671,386,08,025,1847
2000,08027,"Custer County, Colorado",3503,3359,13,39,10,0,25,57,88,3299,12,08,027,204
2000,08029,"Delta County, Colorado",27834,25688,146,211,89,7,1184,509,3171,23945,135,08,029,3889
2000,08031,"Denver County, Colorado",554636,362180,61649,7290,15611,648,86464,20794,175704,287997,59921,08,031,266639
2000,08033,"Dolores County, Colorado",1844,1757,1,36,7,1,11,31,71,1711,1,08,033,133
2000,08035,"Douglas County, Colorado",175766,163064,1676,716,4404,97,2513,3296,8886,157686,1596,08,035,18080
2000,08037,"Eagle County, Colorado",41659,35558,142,296,342,30,4498,793,9682,30892,104,08,037,10767
2000,08039,"Elbert County, Colorado",19872,18923,128,125,74,18,255,349,766,18511,123,08,039,1361
2000,08041,"El Paso County, Colorado",516929,419673,33670,4725,13099,1256,24293,20213,58401,393819,32393,08,041,123110
2000,08043,"Fremont County, Colorado",46145,41311,2464,706,232,26,564,842,4776,37408,2439,08,043,8737
2000,08045,"Garfield County, Colorado",43791,39394,196,310,191,35,2861,804,7300,35449,128,08,045,8342
2000,08047,"Gilpin County, Colorado",4757,4489,25,39,33,9,73,89,202,4377,24,08,047,380
2000,08049,"Grand County, Colorado",12442,11839,60,54,85,12,249,143,543,11577,60,08,049,865
2000,08051,"Gunnison County, Colorado",13956,13269,68,98,75,5,201,240,700,12886,55,08,051,1070
2000,08053,"Hinsdale County, Colorado",790,769,0,12,2,0,3,4,12,763,0,08,053,27
2000,08055,"Huerfano County, Colorado",7862,6365,216,212,31,6,740,292,2763,4590,210,08,055,3272
2000,08057,"Jackson County, Colorado",1577,1517,4,12,1,0,23,20,103,1452,0,08,057,125
2000,08059,"Jefferson County, Colorado",527056,477454,4677,3971,12036,409,17043,11466,52449,447416,4312,08,059,79640
2000,08061,"Kiowa County, Colorado",1622,1559,8,18,0,1,23,13,51,1530,8,08,061,92
2000,08063,"Kit Carson County, Colorado",8011,6992,139,41,26,3,737,73,1095,6678,136,08,063,1333
2000,08065,"Lake County, Colorado",7812,6062,14,98,24,4,1405,205,2823,4809,12,08,065,3003
2000,08067,"La Plata County, Colorado",43941,38364,136,2539,177,24,1712,989,4571,36168,120,08,067,7773
2000,08069,"Larimer County, Colorado",251494,229976,1650,1668,3917,193,8575,5515,20811,220159,1511,08,069,31335
2000,08071,"Las Animas County, Colorado",15207,12566,60,387,57,30,1525,582,6304,8387,52,08,071,6820
2000,08073,"Lincoln County, Colorado",6087,5253,302,57,34,2,344,95,519,5126,298,08,073,961
2000,08075,"Logan County, Colorado",20504,18792,420,131,82,14,772,293,2439,17310,411,08,075,3194
2000,08077,"Mesa County, Colorado",116255,107349,537,1059,618,112,4261,2319,11651,101110,460,08,077,15145
2000,08079,"Mineral County, Colorado",831,805,0,7,0,0,1,18,17,793,0,08,079,38
2000,08081,"Moffat County, Colorado",13184,12341,28,116,44,3,418,234,1247,11626,17,08,081,1558
2000,08083,"Montezuma County, Colorado",23830,19474,33,2676,48,15,1016,568,2263,18476,31,08,083,5354
2000,08085,"Montrose County, Colorado",33432,30074,102,340,140,23,1920,833,4967,27554,78,08,085,5878
2000,08087,"Morgan County, Colorado",27171,21642,91,221,47,46,4449,675,8473,18191,57,08,087,8980
2000,08089,"Otero County, Colorado",20311,16049,154,290,142,16,3059,601,7642,12014,111,08,089,8297
2000,08091,"Ouray County, Colorado",3742,3605,3,35,13,2,20,64,152,3487,3,08,091,255
2000,08093,"Park County, Colorado",14523,13807,72,134,60,4,179,267,628,13431,67,08,093,1092
2000,08095,"Phillips County, Colorado",4480,4168,9,13,18,1,211,60,527,3865,9,08,095,615
2000,08097,"Pitkin County, Colorado",14872,14029,79,40,167,6,352,199,973,13479,55,08,097,1393
2000,08099,"Prowers County, Colorado",14483,11379,43,177,54,4,2487,339,4766,9427,35,08,099,5056
2000,08101,"Pueblo County, Colorado",141472,112430,2685,2251,926,94,18298,4788,53710,81624,2391,08,101,59848
2000,08103,"Rio Blanco County, Colorado",5986,5687,11,46,17,0,121,104,296,5546,11,08,103,440
2000,08105,"Rio Grande County, Colorado",12413,9177,43,157,28,3,2662,343,5172,7022,12,08,105,5391
2000,08107,"Routt County, Colorado",19690,19079,25,96,76,18,144,252,634,18662,23,08,107,1028
2000,08109,"Saguache County, Colorado",5917,4218,7,122,27,0,1361,182,2678,3053,1,08,109,2864
2000,08111,"San Juan County, Colorado",558,542,0,4,1,2,4,5,41,509,0,08,111,49
2000,08113,"San Miguel County, Colorado",6594,6170,19,56,49,5,222,73,439,5959,10,08,113,635
2000,08115,"Sedgwick County, Colorado",2747,2486,14,4,21,2,164,56,314,2376,9,08,115,371
2000,08117,"Summit County, Colorado",23548,21626,160,112,205,17,933,495,2306,20411,157,08,117,3137
2000,08119,"Teller County, Colorado",20555,19510,113,200,120,16,185,411,718,19102,109,08,119,1453
2000,08121,"Washington County, Colorado",4926,4748,2,28,5,1,100,42,310,4568,2,08,121,358
2000,08123,"Weld County, Colorado",180936,147834,1022,1581,1508,150,24044,4797,48935,126573,817,08,123,54363
2000,08125,"Yuma County, Colorado",9841,9267,11,28,7,2,407,119,1268,8474,10,08,125,1367
2000,09001,"Fairfield County, Connecticut",882567,699992,88362,1736,28689,366,41471,21951,104835,645152,84724,09,001,237415
2000,09003,"Hartford County, Connecticut",857183,659192,99936,1984,20775,370,55127,19799,98968,625797,95157,09,003,231386
2000,09005,"Litchfield County, Connecticut",182193,174484,1998,319,2137,43,1235,1977,3894,172154,1837,09,005,10039
2000,09007,"Middlesex County, Connecticut",155071,141555,6856,269,2419,58,1497,2417,4649,138979,6588,09,007,16092
2000,09009,"New Haven County, Connecticut",824008,654244,93239,2035,19220,290,37160,17820,83131,616541,89286,09,009,207467
2000,09011,"New London County, Connecticut",259088,225406,13703,2487,5075,151,5319,6947,13236,219542,12760,09,011,39546
2000,09013,"Tolland County, Connecticut",136364,125915,3708,290,3090,43,1477,1841,3873,124014,3480,09,013,12350
2000,09015,"Windham County, Connecticut",109091,99567,2041,519,908,45,3915,2096,7737,96666,1739,09,015,12425
2000,10001,"Kent County, Delaware",126697,93106,26180,806,2137,50,1611,2807,4069,91325,25770,10,001,35372
2000,10003,"New Castle County, Delaware",500265,365810,101167,979,12950,165,11087,8107,26293,353760,99648,10,003,146505
2000,10005,"Sussex County, Delaware",156638,125857,23319,946,1172,68,3157,2119,6915,122888,23017,10,005,33750
2000,11001,"District of Columbia, District of Columbia",572059,176101,343312,1713,15189,348,21950,13446,44953,159178,340088,11,001,412881
2000,12001,"Alachua County, Florida",217955,160128,42062,538,7709,64,3045,4409,12493,151817,41597,12,001,66138
2000,12003,"Baker County, Florida",22259,18707,3098,85,89,7,55,218,419,18389,3083,12,003,3870
2000,12005,"Bay County, Florida",148217,124761,15772,1159,2561,115,980,2869,3591,122708,15526,12,005,25509
2000,12007,"Bradford County, Florida",26088,19900,5423,88,158,25,170,324,622,19559,5367,12,007,6529
2000,12009,"Brevard County, Florida",476230,413411,40000,1765,7152,305,5168,8429,21970,398695,39067,12,009,77535
2000,12011,"Broward County, Florida",1623018,1145287,333304,3867,36581,916,48642,54421,271652,941674,325305,12,011,681344
2000,12013,"Calhoun County, Florida",13017,10397,2056,164,69,7,135,189,492,10105,2028,12,013,2912
2000,12015,"Charlotte County, Florida",141627,131125,6219,312,1207,40,1116,1608,4667,128063,5992,12,015,13564
2000,12017,"Citrus County, Florida",118085,112236,2791,423,901,33,439,1262,3141,109828,2712,12,017,8257
2000,12019,"Clay County, Florida",140814,123128,9439,658,2797,118,1843,2831,6059,119587,9243,12,019,21227
2000,12021,"Collier County, Florida",251377,216345,11419,733,1569,153,15554,5604,49296,185517,10999,12,021,65860
2000,12023,"Columbia County, Florida",56513,45053,9623,302,378,20,337,800,1546,44058,9522,12,023,12455
2000,12027,"DeSoto County, Florida",32209,23619,4098,511,131,13,3378,459,8019,19704,4031,12,027,12505
2000,12029,"Dixie County, Florida",13827,12279,1241,64,34,4,62,143,249,12132,1231,12,029,1695
2000,12031,"Duval County, Florida",778879,512469,216780,2598,21137,466,10170,15259,31946,494747,214473,12,031,284132
2000,12033,"Escambia County, Florida",294410,213008,63010,2660,6519,339,2506,6368,7935,208678,62548,12,033,85732
2000,12035,"Flagler County, Florida",49832,43490,4401,133,583,12,480,733,2537,41636,4295,12,035,8196
2000,12037,"Franklin County, Florida",11057,8983,1804,50,22,2,48,148,268,8822,1762,12,037,2235
2000,12039,"Gadsden County, Florida",45087,17448,25763,105,117,9,1243,402,2782,16174,25632,12,039,28913
2000,12041,"Gilchrist County, Florida",14437,13068,1010,53,24,1,99,182,404,12812,996,12,041,1625
2000,12043,"Glades County, Florida",10576,8142,1114,521,35,2,595,167,1594,7256,1106,12,043,3320
2000,12045,"Gulf County, Florida",13332,10651,2259,86,53,6,70,207,270,10492,2247,12,045,2840
2000,12047,"Hamilton County, Florida",13327,7835,5027,56,26,2,225,156,847,7336,4967,12,047,5991
2000,12049,"Hardee County, Florida",26938,19035,2244,184,81,15,4847,532,9611,14704,2165,12,049,12234
2000,12051,"Hendry County, Florida",36210,23926,5340,291,162,12,5312,1167,14336,15890,5245,12,051,20320
2000,12053,"Hernando County, Florida",130802,121453,5330,391,840,29,1285,1474,6587,116670,5149,12,053,14132
2000,12055,"Highlands County, Florida",87366,72926,8155,387,917,29,3614,1338,10542,66814,7925,12,055,20552
2000,12057,"Hillsborough County, Florida",998948,750903,149423,3879,21947,727,46539,25530,179692,632605,144259,12,057,366343
2000,12059,"Holmes County, Florida",18564,16669,1208,188,72,6,147,274,358,16501,1190,12,059,2063
2000,12061,"Indian River County, Florida",112947,98754,9253,277,838,30,2428,1367,7381,94250,9143,12,061,18697
2000,12063,"Jackson County, Florida",46755,32811,12418,311,168,13,381,653,1361,32086,12273,12,063,14669
2000,12065,"Jefferson County, Florida",12902,7647,4947,50,39,5,73,141,290,7522,4903,12,065,5380
2000,12067,"Lafayette County, Florida",7022,5566,1009,50,9,1,302,85,642,5286,989,12,067,1736
2000,12069,"Lake County, Florida",210528,184138,17503,701,1667,76,3966,2477,11808,177285,17231,12,069,33243
2000,12071,"Lee County, Florida",440888,386598,29035,1248,3400,209,13545,6853,42042,361439,28020,12,071,79449
2000,12073,"Leon County, Florida",239452,158893,69704,689,4562,106,1864,3634,8407,153474,69049,12,073,85978
2000,12075,"Levy County, Florida",34450,29586,3778,161,129,10,331,455,1339,28654,3734,12,075,5796
2000,12077,"Liberty County, Florida",7021,5365,1294,127,10,0,146,79,316,5233,1276,12,077,1788
2000,12079,"Madison County, Florida",18733,10769,7549,60,60,4,96,195,600,10378,7475,12,079,8355
2000,12081,"Manatee County, Florida",264002,227981,21611,728,2365,134,7506,3677,24540,212664,21136,12,081,51338
2000,12083,"Marion County, Florida",258916,217909,29900,1158,1806,57,4363,3723,15616,208232,29370,12,083,50684
2000,12085,"Martin County, Florida",126731,113912,6673,382,756,121,3445,1442,9506,108741,6482,12,085,17990
2000,12086,"Miami-Dade County, Florida",2253362,1570558,457214,4365,31753,799,103251,85422,1291737,465772,427140,12,086,1787590
2000,12087,"Monroe County, Florida",79589,72151,3795,301,657,35,1232,1418,12553,61462,3567,12,087,18127
2000,12089,"Nassau County, Florida",57663,51909,4465,246,263,18,185,577,873,51323,4436,12,089,6340
2000,12091,"Okaloosa County, Florida",170498,142218,15508,1030,4205,232,2264,5041,7302,138059,15232,12,091,32439
2000,12093,"Okeechobee County, Florida",35910,28468,2844,193,240,16,3434,715,6684,25699,2796,12,093,10211
2000,12095,"Orange County, Florida",896344,614830,162899,3079,30033,843,53889,30771,168361,515701,157096,12,095,380643
2000,12097,"Osceola County, Florida",172493,133169,12702,790,3802,142,15631,6257,50727,102792,11075,12,097,69701
2000,12099,"Palm Beach County, Florida",1131184,894207,156055,2466,17127,692,33709,26928,140675,798484,152433,12,099,332700
2000,12101,"Pasco County, Florida",344765,323036,7148,1209,3251,111,5251,4759,19603,310066,6833,12,101,34699
2000,12103,"Pinellas County, Florida",921482,791111,82556,2719,18984,484,10482,15146,42760,762614,81146,12,103,158868
2000,12105,"Polk County, Florida",483924,385099,65545,1839,4515,207,18466,8253,45933,361366,64544,12,105,122558
2000,12107,"Putnam County, Florida",70423,54868,12003,297,311,29,2071,844,4168,53087,11898,12,107,17336
2000,12109,"St. Johns County, Florida",123135,111955,7744,326,1172,67,675,1196,3244,109622,7688,12,109,13513
2000,12111,"St. Lucie County, Florida",192695,152504,29714,464,1829,103,4573,3508,15733,142768,29148,12,111,49927
2000,12113,"Santa Rosa County, Florida",117743,106822,5000,1185,1525,100,785,2326,2968,104919,4899,12,113,12824
2000,12115,"Sarasota County, Florida",325957,301985,13621,717,2522,92,3708,3312,14142,292603,13254,12,115,33354
2000,12117,"Seminole County, Florida",365196,300948,34764,1087,9115,163,11175,7944,40731,274682,33688,12,117,90514
2000,12119,"Sumter County, Florida",53345,44061,7351,270,220,28,621,794,3356,41796,7202,12,119,11549
2000,12121,"Suwannee County, Florida",34844,29455,4221,137,179,13,391,448,1703,28262,4177,12,121,6582
2000,12123,"Taylor County, Florida",19256,14988,3666,188,85,3,61,265,295,14817,3640,12,123,4439
2000,12125,"Union County, Florida",13442,9896,3070,89,42,3,140,202,477,9659,3038,12,125,3783
2000,12127,"Volusia County, Florida",443343,381760,41198,1373,4430,164,8071,6347,29111,363045,40380,12,127,80298
2000,12129,"Wakulla County, Florida",22863,19684,2631,136,57,7,66,282,443,19393,2586,12,129,3470
2000,12131,"Walton County, Florida",40601,35896,2832,520,183,18,305,847,880,35425,2801,12,131,5176
2000,12133,"Washington County, Florida",20973,17140,2872,322,76,13,121,429,483,16876,2828,12,133,4097
2000,13001,"Appling County, Georgia",17419,13376,3412,36,52,2,434,107,792,13053,3398,13,001,4366
2000,13003,"Atkinson County, Georgia",7609,5082,1492,28,9,2,915,81,1290,4760,1477,13,003,2849
2000,13005,"Bacon County, Georgia",10103,8232,1586,15,30,0,148,92,342,8068,1562,13,005,2035
2000,13007,"Baker County, Georgia",4074,1932,2053,9,0,1,54,25,111,1889,2038,13,007,2185
2000,13009,"Baldwin County, Georgia",44700,24215,19392,96,450,3,213,331,607,23920,19324,13,009,20780
2000,13011,"Banks County, Georgia",14422,13435,464,43,87,9,282,102,493,13256,459,13,011,1166
2000,13013,"Barrow County, Georgia",46144,39149,4483,139,1014,18,693,648,1460,38543,4456,13,013,7601
2000,13015,"Bartow County, Georgia",76019,66734,6600,214,386,21,1228,836,2524,65644,6558,13,015,10375
2000,13017,"Ben Hill County, Georgia",17484,11059,5706,36,49,0,499,135,800,10818,5673,13,017,6666
2000,13019,"Berrien County, Georgia",16235,13877,1856,43,48,13,249,149,384,13761,1843,13,019,2474
2000,13021,"Bibb County, Georgia",153887,77147,72818,272,1658,36,714,1242,2023,76262,72503,13,021,77625
2000,13023,"Bleckley County, Georgia",11666,8544,2869,11,109,3,56,74,107,8505,2865,13,023,3161
2000,13025,"Brantley County, Georgia",14629,13804,582,20,13,1,51,158,152,13712,579,13,025,917
2000,13027,"Brooks County, Georgia",16450,9436,6472,50,43,4,290,155,505,9303,6429,13,027,7147
2000,13029,"Bryan County, Georgia",23417,19386,3311,74,181,16,135,314,465,19138,3272,13,029,4279
2000,13031,"Bulloch County, Georgia",55983,38460,16101,72,461,15,446,428,1052,37998,16000,13,031,17985
2000,13033,"Burke County, Georgia",22243,10433,11343,51,57,3,141,215,316,10336,11285,13,033,11907
2000,13035,"Butts County, Georgia",19522,13514,5627,76,50,4,66,185,277,13366,5601,13,035,6156
2000,13037,"Calhoun County, Georgia",6320,2418,3830,9,4,0,28,31,189,2368,3726,13,037,3952
2000,13039,"Camden County, Georgia",43664,32765,8783,216,441,37,599,823,1585,31975,8719,13,039,11689
2000,13043,"Candler County, Georgia",9577,6268,2593,18,27,3,590,78,882,6028,2576,13,043,3549
2000,13045,"Carroll County, Georgia",87268,70265,14241,232,538,16,980,996,2243,69258,14177,13,045,18010
2000,13047,"Catoosa County, Georgia",53282,51356,669,163,379,10,210,495,621,51013,661,13,047,2269
2000,13049,"Charlton County, Georgia",10282,7052,3008,43,35,6,14,124,81,7014,2990,13,049,3268
2000,13051,"Chatham County, Georgia",232048,128279,93971,580,4013,151,2073,2981,5403,125802,93463,13,051,106246
2000,13053,"Chattahoochee County, Georgia",14882,8643,4453,119,268,67,771,561,1551,8181,4353,13,053,6701
2000,13055,"Chattooga County, Georgia",25470,22084,2856,20,31,5,214,260,537,21776,2840,13,055,3694
2000,13057,"Cherokee County, Georgia",141903,131128,3525,534,1141,42,3702,1831,7695,127618,3483,13,057,14285
2000,13059,"Clarke County, Georgia",101489,65852,27656,214,3173,45,3123,1426,6436,62895,27496,13,059,38594
2000,13061,"Clay County, Georgia",3357,1290,2030,4,9,2,0,22,32,1282,2009,13,061,2075
2000,13063,"Clayton County, Georgia",236517,89741,121927,751,10629,155,8392,4922,17728,82637,120816,13,063,153880
2000,13065,"Clinch County, Georgia",6878,4741,2029,35,8,0,7,58,54,4713,2019,13,065,2165
2000,13067,"Cobb County, Georgia",607751,439991,114233,1579,18587,257,21731,11373,46964,417947,112924,13,067,189804
2000,13069,"Coffee County, Georgia",37413,25528,9684,120,210,14,1513,344,2550,24701,9629,13,069,12712
2000,13071,"Colquitt County, Georgia",42053,28503,9869,124,105,15,2966,471,4554,27252,9812,13,071,14801
2000,13073,"Columbia County, Georgia",89288,73814,10011,285,2997,80,710,1391,2313,72438,9917,13,073,16850
2000,13075,"Cook County, Georgia",15771,10714,4587,34,66,5,242,123,485,10526,4565,13,075,5245
2000,13077,"Coweta County, Georgia",89215,70353,16032,208,610,13,1089,910,2797,68867,15935,13,077,20348
2000,13079,"Crawford County, Georgia",12495,9103,2974,46,21,2,226,123,301,9037,2970,13,079,3458
2000,13081,"Crisp County, Georgia",21996,11894,9547,33,149,7,216,150,382,11778,9511,13,081,10218
2000,13083,"Dade County, Georgia",15154,14776,96,74,58,4,31,115,137,14685,96,13,083,469
2000,13085,"Dawson County, Georgia",15999,15554,57,59,52,6,118,153,254,15429,57,13,085,570
2000,13087,"Decatur County, Georgia",28240,16126,11270,68,92,11,464,209,905,15800,11227,13,087,12440
2000,13089,"DeKalb County, Georgia",665865,238521,361111,1548,26718,329,23517,14121,52542,214685,358381,13,089,451180
2000,13091,"Dodge County, Georgia",19171,13219,5637,35,42,4,146,88,248,13142,5623,13,091,6029
2000,13093,"Dooly County, Georgia",11525,5298,5709,19,49,13,332,105,537,5161,5679,13,093,6364
2000,13095,"Dougherty County, Georgia",96065,36315,57762,225,552,30,470,711,1292,35794,57521,13,095,60271
2000,13097,"Douglas County, Georgia",92174,71235,17065,324,1080,21,1122,1327,2640,69965,16978,13,097,22209
2000,13099,"Early County, Georgia",12354,6212,5947,25,23,7,44,96,152,6159,5901,13,099,6195
2000,13101,"Echols County, Georgia",3754,2896,260,43,3,1,514,37,739,2688,252,13,101,1066
2000,13103,"Effingham County, Georgia",37535,31776,4876,119,170,9,195,390,531,31493,4853,13,103,6042
2000,13105,"Elbert County, Georgia",20511,13730,6328,40,50,6,217,140,489,13505,6305,13,105,7006
2000,13107,"Emanuel County, Georgia",21837,13909,7267,30,53,1,465,112,745,13663,7253,13,107,8174
2000,13109,"Evans County, Georgia",10495,6474,3461,19,33,3,444,61,625,6333,3439,13,109,4162
2000,13111,"Fannin County, Georgia",19798,19398,24,93,47,1,31,204,130,19312,22,13,111,486
2000,13113,"Fayette County, Georgia",91263,76541,10465,194,2208,22,694,1139,2582,74820,10383,13,113,16443
2000,13115,"Floyd County, Georgia",90565,73668,12050,283,845,83,2604,1032,4983,71674,11984,13,115,18891
2000,13117,"Forsyth County, Georgia",98407,93531,684,247,785,13,2236,911,5477,90820,426,13,117,7587
2000,13119,"Franklin County, Georgia",20285,18153,1792,42,51,4,84,159,187,18064,1786,13,119,2221
2000,13121,"Fulton County, Georgia",816006,392598,363656,1514,24823,346,21216,11853,48056,369997,361018,13,121,446009
2000,13123,"Gilmer County, Georgia",23456,21963,63,107,55,60,883,325,1815,21287,51,13,123,2169
2000,13125,"Glascock County, Georgia",2556,2316,212,6,0,0,3,19,12,2309,212,13,125,247
2000,13127,"Glynn County, Georgia",67568,47746,17874,177,408,32,595,736,2019,46566,17711,13,127,21002
2000,13129,"Gordon County, Georgia",44104,39557,1527,121,234,24,2195,446,3268,38642,1511,13,129,5462
2000,13131,"Grady County, Georgia",23659,15285,7133,217,72,2,758,192,1222,14954,7074,13,131,8705
2000,13133,"Greene County, Georgia",14406,7628,6403,36,36,9,214,80,420,7481,6356,13,133,6925
2000,13135,"Gwinnett County, Georgia",588448,427883,78224,1638,42360,263,25407,12673,64137,394164,76837,13,135,194284
2000,13137,"Habersham County, Georgia",35902,31910,1610,104,679,37,1073,489,2750,30486,1551,13,137,5416
2000,13139,"Hall County, Georgia",139277,112470,10126,479,1876,239,12192,1895,27242,98942,9900,13,139,40335
2000,13141,"Hancock County, Georgia",10076,2162,7835,16,11,0,14,38,54,2141,7820,13,141,7935
2000,13143,"Haralson County, Georgia",25690,23885,1388,65,87,1,52,212,143,23799,1387,13,143,1891
2000,13145,"Harris County, Georgia",23695,18584,4614,85,120,5,80,207,260,18444,4597,13,145,5251
2000,13147,"Hart County, Georgia",22997,18188,4452,35,122,1,55,144,196,18087,4430,13,147,4910
2000,13149,"Heard County, Georgia",11012,9633,1192,35,12,8,52,80,116,9580,1181,13,149,1432
2000,13151,"Henry County, Georgia",119341,97116,17523,269,2096,46,945,1346,2692,95550,17435,13,151,23791
2000,13153,"Houston County, Georgia",110765,78170,27422,376,1761,69,1138,1829,3363,76391,27181,13,153,34374
2000,13155,"Irwin County, Georgia",9931,7148,2570,6,32,1,124,50,202,7102,2555,13,155,2829
2000,13157,"Jackson County, Georgia",41589,37016,3234,73,398,2,447,419,1249,36314,3197,13,157,5275
2000,13159,"Jasper County, Georgia",11426,8107,3115,24,18,2,70,90,236,7964,3096,13,159,3462
2000,13161,"Jeff Davis County, Georgia",12684,10300,1920,30,56,5,303,70,651,9992,1904,13,161,2692
2000,13163,"Jefferson County, Georgia",17266,7267,9717,21,27,1,144,89,259,7215,9663,13,163,10051
2000,13165,"Jenkins County, Georgia",8575,4827,3472,13,18,8,177,60,287,4766,3437,13,165,3809
2000,13167,"Johnson County, Georgia",8560,5345,3164,11,10,1,6,23,78,5307,3131,13,167,3253
2000,13169,"Jones County, Georgia",23639,17735,5506,40,125,6,58,169,169,17649,5490,13,169,5990
2000,13171,"Lamar County, Georgia",15912,10785,4836,44,59,2,44,142,172,10683,4806,13,171,5229
2000,13173,"Lanier County, Georgia",7241,5185,1856,41,26,3,43,87,126,5122,1845,13,173,2119
2000,13175,"Laurens County, Georgia",44874,28469,15494,89,361,13,178,270,529,28199,15417,13,175,16675
2000,13177,"Lee County, Georgia",24757,20361,3838,60,208,3,119,168,300,20203,3823,13,177,4554
2000,13179,"Liberty County, Georgia",61610,28737,26396,322,1082,266,2732,2075,5022,27244,26025,13,179,34366
2000,13181,"Lincoln County, Georgia",8348,5364,2869,31,13,4,20,47,81,5321,2857,13,181,3027
2000,13183,"Long County, Georgia",10304,7049,2499,75,59,26,403,193,870,6678,2429,13,183,3626
2000,13185,"Lowndes County, Georgia",92115,57112,31309,343,1101,42,991,1217,2447,55992,31128,13,185,36123
2000,13187,"Lumpkin County, Georgia",21016,19760,307,203,79,16,329,322,728,19381,306,13,187,1635
2000,13189,"McDuffie County, Georgia",21231,12905,7966,53,69,7,69,162,284,12795,7909,13,189,8436
2000,13191,"McIntosh County, Georgia",10847,6654,3993,41,32,4,29,94,99,6607,3971,13,191,4240
2000,13193,"Macon County, Georgia",14074,5260,8371,31,85,7,214,106,364,5184,8337,13,193,8890
2000,13195,"Madison County, Georgia",25730,22903,2176,50,72,7,266,256,507,22713,2165,13,195,3017
2000,13197,"Marion County, Georgia",7144,4347,2434,26,13,12,211,101,413,4182,2410,13,197,2962
2000,13199,"Meriwether County, Georgia",22534,12644,9512,73,54,15,76,160,191,12579,9467,13,199,9955
2000,13201,"Miller County, Georgia",6383,4485,1845,11,3,5,13,21,44,4456,1845,13,201,1927
2000,13205,"Mitchell County, Georgia",23932,11864,11455,48,65,12,320,168,491,11746,11423,13,205,12186
2000,13207,"Monroe County, Georgia",21757,15309,6077,76,74,6,54,161,281,15150,6015,13,207,6607
2000,13209,"Montgomery County, Georgia",8270,5766,2253,6,16,2,176,51,271,5684,2251,13,209,2586
2000,13211,"Morgan County, Georgia",15457,10772,4410,21,51,1,64,138,248,10619,4385,13,211,4838
2000,13213,"Murray County, Georgia",36506,34789,226,107,92,5,964,323,2006,33890,191,13,213,2616
2000,13215,"Muscogee County, Georgia",186291,93936,81488,716,2864,270,3533,3484,8372,90668,80720,13,215,95623
2000,13217,"Newton County, Georgia",62001,46666,13771,139,449,10,359,607,1157,46007,13690,13,217,15994
2000,13219,"Oconee County, Georgia",26225,23492,1683,46,376,12,387,229,833,23112,1653,13,219,3113
2000,13221,"Oglethorpe County, Georgia",12635,9892,2496,25,31,5,79,107,174,9817,2476,13,221,2818
2000,13223,"Paulding County, Georgia",81678,73992,5685,241,327,23,463,947,1398,73188,5634,13,223,8490
2000,13225,"Peach County, Georgia",23668,12135,10738,77,78,8,433,199,998,11654,10682,13,225,12014
2000,13227,"Pickens County, Georgia",22983,22111,293,87,53,6,240,193,467,21897,292,13,227,1086
2000,13229,"Pierce County, Georgia",15636,13588,1706,40,28,8,152,114,357,13425,1691,13,229,2211
2000,13231,"Pike County, Georgia",13688,11448,2025,29,51,0,57,78,167,11350,2019,13,231,2338
2000,13233,"Polk County, Georgia",38127,30700,5085,84,119,17,1761,361,2921,29684,5073,13,233,8443
2000,13235,"Pulaski County, Georgia",9588,6041,3287,25,33,12,111,79,270,5932,3249,13,235,3656
2000,13237,"Putnam County, Georgia",18812,12689,5625,37,125,8,155,173,407,12471,5603,13,237,6341
2000,13239,"Quitman County, Georgia",2598,1354,1218,6,1,0,5,14,13,1351,1213,13,239,1247
2000,13241,"Rabun County, Georgia",15050,14280,119,64,57,4,396,130,683,14023,118,13,241,1027
2000,13243,"Randolph County, Georgia",7791,3034,4633,27,14,9,40,34,92,3016,4609,13,243,4775
2000,13245,"Richmond County, Georgia",199775,91006,99391,552,3000,249,2024,3553,5545,88660,98584,13,245,111115
2000,13247,"Rockdale County, Georgia",70111,53100,12771,181,1340,57,1776,886,4182,50967,12670,13,247,19144
2000,13249,"Schley County, Georgia",3766,2477,1178,8,3,6,51,43,89,2462,1169,13,249,1304
2000,13251,"Screven County, Georgia",15374,8234,6963,22,40,8,31,76,147,8182,6923,13,251,7192
2000,13253,"Seminole County, Georgia",9369,5785,3247,17,17,0,261,42,347,5734,3224,13,253,3635
2000,13255,"Spalding County, Georgia",58417,38846,18141,133,390,11,380,516,947,38435,18076,13,255,19982
2000,13257,"Stephens County, Georgia",25435,21808,3053,66,145,21,101,241,250,21673,3029,13,257,3762
2000,13259,"Stewart County, Georgia",5252,1949,3232,13,9,0,6,43,79,1926,3201,13,259,3326
2000,13261,"Sumter County, Georgia",33200,16010,16276,98,196,6,419,195,891,15672,16196,13,261,17528
2000,13263,"Talbot County, Georgia",6498,2391,4002,15,18,1,17,54,82,2354,3974,13,263,4144
2000,13265,"Taliaferro County, Georgia",2077,793,1253,1,1,0,14,15,19,787,1251,13,265,1290
2000,13267,"Tattnall County, Georgia",22305,13496,7010,31,64,18,1481,205,1883,13218,6988,13,267,9087
2000,13269,"Taylor County, Georgia",8815,4883,3752,10,16,0,82,72,163,4847,3736,13,269,3968
2000,13271,"Telfair County, Georgia",11794,7042,4534,3,23,0,137,55,215,6993,4515,13,271,4801
2000,13273,"Terrell County, Georgia",10970,4163,6658,22,38,3,10,76,136,4101,6614,13,273,6869
2000,13275,"Thomas County, Georgia",42737,25207,16607,126,176,24,232,365,734,24875,16497,13,275,17862
2000,13277,"Tift County, Georgia",38407,25084,10760,78,375,9,1764,337,2944,24092,10695,13,277,14315
2000,13279,"Toombs County, Georgia",26067,18029,6296,54,122,2,1392,172,2310,17226,6237,13,279,8841
2000,13281,"Towns County, Georgia",9319,9207,12,16,29,0,17,38,67,9159,12,13,281,160
2000,13283,"Treutlen County, Georgia",6854,4501,2269,4,18,0,22,40,79,4463,2253,13,283,2391
2000,13285,"Troup County, Georgia",58779,38676,18734,95,342,33,438,461,1004,38261,18650,13,285,20518
2000,13287,"Turner County, Georgia",9504,5357,3895,14,31,1,172,34,244,5315,3868,13,287,4189
2000,13289,"Twiggs County, Georgia",10590,5812,4623,22,12,3,26,92,112,5784,4589,13,289,4806
2000,13291,"Union County, Georgia",17289,16932,100,44,40,3,42,128,153,16837,94,13,291,452
2000,13293,"Upson County, Georgia",27597,19477,7712,69,104,6,84,145,327,19271,7675,13,293,8326
2000,13295,"Walker County, Georgia",61053,57652,2310,179,168,14,220,510,565,57336,2300,13,295,3717
2000,13297,"Walton County, Georgia",60687,50387,8749,152,425,12,387,575,1163,49731,8703,13,297,10956
2000,13299,"Ware County, Georgia",35483,24714,9939,63,172,11,351,233,688,24434,9907,13,299,11049
2000,13301,"Warren County, Georgia",6336,2500,3768,11,9,0,19,29,51,2483,3755,13,301,3853
2000,13303,"Washington County, Georgia",21176,9683,11265,36,56,3,43,90,134,9620,11233,13,303,11556
2000,13305,"Wayne County, Georgia",26565,20382,5398,60,118,5,349,253,1013,19838,5333,13,305,6727
2000,13307,"Webster County, Georgia",2390,1207,1124,2,0,0,38,19,66,1186,1123,13,307,1204
2000,13309,"Wheeler County, Georgia",6179,3989,2050,8,6,0,77,49,219,3866,2045,13,309,2313
2000,13311,"White County, Georgia",19944,18979,432,80,102,36,101,214,311,18804,432,13,311,1140
2000,13313,"Whitfield County, Georgia",83525,67602,3214,293,766,28,10031,1591,18419,60338,3066,13,313,23187
2000,13315,"Wilcox County, Georgia",8577,5370,3106,8,14,1,41,37,139,5299,3091,13,315,3278
2000,13317,"Wilkes County, Georgia",10687,5891,4601,21,25,4,54,91,212,5758,4591,13,317,4929
2000,13319,"Wilkinson County, Georgia",10220,5924,4160,21,7,0,41,67,101,5893,4153,13,319,4327
2000,13321,"Worth County, Georgia",21967,15090,6495,78,48,2,133,121,240,14999,6482,13,321,6968
2000,15001,"Hawaii County, Hawaii",148677,46904,698,666,39702,16724,1695,42288,14111,44223,602,15,001,104454
2000,15003,"Honolulu County, Hawaii",876156,186484,20619,2178,403371,77680,11200,174624,58729,175633,19583,15,003,700523
2000,15005,"Kalawao County, Hawaii",147,38,0,0,25,71,4,9,6,33,0,15,005,114
2000,15007,"Kauai County, Hawaii",58463,17255,177,212,21042,5334,505,13938,4803,16284,163,15,007,42179
2000,15009,"Maui County, Hawaii",128094,43421,509,479,39728,13730,1743,28484,10050,40918,481,15,009,87176
2000,16001,"Ada County, Idaho",300904,279427,1942,2085,5223,448,5025,6754,13467,272569,1829,16,001,28335
2000,16003,"Adams County, Idaho",3476,3347,2,49,5,1,32,40,54,3318,2,16,003,158
2000,16005,"Bannock County, Idaho",75565,68987,446,2198,748,122,1568,1496,3540,67636,411,16,005,7929
2000,16007,"Bear Lake County, Idaho",6411,6261,6,34,5,3,69,33,154,6195,6,16,007,216
2000,16009,"Benewah County, Idaho",9171,8131,11,820,14,5,23,167,142,8055,11,16,009,1116
2000,16011,"Bingham County, Idaho",41735,34403,70,2798,236,13,3320,895,5550,32824,52,16,011,8911
2000,16013,"Blaine County, Idaho",18991,17231,25,62,139,13,1222,299,2030,16531,12,16,013,2460
2000,16015,"Boise County, Idaho",6670,6352,8,62,20,7,87,134,228,6222,7,16,015,448
2000,16017,"Bonner County, Idaho",36835,35574,40,322,101,17,155,626,604,35206,38,16,017,1629
2000,16019,"Bonneville County, Idaho",82522,76574,403,535,675,56,3073,1206,5703,74461,360,16,019,8061
2000,16021,"Boundary County, Idaho",9871,9401,16,199,57,7,85,106,335,9198,9,16,021,673
2000,16023,"Butte County, Idaho",2899,2744,8,20,7,0,69,51,120,2706,8,16,023,193
2000,16025,"Camas County, Idaho",991,943,12,3,2,0,9,22,55,910,1,16,025,81
2000,16027,"Canyon County, Idaho",131441,109225,421,1120,1056,176,15997,3446,24455,102428,337,16,027,29013
2000,16029,"Caribou County, Idaho",7304,7022,4,15,6,9,161,87,289,6929,3,16,029,375
2000,16031,"Cassia County, Idaho",21416,18137,36,171,79,11,2582,400,4013,16982,16,16,031,4434
2000,16033,"Clark County, Idaho",1022,758,1,10,2,1,240,10,350,653,1,16,033,369
2000,16035,"Clearwater County, Idaho",8930,8467,13,181,33,5,56,175,165,8378,13,16,035,552
2000,16037,"Custer County, Idaho",4342,4224,0,24,1,1,51,41,183,4100,0,16,037,242
2000,16039,"Elmore County, Idaho",29130,24869,946,259,485,54,1570,947,3492,23218,914,16,039,5912
2000,16041,"Franklin County, Idaho",11329,10775,12,33,16,5,387,101,591,10619,10,16,041,710
2000,16043,"Fremont County, Idaho",11819,10804,19,60,43,7,702,184,1255,10320,15,16,043,1499
2000,16045,"Gem County, Idaho",15181,14238,11,111,54,9,480,278,1050,13762,11,16,045,1419
2000,16047,"Gooding County, Idaho",14155,12399,33,119,33,8,1166,397,2414,11373,8,16,047,2782
2000,16049,"Idaho County, Idaho",15511,14599,13,448,40,3,141,267,243,14491,12,16,049,1020
2000,16051,"Jefferson County, Idaho",19155,17406,53,89,44,15,1294,254,1907,16955,21,16,051,2200
2000,16053,"Jerome County, Idaho",18342,15955,42,126,50,9,1805,355,3150,14791,21,16,053,3551
2000,16055,"Kootenai County, Idaho",108685,104168,183,1334,539,74,643,1744,2528,102570,176,16,055,6115
2000,16057,"Latah County, Idaho",34935,32817,206,262,732,33,269,616,740,32433,199,16,057,2502
2000,16059,"Lemhi County, Idaho",7806,7543,8,47,14,3,60,131,170,7452,8,16,059,354
2000,16061,"Lewis County, Idaho",3747,3455,13,144,16,3,35,81,71,3427,13,16,061,320
2000,16063,"Lincoln County, Idaho",4044,3497,19,49,18,2,381,78,542,3375,4,16,063,669
2000,16065,"Madison County, Idaho",27467,26231,65,90,156,50,613,262,1078,25856,56,16,065,1611
2000,16067,"Minidoka County, Idaho",20174,15749,53,178,84,4,3597,509,5137,14552,38,16,067,5622
2000,16069,"Nez Perce County, Idaho",37410,34260,105,1988,245,27,188,597,721,33880,101,16,069,3530
2000,16071,"Oneida County, Idaho",4125,4022,5,13,6,3,56,20,95,3986,5,16,071,139
2000,16073,"Owyhee County, Idaho",10644,8182,16,342,50,8,1756,290,2459,7635,7,16,073,3009
2000,16075,"Payette County, Idaho",20578,18572,21,179,175,6,1146,479,2453,17434,19,16,075,3144
2000,16077,"Power County, Idaho",7538,6315,7,248,24,3,837,104,1638,5592,5,16,077,1946
2000,16079,"Shoshone County, Idaho",13771,13198,15,209,32,10,68,239,266,13047,15,16,079,724
2000,16081,"Teton County, Idaho",5999,5478,10,33,11,14,404,49,705,5210,6,16,081,789
2000,16083,"Twin Falls County, Idaho",64284,59445,124,457,487,53,2421,1297,6026,56390,97,16,083,7894
2000,16085,"Valley County, Idaho",7651,7378,3,53,23,3,84,107,150,7328,2,16,085,323
2000,16087,"Washington County, Idaho",9977,8741,10,66,103,7,815,235,1372,8294,10,16,087,1683
2000,17001,"Adams County, Illinois",68277,64932,2094,109,272,8,212,650,567,64611,2077,17,001,3666
2000,17003,"Alexander County, Illinois",9590,6040,3347,27,35,2,52,87,138,5968,3338,17,003,3622
2000,17005,"Bond County, Illinois",17633,16000,1306,81,46,8,65,127,253,15841,1297,17,005,1792
2000,17007,"Boone County, Illinois",41786,37643,375,122,208,5,2789,644,5219,35536,352,17,007,6250
2000,17009,"Brown County, Illinois",6950,5580,1265,6,9,5,47,38,273,5368,1257,17,009,1582
2000,17011,"Bureau County, Illinois",35503,34365,116,61,182,10,455,314,1732,33196,110,17,011,2307
2000,17013,"Calhoun County, Illinois",5084,5023,2,16,9,0,8,26,32,5001,0,17,013,83
2000,17015,"Carroll County, Illinois",16674,16164,91,40,68,5,136,170,340,15988,90,17,015,686
2000,17017,"Cass County, Illinois",13695,13000,61,23,38,4,457,112,1162,12346,39,17,017,1349
2000,17019,"Champaign County, Illinois",179669,141536,20045,433,11592,72,2416,3575,5203,139143,19881,17,019,40526
2000,17021,"Christian County, Illinois",35372,34077,758,57,132,11,167,170,345,33921,754,17,021,1451
2000,17023,"Clark County, Illinois",17008,16801,34,30,23,5,14,101,54,16766,33,17,023,242
2000,17025,"Clay County, Illinois",14560,14345,16,33,76,2,30,58,88,14297,16,17,025,263
2000,17027,"Clinton County, Illinois",35535,33470,1391,56,118,11,297,192,570,33220,1389,17,027,2315
2000,17029,"Coles County, Illinois",53196,50734,1215,105,419,24,219,480,737,50298,1208,17,029,2898
2000,17031,"Cook County, Illinois",5376741,3025760,1405361,15496,260170,2561,531170,136223,1071740,2558709,1390448,17,031,2818032
2000,17033,"Crawford County, Illinois",20452,19139,927,56,71,2,112,145,351,18925,920,17,033,1527
2000,17035,"Cumberland County, Illinois",11253,11123,12,22,17,2,26,51,68,11086,11,17,035,167
2000,17037,"DeKalb County, Illinois",88969,78704,4084,197,2087,58,2440,1399,5830,75772,4040,17,037,13197
2000,17039,"De Witt County, Illinois",16798,16430,82,32,47,4,84,119,213,16303,81,17,039,495
2000,17041,"Douglas County, Illinois",19922,19375,60,32,51,2,263,139,690,18993,59,17,041,929
2000,17043,"DuPage County, Illinois",904161,759924,27600,1520,71252,217,28166,15482,81366,711966,26977,17,043,192195
2000,17045,"Edgar County, Illinois",19704,19137,362,37,37,2,50,79,154,19052,362,17,045,652
2000,17047,"Edwards County, Illinois",6971,6892,10,6,28,3,6,26,32,6869,10,17,047,102
2000,17049,"Effingham County, Illinois",34264,33804,56,61,108,4,75,156,252,33658,55,17,049,606
2000,17051,"Fayette County, Illinois",21802,20499,1064,26,37,4,55,117,174,20386,1064,17,051,1416
2000,17053,"Ford County, Illinois",14241,13982,35,14,46,0,57,107,176,13885,35,17,053,356
2000,17055,"Franklin County, Illinois",39018,38485,59,85,70,5,56,258,249,38323,57,17,055,695
2000,17057,"Fulton County, Illinois",38250,36384,1378,68,93,6,111,210,478,36068,1369,17,057,2182
2000,17059,"Gallatin County, Illinois",6445,6340,17,46,4,2,6,30,56,6308,16,17,059,137
2000,17061,"Greene County, Illinois",14761,14475,110,35,16,3,33,89,77,14442,109,17,061,319
2000,17063,"Grundy County, Illinois",37535,36442,71,90,114,4,487,327,1552,35502,67,17,063,2033
2000,17065,"Hamilton County, Illinois",8621,8470,58,22,11,1,12,47,55,8434,57,17,065,187
2000,17067,"Hancock County, Illinois",20121,19855,41,36,46,5,26,112,105,19780,38,17,067,341
2000,17069,"Hardin County, Illinois",4800,4580,132,2,24,6,23,33,51,4554,132,17,069,246
2000,17071,"Henderson County, Illinois",8213,8090,21,9,8,3,15,67,72,8041,21,17,071,172
2000,17073,"Henry County, Illinois",51020,49077,583,52,127,6,669,506,1467,48425,569,17,073,2595
2000,17075,"Iroquois County, Illinois",31334,30059,223,54,94,6,650,248,1217,29580,222,17,075,1754
2000,17077,"Jackson County, Illinois",59612,48158,7759,184,1806,35,596,1074,1443,47445,7694,17,077,12167
2000,17079,"Jasper County, Illinois",10117,10031,8,7,19,2,19,31,48,10003,8,17,079,114
2000,17081,"Jefferson County, Illinois",40045,35990,3134,83,189,3,180,466,531,35709,3093,17,081,4336
2000,17083,"Jersey County, Illinois",21668,21263,114,44,55,7,33,152,162,21148,113,17,083,520
2000,17085,"Jo Daviess County, Illinois",22289,21991,44,23,36,1,75,119,342,21733,41,17,085,556
2000,17087,"Johnson County, Illinois",12878,10756,1825,35,17,5,138,102,368,10553,1821,17,087,2325
2000,17089,"Kane County, Illinois",404119,320340,23279,1255,7296,144,42870,8935,95924,273390,22477,17,089,130729
2000,17091,"Kankakee County, Illinois",103833,82954,16065,184,705,19,2475,1431,4959,80829,15942,17,091,23004
2000,17093,"Kendall County, Illinois",54544,50658,718,105,480,12,1842,729,4086,48677,693,17,093,5867
2000,17095,"Knox County, Illinois",55836,50175,3512,105,383,8,876,777,1896,49355,3472,17,095,6481
2000,17097,"Lake County, Illinois",644356,516189,44741,1801,25105,308,43283,12929,92716,472968,43580,17,097,171388
2000,17099,"La Salle County, Illinois",111509,105896,1723,191,598,26,1908,1167,5791,102444,1687,17,099,9065
2000,17101,"Lawrence County, Illinois",15452,15139,118,21,18,0,41,115,137,15053,118,17,101,399
2000,17103,"Lee County, Illinois",36062,33422,1772,41,202,8,277,340,1147,32643,1753,17,103,3419
2000,17105,"Livingston County, Illinois",39678,36629,2053,66,123,2,486,319,1056,36145,2032,17,105,3533
2000,17107,"Logan County, Illinois",31183,28593,2045,49,171,4,129,192,503,28247,2037,17,107,2936
2000,17109,"McDonough County, Illinois",32913,30568,1138,47,664,12,154,330,488,30284,1126,17,109,2629
2000,17111,"McHenry County, Illinois",260077,244240,1523,445,3782,55,7211,2821,19602,233026,1379,17,111,27051
2000,17113,"McLean County, Illinois",150433,134170,9305,245,3087,49,1524,2053,3833,132224,9189,17,113,18209
2000,17115,"Macon County, Illinois",114706,95760,16130,199,657,23,379,1558,1120,95128,16036,17,115,19578
2000,17117,"Macoupin County, Illinois",49019,48034,400,109,89,14,72,301,305,47828,396,17,117,1191
2000,17119,"Madison County, Illinois",258941,233645,18935,700,1542,54,1269,2796,3925,231313,18825,17,119,27628
2000,17121,"Marion County, Illinois",41691,39209,1598,90,237,16,93,448,378,38951,1593,17,121,2740
2000,17123,"Marshall County, Illinois",13180,12941,46,29,33,1,33,97,138,12860,45,17,123,320
2000,17125,"Mason County, Illinois",16038,15849,19,42,33,0,15,80,80,15799,19,17,125,239
2000,17127,"Massac County, Illinois",15161,14034,831,31,39,0,50,176,123,13962,826,17,127,1199
2000,17129,"Menard County, Illinois",12486,12310,48,27,21,0,31,49,94,12240,48,17,129,246
2000,17131,"Mercer County, Illinois",16957,16680,50,21,29,1,60,116,216,16551,48,17,131,406
2000,17133,"Monroe County, Illinois",27619,27279,14,52,86,1,50,137,203,27156,11,17,133,463
2000,17135,"Montgomery County, Illinois",30652,29083,1143,63,70,9,144,140,326,28928,1141,17,135,1724
2000,17137,"Morgan County, Illinois",36616,33811,1961,67,170,3,256,348,496,33589,1950,17,137,3027
2000,17139,"Moultrie County, Illinois",14287,14131,28,24,14,7,16,67,68,14078,28,17,139,209
2000,17141,"Ogle County, Illinois",51032,48659,224,123,213,20,1251,542,3066,47057,204,17,141,3975
2000,17143,"Peoria County, Illinois",183433,145602,29532,411,3041,51,1734,3062,3827,143932,29320,17,143,39501
2000,17145,"Perry County, Illinois",23094,20681,1851,53,64,10,252,183,406,20563,1849,17,145,2531
2000,17147,"Piatt County, Illinois",16365,16173,39,13,21,3,23,93,101,16090,39,17,147,275
2000,17149,"Pike County, Illinois",17384,16929,260,30,41,5,21,98,87,16868,260,17,149,516
2000,17151,"Pope County, Illinois",4413,4117,166,35,12,0,20,63,40,4104,158,17,151,309
2000,17153,"Pulaski County, Illinois",7348,4888,2278,10,68,0,20,84,107,4841,2249,17,153,2507
2000,17155,"Putnam County, Illinois",6086,5941,38,21,16,0,38,32,171,5817,37,17,155,269
2000,17157,"Randolph County, Illinois",33893,30068,3147,53,81,14,274,256,521,29860,3132,17,157,4033
2000,17159,"Richland County, Illinois",16149,15852,47,20,92,7,35,96,124,15772,42,17,159,377
2000,17161,"Rock Island County, Illinois",149374,127742,11260,410,1524,45,5612,2781,12791,121705,11099,17,161,27669
2000,17163,"St. Clair County, Illinois",256082,173970,73666,665,2322,116,2040,3303,5604,171151,73282,17,163,84931
2000,17165,"Saline County, Illinois",26733,25166,1085,78,53,4,92,255,258,25035,1079,17,165,1698
2000,17167,"Sangamon County, Illinois",188951,165179,18237,397,2082,53,709,2294,2000,163967,18134,17,167,24984
2000,17169,"Schuyler County, Illinois",7189,7103,16,11,8,1,15,35,39,7090,16,17,169,99
2000,17171,"Scott County, Illinois",5537,5507,2,8,7,0,2,11,10,5497,2,17,171,40
2000,17173,"Shelby County, Illinois",22893,22651,35,31,49,1,31,95,110,22581,35,17,173,312
2000,17175,"Stark County, Illinois",6332,6245,4,12,12,0,9,50,54,6213,4,17,175,119
2000,17177,"Stephenson County, Illinois",48979,43733,3761,74,334,22,307,748,747,43404,3732,17,177,5575
2000,17179,"Tazewell County, Illinois",128485,125142,1131,322,665,10,341,874,1331,124270,1115,17,179,4215
2000,17181,"Union County, Illinois",18293,17612,150,68,51,3,218,191,481,17407,149,17,181,886
2000,17183,"Vermilion County, Illinois",83919,72032,8882,184,498,17,1212,1094,2504,71038,8802,17,183,12881
2000,17185,"Wabash County, Illinois",12937,12660,51,22,58,6,33,107,95,12602,51,17,185,335
2000,17187,"Warren County, Illinois",18735,17910,298,33,63,19,206,206,507,17672,296,17,187,1063
2000,17189,"Washington County, Illinois",15148,14933,50,34,28,4,20,79,108,14846,49,17,189,302
2000,17191,"Wayne County, Illinois",17151,16930,26,34,58,1,10,92,103,16853,19,17,191,298
2000,17193,"White County, Illinois",15371,15097,40,53,25,1,24,131,103,15033,40,17,193,338
2000,17195,"Whiteside County, Illinois",60653,56294,616,158,254,4,2471,856,5347,53946,577,17,195,6707
2000,17197,"Will County, Illinois",502266,411027,52509,1038,11125,162,18219,8186,43768,388523,51980,17,197,113743
2000,17199,"Williamson County, Illinois",61296,58441,1527,167,308,19,233,601,763,58006,1498,17,199,3290
2000,17201,"Winnebago County, Illinois",278418,229595,29317,797,4780,101,8648,5180,19206,220817,29038,17,201,57601
2000,17203,"Woodford County, Illinois",35469,34928,89,59,109,4,51,229,241,34760,84,17,203,709
2000,18001,"Adams County, Indiana",33625,32720,46,57,66,11,495,230,1118,32203,43,18,001,1422
2000,18003,"Allen County, Indiana",331849,275697,37527,1187,4652,124,6716,5946,13877,269732,37149,18,003,62117
2000,18005,"Bartholomew County, Indiana",71435,67271,1310,105,1358,28,683,680,1598,66422,1281,18,005,5013
2000,18007,"Benton County, Indiana",9421,9129,20,13,8,0,121,130,245,9040,18,18,007,381
2000,18009,"Blackford County, Indiana",14048,13823,17,45,22,0,24,117,83,13773,16,18,009,275
2000,18011,"Boone County, Indiana",46107,45149,163,118,212,5,185,275,534,44847,157,18,011,1260
2000,18013,"Brown County, Indiana",14957,14682,32,33,30,2,56,122,131,14609,32,18,013,348
2000,18015,"Carroll County, Indiana",20165,19691,40,33,12,1,280,108,591,19413,36,18,015,752
2000,18017,"Cass County, Indiana",40930,38352,527,127,221,17,1320,366,2905,36921,499,18,017,4009
2000,18019,"Clark County, Indiana",96472,87110,6393,247,569,41,763,1349,1799,86194,6345,18,019,10278
2000,18021,"Clay County, Indiana",26556,26127,88,65,29,4,62,181,155,26038,86,18,021,518
2000,18023,"Clinton County, Indiana",33866,31962,103,48,71,7,1414,261,2478,31052,67,18,023,2814
2000,18025,"Crawford County, Indiana",10743,10557,17,41,14,16,32,66,100,10519,16,18,025,224
2000,18027,"Daviess County, Indiana",29820,29080,134,69,74,6,294,163,620,28815,123,18,027,1005
2000,18029,"Dearborn County, Indiana",46109,45216,287,73,122,12,85,314,266,45048,285,18,029,1061
2000,18031,"Decatur County, Indiana",24555,24186,12,26,177,3,24,127,132,24092,12,18,031,463
2000,18033,"DeKalb County, Indiana",40285,39381,101,87,134,20,269,293,676,39009,101,18,033,1276
2000,18035,"Delaware County, Indiana",118769,107763,7977,275,784,65,561,1344,1304,107068,7906,18,035,11701
2000,18037,"Dubois County, Indiana",39674,38698,56,40,79,14,601,186,1103,38266,53,18,037,1408
2000,18039,"Elkhart County, Indiana",182791,157931,9551,495,1681,78,9805,3250,16300,152421,9390,18,039,30370
2000,18041,"Fayette County, Indiana",25588,24862,428,22,69,6,33,168,132,24773,428,18,041,815
2000,18043,"Floyd County, Indiana",70823,66026,3126,151,325,25,356,814,772,65652,3099,18,043,5171
2000,18045,"Fountain County, Indiana",17954,17722,19,36,32,1,50,94,190,17599,19,18,045,355
2000,18047,"Franklin County, Indiana",22151,21934,7,35,48,4,19,104,104,21862,7,18,047,289
2000,18049,"Fulton County, Indiana",20511,19734,156,77,76,5,217,246,473,19503,154,18,049,1008
2000,18051,"Gibson County, Indiana",32500,31350,622,61,168,1,73,225,229,31208,621,18,051,1292
2000,18053,"Grant County, Indiana",73403,65495,5281,322,412,27,746,1120,1787,64607,5229,18,053,8796
2000,18055,"Greene County, Indiana",33157,32691,26,104,72,5,57,202,268,32515,25,18,055,642
2000,18057,"Hamilton County, Indiana",182740,172475,2806,307,4451,66,992,1643,2911,170674,2775,18,057,12066
2000,18059,"Hancock County, Indiana",55391,54527,74,95,206,15,128,346,526,54155,74,18,059,1236
2000,18061,"Harrison County, Indiana",34325,33769,126,97,71,5,63,194,331,33518,123,18,061,807
2000,18063,"Hendricks County, Indiana",104093,100664,1162,261,687,33,376,910,1162,99978,1143,18,063,4115
2000,18065,"Henry County, Indiana",48508,47520,416,75,95,6,135,261,387,47274,412,18,065,1234
2000,18067,"Howard County, Indiana",84964,76235,5563,302,861,16,718,1269,1709,75378,5523,18,067,9586
2000,18069,"Huntington County, Indiana",38075,37371,69,157,118,4,99,257,363,37156,65,18,069,919
2000,18071,"Jackson County, Indiana",41335,39736,227,101,323,23,637,288,1112,39323,217,18,071,2012
2000,18073,"Jasper County, Indiana",30043,29434,104,54,56,0,190,205,733,28941,102,18,073,1102
2000,18075,"Jay County, Indiana",21806,21291,55,36,74,5,185,160,390,21131,54,18,075,675
2000,18077,"Jefferson County, Indiana",31705,30498,461,75,187,5,124,355,332,30321,453,18,077,1384
2000,18079,"Jennings County, Indiana",27554,26852,206,58,72,1,59,306,193,26745,205,18,079,809
2000,18081,"Johnson County, Indiana",115209,111796,914,207,962,32,548,750,1591,110839,900,18,081,4370
2000,18083,"Knox County, Indiana",39256,37830,728,82,203,19,122,272,322,37667,726,18,083,1589
2000,18085,"Kosciusko County, Indiana",74057,70041,445,187,410,10,2176,788,3722,68816,428,18,085,5241
2000,18087,"LaGrange County, Indiana",34909,33770,66,51,92,0,671,259,1097,33405,61,18,087,1504
2000,18089,"Lake County, Indiana",484564,323290,122723,1343,3983,195,24051,8979,59128,293457,121372,18,089,191107
2000,18091,"LaPorte County, Indiana",110106,94972,11156,342,498,23,1441,1674,3402,93330,11052,18,091,16776
2000,18093,"Lawrence County, Indiana",45922,44969,178,129,129,4,154,359,416,44711,177,18,093,1211
2000,18095,"Madison County, Indiana",133358,119892,10511,310,469,21,803,1352,1993,118874,10437,18,095,14484
2000,18097,"Marion County, Indiana",860454,606502,207964,2181,12325,365,16998,14119,33290,592540,206716,18,097,267914
2000,18099,"Marshall County, Indiana",45128,43109,136,134,140,10,1144,455,2664,41761,114,18,099,3367
2000,18101,"Martin County, Indiana",10369,10258,16,12,15,3,11,54,42,10225,16,18,101,144
2000,18103,"Miami County, Indiana",36082,33804,1084,389,118,6,167,514,478,33560,1066,18,103,2522
2000,18105,"Monroe County, Indiana",120563,109510,3615,317,4067,56,1031,1967,2235,108314,3567,18,105,12249
2000,18107,"Montgomery County, Indiana",37629,36414,288,73,159,13,413,269,611,36223,281,18,107,1406
2000,18109,"Morgan County, Indiana",66689,65749,50,149,164,12,107,458,490,65398,50,18,109,1291
2000,18111,"Newton County, Indiana",14566,14177,25,45,32,11,166,110,422,13947,24,18,111,619
2000,18113,"Noble County, Indiana",46275,43490,189,115,168,9,1870,434,3299,42221,172,18,113,4054
2000,18115,"Ohio County, Indiana",5623,5550,27,7,8,1,3,27,25,5531,27,18,115,92
2000,18117,"Orange County, Indiana",19306,18900,122,60,33,2,48,141,108,18833,113,18,117,473
2000,18119,"Owen County, Indiana",21786,21397,55,81,36,4,34,179,164,21291,52,18,119,495
2000,18121,"Parke County, Indiana",17241,16625,370,43,31,4,39,129,104,16560,368,18,121,681
2000,18123,"Perry County, Indiana",18899,18447,274,33,22,3,25,95,133,18345,272,18,123,554
2000,18125,"Pike County, Indiana",12837,12722,13,16,18,5,13,50,74,12666,11,18,125,171
2000,18127,"Porter County, Indiana",146798,139946,1344,326,1341,42,1855,1944,7079,135334,1314,18,127,11464
2000,18129,"Posey County, Indiana",27061,26511,234,72,42,1,44,157,118,26443,231,18,129,618
2000,18131,"Pulaski County, Indiana",13755,13415,127,30,28,3,48,104,191,13294,126,18,131,461
2000,18133,"Putnam County, Indiana",36019,34171,1057,119,188,13,150,321,412,33972,1044,18,133,2047
2000,18135,"Randolph County, Indiana",27401,26869,70,50,42,9,162,199,333,26716,64,18,135,685
2000,18137,"Ripley County, Indiana",26523,26071,13,92,95,0,142,110,247,25971,13,18,137,552
2000,18139,"Rush County, Indiana",18261,17840,109,29,85,4,45,149,92,17794,108,18,139,467
2000,18141,"St. Joseph County, Indiana",265559,218706,30422,938,3557,133,6580,5223,12557,213890,30105,18,141,51669
2000,18143,"Scott County, Indiana",22960,22648,11,36,42,0,99,124,222,22538,10,18,143,422
2000,18145,"Shelby County, Indiana",43445,42254,330,84,256,9,218,294,497,42006,325,18,145,1439
2000,18147,"Spencer County, Indiana",20391,19923,123,45,39,2,150,109,303,19793,110,18,147,598
2000,18149,"Starke County, Indiana",23556,22971,53,57,47,6,175,247,514,22685,51,18,149,871
2000,18151,"Steuben County, Indiana",33214,32281,123,109,133,6,283,279,683,31931,119,18,151,1283
2000,18153,"Sullivan County, Indiana",21751,20470,928,67,29,4,71,182,179,20380,928,18,153,1371
2000,18155,"Switzerland County, Indiana",9065,8954,21,14,8,1,28,39,78,8908,21,18,155,157
2000,18157,"Tippecanoe County, Indiana",148955,132354,3752,417,6649,48,3687,2048,7834,128653,3698,18,157,20302
2000,18159,"Tipton County, Indiana",16577,16303,23,37,50,2,54,108,201,16188,22,18,159,389
2000,18161,"Union County, Indiana",7349,7253,17,20,14,1,12,32,22,7237,17,18,161,112
2000,18163,"Vanderburgh County, Indiana",171922,153519,14078,305,1296,70,685,1969,1679,152547,14008,18,163,19375
2000,18165,"Vermillion County, Indiana",16788,16518,44,41,20,3,27,135,107,16454,44,18,165,334
2000,18167,"Vigo County, Indiana",105848,95965,6392,290,1293,38,414,1456,1275,95184,6334,18,167,10664
2000,18169,"Wabash County, Indiana",34960,34045,142,229,142,12,135,255,414,33803,139,18,169,1157
2000,18171,"Warren County, Indiana",8419,8342,7,12,15,2,6,35,37,8318,7,18,171,101
2000,18173,"Warrick County, Indiana",52383,51053,525,78,330,25,86,286,340,50805,516,18,173,1578
2000,18175,"Washington County, Indiana",27223,26884,36,36,44,2,64,157,200,26749,36,18,175,474
2000,18177,"Wayne County, Indiana",71097,65436,3627,139,365,24,493,1013,971,64967,3594,18,177,6130
2000,18179,"Wells County, Indiana",27600,27136,45,53,59,8,120,179,397,26884,41,18,179,716
2000,18181,"White County, Indiana",25267,24054,40,64,62,9,805,233,1349,23580,35,18,181,1687
2000,18183,"Whitley County, Indiana",30707,30205,57,110,55,13,91,176,276,30040,57,18,183,667
2000,19001,"Adair County, Iowa",8243,8153,6,6,19,0,19,40,58,8115,6,19,001,128
2000,19003,"Adams County, Iowa",4482,4433,3,20,8,0,2,16,26,4414,2,19,003,68
2000,19005,"Allamakee County, Iowa",14675,14070,21,26,39,2,414,103,520,13983,21,19,005,692
2000,19007,"Appanoose County, Iowa",13721,13469,58,23,36,1,37,97,135,13382,58,19,007,339
2000,19009,"Audubon County, Iowa",6830,6773,10,6,13,0,2,26,33,6743,9,19,009,87
2000,19011,"Benton County, Iowa",25308,25015,51,37,43,4,27,131,156,24894,50,19,011,414
2000,19013,"Black Hawk County, Iowa",128012,113194,10179,228,1254,56,1190,1911,2359,112223,10108,19,013,15789
2000,19015,"Boone County, Iowa",26224,25838,95,53,57,0,67,114,218,25729,79,19,015,495
2000,19017,"Bremer County, Iowa",23325,22909,112,15,121,5,24,139,130,22836,110,19,017,489
2000,19019,"Buchanan County, Iowa",21093,20757,57,45,85,1,34,114,131,20667,54,19,019,426
2000,19021,"Buena Vista County, Iowa",20411,17962,72,27,884,3,1174,289,2560,16758,61,19,021,3653
2000,19023,"Butler County, Iowa",15305,15145,13,8,31,3,24,81,89,15086,13,19,023,219
2000,19025,"Calhoun County, Iowa",11115,10899,77,22,20,1,38,58,100,10849,76,19,025,266
2000,19027,"Carroll County, Iowa",21421,21178,38,22,73,1,43,66,115,21119,35,19,027,302
2000,19029,"Cass County, Iowa",14684,14513,31,18,20,6,46,50,101,14457,31,19,029,227
2000,19031,"Cedar County, Iowa",18187,17909,34,34,55,5,47,103,171,17804,34,19,031,383
2000,19033,"Cerro Gordo County, Iowa",46447,44711,373,79,324,9,410,541,1291,43977,358,19,033,2470
2000,19035,"Cherokee County, Iowa",13035,12817,41,21,56,0,48,52,124,12749,41,19,035,286
2000,19037,"Chickasaw County, Iowa",13095,12931,7,4,35,1,38,79,82,12902,7,19,037,193
2000,19039,"Clarke County, Iowa",9133,8826,10,30,32,3,179,53,369,8648,10,19,039,485
2000,19041,"Clay County, Iowa",17372,17039,30,17,142,5,44,95,196,16902,30,19,041,470
2000,19043,"Clayton County, Iowa",18678,18478,26,41,20,1,35,77,142,18386,25,19,043,292
2000,19045,"Clinton County, Iowa",50149,48079,946,120,283,9,172,540,627,47722,930,19,045,2427
2000,19047,"Crawford County, Iowa",16942,15773,129,47,83,2,777,131,1482,15149,117,19,047,1793
2000,19049,"Dallas County, Iowa",40750,38609,300,62,282,18,1135,344,2199,37658,281,19,049,3092
2000,19051,"Davis County, Iowa",8541,8400,15,18,17,4,18,69,61,8371,13,19,051,170
2000,19053,"Decatur County, Iowa",8689,8381,85,21,55,10,40,97,148,8296,79,19,053,393
2000,19055,"Delaware County, Iowa",18404,18271,13,18,26,2,19,55,121,18179,12,19,055,225
2000,19057,"Des Moines County, Iowa",42351,39679,1511,104,251,16,289,501,740,39308,1488,19,057,3043
2000,19059,"Dickinson County, Iowa",16424,16244,29,34,30,1,16,70,109,16164,20,19,059,260
2000,19061,"Dubuque County, Iowa",89143,86531,767,131,514,76,447,677,1065,86020,736,19,061,3123
2000,19063,"Emmet County, Iowa",11027,10738,26,31,33,1,138,60,475,10424,26,19,063,603
2000,19065,"Fayette County, Iowa",22008,21505,116,29,87,7,94,170,330,21327,111,19,065,681
2000,19067,"Floyd County, Iowa",16900,16581,39,16,72,16,75,101,222,16466,37,19,067,434
2000,19069,"Franklin County, Iowa",10704,10160,9,25,17,2,434,57,642,10000,9,19,069,704
2000,19071,"Fremont County, Iowa",8010,7851,3,19,19,0,77,41,174,7758,3,19,071,252
2000,19073,"Greene County, Iowa",10366,10175,15,16,25,1,69,65,172,10094,13,19,073,272
2000,19075,"Grundy County, Iowa",12369,12242,10,3,36,0,19,59,72,12197,10,19,075,172
2000,19077,"Guthrie County, Iowa",11353,11195,14,6,16,5,48,69,120,11129,14,19,077,224
2000,19079,"Hamilton County, Iowa",16438,15898,38,33,240,1,100,128,234,15792,38,19,079,646
2000,19081,"Hancock County, Iowa",12100,11822,11,12,37,2,167,49,301,11696,7,19,081,404
2000,19083,"Hardin County, Iowa",18812,18274,116,24,60,9,234,95,455,18081,111,19,083,731
2000,19085,"Harrison County, Iowa",15666,15460,13,34,25,2,32,100,113,15384,13,19,085,282
2000,19087,"Henry County, Iowa",20336,19274,302,49,383,5,106,217,256,19154,295,19,087,1182
2000,19089,"Howard County, Iowa",9932,9839,11,15,17,0,8,42,55,9797,11,19,089,135
2000,19091,"Humboldt County, Iowa",10381,10239,11,6,24,10,42,49,100,10188,7,19,091,193
2000,19093,"Ida County, Iowa",7837,7760,8,5,19,0,12,33,37,7737,8,19,093,100
2000,19095,"Iowa County, Iowa",15671,15467,27,10,47,4,56,60,152,15390,25,19,095,281
2000,19097,"Jackson County, Iowa",20296,20085,20,24,19,23,30,95,121,20000,19,19,097,296
2000,19099,"Jasper County, Iowa",37213,36313,309,81,162,19,98,231,375,36072,309,19,099,1141
2000,19101,"Jefferson County, Iowa",16181,15537,104,27,275,6,85,147,297,15329,102,19,101,852
2000,19103,"Johnson County, Iowa",111006,100051,3223,313,4578,48,1116,1677,2781,98619,3148,19,103,12387
2000,19105,"Jones County, Iowa",20221,19549,361,64,44,0,46,157,213,19414,356,19,105,807
2000,19107,"Keokuk County, Iowa",11400,11286,8,13,26,2,24,41,61,11260,8,19,107,140
2000,19109,"Kossuth County, Iowa",17163,16950,19,25,60,1,50,58,139,16867,19,19,109,296
2000,19111,"Lee County, Iowa",38052,35862,1066,99,150,22,392,461,902,35401,1050,19,111,2651
2000,19113,"Linn County, Iowa",191701,179999,4919,418,2634,91,881,2759,2722,178449,4857,19,113,13252
2000,19115,"Louisa County, Iowa",12183,11441,31,22,24,3,555,107,1537,10529,26,19,115,1654
2000,19117,"Lucas County, Iowa",9422,9275,12,10,28,1,35,61,82,9238,12,19,117,184
2000,19119,"Lyon County, Iowa",11763,11661,11,17,18,1,12,43,42,11637,11,19,119,126
2000,19121,"Madison County, Iowa",14019,13818,12,38,25,3,27,96,105,13763,12,19,121,256
2000,19123,"Mahaska County, Iowa",22335,21710,142,43,192,6,68,174,190,21609,140,19,123,726
2000,19125,"Marion County, Iowa",32052,31237,134,61,331,12,71,206,257,31074,129,19,125,978
2000,19127,"Marshall County, Iowa",39311,35551,365,136,308,22,2371,558,3523,34640,348,19,127,4671
2000,19129,"Mills County, Iowa",14547,14251,41,39,42,2,52,120,179,14134,41,19,129,413
2000,19131,"Mitchell County, Iowa",10874,10795,19,8,19,2,8,23,63,10752,19,19,131,122
2000,19133,"Monona County, Iowa",10020,9854,8,76,12,4,8,58,70,9811,8,19,133,209
2000,19135,"Monroe County, Iowa",8016,7888,16,29,32,0,10,41,40,7864,16,19,135,152
2000,19137,"Montgomery County, Iowa",11771,11559,9,41,29,1,80,52,153,11489,9,19,137,282
2000,19139,"Muscatine County, Iowa",41722,37852,294,128,345,7,2525,571,4973,35746,271,19,139,5976
2000,19141,"O'Brien County, Iowa",15102,14807,52,25,77,1,71,69,267,14623,46,19,141,479
2000,19143,"Osceola County, Iowa",7003,6866,8,18,14,1,59,37,125,6812,8,19,143,191
2000,19145,"Page County, Iowa",16976,16315,282,83,81,2,83,130,265,16153,277,19,145,823
2000,19147,"Palo Alto County, Iowa",10147,10007,9,19,31,4,19,58,77,9956,9,19,147,191
2000,19149,"Plymouth County, Iowa",24849,24393,72,36,66,14,115,153,328,24215,67,19,149,634
2000,19151,"Pocahontas County, Iowa",8662,8531,21,15,15,1,26,53,77,8490,21,19,151,172
2000,19153,"Polk County, Iowa",374601,330917,18113,1001,9858,209,8299,6204,16490,323785,17874,19,153,50816
2000,19155,"Pottawattamie County, Iowa",87704,84181,671,325,423,17,1116,971,2892,82667,658,19,155,5037
2000,19157,"Poweshiek County, Iowa",18815,18202,103,44,202,9,92,163,226,18096,101,19,157,719
2000,19159,"Ringgold County, Iowa",5469,5418,6,12,9,0,1,23,13,5406,6,19,159,63
2000,19161,"Sac County, Iowa",11529,11359,30,10,16,2,46,66,111,11300,29,19,161,229
2000,19163,"Scott County, Iowa",158668,140481,9689,500,2502,32,2606,2858,6445,137382,9498,19,163,21286
2000,19165,"Shelby County, Iowa",13173,12999,13,38,36,0,24,63,88,12938,13,19,165,235
2000,19167,"Sioux County, Iowa",31589,30746,64,40,186,4,380,169,808,30374,57,19,167,1215
2000,19169,"Story County, Iowa",79981,72898,1463,128,4080,25,478,909,1238,72221,1441,19,169,7760
2000,19171,"Tama County, Iowa",18103,16362,46,1102,32,4,344,213,679,16140,44,19,171,1963
2000,19173,"Taylor County, Iowa",6958,6799,2,7,21,4,79,46,265,6633,2,19,173,325
2000,19175,"Union County, Iowa",12309,12117,28,21,31,0,40,72,125,12044,28,19,175,265
2000,19177,"Van Buren County, Iowa",7809,7701,5,14,22,5,12,50,60,7659,5,19,177,150
2000,19179,"Wapello County, Iowa",36051,34709,337,102,233,7,379,284,799,34339,329,19,179,1712
2000,19181,"Warren County, Iowa",40671,39889,108,71,156,18,118,311,441,39635,106,19,181,1036
2000,19183,"Washington County, Iowa",20670,20059,60,40,51,7,312,141,564,19838,58,19,183,832
2000,19185,"Wayne County, Iowa",6730,6648,4,8,10,4,13,43,48,6614,4,19,185,116
2000,19187,"Webster County, Iowa",40235,37574,1364,119,267,7,442,462,944,37166,1339,19,187,3069
2000,19189,"Winnebago County, Iowa",11723,11415,21,27,84,1,118,57,237,11297,21,19,189,426
2000,19191,"Winneshiek County, Iowa",21310,20852,108,16,174,1,52,107,170,20757,108,19,191,553
2000,19193,"Woodbury County, Iowa",103877,90875,2097,1753,2501,43,4538,2070,9468,86821,2013,19,193,17056
2000,19195,"Worth County, Iowa",7909,7780,22,7,11,1,33,55,124,7693,21,19,195,216
2000,19197,"Wright County, Iowa",14334,13750,24,26,28,0,415,91,706,13489,19,19,197,845
2000,20001,"Allen County, Kansas",14385,13637,234,112,38,0,123,241,278,13516,233,20,001,869
2000,20003,"Anderson County, Kansas",8110,7900,26,60,18,2,27,77,88,7857,25,20,003,253
2000,20005,"Atchison County, Kansas",16774,15369,893,93,57,10,86,266,327,15170,883,20,005,1604
2000,20007,"Barber County, Kansas",5307,5151,20,31,5,0,47,53,107,5105,16,20,007,202
2000,20009,"Barton County, Kansas",28205,26225,323,145,66,3,991,452,2344,25094,304,20,009,3111
2000,20011,"Bourbon County, Kansas",15379,14466,474,129,56,7,43,204,199,14345,466,20,011,1034
2000,20013,"Brown County, Kansas",10724,9316,167,946,22,1,78,194,249,9230,161,20,013,1494
2000,20015,"Butler County, Kansas",59482,56471,819,541,239,19,390,1003,1336,55655,810,20,015,3827
2000,20017,"Chase County, Kansas",3030,2936,31,17,4,0,17,25,53,2910,28,20,017,120
2000,20019,"Chautauqua County, Kansas",4359,4090,13,156,3,2,15,80,59,4054,13,20,019,305
2000,20021,"Cherokee County, Kansas",22605,20857,139,781,51,8,114,655,291,20700,137,20,021,1905
2000,20023,"Cheyenne County, Kansas",3165,3099,4,3,10,1,31,17,82,3052,1,20,023,113
2000,20025,"Clark County, Kansas",2390,2289,6,27,2,0,45,21,96,2248,5,20,025,142
2000,20027,"Clay County, Kansas",8822,8621,50,36,13,0,23,79,73,8577,50,20,027,245
2000,20029,"Cloud County, Kansas",10268,10093,35,26,26,0,13,75,62,10058,34,20,029,210
2000,20031,"Coffey County, Kansas",8865,8595,22,46,30,1,44,127,137,8535,21,20,031,330
2000,20033,"Comanche County, Kansas",1967,1927,1,5,1,4,12,17,35,1906,1,20,033,61
2000,20035,"Cowley County, Kansas",36291,32708,979,713,557,5,493,836,1304,32091,971,20,035,4200
2000,20037,"Crawford County, Kansas",38242,35676,699,361,425,34,423,624,910,35282,671,20,037,2960
2000,20039,"Decatur County, Kansas",3472,3398,18,3,5,4,13,31,34,3385,17,20,039,87
2000,20041,"Dickinson County, Kansas",19344,18655,113,94,58,2,158,264,445,18406,101,20,041,938
2000,20043,"Doniphan County, Kansas",8249,7824,165,100,21,0,33,106,96,7775,164,20,043,474
2000,20045,"Douglas County, Kansas",99962,86060,4238,2561,3119,62,1197,2725,3268,84543,4148,20,045,15419
2000,20047,"Edwards County, Kansas",3449,3191,11,17,11,0,192,27,335,3068,9,20,047,381
2000,20049,"Elk County, Kansas",3261,3100,7,31,6,2,39,76,71,3081,7,20,049,180
2000,20051,"Ellis County, Kansas",27507,26433,183,57,225,5,359,245,652,26160,173,20,051,1347
2000,20053,"Ellsworth County, Kansas",6525,6112,232,31,16,1,56,77,234,5954,227,20,053,571
2000,20055,"Finney County, Kansas",40523,27982,508,389,1163,32,9316,1133,17548,20820,397,20,055,19703
2000,20057,"Ford County, Kansas",32458,24295,527,204,666,38,5896,832,12231,18607,469,20,057,13851
2000,20059,"Franklin County, Kansas",24784,23556,299,232,77,1,194,425,650,23193,287,20,059,1591
2000,20061,"Geary County, Kansas",27947,17923,6157,210,883,115,1146,1513,2362,17187,6007,20,061,10760
2000,20063,"Gove County, Kansas",3068,3005,3,5,3,0,22,30,38,2989,3,20,063,79
2000,20065,"Graham County, Kansas",2946,2796,95,10,8,1,12,24,23,2790,95,20,065,156
2000,20067,"Grant County, Kansas",7909,6090,17,68,29,0,1539,166,2742,5024,9,20,067,2885
2000,20069,"Gray County, Kansas",5904,5450,11,27,6,4,320,86,579,5231,10,20,069,673
2000,20071,"Greeley County, Kansas",1534,1428,3,4,1,2,80,16,177,1338,2,20,071,196
2000,20073,"Greenwood County, Kansas",7673,7407,11,64,8,0,62,121,132,7352,11,20,073,321
2000,20075,"Hamilton County, Kansas",2670,2180,13,13,15,0,404,45,550,2059,13,20,075,611
2000,20077,"Harper County, Kansas",6536,6355,15,54,9,1,25,77,70,6322,15,20,077,214
2000,20079,"Harvey County, Kansas",32869,29924,522,171,171,10,1369,702,2620,28973,502,20,079,3896
2000,20081,"Haskell County, Kansas",4307,3664,8,25,27,0,493,90,1015,3188,7,20,081,1119
2000,20083,"Hodgeman County, Kansas",2085,2029,19,5,0,0,10,22,56,1992,19,20,083,93
2000,20085,"Jackson County, Kansas",12657,11418,67,866,21,3,49,233,189,11344,66,20,085,1313
2000,20087,"Jefferson County, Kansas",18426,17818,69,170,31,2,77,259,236,17683,65,20,087,743
2000,20089,"Jewell County, Kansas",3791,3745,1,13,2,1,2,27,27,3723,1,20,089,68
2000,20091,"Johnson County, Kansas",451086,410990,11780,1481,12768,156,6976,6935,17957,401428,11568,20,091,49658
2000,20093,"Kearny County, Kansas",4531,3640,25,39,14,4,712,97,1203,3223,20,20,093,1308
2000,20095,"Kingman County, Kansas",8673,8452,18,50,21,2,30,100,125,8368,17,20,095,305
2000,20097,"Kiowa County, Kansas",3278,3186,7,20,9,0,32,24,67,3155,7,20,097,123
2000,20099,"Labette County, Kansas",22835,20386,1064,445,73,3,274,590,700,20043,1050,20,099,2792
2000,20101,"Lane County, Kansas",2155,2106,0,1,2,1,11,34,31,2091,0,20,101,64
2000,20103,"Leavenworth County, Kansas",68691,57824,7160,510,730,91,853,1523,2620,56355,7018,20,103,12336
2000,20105,"Lincoln County, Kansas",3578,3517,4,17,4,0,9,27,37,3491,4,20,105,87
2000,20107,"Linn County, Kansas",9570,9331,60,46,13,4,15,101,87,9274,57,20,107,296
2000,20109,"Logan County, Kansas",3046,2946,18,5,6,0,22,49,50,2931,18,20,109,115
2000,20111,"Lyon County, Kansas",35935,29924,815,168,733,2,3518,775,6010,27786,785,20,111,8149
2000,20113,"McPherson County, Kansas",29554,28527,240,100,95,18,232,342,573,28240,232,20,113,1314
2000,20115,"Marion County, Kansas",13361,12968,63,79,25,1,73,152,257,12833,63,20,115,528
2000,20117,"Marshall County, Kansas",10965,10761,25,40,21,2,28,88,83,10716,24,20,117,249
2000,20119,"Meade County, Kansas",4631,4219,18,25,10,0,289,70,505,4019,16,20,119,612
2000,20121,"Miami County, Kansas",28351,27206,436,147,49,3,124,386,451,26924,429,20,121,1427
2000,20123,"Mitchell County, Kansas",6932,6766,36,28,21,2,16,63,61,6732,35,20,123,200
2000,20125,"Montgomery County, Kansas",36252,31095,2199,1157,172,7,410,1212,1118,30615,2163,20,125,5637
2000,20127,"Morris County, Kansas",6104,5951,21,20,14,1,43,54,136,5871,21,20,127,233
2000,20129,"Morton County, Kansas",3496,3090,7,40,37,0,263,59,493,2891,7,20,129,605
2000,20131,"Nemaha County, Kansas",10717,10540,53,25,11,6,18,64,76,10492,51,20,131,225
2000,20133,"Neosho County, Kansas",16997,16130,148,166,54,4,179,316,494,15876,140,20,133,1121
2000,20135,"Ness County, Kansas",3454,3393,2,8,3,0,17,31,52,3369,1,20,135,85
2000,20137,"Norton County, Kansas",5953,5557,241,26,25,1,61,42,141,5485,240,20,137,468
2000,20139,"Osage County, Kansas",16712,16256,36,109,28,17,69,197,255,16109,36,20,139,603
2000,20141,"Osborne County, Kansas",4452,4390,3,10,9,1,3,36,17,4378,3,20,141,74
2000,20143,"Ottawa County, Kansas",6163,6011,33,23,8,1,20,67,80,5969,31,20,143,194
2000,20145,"Pawnee County, Kansas",7233,6579,362,69,41,0,88,94,301,6423,354,20,145,810
2000,20147,"Phillips County, Kansas",6001,5896,15,18,27,0,2,43,40,5868,15,20,147,133
2000,20149,"Pottawatomie County, Kansas",18209,17539,121,107,59,1,109,273,411,17288,119,20,149,921
2000,20151,"Pratt County, Kansas",9647,9192,95,34,53,3,167,103,298,9095,91,20,151,552
2000,20153,"Rawlins County, Kansas",2966,2922,9,9,3,0,2,21,24,2906,9,20,153,60
2000,20155,"Reno County, Kansas",64790,59320,1865,379,291,23,1740,1172,3661,57797,1812,20,155,6993
2000,20157,"Republic County, Kansas",5835,5751,15,12,11,0,19,27,55,5718,15,20,157,117
2000,20159,"Rice County, Kansas",10761,10188,124,61,36,4,198,150,604,9837,122,20,159,924
2000,20161,"Riley County, Kansas",62843,53281,4325,395,2022,105,1186,1529,2872,51954,4221,20,161,10889
2000,20163,"Rooks County, Kansas",5685,5522,64,24,11,1,21,42,60,5486,64,20,163,199
2000,20165,"Rush County, Kansas",3551,3496,11,15,4,0,6,19,37,3471,11,20,165,80
2000,20167,"Russell County, Kansas",7370,7192,37,41,24,1,20,55,67,7146,36,20,167,224
2000,20169,"Saline County, Kansas",53597,47794,1660,279,910,22,1786,1146,3228,46645,1622,20,169,6952
2000,20171,"Scott County, Kansas",5120,4888,5,28,6,0,141,52,323,4746,4,20,171,374
2000,20173,"Sedgwick County, Kansas",452869,359489,41367,5041,15137,265,18867,12703,36397,345925,40748,20,173,106944
2000,20175,"Seward County, Kansas",22510,14730,852,174,644,14,5359,737,9486,11126,806,20,175,11384
2000,20177,"Shawnee County, Kansas",169871,140811,15337,1980,1618,61,5438,4626,12330,135752,14917,20,177,34119
2000,20179,"Sheridan County, Kansas",2813,2775,4,2,2,4,10,16,41,2753,4,20,179,60
2000,20181,"Sherman County, Kansas",6760,6343,24,22,13,11,280,67,571,6085,24,20,181,675
2000,20183,"Smith County, Kansas",4536,4481,5,11,2,5,10,22,33,4463,5,20,183,73
2000,20185,"Stafford County, Kansas",4789,4548,7,18,6,0,142,68,259,4455,7,20,185,334
2000,20187,"Stanton County, Kansas",2406,2031,15,29,4,0,301,26,570,1780,15,20,187,626
2000,20189,"Stevens County, Kansas",5463,4535,51,51,13,1,724,88,1187,4122,43,20,189,1341
2000,20191,"Sumner County, Kansas",25946,24551,183,273,57,14,334,534,929,24067,175,20,191,1879
2000,20193,"Thomas County, Kansas",8180,7946,35,27,22,2,78,70,151,7882,35,20,193,298
2000,20195,"Trego County, Kansas",3319,3245,6,13,16,2,5,32,26,3230,6,20,195,89
2000,20197,"Wabaunsee County, Kansas",6885,6695,32,34,10,4,41,69,128,6628,26,20,197,257
2000,20199,"Wallace County, Kansas",1749,1655,11,14,3,0,44,22,84,1623,11,20,199,126
2000,20201,"Washington County, Kansas",6483,6412,7,22,3,0,6,33,42,6380,7,20,201,103
2000,20203,"Wichita County, Kansas",2531,2183,2,18,2,0,266,60,466,2024,2,20,203,507
2000,20205,"Wilson County, Kansas",10332,9999,38,91,27,4,50,123,173,9907,34,20,205,425
2000,20207,"Woodson County, Kansas",3788,3673,31,33,2,0,9,40,52,3645,29,20,207,143
2000,20209,"Wyandotte County, Kansas",157882,91856,44724,1175,2568,56,12901,4602,25257,81534,44328,20,209,76348
2000,21001,"Adair County, Kentucky",17244,16555,440,38,45,3,32,131,132,16462,434,21,001,782
2000,21003,"Allen County, Kentucky",17800,17376,191,29,21,2,64,117,147,17293,190,21,003,507
2000,21005,"Anderson County, Kentucky",19111,18448,449,23,23,1,33,134,153,18351,442,21,005,760
2000,21007,"Ballard County, Kentucky",8286,7898,238,7,15,2,7,119,52,7867,238,21,007,419
2000,21009,"Barren County, Kentucky",38033,35864,1556,56,155,11,144,247,355,35662,1553,21,009,2371
2000,21011,"Bath County, Kentucky",11085,10738,205,23,2,0,44,73,89,10700,200,21,011,385
2000,21013,"Bell County, Kentucky",30060,28864,720,75,105,8,37,251,194,28740,720,21,013,1320
2000,21015,"Boone County, Kentucky",85991,81822,1306,200,1108,29,641,885,1702,80871,1276,21,015,5120
2000,21017,"Bourbon County, Kentucky",19360,17497,1343,29,27,2,264,198,503,17285,1330,21,017,2075
2000,21019,"Boyd County, Kentucky",49752,47747,1267,80,148,2,72,436,558,47326,1224,21,019,2426
2000,21021,"Boyle County, Kentucky",27697,24311,2680,52,156,7,180,311,398,24086,2669,21,021,3611
2000,21023,"Bracken County, Kentucky",8279,8153,51,21,5,3,17,29,39,8130,48,21,023,149
2000,21025,"Breathitt County, Kentucky",16100,15889,63,15,47,4,13,69,106,15797,62,21,025,303
2000,21027,"Breckinridge County, Kentucky",18648,17872,534,42,14,3,16,167,134,17787,520,21,027,861
2000,21029,"Bullitt County, Kentucky",61236,60052,233,206,167,8,100,470,383,59798,232,21,029,1438
2000,21031,"Butler County, Kentucky",13010,12734,68,28,22,0,78,80,135,12684,67,21,031,326
2000,21033,"Caldwell County, Kentucky",13060,12262,628,19,21,1,51,78,80,12231,623,21,033,829
2000,21035,"Calloway County, Kentucky",34177,31950,1218,67,456,10,157,319,473,31688,1200,21,035,2489
2000,21037,"Campbell County, Kentucky",88616,85636,1394,152,475,13,272,674,765,85145,1388,21,037,3471
2000,21039,"Carlisle County, Kentucky",5351,5232,51,22,4,0,12,30,44,5204,51,21,039,147
2000,21041,"Carroll County, Kentucky",10155,9663,197,23,17,5,144,106,330,9487,196,21,041,668
2000,21043,"Carter County, Kentucky",26889,26625,35,67,29,1,22,110,158,26494,34,21,043,395
2000,21045,"Casey County, Kentucky",15447,15184,51,44,10,8,48,102,198,15057,51,21,045,390
2000,21047,"Christian County, Kentucky",72265,50529,17148,376,660,228,1613,1711,3494,49246,16896,21,047,23019
2000,21049,"Clark County, Kentucky",33144,31023,1582,58,65,3,177,236,393,30832,1568,21,049,2312
2000,21051,"Clay County, Kentucky",24556,23063,1178,51,29,4,56,175,333,22833,1151,21,051,1723
2000,21053,"Clinton County, Kentucky",9634,9546,10,24,4,11,8,31,118,9450,10,21,053,184
2000,21055,"Crittenden County, Kentucky",9384,9219,61,14,8,0,13,69,48,9190,61,21,055,194
2000,21057,"Cumberland County, Kentucky",7147,6810,244,10,3,4,11,65,43,6793,242,21,057,354
2000,21059,"Daviess County, Kentucky",91545,85772,3982,120,393,17,405,856,845,85302,3962,21,059,6243
2000,21061,"Edmonson County, Kentucky",11644,11457,67,51,8,0,7,54,65,11408,67,21,061,236
2000,21063,"Elliott County, Kentucky",6748,6683,2,5,0,1,1,56,40,6655,2,21,063,93
2000,21065,"Estill County, Kentucky",15307,15165,17,36,5,0,9,75,81,15102,17,21,065,205
2000,21067,"Fayette County, Kentucky",260512,211120,35116,507,6407,83,3165,4114,8561,206174,34876,21,067,54338
2000,21069,"Fleming County, Kentucky",13792,13424,195,19,23,0,39,92,103,13359,195,21,069,433
2000,21071,"Floyd County, Kentucky",42441,41478,546,49,102,34,52,180,260,41282,543,21,071,1159
2000,21073,"Franklin County, Kentucky",47687,41953,4463,63,344,10,264,590,531,41681,4442,21,073,6006
2000,21075,"Fulton County, Kentucky",7752,5823,1798,9,24,0,25,73,56,5798,1792,21,075,1954
2000,21077,"Gallatin County, Kentucky",7870,7612,125,14,17,0,20,82,82,7563,125,21,077,307
2000,21079,"Garrard County, Kentucky",14792,14163,453,19,6,0,64,87,195,14047,448,21,079,745
2000,21081,"Grant County, Kentucky",22384,22006,57,51,66,12,72,120,232,21863,53,21,081,521
2000,21083,"Graves County, Kentucky",37028,34335,1645,75,73,5,483,412,888,33971,1636,21,083,3057
2000,21085,"Grayson County, Kentucky",24053,23634,120,40,34,2,53,170,186,23504,119,21,085,549
2000,21087,"Green County, Kentucky",11518,11079,301,12,15,0,36,75,109,11004,299,21,087,514
2000,21089,"Greenup County, Kentucky",36891,36179,212,69,139,1,55,236,204,36027,208,21,089,864
2000,21091,"Hancock County, Kentucky",8392,8222,71,24,14,0,14,47,64,8174,71,21,091,218
2000,21093,"Hardin County, Kentucky",94174,77217,11178,392,1693,209,1270,2215,3159,75785,10969,21,093,18389
2000,21095,"Harlan County, Kentucky",33202,31728,869,159,96,5,28,317,216,31566,865,21,095,1636
2000,21097,"Harrison County, Kentucky",17983,17200,454,50,24,3,113,139,207,17119,452,21,097,864
2000,21099,"Hart County, Kentucky",17445,16150,1081,38,19,6,31,120,150,16047,1069,21,099,1398
2000,21101,"Henderson County, Kentucky",44829,40866,3181,70,148,3,177,384,433,40643,3154,21,101,4186
2000,21103,"Henry County, Kentucky",15060,14152,497,36,52,3,190,130,339,14034,493,21,103,1026
2000,21105,"Hickman County, Kentucky",5262,4649,521,15,3,0,9,65,54,4614,520,21,105,648
2000,21107,"Hopkins County, Kentucky",46519,42808,2887,89,157,9,170,399,423,42568,2876,21,107,3951
2000,21109,"Jackson County, Kentucky",13495,13383,7,26,2,1,6,70,72,13322,7,21,109,173
2000,21111,"Jefferson County, Kentucky",693604,536721,130928,1523,9640,255,4695,9842,12370,530056,130003,21,111,163548
2000,21113,"Jessamine County, Kentucky",39041,36871,1222,80,225,11,185,447,512,36600,1217,21,113,2441
2000,21115,"Johnson County, Kentucky",23445,23126,59,30,68,5,21,136,143,23018,57,21,115,427
2000,21117,"Kenton County, Kentucky",151464,142357,5810,224,894,42,615,1522,1669,141315,5782,21,117,10149
2000,21119,"Knott County, Kentucky",17649,17344,129,19,27,2,22,106,112,17252,129,21,119,397
2000,21121,"Knox County, Kentucky",31795,31108,262,80,53,6,25,261,180,30970,262,21,121,825
2000,21123,"Larue County, Kentucky",13373,12657,473,26,21,4,45,147,140,12564,470,21,123,809
2000,21125,"Laurel County, Kentucky",52715,51484,331,193,182,5,44,476,291,51254,324,21,125,1461
2000,21127,"Lawrence County, Kentucky",15569,15403,15,44,11,1,8,87,64,15348,14,21,127,221
2000,21129,"Lee County, Kentucky",7916,7528,300,22,8,1,5,52,29,7510,298,21,129,406
2000,21131,"Leslie County, Kentucky",12401,12296,9,11,15,2,6,62,77,12232,9,21,131,169
2000,21133,"Letcher County, Kentucky",25277,24952,129,25,70,4,8,89,110,24853,129,21,133,424
2000,21135,"Lewis County, Kentucky",14092,13940,29,30,4,0,12,77,62,13891,29,21,135,201
2000,21137,"Lincoln County, Kentucky",23361,22454,592,34,23,1,88,169,208,22349,582,21,137,1012
2000,21139,"Livingston County, Kentucky",9804,9656,14,41,3,1,27,62,74,9608,13,21,139,196
2000,21141,"Logan County, Kentucky",26573,24101,2025,55,45,3,88,256,288,23922,2014,21,141,2651
2000,21143,"Lyon County, Kentucky",8080,7422,543,24,14,1,32,44,59,7401,541,21,143,679
2000,21145,"McCracken County, Kentucky",65514,56841,7128,142,337,34,260,772,694,56464,7099,21,145,9050
2000,21147,"McCreary County, Kentucky",17080,16737,108,72,3,1,34,125,106,16671,106,21,147,409
2000,21149,"McLean County, Kentucky",9938,9797,36,16,4,1,31,53,83,9749,36,21,149,189
2000,21151,"Madison County, Kentucky",70872,65918,3150,196,510,15,240,843,685,65484,3138,21,151,5388
2000,21153,"Magoffin County, Kentucky",13332,13238,20,26,10,0,2,36,56,13191,19,21,153,141
2000,21155,"Marion County, Kentucky",18212,16240,1661,17,78,2,64,150,144,16176,1650,21,155,2036
2000,21157,"Marshall County, Kentucky",30125,29694,37,51,45,3,66,229,229,29547,36,21,157,578
2000,21159,"Martin County, Kentucky",12578,12484,4,7,9,8,1,65,78,12413,4,21,159,165
2000,21161,"Mason County, Kentucky",16800,15268,1203,25,62,3,96,143,160,15201,1200,21,161,1599
2000,21163,"Meade County, Kentucky",26349,24339,1088,156,139,33,218,376,567,24050,1068,21,163,2299
2000,21165,"Menifee County, Kentucky",6556,6401,90,8,2,1,9,45,73,6356,71,21,165,200
2000,21167,"Mercer County, Kentucky",20817,19568,769,44,97,7,132,200,265,19448,757,21,167,1369
2000,21169,"Metcalfe County, Kentucky",10037,9762,165,25,7,0,13,65,53,9719,165,21,169,318
2000,21171,"Monroe County, Kentucky",11756,11235,324,15,1,3,109,69,170,11178,321,21,171,578
2000,21173,"Montgomery County, Kentucky",22554,21442,784,34,24,7,78,185,259,21276,779,21,173,1278
2000,21175,"Morgan County, Kentucky",13948,13193,611,21,23,2,8,90,85,13132,605,21,175,816
2000,21177,"Muhlenberg County, Kentucky",31839,29989,1480,40,40,1,61,228,232,29836,1472,21,177,2003
2000,21179,"Nelson County, Kentucky",37477,34792,2064,48,193,7,138,235,395,34579,2054,21,179,2898
2000,21181,"Nicholas County, Kentucky",6813,6698,57,17,8,0,16,17,37,6676,57,21,181,137
2000,21183,"Ohio County, Kentucky",22916,22391,171,43,46,8,103,154,231,22276,169,21,183,640
2000,21185,"Oldham County, Kentucky",46178,43230,1943,98,201,6,254,446,602,42921,1933,21,185,3257
2000,21187,"Owen County, Kentucky",10547,10234,119,29,24,2,49,90,105,10188,118,21,187,359
2000,21189,"Owsley County, Kentucky",4858,4820,5,3,2,1,1,26,35,4785,5,21,189,73
2000,21191,"Pendleton County, Kentucky",14390,14159,71,28,16,1,51,64,97,14114,69,21,191,276
2000,21193,"Perry County, Kentucky",29390,28609,482,15,143,4,12,125,154,28469,478,21,193,921
2000,21195,"Pike County, Kentucky",68736,67599,312,74,280,20,69,382,450,67267,309,21,195,1469
2000,21197,"Powell County, Kentucky",13237,13046,82,16,7,0,9,77,88,12969,82,21,197,268
2000,21199,"Pulaski County, Kentucky",56217,54798,604,123,208,9,97,378,454,54457,602,21,199,1760
2000,21201,"Robertson County, Kentucky",2266,2235,1,1,0,0,5,24,21,2233,1,21,201,33
2000,21203,"Rockcastle County, Kentucky",16582,16385,23,40,21,1,7,105,102,16301,23,21,203,281
2000,21205,"Rowan County, Kentucky",22094,21205,345,46,197,3,83,215,235,21063,342,21,205,1031
2000,21207,"Russell County, Kentucky",16315,16044,95,19,23,3,34,97,140,15942,92,21,207,373
2000,21209,"Scott County, Kentucky",33061,30397,1769,85,164,2,272,372,531,30167,1749,21,209,2894
2000,21211,"Shelby County, Kentucky",33337,28874,2942,101,133,41,798,448,1505,28293,2923,21,211,5044
2000,21213,"Simpson County, Kentucky",16405,14410,1676,28,90,10,49,142,150,14314,1670,21,213,2091
2000,21215,"Spencer County, Kentucky",11766,11472,133,26,10,0,32,93,132,11377,132,21,215,389
2000,21217,"Taylor County, Kentucky",22927,21465,1159,23,41,5,73,161,189,21342,1150,21,217,1585
2000,21219,"Todd County, Kentucky",11971,10692,1048,18,20,4,104,85,199,10612,1046,21,219,1359
2000,21221,"Trigg County, Kentucky",12597,11128,1233,26,32,1,23,154,113,11047,1233,21,221,1550
2000,21223,"Trimble County, Kentucky",8125,7954,24,30,6,0,55,56,111,7898,24,21,223,227
2000,21225,"Union County, Kentucky",15637,13297,2015,26,23,0,61,215,244,13200,1977,21,225,2437
2000,21227,"Warren County, Kentucky",92522,80474,7934,223,1251,70,1229,1341,2466,79376,7913,21,227,13146
2000,21229,"Washington County, Kentucky",10916,9892,820,17,31,0,67,89,175,9786,817,21,229,1130
2000,21231,"Wayne County, Kentucky",19923,19321,297,35,22,0,93,155,291,19156,287,21,231,767
2000,21233,"Webster County, Kentucky",14120,13220,660,16,9,11,109,95,268,13083,654,21,233,1037
2000,21235,"Whitley County, Kentucky",35865,35280,123,81,71,5,31,274,249,35062,122,21,235,803
2000,21237,"Wolfe County, Kentucky",7065,7011,17,6,2,2,4,23,36,6981,17,21,237,84
2000,21239,"Woodford County, Kentucky",23208,21371,1256,30,71,2,263,215,695,20944,1256,21,239,2264
2000,22001,"Acadia Parish, Louisiana",58861,47521,10740,116,89,4,117,274,538,47150,10705,22,001,11711
2000,22003,"Allen Parish, Louisiana",25440,18291,6259,438,144,3,62,243,1146,17329,6175,22,003,8111
2000,22005,"Ascension Parish, Louisiana",76627,59304,15539,209,258,19,759,539,1883,58378,15466,22,005,18249
2000,22007,"Assumption Parish, Louisiana",23388,15710,7371,72,55,2,40,138,284,15565,7303,22,007,7823
2000,22009,"Avoyelles Parish, Louisiana",41481,28402,12233,421,72,1,80,272,404,28147,12173,22,009,13334
2000,22011,"Beauregard Parish, Louisiana",32986,27790,4261,218,198,16,98,405,468,27513,4229,22,011,5473
2000,22013,"Bienville Parish, Louisiana",15752,8651,6897,42,24,0,51,87,149,8607,6860,22,013,7145
2000,22015,"Bossier Parish, Louisiana",98310,73403,20468,511,1234,81,988,1625,3063,71701,20347,22,015,26609
2000,22017,"Caddo Parish, Louisiana",252161,133424,112483,978,1732,76,1056,2412,3750,131527,111984,22,017,120634
2000,22019,"Calcasieu Parish, Louisiana",183577,135107,44025,564,1172,52,754,1903,2463,133716,43769,22,019,49861
2000,22021,"Caldwell Parish, Louisiana",10560,8493,1890,48,15,0,50,64,157,8396,1884,22,021,2164
2000,22023,"Cameron Parish, Louisiana",9991,9357,388,37,44,2,94,69,215,9244,388,22,023,747
2000,22025,"Catahoula Parish, Louisiana",10920,7838,2962,21,14,0,21,64,101,7785,2942,22,025,3135
2000,22027,"Claiborne Parish, Louisiana",16851,8728,7982,24,17,5,14,81,128,8679,7925,22,027,8172
2000,22029,"Concordia Parish, Louisiana",20247,12300,7637,33,48,1,111,117,300,12172,7573,22,029,8075
2000,22031,"De Soto Parish, Louisiana",25494,14269,10748,129,29,14,137,168,396,14089,10691,22,031,11405
2000,22033,"East Baton Rouge Parish, Louisiana",412852,231886,165526,850,8585,121,2031,3853,7363,227445,164853,22,033,185407
2000,22035,"East Carroll Parish, Louisiana",9421,2977,6339,17,31,0,24,33,112,2933,6297,22,035,6488
2000,22037,"East Feliciana Parish, Louisiana",21360,11063,10057,35,49,1,39,116,157,10989,10012,22,037,10371
2000,22039,"Evangeline Parish, Louisiana",35434,24951,10122,81,51,3,63,163,368,24730,10041,22,039,10704
2000,22041,"Franklin Parish, Louisiana",21263,14281,6721,57,40,1,31,132,160,14197,6692,22,041,7066
2000,22043,"Grant Parish, Louisiana",18698,15973,2222,166,26,5,67,239,213,15859,2212,22,043,2839
2000,22045,"Iberia Parish, Louisiana",73266,47682,22574,228,1414,15,438,915,1101,47122,22451,22,045,26144
2000,22047,"Iberville Parish, Louisiana",33320,16412,16560,59,86,4,48,151,343,16202,16486,22,047,17118
2000,22049,"Jackson Parish, Louisiana",15397,10934,4291,44,33,1,37,57,94,10887,4282,22,049,4510
2000,22051,"Jefferson Parish, Louisiana",455466,318002,104121,2032,14065,154,9239,7853,32418,298062,103376,22,051,157404
2000,22053,"Jefferson Davis Parish, Louisiana",31435,25337,5591,121,61,4,62,259,312,25138,5571,22,053,6297
2000,22055,"Lafayette Parish, Louisiana",190503,139758,45346,540,2055,51,983,1770,3320,137762,45149,22,055,52741
2000,22057,"Lafourche Parish, Louisiana",89974,74544,11349,2066,599,21,518,877,1284,73937,11287,22,057,16037
2000,22059,"La Salle Parish, Louisiana",14282,12301,1742,92,25,1,29,92,117,12225,1732,22,059,2057
2000,22061,"Lincoln Parish, Louisiana",42509,24409,16934,76,543,6,221,320,492,24206,16846,22,061,18303
2000,22063,"Livingston Parish, Louisiana",91814,86625,3874,335,163,14,175,628,1017,85882,3846,22,063,5932
2000,22065,"Madison Parish, Louisiana",13728,5197,8283,21,22,2,48,155,288,5087,8259,22,065,8641
2000,22067,"Morehouse Parish, Louisiana",31021,17297,13451,40,57,2,37,137,230,17215,13353,22,067,13806
2000,22069,"Natchitoches Parish, Louisiana",39080,22608,15017,421,171,7,358,498,566,22357,14917,22,069,16723
2000,22071,"Orleans Parish, Louisiana",484674,135956,325947,991,10972,109,4498,6201,14826,128871,323392,22,071,355803
2000,22073,"Ouachita Parish, Louisiana",147250,94947,49526,337,940,37,480,983,1747,94013,49270,22,073,53237
2000,22075,"Plaquemines Parish, Louisiana",26757,18668,6258,553,700,4,194,380,433,18412,6227,22,075,8345
2000,22077,"Pointe Coupee Parish, Louisiana",22763,13865,8601,39,57,0,73,128,245,13720,8553,22,077,9043
2000,22079,"Rapides Parish, Louisiana",126337,84024,38445,930,1087,45,529,1277,1739,83059,38298,22,079,43278
2000,22081,"Red River Parish, Louisiana",9622,5568,3936,27,9,2,21,59,97,5540,3899,22,081,4082
2000,22083,"Richland Parish, Louisiana",20981,12791,7974,28,37,0,42,109,227,12667,7927,22,083,8314
2000,22085,"Sabine Parish, Louisiana",23459,17048,3958,1828,35,5,74,511,642,16726,3934,22,085,6733
2000,22087,"St. Bernard Parish, Louisiana",67229,59356,5122,329,889,14,494,1025,3425,56723,5095,22,087,10506
2000,22089,"St. Charles Parish, Louisiana",48072,34803,12130,123,265,7,308,436,1346,33901,12043,22,089,14171
2000,22091,"St. Helena Parish, Louisiana",10525,4897,5517,10,10,1,15,75,104,4859,5480,22,091,5666
2000,22093,"St. James Parish, Louisiana",21216,10606,10476,19,10,0,26,79,130,10538,10444,22,093,10678
2000,22095,"St. John the Baptist Parish, Louisiana",43044,22633,19268,112,229,11,371,420,1230,21946,19204,22,095,21098
2000,22097,"St. Landry Parish, Louisiana",87700,49555,36952,120,178,12,270,613,794,49160,36762,22,097,38540
2000,22099,"St. Martin Parish, Louisiana",48583,32040,15535,141,449,2,98,318,405,31813,15464,22,099,16770
2000,22101,"St. Mary Parish, Louisiana",53500,33591,17009,741,877,9,470,803,1152,33051,16945,22,101,20449
2000,22103,"St. Tammany Parish, Louisiana",191268,166458,18929,825,1420,57,1164,2415,4737,163061,18788,22,103,28207
2000,22105,"Tangipahoa Parish, Louisiana",100588,70175,28519,242,395,8,461,788,1536,69300,28388,22,105,31288
2000,22107,"Tensas Parish, Louisiana",6618,2874,3665,3,8,0,19,49,83,2842,3642,22,107,3776
2000,22109,"Terrebonne Parish, Louisiana",104503,77401,18594,5533,845,16,568,1546,1631,76548,18517,22,109,27955
2000,22111,"Union Parish, Louisiana",22803,15914,6373,43,59,11,288,115,461,15772,6355,22,111,7031
2000,22113,"Vermilion Parish, Louisiana",53807,44488,7624,161,977,6,141,410,742,44026,7527,22,113,9781
2000,22115,"Vernon Parish, Louisiana",52531,38717,8962,768,828,160,1311,1785,3111,37483,8782,22,115,15048
2000,22117,"Washington Parish, Louisiana",43926,29614,13851,100,73,1,48,239,334,29396,13781,22,117,14530
2000,22119,"Webster Parish, Louisiana",41831,27405,13735,143,80,16,94,358,378,27233,13662,22,119,14598
2000,22121,"West Baton Rouge Parish, Louisiana",21601,13561,7666,44,40,5,114,171,313,13394,7649,22,121,8207
2000,22123,"West Carroll Parish, Louisiana",12314,9838,2325,31,16,1,53,50,166,9741,2315,22,123,2573
2000,22125,"West Feliciana Parish, Louisiana",15111,7348,7633,30,25,3,5,67,157,7263,7575,22,125,7848
2000,22127,"Winn Parish, Louisiana",16894,11195,5411,84,27,9,22,146,147,11100,5396,22,127,5794
2000,23001,"Androscoggin County, Maine",103793,100658,683,282,572,40,294,1264,988,100059,647,23,001,3734
2000,23003,"Aroostook County, Maine",73938,71572,281,1005,351,19,122,588,441,71309,269,23,003,2629
2000,23005,"Cumberland County, Maine",265612,254291,2815,763,3707,99,923,3014,2526,252915,2690,23,005,12697
2000,23007,"Franklin County, Maine",29467,28865,72,109,126,6,49,240,159,28750,70,23,007,717
2000,23009,"Hancock County, Maine",51791,50554,130,193,196,18,105,595,336,50316,123,23,009,1475
2000,23011,"Kennebec County, Maine",117114,114129,404,469,690,24,206,1192,852,113566,384,23,011,3548
2000,23013,"Knox County, Maine",39618,38935,94,87,141,4,49,308,225,38777,78,23,013,841
2000,23015,"Lincoln County, Maine",33616,33099,57,88,124,8,34,206,155,32986,56,23,015,630
2000,23017,"Oxford County, Maine",54755,53797,95,151,201,12,59,440,292,53588,86,23,017,1167
2000,23019,"Penobscot County, Maine",144919,139989,708,1444,1019,47,328,1384,882,139461,684,23,019,5458
2000,23021,"Piscataquis County, Maine",17235,16862,36,89,47,4,24,173,89,16801,36,23,021,434
2000,23023,"Sagadahoc County, Maine",35214,33977,323,110,222,22,133,427,391,33762,307,23,023,1452
2000,23025,"Somerset County, Maine",50888,49868,121,208,171,11,55,454,234,49699,117,23,025,1189
2000,23027,"Waldo County, Maine",36280,35513,68,144,76,5,57,417,215,35382,62,23,027,898
2000,23029,"Washington County, Maine",33941,31728,88,1505,101,4,151,364,274,31640,79,23,029,2301
2000,23031,"York County, Maine",186742,182177,785,451,1367,59,322,1581,1301,181286,752,23,031,5456
2000,24001,"Allegany County, Maryland",74930,69702,4006,114,390,19,140,559,571,69340,3962,24,001,5590
2000,24003,"Anne Arundel County, Maryland",489656,397789,66428,1455,11225,310,4164,8285,12902,390519,65755,24,003,99137
2000,24005,"Baltimore County, Maryland",754292,561132,151600,1923,23947,242,4685,10763,13774,553890,150456,24,005,200402
2000,24009,"Calvert County, Maryland",74563,62578,9773,220,655,21,368,948,1135,61894,9728,24,009,12669
2000,24011,"Caroline County, Maryland",29772,24322,4398,110,163,5,376,398,789,24029,4368,24,011,5743
2000,24013,"Carroll County, Maryland",150897,144399,3433,330,1134,28,471,1102,1489,143455,3400,24,013,7442
2000,24015,"Cecil County, Maryland",85951,80272,3361,280,593,25,430,990,1306,79546,3321,24,015,6405
2000,24017,"Charles County, Maryland",120546,82587,31411,907,2192,70,869,2510,2722,81111,31203,24,017,39435
2000,24019,"Dorchester County, Maryland",30674,21302,8708,70,202,1,119,272,385,21117,8658,24,019,9557
2000,24021,"Frederick County, Maryland",195277,174432,12429,404,3269,61,1806,2876,4664,171966,12253,24,021,23311
2000,24023,"Garrett County, Maryland",29846,29496,128,22,57,7,26,110,131,29378,127,24,023,468
2000,24025,"Harford County, Maryland",218590,189678,20260,498,3313,129,1500,3212,4169,187548,20007,24,025,31042
2000,24027,"Howard County, Maryland",247842,184215,35730,583,19037,87,2755,5435,7490,180010,35353,24,027,67832
2000,24029,"Kent County, Maryland",19197,15288,3343,28,103,9,199,227,546,15050,3317,24,029,4147
2000,24031,"Montgomery County, Maryland",873341,565719,132256,2544,98651,412,43642,30117,100604,519318,129371,24,031,354023
2000,24033,"Prince George's County, Maryland",801515,216729,502550,2795,31032,447,27078,20884,57057,194836,498301,24,033,606679
2000,24035,"Queen Anne's County, Maryland",40563,36120,3560,90,232,10,173,378,444,35863,3537,24,035,4700
2000,24037,"St. Mary's County, Maryland",86211,70320,12003,291,1553,67,525,1452,1720,69336,11908,24,037,16875
2000,24039,"Somerset County, Maryland",24747,13949,10172,92,116,4,118,296,334,13814,10108,24,039,10933
2000,24041,"Talbot County, Maryland",33812,27720,5193,60,270,45,259,265,615,27456,5161,24,041,6356
2000,24043,"Washington County, Maryland",131923,118348,10247,239,1050,55,611,1373,1570,117518,10150,24,043,14405
2000,24045,"Wicomico County, Maryland",84644,61438,19717,185,1478,18,678,1130,1842,60552,19583,24,045,24092
2000,24047,"Worcester County, Maryland",46543,37791,7754,86,282,9,170,451,596,37435,7699,24,047,9108
2000,24510,"Baltimore city, Maryland",651154,205982,418951,2097,9985,222,4363,9554,11061,201566,417009,24,510,449588
2000,25001,"Barnstable County, Massachusetts",222230,209398,3969,1235,1401,55,2475,3697,3000,207518,3848,25,001,14712
2000,25003,"Berkshire County, Massachusetts",134953,128235,2679,196,1333,49,796,1665,2286,126961,2570,25,003,7992
2000,25005,"Bristol County, Massachusetts",534678,486434,10856,1308,6728,145,16695,12512,19242,477938,9788,25,005,56740
2000,25007,"Dukes County, Massachusetts",14987,13592,359,256,69,11,222,478,155,13489,346,25,007,1498
2000,25009,"Essex County, Massachusetts",723419,625320,18777,1694,16916,288,44877,15547,79871,601340,14399,25,009,122079
2000,25011,"Franklin County, Massachusetts",71535,68244,637,205,741,19,534,1155,1425,67518,594,25,011,4017
2000,25013,"Hampden County, Massachusetts",456228,360889,36935,1201,5918,313,40367,10605,69197,339625,34034,25,013,116603
2000,25015,"Hampshire County, Massachusetts",152251,138704,2980,292,5177,77,2283,2738,5212,136319,2740,25,015,15932
2000,25017,"Middlesex County, Massachusetts",1465396,1258476,49310,2206,91685,540,30379,32800,66707,1224771,46598,25,017,240625
2000,25019,"Nantucket County, Massachusetts",9520,8363,789,1,61,4,152,150,212,8275,783,25,019,1245
2000,25021,"Norfolk County, Massachusetts",650308,578904,20674,829,35756,160,5082,8903,11990,571733,20106,25,021,78575
2000,25023,"Plymouth County, Massachusetts",472822,419370,21573,1007,4352,110,14483,11927,11537,414110,20449,25,023,58712
2000,25025,"Suffolk County, Massachusetts",689807,398442,153418,2689,48287,441,56342,30188,107031,359535,143817,25,025,330272
2000,25027,"Worcester County, Massachusetts",750963,672915,20498,1896,19700,277,22037,13640,50864,649227,18257,25,027,101736
2000,26001,"Alcona County, Michigan",11719,11489,19,73,21,1,7,109,81,11419,19,26,001,300
2000,26003,"Alger County, Michigan",9862,8660,603,325,32,4,38,200,99,8625,595,26,003,1237
2000,26005,"Allegan County, Michigan",105665,98769,1385,576,582,35,2924,1394,6040,96167,1315,26,005,9498
2000,26007,"Alpena County, Michigan",31314,30753,77,123,103,1,39,218,181,30626,73,26,007,688
2000,26009,"Antrim County, Michigan",23110,22419,45,247,35,22,70,272,284,22235,42,26,009,875
2000,26011,"Arenac County, Michigan",17269,16472,315,164,50,2,36,230,238,16298,309,26,011,971
2000,26013,"Baraga County, Michigan",8746,6875,436,1053,24,1,23,334,81,6849,432,26,013,1897
2000,26015,"Barry County, Michigan",56755,55276,139,263,153,5,281,638,831,54795,137,26,015,1960
2000,26017,"Bay County, Michigan",110157,104580,1389,600,526,7,1354,1701,4308,102119,1343,26,017,8038
2000,26019,"Benzie County, Michigan",15998,15420,45,254,25,1,62,191,233,15270,43,26,019,728
2000,26021,"Berrien County, Michigan",162453,129459,25879,691,1849,73,1845,2657,4888,126798,25729,26,021,35655
2000,26023,"Branch County, Michigan",45787,42751,1206,217,194,10,637,772,1365,42134,1187,26,023,3653
2000,26025,"Calhoun County, Michigan",137985,115804,15033,865,1530,32,1779,2942,4351,113723,14912,26,025,24262
2000,26027,"Cass County, Michigan",51104,45582,3127,420,275,4,598,1098,1233,45069,3107,26,027,6035
2000,26029,"Charlevoix County, Michigan",26090,25128,45,403,59,23,107,325,272,24990,42,26,029,1100
2000,26031,"Cheboygan County, Michigan",26448,25072,65,674,52,5,39,541,202,24947,62,26,031,1501
2000,26033,"Chippewa County, Michigan",38543,29247,2127,5131,177,10,142,1709,599,28987,2088,26,033,9556
2000,26035,"Clare County, Michigan",31252,30427,102,225,80,3,94,321,340,30210,100,26,035,1042
2000,26037,"Clinton County, Michigan",64753,62420,405,282,337,28,523,758,1688,61416,401,26,037,3337
2000,26039,"Crawford County, Michigan",14273,13757,214,85,36,3,28,150,142,13660,213,26,039,613
2000,26041,"Delta County, Michigan",38520,36913,36,850,121,12,53,535,187,36791,35,26,041,1729
2000,26043,"Dickinson County, Michigan",27472,26909,32,142,109,8,39,233,187,26794,32,26,043,678
2000,26045,"Eaton County, Michigan",103655,93549,5481,453,1173,31,1209,1759,3323,91895,5397,26,045,11760
2000,26047,"Emmet County, Michigan",31437,29655,147,978,135,11,49,462,285,29483,142,26,047,1954
2000,26049,"Genesee County, Michigan",436141,328350,88843,2414,3515,92,3408,9519,10152,323136,88356,26,049,113005
2000,26051,"Gladwin County, Michigan",26023,25411,35,145,69,5,81,277,249,25256,32,26,051,767
2000,26053,"Gogebic County, Michigan",17370,16370,305,382,40,1,60,212,153,16297,299,26,053,1073
2000,26055,"Grand Traverse County, Michigan",77654,74945,307,724,383,22,423,850,1155,74258,295,26,055,3396
2000,26057,"Gratiot County, Michigan",42285,38908,1572,232,145,7,746,675,1875,38024,1554,26,057,4261
2000,26059,"Hillsdale County, Michigan",46527,45391,201,163,154,6,158,454,558,45042,197,26,059,1485
2000,26061,"Houghton County, Michigan",36016,34402,339,194,646,8,60,367,251,34239,334,26,061,1777
2000,26063,"Huron County, Michigan",36079,35363,69,102,128,3,117,297,591,34923,69,26,063,1156
2000,26065,"Ingham County, Michigan",279320,221935,30340,1528,10273,143,6746,8355,16190,214685,29712,26,065,64635
2000,26067,"Ionia County, Michigan",61518,56572,2807,344,198,7,638,952,1711,55749,2759,26,067,5769
2000,26069,"Iosco County, Michigan",27339,26496,111,181,126,14,63,348,269,26327,106,26,069,1012
2000,26071,"Iron County, Michigan",13138,12649,144,134,26,0,32,153,84,12601,144,26,071,537
2000,26073,"Isabella County, Michigan",63351,57970,1224,1745,886,29,433,1064,1419,57294,1211,26,073,6057
2000,26075,"Jackson County, Michigan",158422,140267,12543,641,840,62,1315,2754,3493,138528,12396,26,075,19894
2000,26077,"Kalamazoo County, Michigan",238603,201784,23217,984,4363,81,3040,5134,6311,199180,22968,26,077,39423
2000,26079,"Kalkaska County, Michigan",16571,16163,35,129,37,8,16,183,142,16063,34,26,079,508
2000,26081,"Kent County, Michigan",574335,477421,51287,2999,10667,349,19200,12412,40183,461162,49994,26,081,113173
2000,26083,"Keweenaw County, Michigan",2301,2185,81,3,3,0,4,25,18,2177,79,26,083,124
2000,26085,"Lake County, Michigan",11333,9595,1266,114,17,4,65,272,191,9511,1252,26,085,1822
2000,26087,"Lapeer County, Michigan",87904,84541,720,337,339,8,943,1016,2731,82998,709,26,087,4906
2000,26089,"Leelanau County, Michigan",21119,19751,52,772,51,5,283,205,694,19424,49,26,089,1695
2000,26091,"Lenawee County, Michigan",98890,91484,2094,408,450,7,2974,1473,6884,88188,2033,26,091,10702
2000,26093,"Livingston County, Michigan",156951,152439,722,682,896,46,503,1663,1953,151170,716,26,093,5781
2000,26095,"Luce County, Michigan",7024,5819,528,389,25,2,33,228,123,5787,505,26,095,1237
2000,26097,"Mackinac County, Michigan",11943,9563,24,1697,37,2,33,587,107,9506,23,26,097,2437
2000,26099,"Macomb County, Michigan",788149,730270,21326,2478,16843,178,3106,13948,12435,721882,21151,26,099,66267
2000,26101,"Manistee County, Michigan",24527,23095,399,319,79,7,248,380,639,22781,388,26,101,1746
2000,26103,"Marquette County, Michigan",64634,61478,853,964,319,14,160,846,444,61205,846,26,103,3429
2000,26105,"Mason County, Michigan",28274,27098,206,220,78,6,232,434,852,26576,200,26,105,1698
2000,26107,"Mecosta County, Michigan",40553,37586,1460,261,354,15,152,725,520,37259,1450,26,107,3294
2000,26109,"Menominee County, Michigan",25326,24375,25,576,54,1,46,249,190,24270,25,26,109,1056
2000,26111,"Midland County, Michigan",82874,79148,868,335,1233,28,361,901,1287,78333,857,26,111,4541
2000,26113,"Missaukee County, Michigan",14478,14116,29,72,35,0,54,172,169,14030,27,26,113,448
2000,26115,"Monroe County, Michigan",145945,139264,2766,405,679,13,907,1911,3110,137391,2686,26,115,8554
2000,26117,"Montcalm County, Michigan",61266,58101,1330,366,159,28,390,892,1394,57313,1308,26,117,3953
2000,26119,"Montmorency County, Michigan",10315,10146,25,37,10,0,10,87,67,10094,25,26,119,221
2000,26121,"Muskegon County, Michigan",170200,138291,24166,1402,718,21,2184,3418,6001,135379,23971,26,121,34821
2000,26123,"Newaygo County, Michigan",47874,45386,535,311,140,14,779,709,1845,44508,519,26,123,3366
2000,26125,"Oakland County, Michigan",1194156,988194,120720,3270,49402,295,10064,22211,28999,971752,119708,26,125,222404
2000,26127,"Oceana County, Michigan",26873,24284,86,279,67,8,1640,509,3119,23066,77,26,127,3807
2000,26129,"Ogemaw County, Michigan",21645,21100,29,129,82,7,28,270,252,20906,28,26,129,739
2000,26131,"Ontonagon County, Michigan",7818,7603,2,75,14,2,24,98,58,7567,2,26,131,251
2000,26133,"Osceola County, Michigan",23197,22620,81,116,50,4,46,280,230,22461,79,26,133,736
2000,26135,"Oscoda County, Michigan",9418,9213,8,67,7,1,13,109,89,9162,8,26,135,256
2000,26137,"Otsego County, Michigan",23301,22720,42,145,79,9,36,270,175,22603,42,26,137,698
2000,26139,"Ottawa County, Michigan",238314,218105,2497,851,4991,45,8295,3530,16692,211058,2380,26,139,27256
2000,26141,"Presque Isle County, Michigan",14411,14133,38,85,23,1,13,118,79,14079,37,26,141,332
2000,26143,"Roscommon County, Michigan",25469,24956,82,162,49,11,25,184,204,24795,81,26,143,674
2000,26145,"Saginaw County, Michigan",210039,158220,39112,863,1671,28,6039,4106,14075,151977,38675,26,145,58062
2000,26147,"St. Clair County, Michigan",164235,155962,3451,829,650,32,1052,2259,3593,153893,3381,26,147,10342
2000,26149,"St. Joseph County, Michigan",62422,58356,1611,235,360,9,940,911,2488,56994,1561,26,149,5428
2000,26151,"Sanilac County, Michigan",44547,43165,124,159,117,3,485,494,1239,42518,120,26,151,2029
2000,26153,"Schoolcraft County, Michigan",8903,7894,145,545,37,0,33,249,83,7846,140,26,153,1057
2000,26155,"Shiawassee County, Michigan",71687,69818,139,334,201,8,349,838,1295,69016,135,26,155,2671
2000,26157,"Tuscola County, Michigan",58266,55963,622,334,182,11,419,735,1342,55200,613,26,157,3066
2000,26159,"Van Buren County, Michigan",76263,67051,4001,705,229,9,2614,1654,5634,64466,3939,26,159,11797
2000,26161,"Washtenaw County, Michigan",322895,249916,39697,1161,20338,126,3364,8293,8839,245033,39326,26,161,77862
2000,26163,"Wayne County, Michigan",2061162,1065607,868992,7627,35141,506,32020,51269,77207,1028984,864627,26,163,1032178
2000,26165,"Wexford County, Michigan",30484,29659,57,225,127,9,74,333,307,29469,54,26,165,1015
2000,27001,"Aitkin County, Minnesota",15301,14752,35,349,30,3,24,108,92,14698,31,27,001,603
2000,27003,"Anoka County, Minnesota",298084,279133,4756,2079,5038,64,1930,5084,4961,276586,4683,27,003,21498
2000,27005,"Becker County, Minnesota",30000,26806,58,2256,108,4,73,695,230,26699,54,27,005,3301
2000,27007,"Beltrami County, Minnesota",39650,30394,142,8071,225,8,82,728,394,30243,139,27,007,9407
2000,27009,"Benton County, Minnesota",34226,32933,266,177,392,16,121,321,307,32768,262,27,009,1458
2000,27011,"Big Stone County, Minnesota",5820,5729,10,30,24,0,7,20,20,5719,10,27,011,101
2000,27013,"Blue Earth County, Minnesota",55941,53121,666,155,1000,35,386,578,988,52620,658,27,013,3321
2000,27015,"Brown County, Minnesota",26911,26325,27,31,111,4,244,169,545,26080,20,27,015,831
2000,27017,"Carlton County, Minnesota",31671,29057,308,1644,112,3,67,480,266,28907,297,27,017,2764
2000,27019,"Carver County, Minnesota",70205,67361,417,129,1096,10,613,579,1791,66268,399,27,019,3937
2000,27021,"Cass County, Minnesota",27150,23490,31,3110,76,6,38,399,220,23377,31,27,021,3773
2000,27023,"Chippewa County, Minnesota",13088,12666,23,131,39,3,123,103,251,12550,21,27,023,538
2000,27025,"Chisago County, Minnesota",41101,39953,210,187,287,11,126,327,473,39640,197,27,025,1461
2000,27027,"Clay County, Minnesota",51229,48149,268,740,449,14,857,752,1872,47330,261,27,027,3899
2000,27029,"Clearwater County, Minnesota",8423,7518,16,723,21,1,20,124,65,7507,16,27,029,916
2000,27031,"Cook County, Minnesota",5168,4623,15,392,17,2,13,106,39,4609,15,27,031,559
2000,27033,"Cottonwood County, Minnesota",12167,11587,41,28,198,10,164,139,267,11509,39,27,033,658
2000,27035,"Crow Wing County, Minnesota",55099,53801,170,429,152,7,112,428,381,53580,167,27,035,1519
2000,27037,"Dakota County, Minnesota",355904,325166,8091,1347,10285,165,4606,6244,10459,320242,7941,27,037,35662
2000,27039,"Dodge County, Minnesota",17731,17125,35,31,73,1,336,130,530,16974,35,27,039,757
2000,27041,"Douglas County, Minnesota",32821,32326,60,78,132,9,58,158,193,32216,58,27,041,605
2000,27043,"Faribault County, Minnesota",16181,15714,39,31,58,7,220,112,566,15402,39,27,043,779
2000,27045,"Fillmore County, Minnesota",21122,20894,35,22,31,0,36,104,113,20823,34,27,045,299
2000,27047,"Freeborn County, Minnesota",32584,31028,79,64,178,6,952,277,2049,30061,65,27,047,2523
2000,27049,"Goodhue County, Minnesota",44127,42613,280,434,251,12,232,305,473,42405,273,27,049,1722
2000,27051,"Grant County, Minnesota",6289,6181,13,17,12,0,19,47,33,6170,13,27,051,119
2000,27053,"Hennepin County, Minnesota",1116200,898921,99943,11163,53555,531,23046,29041,45439,881016,98698,27,053,235184
2000,27055,"Houston County, Minnesota",19718,19416,61,36,73,3,28,101,121,19338,58,27,055,380
2000,27057,"Hubbard County, Minnesota",18376,17698,32,391,50,1,40,164,124,17625,32,27,057,751
2000,27059,"Isanti County, Minnesota",31287,30551,80,182,120,7,53,294,259,30383,78,27,059,904
2000,27061,"Itasca County, Minnesota",43992,41632,71,1497,120,10,71,591,263,41494,69,27,061,2498
2000,27063,"Jackson County, Minnesota",11268,10938,10,13,155,0,109,43,210,10839,10,27,063,429
2000,27065,"Kanabec County, Minnesota",14996,14587,26,121,66,5,25,166,140,14490,22,27,065,506
2000,27067,"Kandiyohi County, Minnesota",41203,38576,209,138,158,27,1719,376,3295,37212,173,27,067,3991
2000,27069,"Kittson County, Minnesota",5285,5184,8,14,13,0,20,46,67,5142,8,27,069,143
2000,27071,"Koochiching County, Minnesota",14355,13798,27,309,25,9,11,176,81,13744,27,27,071,611
2000,27073,"Lac qui Parle County, Minnesota",8067,7974,13,18,26,0,5,31,21,7965,13,27,073,102
2000,27075,"Lake County, Minnesota",11058,10836,11,77,20,1,16,97,63,10803,11,27,075,255
2000,27077,"Lake of the Woods County, Minnesota",4522,4396,13,51,11,0,5,46,29,4373,12,27,077,149
2000,27079,"Le Sueur County, Minnesota",25426,24551,38,66,77,10,513,171,997,24097,38,27,079,1329
2000,27081,"Lincoln County, Minnesota",6429,6353,3,18,13,0,27,15,55,6329,3,27,081,100
2000,27083,"Lyon County, Minnesota",25425,23792,378,80,425,5,481,264,1009,23338,364,27,083,2087
2000,27085,"McLeod County, Minnesota",34898,33717,76,63,194,23,623,202,1268,33108,67,27,085,1790
2000,27087,"Mahnomen County, Minnesota",5190,3262,7,1482,3,0,16,420,46,3252,7,27,087,1938
2000,27089,"Marshall County, Minnesota",10155,9873,10,29,17,0,165,61,298,9750,9,27,089,405
2000,27091,"Martin County, Minnesota",21802,21195,55,22,91,5,274,160,421,21100,53,27,091,702
2000,27093,"Meeker County, Minnesota",22644,22043,44,41,90,1,316,109,487,21907,39,27,093,737
2000,27095,"Mille Lacs County, Minnesota",22330,20890,60,1046,47,3,49,235,214,20760,59,27,095,1570
2000,27097,"Morrison County, Minnesota",31712,31230,66,102,80,11,49,174,203,31094,65,27,097,618
2000,27099,"Mower County, Minnesota",38603,36571,215,66,568,6,843,334,1646,35884,206,27,099,2719
2000,27101,"Murray County, Minnesota",9165,9013,9,20,19,2,41,61,135,8930,7,27,101,235
2000,27103,"Nicollet County, Minnesota",29771,28691,239,78,339,7,194,223,535,28405,232,27,103,1366
2000,27105,"Nobles County, Minnesota",20832,18019,223,64,830,15,1384,297,2325,17232,212,27,105,3600
2000,27107,"Norman County, Minnesota",7442,7092,8,129,23,0,84,106,227,6957,7,27,107,485
2000,27109,"Olmsted County, Minnesota",124277,112255,3330,317,5305,41,1148,1881,2959,110598,3293,27,109,13679
2000,27111,"Otter Tail County, Minnesota",57159,55505,163,291,251,27,479,443,957,55137,160,27,111,2022
2000,27113,"Pennington County, Minnesota",13584,13179,28,112,80,6,69,110,169,13095,27,27,113,489
2000,27115,"Pine County, Minnesota",26530,25047,341,713,80,8,88,253,465,24702,335,27,115,1828
2000,27117,"Pipestone County, Minnesota",9895,9566,17,146,46,2,26,92,69,9538,17,27,117,357
2000,27119,"Polk County, Minnesota",31369,29543,104,408,95,5,806,408,1502,28994,86,27,119,2375
2000,27121,"Pope County, Minnesota",11236,11107,23,20,9,1,20,56,57,11078,23,27,121,158
2000,27123,"Ramsey County, Minnesota",511035,395406,38900,4221,44836,323,12536,14813,26979,384648,37978,27,123,126387
2000,27125,"Red Lake County, Minnesota",4299,4189,8,79,3,0,5,15,13,4181,8,27,125,118
2000,27127,"Redwood County, Minnesota",16815,15969,22,544,53,11,73,143,192,15879,22,27,127,936
2000,27129,"Renville County, Minnesota",17154,16419,10,87,35,3,475,125,876,16085,10,27,129,1069
2000,27131,"Rice County, Minnesota",56665,53032,741,244,826,24,1060,738,3117,51257,713,27,131,5408
2000,27133,"Rock County, Minnesota",9721,9456,52,42,60,2,52,57,124,9396,52,27,133,325
2000,27135,"Roseau County, Minnesota",16338,15671,21,232,283,3,13,115,71,15625,20,27,135,713
2000,27137,"St. Louis County, Minnesota",200528,190211,1704,4074,1333,54,451,2701,1597,189314,1676,27,137,11214
2000,27139,"Scott County, Minnesota",89498,83813,824,693,1946,27,1114,1081,2381,82733,802,27,139,6765
2000,27141,"Sherburne County, Minnesota",64417,62308,550,287,372,14,276,610,709,61935,542,27,141,2482
2000,27143,"Sibley County, Minnesota",15356,14676,19,40,51,0,475,95,834,14337,15,27,143,1019
2000,27145,"Stearns County, Minnesota",133166,127832,1110,350,2104,45,632,1093,1827,126764,1064,27,145,6402
2000,27147,"Steele County, Minnesota",33680,32061,360,35,286,7,555,376,1266,31414,357,27,147,2266
2000,27149,"Stevens County, Minnesota",10053,9664,92,70,86,2,38,101,90,9627,92,27,149,426
2000,27151,"Swift County, Minnesota",11956,10840,322,60,171,182,167,214,320,10728,319,27,151,1228
2000,27153,"Todd County, Minnesota",24426,23826,27,118,76,3,175,201,463,23603,27,27,153,823
2000,27155,"Traverse County, Minnesota",4134,3986,1,116,11,3,2,15,50,3946,1,27,155,188
2000,27157,"Wabasha County, Minnesota",21610,21171,54,59,94,0,135,97,364,20968,53,27,157,642
2000,27159,"Wadena County, Minnesota",13713,13424,66,76,25,4,37,81,128,13340,65,27,159,373
2000,27161,"Waseca County, Minnesota",19526,18482,441,116,90,6,252,139,566,18198,435,27,161,1328
2000,27163,"Washington County, Minnesota",201130,188317,3689,785,4297,66,1216,2760,3892,186133,3612,27,163,14997
2000,27165,"Watonwan County, Minnesota",11876,10515,44,25,103,2,1043,144,1804,9848,36,27,165,2028
2000,27167,"Wilkin County, Minnesota",7138,6979,11,30,11,1,35,71,110,6912,11,27,167,226
2000,27169,"Winona County, Minnesota",49985,47887,384,97,935,12,267,403,686,47522,384,27,169,2463
2000,27171,"Wright County, Minnesota",89986,88055,235,253,393,11,322,717,994,87489,232,27,171,2497
2000,27173,"Yellow Medicine County, Minnesota",11080,10647,12,226,19,1,102,73,195,10569,9,27,173,511
2000,28001,"Adams County, Mississippi",34340,15809,18117,49,85,4,72,204,273,15701,18026,28,001,18639
2000,28003,"Alcorn County, Mississippi",34558,30193,3827,33,73,22,203,207,443,29977,3814,28,003,4581
2000,28005,"Amite County, Mississippi",13599,7673,5800,17,11,2,29,67,113,7636,5756,28,005,5963
2000,28007,"Attala County, Mississippi",19661,11470,7864,34,53,0,127,113,280,11369,7826,28,007,8292
2000,28009,"Benton County, Mississippi",8026,4954,2950,47,4,1,23,47,84,4936,2919,28,009,3090
2000,28011,"Bolivar County, Mississippi",40633,13507,26458,40,200,6,196,226,477,13365,26345,28,011,27268
2000,28013,"Calhoun County, Mississippi",15069,10460,4318,20,9,5,168,89,318,10339,4308,28,013,4730
2000,28015,"Carroll County, Mississippi",10769,6749,3942,7,17,1,14,39,79,6705,3926,28,015,4064
2000,28017,"Chickasaw County, Mississippi",19440,11060,8020,37,34,8,192,89,445,10887,7967,28,017,8553
2000,28019,"Choctaw County, Mississippi",9758,6638,2994,30,13,1,41,41,79,6613,2980,28,019,3145
2000,28021,"Claiborne County, Mississippi",11831,1796,9951,6,17,0,12,49,94,1783,9892,28,021,10048
2000,28023,"Clarke County, Mississippi",17955,11580,6251,20,19,1,31,53,120,11518,6220,28,023,6437
2000,28025,"Clay County, Mississippi",21979,9411,12380,12,35,2,46,93,190,9332,12331,28,025,12647
2000,28027,"Coahoma County, Mississippi",30622,8965,21192,27,144,5,104,185,276,8898,21099,28,027,21724
2000,28029,"Copiah County, Mississippi",28757,13747,14653,21,45,3,133,155,332,13627,14577,28,029,15130
2000,28031,"Covington County, Mississippi",19407,12307,6910,26,23,3,30,108,155,12249,6860,28,031,7158
2000,28033,"DeSoto County, Mississippi",107199,91950,12216,297,667,41,1211,817,2516,90816,12166,28,033,16383
2000,28035,"Forrest County, Mississippi",72604,46717,24360,140,536,13,292,546,912,46225,24225,28,035,26379
2000,28037,"Franklin County, Mississippi",8448,5305,3064,19,6,0,4,50,45,5286,3048,28,037,3162
2000,28039,"George County, Mississippi",19144,17110,1688,45,30,0,161,110,307,16976,1681,28,039,2168
2000,28041,"Greene County, Mississippi",13299,9681,3482,31,9,4,41,51,106,9637,3467,28,041,3662
2000,28043,"Grenada County, Mississippi",23263,13474,9522,33,80,4,30,120,145,13414,9480,28,043,9849
2000,28045,"Hancock County, Mississippi",42967,38752,2934,257,377,16,143,488,775,38180,2925,28,045,4787
2000,28047,"Harrison County, Mississippi",189601,138692,39984,861,4934,163,1697,3270,4910,136141,39694,28,047,53460
2000,28049,"Hinds County, Mississippi",250800,93584,153297,307,1507,29,491,1585,1978,92804,152652,28,049,157996
2000,28051,"Holmes County, Mississippi",21609,4424,16997,26,33,0,16,113,194,4395,16850,28,051,17214
2000,28053,"Humphreys County, Mississippi",11206,3045,8013,11,30,0,72,35,168,3006,7955,28,053,8200
2000,28055,"Issaquena County, Mississippi",2274,826,1427,2,0,0,5,14,10,822,1426,28,055,1452
2000,28057,"Itawamba County, Mississippi",22770,21055,1473,33,42,0,72,95,226,20942,1449,28,057,1828
2000,28059,"Jackson County, Mississippi",131420,99026,27432,440,2059,52,941,1470,2807,97461,27308,28,059,33959
2000,28061,"Jasper County, Mississippi",18149,8433,9597,12,12,5,15,75,117,8378,9561,28,061,9771
2000,28063,"Jefferson County, Mississippi",9740,1272,8424,8,10,1,2,23,64,1263,8373,28,063,8477
2000,28065,"Jefferson Davis County, Mississippi",13962,5816,8011,19,25,1,11,79,107,5781,7961,28,065,8181
2000,28067,"Jones County, Mississippi",64958,46192,17107,252,174,6,913,314,1271,45955,17032,28,067,19003
2000,28069,"Kemper County, Mississippi",10453,4080,6076,215,8,3,11,60,76,4068,6028,28,069,6385
2000,28071,"Lafayette County, Mississippi",38744,27838,9705,61,648,5,162,325,427,27611,9647,28,071,11133
2000,28073,"Lamar County, Mississippi",39070,33342,5040,65,254,4,116,249,426,33090,5027,28,073,5980
2000,28075,"Lauderdale County, Mississippi",78161,47013,29838,137,393,22,269,489,888,46587,29706,28,075,31574
2000,28077,"Lawrence County, Mississippi",13258,8875,4252,22,36,3,12,58,89,8835,4233,28,077,4423
2000,28079,"Leake County, Mississippi",20940,11755,7835,955,31,7,238,119,440,11631,7793,28,079,9309
2000,28081,"Lee County, Mississippi",75755,55800,18566,96,397,8,324,564,882,55367,18495,28,081,20388
2000,28083,"Leflore County, Mississippi",37947,11384,25701,43,245,15,370,189,720,11238,25526,28,083,26709
2000,28085,"Lincoln County, Mississippi",33166,23010,9839,57,81,3,54,122,229,22866,9807,28,085,10300
2000,28087,"Lowndes County, Mississippi",61586,34775,25594,102,333,17,239,526,684,34489,25486,28,087,27097
2000,28089,"Madison County, Mississippi",74674,45021,27987,83,973,16,200,394,742,44613,27897,28,089,30061
2000,28091,"Marion County, Mississippi",25595,17138,8156,58,55,2,28,158,158,17063,8106,28,091,8532
2000,28093,"Marshall County, Mississippi",34993,16925,17622,58,39,5,128,216,425,16774,17496,28,093,18219
2000,28095,"Monroe County, Mississippi",38014,25991,11698,37,66,4,41,177,261,25832,11652,28,095,12182
2000,28097,"Montgomery County, Mississippi",12189,6613,5479,10,31,3,8,45,103,6570,5437,28,097,5619
2000,28099,"Neshoba County, Mississippi",28684,18788,5546,3959,55,6,97,233,332,18630,5515,28,099,10054
2000,28101,"Newton County, Mississippi",21838,14197,6632,803,39,0,72,95,198,14095,6617,28,101,7743
2000,28103,"Noxubee County, Mississippi",12548,3700,8696,19,14,0,46,73,141,3667,8634,28,103,8881
2000,28105,"Oktibbeha County, Mississippi",42902,25167,16059,70,1086,12,202,306,461,24973,15994,28,105,17929
2000,28107,"Panola County, Mississippi",34274,17302,16575,56,63,4,140,134,384,17191,16478,28,107,17083
2000,28109,"Pearl River County, Mississippi",48621,41596,5924,242,131,13,166,549,686,41181,5888,28,109,7440
2000,28111,"Perry County, Mississippi",12138,9245,2742,40,14,6,34,57,122,9194,2713,28,111,2944
2000,28113,"Pike County, Mississippi",38940,19955,18507,74,127,4,77,196,284,19841,18433,28,113,19099
2000,28115,"Pontotoc County, Mississippi",26726,22557,3735,72,26,2,190,144,481,22336,3711,28,115,4390
2000,28117,"Prentiss County, Mississippi",25556,21940,3308,47,40,0,43,178,176,21845,3285,28,117,3711
2000,28119,"Quitman County, Mississippi",10117,3083,6942,13,17,1,8,53,55,3065,6919,28,119,7052
2000,28121,"Rankin County, Mississippi",115327,93450,19743,189,763,24,469,689,1520,92552,19669,28,121,22775
2000,28123,"Scott County, Mississippi",28423,16258,11052,88,50,6,715,254,1660,15546,10944,28,123,12877
2000,28125,"Sharkey County, Mississippi",6580,1932,4561,12,18,0,18,39,86,1911,4527,28,125,4669
2000,28127,"Simpson County, Mississippi",27639,17796,9484,32,40,3,129,155,318,17686,9432,28,127,9953
2000,28129,"Smith County, Mississippi",16182,12316,3739,17,16,6,31,57,96,12268,3728,28,129,3914
2000,28131,"Stone County, Mississippi",13622,10818,2613,39,22,4,31,95,170,10724,2591,28,131,2898
2000,28133,"Sunflower County, Mississippi",34369,9927,24010,32,137,0,166,97,448,9799,23871,28,133,24570
2000,28135,"Tallahatchie County, Mississippi",14903,5904,8857,13,54,0,7,68,137,5867,8784,28,135,9036
2000,28137,"Tate County, Mississippi",25370,17211,7870,50,25,10,63,141,223,17093,7844,28,137,8277
2000,28139,"Tippah County, Mississippi",20826,17046,3316,42,22,3,269,128,434,16890,3306,28,139,3936
2000,28141,"Tishomingo County, Mississippi",19163,18192,596,41,15,2,203,114,343,18067,595,28,141,1096
2000,28143,"Tunica County, Mississippi",9227,2541,6473,10,39,6,89,69,233,2482,6414,28,143,6745
2000,28145,"Union County, Mississippi",25362,21156,3791,33,51,4,170,157,413,20969,3784,28,145,4393
2000,28147,"Walthall County, Mississippi",15156,8277,6682,18,37,2,40,100,201,8208,6593,28,147,6948
2000,28149,"Warren County, Mississippi",49644,27288,21439,112,307,8,164,326,514,27049,21341,28,149,22595
2000,28151,"Washington County, Mississippi",62977,21393,40667,57,332,10,156,362,531,21243,40495,28,151,41734
2000,28153,"Wayne County, Mississippi",21216,13004,8065,15,32,2,28,70,134,12955,8017,28,153,8261
2000,28155,"Webster County, Mississippi",10294,7983,2155,11,18,1,86,40,174,7919,2134,28,155,2375
2000,28157,"Wilkinson County, Mississippi",10312,3219,7034,10,3,0,7,39,45,3202,7015,28,157,7110
2000,28159,"Winston County, Mississippi",20160,11141,8719,134,17,0,56,93,243,11024,8687,28,159,9136
2000,28161,"Yalobusha County, Mississippi",13051,7891,5045,28,11,11,12,53,127,7827,5006,28,161,5224
2000,28163,"Yazoo County, Mississippi",28149,12593,15189,56,102,1,62,146,1233,11558,15074,28,163,16591
2000,29001,"Adair County, Missouri",24977,23932,299,64,347,12,103,220,315,23738,291,29,001,1239
2000,29003,"Andrew County, Missouri",16492,16225,69,56,37,1,29,75,138,16129,67,29,003,363
2000,29005,"Atchison County, Missouri",6430,6237,132,12,9,0,20,20,43,6211,132,29,005,219
2000,29007,"Audrain County, Missouri",25853,23547,1859,68,89,8,54,228,189,23425,1849,29,007,2428
2000,29009,"Barry County, Missouri",34010,31999,39,292,91,11,1107,471,1713,31486,30,29,009,2524
2000,29011,"Barton County, Missouri",12541,12156,36,104,35,12,17,181,119,12078,36,29,011,463
2000,29013,"Bates County, Missouri",16653,16208,101,99,25,2,65,153,179,16114,101,29,013,539
2000,29015,"Benton County, Missouri",17180,16830,25,91,22,2,21,189,153,16709,24,29,015,471
2000,29017,"Bollinger County, Missouri",12029,11763,25,87,26,0,16,112,68,11714,25,29,017,315
2000,29019,"Boone County, Missouri",135454,115714,11572,567,4015,42,931,2613,2413,114367,11479,29,019,21087
2000,29021,"Buchanan County, Missouri",85998,79744,3751,363,386,20,557,1177,2086,78406,3714,29,021,7592
2000,29023,"Butler County, Missouri",40867,37663,2132,227,178,5,107,555,412,37435,2105,29,023,3432
2000,29025,"Caldwell County, Missouri",8969,8840,12,30,11,0,16,60,67,8786,12,29,025,183
2000,29027,"Callaway County, Missouri",40766,37420,2307,210,210,5,121,493,377,37191,2303,29,027,3575
2000,29029,"Camden County, Missouri",37051,36190,95,181,107,14,82,382,346,35954,94,29,029,1097
2000,29031,"Cape Girardeau County, Missouri",68693,63290,3624,248,515,18,211,787,624,62926,3607,29,031,5767
2000,29033,"Carroll County, Missouri",10285,9971,177,28,13,1,14,81,73,9919,177,29,033,366
2000,29035,"Carter County, Missouri",5941,5739,5,80,6,0,2,109,72,5685,3,29,035,256
2000,29037,"Cass County, Missouri",82092,78499,1166,476,397,30,413,1111,1816,77284,1147,29,037,4808
2000,29039,"Cedar County, Missouri",13733,13263,44,91,63,6,69,197,153,13180,44,29,039,553
2000,29041,"Chariton County, Missouri",8438,8100,269,14,11,0,9,35,47,8067,264,29,041,371
2000,29043,"Christian County, Missouri",54285,52824,145,302,157,16,230,611,714,52409,139,29,043,1876
2000,29045,"Clark County, Missouri",7416,7329,5,15,5,1,16,45,52,7294,5,29,045,122
2000,29047,"Clay County, Missouri",184006,170129,4894,890,2479,164,2173,3277,6594,166445,4794,29,047,17561
2000,29049,"Clinton County, Missouri",18979,18329,288,65,32,1,51,213,205,18191,284,29,049,788
2000,29051,"Cole County, Missouri",71397,62158,7084,239,625,26,384,881,915,61684,7049,29,051,9713
2000,29053,"Cooper County, Missouri",16670,14844,1493,60,39,3,46,185,143,14762,1482,29,053,1908
2000,29055,"Crawford County, Missouri",22804,22408,33,99,30,14,32,188,176,22281,32,29,055,523
2000,29057,"Dade County, Missouri",7923,7721,21,56,11,4,15,95,67,7670,21,29,057,253
2000,29059,"Dallas County, Missouri",15661,15262,19,119,11,5,31,214,147,15164,19,29,059,497
2000,29061,"Daviess County, Missouri",8016,7910,4,31,6,15,17,33,55,7877,4,29,061,139
2000,29063,"DeKalb County, Missouri",11597,10332,1028,77,20,1,31,108,125,10250,1020,29,063,1347
2000,29065,"Dent County, Missouri",14927,14489,59,109,32,2,25,211,112,14420,55,29,065,507
2000,29067,"Douglas County, Missouri",13084,12673,14,124,28,2,22,221,110,12607,14,29,067,477
2000,29069,"Dunklin County, Missouri",33155,29388,2879,104,90,4,340,350,824,28963,2873,29,069,4192
2000,29071,"Franklin County, Missouri",93807,91436,882,224,249,23,183,810,678,90993,880,29,071,2814
2000,29073,"Gasconade County, Missouri",15342,15141,18,28,24,1,22,108,64,15101,17,29,073,241
2000,29075,"Gentry County, Missouri",6861,6763,8,21,12,11,7,39,44,6723,8,29,075,138
2000,29077,"Greene County, Missouri",240391,224859,5426,1583,2720,145,1617,4041,4434,222447,5322,29,077,17944
2000,29079,"Grundy County, Missouri",10432,10183,42,36,16,1,52,102,165,10088,41,29,079,344
2000,29081,"Harrison County, Missouri",8850,8700,12,22,13,5,8,90,89,8654,12,29,081,196
2000,29083,"Henry County, Missouri",21997,21251,225,155,54,5,75,232,201,21157,212,29,083,840
2000,29085,"Hickory County, Missouri",8940,8717,7,59,10,0,18,129,68,8675,7,29,085,265
2000,29087,"Holt County, Missouri",5351,5269,6,25,4,1,6,40,21,5255,5,29,087,96
2000,29089,"Howard County, Missouri",10212,9306,699,34,12,8,41,112,88,9267,694,29,089,945
2000,29091,"Howell County, Missouri",37238,35902,114,362,134,16,103,607,450,35623,114,29,091,1615
2000,29093,"Iron County, Missouri",10697,10348,167,36,10,0,24,112,62,10314,163,29,093,383
2000,29095,"Jackson County, Missouri",654880,459061,152391,3168,8412,1168,15914,14766,35160,443427,151333,29,095,211453
2000,29097,"Jasper County, Missouri",104686,96916,1551,1388,727,68,1692,2344,3615,95336,1520,29,097,9350
2000,29099,"Jefferson County, Missouri",198099,193102,1354,577,708,28,479,1851,2002,191753,1340,29,099,6346
2000,29101,"Johnson County, Missouri",48258,43491,2089,314,692,61,623,988,1407,42803,2064,29,101,5455
2000,29103,"Knox County, Missouri",4361,4296,4,1,4,0,7,49,26,4277,4,29,103,84
2000,29105,"Laclede County, Missouri",32513,31552,138,160,95,15,109,444,401,31296,138,29,105,1217
2000,29107,"Lafayette County, Missouri",32960,31485,749,96,82,9,169,370,386,31290,745,29,107,1670
2000,29109,"Lawrence County, Missouri",35204,33682,95,267,79,8,589,484,1195,33213,68,29,109,1991
2000,29111,"Lewis County, Missouri",10494,10066,265,17,21,2,46,77,77,10032,264,29,111,462
2000,29113,"Lincoln County, Missouri",38944,37435,677,143,68,11,166,444,444,37184,672,29,113,1760
2000,29115,"Linn County, Missouri",13754,13476,82,52,19,0,21,104,104,13406,82,29,115,348
2000,29117,"Livingston County, Missouri",14558,13962,339,49,39,2,35,132,94,13911,331,29,117,647
2000,29119,"McDonald County, Missouri",21681,19440,38,625,31,30,802,715,2030,18348,33,29,119,3333
2000,29121,"Macon County, Missouri",15762,15160,349,61,25,2,34,131,121,15071,347,29,121,691
2000,29123,"Madison County, Missouri",11800,11599,15,30,34,0,24,98,66,11552,15,29,123,248
2000,29125,"Maries County, Missouri",8903,8674,29,49,10,0,31,110,103,8609,29,29,125,294
2000,29127,"Marion County, Missouri",28289,26382,1308,75,78,23,50,373,252,26236,1303,29,127,2053
2000,29129,"Mercer County, Missouri",3757,3709,7,21,0,2,1,17,11,3704,7,29,129,53
2000,29131,"Miller County, Missouri",23564,23090,65,108,30,5,68,198,231,22934,63,29,131,630
2000,29133,"Mississippi County, Missouri",13427,10463,2757,33,15,1,39,119,129,10411,2735,29,133,3016
2000,29135,"Moniteau County, Missouri",14827,13752,561,59,46,2,219,188,435,13556,557,29,135,1271
2000,29137,"Monroe County, Missouri",9311,8814,357,38,11,3,15,73,52,8769,357,29,137,542
2000,29139,"Montgomery County, Missouri",12136,11647,248,29,31,1,25,155,94,11596,245,29,139,540
2000,29141,"Morgan County, Missouri",19309,18796,98,122,23,4,30,236,161,18693,97,29,141,616
2000,29143,"New Madrid County, Missouri",19760,16442,3035,37,27,1,63,155,183,16345,3024,29,143,3415
2000,29145,"Newton County, Missouri",52636,49086,312,1175,169,145,589,1160,1147,48642,298,29,145,3994
2000,29147,"Nodaway County, Missouri",21912,21162,295,51,190,5,46,163,155,21067,294,29,147,845
2000,29149,"Oregon County, Missouri",10344,9786,10,298,14,1,8,227,113,9696,10,29,149,648
2000,29151,"Osage County, Missouri",13062,12884,21,31,10,3,9,104,77,12828,16,29,151,234
2000,29153,"Ozark County, Missouri",9542,9310,14,62,8,0,18,130,90,9249,14,29,153,293
2000,29155,"Pemiscot County, Missouri",20047,14386,5259,51,54,3,124,170,315,14244,5231,29,155,5803
2000,29157,"Perry County, Missouri",18132,17808,33,42,117,5,21,106,93,17739,33,29,157,393
2000,29159,"Pettis County, Missouri",39403,36275,1197,148,154,21,970,638,1527,35810,1181,29,159,3593
2000,29161,"Phelps County, Missouri",39825,37132,596,236,936,25,186,714,485,36884,586,29,161,2941
2000,29163,"Pike County, Missouri",18351,16230,1682,44,28,7,169,191,295,16110,1672,29,163,2241
2000,29165,"Platte County, Missouri",73781,67473,2574,338,1093,150,773,1380,2211,66230,2542,29,165,7551
2000,29167,"Polk County, Missouri",26992,26253,122,181,52,8,90,286,350,26024,119,29,167,968
2000,29169,"Pulaski County, Missouri",41165,32254,4935,413,936,130,1028,1469,2404,31200,4858,29,169,9965
2000,29171,"Putnam County, Missouri",5223,5178,3,5,7,0,5,25,32,5155,3,29,171,68
2000,29173,"Ralls County, Missouri",9626,9427,107,19,8,1,4,60,42,9393,106,29,173,233
2000,29175,"Randolph County, Missouri",24663,22339,1734,118,97,6,59,310,282,22164,1717,29,175,2499
2000,29177,"Ray County, Missouri",23354,22536,341,83,44,1,84,265,253,22384,340,29,177,970
2000,29179,"Reynolds County, Missouri",6689,6398,35,86,13,0,14,143,55,6366,32,29,179,323
2000,29181,"Ripley County, Missouri",13509,13127,6,179,30,2,7,158,132,13019,5,29,181,490
2000,29183,"St. Charles County, Missouri",283883,268756,7635,657,2414,71,1301,3049,4176,266158,7573,29,183,17725
2000,29185,"St. Clair County, Missouri",9652,9397,22,72,14,2,28,117,95,9338,20,29,185,314
2000,29186,"Ste. Genevieve County, Missouri",17842,17491,128,53,29,0,23,118,132,17404,124,29,186,438
2000,29187,"St. Francois County, Missouri",55641,53494,1126,196,175,12,127,511,447,53228,1105,29,187,2413
2000,29189,"St. Louis County, Missouri",1016315,780830,193306,1717,22606,251,4775,12830,14577,772041,192544,29,189,244274
2000,29195,"Saline County, Missouri",23756,21387,1280,73,84,50,497,385,1050,20923,1268,29,195,2833
2000,29197,"Schuyler County, Missouri",4170,4105,2,13,7,1,7,35,27,4086,2,29,197,84
2000,29199,"Scotland County, Missouri",4983,4924,10,7,4,1,8,29,42,4890,10,29,199,93
2000,29201,"Scott County, Missouri",40422,35442,4246,113,93,3,160,365,448,35221,4217,29,201,5201
2000,29203,"Shannon County, Missouri",8324,7912,14,152,4,2,16,224,77,7864,14,29,203,460
2000,29205,"Shelby County, Missouri",6799,6654,66,19,7,0,13,40,43,6628,66,29,205,171
2000,29207,"Stoddard County, Missouri",29705,28915,270,118,28,3,72,299,231,28772,268,29,207,933
2000,29209,"Stone County, Missouri",28658,27983,21,175,52,10,73,344,298,27797,17,29,209,861
2000,29211,"Sullivan County, Missouri",7219,6855,10,18,10,5,256,65,634,6508,9,29,211,711
2000,29213,"Taney County, Missouri",39703,38202,138,347,136,21,294,565,962,37651,129,29,213,2052
2000,29215,"Texas County, Missouri",23003,22190,49,221,78,4,44,417,221,22034,47,29,215,969
2000,29217,"Vernon County, Missouri",20454,19839,125,162,63,7,63,195,172,19742,125,29,217,712
2000,29219,"Warren County, Missouri",24525,23517,476,110,59,4,109,250,314,23330,474,29,219,1195
2000,29221,"Washington County, Missouri",23344,22286,578,155,35,2,36,252,170,22159,577,29,221,1185
2000,29223,"Wayne County, Missouri",13259,12951,22,77,15,4,10,180,65,12899,21,29,223,360
2000,29225,"Webster County, Missouri",31045,29866,359,203,81,8,96,432,400,29607,358,29,225,1438
2000,29227,"Worth County, Missouri",2382,2358,4,8,2,0,0,10,7,2351,4,29,227,31
2000,29229,"Wright County, Missouri",17955,17526,50,118,25,1,48,187,139,17440,49,29,229,515
2000,29510,"St. Louis city, Missouri",348189,152666,178266,950,6891,94,2783,6539,7022,149329,177446,29,510,198860
2000,30001,"Beaverhead County, Montana",9202,8821,17,134,17,4,100,109,246,8687,12,30,001,515
2000,30003,"Big Horn County, Montana",12671,4638,5,7560,28,1,86,353,465,4457,4,30,003,8214
2000,30005,"Blaine County, Montana",7009,3685,12,3180,6,2,16,108,70,3670,10,30,005,3339
2000,30007,"Broadwater County, Montana",4385,4255,12,51,5,3,15,44,58,4214,12,30,007,171
2000,30009,"Carbon County, Montana",9552,9272,24,65,34,0,62,95,169,9188,22,30,009,364
2000,30011,"Carter County, Montana",1360,1341,1,5,2,0,4,7,8,1339,1,30,011,21
2000,30013,"Cascade County, Montana",80357,72897,900,3394,652,67,547,1900,1949,71880,846,30,013,8477
2000,30015,"Chouteau County, Montana",5970,5015,5,873,14,6,14,43,40,5009,2,30,015,961
2000,30017,"Custer County, Montana",11696,11347,11,149,30,6,40,113,177,11228,11,30,017,468
2000,30019,"Daniels County, Montana",2017,1937,0,26,5,2,12,35,32,1931,0,30,019,86
2000,30021,"Dawson County, Montana",9059,8826,23,111,12,1,28,58,81,8786,23,30,021,273
2000,30023,"Deer Lodge County, Montana",9417,9028,16,167,34,1,17,154,155,8914,16,30,023,503
2000,30025,"Fallon County, Montana",2837,2797,4,9,10,1,3,13,11,2790,4,30,025,47
2000,30027,"Fergus County, Montana",11893,11548,10,140,23,0,34,138,96,11496,10,30,027,397
2000,30029,"Flathead County, Montana",74471,71689,113,856,346,44,305,1118,1061,71046,108,30,029,3425
2000,30031,"Gallatin County, Montana",67831,65251,156,598,606,43,368,809,1047,64672,148,30,031,3159
2000,30033,"Garfield County, Montana",1279,1268,1,5,1,1,0,3,5,1264,1,30,033,15
2000,30035,"Glacier County, Montana",13247,4693,11,8186,9,7,24,317,159,4675,11,30,035,8572
2000,30037,"Golden Valley County, Montana",1042,1033,0,6,1,0,0,2,13,1020,0,30,037,22
2000,30039,"Granite County, Montana",2830,2724,0,36,4,1,13,52,36,2696,0,30,039,134
2000,30041,"Hill County, Montana",16673,13263,15,2884,62,3,59,387,208,13191,15,30,041,3482
2000,30043,"Jefferson County, Montana",10049,9654,14,127,42,7,38,167,149,9564,13,30,043,485
2000,30045,"Judith Basin County, Montana",2329,2297,1,8,2,0,1,20,13,2286,1,30,045,43
2000,30047,"Lake County, Montana",26507,18922,31,6306,79,11,177,981,668,18704,30,30,047,7803
2000,30049,"Lewis and Clark County, Montana",55716,53046,111,1137,287,28,209,898,843,52571,104,30,049,3145
2000,30051,"Liberty County, Montana",2158,2141,0,2,7,0,2,6,4,2138,0,30,051,20
2000,30053,"Lincoln County, Montana",18837,18100,21,226,59,7,74,350,271,17917,19,30,053,920
2000,30055,"McCone County, Montana",1977,1917,6,21,6,0,0,27,19,1903,6,30,055,74
2000,30057,"Madison County, Montana",6851,6647,3,36,18,0,52,95,130,6575,3,30,057,276
2000,30059,"Meagher County, Montana",1932,1878,0,20,3,1,11,19,29,1870,0,30,059,62
2000,30061,"Mineral County, Montana",3884,3673,8,75,20,1,10,97,61,3637,8,30,061,247
2000,30063,"Missoula County, Montana",95802,90073,261,2193,978,80,431,1786,1543,89226,255,30,063,6576
2000,30065,"Musselshell County, Montana",4497,4358,3,57,7,2,17,53,72,4314,3,30,065,183
2000,30067,"Park County, Montana",15694,15168,63,145,56,5,74,183,288,14994,58,30,067,700
2000,30069,"Petroleum County, Montana",493,489,0,1,0,0,1,2,6,484,0,30,069,9
2000,30071,"Phillips County, Montana",4601,4115,7,350,15,1,17,96,53,4085,5,30,071,516
2000,30073,"Pondera County, Montana",6424,5374,6,929,9,3,8,95,54,5347,6,30,073,1077
2000,30075,"Powder River County, Montana",1858,1810,0,33,2,0,4,9,11,1803,0,30,075,55
2000,30077,"Powell County, Montana",7180,6643,36,252,31,0,53,165,140,6568,35,30,077,612
2000,30079,"Prairie County, Montana",1199,1175,0,6,2,0,2,14,8,1171,0,30,079,28
2000,30081,"Ravalli County, Montana",36070,34883,49,319,108,35,158,518,678,34449,45,30,081,1621
2000,30083,"Richland County, Montana",9667,9335,9,141,17,1,82,82,209,9221,9,30,083,446
2000,30085,"Roosevelt County, Montana",10620,4347,5,5921,46,5,27,269,131,4331,5,30,085,6289
2000,30087,"Rosebud County, Montana",9383,6043,22,3041,27,0,61,189,219,5959,21,30,087,3424
2000,30089,"Sanders County, Montana",10227,9400,13,485,31,1,27,270,159,9299,13,30,089,928
2000,30091,"Sheridan County, Montana",4105,3982,4,50,12,1,8,48,44,3958,4,30,091,147
2000,30093,"Silver Bow County, Montana",34606,32998,54,704,149,21,205,475,950,32410,45,30,093,2196
2000,30095,"Stillwater County, Montana",8195,7934,11,57,17,2,77,97,165,7860,10,30,095,335
2000,30097,"Sweet Grass County, Montana",3609,3500,2,20,12,1,27,47,54,3467,2,30,097,142
2000,30099,"Teton County, Montana",6445,6207,12,98,6,0,27,95,73,6164,12,30,099,281
2000,30101,"Toole County, Montana",5267,4945,8,168,16,1,17,112,61,4912,8,30,101,355
2000,30103,"Treasure County, Montana",861,830,1,14,3,0,8,5,13,823,1,30,103,38
2000,30105,"Valley County, Montana",7675,6765,10,723,19,1,20,137,60,6741,10,30,105,934
2000,30107,"Wheatland County, Montana",2259,2191,3,13,4,5,6,37,25,2177,3,30,107,82
2000,30109,"Wibaux County, Montana",1068,1047,2,5,2,0,3,9,4,1044,2,30,109,24
2000,30111,"Yellowstone County, Montana",129352,120014,580,3950,698,57,1634,2419,4788,117698,542,30,111,11654
2000,31001,"Adams County, Nebraska",31151,29451,200,112,498,11,620,259,1428,28735,184,31,001,2416
2000,31003,"Antelope County, Nebraska",7452,7364,4,23,4,0,21,36,52,7343,4,31,003,109
2000,31005,"Arthur County, Nebraska",444,428,0,1,3,1,4,7,6,425,0,31,005,19
2000,31007,"Banner County, Nebraska",819,785,1,2,1,0,25,5,46,769,1,31,007,50
2000,31009,"Blaine County, Nebraska",583,577,0,3,0,0,0,3,1,576,0,31,009,7
2000,31011,"Boone County, Nebraska",6259,6212,3,3,2,2,19,18,56,6181,3,31,011,78
2000,31013,"Box Butte County, Nebraska",12158,11044,45,333,65,1,432,238,930,10663,41,31,013,1495
2000,31015,"Boyd County, Nebraska",2438,2411,0,14,4,0,0,9,2,2409,0,31,015,29
2000,31017,"Brown County, Nebraska",3525,3477,1,7,9,1,8,22,29,3459,1,31,017,66
2000,31019,"Buffalo County, Nebraska",42259,40221,232,140,289,13,929,435,1970,39313,229,31,019,2946
2000,31021,"Burt County, Nebraska",7791,7606,14,83,15,2,17,54,98,7538,12,31,021,253
2000,31023,"Butler County, Nebraska",8767,8625,9,11,11,5,71,35,145,8556,6,31,023,211
2000,31025,"Cass County, Nebraska",24334,23821,43,72,85,4,86,223,355,23571,43,31,025,763
2000,31027,"Cedar County, Nebraska",9615,9526,10,19,4,1,17,38,41,9505,10,31,027,110
2000,31029,"Chase County, Nebraska",4068,3979,7,4,7,1,60,10,139,3900,7,31,029,168
2000,31031,"Cherry County, Nebraska",6148,5791,4,200,26,1,20,106,57,5769,4,31,031,379
2000,31033,"Cheyenne County, Nebraska",9830,9470,14,64,39,3,144,96,438,9235,11,31,033,595
2000,31035,"Clay County, Nebraska",7039,6868,12,22,21,0,87,29,245,6726,8,31,035,313
2000,31037,"Colfax County, Nebraska",10441,8533,7,20,21,15,1664,181,2732,7617,5,31,037,2824
2000,31039,"Cuming County, Nebraska",10203,9783,13,29,20,3,268,87,559,9552,7,31,039,651
2000,31041,"Custer County, Nebraska",11793,11631,8,48,18,0,23,65,108,11553,8,31,041,240
2000,31043,"Dakota County, Nebraska",20253,15968,126,377,624,12,2615,531,4581,14368,111,31,043,5885
2000,31045,"Dawes County, Nebraska",9060,8457,73,261,28,5,93,143,220,8372,70,31,045,688
2000,31047,"Dawson County, Nebraska",24365,20058,76,164,161,3,3530,373,6178,17746,58,31,047,6619
2000,31049,"Deuel County, Nebraska",2098,2042,1,8,8,0,24,15,57,2014,1,31,049,84
2000,31051,"Dixon County, Nebraska",6339,5999,2,31,17,0,240,50,348,5927,2,31,051,412
2000,31053,"Dodge County, Nebraska",36160,34678,156,107,183,31,745,260,1421,34110,145,31,053,2050
2000,31055,"Douglas County, Nebraska",463585,375317,53330,2809,7944,250,15760,8175,30928,362528,52821,31,055,101057
2000,31057,"Dundy County, Nebraska",2292,2222,1,18,11,1,20,19,74,2171,1,31,057,121
2000,31059,"Fillmore County, Nebraska",6634,6485,14,29,4,1,55,46,110,6442,13,31,059,192
2000,31061,"Franklin County, Nebraska",3574,3547,0,10,2,0,3,12,23,3527,0,31,061,47
2000,31063,"Frontier County, Nebraska",3099,3046,3,8,8,0,12,22,30,3036,3,31,063,63
2000,31065,"Furnas County, Nebraska",5324,5229,4,22,12,0,17,40,61,5197,2,31,065,127
2000,31067,"Gage County, Nebraska",22993,22463,73,133,65,7,59,193,196,22354,69,31,067,639
2000,31069,"Garden County, Nebraska",2292,2254,3,6,6,0,12,11,33,2230,2,31,069,62
2000,31071,"Garfield County, Nebraska",1902,1879,0,4,1,1,7,10,19,1867,0,31,071,35
2000,31073,"Gosper County, Nebraska",2143,2117,0,3,5,0,9,9,27,2101,0,31,073,42
2000,31075,"Grant County, Nebraska",747,738,0,1,2,0,6,0,10,734,0,31,075,13
2000,31077,"Greeley County, Nebraska",2714,2658,18,2,2,0,21,13,23,2657,18,31,077,57
2000,31079,"Hall County, Nebraska",53534,47467,195,164,586,73,4384,665,7497,44818,159,31,079,8716
2000,31081,"Hamilton County, Nebraska",9403,9255,17,11,21,0,46,53,107,9212,17,31,081,191
2000,31083,"Harlan County, Nebraska",3786,3743,5,4,3,1,6,24,29,3729,5,31,083,57
2000,31085,"Hayes County, Nebraska",1068,1038,2,0,3,0,19,6,27,1030,2,31,085,38
2000,31087,"Hitchcock County, Nebraska",3111,3060,3,9,4,0,9,26,44,3031,3,31,087,80
2000,31089,"Holt County, Nebraska",11551,11419,4,33,21,6,27,41,82,11377,3,31,089,174
2000,31091,"Hooker County, Nebraska",783,773,0,3,1,0,1,5,8,766,0,31,091,17
2000,31093,"Howard County, Nebraska",6567,6481,20,16,6,2,21,21,66,6438,19,31,093,129
2000,31095,"Jefferson County, Nebraska",8333,8201,6,32,14,3,42,35,109,8139,4,31,095,194
2000,31097,"Johnson County, Nebraska",4488,4198,5,18,120,1,88,58,129,4167,5,31,097,321
2000,31099,"Kearney County, Nebraska",6882,6732,11,14,16,1,68,40,161,6659,9,31,099,223
2000,31101,"Keith County, Nebraska",8875,8587,7,63,15,0,132,71,375,8386,7,31,101,489
2000,31103,"Keya Paha County, Nebraska",983,977,0,2,0,0,0,4,38,941,0,31,103,42
2000,31105,"Kimball County, Nebraska",4089,3966,9,27,4,1,27,55,136,3866,9,31,105,223
2000,31107,"Knox County, Nebraska",9374,8589,8,667,15,4,32,59,85,8559,8,31,107,815
2000,31109,"Lancaster County, Nebraska",250291,225426,7052,1599,7162,149,4225,4678,8437,222067,6892,31,109,28224
2000,31111,"Lincoln County, Nebraska",34632,32795,188,175,129,8,918,419,1880,32072,179,31,111,2560
2000,31113,"Logan County, Nebraska",774,763,1,8,0,0,0,2,7,756,1,31,113,18
2000,31115,"Loup County, Nebraska",712,704,0,2,1,0,3,2,12,696,0,31,115,16
2000,31117,"McPherson County, Nebraska",533,522,0,0,2,0,9,0,8,518,0,31,117,15
2000,31119,"Madison County, Nebraska",35226,32179,330,419,142,11,1783,362,3042,31122,318,31,119,4104
2000,31121,"Merrick County, Nebraska",8204,8066,18,8,17,1,55,39,168,7973,17,31,121,231
2000,31123,"Morrill County, Nebraska",5440,5096,4,39,12,0,224,65,549,4820,2,31,123,620
2000,31125,"Nance County, Nebraska",4038,3973,0,15,2,0,18,30,46,3954,0,31,125,84
2000,31127,"Nemaha County, Nebraska",7576,7394,27,23,45,3,28,56,76,7358,27,31,127,218
2000,31129,"Nuckolls County, Nebraska",5057,5002,1,3,8,0,27,16,51,4979,1,31,129,78
2000,31131,"Otoe County, Nebraska",15396,14999,44,34,38,5,176,100,377,14822,38,31,131,574
2000,31133,"Pawnee County, Nebraska",3087,3052,0,6,8,0,1,20,21,3042,0,31,133,45
2000,31135,"Perkins County, Nebraska",3200,3126,1,9,7,0,43,14,74,3090,1,31,135,110
2000,31137,"Phelps County, Nebraska",9747,9532,11,27,27,0,77,73,220,9418,10,31,137,329
2000,31139,"Pierce County, Nebraska",7857,7751,6,28,16,2,18,36,56,7714,6,31,139,143
2000,31141,"Platte County, Nebraska",31662,29854,111,90,127,10,1105,365,2072,29126,93,31,141,2536
2000,31143,"Polk County, Nebraska",5639,5578,1,16,5,0,16,23,61,5543,1,31,143,96
2000,31145,"Red Willow County, Nebraska",11448,11167,18,44,19,2,106,92,281,11020,16,31,145,428
2000,31147,"Richardson County, Nebraska",9531,9116,18,221,14,0,21,141,100,9062,16,31,147,469
2000,31149,"Rock County, Nebraska",1756,1739,0,8,3,0,1,5,9,1735,0,31,149,21
2000,31151,"Saline County, Nebraska",13843,12872,50,52,236,4,470,159,911,12496,43,31,151,1347
2000,31153,"Sarpy County, Nebraska",122595,109335,5340,515,2331,108,2275,2691,5358,106823,5231,31,153,15772
2000,31155,"Saunders County, Nebraska",19830,19530,21,57,43,1,69,109,205,19410,21,31,155,420
2000,31157,"Scotts Bluff County, Nebraska",36951,32363,98,694,212,15,2965,604,6352,29457,87,31,157,7494
2000,31159,"Seward County, Nebraska",16496,16174,47,34,48,8,66,119,179,16077,47,31,159,419
2000,31161,"Sheridan County, Nebraska",6198,5461,5,572,9,1,21,129,91,5430,3,31,161,768
2000,31163,"Sherman County, Nebraska",3318,3268,2,7,8,1,14,18,34,3253,2,31,163,65
2000,31165,"Sioux County, Nebraska",1475,1440,0,2,3,0,17,13,34,1424,0,31,165,51
2000,31167,"Stanton County, Nebraska",6455,6243,27,31,8,0,89,57,149,6198,27,31,167,257
2000,31169,"Thayer County, Nebraska",6055,5976,1,17,7,0,20,34,61,5942,1,31,169,113
2000,31171,"Thomas County, Nebraska",729,725,0,2,0,0,0,2,6,720,0,31,171,9
2000,31173,"Thurston County, Nebraska",7171,3282,11,3731,4,0,55,88,174,3262,9,31,173,3909
2000,31175,"Valley County, Nebraska",4647,4561,7,15,5,3,37,19,75,4531,2,31,175,116
2000,31177,"Washington County, Nebraska",18780,18427,63,38,55,21,57,119,202,18313,62,31,177,467
2000,31179,"Wayne County, Nebraska",9851,9534,93,34,34,1,84,71,146,9475,91,31,179,376
2000,31181,"Webster County, Nebraska",4061,3984,6,11,19,3,9,29,22,3971,6,31,181,90
2000,31183,"Wheeler County, Nebraska",886,878,0,2,0,0,5,1,5,878,0,31,183,8
2000,31185,"York County, Nebraska",14598,14128,140,42,71,12,93,112,205,14053,137,31,185,545
2000,32001,"Churchill County, Nevada",23982,20192,383,1146,649,54,773,785,2076,19156,375,32,001,4826
2000,32003,"Clark County, Nevada",1375765,984796,124885,10895,72547,6412,118465,57765,302143,828669,121401,32,003,547096
2000,32005,"Douglas County, Nevada",41259,37908,129,692,517,63,1048,902,3057,36231,122,32,005,5028
2000,32007,"Elko County, Nevada",45291,37159,267,2400,306,52,3849,1258,8935,32771,257,32,007,12520
2000,32009,"Esmeralda County, Nevada",971,796,1,50,0,2,74,48,99,781,1,32,009,190
2000,32011,"Eureka County, Nevada",1651,1474,7,26,13,1,72,58,158,1402,6,32,011,249
2000,32013,"Humboldt County, Nevada",16106,13401,82,647,92,11,1375,498,3040,11985,78,32,013,4121
2000,32015,"Lander County, Nevada",5794,4891,12,231,20,2,502,136,1073,4385,10,32,015,1409
2000,32017,"Lincoln County, Nevada",4165,3811,74,73,14,1,112,80,221,3709,71,32,017,456
2000,32019,"Lyon County, Nevada",34501,30576,225,844,210,47,1585,1014,3784,28791,202,32,019,5710
2000,32021,"Mineral County, Nevada",5071,3747,242,779,41,5,136,121,428,3555,235,32,021,1516
2000,32023,"Nye County, Nevada",32485,29117,383,636,253,105,969,1022,2713,27511,373,32,023,4974
2000,32027,"Pershing County, Nevada",6693,5200,358,229,42,15,628,221,1294,4663,356,32,027,2030
2000,32029,"Storey County, Nevada",3399,3161,10,49,34,5,57,83,174,3058,9,32,029,341
2000,32031,"Washoe County, Nevada",339486,272985,7093,6162,14526,1553,26034,11133,56301,247835,6734,32,031,91651
2000,32033,"White Pine County, Nevada",9181,7928,380,302,72,22,284,193,1008,7295,370,32,033,1886
2000,32510,"Carson City, Nevada",52457,44744,946,1259,930,76,3391,1111,7466,41204,909,32,510,11253
2000,33001,"Belknap County, New Hampshire",56325,54979,165,170,311,13,92,595,418,54685,151,33,001,1640
2000,33003,"Carroll County, New Hampshire",43666,42890,73,122,167,4,75,335,209,42741,69,33,003,925
2000,33005,"Cheshire County, New Hampshire",73825,72167,271,226,350,26,131,654,529,71809,250,33,005,2016
2000,33007,"Coos County, New Hampshire",33111,32466,40,93,123,5,53,331,201,32337,36,33,007,774
2000,33009,"Grafton County, New Hampshire",81743,78276,435,255,1414,22,315,1026,914,77730,419,33,009,4013
2000,33011,"Hillsborough County, New Hampshire",380841,357615,4904,943,7601,112,5006,4660,12166,351337,4493,33,011,29504
2000,33013,"Merrimack County, New Hampshire",136225,132254,730,311,1171,29,315,1415,1362,131343,688,33,013,4882
2000,33015,"Rockingham County, New Hampshire",277359,268486,1619,487,3084,98,1042,2543,3314,266424,1497,33,015,10935
2000,33017,"Strafford County, New Hampshire",112233,108073,702,238,1560,53,333,1274,1155,107364,658,33,017,4869
2000,33019,"Sullivan County, New Hampshire",40458,39645,96,119,150,9,58,381,221,39482,93,33,019,976
2000,34001,"Atlantic County, New Jersey",252552,172632,44534,669,12771,114,15307,6525,30729,161486,42691,34,001,91066
2000,34003,"Bergen County, New Jersey",884118,693236,46568,1336,94324,193,28503,19958,91377,638953,44149,34,003,245165
2000,34005,"Burlington County, New Jersey",423394,331898,64071,898,11378,144,6255,8750,17632,323171,62476,34,005,100223
2000,34007,"Camden County, New Jersey",508932,360756,92059,1300,18910,187,25909,9811,49166,344998,88017,34,007,163934
2000,34009,"Cape May County, New Jersey",102326,93700,5178,186,661,40,1379,1182,3378,92137,4978,34,009,10189
2000,34011,"Cumberland County, New Jersey",146438,96478,29585,1419,1397,82,13300,4177,27823,85510,28134,34,011,60928
2000,34013,"Essex County, New Jersey",793633,352859,327324,1861,29429,417,54588,27155,122347,298708,319883,34,013,494925
2000,34015,"Gloucester County, New Jersey",254673,221742,23084,487,3805,75,2173,3307,6583,218262,22562,34,015,36411
2000,34017,"Hudson County, New Jersey",608975,338457,82098,2547,56942,383,94253,34295,242123,215216,74040,34,017,393759
2000,34019,"Hunterdon County, New Jersey",121989,114563,2743,169,2348,35,921,1210,3371,112473,2638,34,019,9516
2000,34021,"Mercer County, New Jersey",350761,240206,69502,688,17340,352,15054,7619,33898,225284,67922,34,021,125477
2000,34023,"Middlesex County, New Jersey",750162,513298,68467,1521,104212,300,42867,19497,101940,464537,64435,34,023,285625
2000,34025,"Monmouth County, New Jersey",615301,519261,49609,879,24403,153,10685,10311,38175,495902,47745,34,025,119399
2000,34027,"Morris County, New Jersey",470212,410042,13181,572,29432,188,9471,7326,36626,385582,12506,34,027,84630
2000,34029,"Ocean County, New Jersey",510916,475391,15268,702,6550,103,6333,6569,25638,459174,14431,34,029,51742
2000,34031,"Passaic County, New Jersey",489049,304786,64647,2166,18064,175,79423,19788,146492,251687,60528,34,031,237362
2000,34033,"Salem County, New Jersey",64285,52195,9498,226,396,19,1010,941,2498,51171,9257,34,033,13114
2000,34035,"Somerset County, New Jersey",297490,236042,22396,375,24941,121,8158,5457,25811,220584,21571,34,035,76906
2000,34037,"Sussex County, New Jersey",144166,138015,1502,161,1738,28,1072,1650,4822,134624,1444,34,037,9542
2000,34039,"Union County, New Jersey",522541,342302,108593,1215,19993,201,33277,16960,103011,283345,104926,34,039,239196
2000,34041,"Warren County, New Jersey",102437,96846,1914,115,1242,19,1034,1267,3751,94405,1838,34,041,8032
2000,35001,"Bernalillo County, New Mexico",556678,393851,15401,23175,10751,574,89446,23480,233565,268972,13700,35,001,287706
2000,35003,"Catron County, New Mexico",3543,3109,10,78,24,2,192,128,679,2687,9,35,003,856
2000,35005,"Chaves County, New Mexico",61382,44167,1209,694,323,34,13042,1913,26904,31970,1088,35,005,29412
2000,35006,"Cibola County, New Mexico",25595,10138,246,10319,98,14,3952,828,8555,6325,231,35,006,19270
2000,35007,"Colfax County, New Mexico",14189,11564,45,209,45,1,1816,509,6739,7081,41,35,007,7108
2000,35009,"Curry County, New Mexico",45044,32613,3090,451,803,59,6340,1688,13685,26461,2935,35,009,18583
2000,35011,"De Baca County, New Mexico",2240,1882,1,21,5,0,281,50,790,1407,1,35,011,833
2000,35013,"Dona Ana County, New Mexico",174682,118478,2723,2580,1330,117,43209,6245,110665,56688,2261,35,013,117994
2000,35015,"Eddy County, New Mexico",51658,39438,805,646,231,47,9129,1362,20023,29797,669,35,015,21861
2000,35017,"Grant County, New Mexico",31002,23459,162,419,89,10,5898,965,15126,15048,113,35,017,15954
2000,35019,"Guadalupe County, New Mexico",4680,2530,62,53,25,2,1828,180,3801,724,59,35,019,3956
2000,35021,"Harding County, New Mexico",810,683,3,11,0,0,86,27,364,428,3,35,021,382
2000,35023,"Hidalgo County, New Mexico",5932,4970,24,46,19,0,703,170,3324,2532,15,35,023,3400
2000,35025,"Lea County, New Mexico",55511,37263,2426,551,216,24,13217,1814,22010,29977,2340,35,025,25534
2000,35027,"Lincoln County, New Mexico",19411,16228,68,379,53,12,2189,482,4975,13763,47,35,027,5648
2000,35028,"Los Alamos County, New Mexico",18343,16556,67,107,694,6,495,418,2155,15051,63,35,028,3292
2000,35029,"Luna County, New Mexico",25016,18587,236,278,84,1,5060,770,14435,9921,183,35,029,15095
2000,35031,"McKinley County, New Mexico",74798,12257,296,55892,344,32,4095,1882,9276,8902,287,35,031,65896
2000,35033,"Mora County, New Mexico",5180,3050,5,59,6,0,1915,145,4229,877,5,35,033,4303
2000,35035,"Otero County, New Mexico",62298,45919,2440,3614,728,82,7273,2242,20033,34728,2285,35,035,27570
2000,35037,"Quay County, New Mexico",10155,8336,85,129,81,15,1230,279,3857,5953,78,35,037,4202
2000,35039,"Rio Arriba County, New Mexico",41190,23320,143,5717,56,47,10554,1353,30025,5619,85,35,039,35571
2000,35041,"Roosevelt County, New Mexico",18018,13359,298,199,111,12,3561,478,5998,11299,276,35,041,6719
2000,35043,"Sandoval County, New Mexico",89908,58512,1535,14634,894,98,11118,3117,26437,45227,1418,35,043,44681
2000,35045,"San Juan County, New Mexico",113801,60118,499,41968,303,55,7699,3159,17057,52922,429,35,045,60879
2000,35047,"San Miguel County, New Mexico",30126,16938,236,549,163,25,10910,1305,23487,5690,185,35,047,24436
2000,35049,"Santa Fe County, New Mexico",129292,95053,826,3982,1133,94,22936,5268,63405,58790,667,35,049,70502
2000,35051,"Sierra County, New Mexico",13270,11541,64,197,23,11,1097,337,3488,9356,55,35,051,3914
2000,35053,"Socorro County, New Mexico",18078,11365,116,1974,206,10,3634,773,8810,6796,91,35,053,11282
2000,35055,"Taos County, New Mexico",29979,19118,105,1975,114,35,7447,1185,17370,10122,81,35,055,19857
2000,35057,"Torrance County, New Mexico",16911,12495,280,354,54,22,3035,671,6283,9677,255,35,057,7234
2000,35059,"Union County, New Mexico",4174,3355,0,40,14,5,668,92,1465,2618,0,35,059,1556
2000,35061,"Valencia County, New Mexico",66152,44001,837,2183,235,57,15827,3012,36371,26087,699,35,061,40065
2000,36001,"Albany County, New York",294565,245060,32624,605,8090,84,3102,5000,9079,240913,31514,36,001,53652
2000,36003,"Allegany County, New York",49927,48444,361,139,358,2,183,440,454,48222,349,36,003,1705
2000,36005,"Bronx County, New York",1332650,398003,475007,11371,40120,1383,329724,77042,644705,193651,416338,36,005,1138999
2000,36007,"Broome County, New York",200536,183153,6575,384,5585,53,1593,3193,3986,181339,6256,36,007,19197
2000,36009,"Cattaraugus County, New York",83955,79444,890,2181,386,16,191,847,791,78934,839,36,009,5021
2000,36011,"Cayuga County, New York",81963,76501,3272,256,348,20,718,848,1611,75762,3166,36,011,6201
2000,36013,"Chautauqua County, New York",139750,131416,3051,598,502,40,2418,1725,5901,128481,2820,36,013,11269
2000,36015,"Chemung County, New York",91070,82840,5303,210,709,16,681,1311,1609,82131,5150,36,015,8939
2000,36017,"Chenango County, New York",51401,50191,422,141,146,11,112,378,548,49815,403,36,017,1586
2000,36019,"Clinton County, New York",79894,74562,2863,291,537,17,878,746,1964,73729,2694,36,019,6165
2000,36021,"Columbia County, New York",63094,58105,2850,132,507,20,568,912,1598,57338,2738,36,021,5756
2000,36023,"Cortland County, New York",48599,47115,416,133,201,5,154,575,565,46748,399,36,023,1851
2000,36025,"Delaware County, New York",48055,46346,568,149,257,6,254,475,983,45693,529,36,025,2362
2000,36027,"Dutchess County, New York",280150,234385,26097,609,7048,88,6626,5297,18060,224913,25059,36,027,55237
2000,36029,"Erie County, New York",950265,780942,123529,5755,13835,223,13499,12482,31054,767476,121289,36,029,182789
2000,36031,"Essex County, New York",38851,36848,1092,122,160,26,267,336,851,36346,1025,36,031,2505
2000,36033,"Franklin County, New York",51134,42970,3389,3171,194,0,1056,354,2053,42233,3180,36,033,8901
2000,36035,"Fulton County, New York",55073,52863,992,105,293,9,308,503,884,52374,937,36,035,2699
2000,36037,"Genesee County, New York",60370,57167,1284,470,292,14,430,713,904,56799,1217,36,037,3571
2000,36039,"Greene County, New York",48195,43740,2664,135,260,8,734,654,2075,42640,2518,36,039,5555
2000,36041,"Hamilton County, New York",5379,5257,24,14,8,3,36,37,57,5223,24,36,041,156
2000,36043,"Herkimer County, New York",64427,63031,329,139,263,11,113,541,580,62667,305,36,043,1760
2000,36045,"Jefferson County, New York",111738,99118,6517,589,1027,156,2296,2035,4677,97389,6257,36,045,14349
2000,36047,"Kings County, New York",2465326,1015728,898350,10117,185818,1465,248557,105291,487878,854532,848583,36,047,1610794
2000,36049,"Lewis County, New York",26944,26451,106,76,63,14,76,158,172,26363,100,36,049,581
2000,36051,"Livingston County, New York",64328,60494,1938,172,492,20,545,667,1459,59748,1836,36,051,4580
2000,36053,"Madison County, New York",69441,67006,916,358,387,10,184,580,734,66564,870,36,053,2877
2000,36055,"Monroe County, New York",735343,581961,101078,1950,17922,220,17925,14287,39065,566763,98174,36,055,168580
2000,36057,"Montgomery County, New York",49708,47160,572,124,263,6,952,631,3433,45084,457,36,057,4624
2000,36059,"Nassau County, New York",1334544,1058285,134673,2112,63140,400,47638,28296,133282,986947,129860,36,059,347597
2000,36061,"New York County, New York",1537195,835610,267302,7617,144538,1069,217383,63676,417816,703873,234698,36,061,833322
2000,36063,"Niagara County, New York",219846,199404,13520,2069,1267,51,876,2659,2913,197757,13356,36,063,22089
2000,36065,"Oneida County, New York",235469,212414,13521,549,2722,55,2625,3583,7545,208600,12937,36,065,26869
2000,36067,"Onondaga County, New York",458336,388555,43011,3945,9569,147,4076,9033,11175,383599,41772,36,067,74737
2000,36069,"Ontario County, New York",100224,95256,2068,223,691,20,703,1263,2149,94179,1904,36,069,6045
2000,36071,"Orange County, New York",341367,285721,27601,1205,5157,123,13962,7598,39738,264760,25567,36,071,76607
2000,36073,"Orleans County, New York",44171,39367,3230,203,142,12,682,535,1719,38552,3047,36,073,5619
2000,36075,"Oswego County, New York",122377,118918,717,498,508,17,582,1137,1592,118110,674,36,075,4267
2000,36077,"Otsego County, New York",61676,59083,1079,141,390,31,306,646,1171,58321,1014,36,077,3355
2000,36079,"Putnam County, New York",95745,89876,1562,137,1190,24,1596,1360,5976,85973,1437,36,079,9772
2000,36081,"Queens County, New York",2229379,982725,446189,11077,391500,1331,260387,136170,556605,732895,422831,36,081,1496484
2000,36083,"Rensselaer County, New York",152538,139002,7147,347,2606,31,1360,2045,3225,137562,6870,36,083,14976
2000,36085,"Richmond County, New York",443728,344319,42914,1107,25071,182,18355,11780,53550,316316,39704,36,085,127412
2000,36087,"Rockland County, New York",286753,220538,31472,676,15826,205,10838,7198,29182,205653,30139,36,087,81100
2000,36089,"St. Lawrence County, New York",111931,105782,2664,977,800,32,773,903,2008,104777,2531,36,089,7154
2000,36091,"Saratoga County, New York",200635,192579,2725,361,2077,44,846,2003,2834,190840,2628,36,091,9795
2000,36093,"Schenectady County, New York",146555,128631,9953,341,2888,43,1769,2930,4639,126538,9456,36,093,20017
2000,36095,"Schoharie County, New York",31582,30514,403,96,120,7,149,293,588,30112,377,36,095,1470
2000,36097,"Schuyler County, New York",19224,18548,279,77,56,5,69,190,235,18417,265,36,097,807
2000,36099,"Seneca County, New York",33342,31682,758,83,227,5,222,365,659,31338,720,36,099,2004
2000,36101,"Steuben County, New York",98726,95198,1347,266,893,16,208,798,796,94689,1329,36,101,4037
2000,36103,"Suffolk County, New York",1419369,1200755,98553,3807,34711,484,51875,29184,149411,1118405,93262,36,103,300964
2000,36105,"Sullivan County, New York",73966,63103,6292,197,825,29,2139,1381,6839,59225,5897,36,105,14741
2000,36107,"Tioga County, New York",51784,50501,282,112,296,7,108,478,509,50180,270,36,107,1604
2000,36109,"Tompkins County, New York",96501,82507,3508,275,6943,36,1052,2180,2968,80916,3307,36,109,15585
2000,36111,"Ulster County, New York",177749,158042,9646,472,2199,51,3826,3513,10941,152064,9044,36,111,25685
2000,36113,"Warren County, New York",63303,61705,395,130,347,7,145,574,663,61276,371,36,113,2027
2000,36115,"Washington County, New York",61042,57973,1785,125,172,9,510,468,1232,57378,1703,36,115,3664
2000,36117,"Wayne County, New York",93765,87954,3044,245,437,14,819,1252,2263,86770,2961,36,117,6995
2000,36119,"Westchester County, New York",923459,658858,131132,2343,41367,371,61227,28161,144124,591776,125227,36,119,331683
2000,36121,"Wyoming County, New York",43424,39880,2395,116,161,10,572,290,1278,39330,2309,36,121,4094
2000,36123,"Yates County, New York",24621,24103,139,36,69,4,88,182,228,23983,130,36,123,638
2000,37001,"Alamance County, North Carolina",130800,98900,24544,462,1172,28,4177,1517,8835,94768,24356,37,001,36032
2000,37003,"Alexander County, North Carolina",33603,30915,1557,50,348,1,451,281,841,30562,1536,37,003,3041
2000,37005,"Alleghany County, North Carolina",10677,10217,131,28,21,1,187,92,530,9932,118,37,005,745
2000,37007,"Anson County, North Carolina",25275,12519,12295,113,143,6,82,117,211,12429,12245,37,007,12846
2000,37009,"Ashe County, North Carolina",24384,23691,162,79,57,2,257,136,590,23440,155,37,009,944
2000,37011,"Avery County, North Carolina",17167,16129,598,58,33,7,220,122,413,15957,598,37,011,1210
2000,37013,"Beaufort County, North Carolina",44958,30768,13051,74,99,10,638,318,1455,30051,13021,37,013,14907
2000,37015,"Bertie County, North Carolina",19773,7178,12326,87,21,1,65,95,195,7124,12277,37,015,12649
2000,37017,"Bladen County, North Carolina",32278,18469,12235,657,31,14,636,236,1198,18035,12170,37,017,14243
2000,37019,"Brunswick County, North Carolina",73143,60200,10516,494,198,32,965,738,1960,59354,10459,37,019,13789
2000,37021,"Buncombe County, North Carolina",206330,183761,15425,803,1368,79,2365,2529,5730,180721,15310,37,021,25609
2000,37023,"Burke County, North Carolina",89148,76678,5984,270,3106,185,1931,994,3180,75727,5953,37,023,13421
2000,37025,"Cabarrus County, North Carolina",131063,109127,15961,443,1190,32,3017,1293,6620,106030,15778,37,025,25033
2000,37027,"Caldwell County, North Carolina",77415,71017,4223,162,301,26,1098,588,1927,70307,4201,37,027,7108
2000,37029,"Camden County, North Carolina",6885,5551,1189,29,39,2,9,66,49,5516,1185,37,029,1369
2000,37031,"Carteret County, North Carolina",59383,53611,4151,258,323,35,357,648,1035,53041,4121,37,031,6342
2000,37033,"Caswell County, North Carolina",23501,14352,8583,45,36,6,276,203,415,14239,8557,37,033,9262
2000,37035,"Catawba County, North Carolina",141685,120422,11862,365,4146,75,3198,1617,7886,116326,11751,37,035,25359
2000,37037,"Chatham County, North Carolina",49329,36969,8422,201,292,18,2868,559,4743,35322,8355,37,037,14007
2000,37039,"Cherokee County, North Carolina",24298,23040,387,396,69,3,109,294,303,22875,382,37,039,1423
2000,37041,"Chowan County, North Carolina",14526,8794,5450,43,50,1,87,101,219,8703,5415,37,041,5823
2000,37043,"Clay County, North Carolina",8775,8600,70,29,8,6,13,49,73,8536,70,37,043,239
2000,37045,"Cleveland County, North Carolina",96287,73955,20155,145,669,10,657,696,1433,73357,20010,37,045,22930
2000,37047,"Columbus County, North Carolina",54749,34737,16934,1706,123,16,812,421,1269,34380,16901,37,047,20369
2000,37049,"Craven County, North Carolina",91436,63952,22966,388,908,56,1627,1539,3677,62435,22729,37,049,29001
2000,37051,"Cumberland County, North Carolina",302963,167093,105731,4691,5694,902,9477,9375,20919,159304,104068,37,051,143659
2000,37053,"Currituck County, North Carolina",18190,16445,1318,83,71,6,91,176,261,16287,1314,37,053,1903
2000,37055,"Dare County, North Carolina",29967,28393,797,83,111,13,269,301,666,28028,793,37,055,1939
2000,37057,"Davidson County, North Carolina",147246,128184,13463,545,1204,18,2446,1386,4765,126158,13389,37,057,21088
2000,37059,"Davie County, North Carolina",34835,31504,2368,79,109,7,458,310,1209,30832,2343,37,059,4003
2000,37061,"Duplin County, North Carolina",49063,28785,14198,113,75,36,5334,522,7426,27094,14116,37,061,21969
2000,37063,"Durham County, North Carolina",223314,113698,88109,660,7350,79,9404,4014,17039,107371,87516,37,063,115943
2000,37065,"Edgecombe County, North Carolina",55606,22278,31949,109,70,7,870,323,1554,21838,31790,37,065,33768
2000,37067,"Forsyth County, North Carolina",306067,209552,78388,923,3172,96,9962,3974,19577,202338,77041,37,067,103729
2000,37069,"Franklin County, North Carolina",47260,31190,14193,208,140,17,1082,430,2100,30335,14124,37,069,16925
2000,37071,"Gaston County, North Carolina",190365,157965,26405,525,1814,50,1958,1648,5719,154922,25843,37,071,35443
2000,37073,"Gates County, North Carolina",10516,6213,4120,44,26,3,11,99,81,6154,4113,37,073,4362
2000,37075,"Graham County, North Carolina",7993,7346,15,547,13,1,10,61,60,7303,15,37,075,690
2000,37077,"Granville County, North Carolina",48498,29459,16943,222,176,9,1177,512,1951,28777,16854,37,077,19721
2000,37079,"Greene County, North Carolina",18974,9835,7820,57,17,2,1091,152,1511,9508,7792,37,079,9466
2000,37081,"Guilford County, North Carolina",421048,271686,123253,1944,10294,130,7615,6126,15985,264847,122279,37,081,156201
2000,37083,"Halifax County, North Carolina",57370,24424,30151,1801,312,10,267,405,579,24269,30018,37,083,33101
2000,37085,"Harnett County, North Carolina",91025,64744,20481,794,591,61,2924,1430,5336,62708,20371,37,085,28317
2000,37087,"Haywood County, North Carolina",54033,52330,684,266,114,20,237,382,763,51870,674,37,087,2163
2000,37089,"Henderson County, North Carolina",89173,82505,2725,245,546,16,2237,899,4880,80118,2686,37,089,9055
2000,37091,"Hertford County, North Carolina",22601,8464,13459,269,71,5,147,186,354,8374,13375,37,091,14227
2000,37093,"Hoke County, North Carolina",33646,14982,12664,3852,278,52,1100,718,2415,13988,12536,37,093,19658
2000,37095,"Hyde County, North Carolina",5826,3650,2043,18,21,0,49,45,131,3590,2038,37,095,2236
2000,37097,"Iredell County, North Carolina",122660,100785,16762,328,1553,25,2058,1149,4182,99027,16620,37,097,23633
2000,37099,"Jackson County, North Carolina",33121,28378,552,3379,169,6,181,456,577,28093,547,37,099,5028
2000,37101,"Johnston County, North Carolina",121965,95237,19090,494,368,43,5530,1203,9440,91870,18971,37,101,30095
2000,37103,"Jones County, North Carolina",10381,6329,3724,37,16,4,176,95,282,6256,3703,37,103,4125
2000,37105,"Lee County, North Carolina",49040,34343,10032,206,328,19,3593,519,5715,32467,9982,37,105,16573
2000,37107,"Lenoir County, North Carolina",59648,33685,24115,106,202,30,1119,391,1891,33075,24016,37,107,26573
2000,37109,"Lincoln County, North Carolina",63780,57557,4108,172,196,8,1104,635,3656,55290,4067,37,109,8490
2000,37111,"McDowell County, North Carolina",42151,38853,1753,122,388,5,678,352,1214,38373,1716,37,111,3778
2000,37113,"Macon County, North Carolina",29811,28969,357,84,117,5,91,188,454,28628,353,37,113,1183
2000,37115,"Madison County, North Carolina",19635,19169,162,53,45,2,88,116,266,19004,160,37,115,631
2000,37117,"Martin County, North Carolina",25593,13447,11611,74,61,8,231,161,528,13264,11542,37,117,12329
2000,37119,"Mecklenburg County, North Carolina",695454,445250,193838,2439,21889,339,20954,10745,44871,425144,192403,37,119,270310
2000,37121,"Mitchell County, North Carolina",15687,15353,34,70,32,0,104,94,311,15210,33,37,121,477
2000,37123,"Montgomery County, North Carolina",26822,18527,5857,108,431,12,1542,345,2797,17514,5805,37,123,9308
2000,37125,"Moore County, North Carolina",74769,60002,11589,506,332,38,1642,660,2981,58844,11527,37,125,15925
2000,37127,"Nash County, North Carolina",87420,54152,29664,397,495,20,1804,888,2939,53326,29505,37,127,34094
2000,37129,"New Hanover County, North Carolina",160307,128098,27203,627,1333,96,1266,1684,3276,126453,27001,37,129,33854
2000,37131,"Northampton County, North Carolina",22086,8633,13125,71,20,12,86,139,161,8603,13096,37,131,13483
2000,37133,"Onslow County, North Carolina",150355,108351,27790,1108,2526,283,5449,4848,10896,104600,27162,37,133,45755
2000,37135,"Orange County, North Carolina",118227,92272,16298,457,4845,20,2312,2023,5273,89656,16175,37,135,28571
2000,37137,"Pamlico County, North Carolina",12934,9464,3178,68,49,3,76,96,171,9384,3167,37,137,3550
2000,37139,"Pasquotank County, North Carolina",34897,19866,13975,130,300,13,172,441,429,19665,13932,37,139,15232
2000,37141,"Pender County, North Carolina",41082,29882,9689,201,74,14,834,388,1496,29441,9536,37,141,11641
2000,37143,"Perquimans County, North Carolina",11368,8051,3182,20,24,3,15,73,68,8015,3167,37,143,3353
2000,37145,"Person County, North Carolina",35623,24504,10049,218,53,5,487,307,746,24277,10018,37,145,11346
2000,37147,"Pitt County, North Carolina",133798,83061,45019,357,1443,57,2408,1453,4216,81613,44819,37,147,52185
2000,37149,"Polk County, North Carolina",18324,16906,1079,34,44,5,116,140,551,16504,1061,37,149,1820
2000,37151,"Randolph County, North Carolina",130454,116370,7342,582,830,21,3932,1377,8646,112250,7259,37,151,18204
2000,37153,"Richmond County, North Carolina",46564,30193,14215,770,316,15,504,551,1319,29522,14160,37,153,17042
2000,37155,"Robeson County, North Carolina",123339,40460,30973,46896,404,77,2787,1742,5994,37999,30827,37,155,85340
2000,37157,"Rockingham County, North Carolina",91928,71087,17987,250,254,33,1550,767,2825,70023,17922,37,157,21905
2000,37159,"Rowan County, North Carolina",130340,104294,20562,433,1105,35,2610,1301,5369,101859,20440,37,159,28481
2000,37161,"Rutherford County, North Carolina",62899,54592,7066,125,206,20,423,467,1136,53957,7028,37,161,8942
2000,37163,"Sampson County, North Carolina",60161,35955,18018,1086,186,54,4183,679,6477,34190,17871,37,163,25971
2000,37165,"Scotland County, North Carolina",35998,18535,13434,3197,182,7,164,479,423,18398,13364,37,165,17600
2000,37167,"Stanly County, North Carolina",58100,49196,6657,144,1049,11,584,459,1237,48611,6641,37,167,9489
2000,37169,"Stokes County, North Carolina",44711,41774,2084,109,86,23,393,242,836,41379,2068,37,169,3332
2000,37171,"Surry County, North Carolina",71219,64383,2965,165,403,27,2459,817,4620,62668,2911,37,171,8551
2000,37173,"Swain County, North Carolina",12968,8602,221,3765,20,1,63,296,191,8544,214,37,173,4424
2000,37175,"Transylvania County, North Carolina",29334,27476,1235,83,111,7,92,330,298,27305,1228,37,175,2029
2000,37177,"Tyrrell County, North Carolina",4149,2343,1636,8,31,0,85,46,150,2303,1633,37,177,1846
2000,37179,"Union County, North Carolina",123677,102441,15480,475,720,30,3264,1267,7637,98612,15312,37,179,25065
2000,37181,"Vance County, North Carolina",42954,20709,20749,85,167,13,871,360,1957,19894,20604,37,181,23060
2000,37183,"Wake County, North Carolina",627846,454544,123820,2152,21249,212,15548,10321,33985,439160,122648,37,183,188686
2000,37185,"Warren County, North Carolina",19972,7769,10882,957,26,5,157,176,317,7696,10816,37,185,12276
2000,37187,"Washington County, North Carolina",13723,6626,6716,7,44,6,228,96,311,6555,6702,37,187,7168
2000,37189,"Watauga County, North Carolina",42695,41181,680,108,251,16,194,265,622,40744,673,37,189,1951
2000,37191,"Wayne County, North Carolina",113329,69452,37422,412,1088,55,3483,1417,5604,67756,37230,37,191,45573
2000,37193,"Wilkes County, North Carolina",65632,61008,2733,95,213,25,1124,434,2262,59977,2719,37,193,5655
2000,37195,"Wilson County, North Carolina",73814,41210,29032,199,310,16,2367,680,4457,39498,28886,37,195,34316
2000,37197,"Yadkin County, North Carolina",36348,33638,1246,59,62,7,1057,279,2357,32446,1219,37,197,3902
2000,37199,"Yancey County, North Carolina",17774,17417,101,60,23,0,73,100,478,17033,101,37,199,741
2000,38001,"Adams County, North Dakota",2593,2554,14,8,4,1,3,9,7,2550,14,38,001,43
2000,38003,"Barnes County, North Dakota",11775,11529,53,90,22,0,14,67,64,11477,53,38,003,298
2000,38005,"Benson County, North Dakota",6964,3541,7,3346,1,1,11,57,55,3533,7,38,005,3431
2000,38007,"Billings County, North Dakota",888,877,0,1,0,1,1,8,3,874,0,38,007,14
2000,38009,"Bottineau County, North Dakota",7149,6950,16,104,13,1,8,57,35,6935,15,38,009,214
2000,38011,"Bowman County, North Dakota",3242,3209,1,5,1,0,5,21,22,3195,1,38,011,47
2000,38013,"Burke County, North Dakota",2242,2225,3,5,3,0,1,5,8,2220,3,38,013,22
2000,38015,"Burleigh County, North Dakota",69416,65966,182,2276,275,19,109,589,468,65686,166,38,015,3730
2000,38017,"Cass County, North Dakota",123138,117106,996,1325,1551,43,530,1587,1518,116263,978,38,017,6875
2000,38019,"Cavalier County, North Dakota",4831,4739,7,25,5,0,5,50,31,4720,6,38,019,111
2000,38021,"Dickey County, North Dakota",5757,5629,6,20,29,0,32,41,78,5584,6,38,021,173
2000,38023,"Divide County, North Dakota",2283,2260,0,3,12,0,4,4,14,2251,0,38,023,32
2000,38025,"Dunn County, North Dakota",3600,3117,1,448,3,0,0,31,27,3101,1,38,025,499
2000,38027,"Eddy County, North Dakota",2757,2657,2,65,4,2,7,20,17,2649,2,38,027,108
2000,38029,"Emmons County, North Dakota",4331,4290,2,6,7,8,13,5,50,4257,2,38,029,74
2000,38031,"Foster County, North Dakota",3759,3722,5,16,0,0,2,14,7,3717,5,38,031,42
2000,38033,"Golden Valley County, North Dakota",1924,1881,0,14,2,0,6,21,20,1870,0,38,033,54
2000,38035,"Grand Forks County, North Dakota",66109,61479,904,1525,646,44,475,1036,1359,60801,871,38,035,5308
2000,38037,"Grant County, North Dakota",2841,2753,0,49,10,0,10,19,17,2746,0,38,037,95
2000,38039,"Griggs County, North Dakota",2754,2735,0,6,4,0,4,5,11,2729,0,38,039,25
2000,38041,"Hettinger County, North Dakota",2715,2686,4,10,2,2,1,10,6,2681,4,38,041,34
2000,38043,"Kidder County, North Dakota",2753,2739,5,3,2,0,0,4,16,2723,5,38,043,30
2000,38045,"LaMoure County, North Dakota",4701,4665,1,8,6,0,5,16,26,4648,0,38,045,53
2000,38047,"Logan County, North Dakota",2308,2289,2,3,4,0,3,7,16,2275,2,38,047,33
2000,38049,"McHenry County, North Dakota",5987,5911,5,24,2,0,3,42,24,5896,5,38,049,91
2000,38051,"McIntosh County, North Dakota",3390,3352,0,5,10,1,3,19,28,3329,0,38,051,61
2000,38053,"McKenzie County, North Dakota",5737,4438,4,1215,3,1,8,68,58,4419,4,38,053,1318
2000,38055,"McLean County, North Dakota",9311,8615,2,554,11,1,18,110,81,8592,2,38,055,719
2000,38057,"Mercer County, North Dakota",8644,8302,4,173,22,33,10,100,32,8280,4,38,057,364
2000,38059,"Morton County, North Dakota",25303,24246,40,604,77,2,40,294,164,24161,38,38,059,1142
2000,38061,"Mountrail County, North Dakota",6631,4376,6,1988,14,3,17,227,87,4358,6,38,061,2273
2000,38063,"Nelson County, North Dakota",3715,3662,3,13,11,0,4,22,6,3661,3,38,063,54
2000,38065,"Oliver County, North Dakota",2065,2015,3,26,2,0,0,19,13,2005,1,38,065,60
2000,38067,"Pembina County, North Dakota",8585,8198,13,123,18,0,109,124,264,8058,12,38,067,527
2000,38069,"Pierce County, North Dakota",4675,4605,5,32,12,0,2,19,28,4584,4,38,069,91
2000,38071,"Ramsey County, North Dakota",12066,11138,25,651,31,3,20,198,63,11112,22,38,071,954
2000,38073,"Ransom County, North Dakota",5890,5768,11,19,15,0,22,55,48,5749,11,38,073,141
2000,38075,"Renville County, North Dakota",2610,2551,6,17,12,0,3,21,19,2535,6,38,075,75
2000,38077,"Richland County, North Dakota",17998,17428,62,299,44,6,25,134,123,17337,62,38,077,661
2000,38079,"Rolette County, North Dakota",13674,3435,10,9983,10,0,16,220,110,3416,10,38,079,10258
2000,38081,"Sargent County, North Dakota",4366,4289,2,20,2,0,24,29,32,4278,2,38,081,88
2000,38083,"Sheridan County, North Dakota",1710,1697,2,7,0,0,1,3,6,1692,2,38,083,18
2000,38085,"Sioux County, North Dakota",4044,580,1,3421,1,2,3,36,65,577,1,38,085,3467
2000,38087,"Slope County, North Dakota",767,765,0,1,0,0,0,1,1,764,0,38,087,3
2000,38089,"Stark County, North Dakota",22636,22074,51,212,52,6,64,177,236,21922,47,38,089,714
2000,38091,"Steele County, North Dakota",2258,2220,1,14,1,0,5,17,4,2220,1,38,091,38
2000,38093,"Stutsman County, North Dakota",21908,21367,61,206,80,9,45,140,204,21241,55,38,093,667
2000,38095,"Towner County, North Dakota",2876,2799,2,59,2,0,1,13,5,2797,2,38,095,79
2000,38097,"Traill County, North Dakota",8477,8249,9,80,13,1,81,44,185,8170,9,38,097,307
2000,38099,"Walsh County, North Dakota",12389,11752,41,126,24,2,311,133,700,11436,24,38,099,953
2000,38101,"Ward County, North Dakota",58795,54327,1305,1215,483,36,428,1001,1125,53786,1262,38,101,5009
2000,38103,"Wells County, North Dakota",5102,5057,7,12,12,0,1,13,15,5044,7,38,103,58
2000,38105,"Williams County, North Dakota",19761,18367,24,869,36,2,27,436,185,18245,18,38,105,1516
2000,39001,"Adams County, Ohio",27330,26721,48,187,34,9,31,300,175,26604,47,39,001,726
2000,39003,"Allen County, Ohio",108473,92147,13225,224,601,13,686,1577,1545,91356,13130,39,003,17117
2000,39005,"Ashland County, Ohio",52523,51231,424,57,287,15,112,397,339,51021,419,39,005,1502
2000,39007,"Ashtabula County, Ohio",102728,96635,3247,195,346,25,878,1402,2292,95484,3165,39,007,7244
2000,39009,"Athens County, Ohio",62223,58166,1485,177,1184,14,224,973,639,57768,1467,39,009,4455
2000,39011,"Auglaize County, Ohio",46611,45735,110,86,189,13,93,385,310,45553,109,39,011,1058
2000,39013,"Belmont County, Ohio",70226,66698,2553,97,213,13,109,543,274,66512,2547,39,013,3714
2000,39015,"Brown County, Ohio",42285,41474,389,76,54,2,35,255,185,41342,381,39,015,943
2000,39017,"Butler County, Ohio",332807,303510,17531,693,5147,115,2066,3745,4771,301078,17398,39,017,31729
2000,39019,"Carroll County, Ohio",28836,28316,155,93,33,7,26,206,158,28193,153,39,019,643
2000,39021,"Champaign County, Ohio",38890,37230,894,120,99,8,120,419,269,37079,891,39,021,1811
2000,39023,"Clark County, Ohio",144742,127541,12954,402,761,31,767,2286,1699,126748,12867,39,023,17994
2000,39025,"Clermont County, Ohio",177977,172866,1621,333,1129,33,467,1528,1547,171858,1602,39,025,6119
2000,39027,"Clinton County, Ohio",40543,38917,886,107,154,1,83,395,266,38749,881,39,027,1794
2000,39029,"Columbiana County, Ohio",112075,108071,2468,203,262,19,167,885,1309,107045,2423,39,029,5030
2000,39031,"Coshocton County, Ohio",36655,35685,399,62,118,10,72,309,216,35557,395,39,031,1098
2000,39033,"Crawford County, Ohio",46966,46022,279,93,145,9,113,305,361,45787,275,39,033,1179
2000,39035,"Cuyahoga County, Ohio",1393978,938863,382634,2529,25245,338,20962,23407,47078,918577,379397,39,035,475401
2000,39037,"Darke County, Ohio",53309,52290,208,89,132,12,182,396,457,52046,204,39,037,1263
2000,39039,"Defiance County, Ohio",39500,36575,692,102,142,9,1417,563,2857,35471,657,39,039,4029
2000,39041,"Delaware County, Ohio",109989,103663,2774,157,1690,38,416,1251,1109,102943,2743,39,041,7046
2000,39043,"Erie County, Ohio",79551,70514,6876,164,298,4,420,1275,1664,69510,6820,39,043,10041
2000,39045,"Fairfield County, Ohio",122759,116803,3274,244,890,27,282,1239,993,116201,3245,39,045,6558
2000,39047,"Fayette County, Ohio",28433,27182,589,44,130,2,157,329,352,27022,568,39,047,1411
2000,39049,"Franklin County, Ohio",1068978,806851,191196,2899,32784,466,10992,23790,24279,795660,189652,39,049,273318
2000,39051,"Fulton County, Ohio",42084,40254,103,110,175,15,973,454,2422,39011,93,39,051,3073
2000,39053,"Gallia County, Ohio",31069,29596,839,134,110,0,46,344,191,29458,834,39,053,1611
2000,39055,"Geauga County, Ohio",90895,88553,1110,69,385,10,123,645,538,88161,1104,39,055,2734
2000,39057,"Greene County, Ohio",147886,131975,9414,434,2995,51,565,2452,1813,130857,9332,39,057,17029
2000,39059,"Guernsey County, Ohio",40792,39275,623,125,122,2,91,554,254,39108,622,39,059,1684
2000,39061,"Hamilton County, Ohio",845303,616487,198061,1481,13602,242,4301,11129,9514,611767,197192,39,061,233536
2000,39063,"Hancock County, Ohio",71295,67832,789,128,867,11,868,800,2187,66733,756,39,063,4562
2000,39065,"Hardin County, Ohio",31945,31159,224,81,138,1,72,270,248,31009,220,39,065,936
2000,39067,"Harrison County, Ohio",15856,15300,348,13,17,1,14,163,59,15264,346,39,067,592
2000,39069,"Henry County, Ohio",29210,27845,169,77,124,0,747,248,1576,27151,166,39,069,2059
2000,39071,"Highland County, Ohio",40875,39599,612,99,129,15,62,359,216,39472,603,39,071,1403
2000,39073,"Hocking County, Ohio",28241,27547,259,82,22,0,22,309,124,27439,257,39,073,802
2000,39075,"Holmes County, Ohio",38943,38564,127,22,24,3,49,154,292,38330,122,39,075,613
2000,39077,"Huron County, Ohio",59487,57094,575,106,150,5,971,586,2117,56057,557,39,077,3430
2000,39079,"Jackson County, Ohio",32641,31953,193,111,56,8,53,267,197,31832,192,39,079,809
2000,39081,"Jefferson County, Ohio",73894,68341,4200,147,247,14,187,758,459,68049,4192,39,081,5845
2000,39083,"Knox County, Ohio",54500,53226,367,112,188,9,112,486,371,52989,361,39,083,1511
2000,39085,"Lake County, Ohio",227511,217041,4527,251,2048,41,1505,2098,3879,214881,4447,39,085,12630
2000,39087,"Lawrence County, Ohio",62319,60169,1302,112,117,4,66,549,355,59915,1297,39,087,2404
2000,39089,"Licking County, Ohio",145491,139147,2990,435,849,29,434,1607,1107,138498,2966,39,089,6993
2000,39091,"Logan County, Ohio",46005,44233,786,94,185,13,123,571,332,44047,778,39,091,1958
2000,39093,"Lorain County, Ohio",284664,243514,24203,845,1703,74,8160,6165,19676,234597,23365,39,093,50067
2000,39095,"Lucas County, Ohio",455054,352678,77268,1179,5527,92,8468,9842,20670,343146,76495,39,095,111908
2000,39097,"Madison County, Ohio",40213,36896,2511,80,175,6,139,406,294,36744,2505,39,097,3469
2000,39099,"Mahoning County, Ohio",257555,208727,40884,445,1220,62,2656,3561,7640,204969,40270,39,099,52586
2000,39101,"Marion County, Ohio",66217,60987,3805,126,344,6,323,626,723,60580,3779,39,101,5637
2000,39103,"Medina County, Ohio",151095,146956,1323,232,969,25,375,1215,1399,145960,1304,39,103,5135
2000,39105,"Meigs County, Ohio",23072,22548,159,62,24,0,57,222,138,22461,159,39,105,611
2000,39107,"Mercer County, Ohio",40924,40286,39,105,117,9,138,230,470,40014,39,39,107,910
2000,39109,"Miami County, Ohio",98868,94694,1932,190,780,9,273,990,721,94262,1923,39,109,4606
2000,39111,"Monroe County, Ohio",15180,14986,40,23,11,2,17,101,62,14944,38,39,111,236
2000,39113,"Montgomery County, Ohio",559062,428084,111030,1258,7341,196,2718,8435,7096,424183,110454,39,113,134879
2000,39115,"Morgan County, Ohio",14897,13952,508,52,12,0,39,334,61,13908,504,39,115,989
2000,39117,"Morrow County, Ohio",31628,31111,85,94,46,1,58,233,183,30984,84,39,117,644
2000,39119,"Muskingum County, Ohio",84585,79438,3392,180,231,17,167,1160,436,79122,3364,39,119,5463
2000,39121,"Noble County, Ohio",14058,13010,940,37,13,0,4,54,60,12959,938,39,121,1099
2000,39123,"Ottawa County, Ohio",40985,39576,265,85,94,20,589,356,1535,38767,260,39,123,2218
2000,39125,"Paulding County, Ohio",20293,19451,194,58,31,3,286,270,612,19227,188,39,125,1066
2000,39127,"Perry County, Ohio",34078,33581,74,95,33,4,31,260,152,33473,73,39,127,605
2000,39129,"Pickaway County, Ohio",52727,48482,3391,148,117,17,80,492,333,48250,3383,39,129,4477
2000,39131,"Pike County, Ohio",27695,26786,246,204,51,10,20,378,155,26666,240,39,131,1029
2000,39133,"Portage County, Ohio",152061,143545,4840,277,1246,20,328,1805,1093,142825,4812,39,133,9236
2000,39135,"Preble County, Ohio",42337,41691,136,91,111,7,47,254,181,41577,135,39,135,760
2000,39137,"Putnam County, Ohio",34726,33426,58,53,61,2,872,254,1521,32916,45,39,137,1810
2000,39139,"Richland County, Ohio",128852,113600,12151,263,656,38,493,1651,1200,112910,12082,39,139,15942
2000,39141,"Ross County, Ohio",73345,67288,4544,226,259,14,136,878,429,66991,4534,39,141,6354
2000,39143,"Sandusky County, Ohio",61792,56974,1650,80,177,5,1913,993,4298,55015,1620,39,143,6777
2000,39145,"Scioto County, Ohio",79195,75139,2163,502,189,19,144,1039,477,74859,2147,39,145,4336
2000,39147,"Seneca County, Ohio",58683,55770,1033,103,222,5,817,733,1972,54821,1016,39,147,3862
2000,39149,"Shelby County, Ohio",47910,46011,714,80,464,25,113,503,383,45769,710,39,149,2141
2000,39151,"Stark County, Ohio",378098,341342,27219,920,2059,57,1098,5403,3492,339010,27039,39,151,39088
2000,39153,"Summit County, Ohio",542899,453336,71608,1086,7641,100,1590,7538,4781,450620,71218,39,153,92279
2000,39155,"Trumbull County, Ohio",225116,203084,17778,333,1014,34,472,2401,1794,201953,17628,39,155,23163
2000,39157,"Tuscarawas County, Ohio",90914,88976,663,154,220,43,195,663,650,88576,655,39,157,2338
2000,39159,"Union County, Ohio",40909,38965,1149,75,221,7,92,400,309,38795,1139,39,159,2114
2000,39161,"Van Wert County, Ohio",29659,28896,222,33,57,0,223,228,462,28687,222,39,161,972
2000,39163,"Vinton County, Ohio",12806,12560,45,58,11,0,10,122,60,12518,45,39,163,288
2000,39165,"Warren County, Ohio",158383,149919,4327,282,1991,47,485,1332,1633,148850,4272,39,165,9533
2000,39167,"Washington County, Ohio",63251,61563,585,151,274,29,85,564,324,61320,580,39,167,1931
2000,39169,"Wayne County, Ohio",111564,107677,1749,183,740,15,264,936,837,107151,1723,39,169,4413
2000,39171,"Williams County, Ohio",39188,37821,283,89,202,3,466,324,1049,37338,278,39,171,1850
2000,39173,"Wood County, Ohio",121065,114802,1540,274,1247,18,1756,1428,4033,112913,1492,39,173,8152
2000,39175,"Wyandot County, Ohio",22908,22429,32,19,115,1,169,143,334,22289,32,39,175,619
2000,40001,"Adair County, Oklahoma",21038,10207,38,8938,20,5,262,1568,657,10035,33,40,001,11003
2000,40003,"Alfalfa County, Oklahoma",6105,5459,256,167,7,3,84,129,177,5394,250,40,003,711
2000,40005,"Atoka County, Oklahoma",13879,10528,814,1578,32,2,80,845,196,10464,814,40,005,3415
2000,40007,"Beaver County, Oklahoma",5857,5430,17,73,6,2,220,109,630,5072,15,40,007,785
2000,40009,"Beckham County, Oklahoma",19799,17236,1098,510,81,4,443,427,1079,16760,1058,40,009,3039
2000,40011,"Blaine County, Oklahoma",11976,9136,797,1042,85,97,343,476,793,8822,782,40,011,3154
2000,40013,"Bryan County, Oklahoma",36534,29236,520,4443,159,13,394,1769,967,28820,519,40,013,7714
2000,40015,"Caddo County, Oklahoma",30150,19763,881,7320,52,5,813,1316,1894,19314,872,40,015,10836
2000,40017,"Canadian County, Oklahoma",87697,76301,1892,3745,2146,42,1186,2385,3386,74568,1833,40,017,13129
2000,40019,"Carter County, Oklahoma",45621,35550,3467,3770,276,14,516,2028,1269,35055,3435,40,019,10566
2000,40021,"Cherokee County, Oklahoma",42521,23985,509,13787,116,17,893,3214,1760,23483,504,40,021,19038
2000,40023,"Choctaw County, Oklahoma",15342,10517,1678,2295,24,3,73,752,246,10409,1671,40,023,4933
2000,40025,"Cimarron County, Oklahoma",3148,2700,18,32,5,0,313,80,485,2551,17,40,025,597
2000,40027,"Cleveland County, Oklahoma",208016,173909,7403,9162,5913,99,2880,8650,8396,169533,7299,40,027,38483
2000,40029,"Coal County, Oklahoma",6031,4534,22,1044,19,0,45,367,129,4491,22,40,029,1540
2000,40031,"Comanche County, Oklahoma",114996,74988,21847,5904,2405,455,4001,5396,9675,71304,21381,40,031,43692
2000,40033,"Cotton County, Oklahoma",6614,5602,189,491,8,2,120,202,321,5475,188,40,033,1139
2000,40035,"Craig County, Oklahoma",14950,10246,462,2439,27,4,72,1700,179,10175,459,40,035,4775
2000,40037,"Creek County, Oklahoma",67367,55425,1724,6120,179,17,423,3479,1283,54843,1702,40,037,12524
2000,40039,"Custer County, Oklahoma",26142,21283,751,1518,229,10,1515,836,2361,20743,739,40,039,5399
2000,40041,"Delaware County, Oklahoma",37077,26037,50,8273,64,14,217,2422,649,25745,46,40,041,11332
2000,40043,"Dewey County, Oklahoma",4743,4371,6,220,3,1,34,108,127,4299,6,40,043,444
2000,40045,"Ellis County, Oklahoma",4075,3924,2,49,4,0,30,66,106,3864,2,40,045,211
2000,40047,"Garfield County, Oklahoma",57813,51253,1885,1219,491,281,1168,1516,2387,50267,1860,40,047,7546
2000,40049,"Garvin County, Oklahoma",27210,23109,695,2004,62,10,420,910,924,22705,692,40,049,4505
2000,40051,"Grady County, Oklahoma",45516,39742,1391,2206,155,19,509,1494,1316,39168,1379,40,051,6348
2000,40053,"Grant County, Oklahoma",5144,4903,4,126,7,1,36,67,95,4851,4,40,053,293
2000,40055,"Greer County, Oklahoma",6061,4937,532,150,16,1,242,183,451,4769,528,40,055,1292
2000,40057,"Harmon County, Oklahoma",3283,2385,321,37,6,1,470,63,748,2161,303,40,057,1122
2000,40059,"Harper County, Oklahoma",3562,3415,1,33,3,1,84,25,201,3310,1,40,059,252
2000,40061,"Haskell County, Oklahoma",11792,9226,72,1722,34,0,53,685,177,9134,72,40,061,2658
2000,40063,"Hughes County, Oklahoma",14154,10300,634,2290,30,3,139,758,353,10164,632,40,063,3990
2000,40065,"Jackson County, Oklahoma",28439,21654,2285,494,331,47,2655,973,4446,20329,2245,40,065,8110
2000,40067,"Jefferson County, Oklahoma",6818,5941,47,357,77,2,195,199,478,5709,38,40,067,1109
2000,40069,"Johnston County, Oklahoma",10513,7999,174,1611,28,5,130,566,260,7927,174,40,069,2586
2000,40071,"Kay County, Oklahoma",48080,40463,860,3621,253,12,950,1921,2045,39687,850,40,071,8393
2000,40073,"Kingfisher County, Oklahoma",13926,12267,221,420,30,1,605,382,961,11992,213,40,073,1934
2000,40075,"Kiowa County, Oklahoma",10227,8544,478,645,32,6,274,248,689,8234,466,40,075,1993
2000,40077,"Latimer County, Oklahoma",10692,7806,103,2076,19,1,55,632,164,7747,99,40,077,2945
2000,40079,"Le Flore County, Oklahoma",48109,38657,1065,5157,103,14,694,2419,1849,37707,1059,40,079,10402
2000,40081,"Lincoln County, Oklahoma",32080,27726,790,2109,80,6,143,1226,483,27498,780,40,081,4582
2000,40083,"Logan County, Oklahoma",33924,27676,3739,985,115,16,406,987,987,27225,3700,40,083,6699
2000,40085,"Love County, Oklahoma",8831,7431,193,566,23,1,316,301,619,7179,191,40,085,1652
2000,40087,"McClain County, Oklahoma",27740,24207,183,1555,62,9,621,1103,1349,23669,175,40,087,4071
2000,40089,"McCurtain County, Oklahoma",34402,24267,3200,4669,74,4,461,1727,1064,23922,3173,40,089,10480
2000,40091,"McIntosh County, Oklahoma",19456,14123,790,3152,27,6,68,1290,248,14013,772,40,091,5443
2000,40093,"Major County, Oklahoma",7545,7165,14,68,7,1,181,109,303,7076,14,40,093,469
2000,40095,"Marshall County, Oklahoma",13184,10282,242,1200,25,1,813,621,1134,10087,235,40,095,3097
2000,40097,"Mayes County, Oklahoma",38369,27679,115,7330,108,4,237,2896,718,27373,111,40,097,10996
2000,40099,"Murray County, Oklahoma",12623,10194,240,1460,41,4,146,538,397,9998,236,40,099,2625
2000,40101,"Muskogee County, Oklahoma",69451,44261,9142,10331,404,22,828,4463,1857,43606,9076,40,101,25845
2000,40103,"Noble County, Oklahoma",11411,9864,180,864,38,3,74,388,205,9786,179,40,103,1625
2000,40105,"Nowata County, Oklahoma",10569,7655,260,1750,13,0,28,863,130,7596,260,40,105,2973
2000,40107,"Okfuskee County, Oklahoma",11814,7734,1230,2150,10,0,67,623,194,7664,1224,40,107,4150
2000,40109,"Oklahoma County, Oklahoma",660448,465195,99241,22598,18573,512,28773,25556,57336,443160,98217,40,109,217288
2000,40111,"Okmulgee County, Oklahoma",39685,27674,4046,5099,77,7,244,2538,772,27395,4030,40,111,12290
2000,40113,"Osage County, Oklahoma",44437,29779,4817,6410,103,14,279,3035,940,29380,4773,40,113,15057
2000,40115,"Ottawa County, Oklahoma",33194,24612,192,5488,97,45,510,2250,1061,24193,192,40,115,9001
2000,40117,"Pawnee County, Oklahoma",16612,13667,114,2015,34,8,40,734,192,13572,113,40,117,3040
2000,40119,"Payne County, Oklahoma",68190,57508,2476,3126,2044,29,526,2481,1463,56793,2455,40,119,11397
2000,40121,"Pittsburg County, Oklahoma",43953,33932,1768,5493,117,15,344,2284,939,33528,1753,40,121,10425
2000,40123,"Pontotoc County, Oklahoma",35143,26638,725,5451,160,6,278,1885,808,26292,717,40,123,8851
2000,40125,"Pottawatomie County, Oklahoma",65521,52336,1893,7337,395,72,425,3063,1544,51625,1881,40,125,13896
2000,40127,"Pushmataha County, Oklahoma",11667,9097,96,1819,12,7,34,602,191,8997,87,40,127,2670
2000,40129,"Roger Mills County, Oklahoma",3436,3153,10,188,3,0,18,64,91,3100,10,40,129,336
2000,40131,"Rogers County, Oklahoma",70641,56427,512,8533,228,20,399,4522,1294,55774,504,40,131,14867
2000,40133,"Seminole County, Oklahoma",24894,17610,1391,4328,54,12,184,1315,552,17401,1375,40,133,7493
2000,40135,"Sequoyah County, Oklahoma",38972,26548,725,7654,86,13,288,3658,793,26284,715,40,135,12688
2000,40137,"Stephens County, Oklahoma",43182,38158,950,2123,130,15,623,1183,1709,37228,936,40,137,5954
2000,40139,"Texas County, Oklahoma",20107,15429,142,249,112,21,3641,513,6003,13420,114,40,139,6687
2000,40141,"Tillman County, Oklahoma",9287,6892,838,249,30,3,985,290,1641,6364,828,40,141,2923
2000,40143,"Tulsa County, Oklahoma",563299,422581,61656,29316,9120,255,15583,24788,33616,408149,61089,40,143,155150
2000,40145,"Wagoner County, Oklahoma",57491,46032,2158,5393,296,12,490,3110,1437,45352,2135,40,145,12139
2000,40147,"Washington County, Oklahoma",48996,39771,1221,4214,365,6,445,2974,1293,39137,1205,40,147,9859
2000,40149,"Washita County, Oklahoma",11508,10623,50,342,30,3,251,209,516,10406,50,40,149,1102
2000,40151,"Woods County, Oklahoma",9089,8490,216,146,48,3,51,135,220,8354,212,40,151,735
2000,40153,"Woodward County, Oklahoma",18486,17050,204,382,89,3,462,296,896,16692,202,40,153,1794
2000,41001,"Baker County, Oregon",16741,16018,39,182,64,7,154,277,392,15838,37,41,001,903
2000,41003,"Benton County, Oregon",78153,69678,658,619,3506,188,1503,2001,3645,67816,637,41,003,10337
2000,41005,"Clackamas County, Oregon",338391,308852,2233,2416,8292,569,7699,8330,16744,301548,2056,41,005,36843
2000,41007,"Clatsop County, Oregon",35630,33185,185,367,430,60,585,818,1597,32364,156,41,007,3266
2000,41009,"Columbia County, Oregon",43560,41130,105,580,255,43,344,1103,1093,40576,97,41,009,2984
2000,41011,"Coos County, Oregon",62779,57740,194,1515,568,107,664,1991,2133,56616,169,41,011,6163
2000,41013,"Crook County, Oregon",19182,17830,8,250,82,6,731,275,1082,17532,6,41,013,1650
2000,41015,"Curry County, Oregon",21137,19634,32,452,147,24,234,614,761,19206,31,41,015,1931
2000,41017,"Deschutes County, Oregon",115367,109423,222,956,849,85,1574,2258,4304,107177,207,41,017,8190
2000,41019,"Douglas County, Oregon",100399,94234,177,1530,628,93,1025,2712,3283,92302,165,41,019,8097
2000,41021,"Gilliam County, Oregon",1915,1853,3,16,3,0,22,18,35,1839,3,41,021,76
2000,41023,"Grant County, Oregon",7935,7593,8,127,15,3,54,135,163,7506,8,41,023,429
2000,41025,"Harney County, Oregon",7609,6995,10,302,39,5,99,159,316,6823,9,41,025,786
2000,41027,"Hood River County, Oregon",20411,16099,117,229,301,25,3137,503,5107,14426,66,41,027,5985
2000,41029,"Jackson County, Oregon",181269,166125,724,1980,1631,322,5218,5269,12126,160795,674,41,029,20474
2000,41031,"Jefferson County, Oregon",19009,13113,50,2981,57,42,2152,614,3372,12335,43,41,031,6674
2000,41033,"Josephine County, Oregon",75726,71103,202,949,476,83,883,2030,3229,69233,192,41,033,6493
2000,41035,"Klamath County, Oregon",63775,55695,404,2672,512,79,2200,2213,4961,53659,362,41,035,10116
2000,41037,"Lake County, Oregon",7422,6752,10,176,53,10,237,184,404,6617,8,41,037,805
2000,41039,"Lane County, Oregon",322959,292728,2506,3642,6470,599,6292,10722,14874,286075,2391,41,039,36884
2000,41041,"Lincoln County, Oregon",44479,40292,132,1397,413,70,737,1438,2119,39260,113,41,041,5219
2000,41043,"Linn County, Oregon",103069,96059,327,1313,799,151,1855,2565,4514,94012,285,41,043,9057
2000,41045,"Malheur County, Oregon",31615,23959,387,322,619,24,5496,808,8099,21752,369,41,045,9863
2000,41047,"Marion County, Oregon",284834,232469,2539,4111,4997,1022,30148,9548,48714,217880,2274,41,047,66954
2000,41049,"Morrow County, Oregon",10995,8386,15,156,46,9,2148,235,2686,7911,14,41,049,3084
2000,41051,"Multnomah County, Oregon",660486,522825,37434,6785,37638,2320,26620,26864,49607,505492,36592,41,051,154994
2000,41053,"Polk County, Oregon",62380,55639,263,1151,683,153,2792,1699,5480,53394,229,41,053,8986
2000,41055,"Sherman County, Oregon",1934,1810,4,27,9,0,54,30,94,1782,0,41,055,152
2000,41057,"Tillamook County, Oregon",24262,22772,54,289,157,50,459,481,1244,22086,42,41,057,2176
2000,41059,"Umatilla County, Oregon",70548,57852,582,2375,530,124,7529,1556,11366,54670,535,41,059,15878
2000,41061,"Union County, Oregon",24530,23129,124,208,209,151,299,410,600,22843,117,41,061,1687
2000,41063,"Wallowa County, Oregon",7226,6973,2,51,17,3,69,111,125,6918,2,41,063,308
2000,41065,"Wasco County, Oregon",23791,20599,71,906,191,119,1344,561,2214,19967,65,41,065,3824
2000,41067,"Washington County, Oregon",445342,366007,5119,2913,29752,1325,26100,14126,49735,346251,4778,41,067,99091
2000,41069,"Wheeler County, Oregon",1547,1444,1,13,4,1,54,30,79,1431,1,41,069,116
2000,41071,"Yamhill County, Oregon",84992,75628,721,1253,908,104,4321,2057,9017,71684,592,41,071,13308
2000,42001,"Adams County, Pennsylvania",91292,87088,1105,184,448,21,1559,887,3323,85558,1046,42,001,5734
2000,42003,"Allegheny County, Pennsylvania",1281666,1080800,159058,1593,21716,335,4399,13765,11166,1074129,158049,42,003,207537
2000,42005,"Armstrong County, Pennsylvania",72392,71173,592,66,89,13,97,362,308,70976,578,42,005,1416
2000,42007,"Beaver County, Pennsylvania",181412,167890,10811,190,458,24,362,1677,1315,167018,10728,42,007,14394
2000,42009,"Bedford County, Pennsylvania",49984,49253,178,54,143,7,78,271,263,49089,167,42,009,895
2000,42011,"Berks County, Pennsylvania",373638,329460,13778,611,3785,77,20317,5610,36357,317025,12478,42,011,56613
2000,42013,"Blair County, Pennsylvania",129144,126059,1535,109,463,19,180,779,662,125641,1495,42,013,3503
2000,42015,"Bradford County, Pennsylvania",62761,61471,251,193,285,4,121,436,398,61219,249,42,015,1542
2000,42017,"Bucks County, Pennsylvania",597635,552588,19495,765,13627,164,4932,6064,14005,544733,18970,42,017,52902
2000,42019,"Butler County, Pennsylvania",174083,170302,1367,149,978,54,293,940,1016,169634,1343,42,019,4449
2000,42021,"Cambria County, Pennsylvania",152598,146183,4322,132,573,37,374,977,1352,145330,4224,42,021,7268
2000,42023,"Cameron County, Pennsylvania",5974,5904,21,8,7,3,3,28,34,5882,21,42,023,92
2000,42025,"Carbon County, Pennsylvania",58802,57520,353,96,183,20,186,444,858,56952,333,42,025,1850
2000,42027,"Centre County, Pennsylvania",135758,124134,3544,184,5373,94,1003,1426,2243,123055,3469,42,027,12703
2000,42029,"Chester County, Pennsylvania",433501,386745,27040,645,8468,140,5852,4611,16126,377925,26395,42,029,55576
2000,42031,"Clarion County, Pennsylvania",41765,40998,329,45,142,2,32,217,172,40867,325,42,031,898
2000,42033,"Clearfield County, Pennsylvania",83382,81218,1239,97,220,10,216,382,471,81005,1236,42,033,2377
2000,42035,"Clinton County, Pennsylvania",37914,37264,197,42,151,9,55,196,205,37125,189,42,035,789
2000,42037,"Columbia County, Pennsylvania",64151,62602,516,94,334,21,213,371,609,62269,481,42,037,1882
2000,42039,"Crawford County, Pennsylvania",90366,87653,1437,184,254,23,117,698,537,87263,1428,42,039,3103
2000,42041,"Cumberland County, Pennsylvania",213674,201716,5048,272,3578,77,915,2068,2883,199925,4959,42,041,13749
2000,42043,"Dauphin County, Pennsylvania",251798,194158,42580,415,4931,82,4972,4660,10404,190347,41709,42,043,61451
2000,42045,"Delaware County, Pennsylvania",550864,442449,79981,609,18103,100,3066,6556,8368,438416,79070,42,045,112448
2000,42047,"Elk County, Pennsylvania",35112,34746,52,33,122,15,36,108,142,34643,47,42,047,469
2000,42049,"Erie County, Pennsylvania",280843,255282,17202,464,1929,61,2406,3499,6126,252258,16876,42,049,28585
2000,42051,"Fayette County, Pennsylvania",148644,141657,5223,168,323,18,170,1085,564,141265,5191,42,051,7379
2000,42053,"Forest County, Pennsylvania",4946,4745,110,20,7,0,34,30,60,4719,110,42,053,227
2000,42055,"Franklin County, Pennsylvania",129313,123279,3016,192,717,40,960,1109,2268,122192,2891,42,055,7121
2000,42057,"Fulton County, Pennsylvania",14261,14012,94,29,15,2,6,103,52,13978,87,42,057,283
2000,42059,"Greene County, Pennsylvania",40672,38665,1585,61,87,9,21,244,357,38365,1579,42,059,2307
2000,42061,"Huntingdon County, Pennsylvania",45586,42544,2342,48,94,4,205,349,524,42305,2334,42,061,3281
2000,42063,"Indiana County, Pennsylvania",89605,86796,1407,71,665,8,142,516,457,86493,1391,42,063,3112
2000,42065,"Jefferson County, Pennsylvania",45932,45457,59,75,97,5,32,207,188,45320,49,42,065,612
2000,42067,"Juniata County, Pennsylvania",22821,22376,85,32,57,39,115,117,369,22205,68,42,067,616
2000,42069,"Lackawanna County, Pennsylvania",213295,206160,2793,185,1602,22,1120,1413,2958,204560,2662,42,069,8735
2000,42071,"Lancaster County, Pennsylvania",470658,430456,12993,681,6802,158,13669,5899,26742,420366,11837,42,071,50292
2000,42073,"Lawrence County, Pennsylvania",94643,89894,3416,95,258,9,176,795,529,89573,3393,42,073,5070
2000,42075,"Lebanon County, Pennsylvania",120327,113662,1548,157,1067,43,2716,1134,5969,111034,1298,42,075,9293
2000,42077,"Lehigh County, Pennsylvania",312090,271590,11097,553,6552,116,16474,5708,31881,259811,9798,42,077,52279
2000,42079,"Luzerne County, Pennsylvania",319250,308476,5408,285,1860,47,1359,1815,3713,306528,5202,42,079,12722
2000,42081,"Lycoming County, Pennsylvania",120044,112737,5189,258,509,12,312,1027,799,112306,5141,42,081,7738
2000,42083,"McKean County, Pennsylvania",45936,44312,860,149,139,11,186,279,485,44078,829,42,083,1858
2000,42085,"Mercer County, Pennsylvania",120293,112031,6318,127,486,27,204,1100,803,111507,6279,42,085,8786
2000,42087,"Mifflin County, Pennsylvania",46486,45803,226,38,135,2,83,199,263,45644,216,42,087,842
2000,42089,"Monroe County, Pennsylvania",138687,122342,8343,298,1545,40,3353,2766,9195,117592,7902,42,089,21095
2000,42091,"Montgomery County, Pennsylvania",750097,648510,55969,848,30191,255,5598,8726,15300,640019,55303,42,091,110078
2000,42093,"Montour County, Pennsylvania",18236,17628,185,12,234,0,69,108,167,17552,182,42,093,684
2000,42095,"Northampton County, Pennsylvania",267066,243639,7400,408,3657,80,8176,3706,17868,235666,6886,42,095,31400
2000,42097,"Northumberland County, Pennsylvania",94556,91803,1439,90,211,16,444,553,1041,91314,1397,42,097,3242
2000,42099,"Perry County, Pennsylvania",43602,42964,189,53,65,5,92,234,301,42772,182,42,099,830
2000,42101,"Philadelphia County, Pennsylvania",1517550,683267,655824,4073,67654,729,72429,33574,128928,644395,646123,42,101,873155
2000,42103,"Pike County, Pennsylvania",46302,43109,1513,111,285,3,602,679,2315,41569,1430,42,103,4733
2000,42105,"Potter County, Pennsylvania",18080,17729,52,40,90,5,35,129,103,17660,52,42,105,420
2000,42107,"Schuylkill County, Pennsylvania",150336,145249,3147,114,625,19,531,651,1671,144290,3049,42,107,6046
2000,42109,"Snyder County, Pennsylvania",37546,36768,307,18,156,2,113,182,368,36559,288,42,109,987
2000,42111,"Somerset County, Pennsylvania",80023,77938,1275,65,172,6,250,317,532,77736,1268,42,111,2287
2000,42113,"Sullivan County, Pennsylvania",6556,6266,144,50,10,0,30,56,72,6239,140,42,113,317
2000,42115,"Susquehanna County, Pennsylvania",42238,41621,128,63,92,6,73,255,285,41429,117,42,115,809
2000,42117,"Tioga County, Pennsylvania",41373,40589,250,96,124,4,56,254,214,40452,243,42,117,921
2000,42119,"Union County, Pennsylvania",41624,37496,2878,67,443,17,152,571,1622,36455,2640,42,119,5169
2000,42121,"Venango County, Pennsylvania",57565,56208,626,105,132,11,98,385,298,56016,614,42,121,1549
2000,42123,"Warren County, Pennsylvania",43863,43286,90,82,118,8,52,227,151,43176,89,42,123,687
2000,42125,"Washington County, Pennsylvania",202897,193297,6606,175,725,44,381,1669,1170,192511,6554,42,125,10386
2000,42127,"Wayne County, Pennsylvania",47722,46160,757,69,182,1,249,304,811,45647,731,42,127,2075
2000,42129,"Westmoreland County, Pennsylvania",369993,357325,7446,327,1920,64,548,2363,1869,355944,7375,42,129,14049
2000,42131,"Wyoming County, Pennsylvania",28080,27598,149,47,77,2,41,166,187,27473,137,42,131,607
2000,42133,"York County, Pennsylvania",381751,354103,14095,679,3273,116,5297,4188,11296,349456,13515,42,133,32295
2000,44001,"Bristol County, Rhode Island",50648,49034,349,82,505,14,150,514,572,48651,331,44,001,1997
2000,44003,"Kent County, Rhode Island",167090,159645,1558,388,2241,32,1086,2140,2827,158086,1451,44,003,9004
2000,44005,"Newport County, Rhode Island",85433,78136,3184,365,1054,56,935,1703,2409,76940,2988,44,005,8493
2000,44007,"Providence County, Rhode Island",621602,487235,40685,3143,18007,435,49871,22226,83232,458622,36078,44,007,162980
2000,44009,"Washington County, Rhode Island",123546,117141,1132,1143,1858,30,574,1668,1780,116134,1074,44,009,7412
2000,45001,"Abbeville County, South Carolina",26167,17881,7926,27,59,7,81,186,217,17797,7879,45,001,8370
2000,45003,"Aiken County, South Carolina",142552,101745,36442,566,905,36,1181,1677,3025,100329,36254,45,003,42223
2000,45005,"Allendale County, South Carolina",11211,3068,7960,10,14,7,95,57,181,3030,7927,45,005,8181
2000,45007,"Anderson County, South Carolina",165740,135177,27491,362,703,27,670,1310,1832,134151,27399,45,007,31589
2000,45009,"Bamberg County, South Carolina",16658,6075,10411,27,32,1,23,89,118,6040,10352,45,009,10618
2000,45011,"Barnwell County, South Carolina",23478,12956,9990,81,91,8,182,170,327,12857,9957,45,011,10621
2000,45013,"Beaufort County, South Carolina",120937,85451,29005,321,953,63,3438,1706,8208,81477,28654,45,013,39460
2000,45015,"Berkeley County, South Carolina",142651,96997,37985,748,2671,114,1718,2418,3935,95314,37739,45,015,47337
2000,45017,"Calhoun County, South Carolina",15185,7597,7393,29,21,4,36,105,212,7521,7326,45,017,7664
2000,45019,"Charleston County, South Carolina",309969,191928,106918,813,3463,172,3071,3604,7434,188542,106337,45,019,121427
2000,45021,"Cherokee County, South Carolina",52537,40409,10801,103,163,11,610,440,1092,40013,10751,45,021,12524
2000,45023,"Chester County, South Carolina",34068,20416,13168,112,96,2,85,189,255,20304,13109,45,023,13764
2000,45025,"Chesterfield County, South Carolina",42768,27515,14206,145,128,9,443,322,971,27172,14044,45,025,15596
2000,45027,"Clarendon County, South Carolina",32502,14602,17273,78,84,10,286,169,560,14449,17193,45,027,18053
2000,45029,"Colleton County, South Carolina",38264,21245,16140,242,97,15,213,312,551,21081,16021,45,029,17183
2000,45031,"Darlington County, South Carolina",67394,38402,28104,127,142,6,260,353,658,38161,27970,45,031,29233
2000,45033,"Dillon County, South Carolina",30722,15481,13932,679,103,8,303,216,539,15309,13879,45,033,15413
2000,45035,"Dorchester County, South Carolina",96413,68498,24176,703,1086,66,570,1314,1722,67578,24067,45,035,28835
2000,45037,"Edgefield County, South Carolina",24595,13962,10209,81,59,8,107,169,503,13645,10165,45,037,10950
2000,45039,"Fairfield County, South Carolina",23454,9282,13859,36,44,0,104,129,250,9195,13810,45,039,14259
2000,45041,"Florence County, South Carolina",125761,73760,49474,282,881,21,491,852,1383,73216,49224,45,041,52545
2000,45043,"Georgetown County, South Carolina",55797,33307,21541,77,130,17,453,272,919,33011,21393,45,043,22786
2000,45045,"Greenville County, South Carolina",379616,294324,69455,726,5242,171,5387,4311,14283,286663,69042,45,045,92953
2000,45047,"Greenwood County, South Carolina",66271,43455,21036,116,470,24,681,489,1902,42489,20893,45,047,23782
2000,45049,"Hampton County, South Carolina",21386,9173,11906,43,36,2,133,93,547,8831,11832,45,049,12555
2000,45051,"Horry County, South Carolina",196629,159363,30468,793,1498,121,2281,2105,5057,157040,30206,45,051,39589
2000,45053,"Jasper County, South Carolina",20678,8766,10895,76,92,10,700,139,1190,8374,10852,45,053,12304
2000,45055,"Kershaw County, South Carolina",52647,37701,13840,154,164,18,328,442,886,37226,13780,45,055,15421
2000,45057,"Lancaster County, South Carolina",61351,43577,16479,133,164,12,548,438,978,43245,16397,45,057,18106
2000,45059,"Laurens County, South Carolina",69567,49789,18245,192,101,36,662,542,1352,49358,18172,45,059,20209
2000,45061,"Lee County, South Carolina",20119,7048,12787,27,39,1,118,99,264,6961,12736,45,061,13158
2000,45063,"Lexington County, South Carolina",216014,181844,27274,725,2259,83,1706,2123,4146,179731,27132,45,063,36283
2000,45065,"McCormick County, South Carolina",9958,4459,5365,7,29,3,38,57,86,4426,5349,45,065,5532
2000,45067,"Marion County, South Carolina",35466,14787,19984,90,99,2,320,184,634,14589,19860,45,067,20877
2000,45069,"Marlboro County, South Carolina",28818,12820,14618,968,70,1,68,273,205,12767,14559,45,069,16051
2000,45071,"Newberry County, South Carolina",36108,23115,11958,102,106,33,470,324,1533,22270,11893,45,071,13838
2000,45073,"Oconee County, South Carolina",66215,59025,5550,145,235,13,702,545,1562,58259,5533,45,073,7956
2000,45075,"Orangeburg County, South Carolina",91582,34045,55736,423,396,15,330,637,875,33721,55507,45,075,57861
2000,45077,"Pickens County, South Carolina",110757,99978,7559,179,1312,13,772,944,1879,98961,7517,45,077,11796
2000,45079,"Richland County, South Carolina",320677,161276,144809,782,5501,263,3724,4322,8713,157843,143773,45,079,162834
2000,45081,"Saluda County, South Carolina",19181,12622,5753,44,7,1,631,123,1401,11936,5707,45,081,7245
2000,45083,"Spartanburg County, South Carolina",253791,190569,52775,555,3738,86,3437,2631,7081,187752,52506,45,083,66039
2000,45085,"Sumter County, South Carolina",104646,52462,48850,282,944,58,833,1217,1918,51664,48617,45,085,52982
2000,45087,"Union County, South Carolina",29881,20262,9278,44,55,11,49,182,199,20155,9247,45,087,9726
2000,45089,"Williamsburg County, South Carolina",37217,12184,24660,60,73,0,61,179,273,12101,24546,45,089,25116
2000,45091,"York County, South Carolina",164614,127162,31532,1403,1459,39,1527,1492,3220,125737,31380,45,091,38877
2000,46003,"Aurora County, South Dakota",3058,2926,9,59,3,0,44,17,64,2908,9,46,003,150
2000,46005,"Beadle County, South Dakota",17023,16501,118,161,52,3,44,144,155,16418,118,46,005,605
2000,46007,"Bennett County, South Dakota",3574,1462,10,1861,2,5,6,228,72,1449,10,46,007,2125
2000,46009,"Bon Homme County, South Dakota",7260,6934,45,217,6,0,13,45,42,6920,44,46,009,340
2000,46011,"Brookings County, South Dakota",28220,27194,87,254,377,11,86,211,247,27062,85,46,011,1158
2000,46013,"Brown County, South Dakota",35460,33854,100,964,142,31,63,306,237,33715,97,46,013,1745
2000,46015,"Brule County, South Dakota",5364,4823,14,444,26,1,3,53,26,4807,14,46,015,557
2000,46017,"Buffalo County, South Dakota",2032,332,2,1658,0,0,6,34,18,332,2,46,017,1700
2000,46019,"Butte County, South Dakota",9094,8687,9,150,22,0,99,127,266,8557,7,46,019,537
2000,46021,"Campbell County, South Dakota",1782,1770,0,6,1,0,0,5,4,1766,0,46,021,16
2000,46023,"Charles Mix County, South Dakota",9350,6512,12,2644,9,1,44,128,177,6473,12,46,023,2877
2000,46025,"Clark County, South Dakota",4143,4087,3,25,4,1,8,15,20,4081,3,46,025,62
2000,46027,"Clay County, South Dakota",13537,12560,135,360,264,2,39,177,120,12498,128,46,027,1039
2000,46029,"Codington County, South Dakota",25897,25054,35,365,73,4,148,218,274,24948,32,46,029,949
2000,46031,"Corson County, South Dakota",4181,1555,4,2542,2,0,9,69,89,1551,4,46,031,2630
2000,46033,"Custer County, South Dakota",7275,6851,20,227,13,1,26,137,110,6794,17,46,033,481
2000,46035,"Davison County, South Dakota",18741,18034,51,371,80,4,56,145,130,17988,48,46,035,753
2000,46037,"Day County, South Dakota",6267,5719,8,464,4,3,10,59,24,5714,8,46,037,553
2000,46039,"Deuel County, South Dakota",4498,4431,4,13,8,1,11,30,34,4405,4,46,039,93
2000,46041,"Dewey County, South Dakota",5972,1442,2,4429,7,3,4,85,51,1438,2,46,041,4534
2000,46043,"Douglas County, South Dakota",3458,3391,2,34,5,0,4,22,13,3384,2,46,043,74
2000,46045,"Edmunds County, South Dakota",4367,4332,3,11,4,1,2,14,21,4317,3,46,045,50
2000,46047,"Fall River County, South Dakota",7453,6746,24,451,17,4,22,189,130,6656,24,46,047,797
2000,46049,"Faulk County, South Dakota",2640,2626,2,4,1,0,0,7,6,2620,2,46,049,20
2000,46051,"Grant County, South Dakota",7847,7738,1,34,18,0,31,25,43,7729,1,46,051,118
2000,46053,"Gregory County, South Dakota",4792,4465,2,268,11,0,5,41,41,4432,2,46,053,360
2000,46055,"Haakon County, South Dakota",2196,2117,0,55,2,0,0,22,13,2105,0,46,055,91
2000,46057,"Hamlin County, South Dakota",5540,5456,7,32,10,0,6,29,35,5428,7,46,057,112
2000,46059,"Hand County, South Dakota",3741,3715,1,5,3,0,5,12,11,3709,1,46,059,32
2000,46061,"Hanson County, South Dakota",3139,3124,0,3,4,1,1,6,3,3122,0,46,061,17
2000,46063,"Harding County, South Dakota",1353,1321,4,10,8,0,5,5,22,1307,4,46,063,46
2000,46065,"Hughes County, South Dakota",16481,14654,31,1434,66,3,51,242,201,14564,30,46,065,1917
2000,46067,"Hutchinson County, South Dakota",8075,7980,7,46,8,0,5,29,42,7948,5,46,067,127
2000,46069,"Hyde County, South Dakota",1671,1522,2,133,0,2,2,10,8,1519,2,46,069,152
2000,46071,"Jackson County, South Dakota",2930,1467,1,1402,1,1,4,54,12,1465,1,46,071,1465
2000,46073,"Jerauld County, South Dakota",2295,2272,0,13,3,0,0,7,7,2265,0,46,073,30
2000,46075,"Jones County, South Dakota",1193,1143,0,29,0,1,2,18,4,1141,0,46,075,52
2000,46077,"Kingsbury County, South Dakota",5815,5730,3,23,17,0,11,31,40,5703,3,46,077,112
2000,46079,"Lake County, South Dakota",11276,11023,23,74,61,1,37,57,89,10981,23,46,079,295
2000,46081,"Lawrence County, South Dakota",21802,20884,51,476,72,11,73,235,396,20631,45,46,081,1171
2000,46083,"Lincoln County, South Dakota",24131,23539,82,128,112,4,70,196,169,23470,78,46,083,661
2000,46085,"Lyman County, South Dakota",3895,2522,3,1296,9,0,2,63,18,2512,3,46,085,1383
2000,46087,"McCook County, South Dakota",5832,5766,3,21,12,0,9,21,45,5731,3,46,087,101
2000,46089,"McPherson County, South Dakota",2904,2885,0,8,4,0,1,6,6,2880,0,46,089,24
2000,46091,"Marshall County, South Dakota",4576,4237,4,289,4,0,10,32,35,4221,4,46,091,355
2000,46093,"Meade County, South Dakota",24253,22471,360,495,153,16,147,611,509,22212,346,46,093,2041
2000,46095,"Mellette County, South Dakota",2083,932,0,1092,2,0,5,52,35,926,0,46,095,1157
2000,46097,"Miner County, South Dakota",2884,2848,15,9,3,0,3,6,18,2833,15,46,097,51
2000,46099,"Minnehaha County, South Dakota",148281,137941,2246,2748,1493,76,1536,2241,3187,136632,2217,46,099,11649
2000,46101,"Moody County, South Dakota",6595,5600,19,792,37,0,4,143,50,5576,19,46,101,1019
2000,46103,"Pennington County, South Dakota",88565,76789,755,7162,776,54,605,2424,2341,75797,722,46,103,12768
2000,46105,"Perkins County, South Dakota",3363,3250,5,55,8,0,17,28,25,3245,3,46,105,118
2000,46107,"Potter County, South Dakota",2693,2643,0,22,5,0,2,21,5,2640,0,46,107,53
2000,46109,"Roberts County, South Dakota",10016,6840,10,2991,21,0,3,151,63,6821,10,46,109,3195
2000,46111,"Sanborn County, South Dakota",2675,2645,1,8,10,1,3,7,27,2621,1,46,111,54
2000,46113,"Shannon County, South Dakota",12466,562,10,11743,3,6,28,114,177,554,10,46,113,11912
2000,46115,"Spink County, South Dakota",7454,7272,16,110,7,1,9,39,29,7254,16,46,115,200
2000,46117,"Stanley County, South Dakota",2772,2579,5,136,8,0,4,40,12,2575,5,46,117,197
2000,46119,"Sully County, South Dakota",1556,1522,0,12,2,0,2,18,12,1516,0,46,119,40
2000,46121,"Todd County, South Dakota",9050,1138,8,7747,13,0,19,125,138,1127,8,46,121,7923
2000,46123,"Tripp County, South Dakota",6430,5625,2,720,4,0,5,74,55,5605,2,46,123,825
2000,46125,"Turner County, South Dakota",8849,8748,13,24,15,0,11,38,36,8724,12,46,125,125
2000,46127,"Union County, South Dakota",12584,12187,42,46,168,1,30,110,158,12081,40,46,127,503
2000,46129,"Walworth County, South Dakota",5974,5172,2,703,9,2,4,82,36,5153,2,46,129,821
2000,46135,"Yankton County, South Dakota",21652,20592,252,354,92,4,160,198,395,20365,248,46,135,1287
2000,46137,"Ziebach County, South Dakota",2519,665,0,1821,2,0,3,28,25,664,0,46,137,1855
2000,47001,"Anderson County, Tennessee",71330,66593,2766,226,593,9,274,869,787,66124,2749,47,001,5206
2000,47003,"Bedford County, Tennessee",37586,32640,3189,105,170,20,1025,437,2811,31060,3152,47,003,6526
2000,47005,"Benton County, Tennessee",16537,15948,348,54,40,0,33,114,157,15834,348,47,005,703
2000,47007,"Bledsoe County, Tennessee",12367,11680,458,47,14,3,23,142,138,11583,454,47,007,784
2000,47009,"Blount County, Tennessee",105823,100241,3077,308,759,27,363,1048,1120,99596,3052,47,009,6227
2000,47011,"Bradley County, Tennessee",87965,81792,3511,250,501,14,784,1113,1822,80917,3481,47,011,7048
2000,47013,"Campbell County, Tennessee",39854,39109,120,123,62,15,62,363,269,38913,119,47,013,941
2000,47015,"Cannon County, Tennessee",12826,12424,187,42,15,3,51,104,157,12331,179,47,015,495
2000,47017,"Carroll County, Tennessee",29475,25843,3050,72,47,6,134,323,386,25643,3030,47,017,3832
2000,47019,"Carter County, Tennessee",56742,55316,566,112,146,5,153,444,504,54996,558,47,019,1746
2000,47021,"Cheatham County, Tennessee",35912,34783,532,135,63,17,130,252,437,34506,519,47,021,1406
2000,47023,"Chester County, Tennessee",15540,13696,1558,35,36,0,48,167,150,13612,1557,47,023,1928
2000,47025,"Claiborne County, Tennessee",29862,29202,224,72,85,3,56,220,192,29074,224,47,025,788
2000,47027,"Clay County, Tennessee",7976,7717,115,26,11,9,19,79,108,7664,105,47,027,312
2000,47029,"Cocke County, Tennessee",33565,32277,669,135,52,5,106,321,354,32056,668,47,029,1509
2000,47031,"Coffee County, Tennessee",48014,44858,1724,146,353,15,438,480,1051,44324,1689,47,031,3690
2000,47033,"Crockett County, Tennessee",14532,11910,2088,29,8,0,406,91,793,11549,2077,47,033,2983
2000,47035,"Cumberland County, Tennessee",46802,45917,59,118,113,12,211,372,578,45603,58,47,035,1199
2000,47037,"Davidson County, Tennessee",569891,381783,147696,1679,13275,403,13816,11239,26091,371150,146939,47,037,198741
2000,47039,"Decatur County, Tennessee",11731,11041,407,27,23,3,141,89,229,10954,406,47,039,777
2000,47041,"DeKalb County, Tennessee",17423,16653,250,48,24,3,282,163,633,16338,249,47,041,1085
2000,47043,"Dickson County, Tennessee",43156,40243,1978,172,116,5,204,438,484,40020,1958,47,043,3136
2000,47045,"Dyer County, Tennessee",37279,31835,4795,82,124,9,160,274,434,31602,4784,47,045,5677
2000,47047,"Fayette County, Tennessee",28806,17997,10355,56,63,2,113,220,298,17858,10312,47,047,10948
2000,47049,"Fentress County, Tennessee",16625,16499,18,25,16,0,5,62,90,16419,18,47,049,206
2000,47051,"Franklin County, Tennessee",39270,36206,2157,78,162,13,237,417,620,35877,2145,47,051,3393
2000,47053,"Gibson County, Tennessee",48152,37878,9497,94,67,8,240,368,540,37661,9447,47,053,10491
2000,47055,"Giles County, Tennessee",29447,25454,3476,87,103,3,62,262,266,25281,3450,47,055,4166
2000,47057,"Grainger County, Tennessee",20659,20330,67,32,18,5,82,125,226,20189,67,47,057,470
2000,47059,"Greene County, Tennessee",62909,60659,1329,112,169,15,272,353,641,60309,1320,47,059,2600
2000,47061,"Grundy County, Tennessee",14332,14093,20,43,24,0,50,102,141,14010,19,47,061,322
2000,47063,"Hamblen County, Tennessee",58128,52732,2396,130,335,33,1927,575,3299,51461,2364,47,063,6667
2000,47065,"Hamilton County, Tennessee",307896,235000,62005,900,3924,196,2356,3515,5481,232475,61750,47,065,75421
2000,47067,"Hancock County, Tennessee",6786,6644,33,16,5,1,23,64,25,6625,33,47,067,161
2000,47069,"Hardeman County, Tennessee",28105,16116,11516,74,88,5,85,221,273,15994,11474,47,069,12111
2000,47071,"Hardin County, Tennessee",25578,24277,944,50,42,4,77,184,260,24099,941,47,071,1479
2000,47073,"Hawkins County, Tennessee",53563,52086,830,90,124,8,124,301,417,51799,822,47,073,1764
2000,47075,"Haywood County, Tennessee",19797,9252,10106,24,18,10,273,114,524,9088,10066,47,075,10709
2000,47077,"Henderson County, Tennessee",25522,23085,2042,33,35,3,84,240,247,22932,2034,47,077,2590
2000,47079,"Henry County, Tennessee",31115,27757,2787,59,86,9,122,295,311,27596,2777,47,079,3519
2000,47081,"Hickman County, Tennessee",22295,20893,1009,108,18,3,64,200,222,20761,1007,47,081,1534
2000,47083,"Houston County, Tennessee",8088,7650,268,15,10,5,63,77,101,7611,266,47,083,477
2000,47085,"Humphreys County, Tennessee",17929,17125,527,48,46,2,29,152,148,17030,522,47,085,899
2000,47087,"Jackson County, Tennessee",10984,10834,16,37,7,3,13,74,89,10763,16,47,087,221
2000,47089,"Jefferson County, Tennessee",44294,42370,1027,138,118,18,280,343,588,42102,1016,47,089,2192
2000,47091,"Johnson County, Tennessee",17499,16869,424,60,21,4,40,81,150,16761,420,47,091,738
2000,47093,"Knox County, Tennessee",382032,336571,32987,1007,4937,111,1902,4517,4803,333993,32788,47,093,48039
2000,47095,"Lake County, Tennessee",7954,5300,2481,31,11,0,49,82,109,5268,2464,47,095,2686
2000,47097,"Lauderdale County, Tennessee",27101,17295,9236,169,43,5,142,211,314,17187,9192,47,097,9914
2000,47099,"Lawrence County, Tennessee",39926,38660,587,128,96,9,156,290,399,38431,586,47,099,1495
2000,47101,"Lewis County, Tennessee",11367,11034,165,23,21,0,33,91,136,10940,164,47,101,427
2000,47103,"Lincoln County, Tennessee",31340,28289,2304,155,100,10,108,374,321,28089,2293,47,103,3251
2000,47105,"Loudon County, Tennessee",39086,37482,447,126,84,6,558,383,894,37210,440,47,105,1876
2000,47107,"McMinn County, Tennessee",49015,45445,2195,133,344,12,367,519,884,45030,2172,47,107,3985
2000,47109,"McNairy County, Tennessee",24653,22734,1537,50,32,0,59,241,229,22576,1532,47,109,2077
2000,47111,"Macon County, Tennessee",20386,19949,44,85,48,14,157,89,349,19784,36,47,111,602
2000,47113,"Madison County, Tennessee",91837,59877,29810,150,578,13,616,793,1572,59153,29657,47,113,32684
2000,47115,"Marion County, Tennessee",27776,26201,1149,72,58,3,76,217,202,26089,1144,47,115,1687
2000,47117,"Marshall County, Tennessee",26767,23935,2081,66,84,4,392,205,767,23595,2076,47,117,3172
2000,47119,"Maury County, Tennessee",69498,57262,9904,214,232,14,1003,869,2264,56327,9821,47,119,13171
2000,47121,"Meigs County, Tennessee",11086,10826,138,23,20,0,12,67,63,10788,137,47,121,298
2000,47123,"Monroe County, Tennessee",38961,36962,884,142,140,6,335,492,684,36677,873,47,123,2284
2000,47125,"Montgomery County, Tennessee",134768,98611,25848,709,2455,287,2939,3919,6960,95515,25496,47,125,39253
2000,47127,"Moore County, Tennessee",5740,5501,156,11,8,0,29,35,45,5488,155,47,127,252
2000,47129,"Morgan County, Tennessee",19757,19109,440,40,23,1,27,117,120,19016,440,47,129,741
2000,47131,"Obion County, Tennessee",32450,28607,3196,44,61,15,296,231,616,28335,3174,47,131,4115
2000,47133,"Overton County, Tennessee",20118,19834,56,56,19,10,45,98,138,19752,54,47,133,366
2000,47135,"Perry County, Tennessee",7631,7368,130,26,7,11,25,64,61,7333,130,47,135,298
2000,47137,"Pickett County, Tennessee",4945,4903,5,8,2,0,5,22,41,4870,5,47,137,75
2000,47139,"Polk County, Tennessee",16050,15785,22,44,19,3,15,162,117,15689,22,47,139,361
2000,47141,"Putnam County, Tennessee",62315,58903,1064,127,581,56,996,588,1891,58088,1039,47,141,4227
2000,47143,"Rhea County, Tennessee",28400,27097,580,111,83,10,213,306,474,26880,564,47,143,1520
2000,47145,"Roane County, Tennessee",51910,49440,1409,112,210,15,87,637,359,49199,1405,47,145,2711
2000,47147,"Robertson County, Tennessee",54433,48518,4691,154,169,12,451,438,1447,47644,4631,47,147,6789
2000,47149,"Rutherford County, Tennessee",182023,156050,17312,522,3467,74,2408,2190,5065,153762,17197,47,149,28261
2000,47151,"Scott County, Tennessee",21127,20817,19,52,25,0,22,192,120,20721,19,47,151,406
2000,47153,"Sequatchie County, Tennessee",11370,11218,22,38,15,3,19,55,93,11143,19,47,153,227
2000,47155,"Sevier County, Tennessee",71170,69230,396,229,394,14,299,608,884,68699,391,47,155,2471
2000,47157,"Shelby County, Tennessee",897472,424834,435824,1789,14694,334,10802,9195,23364,414888,434201,47,157,482584
2000,47159,"Smith County, Tennessee",17712,16900,448,65,30,1,104,164,200,16809,447,47,159,903
2000,47161,"Stewart County, Tennessee",12370,11785,159,75,180,6,29,136,124,11701,155,47,161,669
2000,47163,"Sullivan County, Tennessee",153048,147771,2888,334,652,21,319,1063,1090,147036,2868,47,163,6012
2000,47165,"Sumner County, Tennessee",130449,119344,7540,373,856,38,1047,1251,2291,118221,7488,47,165,12228
2000,47167,"Tipton County, Tennessee",51271,39920,10202,197,190,31,197,534,622,39603,10158,47,167,11668
2000,47169,"Trousdale County, Tennessee",7259,6284,824,17,8,2,72,52,110,6249,824,47,169,1010
2000,47171,"Unicoi County, Tennessee",17667,17307,12,44,15,5,167,117,342,17161,10,47,171,506
2000,47173,"Union County, Tennessee",17808,17534,18,41,29,3,30,153,140,17426,18,47,173,382
2000,47175,"Van Buren County, Tennessee",5508,5454,7,10,4,0,5,28,18,5437,7,47,175,71
2000,47177,"Warren County, Tennessee",38276,35083,1211,79,160,18,1364,361,1885,34688,1196,47,177,3588
2000,47179,"Washington County, Tennessee",107198,100466,4091,252,782,20,545,1042,1482,99578,4058,47,179,7620
2000,47181,"Wayne County, Tennessee",16842,15482,1145,33,42,2,32,106,142,15383,1143,47,181,1459
2000,47183,"Weakley County, Tennessee",34895,31501,2424,52,462,2,182,272,402,31318,2409,47,183,3577
2000,47185,"White County, Tennessee",23102,22323,378,46,54,12,106,183,239,22196,377,47,185,906
2000,47187,"Williamson County, Tennessee",126638,115941,6564,248,1583,32,1226,1044,3197,114177,6543,47,187,12461
2000,47189,"Wilson County, Tennessee",88809,81261,5563,288,426,24,428,819,1127,80638,5545,47,189,8171
2000,48001,"Anderson County, Texas",55109,36617,12941,350,246,15,4410,530,6705,34762,12897,48,001,20347
2000,48003,"Andrews County, Texas",13004,10024,214,115,92,3,2183,373,5202,7322,195,48,003,5682
2000,48005,"Angelina County, Texas",80130,60174,11792,240,538,15,6230,1141,11496,55615,11656,48,005,24515
2000,48007,"Aransas County, Texas",22497,19672,322,131,623,11,1200,538,4571,16596,303,48,007,5901
2000,48009,"Archer County, Texas",8854,8459,7,55,11,3,202,117,431,8263,7,48,009,591
2000,48011,"Armstrong County, Texas",2148,2050,6,14,0,0,60,18,116,2008,4,48,011,140
2000,48013,"Atascosa County, Texas",38628,28286,230,310,121,25,8315,1341,22620,15284,179,48,013,23344
2000,48015,"Austin County, Texas",23590,18924,2509,66,69,1,1649,372,3805,16964,2475,48,015,6626
2000,48017,"Bailey County, Texas",6594,4397,84,43,9,0,1886,175,3119,3317,76,48,017,3277
2000,48019,"Bandera County, Texas",17645,16590,58,159,49,10,450,329,2384,14833,50,48,019,2812
2000,48021,"Bastrop County, Texas",57733,46327,5072,404,268,33,4385,1244,13845,37764,4938,48,021,19969
2000,48023,"Baylor County, Texas",4093,3723,137,24,21,5,136,47,382,3511,135,48,023,582
2000,48025,"Bee County, Texas",32359,21957,3203,137,164,11,6198,689,17450,11352,3145,48,025,21007
2000,48027,"Bell County, Texas",237974,150900,48624,1719,6097,1141,20324,9169,39701,136241,47344,48,027,101733
2000,48029,"Bexar County, Texas",1392931,959122,100025,11193,22437,1452,247979,50723,757033,496245,95984,48,029,896686
2000,48031,"Blanco County, Texas",8418,7658,62,50,16,1,495,136,1290,6912,60,48,031,1506
2000,48033,"Borden County, Texas",729,660,1,2,0,0,46,20,87,624,1,48,033,105
2000,48035,"Bosque County, Texas",17204,15613,330,94,19,6,889,253,2104,14507,320,48,035,2697
2000,48037,"Bowie County, Texas",89306,65424,20913,521,384,36,1003,1025,3992,62712,20787,48,037,26594
2000,48039,"Brazoria County, Texas",241767,186383,20540,1280,4842,73,23281,5368,55063,158052,20183,48,039,83715
2000,48041,"Brazos County, Texas",152415,113479,16333,548,6110,104,12835,3006,27253,100647,16146,48,041,51768
2000,48043,"Brewster County, Texas",8866,7189,108,75,33,5,1192,264,3867,4710,87,48,043,4156
2000,48045,"Briscoe County, Texas",1790,1492,41,7,1,0,205,44,407,1319,40,48,045,471
2000,48047,"Brooks County, Texas",7976,6049,15,37,7,6,1721,141,7304,633,5,48,047,7343
2000,48049,"Brown County, Texas",37674,32910,1509,198,140,2,2288,627,5793,29772,1473,48,049,7902
2000,48051,"Burleson County, Texas",16470,12199,2481,83,28,4,1359,316,2411,11361,2443,48,051,5109
2000,48053,"Burnet County, Texas",34147,30610,519,232,95,20,2131,540,5044,28017,500,48,053,6130
2000,48055,"Caldwell County, Texas",32194,22577,2735,196,108,11,5685,882,13018,15929,2674,48,055,16265
2000,48057,"Calhoun County, Texas",20647,16112,542,102,675,14,2723,479,8448,10774,521,48,057,9873
2000,48059,"Callahan County, Texas",12905,12231,29,81,34,7,349,174,812,11822,27,48,059,1083
2000,48061,"Cameron County, Texas",335227,269139,1617,1471,1607,114,53581,7698,282736,48679,909,48,061,286548
2000,48063,"Camp County, Texas",11549,8030,2217,40,20,6,1112,124,1707,7507,2201,48,063,4042
2000,48065,"Carson County, Texas",6516,6113,38,65,9,1,198,92,458,5904,38,48,065,612
2000,48067,"Cass County, Texas",30438,23801,5927,143,44,5,199,319,526,23542,5915,48,067,6896
2000,48069,"Castro County, Texas",8285,6243,188,97,2,1,1584,170,4279,3765,182,48,069,4520
2000,48071,"Chambers County, Texas",26031,21315,2542,124,175,0,1568,307,2810,20210,2525,48,071,5821
2000,48073,"Cherokee County, Texas",46659,34685,7446,220,188,28,3466,626,6178,32347,7409,48,073,14312
2000,48075,"Childress County, Texas",7688,5205,1083,25,23,4,1207,141,1574,4923,1074,48,075,2765
2000,48077,"Clay County, Texas",11006,10494,46,113,11,1,185,156,404,10317,43,48,077,689
2000,48079,"Cochran County, Texas",3730,2405,169,31,8,2,1020,95,1646,1864,168,48,079,1866
2000,48081,"Coke County, Texas",3864,3433,75,30,3,1,268,54,653,3079,74,48,081,785
2000,48083,"Coleman County, Texas",9235,8176,202,57,20,1,603,176,1289,7599,199,48,083,1636
2000,48085,"Collin County, Texas",491675,400181,23561,2323,34047,230,20957,10376,50510,374116,23212,48,085,117559
2000,48087,"Collingsworth County, Texas",3206,2559,171,52,6,0,349,69,655,2289,169,48,087,917
2000,48089,"Colorado County, Texas",20390,14841,3017,75,42,4,2048,363,4024,13165,2962,48,089,7225
2000,48091,"Comal County, Texas",78021,69501,741,414,360,23,5449,1533,17609,58345,693,48,091,19676
2000,48093,"Comanche County, Texas",14026,12245,62,85,18,1,1360,255,2928,10846,62,48,093,3180
2000,48095,"Concho County, Texas",3966,3498,39,19,3,4,354,49,1639,2265,38,48,095,1701
2000,48097,"Cooke County, Texas",36363,32305,1112,362,122,3,1875,584,3627,30826,1087,48,097,5537
2000,48099,"Coryell County, Texas",74978,48946,16344,659,1313,365,4696,2655,9424,45381,15976,48,099,29597
2000,48101,"Cottle County, Texas",1904,1551,188,0,0,0,137,28,360,1348,176,48,101,556
2000,48103,"Crane County, Texas",3996,2945,116,39,14,0,779,103,1753,2083,116,48,103,1913
2000,48105,"Crockett County, Texas",4099,3129,28,24,11,1,808,98,2242,1792,18,48,105,2307
2000,48107,"Crosby County, Texas",7072,4510,275,38,2,5,2114,128,3460,3301,262,48,107,3771
2000,48109,"Culberson County, Texas",2975,2051,21,14,17,0,807,65,2149,733,19,48,109,2242
2000,48111,"Dallam County, Texas",6222,5142,102,56,13,0,772,137,1766,4257,100,48,111,1965
2000,48113,"Dallas County, Texas",2218899,1294769,450557,12499,88369,1277,311504,59924,662729,983317,445716,48,113,1235582
2000,48115,"Dawson County, Texas",14985,10859,1297,45,37,0,2482,265,7222,6349,1285,48,115,8636
2000,48117,"Deaf Smith County, Texas",18561,13415,280,148,47,25,4255,391,10654,7491,247,48,117,11070
2000,48119,"Delta County, Texas",5327,4684,441,41,6,2,63,90,165,4616,440,48,119,711
2000,48121,"Denton County, Texas",432976,353855,25369,2533,17444,221,24072,9482,52619,328849,24980,48,121,104127
2000,48123,"DeWitt County, Texas",20013,15293,2209,109,42,5,2004,351,5452,12168,2158,48,123,7845
2000,48125,"Dickens County, Texas",2762,2144,226,10,3,7,341,31,660,1857,223,48,125,905
2000,48127,"Dimmit County, Texas",10248,7886,90,72,68,7,1868,257,8708,1350,67,48,127,8898
2000,48129,"Donley County, Texas",3828,3499,151,34,4,0,104,36,243,3372,151,48,129,456
2000,48131,"Duval County, Texas",13120,10525,71,70,14,4,2028,408,11544,1452,57,48,131,11668
2000,48133,"Eastland County, Texas",18297,16656,399,87,38,4,884,229,1976,15686,397,48,133,2611
2000,48135,"Ector County, Texas",121123,89257,5583,1002,775,49,21051,3406,51306,62168,5370,48,135,58955
2000,48137,"Edwards County, Texas",2162,1800,17,17,3,0,275,50,974,1161,3,48,137,1001
2000,48139,"Ellis County, Texas",111360,89789,9626,662,392,18,8797,2076,20508,79401,9514,48,139,31959
2000,48141,"El Paso County, Texas",679622,502579,20809,5559,6633,669,121721,21652,531654,115535,18671,48,141,564087
2000,48143,"Erath County, Texas",33001,29610,269,218,120,10,2237,537,4959,27269,257,48,143,5732
2000,48145,"Falls County, Texas",18576,11424,5100,92,20,7,1637,296,2941,10364,5064,48,145,8212
2000,48147,"Fannin County, Texas",31242,27043,2488,288,81,8,867,467,1753,26298,2482,48,147,4944
2000,48149,"Fayette County, Texas",21804,18442,1528,79,49,12,1452,242,2786,17271,1508,48,149,4533
2000,48151,"Fisher County, Texas",4344,3638,120,16,6,0,503,61,928,3250,110,48,151,1094
2000,48153,"Floyd County, Texas",7771,5763,263,59,13,4,1528,141,3569,3875,252,48,153,3896
2000,48155,"Foard County, Texas",1622,1365,53,10,3,0,166,25,265,1277,52,48,155,345
2000,48157,"Fort Bend County, Texas",354452,201896,70356,1046,39706,130,32240,9078,74871,163788,69579,48,157,190664
2000,48159,"Franklin County, Texas",9458,8436,373,60,20,0,486,83,842,8129,364,48,159,1329
2000,48161,"Freestone County, Texas",17867,13501,3378,67,48,3,696,174,1465,12823,3359,48,161,5044
2000,48163,"Frio County, Texas",16252,11679,792,94,67,3,3211,406,11987,3344,777,48,163,12908
2000,48165,"Gaines County, Texas",14467,11614,330,110,22,1,2050,340,5175,8803,304,48,165,5664
2000,48167,"Galveston County, Texas",250158,181830,38625,1181,5254,112,17957,5199,44939,157851,38179,48,167,92307
2000,48169,"Garza County, Texas",4872,3642,234,12,4,0,834,146,1810,2760,221,48,169,2112
2000,48171,"Gillespie County, Texas",20814,19320,43,68,37,5,1096,245,3309,17232,30,48,171,3582
2000,48173,"Glasscock County, Texas",1406,1090,7,2,0,3,269,35,420,955,6,48,173,451
2000,48175,"Goliad County, Texas",6928,5724,334,38,15,1,696,120,2439,4115,317,48,175,2813
2000,48177,"Gonzales County, Texas",18628,13458,1563,99,49,16,3069,374,7381,9539,1493,48,177,9089
2000,48179,"Gray County, Texas",22744,18685,1330,214,88,5,1871,551,2959,17800,1309,48,179,4944
2000,48181,"Grayson County, Texas",110595,96443,6471,1446,625,53,3206,2351,7519,92857,6385,48,181,17738
2000,48183,"Gregg County, Texas",111379,81184,22115,579,752,21,5070,1658,10183,76851,21989,48,183,34528
2000,48185,"Grimes County, Texas",23552,16909,4700,76,71,11,1397,388,3787,14772,4667,48,185,8780
2000,48187,"Guadalupe County, Texas",89023,69122,4460,486,772,87,11360,2736,29561,52858,4310,48,187,36165
2000,48189,"Hale County, Texas",36602,24438,2121,335,110,14,8697,887,17532,16526,2044,48,189,20076
2000,48191,"Hall County, Texas",3782,2722,311,20,6,0,677,46,1040,2397,297,48,191,1385
2000,48193,"Hamilton County, Texas",8229,7720,12,36,12,4,359,86,610,7498,11,48,193,731
2000,48195,"Hansford County, Texas",5369,4289,2,40,12,0,938,88,1690,3604,1,48,195,1765
2000,48197,"Hardeman County, Texas",4724,4035,228,36,14,0,335,76,685,3731,227,48,197,993
2000,48199,"Hardin County, Texas",48073,43677,3324,154,112,6,355,445,1223,42941,3310,48,199,5132
2000,48201,"Harris County, Texas",3400578,1997123,628619,15180,174626,2095,482283,100652,1119751,1432264,619694,48,201,1968314
2000,48203,"Harrison County, Texas",62110,44313,14926,217,192,24,1777,661,3316,43044,14861,48,203,19066
2000,48205,"Hartley County, Texas",5537,4489,451,24,15,3,476,79,758,4270,445,48,205,1267
2000,48207,"Haskell County, Texas",6093,5044,170,33,9,1,711,125,1249,4600,160,48,207,1493
2000,48209,"Hays County, Texas",97589,77014,3588,678,772,69,13038,2430,28859,62945,3448,48,209,34644
2000,48211,"Hemphill County, Texas",3351,2937,52,24,9,1,284,44,522,2722,52,48,211,629
2000,48213,"Henderson County, Texas",73277,64850,4842,399,221,24,1992,949,5071,62124,4811,48,213,11153
2000,48215,"Hidalgo County, Texas",569463,442525,2807,2402,3375,131,106164,12059,503100,59423,1934,48,215,510040
2000,48217,"Hill County, Texas",32321,27200,2391,141,82,8,1946,553,4360,25079,2359,48,217,7242
2000,48219,"Hockley County, Texas",22716,16897,846,187,30,8,4244,504,8459,13155,822,48,219,9561
2000,48221,"Hood County, Texas",41100,38952,134,339,126,18,987,544,2975,37193,112,48,221,3907
2000,48223,"Hopkins County, Texas",31960,27200,2554,218,79,18,1455,436,2967,25946,2525,48,223,6014
2000,48225,"Houston County, Texas",23185,15899,6476,61,57,13,502,177,1739,14775,6442,48,225,8410
2000,48227,"Howard County, Texas",33627,26950,1390,197,199,4,4180,707,12597,19096,1292,48,227,14531
2000,48229,"Hudspeth County, Texas",3344,2917,11,47,6,0,293,70,2509,770,7,48,229,2574
2000,48231,"Hunt County, Texas",76596,64013,7242,559,416,56,3009,1301,6366,61170,7183,48,231,15426
2000,48233,"Hutchinson County, Texas",23857,20756,574,323,83,4,1589,528,3506,19104,563,48,233,4753
2000,48235,"Irion County, Texas",1771,1606,7,14,0,0,116,28,436,1321,4,48,235,450
2000,48237,"Jack County, Texas",8763,7771,486,59,24,2,336,85,691,7468,481,48,237,1295
2000,48239,"Jackson County, Texas",14391,11008,1099,56,56,8,1820,344,3551,9546,1081,48,239,4845
2000,48241,"Jasper County, Texas",35604,27855,6341,148,113,9,727,411,1384,27320,6302,48,241,8284
2000,48243,"Jeff Davis County, Texas",2207,1998,20,7,2,0,114,66,783,1376,16,48,243,831
2000,48245,"Jefferson County, Texas",252051,144274,85046,857,7274,81,10733,3786,26536,130604,84482,48,245,121447
2000,48247,"Jim Hogg County, Texas",5281,4248,24,41,11,0,836,121,4752,474,22,48,247,4807
2000,48249,"Jim Wells County, Texas",39326,30634,237,243,171,35,7050,956,29772,9001,166,48,249,30325
2000,48251,"Johnson County, Texas",126811,114142,3166,809,664,230,5728,2072,15375,105460,3058,48,251,21351
2000,48253,"Jones County, Texas",20785,16378,2392,102,97,2,1551,263,4346,13752,2368,48,253,7033
2000,48255,"Karnes County, Texas",15446,10588,1667,105,66,9,2662,349,7324,6309,1603,48,255,9137
2000,48257,"Kaufman County, Texas",71313,57837,7511,437,333,15,4035,1145,7925,54424,7472,48,257,16889
2000,48259,"Kendall County, Texas",23743,22047,83,133,55,11,1046,368,4248,19104,63,48,259,4639
2000,48261,"Kenedy County, Texas",414,267,3,3,2,0,132,7,327,84,0,48,261,330
2000,48263,"Kent County, Texas",859,820,2,3,0,0,32,2,78,777,2,48,263,82
2000,48265,"Kerr County, Texas",43653,38802,776,244,221,24,2879,707,8353,33802,738,48,265,9851
2000,48267,"Kimble County, Texas",4468,4034,4,15,20,1,334,60,926,3481,3,48,267,987
2000,48269,"King County, Texas",356,335,0,4,0,0,11,6,34,315,0,48,269,41
2000,48271,"Kinney County, Texas",3379,2562,57,11,4,0,629,116,1707,1587,44,48,271,1792
2000,48273,"Kleberg County, Texas",31549,22675,1167,192,464,31,5995,1025,20635,8997,1091,48,273,22552
2000,48275,"Knox County, Texas",4253,3162,294,46,10,4,628,109,1067,2829,292,48,275,1424
2000,48277,"Lamar County, Texas",48499,39990,6534,522,192,11,567,683,1614,39116,6493,48,277,9383
2000,48279,"Lamb County, Texas",14709,11193,632,100,15,3,2493,273,6393,7553,615,48,279,7156
2000,48281,"Lampasas County, Texas",17762,15409,550,124,134,11,1153,381,2677,14121,511,48,281,3641
2000,48283,"La Salle County, Texas",5866,4779,208,20,18,0,716,125,4524,1114,192,48,283,4752
2000,48285,"Lavaca County, Texas",19210,16686,1305,36,31,3,930,219,2183,15579,1287,48,285,3631
2000,48287,"Lee County, Texas",15657,11992,1892,72,38,5,1388,270,2848,10724,1872,48,287,4933
2000,48289,"Leon County, Texas",15335,12809,1593,52,27,1,690,163,1213,12366,1583,48,289,2969
2000,48291,"Liberty County, Texas",70154,55355,8996,327,224,22,4230,1000,7660,52289,8952,48,291,17865
2000,48293,"Limestone County, Texas",22051,15602,4205,100,26,3,1786,329,2859,14711,4186,48,293,7340
2000,48295,"Lipscomb County, Texas",3057,2533,16,42,2,0,397,67,633,2344,13,48,295,713
2000,48297,"Live Oak County, Texas",12309,10743,301,50,24,2,950,239,4683,7199,281,48,297,5110
2000,48299,"Llano County, Texas",17044,16408,51,71,64,5,302,143,875,15869,51,48,299,1175
2000,48301,"Loving County, Texas",67,60,0,0,0,0,6,1,7,60,0,48,301,7
2000,48303,"Lubbock County, Texas",242628,180269,18602,1420,3168,85,34329,4755,66609,151705,18184,48,303,90923
2000,48305,"Lynn County, Texas",6550,4947,186,67,10,0,1195,145,2923,3377,166,48,305,3173
2000,48307,"McCulloch County, Texas",8205,6945,129,21,14,1,961,134,2219,5792,123,48,307,2413
2000,48309,"McLennan County, Texas",213517,154087,32428,1056,2284,100,19657,3905,38233,138008,32065,48,309,75509
2000,48311,"McMullen County, Texas",851,752,10,2,0,0,76,11,282,556,10,48,311,295
2000,48313,"Madison County, Texas",12940,8642,2959,41,50,4,1022,222,2042,7801,2915,48,313,5139
2000,48315,"Marion County, Texas",10941,7958,2616,87,24,1,86,169,263,7818,2599,48,315,3123
2000,48317,"Martin County, Texas",4746,3750,75,39,8,0,762,112,1925,2696,74,48,317,2050
2000,48319,"Mason County, Texas",3738,3424,5,23,2,1,215,68,783,2912,5,48,319,826
2000,48321,"Matagorda County, Texas",37957,25745,4829,256,903,16,5305,903,11898,19900,4778,48,321,18057
2000,48323,"Maverick County, Texas",47297,33529,146,635,184,20,11389,1394,44938,1610,53,48,323,45687
2000,48325,"Medina County, Texas",39304,31200,866,269,130,19,5690,1130,17873,19919,801,48,325,19385
2000,48327,"Menard County, Texas",2360,2066,12,15,8,1,231,27,748,1567,10,48,327,793
2000,48329,"Midland County, Texas",116009,89702,8101,741,1074,36,14124,2231,33676,72015,7940,48,329,43994
2000,48331,"Milam County, Texas",24238,19121,2678,122,53,2,1867,395,4516,16763,2627,48,331,7475
2000,48333,"Mills County, Texas",5151,4597,65,14,4,4,398,69,671,4367,61,48,333,784
2000,48335,"Mitchell County, Texas",9698,7227,1242,40,35,2,988,164,3009,5341,1229,48,335,4357
2000,48337,"Montague County, Texas",19117,18343,34,141,49,5,313,232,1035,17717,28,48,337,1400
2000,48339,"Montgomery County, Texas",293768,259258,10258,1374,3261,102,14271,5244,37150,239150,10076,48,339,54618
2000,48341,"Moore County, Texas",20121,12864,139,134,173,6,6278,527,9558,10038,89,48,341,10083
2000,48343,"Morris County, Texas",13048,9357,3148,69,23,8,297,146,477,9217,3137,48,343,3831
2000,48345,"Motley County, Texas",1426,1246,50,9,2,2,90,27,173,1172,50,48,345,254
2000,48347,"Nacogdoches County, Texas",59203,44405,9908,229,412,40,3375,834,6660,41620,9815,48,347,17583
2000,48349,"Navarro County, Texas",45124,31966,7577,209,214,150,4263,745,7113,29596,7521,48,349,15528
2000,48351,"Newton County, Texas",15072,11431,3118,95,40,5,235,148,571,11157,3100,48,351,3915
2000,48353,"Nolan County, Texas",15802,12397,739,77,38,9,2215,327,4431,10480,713,48,353,5322
2000,48355,"Nueces County, Texas",313645,225912,13307,1994,3632,230,58762,9808,174951,118178,12718,48,355,195467
2000,48357,"Ochiltree County, Texas",9006,7763,12,85,35,1,926,184,2863,5972,8,48,357,3034
2000,48359,"Oldham County, Texas",2185,1981,41,28,8,0,101,26,241,1852,41,48,359,333
2000,48361,"Orange County, Texas",84966,74749,7124,473,664,25,950,981,3073,72955,7080,48,361,12011
2000,48363,"Palo Pinto County, Texas",27026,23835,626,182,142,8,1772,461,3667,22163,617,48,363,4863
2000,48365,"Panola County, Texas",22756,17927,4021,82,55,1,426,244,798,17629,4013,48,365,5127
2000,48367,"Parker County, Texas",88495,81955,1586,596,306,21,2808,1223,6211,78980,1559,48,367,9515
2000,48369,"Parmer County, Texas",10016,6612,101,76,32,4,2956,235,4927,4876,93,48,369,5140
2000,48371,"Pecos County, Texas",16809,12749,738,71,86,1,2711,453,10262,5607,700,48,371,11202
2000,48373,"Polk County, Texas",41133,32760,5416,717,156,3,1538,543,3861,30723,5357,48,373,10410
2000,48375,"Potter County, Texas",113546,77890,11308,993,2832,43,17528,2952,31921,65470,11047,48,375,48076
2000,48377,"Presidio County, Texas",7304,6205,20,20,6,1,984,68,6162,1079,10,48,377,6225
2000,48379,"Rains County, Texas",9139,8400,267,75,31,4,233,129,505,8183,263,48,379,956
2000,48381,"Randall County, Texas",104312,94340,1564,674,1073,31,4915,1715,10718,89426,1513,48,381,14886
2000,48383,"Reagan County, Texas",3326,2150,100,18,9,0,983,66,1646,1545,94,48,383,1781
2000,48385,"Real County, Texas",3047,2785,6,19,6,1,183,47,688,2306,5,48,385,741
2000,48387,"Red River County, Texas",14314,11170,2548,85,17,1,328,165,669,10868,2538,48,387,3446
2000,48389,"Reeves County, Texas",13137,10421,276,67,46,1,1974,352,9640,3131,238,48,389,10006
2000,48391,"Refugio County, Texas",7828,6280,530,44,23,4,816,131,3490,3703,521,48,391,4125
2000,48393,"Roberts County, Texas",887,856,3,5,1,0,12,10,28,850,3,48,393,37
2000,48395,"Robertson County, Texas",16000,10592,3871,68,26,8,1148,287,2359,9580,3830,48,395,6420
2000,48397,"Rockwall County, Texas",43080,38414,1396,173,568,23,1915,591,4771,35817,1374,48,397,7263
2000,48399,"Runnels County, Texas",11495,9361,161,61,37,2,1645,228,3372,7793,154,48,399,3702
2000,48401,"Rusk County, Texas",47372,35477,9102,165,113,3,1997,515,3998,33737,9037,48,401,13635
2000,48403,"Sabine County, Texas",10469,9197,1039,43,9,3,86,92,189,9115,1039,48,403,1354
2000,48405,"San Augustine County, Texas",8946,6196,2500,18,18,0,147,67,320,6066,2484,48,405,2880
2000,48407,"San Jacinto County, Texas",22246,18606,2813,102,63,16,362,284,1084,17972,2796,48,407,4274
2000,48409,"San Patricio County, Texas",67138,51533,1885,472,426,76,10699,2047,33181,30749,1767,48,409,36389
2000,48411,"San Saba County, Texas",6186,5227,169,66,7,0,651,66,1333,4622,160,48,411,1564
2000,48413,"Schleicher County, Texas",2935,2248,45,2,5,1,557,77,1278,1595,32,48,413,1340
2000,48415,"Scurry County, Texas",16361,13296,991,87,37,0,1720,230,4544,10672,984,48,415,5689
2000,48417,"Shackelford County, Texas",3302,3111,16,14,0,0,140,21,251,3014,9,48,417,288
2000,48419,"Shelby County, Texas",25224,18324,4903,92,57,6,1480,362,2489,17564,4881,48,419,7660
2000,48421,"Sherman County, Texas",3186,2628,17,21,1,0,466,53,874,2263,15,48,421,923
2000,48423,"Smith County, Texas",174706,126853,33298,746,1218,47,10031,2513,19521,118598,33129,48,423,56108
2000,48425,"Somervell County, Texas",6809,6277,19,47,18,1,348,99,915,5763,13,48,425,1046
2000,48427,"Starr County, Texas",53597,47120,79,133,151,22,5309,783,52278,1082,6,48,427,52515
2000,48429,"Stephens County, Texas",9674,8406,282,34,28,2,788,134,1418,7861,277,48,429,1813
2000,48431,"Sterling County, Texas",1393,1194,1,4,0,1,165,28,432,955,1,48,431,438
2000,48433,"Stonewall County, Texas",1693,1494,50,6,6,0,109,28,199,1412,48,48,433,281
2000,48435,"Sutton County, Texas",4077,3069,10,17,7,0,908,66,2106,1934,7,48,435,2143
2000,48437,"Swisher County, Texas",8378,6011,490,45,13,2,1626,191,2951,4849,487,48,437,3529
2000,48439,"Tarrant County, Texas",1446219,1030208,185143,8300,52594,2252,131393,36329,285290,895253,182713,48,439,550966
2000,48441,"Taylor County, Texas",126555,102016,8517,733,1577,85,10562,3065,22328,91999,8243,48,441,34556
2000,48443,"Terrell County, Texas",1081,955,0,18,7,0,90,11,525,529,0,48,443,552
2000,48445,"Terry County, Texas",12761,9769,638,67,28,3,1822,434,5626,6351,617,48,445,6410
2000,48447,"Throckmorton County, Texas",1850,1704,1,8,1,0,103,33,173,1655,1,48,447,195
2000,48449,"Titus County, Texas",28118,19724,3008,162,122,5,4616,481,7960,16782,2970,48,449,11336
2000,48451,"Tom Green County, Texas",104010,82246,4298,679,893,73,13331,2490,31946,65508,4122,48,451,38502
2000,48453,"Travis County, Texas",812280,554058,75247,4684,36286,559,118294,23152,229048,457817,73242,48,453,354463
2000,48455,"Trinity County, Texas",13779,11540,1642,57,32,2,367,139,668,11289,1635,48,455,2490
2000,48457,"Tyler County, Texas",20871,17487,2497,90,41,4,520,232,742,17290,2491,48,457,3581
2000,48459,"Upshur County, Texas",35291,30246,3582,224,65,20,740,414,1394,29728,3557,48,459,5563
2000,48461,"Upton County, Texas",3404,2648,55,41,1,2,611,46,1449,1854,52,48,461,1550
2000,48463,"Uvalde County, Texas",25926,19621,93,176,101,22,5095,818,17089,8471,66,48,463,17455
2000,48465,"Val Verde County, Texas",44856,34251,690,306,248,23,8172,1166,33849,9734,609,48,465,35122
2000,48467,"Van Zandt County, Texas",48140,44268,1416,298,88,14,1303,753,3201,42619,1390,48,467,5521
2000,48469,"Victoria County, Texas",84088,62406,5297,444,651,34,13390,1866,32959,44490,5137,48,469,39598
2000,48471,"Walker County, Texas",61758,42686,14747,219,475,31,2728,872,8712,37090,14672,48,471,24668
2000,48473,"Waller County, Texas",32663,18889,9553,159,124,6,3357,575,6344,16289,9496,48,473,16374
2000,48475,"Ward County, Texas",10909,8704,503,72,31,3,1366,230,4580,5695,476,48,475,5214
2000,48477,"Washington County, Texas",30373,22682,5669,81,367,1,1221,352,2647,21515,5604,48,477,8858
2000,48479,"Webb County, Texas",193117,158670,713,912,833,48,27030,4911,182070,9508,294,48,479,183609
2000,48481,"Wharton County, Texas",41188,28423,6159,153,129,26,5621,677,12888,21832,6060,48,481,19356
2000,48483,"Wheeler County, Texas",5284,4641,147,41,29,4,351,71,664,4386,137,48,483,898
2000,48485,"Wichita County, Texas",131664,103705,13466,1176,2418,114,7259,3526,16097,96490,13243,48,485,35174
2000,48487,"Wilbarger County, Texas",14676,11472,1301,97,93,4,1428,281,3015,10083,1278,48,487,4593
2000,48489,"Willacy County, Texas",20082,14132,439,101,22,6,4912,470,17209,2350,401,48,489,17732
2000,48491,"Williamson County, Texas",249967,205994,12790,1130,6595,198,17976,5284,42990,183847,12444,48,491,66120
2000,48493,"Wilson County, Texas",32408,26311,392,188,98,13,4618,788,11834,19728,361,48,493,12680
2000,48495,"Winkler County, Texas",7173,5366,133,32,14,0,1460,168,3156,3825,127,48,495,3348
2000,48497,"Wise County, Texas",48793,44407,600,366,107,21,2456,836,5248,41991,584,48,497,6802
2000,48499,"Wood County, Texas",36752,32749,2250,203,73,8,1070,399,2102,31848,2243,48,499,4904
2000,48501,"Yoakum County, Texas",7322,5171,102,52,9,1,1866,121,3363,3793,92,48,501,3529
2000,48503,"Young County, Texas",17943,16325,218,115,46,8,948,283,1906,15519,217,48,503,2424
2000,48505,"Zapata County, Texas",12182,10241,50,39,23,5,1540,284,10328,1771,22,48,505,10411
2000,48507,"Zavala County, Texas",11600,7547,57,69,10,4,3605,308,10582,924,43,48,507,10676
2000,49001,"Beaver County, Utah",6005,5599,16,54,37,5,188,106,333,5491,16,49,001,514
2000,49003,"Box Elder County, Utah",42745,39699,71,375,409,34,1473,684,2791,38717,66,49,003,4028
2000,49005,"Cache County, Utah",91391,84286,348,529,1814,181,3026,1207,5786,81989,319,49,005,9402
2000,49007,"Carbon County, Utah",20422,18601,56,216,71,9,971,498,2097,17671,52,49,007,2751
2000,49009,"Daggett County, Utah",921,871,6,7,1,0,22,14,47,853,4,49,009,68
2000,49011,"Davis County, Utah",238994,220486,2615,1379,3665,639,5501,4709,12955,214636,2521,49,011,24358
2000,49013,"Duchesne County, Utah",14371,12956,21,769,30,8,228,359,508,12764,18,49,013,1607
2000,49015,"Emery County, Utah",10860,10386,20,71,34,11,203,135,568,10050,19,49,015,810
2000,49017,"Garfield County, Utah",4735,4496,8,87,19,2,53,70,136,4440,8,49,017,295
2000,49019,"Grand County, Utah",8485,7861,21,327,19,4,141,112,471,7568,18,49,019,917
2000,49021,"Iron County, Utah",33779,31416,119,737,251,92,600,564,1383,30829,108,49,021,2950
2000,49023,"Juab County, Utah",8238,7955,12,84,28,4,71,84,217,7844,9,49,023,394
2000,49025,"Kane County, Utah",6046,5804,2,94,13,3,45,85,140,5724,2,49,025,322
2000,49027,"Millard County, Utah",12405,11653,13,163,59,25,342,150,891,11168,13,49,027,1237
2000,49029,"Morgan County, Utah",7129,6994,3,13,11,0,32,76,103,6937,2,49,029,192
2000,49031,"Piute County, Utah",1435,1372,2,17,3,1,27,13,64,1339,2,49,031,96
2000,49033,"Rich County, Utah",1961,1925,0,1,8,0,18,9,36,1908,0,49,033,53
2000,49035,"Salt Lake County, Utah",898387,775666,9495,7892,22991,11075,48166,23102,106787,727197,8501,49,035,171190
2000,49037,"San Juan County, Utah",14413,5876,18,8026,25,5,245,218,540,5710,18,49,037,8703
2000,49039,"Sanpete County, Utah",22763,21040,71,199,109,81,924,339,1510,20590,61,49,039,2173
2000,49041,"Sevier County, Utah",18842,18014,51,376,49,17,149,186,481,17752,49,49,041,1090
2000,49043,"Summit County, Utah",29736,27299,72,91,285,13,1615,361,2406,26608,54,49,043,3128
2000,49045,"Tooele County, Utah",40735,36330,521,694,244,72,1835,1039,4214,34497,480,49,045,6238
2000,49047,"Uintah County, Utah",25224,22130,29,2365,56,20,264,360,894,21662,26,49,047,3562
2000,49049,"Utah County, Utah",368536,340388,1096,2206,3917,2122,11974,6833,25791,328797,1002,49,049,39739
2000,49051,"Wasatch County, Utah",15215,14549,33,65,45,15,298,210,775,14188,32,49,051,1027
2000,49053,"Washington County, Utah",90354,84543,186,1328,405,384,2020,1488,4727,82293,174,49,053,8061
2000,49055,"Wayne County, Utah",2509,2441,4,9,2,4,31,18,50,2409,4,49,055,100
2000,49057,"Weber County, Utah",196533,172339,2748,1510,2508,319,12943,4166,24858,162634,2559,49,057,33899
2000,50001,"Addison County, Vermont",35974,34844,196,93,264,10,104,463,397,34612,184,50,001,1362
2000,50003,"Bennington County, Vermont",36994,36161,155,74,228,5,76,295,344,35916,149,50,003,1078
2000,50005,"Caledonia County, Vermont",29702,28954,87,163,111,3,67,317,201,28812,82,50,005,890
2000,50007,"Chittenden County, Vermont",146571,139446,1328,403,2914,32,498,1950,1561,138422,1283,50,007,8149
2000,50009,"Essex County, Vermont",6459,6237,11,41,17,0,15,138,32,6218,11,50,009,241
2000,50011,"Franklin County, Vermont",45417,43627,138,684,118,11,95,744,270,43434,134,50,011,1983
2000,50013,"Grand Isle County, Vermont",6901,6722,10,60,16,3,2,88,29,6698,9,50,013,203
2000,50015,"Lamoille County, Vermont",23233,22608,76,104,87,7,29,322,180,22481,72,50,015,752
2000,50017,"Orange County, Vermont",28226,27666,68,76,99,10,38,269,165,27533,64,50,017,693
2000,50019,"Orleans County, Vermont",26277,25532,97,172,78,4,34,360,190,25398,88,50,019,879
2000,50021,"Rutland County, Vermont",63400,62214,209,144,245,16,107,465,442,61913,194,50,021,1487
2000,50023,"Washington County, Vermont",58039,56326,274,175,330,7,152,775,732,55778,261,50,023,2261
2000,50025,"Windham County, Vermont",44216,42764,223,97,348,16,141,627,493,42452,210,50,025,1764
2000,50027,"Windsor County, Vermont",57418,56107,191,134,362,17,85,522,468,55764,180,50,027,1654
2000,51001,"Accomack County, Virginia",38305,24276,12089,125,86,23,1367,339,2062,23697,12039,51,001,14608
2000,51003,"Albemarle County, Virginia",79236,67474,7650,135,2268,9,681,1019,2029,66218,7586,51,003,13018
2000,51005,"Alleghany County, Virginia",12926,12454,317,27,31,2,26,69,47,12428,314,51,005,498
2000,51007,"Amelia County, Virginia",11400,8045,3198,32,19,2,28,76,91,8007,3183,51,007,3393
2000,51009,"Amherst County, Virginia",31894,24772,6311,259,113,6,132,301,306,24645,6267,51,009,7249
2000,51011,"Appomattox County, Virginia",13705,10408,3140,18,23,3,36,77,65,10377,3132,51,011,3328
2000,51013,"Arlington County, Virginia",189453,130601,17705,662,16327,143,15786,8229,35268,114489,17244,51,013,74964
2000,51015,"Augusta County, Virginia",65615,62347,2360,101,185,15,210,397,620,61970,2354,51,015,3645
2000,51017,"Bath County, Virginia",5048,4659,317,11,19,3,5,34,18,4645,317,51,017,403
2000,51019,"Bedford County, Virginia",60371,55649,3767,119,261,9,121,445,449,55358,3752,51,019,5013
2000,51021,"Bland County, Virginia",6871,6515,288,6,8,1,6,47,32,6495,285,51,021,376
2000,51023,"Botetourt County, Virginia",30496,28944,1073,66,144,1,59,209,181,28833,1067,51,023,1663
2000,51025,"Brunswick County, Virginia",18419,7734,10472,16,40,1,62,94,231,7629,10416,51,025,10790
2000,51027,"Buchanan County, Virginia",26978,26101,708,16,37,1,26,89,128,26007,706,51,027,971
2000,51029,"Buckingham County, Virginia",15623,9235,6102,32,27,1,57,169,126,9184,6073,51,029,6439
2000,51031,"Campbell County, Virginia",51078,42516,7516,99,315,3,170,459,423,42298,7465,51,031,8780
2000,51033,"Caroline County, Virginia",22121,13842,7604,172,79,6,116,302,295,13710,7562,51,033,8411
2000,51035,"Carroll County, Virginia",29245,28651,129,40,29,0,240,156,479,28436,129,51,035,809
2000,51036,"Charles City County, Virginia",6926,2470,3799,543,7,0,12,95,45,2454,3795,51,036,4472
2000,51037,"Charlotte County, Virginia",12472,8171,4102,18,20,0,87,74,206,8053,4087,51,037,4419
2000,51041,"Chesterfield County, Virginia",259903,199447,46195,851,6154,111,3472,3673,7617,196076,45797,51,041,63827
2000,51043,"Clarke County, Virginia",12652,11532,852,24,62,4,70,108,185,11422,848,51,043,1230
2000,51045,"Craig County, Virginia",5091,5037,10,11,8,0,7,18,17,5023,9,51,045,68
2000,51047,"Culpeper County, Virginia",34262,26816,6220,112,225,5,394,490,858,26413,6188,51,047,7849
2000,51049,"Cumberland County, Virginia",9017,5444,3376,16,32,0,53,96,150,5386,3349,51,049,3631
2000,51051,"Dickenson County, Virginia",16395,16224,58,19,12,0,9,73,70,16163,58,51,051,232
2000,51053,"Dinwiddie County, Virginia",24533,15837,8257,55,76,10,97,201,237,15735,8221,51,053,8798
2000,51057,"Essex County, Virginia",9989,5790,3900,55,81,3,32,128,72,5762,3879,51,057,4227
2000,51059,"Fairfax County, Virginia",969749,677904,83098,2561,126038,691,44019,35438,106958,624296,81287,51,059,345453
2000,51061,"Fauquier County, Virginia",55139,48740,4844,146,324,19,331,735,1114,48064,4801,51,061,7075
2000,51063,"Floyd County, Virginia",13874,13418,277,12,13,2,50,102,187,13284,274,51,063,590
2000,51065,"Fluvanna County, Virginia",20047,15925,3690,38,77,8,59,250,235,15794,3664,51,065,4253
2000,51067,"Franklin County, Virginia",47286,42063,4420,89,169,11,198,336,573,41749,4393,51,067,5537
2000,51069,"Frederick County, Virginia",59209,56240,1550,92,388,10,329,600,1004,55653,1538,51,069,3556
2000,51071,"Giles County, Virginia",16657,16226,263,23,31,0,26,88,105,16141,263,51,071,516
2000,51073,"Gloucester County, Virginia",34780,30148,3585,146,240,18,140,503,560,29805,3562,51,073,4975
2000,51075,"Goochland County, Virginia",16863,12261,4324,33,80,2,33,130,144,12194,4298,51,075,4669
2000,51077,"Grayson County, Virginia",17917,16429,1217,21,12,5,125,108,277,16283,1214,51,077,1634
2000,51079,"Greene County, Virginia",15244,13871,983,29,68,5,98,190,201,13769,982,51,079,1475
2000,51081,"Greensville County, Virginia",11560,4502,6907,12,46,2,54,37,108,4461,6881,51,081,7099
2000,51083,"Halifax County, Virginia",37355,22531,14204,74,91,2,166,287,458,22313,14164,51,083,15042
2000,51085,"Hanover County, Virginia",86320,76242,8065,289,686,7,316,715,847,75753,8026,51,085,10567
2000,51087,"Henrico County, Virginia",262300,180761,64805,920,9451,82,2562,3719,5946,178000,64342,51,087,84300
2000,51089,"Henry County, Virginia",57930,43118,13127,93,236,19,804,533,2002,42087,13080,51,089,15843
2000,51091,"Highland County, Virginia",2536,2517,2,3,3,0,2,9,13,2507,1,51,091,29
2000,51093,"Isle of Wight County, Virginia",29728,21130,8071,78,101,8,83,257,254,20992,8045,51,093,8736
2000,51095,"James City County, Virginia",48102,39467,6910,134,702,22,213,654,816,38954,6858,51,095,9148
2000,51097,"King and Queen County, Virginia",6630,4059,2365,94,18,1,10,83,58,4036,2351,51,097,2594
2000,51099,"King George County, Virginia",16803,13055,3148,80,169,12,76,263,301,12856,3136,51,099,3947
2000,51101,"King William County, Virginia",13146,9703,2999,202,48,0,43,151,120,9654,2974,51,101,3492
2000,51103,"Lancaster County, Virginia",11567,8091,3340,16,39,7,11,63,71,8055,3324,51,103,3512
2000,51105,"Lee County, Virginia",23589,23221,103,53,42,1,19,150,120,23132,103,51,105,457
2000,51107,"Loudoun County, Virginia",169599,140419,11683,358,9067,105,3837,4130,10089,134972,11517,51,107,34627
2000,51109,"Louisa County, Virginia",25627,19617,5530,108,64,3,46,259,182,19517,5507,51,109,6110
2000,51111,"Lunenburg County, Virginia",13146,7772,5072,21,27,6,98,150,235,7695,5044,51,111,5451
2000,51113,"Madison County, Virginia",12520,10856,1429,17,63,3,36,116,96,10800,1423,51,113,1720
2000,51115,"Mathews County, Virginia",9207,8038,1036,23,17,0,29,64,73,7995,1036,51,115,1212
2000,51117,"Mecklenburg County, Virginia",32380,19181,12654,67,98,4,157,219,393,19017,12589,51,117,13363
2000,51119,"Middlesex County, Virginia",9932,7797,1999,25,12,0,41,58,55,7772,1998,51,119,2160
2000,51121,"Montgomery County, Virginia",83629,75270,3055,151,3320,30,526,1277,1321,74519,2996,51,121,9110
2000,51125,"Nelson County, Virginia",14445,11939,2151,27,34,9,90,195,305,11765,2136,51,125,2680
2000,51127,"New Kent County, Virginia",13462,10805,2181,173,72,2,71,158,176,10727,2165,51,127,2735
2000,51131,"Northampton County, Virginia",13093,6977,5634,22,26,3,278,153,454,6878,5602,51,131,6215
2000,51133,"Northumberland County, Virginia",12259,8849,3259,18,24,0,40,69,114,8804,3234,51,133,3455
2000,51135,"Nottoway County, Virginia",15725,8988,6378,21,61,5,159,113,248,8923,6356,51,135,6802
2000,51137,"Orange County, Virginia",25881,21833,3566,53,88,5,102,234,330,21629,3556,51,137,4252
2000,51139,"Page County, Virginia",23177,22311,501,34,55,6,112,158,251,22183,501,51,139,994
2000,51141,"Patrick County, Virginia",19407,17805,1203,41,32,7,182,137,363,17667,1178,51,141,1740
2000,51143,"Pittsylvania County, Virginia",61745,46311,14606,88,117,3,230,390,759,45921,14525,51,143,15824
2000,51145,"Powhatan County, Virginia",22377,18237,3784,46,46,1,74,189,184,18117,3781,51,145,4260
2000,51147,"Prince Edward County, Virginia",19720,12260,7063,36,108,20,45,188,186,12180,7014,51,147,7540
2000,51149,"Prince George County, Virginia",33047,20135,10753,140,573,51,723,672,1625,19532,10593,51,149,13515
2000,51153,"Prince William County, Virginia",280813,193574,52691,1094,10701,368,12207,10178,27338,181756,51743,51,153,99057
2000,51155,"Pulaski County, Virginia",35127,32529,1957,54,114,13,131,329,336,32351,1947,51,155,2776
2000,51157,"Rappahannock County, Virginia",6983,6469,380,11,15,0,28,80,91,6411,374,51,157,572
2000,51159,"Richmond County, Virginia",8809,5706,2922,8,28,6,75,64,185,5616,2913,51,159,3193
2000,51161,"Roanoke County, Virginia",85778,80312,2876,105,1377,14,334,760,888,79809,2855,51,161,5969
2000,51163,"Rockbridge County, Virginia",20808,19856,617,54,92,1,25,163,120,19775,610,51,163,1033
2000,51165,"Rockingham County, Virginia",67725,65406,924,85,199,7,610,494,2221,63938,868,51,165,3787
2000,51167,"Russell County, Virginia",30308,29118,934,34,15,1,86,120,237,28981,923,51,167,1327
2000,51169,"Scott County, Virginia",23403,23055,139,32,17,4,35,121,99,22992,137,51,169,411
2000,51171,"Shenandoah County, Virginia",35075,33533,412,62,122,6,628,312,1194,33046,399,51,171,2029
2000,51173,"Smyth County, Virginia",33081,32043,619,51,61,1,107,199,283,31880,607,51,173,1201
2000,51175,"Southampton County, Virginia",17482,9783,7495,35,32,1,44,92,115,9754,7462,51,175,7728
2000,51177,"Spotsylvania County, Virginia",90395,74924,11255,288,1243,45,941,1699,2536,73546,11127,51,177,16849
2000,51179,"Stafford County, Virginia",92446,75807,11211,417,1512,93,1123,2283,3342,74027,11013,51,179,18419
2000,51181,"Surry County, Virginia",6829,3201,3524,17,9,2,17,59,51,3170,3513,51,181,3659
2000,51183,"Sussex County, Virginia",12504,4550,7769,16,15,2,68,84,102,4537,7750,51,183,7967
2000,51185,"Tazewell County, Virginia",44598,42886,1020,74,272,0,70,276,228,42736,1005,51,185,1862
2000,51187,"Warren County, Virginia",31584,29280,1526,84,136,7,145,406,494,28947,1514,51,187,2637
2000,51191,"Washington County, Virginia",51103,49854,676,58,137,13,69,296,322,49594,674,51,191,1509
2000,51193,"Westmoreland County, Virginia",16718,10936,5164,47,61,2,292,216,579,10720,5139,51,193,5998
2000,51195,"Wise County, Virginia",40123,38870,713,64,121,4,106,245,292,38681,708,51,195,1442
2000,51197,"Wythe County, Virginia",27599,26429,791,44,105,4,65,161,157,26332,777,51,197,1267
2000,51199,"York County, Virginia",56297,45038,7533,195,1829,65,509,1128,1509,44218,7445,51,199,12079
2000,51510,"Alexandria city, Virginia",128283,76702,28915,355,7249,112,9467,5483,18882,68889,28463,51,510,59394
2000,51515,"Bedford city, Virginia",6299,4745,1410,15,36,5,15,73,56,4703,1407,51,515,1596
2000,51520,"Bristol city, Virginia",17367,16072,967,43,64,2,32,187,169,15964,952,51,520,1403
2000,51530,"Buena Vista city, Virginia",6349,5940,305,19,27,1,5,52,64,5889,302,51,530,460
2000,51540,"Charlottesville city, Virginia",45049,31337,10009,49,2223,15,458,958,1102,30825,9916,51,540,14224
2000,51550,"Chesapeake city, Virginia",199184,133193,56823,770,3673,101,1400,3224,4076,131200,56442,51,550,67984
2000,51560,"Clifton Forge city, Virginia",4289,3558,627,4,2,0,21,77,38,3543,627,51,560,746
2000,51570,"Colonial Heights city, Virginia",16897,15052,1059,32,459,14,108,173,274,14920,1043,51,570,1977
2000,51580,"Covington city, Virginia",6303,5298,828,22,41,1,13,100,40,5271,828,51,580,1032
2000,51590,"Danville city, Virginia",48411,26075,21352,81,291,14,219,379,612,25813,21267,51,590,22598
2000,51595,"Emporia city, Virginia",5665,2405,3181,4,30,4,17,24,84,2342,3174,51,595,3323
2000,51600,"Fairfax city, Virginia",21498,15675,1090,73,2617,16,1326,701,2932,14333,1035,51,600,7165
2000,51610,"Falls Church city, Virginia",10377,8817,340,25,675,7,261,252,876,8255,321,51,610,2122
2000,51620,"Franklin city, Virginia",8346,3816,4366,12,65,1,16,70,46,3800,4351,51,620,4546
2000,51630,"Fredericksburg city, Virginia",19279,14108,3935,65,291,11,494,375,945,13759,3884,51,630,5520
2000,51640,"Galax city, Virginia",6837,5887,428,31,48,1,377,65,757,5549,412,51,640,1288
2000,51650,"Hampton city, Virginia",146437,72556,65428,616,2694,136,1505,3502,4153,70963,64795,51,650,75474
2000,51660,"Harrisonburg city, Virginia",40468,34334,2394,76,1257,10,1355,1042,3580,32416,2266,51,660,8052
2000,51670,"Hopewell city, Virginia",22354,13924,7484,79,180,16,275,396,651,13655,7414,51,670,8699
2000,51678,"Lexington city, Virginia",6867,5906,713,18,132,1,33,64,109,5837,713,51,678,1030
2000,51680,"Lynchburg city, Virginia",65269,43487,19382,169,838,28,413,952,878,43108,19288,51,680,22161
2000,51683,"Manassas city, Virginia",35135,25316,4535,128,1206,31,2773,1146,5316,23304,4430,51,683,11831
2000,51685,"Manassas Park city, Virginia",10290,7490,1149,45,418,7,838,343,1544,6919,1115,51,685,3371
2000,51690,"Martinsville city, Virginia",15416,8537,6559,16,72,0,107,125,358,8336,6501,51,690,7080
2000,51700,"Newport News city, Virginia",180150,96383,70388,752,4195,214,3225,4993,7595,93624,69538,51,700,86526
2000,51710,"Norfolk city, Virginia",234403,113358,103387,1071,6593,251,3923,5820,8915,110221,102268,51,710,124182
2000,51720,"Norton city, Virginia",3904,3575,240,3,39,5,7,35,34,3548,235,51,720,356
2000,51730,"Petersburg city, Virginia",33740,6249,26643,67,236,9,198,338,463,6131,26511,51,730,27609
2000,51735,"Poquoson city, Virginia",11566,11134,78,27,182,4,31,110,122,11048,78,51,735,518
2000,51740,"Portsmouth city, Virginia",100565,46096,50899,478,775,67,618,1632,1748,45403,50569,51,740,55162
2000,51750,"Radford city, Virginia",15859,13990,1284,39,226,4,77,239,184,13900,1274,51,750,1959
2000,51760,"Richmond city, Virginia",197790,75744,113108,479,2471,157,2948,2883,5074,74506,112455,51,760,123284
2000,51770,"Roanoke city, Virginia",94911,65848,25380,190,1096,23,685,1689,1405,65256,25220,51,770,29655
2000,51775,"Salem city, Virginia",24747,22738,1455,32,241,6,61,214,205,22594,1444,51,775,2153
2000,51790,"Staunton city, Virginia",23853,19866,3328,52,110,2,125,370,265,19728,3305,51,790,4125
2000,51800,"Suffolk city, Virginia",63677,34271,27718,191,491,15,233,758,809,33940,27524,51,800,29737
2000,51810,"Virginia Beach city, Virginia",425257,303681,80593,1619,20869,416,6402,11677,17770,295402,79092,51,810,129855
2000,51820,"Waynesboro city, Virginia",19520,16877,1945,61,112,6,213,306,643,16492,1935,51,820,3028
2000,51830,"Williamsburg city, Virginia",11998,9543,1601,32,549,7,90,176,302,9352,1593,51,830,2646
2000,51840,"Winchester city, Virginia",23585,19355,2470,56,375,8,817,504,1527,18724,2454,51,840,4861
2000,53001,"Adams County, Washington",16428,10672,46,112,99,6,5042,451,7732,8366,20,53,001,8062
2000,53003,"Asotin County, Washington",20551,19650,39,260,105,5,129,363,401,19426,34,53,003,1125
2000,53005,"Benton County, Washington",142475,122879,1319,1165,3134,163,9986,3829,17806,116457,1227,53,005,26018
2000,53007,"Chelan County, Washington",66616,55711,172,661,451,77,8121,1423,12831,51590,111,53,007,15026
2000,53009,"Clallam County, Washington",64525,57505,545,3303,731,104,761,1576,2203,56413,517,53,009,8112
2000,53011,"Clark County, Washington",345238,306648,5813,2910,11095,1274,6857,10641,16248,299134,5628,53,011,46104
2000,53013,"Columbia County, Washington",4064,3809,9,39,17,2,111,77,258,3685,9,53,013,379
2000,53015,"Cowlitz County, Washington",92948,85326,482,1417,1206,124,1958,2435,4231,83571,448,53,015,9377
2000,53017,"Douglas County, Washington",32603,27599,101,355,178,31,3530,809,6433,25179,62,53,017,7424
2000,53019,"Ferry County, Washington",7260,5480,15,1327,21,4,162,251,205,5439,15,53,019,1821
2000,53021,"Franklin County, Washington",49347,30553,1230,362,800,57,14300,2045,23032,23470,1120,53,021,25877
2000,53023,"Garfield County, Washington",2397,2312,0,9,16,1,33,26,47,2304,0,53,023,93
2000,53025,"Grant County, Washington",74698,57174,742,863,652,53,12967,2247,22476,48883,653,53,025,25815
2000,53027,"Grays Harbor County, Washington",67194,59335,226,3132,818,73,1527,2083,3258,58112,205,53,027,9082
2000,53029,"Island County, Washington",71558,62374,1691,693,3001,314,1025,2460,2843,60929,1634,53,029,10629
2000,53031,"Jefferson County, Washington",25953,23920,110,599,309,34,197,784,535,23628,103,53,031,2325
2000,53033,"King County, Washington",1737034,1315507,93875,15922,187745,9013,44473,70499,95242,1275127,91798,53,033,461907
2000,53035,"Kitsap County, Washington",231969,195481,6648,3760,10192,1805,3309,10774,9609,190751,6495,53,035,41218
2000,53037,"Kittitas County, Washington",33362,30617,236,303,731,49,768,658,1668,29825,227,53,037,3537
2000,53039,"Klickitat County, Washington",19161,16778,51,665,139,41,961,526,1496,16329,26,53,039,2832
2000,53041,"Lewis County, Washington",68600,63772,259,840,475,122,1751,1381,3684,62174,239,53,041,6426
2000,53043,"Lincoln County, Washington",10184,9740,23,166,25,7,59,164,191,9632,22,53,043,552
2000,53045,"Mason County, Washington",49405,43705,587,1840,519,221,1036,1497,2361,42636,562,53,045,6769
2000,53047,"Okanogan County, Washington",39564,29799,109,4537,176,28,3791,1124,5688,28362,79,53,047,11202
2000,53049,"Pacific County, Washington",20984,18998,42,513,436,19,384,592,1052,18462,36,53,049,2522
2000,53051,"Pend Oreille County, Washington",11732,10973,17,338,74,24,67,239,241,10821,17,53,051,911
2000,53053,"Pierce County, Washington",700820,549369,48730,9963,35583,5922,15410,35843,38621,532934,47399,53,053,167886
2000,53055,"San Juan County, Washington",14077,13372,36,117,125,12,128,287,338,13187,34,53,055,890
2000,53057,"Skagit County, Washington",102979,89070,450,1909,1538,163,7381,2468,11536,85496,422,53,057,17483
2000,53059,"Skamania County, Washington",9872,9093,30,217,53,17,240,222,398,8922,30,53,059,950
2000,53061,"Snohomish County, Washington",606024,518948,10113,8250,35030,1705,11629,20349,28590,505198,9803,53,061,100826
2000,53063,"Spokane County, Washington",417939,381934,6659,5847,7870,666,3410,11553,11561,375427,6437,53,063,42512
2000,53065,"Stevens County, Washington",40066,36078,111,2266,193,66,271,1081,739,35718,107,53,065,4348
2000,53067,"Thurston County, Washington",207355,177617,4881,3143,9145,1078,3506,7985,9392,172963,4714,53,067,34392
2000,53069,"Wahkiakum County, Washington",3824,3574,10,60,18,3,63,96,98,3546,9,53,069,278
2000,53071,"Walla Walla County, Washington",55180,47081,930,465,614,123,4548,1419,8654,43502,869,53,071,11678
2000,53073,"Whatcom County, Washington",166814,147485,1150,4709,4637,235,4159,4439,8687,143842,1065,53,073,22972
2000,53075,"Whitman County, Washington",40740,35880,623,298,2260,109,498,1072,1219,35317,613,53,075,5423
2000,53077,"Yakima County, Washington",222581,146005,2157,9966,2124,203,54375,7751,79905,125733,1842,53,077,96848
2000,54001,"Barbour County, West Virginia",15557,15147,77,111,40,3,19,160,73,15095,77,54,001,462
2000,54003,"Berkeley County, West Virginia",75905,70392,3558,186,350,17,428,974,1156,69733,3523,54,003,6172
2000,54005,"Boone County, West Virginia",25535,25160,167,31,18,4,17,138,117,25064,164,54,005,471
2000,54007,"Braxton County, West Virginia",14702,14411,101,51,16,7,12,104,65,14353,101,54,007,349
2000,54009,"Brooke County, West Virginia",25447,24913,216,25,87,9,22,175,99,24841,215,54,009,606
2000,54011,"Cabell County, West Virginia",96784,90370,4150,174,749,38,196,1107,654,89944,4118,54,011,6840
2000,54013,"Calhoun County, West Virginia",7582,7499,8,23,8,1,10,33,42,7473,6,54,013,109
2000,54015,"Clay County, West Virginia",10330,10146,8,73,2,0,9,92,42,10108,7,54,015,222
2000,54017,"Doddridge County, West Virginia",7403,7278,20,23,11,0,10,61,42,7252,18,54,017,151
2000,54019,"Fayette County, West Virginia",47579,44125,2650,130,144,17,70,443,325,43874,2647,54,019,3705
2000,54021,"Gilmer County, West Virginia",7160,6969,65,14,41,1,7,63,50,6936,64,54,021,224
2000,54023,"Grant County, West Virginia",11299,11110,76,29,16,2,15,51,62,11058,76,54,023,241
2000,54025,"Greenbrier County, West Virginia",34453,32810,1048,116,64,2,53,360,236,32632,1041,54,025,1821
2000,54027,"Hampshire County, West Virginia",20203,19807,167,48,33,4,25,119,112,19733,164,54,027,470
2000,54029,"Hancock County, West Virginia",32667,31497,752,39,114,3,38,224,243,31307,747,54,029,1360
2000,54031,"Hardy County, West Virginia",12669,12273,244,20,18,0,29,85,84,12225,230,54,031,444
2000,54033,"Harrison County, West Virginia",68652,66282,1105,102,408,19,145,591,660,65756,1102,54,033,2896
2000,54035,"Jackson County, West Virginia",28000,27649,23,58,64,4,29,173,81,27595,23,54,035,405
2000,54037,"Jefferson County, West Virginia",42190,38400,2571,120,252,17,254,576,734,37958,2539,54,037,4232
2000,54039,"Kanawha County, West Virginia",200073,180989,13955,420,1697,42,425,2545,1172,180258,13870,54,039,19815
2000,54041,"Lewis County, West Virginia",16919,16681,22,34,49,0,14,119,85,16604,22,54,041,315
2000,54043,"Lincoln County, West Virginia",22108,21895,13,37,13,2,13,135,121,21787,13,54,043,321
2000,54045,"Logan County, West Virginia",37710,36325,975,44,113,8,22,223,202,36157,970,54,045,1553
2000,54047,"McDowell County, West Virginia",27329,23792,3250,46,16,2,20,203,132,23695,3234,54,047,3634
2000,54049,"Marion County, West Virginia",56598,53823,1823,114,231,5,74,528,394,53508,1816,54,049,3090
2000,54051,"Marshall County, West Virginia",35519,34949,153,38,90,9,41,239,228,34762,152,54,051,757
2000,54053,"Mason County, West Virginia",25957,25533,130,47,71,2,28,146,121,25441,129,54,053,516
2000,54055,"Mercer County, West Virginia",62980,58295,3668,122,288,8,66,533,285,58073,3657,54,055,4907
2000,54057,"Mineral County, West Virginia",27078,26037,690,31,54,2,57,207,158,25924,689,54,057,1154
2000,54059,"Mingo County, West Virginia",28253,27233,661,68,58,6,17,210,135,27134,654,54,059,1119
2000,54061,"Monongalia County, West Virginia",81866,75500,2763,162,2009,34,264,1134,826,74965,2740,54,061,6901
2000,54063,"Monroe County, West Virginia",14583,13514,872,33,23,2,5,134,72,13448,868,54,063,1135
2000,54065,"Morgan County, West Virginia",14943,14689,89,26,18,2,34,85,124,14596,89,54,065,347
2000,54067,"Nicholas County, West Virginia",26562,26255,14,65,50,6,27,145,127,26170,10,54,067,392
2000,54069,"Ohio County, West Virginia",47427,44820,1691,42,369,14,61,430,238,44633,1679,54,069,2794
2000,54071,"Pendleton County, West Virginia",8196,7896,174,22,15,3,23,63,73,7854,167,54,071,342
2000,54073,"Pleasants County, West Virginia",7514,7386,36,35,15,0,5,37,28,7363,36,54,073,151
2000,54075,"Pocahontas County, West Virginia",9131,8983,71,6,13,0,5,53,39,8948,71,54,075,183
2000,54077,"Preston County, West Virginia",29334,28995,86,32,43,5,14,159,168,28845,82,54,077,489
2000,54079,"Putnam County, West Virginia",51589,50542,287,80,298,11,67,304,262,50361,287,54,079,1228
2000,54081,"Raleigh County, West Virginia",79220,71006,6753,147,568,13,99,634,727,70421,6719,54,081,8799
2000,54083,"Randolph County, West Virginia",28262,27609,302,46,106,4,45,150,191,27479,296,54,083,783
2000,54085,"Ritchie County, West Virginia",10343,10206,14,28,13,0,11,71,49,10168,14,54,085,175
2000,54087,"Roane County, West Virginia",15446,15223,34,32,35,0,29,93,104,15144,34,54,087,302
2000,54089,"Summers County, West Virginia",12999,12553,280,33,12,5,13,103,71,12494,280,54,089,505
2000,54091,"Taylor County, West Virginia",16089,15779,134,31,27,6,10,102,95,15712,131,54,091,377
2000,54093,"Tucker County, West Virginia",7321,7237,5,14,1,9,7,48,18,7224,4,54,093,97
2000,54095,"Tyler County, West Virginia",9592,9530,2,5,8,1,3,43,41,9492,2,54,095,100
2000,54097,"Upshur County, West Virginia",23404,22981,144,39,72,3,30,135,137,22876,143,54,097,528
2000,54099,"Wayne County, West Virginia",42903,42382,54,99,86,8,35,239,202,42210,53,54,099,693
2000,54101,"Webster County, West Virginia",9719,9639,1,7,6,1,1,64,36,9605,1,54,101,114
2000,54103,"Wetzel County, West Virginia",17693,17502,15,17,57,4,5,93,74,17439,15,54,103,254
2000,54105,"Wirt County, West Virginia",5873,5788,17,12,6,0,6,44,18,5771,17,54,105,102
2000,54107,"Wood County, West Virginia",87986,85627,887,188,448,35,124,677,514,85247,858,54,107,2739
2000,54109,"Wyoming County, West Virginia",25708,25345,161,31,21,0,19,131,135,25221,161,54,109,487
2000,55001,"Adams County, Wisconsin",18643,18201,50,110,62,3,62,155,268,18021,50,55,001,622
2000,55003,"Ashland County, Wisconsin",16866,14690,36,1745,53,8,49,285,188,14622,35,55,003,2244
2000,55005,"Barron County, Wisconsin",44963,43924,63,363,145,18,142,308,430,43667,55,55,005,1296
2000,55007,"Bayfield County, Wisconsin",15013,13280,20,1409,41,1,39,223,91,13247,20,55,007,1766
2000,55009,"Brown County, Wisconsin",226778,206688,2641,5191,4935,64,4300,2959,8698,203243,2562,55,009,23535
2000,55011,"Buffalo County, Wisconsin",13804,13623,16,42,45,3,11,64,85,13555,15,55,011,249
2000,55013,"Burnett County, Wisconsin",15674,14616,56,698,37,11,33,223,120,14563,54,55,013,1111
2000,55015,"Calumet County, Wisconsin",40631,39282,124,139,629,3,154,300,435,39062,109,55,015,1569
2000,55017,"Chippewa County, Wisconsin",55195,54006,89,176,492,8,93,331,289,53831,85,55,017,1364
2000,55019,"Clark County, Wisconsin",33557,32904,43,161,101,3,188,157,404,32716,39,55,019,841
2000,55021,"Columbia County, Wisconsin",52468,50990,460,185,175,12,232,414,827,50476,432,55,021,1992
2000,55023,"Crawford County, Wisconsin",17243,16780,233,37,45,2,29,117,129,16693,230,55,023,550
2000,55025,"Dane County, Wisconsin",426526,379447,17069,1404,14735,133,6118,7620,14387,372597,16829,55,025,53929
2000,55027,"Dodge County, Wisconsin",85897,81843,2142,345,296,25,744,502,2188,80563,2095,55,027,5334
2000,55029,"Door County, Wisconsin",27961,27356,53,183,81,3,91,194,267,27228,49,55,029,733
2000,55031,"Douglas County, Wisconsin",43287,41273,246,786,273,12,85,612,315,41081,245,55,031,2206
2000,55033,"Dunn County, Wisconsin",39858,38294,135,107,849,5,148,320,335,38122,135,55,033,1736
2000,55035,"Eau Claire County, Wisconsin",93142,88443,482,500,2344,31,305,1037,879,87936,471,55,035,5206
2000,55037,"Florence County, Wisconsin",5088,4995,8,22,14,1,7,41,23,4981,8,55,037,107
2000,55039,"Fond du Lac County, Wisconsin",97296,93562,876,371,845,28,814,800,1987,92528,857,55,039,4768
2000,55041,"Forest County, Wisconsin",10024,8607,118,1133,17,4,23,122,108,8570,118,55,041,1454
2000,55043,"Grant County, Wisconsin",49597,48719,259,64,230,4,71,250,280,48542,257,55,043,1055
2000,55045,"Green County, Wisconsin",33647,33021,86,70,97,0,120,253,327,32858,83,55,045,789
2000,55047,"Green Lake County, Wisconsin",19105,18687,29,38,59,7,170,115,393,18474,29,55,047,631
2000,55049,"Iowa County, Wisconsin",22780,22484,38,25,78,3,26,126,75,22428,36,55,049,352
2000,55051,"Iron County, Wisconsin",6861,6743,6,41,9,3,4,55,45,6714,4,55,051,147
2000,55053,"Jackson County, Wisconsin",19100,17109,433,1176,31,8,193,150,357,16990,428,55,053,2110
2000,55055,"Jefferson County, Wisconsin",74021,71309,210,249,333,14,1220,686,3031,69765,184,55,055,4256
2000,55057,"Juneau County, Wisconsin",24316,23491,81,316,106,4,138,180,347,23318,76,55,057,998
2000,55059,"Kenosha County, Wisconsin",149577,132193,7600,564,1381,57,4924,2858,10757,127287,7446,55,059,22290
2000,55061,"Kewaunee County, Wisconsin",20187,19897,31,55,27,1,61,115,153,19822,27,55,061,365
2000,55063,"La Crosse County, Wisconsin",107120,100883,1016,440,3376,21,286,1098,990,100332,975,55,063,6788
2000,55065,"Lafayette County, Wisconsin",16137,15980,17,18,36,6,23,57,92,15921,17,55,065,216
2000,55067,"Langlade County, Wisconsin",20740,20311,31,113,57,5,42,181,171,20193,28,55,067,547
2000,55069,"Lincoln County, Wisconsin",29641,28977,123,130,116,8,86,201,243,28857,119,55,069,784
2000,55071,"Manitowoc County, Wisconsin",82887,79485,245,356,1644,34,494,629,1343,78756,227,55,071,4131
2000,55073,"Marathon County, Wisconsin",125834,118079,347,435,5715,26,324,908,979,117517,337,55,073,8317
2000,55075,"Marinette County, Wisconsin",43384,42550,100,215,119,9,91,300,325,42354,87,55,075,1030
2000,55077,"Marquette County, Wisconsin",15832,14828,545,165,42,16,60,176,421,14560,507,55,077,1272
2000,55078,"Menominee County, Wisconsin",4562,528,3,3981,0,1,15,34,122,526,3,55,078,4036
2000,55079,"Milwaukee County, Wisconsin",940164,616973,231157,6794,24145,422,39931,20742,82406,583481,228471,55,079,356683
2000,55081,"Monroe County, Wisconsin",40899,39474,188,376,195,15,347,304,740,39135,181,55,081,1764
2000,55083,"Oconto County, Wisconsin",35634,34836,48,277,72,5,84,312,240,34707,48,55,083,927
2000,55085,"Oneida County, Wisconsin",36776,35934,121,242,109,17,77,276,244,35794,114,55,085,982
2000,55087,"Outagamie County, Wisconsin",160971,151101,867,2471,3595,56,1311,1570,3207,149644,846,55,087,11327
2000,55089,"Ozaukee County, Wisconsin",82317,79621,765,162,882,14,276,597,1073,78894,759,55,089,3423
2000,55091,"Pepin County, Wisconsin",7213,7134,6,14,15,3,6,35,25,7122,6,55,091,91
2000,55093,"Pierce County, Wisconsin",36804,36071,91,105,158,10,104,265,301,35896,91,55,093,908
2000,55095,"Polk County, Wisconsin",41319,40342,63,436,109,9,82,278,329,40131,56,55,095,1188
2000,55097,"Portage County, Wisconsin",67182,64316,215,242,1511,29,288,581,967,63752,203,55,097,3430
2000,55099,"Price County, Wisconsin",15822,15541,16,95,47,5,23,95,116,15462,16,55,099,360
2000,55101,"Racine County, Wisconsin",188831,156796,19777,687,1363,77,6972,3159,14990,150238,19441,55,101,38593
2000,55103,"Richland County, Wisconsin",17924,17636,27,46,38,5,51,121,167,17546,26,55,103,378
2000,55105,"Rock County, Wisconsin",152307,138610,7048,422,1191,61,2691,2284,5953,135884,6943,55,105,16423
2000,55107,"Rusk County, Wisconsin",15347,14992,79,65,40,15,54,102,116,14941,78,55,107,406
2000,55109,"St. Croix County, Wisconsin",63155,61796,177,159,389,14,141,479,483,61525,176,55,109,1630
2000,55111,"Sauk County, Wisconsin",55225,53775,142,479,144,9,324,352,938,53241,138,55,111,1984
2000,55113,"Sawyer County, Wisconsin",16196,13236,51,2603,48,3,56,199,145,13182,50,55,113,3014
2000,55115,"Shawano County, Wisconsin",40664,37251,91,2545,136,18,128,495,407,37102,90,55,115,3562
2000,55117,"Sheboygan County, Wisconsin",112646,104438,1224,409,3698,28,1642,1207,3789,102628,1189,55,117,10018
2000,55119,"Taylor County, Wisconsin",19680,19427,17,37,46,0,37,116,127,19342,17,55,119,338
2000,55121,"Trempealeau County, Wisconsin",27010,26688,35,45,36,3,77,126,240,26546,33,55,121,464
2000,55123,"Vernon County, Wisconsin",28056,27723,18,42,60,2,75,136,186,27617,18,55,123,439
2000,55125,"Vilas County, Wisconsin",21033,18865,43,1909,38,2,39,137,181,18765,42,55,125,2268
2000,55127,"Walworth County, Wisconsin",93759,88597,790,219,612,24,2452,1065,6136,85428,747,55,127,8331
2000,55129,"Washburn County, Wisconsin",16036,15599,27,162,30,4,19,195,143,15504,25,55,129,532
2000,55131,"Washington County, Wisconsin",117493,114778,465,296,674,35,474,771,1529,113870,447,55,131,3623
2000,55133,"Waukesha County, Wisconsin",360767,345506,2646,788,5381,87,3128,3231,9503,339905,2570,55,133,20862
2000,55135,"Waupaca County, Wisconsin",51731,50660,87,217,139,7,280,341,714,50295,82,55,135,1436
2000,55137,"Waushara County, Wisconsin",23154,22413,62,72,80,7,314,206,848,21939,53,55,137,1215
2000,55139,"Winnebago County, Wisconsin",156763,148795,1756,726,2892,32,1121,1441,3065,147160,1725,55,139,9603
2000,55141,"Wood County, Wisconsin",75555,72855,201,528,1220,7,223,521,709,72438,201,55,141,3117
2000,56001,"Albany County, Wyoming",32014,29235,354,305,545,18,847,710,2397,28003,322,56,001,4011
2000,56003,"Big Horn County, Wyoming",11461,10777,13,86,24,8,386,167,707,10527,9,56,003,934
2000,56005,"Campbell County, Wyoming",33698,32369,51,313,108,29,378,450,1191,31701,47,56,005,1997
2000,56007,"Carbon County, Wyoming",15639,14092,105,199,105,9,808,321,2163,12892,103,56,007,2747
2000,56009,"Converse County, Wyoming",12052,11416,18,110,32,3,296,177,660,11072,18,56,009,980
2000,56011,"Crook County, Wyoming",5887,5761,3,60,4,0,15,44,54,5729,3,56,011,158
2000,56013,"Fremont County, Wyoming",35804,27388,44,7047,106,9,417,793,1566,26693,43,56,013,9111
2000,56015,"Goshen County, Wyoming",12538,11764,25,108,25,15,458,143,1107,11172,25,56,015,1366
2000,56017,"Hot Springs County, Wyoming",4882,4685,17,74,12,0,31,63,116,4614,17,56,017,268
2000,56019,"Johnson County, Wyoming",7075,6865,6,45,8,0,39,112,148,6771,5,56,019,304
2000,56021,"Laramie County, Wyoming",81607,72563,2124,693,777,89,3267,2094,8897,67901,2015,56,021,13706
2000,56023,"Lincoln County, Wyoming",14573,14157,15,83,33,8,103,174,315,14002,14,56,023,571
2000,56025,"Natrona County, Wyoming",66533,62644,505,686,277,25,1275,1121,3257,61023,473,56,025,5510
2000,56027,"Niobrara County, Wyoming",2407,2360,3,12,3,0,12,17,36,2337,3,56,027,70
2000,56029,"Park County, Wyoming",25786,24872,23,122,114,13,364,278,959,24356,19,56,029,1430
2000,56031,"Platte County, Wyoming",8807,8471,14,44,15,2,149,112,465,8181,3,56,031,626
2000,56033,"Sheridan County, Wyoming",26560,25465,49,338,102,33,217,356,646,25122,44,56,033,1438
2000,56035,"Sublette County, Wyoming",5920,5771,12,29,14,5,31,58,112,5709,12,56,035,211
2000,56037,"Sweetwater County, Wyoming",37613,34461,275,380,240,16,1349,892,3545,32675,270,56,037,4938
2000,56039,"Teton County, Wyoming",18251,17081,27,97,99,6,718,223,1185,16668,25,56,039,1583
2000,56041,"Uinta County, Wyoming",19742,18621,22,172,54,13,564,296,1055,18210,18,56,041,1532
2000,56043,"Washakie County, Wyoming",8289,7478,9,46,61,0,515,180,951,7143,8,56,043,1146
2000,56045,"Weston County, Wyoming",6644,6374,8,84,13,1,62,102,137,6298,8,56,045,346
2000,72001,"Adjuntas Municipio, Puerto Rico",19143,18215,230,31,2,0,378,287,19077,61,3,72,001,19082
2000,72003,"Aguada Municipio, Puerto Rico",42042,37280,1508,67,35,9,1978,1165,41747,244,15,72,003,41798
2000,72005,"Aguadilla Municipio, Puerto Rico",64685,54084,3202,125,149,14,5286,1825,63469,970,108,72,005,63715
2000,72007,"Aguas Buenas Municipio, Puerto Rico",29032,24088,1653,95,62,24,2380,730,28831,160,15,72,007,28872
2000,72009,"Aibonito Municipio, Puerto Rico",26493,23475,1193,67,11,1,1202,544,26352,123,1,72,009,26370
2000,72011,"Añasco Municipio, Puerto Rico",28348,24170,1206,88,32,3,1583,1266,28147,172,15,72,011,28176
2000,72013,"Arecibo Municipio, Puerto Rico",100131,89034,4055,303,130,21,3679,2909,99293,646,33,72,013,99485
2000,72015,"Arroyo Municipio, Puerto Rico",19117,8844,3609,105,22,13,5691,833,18939,108,36,72,015,19009
2000,72017,"Barceloneta Municipio, Puerto Rico",22322,18099,1271,52,22,3,2269,606,22193,100,7,72,017,22222
2000,72019,"Barranquitas Municipio, Puerto Rico",28909,25729,936,83,7,6,1518,630,28754,135,4,72,019,28774
2000,72021,"Bayamón Municipio, Puerto Rico",224044,190101,13235,617,481,58,8841,10711,221144,2131,298,72,021,221913
2000,72023,"Cabo Rojo Municipio, Puerto Rico",46911,41572,1381,116,29,14,2208,1591,46465,373,16,72,023,46538
2000,72025,"Caguas Municipio, Puerto Rico",140502,118709,8732,477,183,18,8757,3626,139359,847,101,72,025,139655
2000,72027,"Camuy Municipio, Puerto Rico",35244,32315,797,45,75,16,1294,702,34967,240,11,72,027,35004
2000,72029,"Canóvanas Municipio, Puerto Rico",43335,27693,7165,285,81,19,4574,3518,43016,208,68,72,029,43127
2000,72031,"Carolina Municipio, Puerto Rico",186076,128475,31444,868,559,61,17630,7039,183125,2135,347,72,031,183941
2000,72033,"Cataño Municipio, Puerto Rico",30071,20427,2279,226,58,7,1839,5235,29653,285,35,72,033,29786
2000,72035,"Cayey Municipio, Puerto Rico",47370,41771,1834,89,64,24,2602,986,47042,254,15,72,035,47116
2000,72037,"Ceiba Municipio, Puerto Rico",18004,12126,2339,81,224,25,2359,850,14636,2236,762,72,037,15768
2000,72039,"Ciales Municipio, Puerto Rico",19811,18293,612,33,18,5,536,314,19697,93,1,72,039,19718
2000,72041,"Cidra Municipio, Puerto Rico",42753,35346,1750,104,56,11,4432,1054,42486,203,21,72,041,42550
2000,72043,"Coamo Municipio, Puerto Rico",37597,30264,2165,101,25,6,3799,1237,37371,193,14,72,043,37404
2000,72045,"Comerío Municipio, Puerto Rico",20002,17815,858,44,13,8,563,701,19927,60,0,72,045,19942
2000,72047,"Corozal Municipio, Puerto Rico",36867,33800,1077,72,14,3,1017,884,36708,132,7,72,047,36735
2000,72049,"Culebra Municipio, Puerto Rico",1868,1132,390,19,21,1,242,63,1696,153,8,72,049,1715
2000,72051,"Dorado Municipio, Puerto Rico",34017,25219,4147,157,60,7,3214,1213,33407,519,31,72,051,33498
2000,72053,"Fajardo Municipio, Puerto Rico",40712,29722,4921,382,194,11,3582,1900,39585,814,168,72,053,39898
2000,72054,"Florida Municipio, Puerto Rico",12367,11381,305,43,31,0,409,198,12287,70,2,72,054,12297
2000,72055,"Guánica Municipio, Puerto Rico",21888,18443,907,54,28,2,1401,1053,21758,97,6,72,055,21791
2000,72057,"Guayama Municipio, Puerto Rico",44301,33014,4896,190,109,51,4571,1470,43940,249,26,72,057,44052
2000,72059,"Guayanilla Municipio, Puerto Rico",23072,18640,962,97,22,2,2481,868,22950,98,4,72,059,22974
2000,72061,"Guaynabo Municipio, Puerto Rico",100053,80171,6187,216,188,17,5486,7788,97639,1840,314,72,061,98213
2000,72063,"Gurabo Municipio, Puerto Rico",36743,28400,3707,83,42,6,3335,1170,36383,276,44,72,063,36467
2000,72065,"Hatillo Municipio, Puerto Rico",38925,35268,1003,43,25,4,1567,1015,38607,271,12,72,065,38654
2000,72067,"Hormigueros Municipio, Puerto Rico",16614,14283,811,31,21,4,1063,401,16444,140,7,72,067,16474
2000,72069,"Humacao Municipio, Puerto Rico",59035,41168,7634,259,151,22,5740,4061,58288,537,70,72,069,58498
2000,72071,"Isabela Municipio, Puerto Rico",44444,38950,2007,78,54,1,2031,1323,44009,355,32,72,071,44089
2000,72073,"Jayuya Municipio, Puerto Rico",17318,16055,356,37,1,2,561,306,17220,79,0,72,073,17239
2000,72075,"Juana Díaz Municipio, Puerto Rico",50531,39536,4223,227,48,14,3111,3372,50266,195,33,72,075,50336
2000,72077,"Juncos Municipio, Puerto Rico",36452,30698,2654,236,29,2,1872,961,36253,159,20,72,077,36293
2000,72079,"Lajas Municipio, Puerto Rico",26261,22777,769,60,23,0,1896,736,26053,162,22,72,079,26099
2000,72081,"Lares Municipio, Puerto Rico",34415,32937,361,47,25,2,584,459,34228,167,3,72,081,34248
2000,72083,"Las Marías Municipio, Puerto Rico",11061,10220,199,43,10,2,368,219,10987,63,2,72,083,10998
2000,72085,"Las Piedras Municipio, Puerto Rico",34485,28926,2371,110,60,16,1634,1368,34246,195,11,72,085,34290
2000,72087,"Loíza Municipio, Puerto Rico",32537,9679,18838,211,75,18,1806,1910,32343,76,73,72,087,32461
2000,72089,"Luquillo Municipio, Puerto Rico",19817,13544,2545,120,62,3,2933,610,19327,386,44,72,089,19431
2000,72091,"Manatí Municipio, Puerto Rico",45409,38694,2183,88,25,22,3469,928,45166,190,30,72,091,45219
2000,72093,"Maricao Municipio, Puerto Rico",6449,5824,194,10,1,0,204,216,6393,52,1,72,093,6397
2000,72095,"Maunabo Municipio, Puerto Rico",12741,7665,3170,49,69,11,913,864,12670,37,24,72,095,12704
2000,72097,"Mayagüez Municipio, Puerto Rico",98434,81971,5530,268,266,25,4881,5493,97467,692,69,72,097,97742
2000,72099,"Moca Municipio, Puerto Rico",39697,36183,1066,70,33,1,1278,1066,39380,267,4,72,099,39430
2000,72101,"Morovis Municipio, Puerto Rico",29965,27917,894,61,21,7,643,422,29770,167,13,72,101,29798
2000,72103,"Naguabo Municipio, Puerto Rico",23753,18073,2523,85,63,12,2107,890,23510,163,24,72,103,23590
2000,72105,"Naranjito Municipio, Puerto Rico",29709,27328,839,72,23,7,668,772,29565,127,3,72,105,29582
2000,72107,"Orocovis Municipio, Puerto Rico",23844,19401,975,87,15,5,2618,743,23647,179,2,72,107,23665
2000,72109,"Patillas Municipio, Puerto Rico",20152,13633,2482,95,23,7,1452,2460,20011,130,4,72,109,20022
2000,72111,"Peñuelas Municipio, Puerto Rico",26719,22244,1206,83,16,1,2523,646,26544,152,8,72,111,26567
2000,72113,"Ponce Municipio, Puerto Rico",186475,155907,9924,566,247,145,10059,9627,184602,1382,85,72,113,185093
2000,72115,"Quebradillas Municipio, Puerto Rico",25450,23970,396,31,17,9,638,389,25280,144,5,72,115,25306
2000,72117,"Rincón Municipio, Puerto Rico",14767,13381,376,35,15,1,486,473,14418,313,6,72,117,14454
2000,72119,"Río Grande Municipio, Puerto Rico",52362,34577,8445,244,357,10,6630,2099,51721,468,94,72,119,51894
2000,72121,"Sabana Grande Municipio, Puerto Rico",25935,22983,763,82,12,3,1395,697,25787,118,2,72,121,25817
2000,72123,"Salinas Municipio, Puerto Rico",31113,23202,3293,116,40,6,3051,1405,30895,176,13,72,123,30937
2000,72125,"San Germán Municipio, Puerto Rico",37105,32141,1364,66,47,5,1345,2137,36722,258,75,72,125,36847
2000,72127,"San Juan Municipio, Puerto Rico",434374,315939,51572,2243,2029,134,39286,23171,425652,5975,1221,72,127,428399
2000,72129,"San Lorenzo Municipio, Puerto Rico",40997,33380,1956,147,36,15,3470,1993,40757,182,24,72,129,40815
2000,72131,"San Sebastián Municipio, Puerto Rico",44204,41290,672,132,36,3,1242,829,43981,186,12,72,131,44018
2000,72133,"Santa Isabel Municipio, Puerto Rico",21665,15998,2018,96,22,8,2846,677,21512,108,14,72,133,21557
2000,72135,"Toa Alta Municipio, Puerto Rico",63929,52657,3957,203,117,21,4436,2538,63418,375,78,72,135,63554
2000,72137,"Toa Baja Municipio, Puerto Rico",94085,70597,10821,442,234,37,8990,2964,92762,948,200,72,137,93137
2000,72139,"Trujillo Alto Municipio, Puerto Rico",75728,58712,7382,251,152,8,5617,3606,74901,664,61,72,139,75064
2000,72141,"Utuado Municipio, Puerto Rico",35336,33457,410,50,35,6,861,517,35090,198,9,72,141,35138
2000,72143,"Vega Alta Municipio, Puerto Rico",37910,33397,2360,86,23,0,1286,758,37669,188,20,72,143,37722
2000,72145,"Vega Baja Municipio, Puerto Rico",61929,54243,3521,192,98,12,2331,1532,61413,386,29,72,145,61543
2000,72147,"Vieques Municipio, Puerto Rico",9106,6621,1256,69,52,0,799,309,8870,182,28,72,147,8924
2000,72149,"Villalba Municipio, Puerto Rico",27913,23063,1468,91,29,1,1205,2056,27787,114,1,72,149,27799
2000,72151,"Yabucoa Municipio, Puerto Rico",39246,26902,3390,247,126,14,5333,3234,38975,207,22,72,151,39039
2000,72153,"Yauco Municipio, Puerto Rico",46384,41624,1803,62,50,1,1647,1197,46097,228,18,72,153,46156
