YEAR,GEOID,NAME,TOTPOP,WHITE,BLACK,AMIN,ASIAN,NHPI,OTHER,TWO_OR_MORE,HISPANIC,NH_WHITE,NH_BLACK,state,county,POC
2010,01001,"Autauga County, Alabama",54571,42855,9643,232,474,32,466,869,1310,42154,9595,01,001,12417
2010,01003,"Baldwin County, Alabama",182265,156153,17105,1216,1348,89,3631,2723,7992,152200,16966,01,003,30065
2010,01005,"Barbour County, Alabama",27457,13180,12875,114,107,29,894,258,1387,12837,12820,01,005,14620
2010,01007,"Bibb County, Alabama",22915,17381,5047,64,22,13,185,203,406,17191,5024,01,007,5724
2010,01009,"Blount County, Alabama",57322,53068,761,307,117,38,2347,684,4626,50952,724,01,009,6370
2010,01011,"Bullock County, Alabama",10914,2507,7666,23,20,43,569,86,777,2392,7637,01,011,8522
2010,01013,"Butler County, Alabama",20947,11399,9095,60,177,7,48,161,191,11324,9047,01,013,9623
2010,01015,"Calhoun County, Alabama",118572,88840,24382,540,845,96,1894,1975,3893,87285,24177,01,015,31287
2010,01017,"Chambers County, Alabama",34215,20112,13257,69,168,10,214,385,536,19893,13206,01,017,14322
2010,01019,"Cherokee County, Alabama",25989,24081,1208,135,54,1,123,387,320,23929,1206,01,019,2060
2010,01021,"Chilton County, Alabama",43643,36713,4230,155,130,55,1854,506,3420,35395,4171,01,021,8248
2010,01023,"Choctaw County, Alabama",13859,7731,6012,18,12,0,28,58,73,7700,5990,01,023,6159
2010,01025,"Clarke County, Alabama",25833,14070,11336,103,77,4,67,176,271,13943,11280,01,025,11890
2010,01027,"Clay County, Alabama",13932,11380,2066,55,24,0,172,235,399,11186,2048,01,027,2746
2010,01029,"Cleburne County, Alabama",14972,14079,498,51,23,10,151,160,307,13956,494,01,029,1016
2010,01031,"Coffee County, Alabama",49948,37330,8359,645,644,100,1623,1247,3180,36134,8257,01,031,13814
2010,01033,"Colbert County, Alabama",54428,43789,8768,267,229,20,510,845,1093,43334,8702,01,033,11094
2010,01035,"Conecuh County, Alabama",13228,6788,6149,44,17,1,97,132,161,6764,6122,01,035,6464
2010,01037,"Coosa County, Alabama",11539,7648,3582,40,16,15,135,103,230,7604,3556,01,037,3935
2010,01039,"Covington County, Alabama",37765,32022,4716,214,155,1,135,522,483,31751,4685,01,039,6014
2010,01041,"Crenshaw County, Alabama",13906,10097,3254,57,189,8,99,202,204,10020,3241,01,041,3886
2010,01043,"Cullman County, Alabama",80406,76133,856,408,343,18,1759,889,3454,74568,821,01,043,5838
2010,01045,"Dale County, Alabama",50251,37236,9679,371,534,44,882,1505,2821,35705,9546,01,045,14546
2010,01047,"Dallas County, Alabama",43820,12769,30423,85,149,11,84,299,309,12676,30314,01,047,31144
2010,01049,"DeKalb County, Alabama",71109,60087,1078,969,203,147,7051,1574,9690,57997,1029,01,049,13112
2010,01051,"Elmore County, Alabama",79303,60455,15900,285,518,63,938,1144,2129,59449,15814,01,051,19854
2010,01053,"Escambia County, Alabama",38319,23784,12220,1288,92,12,343,580,718,23508,12162,01,053,14811
2010,01055,"Etowah County, Alabama",104430,83823,15796,448,672,171,1975,1545,3447,82789,15716,01,055,21641
2010,01057,"Fayette County, Alabama",17241,14910,1969,52,37,0,102,171,204,14832,1958,01,057,2409
2010,01059,"Franklin County, Alabama",31704,26320,1228,215,63,10,3338,530,4710,25249,1211,01,059,6455
2010,01061,"Geneva County, Alabama",26790,23127,2539,224,67,8,409,416,920,22692,2523,01,061,4098
2010,01063,"Greene County, Alabama",9045,1575,7370,17,15,0,25,43,69,1562,7349,01,063,7483
2010,01065,"Hale County, Alabama",15760,6266,9301,25,35,1,44,88,140,6213,9265,01,065,9547
2010,01067,"Henry County, Alabama",17302,11865,4942,57,54,2,206,176,389,11731,4915,01,067,5571
2010,01069,"Houston County, Alabama",101547,71053,26176,446,820,49,1244,1759,2995,69731,26038,01,069,31816
2010,01071,"Jackson County, Alabama",53227,48348,1781,719,185,48,768,1378,1339,47937,1771,01,071,5290
2010,01073,"Jefferson County, Alabama",658466,349166,276525,1740,9158,244,14358,7275,25488,340213,275511,01,073,318253
2010,01075,"Lamar County, Alabama",14564,12626,1643,24,4,2,82,183,180,12542,1635,01,075,2022
2010,01077,"Lauderdale County, Alabama",92709,80112,9257,338,685,34,977,1306,2082,79228,9190,01,077,13481
2010,01079,"Lawrence County, Alabama",34339,26647,3938,1953,42,6,275,1478,574,26420,3917,01,079,7919
2010,01081,"Lee County, Alabama",140247,100006,31901,445,3658,105,1873,2259,4571,97900,31674,01,081,42347
2010,01083,"Limestone County, Alabama",82782,66506,10429,547,924,42,2866,1468,4591,65112,10350,01,083,17670
2010,01085,"Lowndes County, Alabama",11299,2859,8310,25,14,0,31,60,87,2841,8283,01,085,8458
2010,01087,"Macon County, Alabama",21452,3319,17729,29,76,2,69,228,232,3267,17631,01,087,18185
2010,01089,"Madison County, Alabama",334811,228280,80376,2551,8265,365,6719,8255,15404,221445,79517,01,089,113366
2010,01091,"Marengo County, Alabama",21027,9751,10872,34,53,13,140,164,352,9607,10838,01,091,11420
2010,01093,"Marion County, Alabama",30776,28791,1184,101,54,14,291,341,632,28509,1178,01,093,2267
2010,01095,"Marshall County, Alabama",93019,81464,1494,706,478,103,7210,1564,11238,78060,1389,01,095,14959
2010,01097,"Mobile County, Alabama",412992,248647,142992,3681,7561,204,3885,6022,9936,243904,142272,01,097,169088
2010,01099,"Monroe County, Alabama",23068,12718,9614,260,67,9,66,334,220,12621,9581,01,099,10447
2010,01101,"Montgomery County, Alabama",229363,90656,125477,589,4821,171,4743,2906,8314,88099,124928,01,101,141264
2010,01103,"Morgan County, Alabama",119490,95404,14185,1042,691,107,5697,2364,9156,92585,14059,01,103,26905
2010,01105,"Perry County, Alabama",10591,3204,7276,17,30,5,16,43,114,3142,7244,01,105,7449
2010,01107,"Pickens County, Alabama",19746,11110,8211,28,36,1,128,232,313,11027,8169,01,107,8719
2010,01109,"Pike County, Alabama",32899,19144,12054,192,654,24,341,490,730,18887,11990,01,109,14012
2010,01111,"Randolph County, Alabama",22913,17532,4607,84,55,5,369,261,649,17280,4604,01,111,5633
2010,01113,"Russell County, Alabama",52947,28449,22135,219,236,113,691,1104,1946,27591,21926,01,113,25356
2010,01115,"St. Clair County, Alabama",83593,73741,7150,281,518,46,734,1123,1716,72947,7098,01,115,10646
2010,01117,"Shelby County, Alabama",195085,161943,20732,553,3726,74,5373,2684,11567,156371,20606,01,117,38714
2010,01119,"Sumter County, Alabama",13763,3326,10316,11,33,4,26,47,86,3304,10283,01,119,10459
2010,01121,"Talladega County, Alabama",82291,53739,26055,264,339,6,787,1101,1671,53079,25953,01,121,29212
2010,01123,"Tallapoosa County, Alabama",41616,29087,11083,121,197,8,713,407,1042,28838,11050,01,123,12778
2010,01125,"Tuscaloosa County, Alabama",194656,129004,57611,526,2306,117,2993,2099,5949,126611,57401,01,125,68045
2010,01127,"Walker County, Alabama",67023,61146,3928,251,195,36,639,828,1307,60587,3885,01,127,6436
2010,01129,"Washington County, Alabama",17581,11508,4380,1411,20,12,43,207,151,11455,4360,01,129,6126
2010,01131,"Wilcox County, Alabama",11670,3126,8465,14,4,1,9,51,72,3110,8420,01,131,8560
2010,01133,"Winston County, Alabama",24484,23409,115,163,60,28,356,353,639,23237,115,01,133,1247
2010,02013,"Aleutians East Borough, Alaska",3141,660,219,876,1130,19,84,153,385,425,212,02,013,2716
2010,02016,"Aleutians West Census Area, Alaska",5561,2004,332,857,1606,103,348,311,726,1745,318,02,016,3816
2010,02020,"Anchorage Municipality, Alaska",291826,192498,16226,23130,23580,5901,6846,23645,22061,182814,15308,02,020,109012
2010,02050,"Bethel Census Area, Alaska",17013,1894,65,14109,160,27,45,713,181,1854,65,02,050,15159
2010,02060,"Bristol Bay Borough, Alaska",997,481,0,334,8,3,4,167,24,476,0,02,060,521
2010,02068,"Denali Borough, Alaska",1826,1637,10,65,19,1,14,80,42,1614,10,02,068,212
2010,02070,"Dillingham Census Area, Alaska",4847,878,11,3470,32,6,12,438,101,855,11,02,070,3992
2010,02090,"Fairbanks North Star Borough, Alaska",97581,75175,4423,6879,2591,396,1446,6671,5651,72259,4154,02,090,25322
2010,02100,"Haines Borough, Alaska",2508,2086,10,230,14,0,21,147,47,2062,9,02,100,446
2010,02105,"Hoonah-Angoon Census Area, Alaska",2150,1014,8,890,12,1,6,219,77,993,8,02,105,1157
2010,02110,"Juneau City and Borough, Alaska",31275,21814,279,3692,1919,218,386,2967,1588,21065,259,02,110,10210
2010,02122,"Kenai Peninsula Borough, Alaska",55400,46857,269,4081,631,119,336,3107,1641,45879,248,02,122,9521
2010,02130,"Ketchikan Gateway Borough, Alaska",13477,9176,78,1910,943,27,93,1250,538,8918,76,02,130,4559
2010,02150,"Kodiak Island Borough, Alaska",13592,7522,92,1797,2660,87,397,1037,996,7137,85,02,150,6455
2010,02164,"Lake and Peninsula Borough, Alaska",1631,380,9,1061,6,5,6,164,43,362,9,02,164,1269
2010,02170,"Matanuska-Susitna Borough, Alaska",88995,75540,856,4901,1096,221,640,5741,3301,73676,817,02,170,15319
2010,02180,"Nome Census Area, Alaska",9492,1552,27,7199,96,9,22,587,115,1511,27,02,180,7981
2010,02185,"North Slope Borough, Alaska",9430,3147,94,5100,425,104,67,493,249,3059,91,02,185,6371
2010,02188,"Northwest Arctic Borough, Alaska",7523,846,37,6121,42,12,17,448,58,830,35,02,188,6693
2010,02195,"Petersburg Census Area, Alaska",3815,2711,15,614,100,7,42,326,130,2649,15,02,195,1166
2010,02198,"Prince of Wales-Hyder Census Area, Alaska",5559,2799,17,2207,21,21,20,474,127,2756,17,02,198,2803
2010,02220,"Sitka City and Borough, Alaska",8881,5798,47,1493,529,30,113,871,437,5641,43,02,220,3240
2010,02230,"Skagway Municipality, Alaska",968,885,0,34,5,1,4,39,21,872,0,02,230,96
2010,02240,"Southeast Fairbanks Census Area, Alaska",7029,5651,76,808,64,18,69,343,234,5535,71,02,240,1494
2010,02261,"Valdez-Cordova Census Area, Alaska",9636,7127,46,1315,354,54,46,694,349,6949,45,02,261,2687
2010,02270,"Wade Hampton Census Area, Alaska",7459,201,1,7085,18,0,3,151,7,199,1,02,270,7260
2010,02275,"Wrangell City and Borough, Alaska",2369,1719,4,384,33,1,5,223,37,1699,4,02,275,670
2010,02282,"Yakutat City and Borough, Alaska",662,281,2,237,27,12,1,102,17,268,2,02,282,394
2010,02290,"Yukon-Koyukuk Census Area, Alaska",5588,1243,10,3992,14,6,9,314,66,1218,9,02,290,4370
2010,04001,"Apache County, Arizona",71518,16634,175,52154,203,26,904,1422,4113,14568,157,04,001,56950
2010,04003,"Cochise County, Arizona",131346,103085,5465,1589,2525,418,12989,5275,42543,76805,4936,04,003,54541
2010,04005,"Coconino County, Arizona",134421,82967,1629,36714,1846,164,6990,4111,18166,74231,1495,04,005,60190
2010,04007,"Gila County, Arizona",53597,41162,233,7946,273,47,2865,1071,9588,35298,195,04,007,18299
2010,04009,"Graham County, Arizona",37220,26827,683,5376,200,52,3034,1048,11320,19483,633,04,009,17737
2010,04011,"Greenlee County, Arizona",8437,6514,89,195,46,5,1268,320,4040,4054,79,04,011,4383
2010,04012,"La Paz County, Arizona",20489,14306,129,2628,107,7,2551,761,4806,12854,115,04,012,7635
2010,04013,"Maricopa County, Arizona",3817117,2786781,190519,78329,132225,7790,489705,131768,1128741,2240055,177490,04,013,1577062
2010,04015,"Mohave County, Arizona",200186,173878,1882,4500,2103,341,11989,5493,29569,159378,1715,04,015,40808
2010,04017,"Navajo County, Arizona",107449,52972,938,46611,580,75,3625,2648,11571,47181,842,04,017,60268
2010,04019,"Pima County, Arizona",980263,728751,34674,32605,25731,1624,120639,36239,338802,541700,31075,04,019,438563
2010,04021,"Pinal County, Arizona",375770,272013,17215,20949,6492,1565,43213,14323,106977,220486,16007,04,021,155284
2010,04023,"Santa Cruz County, Arizona",47420,34835,179,328,255,15,10855,953,39273,7564,89,04,023,39856
2010,04025,"Yavapai County, Arizona",211033,188515,1267,3549,1785,213,10346,5358,28728,172968,1104,04,025,38065
2010,04027,"Yuma County, Arizona",195751,137881,3931,3056,2324,306,40743,7510,116912,69022,3169,04,027,126729
2010,05001,"Arkansas County, Arkansas",19019,13659,4661,36,92,2,320,249,513,13511,4634,05,001,5508
2010,05003,"Ashley County, Arkansas",21853,15143,5640,70,40,3,709,248,1069,14901,5619,05,003,6952
2010,05005,"Baxter County, Arkansas",41513,40231,67,232,169,17,193,604,688,39837,59,05,005,1676
2010,05007,"Benton County, Arkansas",221339,182817,2814,3751,6319,671,19061,5906,34283,169605,2647,05,007,51734
2010,05009,"Boone County, Arkansas",36903,35624,72,263,156,21,120,647,674,35139,64,05,009,1764
2010,05011,"Bradley County, Arkansas",11508,6934,3173,56,27,1,1162,155,1516,6676,3167,05,011,4832
2010,05013,"Calhoun County, Arkansas",5368,4001,1192,15,11,0,74,75,152,3939,1190,05,013,1429
2010,05015,"Carroll County, Arkansas",27446,24593,103,251,164,39,1677,619,3489,23062,74,05,015,4384
2010,05017,"Chicot County, Arkansas",11800,4864,6381,23,55,4,381,92,542,4761,6347,05,017,7039
2010,05019,"Clark County, Arkansas",22995,16518,5413,98,120,5,497,344,926,16177,5366,05,019,6818
2010,05021,"Clay County, Arkansas",16083,15682,56,42,20,1,80,202,217,15577,56,05,021,506
2010,05023,"Cleburne County, Arkansas",25970,25130,72,141,52,7,203,365,517,24894,67,05,023,1076
2010,05025,"Cleveland County, Arkansas",8689,7452,1059,23,10,1,79,65,145,7394,1053,05,025,1295
2010,05027,"Columbia County, Arkansas",24552,14696,9059,71,177,4,289,256,533,14545,9006,05,027,10007
2010,05029,"Conway County, Arkansas",21273,17917,2385,152,83,4,311,421,757,17533,2376,05,029,3740
2010,05031,"Craighead County, Arkansas",96443,78323,12640,342,1075,29,2339,1695,4277,76760,12564,05,031,19683
2010,05033,"Crawford County, Arkansas",61948,55194,725,1392,893,23,1948,1773,3760,53770,696,05,033,8178
2010,05035,"Crittenden County, Arkansas",50902,23446,26051,135,301,8,404,557,1014,23028,25953,05,035,27874
2010,05037,"Cross County, Arkansas",17870,13495,3972,47,83,3,83,187,266,13343,3966,05,037,4527
2010,05039,"Dallas County, Arkansas",8116,4476,3400,32,11,1,94,102,188,4393,3396,05,039,3723
2010,05041,"Desha County, Arkansas",13008,6230,6216,35,43,2,364,118,578,6083,6176,05,041,6925
2010,05043,"Drew County, Arkansas",18509,12739,5144,43,95,5,270,213,454,12587,5139,05,043,5922
2010,05045,"Faulkner County, Arkansas",113237,95420,11568,658,1277,48,1997,2269,4435,93326,11495,05,045,19911
2010,05047,"Franklin County, Arkansas",18125,17221,130,189,162,24,92,307,371,16997,124,05,047,1128
2010,05049,"Fulton County, Arkansas",12245,11857,40,79,28,1,35,205,97,11805,39,05,049,440
2010,05051,"Garland County, Arkansas",96024,82964,7615,587,695,45,1904,2214,4622,80621,7552,05,051,15403
2010,05053,"Grant County, Arkansas",17853,16940,390,77,48,2,207,189,392,16801,385,05,053,1052
2010,05055,"Greene County, Arkansas",42090,40578,233,209,108,7,390,565,901,40166,232,05,055,1924
2010,05057,"Hempstead County, Arkansas",22609,13431,6646,88,82,19,1911,432,2713,12770,6623,05,057,9839
2010,05059,"Hot Spring County, Arkansas",32923,28179,3568,154,95,16,338,573,919,27703,3544,05,059,5220
2010,05061,"Howard County, Arkansas",13789,9894,2846,96,87,10,681,175,1349,9292,2813,05,061,4497
2010,05063,"Independence County, Arkansas",36647,33688,722,179,278,40,1178,562,2139,32914,709,05,063,3733
2010,05065,"Izard County, Arkansas",13696,13118,175,105,41,2,77,178,208,13006,175,05,065,690
2010,05067,"Jackson County, Arkansas",17997,14363,3000,91,53,16,205,269,436,14180,2988,05,067,3817
2010,05069,"Jefferson County, Arkansas",77435,32507,42639,213,601,9,529,937,1219,32050,42485,05,069,45385
2010,05071,"Johnson County, Arkansas",25540,22280,364,226,175,18,1983,494,3094,21328,336,05,071,4212
2010,05073,"Lafayette County, Arkansas",7645,4642,2845,17,26,0,54,61,131,4583,2837,05,073,3062
2010,05075,"Lawrence County, Arkansas",17415,16952,137,63,22,4,32,205,158,16848,134,05,075,567
2010,05077,"Lee County, Arkansas",10424,4381,5761,49,41,2,69,121,168,4320,5740,05,077,6104
2010,05079,"Lincoln County, Arkansas",14134,9407,4223,38,27,1,298,140,452,9296,4211,05,079,4838
2010,05081,"Little River County, Arkansas",13171,9948,2519,192,39,2,207,264,357,9831,2508,05,081,3340
2010,05083,"Logan County, Arkansas",22353,20844,297,237,361,4,201,409,510,20608,285,05,083,1745
2010,05085,"Lonoke County, Arkansas",68356,61353,4075,363,532,32,766,1235,2246,60108,4059,05,085,8248
2010,05087,"Madison County, Arkansas",15717,14711,28,190,81,11,426,270,759,14451,27,05,087,1266
2010,05089,"Marion County, Arkansas",16653,16146,30,115,37,8,51,266,287,15963,28,05,089,690
2010,05091,"Miller County, Arkansas",43462,31134,10667,293,198,17,415,738,1038,30691,10589,05,091,12771
2010,05093,"Mississippi County, Arkansas",46480,28653,15817,136,233,3,943,695,1695,28106,15761,05,093,18374
2010,05095,"Monroe County, Arkansas",8149,4584,3330,29,36,0,74,96,132,4549,3314,05,095,3600
2010,05097,"Montgomery County, Arkansas",9487,8958,22,79,50,2,187,189,361,8806,17,05,097,681
2010,05099,"Nevada County, Arkansas",8997,5933,2764,31,23,1,123,122,220,5861,2758,05,099,3136
2010,05101,"Newton County, Arkansas",8330,8001,9,90,25,1,22,182,141,7894,5,05,101,436
2010,05103,"Ouachita County, Arkansas",26120,14883,10468,86,95,6,162,420,408,14706,10434,05,103,11414
2010,05105,"Perry County, Arkansas",10445,9939,196,70,17,2,51,170,247,9779,196,05,105,666
2010,05107,"Phillips County, Arkansas",21757,7618,13719,51,67,1,95,206,287,7535,13652,05,107,14222
2010,05109,"Pike County, Arkansas",11291,10163,330,70,57,1,485,185,727,9963,327,05,109,1328
2010,05111,"Poinsett County, Arkansas",24583,22089,1775,59,45,4,281,330,543,21881,1764,05,111,2702
2010,05113,"Polk County, Arkansas",20662,19144,65,364,94,5,512,478,1190,18549,54,05,113,2113
2010,05115,"Pope County, Arkansas",61754,55273,1784,471,605,25,2230,1366,4168,53667,1748,05,115,8087
2010,05117,"Prairie County, Arkansas",8715,7529,1064,26,6,0,10,80,81,7470,1061,05,117,1245
2010,05119,"Pulaski County, Arkansas",382748,220051,133858,1555,7505,272,11646,7861,22168,211697,133242,05,119,171051
2010,05121,"Randolph County, Arkansas",17969,17339,128,90,32,5,123,252,283,17226,128,05,121,743
2010,05123,"St. Francis County, Arkansas",28258,12502,14667,148,136,9,386,410,1149,11973,14565,05,123,16285
2010,05125,"Saline County, Arkansas",107118,96978,4994,542,931,17,2125,1531,4087,95298,4945,05,125,11820
2010,05127,"Scott County, Arkansas",11233,9880,53,208,384,3,423,282,782,9587,51,05,127,1646
2010,05129,"Searcy County, Arkansas",8195,7867,12,96,11,2,26,181,121,7800,3,05,129,395
2010,05131,"Sebastian County, Arkansas",125744,96344,8019,2366,5102,109,9285,4519,15445,91585,7848,05,131,34159
2010,05133,"Sevier County, Arkansas",17058,11949,734,398,63,4,3387,523,5220,10416,717,05,133,6642
2010,05135,"Sharp County, Arkansas",17264,16582,93,170,50,2,72,295,290,16399,91,05,135,865
2010,05137,"Stone County, Arkansas",12394,11995,11,84,45,4,55,200,157,11912,11,05,137,482
2010,05139,"Union County, Arkansas",41639,26276,13721,143,207,14,756,522,1460,25722,13674,05,139,15917
2010,05141,"Van Buren County, Arkansas",17295,16598,68,119,56,2,113,339,475,16282,65,05,141,1013
2010,05143,"Washington County, Arkansas",203065,162253,6006,2393,4416,4128,18170,5699,31458,150546,5828,05,143,52519
2010,05145,"White County, Arkansas",77076,70425,3074,449,419,36,1259,1414,2879,69026,3033,05,145,8050
2010,05147,"Woodruff County, Arkansas",7260,5075,1994,18,15,5,49,104,87,5041,1989,05,147,2219
2010,05149,"Yell County, Arkansas",22185,19226,307,149,287,11,1817,388,4230,17020,288,05,149,5165
2010,06001,"Alameda County, California",1510271,649122,190451,9799,394560,12802,162540,90997,339889,514559,184126,06,001,995712
2010,06003,"Alpine County, California",1175,881,0,240,7,0,19,28,84,852,0,06,003,323
2010,06005,"Amador County, California",38091,33149,962,678,419,77,1450,1356,4756,30325,938,06,005,7766
2010,06007,"Butte County, California",220000,180096,3415,4395,9057,452,12141,10444,31116,165416,3133,06,007,54584
2010,06009,"Calaveras County, California",45578,40522,383,689,571,79,1534,1800,4703,38074,355,06,009,7504
2010,06011,"Colusa County, California",21419,13854,195,419,281,68,5838,764,11804,8524,168,06,011,12895
2010,06013,"Contra Costa County, California",1049025,614512,97161,6122,151469,4845,112691,62225,255560,500923,93604,06,013,548102
2010,06015,"Del Norte County, California",28610,21098,993,2244,965,32,1980,1298,5093,18513,967,06,015,10097
2010,06017,"El Dorado County, California",181058,156793,1409,2070,6297,294,7278,6917,21875,144689,1296,06,017,36369
2010,06019,"Fresno County, California",930450,515145,49523,15649,89357,1405,217085,42286,468070,304522,45005,06,019,625928
2010,06021,"Glenn County, California",28122,19990,231,619,722,24,5522,1014,10539,15717,192,06,021,12405
2010,06023,"Humboldt County, California",134623,109920,1505,7726,2944,352,5003,7173,13211,103958,1393,06,023,30665
2010,06025,"Imperial County, California",174528,102553,5773,3059,2843,165,52413,7722,140271,23927,5114,06,025,150601
2010,06027,"Inyo County, California",18546,13741,109,2121,243,16,1676,640,3597,12296,102,06,027,6250
2010,06029,"Kern County, California",839631,499766,48921,12676,34846,1252,204314,37856,413033,323794,45377,06,029,515837
2010,06031,"Kings County, California",152982,83027,11014,2562,5620,271,42996,7492,77866,53879,10314,06,031,99103
2010,06033,"Lake County, California",64665,52033,1232,2049,724,108,5455,3064,11088,47938,1186,06,033,16727
2010,06035,"Lassen County, California",34895,25532,2834,1234,356,165,3562,1212,6117,23270,2790,06,035,11625
2010,06037,"Los Angeles County, California",9818605,4936599,856874,72828,1346865,26094,2140632,438713,4687889,2728321,815086,06,037,7090284
2010,06039,"Madera County, California",150865,94456,5629,4136,2802,162,37380,6300,80992,57380,5009,06,039,93485
2010,06041,"Marin County, California",252409,201963,6987,1523,13761,509,16973,10693,39069,183830,6621,06,041,68579
2010,06043,"Mariposa County, California",18251,16103,138,527,204,26,508,745,1676,15192,129,06,043,3059
2010,06045,"Mendocino County, California",87841,67218,622,4277,1450,119,10185,3970,19505,60249,544,06,045,27592
2010,06047,"Merced County, California",255793,148381,9926,3473,18836,583,62665,11929,140485,81599,8785,06,047,174194
2010,06049,"Modoc County, California",9686,8084,82,370,78,21,680,371,1342,7649,77,06,049,2037
2010,06051,"Mono County, California",14202,11697,47,302,192,11,1539,414,3762,9687,42,06,051,4515
2010,06053,"Monterey County, California",415057,230717,12785,5464,25258,2071,117405,21357,230003,136435,11300,06,053,278622
2010,06055,"Napa County, California",136484,97525,2668,1058,9223,372,20058,5580,44010,76967,2440,06,055,59517
2010,06057,"Nevada County, California",98764,90233,389,1044,1187,110,2678,3123,8439,85477,341,06,057,13287
2010,06059,"Orange County, California",3010232,1830758,50744,18132,537804,9354,435641,127799,1012973,1328499,44000,06,059,1681733
2010,06061,"Placer County, California",348432,290977,4751,3011,20435,778,13375,15105,44710,265294,4427,06,061,83138
2010,06063,"Plumas County, California",20007,17797,192,539,134,18,603,724,1605,17015,181,06,063,2992
2010,06065,"Riverside County, California",2189641,1335147,140543,23710,130468,6874,448235,104664,995257,869068,130823,06,065,1320573
2010,06067,"Sacramento County, California",1418788,815151,147058,14308,203211,13858,131691,93511,306196,687166,139949,06,067,731622
2010,06069,"San Benito County, California",55269,35181,483,895,1443,94,14471,2702,31186,21154,355,06,069,34115
2010,06071,"San Bernardino County, California",2035210,1153161,181862,22689,128603,6870,439661,102364,1001145,677598,170700,06,071,1357612
2010,06073,"San Diego County, California",3095313,1981442,158213,26340,336091,15337,419465,158425,991348,1500047,146600,06,073,1595266
2010,06075,"San Francisco County, California",805235,390387,48870,4024,267915,3359,53021,37659,121774,337451,46781,06,075,467784
2010,06077,"San Joaquin County, California",685306,349287,51744,7196,98472,3758,131054,43795,266341,245919,48540,06,077,439387
2010,06079,"San Luis Obispo County, California",269637,222756,5550,2536,8507,389,19786,10113,55973,191696,5128,06,079,77941
2010,06081,"San Mateo County, California",718451,383535,20436,3306,178118,10317,84529,38210,182502,303609,18763,06,081,414842
2010,06083,"Santa Barbara County, California",423895,295124,8513,5485,20665,806,73860,19442,181687,203122,7242,06,083,220773
2010,06085,"Santa Clara County, California",1781642,836616,46428,12960,570524,7060,220806,87248,479210,626909,42331,06,085,1154733
2010,06087,"Santa Cruz County, California",262382,190208,2766,2253,11112,349,43376,12318,84092,156397,2304,06,087,105985
2010,06089,"Shasta County, California",177223,153726,1548,4950,4391,271,4501,7836,14878,146044,1438,06,089,31179
2010,06091,"Sierra County, California",3240,3022,6,44,12,2,75,79,269,2855,5,06,091,385
2010,06093,"Siskiyou County, California",44900,38030,571,1814,540,80,1491,2374,4615,35683,552,06,093,9217
2010,06095,"Solano County, California",413344,210751,60750,3212,60473,3564,43236,31358,99356,168628,58743,06,095,244716
2010,06097,"Sonoma County, California",483878,371412,7610,6489,18341,1558,56966,21502,120430,320027,6769,06,097,163851
2010,06099,"Stanislaus County, California",514453,337342,14721,5902,26090,3401,99210,27787,215658,240423,13065,06,099,274030
2010,06101,"Sutter County, California",94737,57749,1919,1365,13663,281,14463,5297,27251,47782,1713,06,101,46955
2010,06103,"Tehama County, California",63463,51721,406,1644,656,76,6258,2702,13906,45603,349,06,103,17860
2010,06105,"Trinity County, California",13786,12033,59,655,94,16,217,712,959,11518,45,06,105,2268
2010,06107,"Tulare County, California",442179,265618,7196,6993,15176,509,128263,18424,268065,143935,5497,06,107,298244
2010,06109,"Tuolumne County, California",55365,48274,1143,1039,572,76,2238,2023,5918,45325,1114,06,109,10040
2010,06111,"Ventura County, California",823318,565804,15163,8068,55446,1643,140253,36941,331567,400868,13082,06,111,422450
2010,06113,"Yolo County, California",200849,126883,5208,2214,26052,910,27882,11700,60953,100240,4752,06,113,100609
2010,06115,"Yuba County, California",72155,49332,2361,1675,4862,293,8545,5087,18051,42416,2122,06,115,29739
2010,08001,"Adams County, Colorado",441603,323795,13539,5916,15931,591,64327,17504,167878,234970,12207,08,001,206633
2010,08003,"Alamosa County, Colorado",15445,11549,172,433,148,19,2449,675,7110,7667,138,08,003,7778
2010,08005,"Arapahoe County, Colorado",572003,415910,58107,4363,29077,1140,39049,24357,105522,361747,55657,08,005,210256
2010,08007,"Archuleta County, Colorado",12084,10436,37,227,89,6,948,341,2148,9446,33,08,007,2638
2010,08009,"Baca County, Colorado",3788,3506,24,51,6,0,142,59,348,3323,20,08,009,465
2010,08011,"Bent County, Colorado",6499,5149,496,156,62,4,506,126,1985,3832,491,08,011,2667
2010,08013,"Boulder County, Colorado",294567,256889,2532,1832,12133,173,13127,7881,39276,233741,2265,08,013,60826
2010,08014,"Broomfield County, Colorado",55889,48099,587,336,3407,43,1848,1569,6216,44358,530,08,014,11531
2010,08015,"Chaffee County, Colorado",17809,16598,275,192,106,9,345,284,1678,15417,267,08,015,2392
2010,08017,"Cheyenne County, Colorado",1836,1711,7,13,11,1,75,18,178,1617,7,08,017,219
2010,08019,"Clear Creek County, Colorado",9088,8664,56,72,51,3,86,156,429,8371,50,08,019,717
2010,08021,"Conejos County, Colorado",8256,6293,27,182,23,4,1390,337,4620,3451,12,08,021,4805
2010,08023,"Costilla County, Colorado",3524,2397,24,104,34,9,803,153,2327,1086,6,08,023,2438
2010,08025,"Crowley County, Colorado",5823,4509,559,139,59,0,456,101,1686,3369,555,08,025,2454
2010,08027,"Custer County, Colorado",4255,4055,44,30,16,0,39,71,200,3914,41,08,027,341
2010,08029,"Delta County, Colorado",30952,27761,160,295,160,15,1862,699,4345,25685,137,08,029,5267
2010,08031,"Denver County, Colorado",600158,413696,61435,8237,20433,607,71191,24559,190965,313012,58388,08,031,287146
2010,08033,"Dolores County, Colorado",2064,1920,4,60,2,2,26,50,82,1877,3,08,033,187
2010,08035,"Douglas County, Colorado",285465,257598,3476,1183,10716,192,4894,7406,21392,243297,3245,08,035,42168
2010,08037,"Eagle County, Colorado",52197,43402,359,343,528,15,6443,1107,15689,35105,243,08,037,17092
2010,08039,"Elbert County, Colorado",23086,21861,164,152,173,25,272,439,1234,21005,159,08,039,2081
2010,08041,"El Paso County, Colorado",622263,496258,38492,5947,17055,2185,30539,31787,93665,447947,35792,08,041,174316
2010,08043,"Fremont County, Colorado",46824,42225,1843,810,282,22,761,881,5770,37647,1805,08,043,9177
2010,08045,"Garfield County, Colorado",56389,46367,385,639,370,46,7122,1460,15978,38784,236,08,045,17605
2010,08047,"Gilpin County, Colorado",5441,5157,28,41,77,10,31,97,267,4947,28,08,047,494
2010,08049,"Grand County, Colorado",14843,13877,57,73,125,8,462,241,1116,13313,51,08,049,1530
2010,08051,"Gunnison County, Colorado",15324,14152,48,208,100,4,510,302,1255,13658,45,08,051,1666
2010,08053,"Hinsdale County, Colorado",843,802,3,9,3,0,11,15,24,786,3,08,053,57
2010,08055,"Huerfano County, Colorado",6711,5560,35,214,25,13,604,260,2368,4151,22,08,055,2560
2010,08057,"Jackson County, Colorado",1394,1290,0,17,1,0,70,16,150,1219,0,08,057,175
2010,08059,"Jefferson County, Colorado",534543,472694,5667,4717,14037,457,22425,14546,76445,427160,5001,08,059,107383
2010,08061,"Kiowa County, Colorado",1398,1346,4,7,0,0,20,21,78,1304,3,08,061,94
2010,08063,"Kit Carson County, Colorado",8270,7316,225,59,36,7,514,113,1574,6320,217,08,063,1950
2010,08065,"Lake County, Colorado",7310,5898,27,97,33,4,988,263,2858,4252,22,08,065,3058
2010,08067,"La Plata County, Colorado",51334,44546,204,2987,286,31,1680,1600,6056,41245,176,08,067,10089
2010,08069,"Larimer County, Colorado",299630,271267,2500,2206,5800,224,9728,7905,31628,253047,2259,08,069,46583
2010,08071,"Las Animas County, Colorado",15507,12967,218,375,110,7,1299,531,6446,8399,195,08,071,7108
2010,08073,"Lincoln County, Colorado",5467,4868,290,51,43,2,109,104,683,4345,280,08,073,1122
2010,08075,"Logan County, Colorado",22709,20213,900,263,127,15,845,346,3551,17754,881,08,075,4955
2010,08077,"Mesa County, Colorado",146723,131181,935,1554,1121,161,7878,3893,19552,121944,776,08,077,24779
2010,08079,"Mineral County, Colorado",712,693,2,4,1,0,2,10,21,678,2,08,079,34
2010,08081,"Moffat County, Colorado",13795,12422,42,122,77,7,819,306,1985,11412,32,08,081,2383
2010,08083,"Montezuma County, Colorado",25535,20704,58,3128,121,13,836,675,2818,19168,47,08,083,6367
2010,08085,"Montrose County, Colorado",41276,35804,162,446,255,25,3584,1000,8127,31989,118,08,085,9287
2010,08087,"Morgan County, Colorado",28159,22360,808,237,140,30,3920,664,9506,17370,755,08,087,10789
2010,08089,"Otero County, Colorado",18831,14788,143,338,143,11,2690,718,7596,10639,93,08,089,8192
2010,08091,"Ouray County, Colorado",4436,4277,7,17,25,5,45,60,196,4143,6,08,091,293
2010,08093,"Park County, Colorado",16206,15352,69,152,103,2,145,383,783,14842,69,08,093,1364
2010,08095,"Phillips County, Colorado",4442,3961,18,20,26,5,352,60,830,3526,14,08,095,916
2010,08097,"Pitkin County, Colorado",17148,16028,93,45,207,12,522,241,1561,15067,82,08,097,2081
2010,08099,"Prowers County, Colorado",12551,10165,64,112,38,2,1848,322,4417,7873,54,08,099,4678
2010,08101,"Pueblo County, Colorado",159063,126229,3222,3055,1258,160,19285,5854,65811,86054,2646,08,101,73009
2010,08103,"Rio Blanco County, Colorado",6666,6123,50,59,22,11,249,152,665,5756,49,08,103,910
2010,08105,"Rio Grande County, Colorado",11982,9379,43,220,42,2,1908,388,5086,6600,25,08,105,5382
2010,08107,"Routt County, Colorado",23509,22279,99,109,150,17,488,367,1600,21310,91,08,107,2199
2010,08109,"Saguache County, Colorado",6108,5024,14,114,47,1,736,172,2452,3446,11,08,109,2662
2010,08111,"San Juan County, Colorado",699,647,0,2,8,0,26,16,84,595,0,08,111,104
2010,08113,"San Miguel County, Colorado",7359,6837,29,57,53,4,249,130,630,6514,19,08,113,845
2010,08115,"Sedgwick County, Colorado",2379,2194,8,10,17,0,111,39,289,2036,7,08,115,343
2010,08117,"Summit County, Colorado",27994,25103,230,87,278,19,1842,435,3989,23158,208,08,117,4836
2010,08119,"Teller County, Colorado",23350,22008,110,212,165,21,256,578,1294,21148,104,08,119,2202
2010,08121,"Washington County, Colorado",4814,4588,30,7,11,3,102,73,407,4306,30,08,121,508
2010,08123,"Weld County, Colorado",252825,209594,2473,2817,3022,216,27271,7432,71680,170827,2054,08,123,81998
2010,08125,"Yuma County, Colorado",10043,8861,18,50,23,3,980,108,2088,7824,16,08,125,2219
2010,09001,"Fairfield County, Connecticut",916829,685900,99317,2384,42284,442,62474,24028,155025,606716,92705,09,001,310113
2010,09003,"Hartford County, Connecticut",894014,647237,119191,2387,37958,289,63058,23894,136783,591283,110005,09,003,302731
2010,09005,"Litchfield County, Connecticut",189927,178268,2558,404,2908,45,2708,3036,8535,173403,2206,09,005,16524
2010,09007,"Middlesex County, Connecticut",165676,147823,7727,253,4247,58,2154,3414,7834,143144,7256,09,007,22532
2010,09009,"New Haven County, Connecticut",862477,644744,109850,2497,30263,334,51981,22808,129743,582384,101763,09,009,280093
2010,09011,"New London County, Connecticut",274055,225213,16025,2505,11383,180,8722,10027,23214,214605,14488,09,011,59450
2010,09013,"Tolland County, Connecticut",152691,137125,5011,264,5134,36,2367,2754,6602,133589,4701,09,013,19102
2010,09015,"Windham County, Connecticut",118428,106100,2617,562,1388,44,5002,2715,11351,101138,1995,09,015,17290
2010,10001,"Kent County, Delaware",162310,109999,38913,1043,3306,91,3235,5723,9346,105891,37812,10,001,56419
2010,10003,"New Castle County, Delaware",538479,352955,127786,1574,23300,159,19115,13590,46921,331836,124426,10,003,206643
2010,10005,"Sussex County, Delaware",197145,155663,25115,1564,1943,150,8169,4541,16954,149025,24544,10,005,48120
2010,11001,"District of Columbia, District of Columbia",601723,231471,305125,2079,21056,302,24374,17316,54749,209464,301053,11,001,392259
2010,12001,"Alachua County, Florida",247336,172156,50282,772,13235,134,4211,6546,20752,157466,49420,12,001,89870
2010,12003,"Baker County, Florida",27115,22686,3680,76,132,5,111,425,520,22353,3651,12,003,4762
2010,12005,"Bay County, Florida",168852,138731,18180,1153,3353,161,2039,5235,8107,133790,17844,12,005,35062
2010,12007,"Bradford County, Florida",28520,21801,5823,91,151,13,189,452,1020,21066,5777,12,007,7454
2010,12009,"Brevard County, Florida",543376,450927,54799,2118,11349,514,9299,14370,43943,421466,52677,12,009,121910
2010,12011,"Broward County, Florida",1748066,1102231,467519,5065,56795,911,64694,50851,438247,760817,449677,12,011,987249
2010,12013,"Calhoun County, Florida",14625,11818,2011,165,75,12,198,346,755,11357,1991,12,013,3268
2010,12015,"Charlotte County, Florida",159978,144059,9089,417,1912,59,1767,2675,9213,137628,8622,12,015,22350
2010,12017,"Citrus County, Florida",141236,131350,3987,482,1996,38,1106,2277,6584,126549,3767,12,017,14687
2010,12019,"Clay County, Florida",190865,156087,18831,871,5589,214,3645,5628,14609,147257,18085,12,019,43608
2010,12021,"Collier County, Florida",321520,269596,21087,1123,3507,125,19920,6162,83177,211156,19898,12,021,110364
2010,12023,"Columbia County, Florida",67531,52611,11818,346,622,42,787,1305,3276,50475,11663,12,023,17056
2010,12027,"DeSoto County, Florida",34862,23094,4431,137,178,11,6178,833,10425,19549,4338,12,027,15313
2010,12029,"Dixie County, Florida",16422,14584,1386,69,48,2,87,246,512,14220,1364,12,029,2202
2010,12031,"Duval County, Florida",864263,526044,255018,3413,35901,794,18427,24666,65398,488826,250063,12,031,375437
2010,12033,"Escambia County, Florida",297619,204993,68282,2623,8174,430,3740,9377,14061,196901,67443,12,033,100718
2010,12035,"Flagler County, Florida",95696,78710,10884,267,2046,59,1544,2186,8251,72860,10470,12,035,22836
2010,12037,"Franklin County, Florida",11549,9540,1589,58,26,7,133,196,529,9188,1574,12,037,2361
2010,12039,"Gadsden County, Florida",46389,16646,25996,137,227,19,2757,607,4419,15335,25881,12,039,31054
2010,12041,"Gilchrist County, Florida",16939,15396,897,84,60,12,242,248,845,14882,884,12,041,2057
2010,12043,"Glades County, Florida",12884,9153,1588,589,51,2,1280,221,2720,7947,1538,12,043,4937
2010,12045,"Gulf County, Florida",15863,12384,2962,63,46,4,119,285,678,11881,2937,12,045,3982
2010,12047,"Hamilton County, Florida",14799,8851,5102,93,76,0,420,257,1306,8124,5038,12,047,6675
2010,12049,"Hardee County, Florida",27731,20013,1936,172,298,12,4754,546,11895,13315,1877,12,049,14416
2010,12051,"Hendry County, Florida",39140,23436,5261,672,279,24,8421,1047,19243,13650,5057,12,051,25490
2010,12053,"Hernando County, Florida",172778,154598,8816,613,1859,74,3318,3500,17796,141847,8165,12,053,30931
2010,12055,"Highlands County, Florida",98786,79972,9263,471,1439,45,5401,2195,17157,69804,8750,12,055,28982
2010,12057,"Hillsborough County, Florida",1229226,876137,205073,4779,42076,925,61554,38682,306635,660565,191260,12,057,568661
2010,12059,"Holmes County, Florida",19927,18043,1147,160,87,27,74,389,444,17722,1140,12,059,2205
2010,12061,"Indian River County, Florida",138028,116346,12397,408,1666,51,4909,2251,15465,106780,12074,12,061,31248
2010,12063,"Jackson County, Florida",49746,34373,13231,335,239,51,596,921,2143,33111,13106,12,063,16635
2010,12065,"Jefferson County, Florida",14761,8912,5340,37,57,5,221,189,546,8668,5293,12,065,6093
2010,12067,"Lafayette County, Florida",8870,6868,1411,38,13,2,418,120,1076,6266,1396,12,067,2604
2010,12069,"Lake County, Florida",297052,243624,29103,1472,5173,215,10778,6687,36009,221365,27796,12,069,75687
2010,12071,"Lee County, Florida",618754,513496,51069,2193,8461,380,30290,12865,113308,439048,47751,12,071,179706
2010,12073,"Leon County, Florida",275487,173480,83520,775,8053,140,3397,6122,15361,163483,82386,12,073,112004
2010,12075,"Levy County, Florida",40801,34876,3832,170,229,24,879,791,3047,32958,3756,12,075,7843
2010,12077,"Liberty County, Florida",8365,6462,1497,89,17,0,158,142,518,6159,1472,12,077,2206
2010,12079,"Madison County, Florida",19224,11070,7460,93,47,0,302,252,899,10582,7423,12,079,8642
2010,12081,"Manatee County, Florida",322833,264322,28230,1044,5275,218,17260,6484,47955,236950,27228,12,081,85883
2010,12083,"Marion County, Florida",331298,268284,40828,1309,4407,144,9512,6814,36137,245136,39337,12,083,86162
2010,12085,"Martin County, Florida",146318,127691,7842,840,1540,104,5968,2333,17881,117532,7493,12,085,28786
2010,12086,"Miami-Dade County, Florida",2496435,1841887,472976,5000,37669,675,79351,58877,1623859,383551,425650,12,086,2112884
2010,12087,"Monroe County, Florida",73090,65409,4194,296,809,70,1011,1301,15071,52089,3851,12,087,21001
2010,12089,"Nassau County, Florida",73314,65809,4668,308,639,50,685,1155,2380,64410,4581,12,089,8904
2010,12091,"Okaloosa County, Florida",180822,146582,16797,1068,5328,354,3592,7101,12296,139500,16333,12,091,41322
2010,12093,"Okeechobee County, Florida",39996,31009,3203,380,351,29,4273,751,9561,26258,3117,12,093,13738
2010,12095,"Orange County, Florida",1145956,728795,238241,4532,56581,1266,77216,39325,308244,526754,223200,12,095,619202
2010,12097,"Osceola County, Florida",268685,190641,30369,1452,7406,294,27623,10900,122146,108292,24503,12,097,160393
2010,12099,"Palm Beach County, Florida",1320134,970121,228690,6043,31100,770,53138,30272,250823,793571,221209,12,099,526563
2010,12101,"Pasco County, Florida",464697,409784,20700,1646,9796,270,12054,10447,54536,372239,19010,12,101,92458
2010,12103,"Pinellas County, Florida",916542,752892,94745,2892,27148,810,18039,20016,73241,704786,91922,12,103,211756
2010,12105,"Polk County, Florida",602095,452854,88833,2706,9760,360,32847,14735,106532,388769,85336,12,105,213326
2010,12107,"Putnam County, Florida",74364,57468,12030,359,455,53,2705,1294,6706,53981,11842,12,107,20383
2010,12109,"St. Johns County, Florida",190039,169794,10684,551,3920,149,1576,3365,9972,162194,10388,12,109,27845
2010,12111,"St. Lucie County, Florida",277789,199336,53036,1123,4334,161,12512,7287,45995,170032,51373,12,111,107757
2010,12113,"Santa Rosa County, Florida",151372,132920,8205,1306,2759,217,1463,4502,6507,128726,7940,12,113,22646
2010,12115,"Sarasota County, Florida",379448,342090,17815,945,4903,134,7556,6005,30033,321978,17036,12,115,57470
2010,12117,"Seminole County, Florida",422718,330664,47107,1386,15692,258,15421,12190,72457,280452,44196,12,117,142266
2010,12119,"Sumter County, Florida",93420,80893,9022,359,620,39,1437,1050,5582,77338,8736,12,119,16082
2010,12121,"Suwannee County, Florida",41551,34299,4754,211,228,15,1271,773,3596,32300,4696,12,121,9251
2010,12123,"Taylor County, Florida",22570,16964,4669,180,153,6,205,393,777,16483,4629,12,123,6087
2010,12125,"Union County, Florida",15535,11655,3449,57,34,2,113,225,743,11123,3391,12,125,4412
2010,12127,"Volusia County, Florida",494593,408256,51791,1778,7567,204,14487,10510,55217,372982,49548,12,127,121611
2010,12129,"Wakulla County, Florida",30776,25224,4464,191,172,18,148,559,1016,24472,4406,12,129,6304
2010,12131,"Walton County, Florida",55043,48351,3178,488,499,58,1169,1300,2921,46857,3147,12,131,8186
2010,12133,"Washington County, Florida",24896,20014,3745,319,134,15,149,520,733,19551,3698,12,133,5345
2010,13001,"Appling County, Georgia",18236,13385,3392,68,126,23,1047,195,1704,12854,3360,13,001,5382
2010,13003,"Atkinson County, Georgia",8375,5213,1453,47,23,24,1485,130,2039,4776,1428,13,003,3599
2010,13005,"Bacon County, Georgia",11096,8725,1704,20,38,10,456,143,791,8431,1696,13,005,2665
2010,13007,"Baker County, Georgia",3451,1675,1613,9,25,2,85,42,145,1642,1600,13,007,1809
2010,13009,"Baldwin County, Georgia",45720,25121,18965,98,582,19,379,556,919,24704,18866,13,009,21016
2010,13011,"Banks County, Georgia",18395,16877,427,57,165,3,606,260,1041,16526,416,13,011,1869
2010,13013,"Barrow County, Georgia",69367,54665,7889,186,2382,36,2601,1608,6037,51736,7769,13,013,17631
2010,13015,"Bartow County, Georgia",100157,82862,10178,393,719,60,3853,2092,7690,79803,10024,13,015,20354
2010,13017,"Ben Hill County, Georgia",17634,10446,6104,56,126,2,665,235,1026,10164,6087,13,017,7470
2010,13019,"Berrien County, Georgia",19286,16327,2063,56,82,4,510,244,885,16050,2040,13,019,3236
2010,13021,"Bibb County, Georgia",155547,67199,81116,332,2531,120,2014,2235,4389,65494,80744,13,021,90053
2010,13023,"Bleckley County, Georgia",13063,9151,3564,13,110,3,94,128,301,9000,3533,13,023,4063
2010,13025,"Brantley County, Georgia",18411,17380,538,58,38,2,123,272,343,17198,531,13,025,1213
2010,13027,"Brooks County, Georgia",16243,9722,5729,49,51,14,477,201,853,9425,5695,13,027,6818
2010,13029,"Bryan County, Georgia",30233,24254,4286,98,486,25,326,758,1336,23446,4210,13,029,6787
2010,13031,"Bulloch County, Georgia",70217,47215,19409,183,1020,64,1165,1161,2439,46251,19252,13,031,23966
2010,13033,"Burke County, Georgia",23316,11070,11533,49,77,20,260,307,617,10844,11469,13,033,12472
2010,13035,"Butts County, Georgia",23655,16546,6469,59,109,3,154,315,597,16200,6431,13,035,7455
2010,13037,"Calhoun County, Georgia",6694,2326,4105,10,30,18,141,64,262,2250,4092,13,037,4444
2010,13039,"Camden County, Georgia",50513,37557,9799,259,724,76,567,1531,2590,35977,9621,13,039,14536
2010,13043,"Candler County, Georgia",10998,7253,2683,9,57,5,877,114,1227,6949,2669,13,043,4049
2010,13045,"Carroll County, Georgia",110527,83579,20089,389,853,32,3121,2464,6800,80531,19862,13,045,29996
2010,13047,"Catoosa County, Georgia",63942,59845,1392,212,783,34,621,1055,1469,59149,1356,13,047,4793
2010,13049,"Charlton County, Georgia",12171,8352,3464,45,76,3,39,192,310,8116,3443,13,049,4055
2010,13051,"Chatham County, Georgia",265128,140010,106392,691,6311,254,5771,5699,14370,133492,105274,13,051,131636
2010,13053,"Chattahoochee County, Georgia",11267,7753,2123,81,246,72,494,498,1398,7089,2047,13,053,4178
2010,13055,"Chattooga County, Georgia",26015,21828,2899,67,108,27,672,414,1043,21589,2886,13,055,4426
2010,13057,"Cherokee County, Georgia",214346,185536,12117,814,3538,135,7735,4471,20566,174243,11633,13,057,40103
2010,13059,"Clarke County, Georgia",116714,72238,30988,247,4869,84,5763,2525,12192,66674,30695,13,059,50040
2010,13061,"Clay County, Georgia",3183,1197,1923,11,10,1,4,37,26,1188,1920,13,061,1995
2010,13063,"Clayton County, Georgia",259424,48960,171480,965,12937,139,18376,6567,35447,36610,169020,13,063,222814
2010,13065,"Clinch County, Georgia",6798,4581,1886,44,13,4,176,94,236,4536,1876,13,065,2262
2010,13067,"Cobb County, Georgia",688078,428023,171774,2314,30657,346,36301,18663,84330,387438,168053,13,067,300640
2010,13069,"Coffee County, Georgia",42356,27386,11283,117,303,15,2675,577,4352,25907,11227,13,069,16449
2010,13071,"Colquitt County, Georgia",45498,29441,10210,218,294,19,4668,648,7763,26759,10143,13,071,18739
2010,13073,"Columbia County, Georgia",124053,94867,18439,393,4761,201,1903,3489,6175,91517,18084,13,073,32536
2010,13075,"Cook County, Georgia",17212,11525,4704,40,114,5,589,235,1024,11171,4684,13,075,6041
2010,13077,"Coweta County, Georgia",127317,96594,22029,376,1934,68,3676,2640,8493,92604,21744,13,077,34713
2010,13079,"Crawford County, Georgia",12630,9428,2818,58,33,8,127,158,301,9282,2806,13,079,3348
2010,13081,"Crisp County, Georgia",23439,12487,10079,32,183,11,420,227,748,12216,10033,13,081,11223
2010,13083,"Dade County, Georgia",16633,15973,145,74,118,9,96,218,292,15796,142,13,083,837
2010,13085,"Dawson County, Georgia",22330,21351,105,82,126,9,354,303,920,20847,97,13,085,1483
2010,13087,"Decatur County, Georgia",27842,15096,11438,117,144,6,703,338,1404,14615,11366,13,087,13227
2010,13089,"DeKalb County, Georgia",691893,230156,375725,2479,35426,342,31253,16512,67824,203395,370963,13,089,488498
2010,13091,"Dodge County, Georgia",21796,14549,6504,55,101,14,358,215,732,14273,6451,13,091,7523
2010,13093,"Dooly County, Georgia",14918,6810,7442,16,96,3,415,136,862,6461,7381,13,093,8457
2010,13095,"Dougherty County, Georgia",94565,27986,63470,209,736,120,921,1123,2073,27315,63198,13,095,67250
2010,13097,"Douglas County, Georgia",132403,69458,52290,399,1904,137,5058,3157,11125,64911,51387,13,097,67492
2010,13099,"Early County, Georgia",11008,5324,5462,39,37,2,60,84,171,5250,5441,13,099,5758
2010,13101,"Echols County, Georgia",4034,3023,171,72,13,2,639,114,1183,2555,163,13,101,1479
2010,13103,"Effingham County, Georgia",52250,43182,7048,156,427,26,431,980,1501,42311,6982,13,103,9939
2010,13105,"Elbert County, Georgia",20166,13297,5950,49,121,5,540,204,967,12956,5906,13,105,7210
2010,13107,"Emanuel County, Georgia",22598,13928,7562,58,154,3,681,212,921,13733,7541,13,107,8865
2010,13109,"Evans County, Georgia",11000,6471,3205,19,74,17,1097,117,1441,6228,3165,13,109,4772
2010,13111,"Fannin County, Georgia",23682,23007,83,71,77,6,156,282,431,22761,75,13,111,921
2010,13113,"Fayette County, Georgia",106567,75802,21395,316,4130,75,2461,2388,6760,72202,21117,13,113,34365
2010,13115,"Floyd County, Georgia",96317,74055,13640,344,1253,116,5110,1799,8987,70959,13494,13,115,25358
2010,13117,"Forsyth County, Georgia",175511,149946,4510,575,10925,66,6613,2876,16550,140943,4287,13,117,34568
2010,13119,"Franklin County, Georgia",22084,19280,1850,42,121,4,409,378,866,18913,1821,13,119,3171
2010,13121,"Fulton County, Georgia",920581,409697,405575,2259,51569,335,30867,20279,72566,376014,400457,13,121,544567
2010,13123,"Gilmer County, Georgia",28292,26115,135,94,74,39,1464,371,2677,25078,98,13,123,3214
2010,13125,"Glascock County, Georgia",3082,2767,253,7,1,0,19,35,33,2750,251,13,125,332
2010,13127,"Glynn County, Georgia",79626,53823,20726,232,921,95,2399,1430,5126,51602,20525,13,127,28024
2010,13129,"Gordon County, Georgia",55186,47032,2005,202,540,71,4252,1084,7738,44107,1945,13,129,11079
2010,13131,"Grady County, Georgia",25011,15716,7176,182,106,21,1417,393,2500,14879,7129,13,131,10132
2010,13133,"Greene County, Georgia",15994,9056,6105,50,54,13,540,176,893,8771,6078,13,133,7223
2010,13135,"Gwinnett County, Georgia",805321,429563,190167,4038,85292,477,70492,25292,162035,354316,184122,13,135,451005
2010,13137,"Habersham County, Georgia",43041,36893,1444,195,960,65,2713,771,5333,34621,1412,13,137,8420
2010,13139,"Hall County, Georgia",179684,133197,13279,811,3226,167,25042,3962,46906,114300,12757,13,139,65384
2010,13141,"Hancock County, Georgia",9429,2300,6983,35,47,1,6,57,139,2212,6959,13,141,7217
2010,13143,"Haralson County, Georgia",28780,26707,1353,66,141,2,115,396,318,26516,1342,13,143,2264
2010,13145,"Harris County, Georgia",32024,25392,5506,108,287,17,238,476,872,24848,5457,13,145,7176
2010,13147,"Hart County, Georgia",25213,19515,4710,29,218,0,422,319,786,19213,4691,13,147,6000
2010,13149,"Heard County, Georgia",11834,10284,1159,36,56,3,91,205,223,10190,1152,13,149,1644
2010,13151,"Henry County, Georgia",203922,112201,75277,555,5968,129,4815,4977,11813,107083,74056,13,151,96839
2010,13153,"Houston County, Georgia",139900,88626,39998,475,3403,185,3360,3853,8515,84703,39535,13,153,55197
2010,13155,"Irwin County, Georgia",9538,6811,2472,2,61,0,107,85,228,6719,2459,13,155,2819
2010,13157,"Jackson County, Georgia",60485,52496,4103,124,1033,13,1649,1067,3736,50695,4050,13,157,9790
2010,13159,"Jasper County, Georgia",13900,10271,3037,55,30,1,273,233,510,10095,3030,13,159,3805
2010,13161,"Jeff Davis County, Georgia",15068,11463,2224,34,70,0,1097,180,1577,11056,2212,13,161,4012
2010,13163,"Jefferson County, Georgia",16930,7206,9213,18,68,2,275,148,517,7015,9187,13,163,9915
2010,13165,"Jenkins County, Georgia",8340,4579,3380,26,36,4,219,96,334,4508,3353,13,165,3832
2010,13167,"Johnson County, Georgia",9980,6301,3489,19,22,3,65,81,186,6219,3461,13,167,3761
2010,13169,"Jones County, Georgia",28669,20989,7008,63,187,3,103,316,315,20830,6977,13,169,7839
2010,13171,"Lamar County, Georgia",18317,12098,5650,47,72,2,142,306,341,11943,5621,13,171,6374
2010,13173,"Lanier County, Georgia",10078,7118,2390,53,103,3,175,236,461,6899,2367,13,173,3179
2010,13175,"Laurens County, Georgia",48434,29355,17324,100,483,4,591,577,1143,28920,17268,13,175,19514
2010,13177,"Lee County, Georgia",28298,21763,5268,74,617,19,170,387,560,21453,5239,13,177,6845
2010,13179,"Liberty County, Georgia",63453,29881,26805,358,1247,392,1810,2960,6159,27085,26018,13,179,36368
2010,13181,"Lincoln County, Georgia",7996,5257,2570,28,32,1,33,75,98,5201,2562,13,181,2795
2010,13183,"Long County, Georgia",14464,9026,3647,91,115,56,1039,490,1778,8491,3541,13,183,5973
2010,13185,"Lowndes County, Georgia",109233,63485,39142,416,1591,122,2165,2312,5238,61234,38815,13,185,47999
2010,13187,"Lumpkin County, Georgia",29966,28277,340,177,138,27,464,543,1344,27519,310,13,187,2447
2010,13189,"McDuffie County, Georgia",21875,12518,8706,65,76,15,191,304,475,12310,8661,13,189,9565
2010,13191,"McIntosh County, Georgia",14333,8811,5149,53,45,10,88,177,227,8716,5132,13,191,5617
2010,13193,"Macon County, Georgia",14740,5177,8933,40,195,20,230,145,527,4961,8902,13,193,9779
2010,13195,"Madison County, Georgia",28120,24634,2355,74,178,1,527,351,1139,24106,2320,13,195,4014
2010,13197,"Marion County, Georgia",8742,5254,2856,44,78,13,358,139,570,5100,2837,13,197,3642
2010,13199,"Meriwether County, Georgia",21992,12741,8605,77,141,2,164,262,347,12606,8583,13,199,9386
2010,13201,"Miller County, Georgia",6125,4266,1720,15,28,0,25,71,93,4237,1697,13,201,1888
2010,13205,"Mitchell County, Georgia",23498,11264,11219,77,122,10,575,231,1028,10894,11185,13,205,12604
2010,13207,"Monroe County, Georgia",26424,19365,6268,69,214,4,228,276,535,19101,6249,13,207,7323
2010,13209,"Montgomery County, Georgia",9123,6291,2397,6,26,1,303,99,480,6144,2372,13,209,2979
2010,13211,"Morgan County, Georgia",17868,12984,4208,54,106,0,285,231,494,12814,4199,13,211,5054
2010,13213,"Murray County, Georgia",39628,35320,245,159,116,25,3133,630,5154,33666,212,13,213,5962
2010,13215,"Muscogee County, Georgia",189885,87870,86403,731,4128,431,4554,5768,12110,82890,85119,13,215,106995
2010,13217,"Newton County, Georgia",99958,53754,40878,232,906,37,2068,2083,4635,51995,40371,13,217,47963
2010,13219,"Oconee County, Georgia",32808,29004,1635,49,1022,5,641,452,1436,28306,1610,13,219,4502
2010,13221,"Oglethorpe County, Georgia",14899,11662,2566,35,65,2,285,284,546,11429,2557,13,221,3470
2010,13223,"Paulding County, Georgia",142324,110517,24321,427,1271,67,2434,3287,7264,106739,23810,13,223,35585
2010,13225,"Peach County, Georgia",27695,13383,12715,67,223,8,874,425,1890,12499,12647,13,225,15196
2010,13227,"Pickens County, Georgia",29431,28171,312,81,119,7,396,345,819,27802,297,13,227,1629
2010,13229,"Pierce County, Georgia",18758,16293,1666,80,59,12,389,259,887,15860,1646,13,229,2898
2010,13231,"Pike County, Georgia",17869,15606,1837,55,56,1,73,241,193,15506,1825,13,231,2363
2010,13233,"Polk County, Georgia",41475,31974,5190,115,281,36,3120,759,4885,30492,5150,13,233,10983
2010,13235,"Pulaski County, Georgia",12010,7679,3824,40,105,5,234,123,465,7494,3808,13,235,4516
2010,13237,"Putnam County, Georgia",21218,14408,5522,38,107,18,867,258,1347,14024,5497,13,237,7194
2010,13239,"Quitman County, Georgia",2513,1290,1204,4,2,0,2,11,34,1265,1198,13,239,1248
2010,13241,"Rabun County, Georgia",16276,15185,156,68,116,8,491,252,1301,14468,144,13,241,1808
2010,13243,"Randolph County, Georgia",7719,2827,4769,5,23,0,35,60,119,2781,4747,13,243,4938
2010,13245,"Richmond County, Georgia",200549,79624,108633,685,3331,400,2646,5230,8207,76236,107365,13,245,124313
2010,13247,"Rockdale County, Georgia",85215,38187,39559,253,1516,56,3816,1828,8063,34826,38996,13,247,50389
2010,13249,"Schley County, Georgia",5010,3658,1169,2,36,0,96,49,161,3612,1167,13,249,1398
2010,13251,"Screven County, Georgia",14593,7965,6318,46,57,1,41,165,180,7898,6283,13,251,6695
2010,13253,"Seminole County, Georgia",8729,5594,2916,12,35,0,85,87,204,5516,2887,13,253,3213
2010,13255,"Spalding County, Georgia",64073,40148,21030,213,574,34,1024,1050,2451,38986,20937,13,255,25087
2010,13257,"Stephens County, Georgia",26175,22286,2845,77,178,15,257,517,633,22006,2821,13,257,4169
2010,13259,"Stewart County, Georgia",6058,1696,2864,11,44,1,1382,60,1454,1655,2833,13,259,4403
2010,13261,"Sumter County, Georgia",32819,13852,17001,106,421,21,1040,378,1717,13413,16894,13,261,19406
2010,13263,"Talbot County, Georgia",6865,2679,4065,18,9,0,26,68,91,2639,4039,13,263,4226
2010,13265,"Taliaferro County, Georgia",1717,640,1024,2,11,0,16,24,35,625,1024,13,265,1092
2010,13267,"Tattnall County, Georgia",25520,15991,7465,87,99,17,1527,334,2502,15196,7424,13,267,10324
2010,13269,"Taylor County, Georgia",8906,5208,3503,6,57,0,58,74,164,5123,3485,13,269,3783
2010,13271,"Telfair County, Georgia",16500,9398,6017,26,96,4,674,285,2026,8429,5830,13,271,8071
2010,13273,"Terrell County, Georgia",9315,3407,5700,18,29,1,74,86,157,3366,5683,13,273,5949
2010,13275,"Thomas County, Georgia",44720,26645,16497,196,311,7,519,545,1275,26081,16416,13,275,18639
2010,13277,"Tift County, Georgia",40118,24645,11618,85,512,8,2622,628,4037,23555,11549,13,277,16563
2010,13279,"Toombs County, Georgia",27223,17728,6767,74,200,14,2019,421,3055,16887,6716,13,279,10336
2010,13281,"Towns County, Georgia",10471,10232,41,31,44,1,61,61,206,10102,39,13,281,369
2010,13283,"Treutlen County, Georgia",6885,4488,2247,14,13,0,55,68,103,4466,2239,13,283,2419
2010,13285,"Troup County, Georgia",67044,41216,22394,168,1060,54,1140,1012,2170,40408,22319,13,285,26636
2010,13287,"Turner County, Georgia",8930,4886,3712,29,40,0,198,65,282,4820,3697,13,287,4110
2010,13289,"Twiggs County, Georgia",9023,5123,3724,28,14,1,30,103,124,5059,3703,13,289,3964
2010,13291,"Union County, Georgia",21356,20668,99,72,75,4,184,254,519,20345,95,13,291,1011
2010,13293,"Upson County, Georgia",27153,18693,7590,76,127,9,323,335,588,18522,7544,13,293,8631
2010,13295,"Walker County, Georgia",68756,63918,2829,182,297,30,421,1079,1113,63343,2809,13,295,5413
2010,13297,"Walton County, Georgia",83768,67057,13103,222,956,48,1131,1251,2683,65677,12993,13,297,18091
2010,13299,"Ware County, Georgia",36312,24103,10721,120,279,13,543,533,1207,23583,10662,13,299,12729
2010,13301,"Warren County, Georgia",5834,2152,3602,10,22,0,12,36,54,2133,3584,13,301,3701
2010,13303,"Washington County, Georgia",21187,9531,11173,25,104,1,143,210,407,9339,11124,13,303,11848
2010,13305,"Wayne County, Georgia",30099,22558,5996,127,161,6,649,602,1719,21749,5928,13,305,8350
2010,13307,"Webster County, Georgia",2799,1512,1185,0,7,0,66,29,98,1492,1177,13,307,1307
2010,13309,"Wheeler County, Georgia",7421,4552,2614,6,16,2,174,57,356,4405,2582,13,309,3016
2010,13311,"White County, Georgia",27144,25824,457,131,124,9,230,369,647,25453,454,13,311,1691
2010,13313,"Whitfield County, Georgia",102599,78623,3845,658,1330,70,15429,2644,32471,63818,3631,13,313,38781
2010,13315,"Wilcox County, Georgia",9255,5706,3252,16,42,1,149,89,338,5544,3233,13,315,3711
2010,13317,"Wilkes County, Georgia",10593,5616,4535,18,52,1,217,154,361,5495,4516,13,317,5098
2010,13319,"Wilkinson County, Georgia",9563,5598,3672,29,31,1,127,105,214,5529,3664,13,319,4034
2010,13321,"Worth County, Georgia",21679,15232,5978,58,74,6,98,233,335,15044,5951,13,321,6635
2010,15001,"Hawaii County, Hawaii",185079,62348,1020,869,41050,22389,2868,54535,21383,57831,899,15,001,127248
2010,15003,"Honolulu County, Hawaii",953207,198732,19256,2438,418410,90878,10457,213036,77433,181684,17929,15,003,771523
2010,15005,"Kalawao County, Hawaii",90,24,0,0,7,44,1,14,1,24,0,15,005,66
2010,15007,"Kauai County, Hawaii",67091,22159,278,254,21016,6060,608,16716,6315,20611,258,15,007,46480
2010,15009,"Maui County, Hawaii",154834,53336,870,603,44595,16051,3051,36328,15710,49193,818,15,009,105641
2010,16001,"Ada County, Idaho",392365,354347,4441,2610,9407,861,9529,11170,27905,339332,4180,16,001,53033
2010,16003,"Adams County, Idaho",3976,3821,5,39,16,2,26,67,94,3768,4,16,003,208
2010,16005,"Bannock County, Idaho",82839,74401,625,2619,1079,188,1721,2206,5587,71566,591,16,005,11273
2010,16007,"Bear Lake County, Idaho",5986,5767,6,29,22,1,97,64,216,5671,6,16,007,315
2010,16009,"Benewah County, Idaho",9285,8039,28,809,27,6,44,332,235,7919,25,16,009,1366
2010,16011,"Bingham County, Idaho",45607,36752,105,2970,285,36,4480,979,7864,34176,78,16,011,11431
2010,16013,"Blaine County, Idaho",21376,18157,39,125,183,16,2530,326,4272,16669,23,16,013,4707
2010,16015,"Boise County, Idaho",7028,6703,15,55,29,5,58,163,249,6552,13,16,015,476
2010,16017,"Bonner County, Idaho",40877,39261,58,315,184,42,163,854,911,38606,51,16,017,2271
2010,16019,"Bonneville County, Idaho",104234,94411,585,790,856,86,5334,2172,11912,88873,533,16,019,15361
2010,16021,"Boundary County, Idaho",10972,10398,29,189,62,6,58,230,402,10110,29,16,021,862
2010,16023,"Butte County, Idaho",2891,2761,6,13,5,5,59,42,119,2713,5,16,023,178
2010,16025,"Camas County, Idaho",1117,1051,3,6,1,0,20,36,75,1008,2,16,025,109
2010,16027,"Canyon County, Idaho",188923,156750,1077,2028,1519,402,21469,5678,45069,136553,877,16,027,52370
2010,16029,"Caribou County, Idaho",6963,6637,4,23,15,15,163,106,336,6481,4,16,029,482
2010,16031,"Cassia County, Idaho",22952,18781,64,178,108,16,3266,539,5724,16742,38,16,031,6210
2010,16033,"Clark County, Idaho",982,711,7,10,5,0,234,15,398,558,2,16,033,424
2010,16035,"Clearwater County, Idaho",8761,8225,18,194,61,9,73,181,268,8063,16,16,035,698
2010,16037,"Custer County, Idaho",4368,4209,8,27,10,4,66,44,176,4108,5,16,037,260
2010,16039,"Elmore County, Idaho",27038,22213,733,270,768,105,1830,1119,4118,20305,696,16,039,6733
2010,16041,"Franklin County, Idaho",12786,12064,28,53,15,7,419,200,838,11743,28,16,041,1043
2010,16043,"Fremont County, Idaho",13242,11855,46,93,29,13,1007,199,1694,11273,24,16,043,1969
2010,16045,"Gem County, Idaho",16719,15616,20,94,84,13,519,373,1336,14898,20,16,045,1821
2010,16047,"Gooding County, Idaho",15464,12481,37,127,72,11,2368,368,4344,10758,13,16,047,4706
2010,16049,"Idaho County, Idaho",16267,15259,42,480,68,7,103,308,421,15028,38,16,049,1239
2010,16051,"Jefferson County, Idaho",26140,23844,52,203,103,23,1514,401,2641,22925,40,16,051,3215
2010,16053,"Jerome County, Idaho",22374,17904,62,302,76,17,3532,481,6929,14958,39,16,053,7416
2010,16055,"Kootenai County, Idaho",138494,130844,416,1781,961,129,1041,3322,5268,127454,381,16,055,11040
2010,16057,"Latah County, Idaho",37244,34557,293,237,781,52,375,949,1326,33746,288,16,057,3498
2010,16059,"Lemhi County, Idaho",7936,7654,18,57,30,3,44,130,181,7543,16,16,059,393
2010,16061,"Lewis County, Idaho",3821,3450,14,180,17,5,63,92,128,3398,14,16,061,423
2010,16063,"Lincoln County, Idaho",5208,4171,19,38,20,3,844,113,1476,3607,18,16,063,1601
2010,16065,"Madison County, Idaho",37536,35235,185,99,352,55,1059,551,2218,34218,178,16,065,3318
2010,16067,"Minidoka County, Idaho",20069,16091,77,248,88,1,3076,488,6493,13095,44,16,067,6974
2010,16069,"Nez Perce County, Idaho",39265,35390,117,2206,279,37,261,975,1109,34835,112,16,069,4430
2010,16071,"Oneida County, Idaho",4286,4144,9,22,20,1,46,44,126,4073,9,16,071,213
2010,16073,"Owyhee County, Idaho",11526,8757,23,495,62,1,1916,272,2979,7867,18,16,073,3659
2010,16075,"Payette County, Idaho",22623,20053,52,255,189,16,1419,639,3363,18388,41,16,075,4235
2010,16077,"Power County, Idaho",7817,5867,22,179,32,7,1523,187,2328,5164,18,16,077,2653
2010,16079,"Shoshone County, Idaho",12765,12174,26,183,47,12,68,255,380,11929,20,16,079,836
2010,16081,"Teton County, Idaho",10170,8709,25,35,48,12,1193,148,1721,8286,12,16,081,1884
2010,16083,"Twin Falls County, Idaho",77230,68693,342,606,922,83,4829,1755,10570,63841,307,16,083,13389
2010,16085,"Valley County, Idaho",9862,9445,11,68,41,1,154,142,386,9277,9,16,085,585
2010,16087,"Washington County, Idaho",10198,8835,18,101,91,3,930,220,1716,8166,10,16,087,2032
2010,17001,"Adams County, Illinois",67103,62868,2331,111,441,12,243,1097,776,62414,2288,17,001,4689
2010,17003,"Alexander County, Illinois",8238,5018,2915,26,16,6,114,143,155,4983,2908,17,003,3255
2010,17005,"Bond County, Illinois",17768,16143,1080,92,68,3,58,324,547,15797,1061,17,005,1971
2010,17007,"Boone County, Illinois",54165,45724,1064,200,686,23,5048,1420,10967,40757,976,17,007,13408
2010,17009,"Brown County, Illinois",6937,5276,1280,14,16,2,306,43,402,5191,1275,17,009,1746
2010,17011,"Bureau County, Illinois",34978,32937,212,98,228,6,1046,451,2695,31473,191,17,011,3505
2010,17013,"Calhoun County, Illinois",5089,5032,7,9,12,0,10,19,40,5001,6,17,013,88
2010,17015,"Carroll County, Illinois",15387,14906,123,47,53,3,87,168,437,14596,122,17,015,791
2010,17017,"Cass County, Illinois",13642,11769,419,38,44,1,1185,186,2291,10830,379,17,017,2812
2010,17019,"Champaign County, Illinois",201081,147600,24946,549,17969,134,4361,5522,10607,142470,24553,17,019,58611
2010,17021,"Christian County, Illinois",34800,33610,495,51,167,8,147,322,471,33331,492,17,021,1469
2010,17023,"Clark County, Illinois",16335,16027,48,25,55,3,56,121,172,15925,48,17,023,410
2010,17025,"Clay County, Illinois",13815,13499,47,32,63,0,63,111,151,13429,43,17,025,386
2010,17027,"Clinton County, Illinois",37762,35284,1338,94,167,13,442,424,1058,34766,1323,17,027,2996
2010,17029,"Coles County, Illinois",53873,50029,2067,104,531,13,310,819,1155,49330,2022,17,029,4543
2010,17031,"Cook County, Illinois",5194675,2877212,1287767,21559,322672,1724,551971,131770,1244762,2278358,1265778,17,031,2916317
2010,17033,"Crawford County, Illinois",19817,18381,934,48,103,8,162,181,362,18216,923,17,033,1601
2010,17035,"Cumberland County, Illinois",11048,10856,38,17,27,0,24,86,75,10815,35,17,035,233
2010,17037,"DeKalb County, Illinois",105160,89453,6732,267,2438,23,4149,2098,10647,83825,6579,17,037,21335
2010,17039,"De Witt County, Illinois",16561,16035,87,26,60,4,156,193,354,15855,82,17,039,706
2010,17041,"Douglas County, Illinois",19980,19113,58,34,83,0,461,231,1210,18427,53,17,041,1553
2010,17043,"DuPage County, Illinois",916924,714140,42346,2415,92304,217,45106,20396,121506,646130,41024,17,043,270794
2010,17045,"Edgar County, Illinois",18576,18268,64,25,33,4,52,130,187,18142,63,17,045,434
2010,17047,"Edwards County, Illinois",6721,6584,30,9,22,0,21,55,59,6555,30,17,047,166
2010,17049,"Effingham County, Illinois",34242,33429,79,39,147,7,262,279,597,33155,76,17,049,1087
2010,17051,"Fayette County, Illinois",22140,20750,980,35,51,4,94,226,304,20585,969,17,051,1555
2010,17053,"Ford County, Illinois",14081,13677,85,33,37,0,90,159,294,13520,78,17,053,561
2010,17055,"Franklin County, Illinois",39561,38641,123,104,124,3,124,442,475,38353,118,17,055,1208
2010,17057,"Fulton County, Illinois",37069,34625,1269,131,112,2,596,334,896,34397,1268,17,057,2672
2010,17059,"Gallatin County, Illinois",5589,5473,12,14,5,0,20,65,66,5427,12,17,059,162
2010,17061,"Greene County, Illinois",13886,13588,119,23,16,2,39,99,115,13517,119,17,061,369
2010,17063,"Grundy County, Illinois",50063,46933,605,114,327,15,1336,733,4096,44526,577,17,063,5537
2010,17065,"Hamilton County, Illinois",8457,8305,31,20,19,1,22,59,105,8234,31,17,065,223
2010,17067,"Hancock County, Illinois",19104,18723,52,40,46,11,56,176,185,18611,51,17,067,493
2010,17069,"Hardin County, Illinois",4320,4205,13,26,22,5,14,35,56,4171,13,17,069,149
2010,17071,"Henderson County, Illinois",7331,7198,15,15,15,5,13,70,79,7133,15,17,071,198
2010,17073,"Henry County, Illinois",50486,47846,796,93,191,14,814,732,2402,46493,762,17,073,3993
2010,17075,"Iroquois County, Illinois",29718,28155,233,51,103,2,779,395,1584,27467,233,17,075,2251
2010,17077,"Jackson County, Illinois",60218,46875,8589,227,1910,32,992,1593,2403,45746,8488,17,077,14472
2010,17079,"Jasper County, Illinois",9698,9564,11,13,24,2,26,58,79,9517,10,17,079,181
2010,17081,"Jefferson County, Illinois",38827,34315,3251,85,246,7,299,624,799,33919,3194,17,081,4908
2010,17083,"Jersey County, Illinois",22985,22431,93,60,77,6,46,272,222,22281,89,17,083,704
2010,17085,"Jo Daviess County, Illinois",22678,22046,107,45,72,11,194,203,609,21681,100,17,085,997
2010,17087,"Johnson County, Illinois",12582,11197,1006,29,22,1,201,126,376,11056,1004,17,087,1526
2010,17089,"Kane County, Illinois",515269,384548,29422,2887,17895,193,66818,13506,158390,304051,27819,17,089,211218
2010,17091,"Kankakee County, Illinois",113449,87986,17187,286,1052,34,4502,2402,10167,83218,16998,17,091,30231
2010,17093,"Kendall County, Illinois",114736,95891,6585,316,3467,33,5768,2676,17898,85156,6343,17,093,29580
2010,17095,"Knox County, Illinois",52919,46329,3810,104,338,9,1023,1306,2558,45132,3741,17,095,7787
2010,17097,"Lake County, Illinois",703462,528204,49033,3279,44358,294,60008,18286,139987,458701,46989,17,097,244761
2010,17099,"LaSalle County, Illinois",113924,106187,2186,289,762,16,2838,1646,9135,100545,2104,17,099,13379
2010,17101,"Lawrence County, Illinois",16833,14696,1608,38,38,2,280,171,553,14491,1583,17,101,2342
2010,17103,"Lee County, Illinois",36031,32745,1735,74,246,10,693,528,1802,31824,1709,17,103,4207
2010,17105,"Livingston County, Illinois",38950,35752,1915,67,199,1,518,498,1532,34903,1887,17,105,4047
2010,17107,"Logan County, Illinois",30305,27008,2285,60,184,5,371,392,893,26586,2243,17,107,3719
2010,17109,"McDonough County, Illinois",32612,29476,1642,75,580,2,237,600,867,28979,1594,17,109,3633
2010,17111,"McHenry County, Illinois",308760,278257,3283,939,7807,80,13194,5200,35249,258584,3045,17,111,50176
2010,17113,"McLean County, Illinois",169572,142940,12426,383,7227,55,2603,3938,7434,138835,12246,17,113,30737
2010,17115,"Macon County, Illinois",110768,87855,18027,226,1118,32,756,2754,2072,86822,17916,17,115,23946
2010,17117,"Macoupin County, Illinois",47765,46596,359,126,129,11,118,426,418,46315,359,17,117,1450
2010,17119,"Madison County, Illinois",269282,237641,21235,659,2254,107,2427,4959,7313,233515,21066,17,119,35767
2010,17121,"Marion County, Illinois",39437,36734,1557,122,224,9,165,626,542,36456,1536,17,121,2981
2010,17123,"Marshall County, Illinois",12640,12271,44,22,45,2,137,119,314,12128,44,17,123,512
2010,17125,"Mason County, Illinois",14666,14382,54,36,40,0,19,135,117,14296,53,17,125,370
2010,17127,"Massac County, Illinois",15429,14033,904,62,42,0,72,316,290,13860,891,17,127,1569
2010,17129,"Menard County, Illinois",12705,12383,76,32,30,2,46,136,121,12320,74,17,129,385
2010,17131,"Mercer County, Illinois",16434,16153,47,17,52,1,42,122,307,15912,46,17,131,522
2010,17133,"Monroe County, Illinois",32957,32287,69,67,144,7,111,272,450,31991,64,17,133,966
2010,17135,"Montgomery County, Illinois",30104,28632,952,47,111,11,145,206,459,28334,949,17,135,1770
2010,17137,"Morgan County, Illinois",35547,32321,2122,78,168,7,273,578,712,31937,2104,17,137,3610
2010,17139,"Moultrie County, Illinois",14846,14622,41,28,31,0,34,90,129,14524,40,17,139,322
2010,17141,"Ogle County, Illinois",53497,49867,483,111,250,14,2015,757,4741,47425,468,17,141,6072
2010,17143,"Peoria County, Illinois",186494,138800,33030,526,5856,62,2956,5264,7102,135620,32720,17,143,50874
2010,17145,"Perry County, Illinois",22350,19656,1866,55,87,8,365,313,599,19463,1856,17,145,2887
2010,17147,"Piatt County, Illinois",16729,16393,58,29,51,6,35,157,167,16276,56,17,147,453
2010,17149,"Pike County, Illinois",16430,15928,275,28,38,7,38,116,172,15802,274,17,149,628
2010,17151,"Pope County, Illinois",4470,4098,269,29,11,1,23,39,64,4055,269,17,151,415
2010,17153,"Pulaski County, Illinois",6161,3965,1994,26,13,3,41,119,97,3937,1976,17,153,2224
2010,17155,"Putnam County, Illinois",6006,5803,32,6,13,1,82,69,252,5654,31,17,155,352
2010,17157,"Randolph County, Illinois",33476,29318,3263,62,104,15,403,311,867,28933,3245,17,157,4543
2010,17159,"Richland County, Illinois",16233,15795,78,25,119,1,64,151,205,15673,78,17,159,560
2010,17161,"Rock Island County, Illinois",147546,120382,13289,395,2419,48,6555,4458,17118,111764,12911,17,161,35782
2010,17163,"St. Clair County, Illinois",270056,174458,82302,652,3276,227,3133,6008,8785,169858,81860,17,163,100198
2010,17165,"Saline County, Illinois",24913,23178,995,88,101,17,97,437,340,23011,974,17,165,1902
2010,17167,"Sangamon County, Illinois",197465,165103,23335,394,3220,47,1047,4319,3480,162987,23146,17,167,34478
2010,17169,"Schuyler County, Illinois",7544,7205,243,12,9,0,36,39,90,7163,240,17,169,381
2010,17171,"Scott County, Illinois",5355,5279,9,9,12,0,6,40,43,5246,5,17,171,109
2010,17173,"Shelby County, Illinois",22363,22045,50,43,56,5,38,126,180,21922,48,17,173,441
2010,17175,"Stark County, Illinois",5994,5855,28,10,19,0,20,62,59,5826,28,17,175,168
2010,17177,"Stephenson County, Illinois",47711,41291,4275,85,297,14,550,1199,1406,40612,4226,17,177,7099
2010,17179,"Tazewell County, Illinois",135394,130225,1374,365,999,33,677,1721,2514,128625,1351,17,179,6769
2010,17181,"Union County, Illinois",17808,16880,156,97,54,6,348,267,863,16454,151,17,181,1354
2010,17183,"Vermilion County, Illinois",81625,67323,10571,191,564,17,1189,1770,3441,65590,10394,17,183,16035
2010,17185,"Wabash County, Illinois",11947,11576,77,21,70,5,62,136,158,11498,73,17,185,449
2010,17187,"Warren County, Illinois",17707,16165,303,42,94,13,804,286,1490,15582,287,17,187,2125
2010,17189,"Washington County, Illinois",14716,14376,101,18,42,4,61,114,197,14260,94,17,189,456
2010,17191,"Wayne County, Illinois",16760,16427,42,35,71,1,58,126,176,16340,40,17,191,420
2010,17193,"White County, Illinois",14665,14393,56,47,31,6,27,105,158,14308,37,17,193,357
2010,17195,"Whiteside County, Illinois",58498,53923,781,170,276,9,2044,1295,6455,50263,705,17,195,8235
2010,17197,"Will County, Illinois",677560,514664,75743,1703,30833,136,39025,15456,105817,455577,74419,17,197,221983
2010,17199,"Williamson County, Illinois",66357,61542,2540,246,561,8,362,1098,1301,60719,2514,17,199,5638
2010,17201,"Winnebago County, Illinois",295266,228652,36108,963,6810,71,14339,8323,32177,214196,35358,17,201,81070
2010,17203,"Woodford County, Illinois",38664,37643,187,74,213,5,119,423,527,37294,186,17,203,1370
2010,18001,"Adams County, Indiana",34387,33349,107,71,78,7,474,301,1412,32521,102,18,001,1866
2010,18003,"Allen County, Indiana",355329,281653,41618,1246,9721,189,10455,10447,23093,271789,40998,18,003,83540
2010,18005,"Bartholomew County, Indiana",76794,68824,1420,209,2632,48,2449,1212,4762,66817,1360,18,005,9977
2010,18007,"Benton County, Indiana",8854,8489,42,11,15,3,193,101,431,8298,36,18,007,556
2010,18009,"Blackford County, Indiana",12766,12470,49,22,19,4,41,161,117,12403,48,18,009,363
2010,18011,"Boone County, Indiana",56640,53953,495,103,942,11,371,765,1270,53151,484,18,011,3489
2010,18013,"Brown County, Indiana",15242,14874,53,50,44,1,47,173,178,14761,53,18,013,481
2010,18015,"Carroll County, Indiana",20155,19500,48,38,21,1,349,198,711,19188,42,18,015,967
2010,18017,"Cass County, Indiana",38966,34385,578,199,419,30,2745,610,4897,32624,519,18,017,6342
2010,18019,"Clark County, Indiana",110232,95961,7661,303,875,53,2917,2462,5350,93887,7541,18,019,16345
2010,18021,"Clay County, Indiana",26890,26303,87,59,60,8,136,237,307,26146,85,18,021,744
2010,18023,"Clinton County, Indiana",33224,30232,142,83,72,3,2271,421,4395,28349,138,18,023,4875
2010,18025,"Crawford County, Indiana",10713,10438,24,43,20,9,59,120,126,10390,21,18,025,323
2010,18027,"Daviess County, Indiana",31648,30077,172,71,161,8,818,341,1314,29696,165,18,027,1952
2010,18029,"Dearborn County, Indiana",50047,48780,300,87,189,26,175,490,502,48486,291,18,029,1561
2010,18031,"Decatur County, Indiana",25740,25053,82,39,186,7,148,225,426,24796,76,18,031,944
2010,18033,"DeKalb County, Indiana",42223,40931,148,99,192,17,349,487,1031,40406,141,18,033,1817
2010,18035,"Delaware County, Indiana",117671,104872,8146,302,1144,60,674,2473,2088,103721,8051,18,035,13950
2010,18037,"Dubois County, Indiana",41889,39839,122,66,189,11,1293,369,2521,38791,109,18,037,3098
2010,18039,"Elkhart County, Indiana",197559,163792,11307,747,1915,81,14792,4925,27886,152555,10989,18,039,45004
2010,18041,"Fayette County, Indiana",24277,23532,322,32,81,0,74,236,223,23392,318,18,041,885
2010,18043,"Floyd County, Indiana",74578,67408,3873,168,704,16,866,1543,1972,66505,3822,18,043,8073
2010,18045,"Fountain County, Indiana",17240,16802,28,54,35,1,145,175,373,16598,26,18,045,642
2010,18047,"Franklin County, Indiana",23087,22703,37,34,55,2,75,181,210,22600,34,18,047,487
2010,18049,"Fulton County, Indiana",20836,19800,150,96,101,5,455,229,882,19438,144,18,049,1398
2010,18051,"Gibson County, Indiana",33503,31986,597,72,156,3,158,531,441,31752,589,18,051,1751
2010,18053,"Grant County, Indiana",70061,61811,4888,234,411,17,999,1701,2517,60633,4805,18,053,9428
2010,18055,"Greene County, Indiana",33165,32548,49,93,96,4,89,286,322,32343,49,18,055,822
2010,18057,"Hamilton County, Indiana",274569,242985,9603,529,13175,97,3270,4910,9426,237317,9395,18,057,37252
2010,18059,"Hancock County, Indiana",70002,66644,1452,154,558,20,303,871,1216,65859,1420,18,059,4143
2010,18061,"Harrison County, Indiana",39364,38341,178,88,155,11,207,384,581,37984,167,18,061,1380
2010,18063,"Hendricks County, Indiana",145448,131117,7084,293,3028,59,1544,2323,4379,128664,6988,18,063,16784
2010,18065,"Henry County, Indiana",49462,47351,1070,72,156,5,218,590,691,46933,1064,18,065,2529
2010,18067,"Howard County, Indiana",82752,73284,5680,286,740,20,699,2043,2203,72091,5585,18,067,10661
2010,18069,"Huntington County, Indiana",37124,36062,160,140,167,8,168,419,631,35692,155,18,069,1432
2010,18071,"Jackson County, Indiana",42376,40044,282,89,359,27,1019,556,2410,38826,265,18,071,3550
2010,18073,"Jasper County, Indiana",33478,32056,212,68,133,11,655,343,1823,30988,208,18,073,2490
2010,18075,"Jay County, Indiana",21253,20619,60,23,78,0,281,192,577,20356,58,18,075,897
2010,18077,"Jefferson County, Indiana",32428,30876,542,69,211,6,305,419,755,30463,530,18,077,1965
2010,18079,"Jennings County, Indiana",28525,27611,216,30,62,0,273,333,571,27361,206,18,079,1164
2010,18081,"Johnson County, Indiana",139654,131140,1578,315,2744,46,1692,2139,4270,128903,1536,18,081,10751
2010,18083,"Knox County, Indiana",38440,36475,1009,73,215,11,186,471,590,36154,994,18,083,2286
2010,18085,"Kosciusko County, Indiana",77358,72188,572,232,650,19,2631,1066,5634,69531,542,18,085,7827
2010,18087,"LaGrange County, Indiana",37128,35874,117,71,118,2,636,310,1317,35290,109,18,087,1838
2010,18089,"Lake County, Indiana",496005,319412,128263,1628,6142,108,28792,11660,82663,274162,125506,18,089,221843
2010,18091,"LaPorte County, Indiana",111467,93787,12001,306,583,21,2226,2543,6093,90695,11835,18,091,20772
2010,18093,"Lawrence County, Indiana",46134,44905,186,158,224,14,137,510,545,44562,181,18,093,1572
2010,18095,"Madison County, Indiana",131636,115452,10963,320,553,45,1973,2330,4189,113577,10887,18,095,18059
2010,18097,"Marion County, Indiana",903393,566853,240975,2901,18314,458,48435,25457,84466,537905,238454,18,097,365488
2010,18099,"Marshall County, Indiana",47051,44000,220,116,215,7,1773,720,3971,42098,196,18,099,4953
2010,18101,"Martin County, Indiana",10334,10164,10,30,29,0,24,77,70,10125,10,18,101,209
2010,18103,"Miami County, Indiana",36903,33876,1673,335,129,8,225,657,906,33307,1649,18,103,3596
2010,18105,"Monroe County, Indiana",137974,121109,4491,353,7214,62,1325,3420,4029,118837,4363,18,105,19137
2010,18107,"Montgomery County, Indiana",38124,36309,327,98,213,6,700,471,1739,35374,307,18,107,2750
2010,18109,"Morgan County, Indiana",68894,67307,176,200,248,19,232,712,820,66782,175,18,109,2112
2010,18111,"Newton County, Indiana",14244,13700,56,42,38,2,256,150,717,13296,53,18,111,948
2010,18113,"Noble County, Indiana",47536,43970,185,102,176,6,2472,625,4567,42104,170,18,113,5432
2010,18115,"Ohio County, Indiana",6128,6012,22,12,19,0,19,44,69,5967,21,18,115,161
2010,18117,"Orange County, Indiana",19840,19245,170,62,62,2,65,234,194,19144,168,18,117,696
2010,18119,"Owen County, Indiana",21575,21129,65,75,66,1,49,190,198,20983,65,18,119,592
2010,18121,"Parke County, Indiana",17339,16671,397,64,34,4,70,99,215,16545,391,18,121,794
2010,18123,"Perry County, Indiana",19338,18557,471,36,69,4,51,150,192,18428,469,18,123,910
2010,18125,"Pike County, Indiana",12845,12610,39,27,25,4,38,102,120,12544,38,18,125,301
2010,18127,"Porter County, Indiana",164343,149995,4894,494,1994,36,3818,3112,13933,141243,4649,18,127,23100
2010,18129,"Posey County, Indiana",25910,25185,233,48,70,4,93,277,248,25046,230,18,129,864
2010,18131,"Pulaski County, Indiana",13402,13025,88,40,29,3,80,137,325,12823,87,18,131,579
2010,18133,"Putnam County, Indiana",37963,35449,1505,98,279,14,204,414,587,35128,1485,18,133,2835
2010,18135,"Randolph County, Indiana",26171,25158,117,89,61,8,462,276,790,24895,114,18,135,1276
2010,18137,"Ripley County, Indiana",28818,28132,69,51,146,4,158,258,445,27879,67,18,137,939
2010,18139,"Rush County, Indiana",17392,16945,132,32,57,4,86,136,190,16839,129,18,139,553
2010,18141,"St. Joseph County, Indiana",266931,209972,33958,1030,5036,194,9031,7710,19395,201701,33407,18,141,65230
2010,18143,"Scott County, Indiana",24181,23667,57,46,108,14,111,178,354,23471,52,18,143,710
2010,18145,"Shelby County, Indiana",44436,42402,455,95,244,13,714,513,1647,41622,428,18,145,2814
2010,18147,"Spencer County, Indiana",20952,20295,96,41,72,0,282,166,517,20101,96,18,147,851
2010,18149,"Starke County, Indiana",23363,22683,66,76,41,0,204,293,766,22212,63,18,149,1151
2010,18151,"Steuben County, Indiana",34185,33098,179,93,167,11,320,317,982,32513,155,18,151,1672
2010,18153,"Sullivan County, Indiana",21475,20132,961,58,40,1,64,219,294,19930,946,18,153,1545
2010,18155,"Switzerland County, Indiana",10613,10381,32,18,18,2,79,83,147,10318,31,18,155,295
2010,18157,"Tippecanoe County, Indiana",172780,145190,6913,453,10730,50,5672,3772,12947,138855,6731,18,157,33925
2010,18159,"Tipton County, Indiana",15936,15551,29,23,65,5,107,156,346,15355,28,18,159,581
2010,18161,"Union County, Indiana",7516,7331,33,23,19,6,25,79,82,7280,33,18,161,236
2010,18163,"Vanderburgh County, Indiana",179703,154882,16347,399,2003,104,1867,4101,3873,153080,16228,18,163,26623
2010,18165,"Vermillion County, Indiana",16212,15932,24,37,31,5,48,135,130,15862,21,18,165,350
2010,18167,"Vigo County, Indiana",107848,95207,7437,364,1781,36,637,2386,2469,93550,7371,18,167,14298
2010,18169,"Wabash County, Indiana",32888,31764,163,217,138,6,233,367,697,31369,155,18,169,1519
2010,18171,"Warren County, Indiana",8508,8363,11,13,36,6,20,59,70,8321,10,18,171,187
2010,18173,"Warrick County, Indiana",59689,56700,803,124,960,18,291,793,946,56095,780,18,173,3594
2010,18175,"Washington County, Indiana",28262,27714,64,62,86,2,93,241,304,27539,63,18,175,723
2010,18177,"Wayne County, Indiana",68917,62140,3418,171,527,49,785,1827,1804,61322,3349,18,177,7595
2010,18179,"Wells County, Indiana",27636,26902,96,76,107,3,208,244,564,26604,89,18,179,1032
2010,18181,"White County, Indiana",24643,23132,68,71,89,5,924,354,1746,22470,51,18,181,2173
2010,18183,"Whitley County, Indiana",33292,32479,99,92,105,7,132,378,515,32147,96,18,183,1145
2010,19001,"Adair County, Iowa",7682,7558,11,4,22,1,34,52,101,7507,11,19,001,175
2010,19003,"Adams County, Iowa",4029,3953,8,19,24,0,3,22,37,3922,8,19,003,107
2010,19005,"Allamakee County, Iowa",14330,13750,113,36,34,17,292,88,757,13325,109,19,005,1005
2010,19007,"Appanoose County, Iowa",12887,12586,63,32,36,1,34,135,181,12470,55,19,007,417
2010,19009,"Audubon County, Iowa",6119,6032,10,8,25,1,6,37,37,6007,9,19,009,112
2010,19011,"Benton County, Iowa",26076,25569,102,45,66,2,53,239,275,25387,93,19,011,689
2010,19013,"Black Hawk County, Iowa",131090,112215,11640,297,1707,201,2045,2985,4907,109968,11493,19,013,21122
2010,19015,"Boone County, Iowa",26306,25509,206,81,88,3,153,266,505,25194,202,19,015,1112
2010,19017,"Bremer County, Iowa",24276,23601,191,16,174,2,61,231,239,23459,186,19,017,817
2010,19019,"Buchanan County, Iowa",20958,20505,67,32,90,1,36,227,243,20344,59,19,019,614
2010,19021,"Buena Vista County, Iowa",20260,16341,540,51,1141,100,1728,359,4608,13756,497,19,021,6504
2010,19023,"Butler County, Iowa",14867,14636,26,21,35,2,36,111,133,14552,25,19,023,315
2010,19025,"Calhoun County, Iowa",9670,9526,22,19,21,1,21,60,90,9470,19,19,025,200
2010,19027,"Carroll County, Iowa",20816,20250,83,25,92,1,179,186,333,20119,82,19,027,697
2010,19029,"Cass County, Iowa",13956,13636,35,28,30,45,96,86,253,13502,33,19,029,454
2010,19031,"Cedar County, Iowa",18499,18090,52,29,85,3,43,197,284,17897,52,19,031,602
2010,19033,"Cerro Gordo County, Iowa",44151,41964,578,91,377,9,416,716,1694,40876,555,19,033,3275
2010,19035,"Cherokee County, Iowa",12072,11667,66,32,62,9,131,105,274,11553,64,19,035,519
2010,19037,"Chickasaw County, Iowa",12439,12119,41,10,40,0,169,60,269,12048,29,19,037,391
2010,19039,"Clarke County, Iowa",9286,8758,39,29,37,4,330,89,927,8208,38,19,039,1078
2010,19041,"Clay County, Iowa",16667,16077,69,38,99,1,196,187,477,15843,68,19,041,824
2010,19043,"Clayton County, Iowa",18129,17731,61,20,42,17,110,148,306,17563,60,19,043,566
2010,19045,"Clinton County, Iowa",49116,46152,1291,121,280,12,361,899,1243,45454,1258,19,045,3662
2010,19047,"Crawford County, Iowa",17096,14168,208,59,104,16,2262,279,4131,12541,195,19,047,4555
2010,19049,"Dallas County, Iowa",66135,60971,918,127,1662,39,1409,1009,4059,58630,890,19,049,7505
2010,19051,"Davis County, Iowa",8753,8614,7,19,24,0,21,68,85,8556,7,19,051,197
2010,19053,"Decatur County, Iowa",8457,8068,152,33,59,16,41,88,181,7946,149,19,053,511
2010,19055,"Delaware County, Iowa",17764,17507,48,18,49,2,25,115,139,17408,45,19,055,356
2010,19057,"Des Moines County, Iowa",40325,36704,2048,99,290,21,232,931,1042,36059,2005,19,057,4266
2010,19059,"Dickinson County, Iowa",16667,16386,29,13,72,5,37,125,178,16255,29,19,059,412
2010,19061,"Dubuque County, Iowa",93653,88092,2486,178,878,288,514,1217,1807,86981,2436,19,061,6672
2010,19063,"Emmet County, Iowa",10302,9591,65,69,44,1,374,158,763,9319,61,19,063,983
2010,19065,"Fayette County, Iowa",20880,20253,198,21,107,15,93,193,380,19987,196,19,065,893
2010,19067,"Floyd County, Iowa",16303,15620,203,23,216,5,111,125,331,15443,200,19,067,860
2010,19069,"Franklin County, Iowa",10680,10001,38,20,28,4,420,169,1209,9334,19,19,069,1346
2010,19071,"Fremont County, Iowa",7441,7212,39,23,20,1,79,67,187,7123,32,19,071,318
2010,19073,"Greene County, Iowa",9336,9108,26,25,30,3,82,62,171,9017,22,19,073,319
2010,19075,"Grundy County, Iowa",12453,12269,28,4,27,7,31,87,122,12190,26,19,075,263
2010,19077,"Guthrie County, Iowa",10954,10687,16,22,37,4,85,103,202,10595,16,19,077,359
2010,19079,"Hamilton County, Iowa",15673,14703,50,33,311,0,362,214,782,14344,40,19,079,1329
2010,19081,"Hancock County, Iowa",11341,10957,56,16,47,1,158,106,398,10744,50,19,081,597
2010,19083,"Hardin County, Iowa",17534,16799,217,42,79,1,205,191,651,16430,208,19,083,1104
2010,19085,"Harrison County, Iowa",14928,14658,25,43,42,0,34,126,183,14532,25,19,085,396
2010,19087,"Henry County, Iowa",20145,18557,447,61,461,22,274,323,764,18141,435,19,087,2004
2010,19089,"Howard County, Iowa",9566,9380,25,10,24,7,39,81,118,9314,25,19,089,252
2010,19091,"Humboldt County, Iowa",9815,9418,44,15,32,1,203,102,357,9288,39,19,091,527
2010,19093,"Ida County, Iowa",7089,6957,17,12,19,1,42,41,100,6907,17,19,093,182
2010,19095,"Iowa County, Iowa",16355,16002,57,27,56,2,88,123,307,15818,53,19,095,537
2010,19097,"Jackson County, Iowa",19848,19339,61,40,47,89,67,205,220,19223,58,19,097,625
2010,19099,"Jasper County, Iowa",36842,35639,470,103,163,8,133,326,537,35284,464,19,099,1558
2010,19101,"Jefferson County, Iowa",16843,14759,214,31,1425,2,144,268,410,14539,199,19,101,2304
2010,19103,"Johnson County, Iowa",130882,112083,6305,287,6819,51,2372,2965,6200,108767,6163,19,103,22115
2010,19105,"Jones County, Iowa",20638,19901,408,49,90,2,65,123,270,19716,405,19,105,922
2010,19107,"Keokuk County, Iowa",10511,10339,50,14,18,0,28,62,90,10286,50,19,107,225
2010,19109,"Kossuth County, Iowa",15543,15223,44,20,59,4,73,120,215,15121,43,19,109,422
2010,19111,"Lee County, Iowa",35862,33537,1118,68,183,11,251,694,1092,32833,1094,19,111,3029
2010,19113,"Linn County, Iowa",211226,191884,8346,565,3806,180,1512,4933,5534,188592,8160,19,113,22634
2010,19115,"Louisa County, Iowa",11387,10272,60,33,102,8,739,173,1797,9309,52,19,115,2078
2010,19117,"Lucas County, Iowa",8898,8769,17,16,15,3,24,54,89,8720,15,19,117,178
2010,19119,"Lyon County, Iowa",11581,11340,10,9,25,0,127,70,212,11267,9,19,119,314
2010,19121,"Madison County, Iowa",15679,15376,46,28,51,1,39,138,197,15233,45,19,121,446
2010,19123,"Mahaska County, Iowa",22381,21428,254,60,255,4,134,246,360,21242,251,19,123,1139
2010,19125,"Marion County, Iowa",33309,32203,225,60,379,6,91,345,531,31834,211,19,125,1475
2010,19127,"Marshall County, Iowa",40648,36071,679,186,536,50,2296,830,7017,31807,629,19,127,8841
2010,19129,"Mills County, Iowa",15059,14639,57,49,55,10,84,165,359,14390,57,19,129,669
2010,19131,"Mitchell County, Iowa",10776,10621,21,10,28,2,40,54,110,10564,20,19,131,212
2010,19133,"Monona County, Iowa",9243,8972,33,97,20,4,27,90,107,8904,33,19,133,339
2010,19135,"Monroe County, Iowa",7970,7764,22,11,31,0,40,102,169,7677,22,19,135,293
2010,19137,"Montgomery County, Iowa",10740,10460,25,38,23,5,90,99,305,10265,25,19,137,475
2010,19139,"Muscatine County, Iowa",42745,38061,606,133,350,13,2769,813,6803,34518,545,19,139,8227
2010,19141,"O'Brien County, Iowa",14398,13829,67,18,82,1,287,114,545,13605,56,19,141,793
2010,19143,"Osceola County, Iowa",6462,6149,18,21,19,5,200,50,430,5937,15,19,143,525
2010,19145,"Page County, Iowa",15932,15039,352,86,116,6,114,219,438,14767,344,19,145,1165
2010,19147,"Palo Alto County, Iowa",9421,9211,44,21,31,6,29,79,152,9108,44,19,147,313
2010,19149,"Plymouth County, Iowa",24986,24086,76,71,117,16,370,250,742,23782,73,19,149,1204
2010,19151,"Pocahontas County, Iowa",7310,7126,26,12,12,10,45,79,166,7043,26,19,151,267
2010,19153,"Polk County, Iowa",430640,364895,25853,1384,15220,254,12629,10405,32647,347710,25344,19,153,82930
2010,19155,"Pottawattamie County, Iowa",93158,86558,1267,441,570,27,2525,1770,6151,83609,1216,19,155,9549
2010,19157,"Poweshiek County, Iowa",18914,17957,220,50,260,21,147,259,456,17705,213,19,157,1209
2010,19159,"Ringgold County, Iowa",5131,5004,17,14,16,0,42,38,91,4966,17,19,159,165
2010,19161,"Sac County, Iowa",10350,10125,31,7,16,5,79,87,195,10031,31,19,161,319
2010,19163,"Scott County, Iowa",165224,142267,11728,496,3332,68,2428,4905,9197,136884,11413,19,163,28340
2010,19165,"Shelby County, Iowa",12167,11909,32,28,46,2,68,82,219,11763,31,19,165,404
2010,19167,"Sioux County, Iowa",33704,31441,129,96,272,4,1448,314,3001,30090,104,19,167,3614
2010,19169,"Story County, Iowa",89542,79344,2196,163,5383,20,918,1518,2695,77812,2125,19,169,11730
2010,19171,"Tama County, Iowa",17767,15373,60,1327,46,4,506,451,1320,14874,59,19,171,2893
2010,19173,"Taylor County, Iowa",6317,6068,14,9,17,3,147,59,364,5872,12,19,173,445
2010,19175,"Union County, Iowa",12534,12144,89,39,60,3,74,125,225,12029,88,19,175,505
2010,19177,"Van Buren County, Iowa",7570,7439,15,10,40,1,12,53,88,7373,15,19,177,197
2010,19179,"Wapello County, Iowa",35625,32802,482,176,254,48,1312,551,3234,31157,447,19,179,4468
2010,19181,"Warren County, Iowa",46225,44887,216,109,250,11,190,562,899,44266,213,19,181,1959
2010,19183,"Washington County, Iowa",21704,20796,146,56,72,13,303,318,1138,20114,140,19,183,1590
2010,19185,"Wayne County, Iowa",6403,6275,18,12,18,1,31,48,69,6244,17,19,185,159
2010,19187,"Webster County, Iowa",38013,35095,1462,112,246,9,408,681,1446,34210,1435,19,187,3803
2010,19189,"Winnebago County, Iowa",10866,10441,85,22,88,1,118,111,360,10247,78,19,189,619
2010,19191,"Winneshiek County, Iowa",21056,20347,133,13,226,4,173,160,418,20153,130,19,191,903
2010,19193,"Woodbury County, Iowa",102172,85387,2456,2254,2423,106,6240,3306,13993,79282,2384,19,193,22890
2010,19195,"Worth County, Iowa",7598,7435,27,14,24,0,31,67,147,7335,21,19,195,263
2010,19197,"Wright County, Iowa",13229,12545,57,20,33,6,359,209,1274,11738,40,19,197,1491
2010,20001,"Allen County, Kansas",13371,12478,249,108,68,2,131,335,392,12285,243,20,001,1086
2010,20003,"Anderson County, Kansas",8102,7843,40,39,37,1,42,100,123,7774,40,20,003,328
2010,20005,"Atchison County, Kansas",16924,15395,853,93,70,8,89,416,383,15152,844,20,005,1772
2010,20007,"Barber County, Kansas",4861,4673,22,27,20,0,52,67,119,4608,20,20,007,253
2010,20009,"Barton County, Kansas",27674,24567,399,148,54,16,1945,545,3683,23092,367,20,009,4582
2010,20011,"Bourbon County, Kansas",15173,14115,427,114,69,5,89,354,309,13953,409,20,011,1220
2010,20013,"Brown County, Kansas",9984,8494,123,924,31,1,90,321,306,8391,116,20,013,1593
2010,20015,"Butler County, Kansas",65880,61576,1096,636,467,45,599,1461,2602,59920,1054,20,015,5960
2010,20017,"Chase County, Kansas",2790,2661,34,12,9,0,24,50,100,2597,34,20,017,193
2010,20019,"Chautauqua County, Kansas",3669,3331,16,150,3,2,29,138,87,3291,13,20,019,378
2010,20021,"Cherokee County, Kansas",21603,19513,118,876,64,65,114,853,424,19280,116,20,021,2323
2010,20023,"Cheyenne County, Kansas",2726,2664,2,6,19,0,16,19,142,2543,2,20,023,183
2010,20025,"Clark County, Kansas",2215,2047,1,14,17,2,68,66,163,1967,0,20,025,248
2010,20027,"Clay County, Kansas",8535,8301,34,38,26,2,29,105,162,8184,34,20,027,351
2010,20029,"Cloud County, Kansas",9533,9189,51,30,20,1,105,137,283,9035,49,20,029,498
2010,20031,"Coffey County, Kansas",8601,8298,47,59,36,0,29,132,176,8176,47,20,031,425
2010,20033,"Comanche County, Kansas",1891,1825,6,4,5,2,25,24,73,1783,6,20,033,108
2010,20035,"Cowley County, Kansas",36311,31317,1004,724,586,17,1413,1250,3292,29832,971,20,035,6479
2010,20037,"Crawford County, Kansas",39134,35685,785,354,476,79,730,1025,1762,34842,757,20,037,4292
2010,20039,"Decatur County, Kansas",2961,2883,17,13,7,0,13,28,30,2869,17,20,039,92
2010,20041,"Dickinson County, Kansas",19754,18780,153,99,61,11,206,444,769,18312,139,20,041,1442
2010,20043,"Doniphan County, Kansas",7945,7396,243,82,16,0,28,180,165,7282,242,20,043,663
2010,20045,"Douglas County, Kansas",110826,93667,4357,2951,4146,65,1489,4151,5651,90532,4204,20,045,20294
2010,20047,"Edwards County, Kansas",3037,2758,21,21,12,0,193,32,534,2446,5,20,047,591
2010,20049,"Elk County, Kansas",2882,2742,0,42,12,1,19,66,79,2694,0,20,049,188
2010,20051,"Ellis County, Kansas",28452,26682,242,74,391,5,604,454,1299,26103,232,20,051,2349
2010,20053,"Ellsworth County, Kansas",6497,5991,299,36,24,0,37,110,322,5733,299,20,053,764
2010,20055,"Finney County, Kansas",36776,28304,841,336,1237,14,4995,1049,17182,17049,707,20,055,19727
2010,20057,"Ford County, Kansas",33848,25494,719,348,489,55,5831,912,17321,14897,605,20,057,18951
2010,20059,"Franklin County, Kansas",25992,24362,329,214,100,2,270,715,937,23880,320,20,059,2112
2010,20061,"Geary County, Kansas",34362,22738,6319,339,1101,264,1221,2380,4252,20587,6015,20,061,13775
2010,20063,"Gove County, Kansas",2695,2646,8,2,11,1,11,16,42,2618,7,20,063,77
2010,20065,"Graham County, Kansas",2597,2385,99,17,9,0,12,75,59,2357,96,20,065,240
2010,20067,"Grant County, Kansas",7829,6368,47,96,27,0,1109,182,3439,4240,31,20,067,3589
2010,20069,"Gray County, Kansas",6006,5610,26,28,13,0,254,75,855,5050,22,20,069,956
2010,20071,"Greeley County, Kansas",1247,1143,6,7,4,0,69,18,171,1056,3,20,071,191
2010,20073,"Greenwood County, Kansas",6689,6394,23,66,18,0,41,147,220,6257,23,20,073,432
2010,20075,"Hamilton County, Kansas",2690,2134,8,33,7,3,467,38,827,1801,8,20,075,889
2010,20077,"Harper County, Kansas",6034,5711,22,69,5,13,128,86,298,5582,21,20,077,452
2010,20079,"Harvey County, Kansas",34684,31693,564,251,256,10,1100,810,3747,29332,530,20,079,5352
2010,20081,"Haskell County, Kansas",4256,3641,12,28,10,0,479,86,1149,3036,4,20,081,1220
2010,20083,"Hodgeman County, Kansas",1916,1806,20,3,8,0,48,31,118,1748,20,20,083,168
2010,20085,"Jackson County, Kansas",13462,11743,73,1076,48,1,97,424,438,11559,69,20,085,1903
2010,20087,"Jefferson County, Kansas",19126,18419,104,171,39,6,60,327,339,18170,100,20,087,956
2010,20089,"Jewell County, Kansas",3077,2994,5,20,6,0,13,39,63,2959,4,20,089,118
2010,20091,"Johnson County, Kansas",544179,468052,23636,2014,22743,299,13797,13638,38949,446044,23028,20,091,98135
2010,20093,"Kearny County, Kansas",3977,3472,23,39,12,1,345,85,1135,2726,16,20,093,1251
2010,20095,"Kingman County, Kansas",7858,7611,14,47,36,2,49,99,199,7486,13,20,095,372
2010,20097,"Kiowa County, Kansas",2553,2441,17,24,16,1,28,26,99,2378,12,20,097,175
2010,20099,"Labette County, Kansas",21607,19024,1008,467,77,5,153,873,875,18467,987,20,099,3140
2010,20101,"Lane County, Kansas",1750,1666,8,14,4,1,28,29,74,1628,8,20,101,122
2010,20103,"Leavenworth County, Kansas",76227,63879,7171,584,965,101,1015,2512,4308,61226,7007,20,103,15001
2010,20105,"Lincoln County, Kansas",3241,3158,9,17,6,0,24,27,72,3116,8,20,105,125
2010,20107,"Linn County, Kansas",9656,9307,43,63,30,6,59,148,186,9184,41,20,107,472
2010,20109,"Logan County, Kansas",2756,2647,21,13,10,0,30,35,80,2609,16,20,109,147
2010,20111,"Lyon County, Kansas",33690,28140,819,234,781,17,2788,911,6755,24704,731,20,111,8986
2010,20113,"McPherson County, Kansas",29180,27763,294,110,147,21,346,499,1025,27176,279,20,113,2004
2010,20115,"Marion County, Kansas",12660,12154,104,70,27,7,91,207,296,11992,95,20,115,668
2010,20117,"Marshall County, Kansas",10117,9849,27,33,23,3,50,132,193,9727,26,20,117,390
2010,20119,"Meade County, Kansas",4575,4242,31,35,19,0,172,76,676,3761,31,20,119,814
2010,20121,"Miami County, Kansas",32787,31225,426,192,116,9,212,607,828,30708,411,20,121,2079
2010,20123,"Mitchell County, Kansas",6373,6244,13,24,19,5,17,51,73,6197,13,20,123,176
2010,20125,"Montgomery County, Kansas",35471,29561,2059,1188,205,38,670,1750,1844,28712,2022,20,125,6759
2010,20127,"Morris County, Kansas",5923,5687,25,28,14,1,73,95,212,5572,25,20,127,351
2010,20129,"Morton County, Kansas",3233,2841,14,34,60,5,221,58,623,2466,14,20,129,767
2010,20131,"Nemaha County, Kansas",10178,9902,57,47,15,4,49,104,121,9843,51,20,131,335
2010,20133,"Neosho County, Kansas",16512,15542,197,179,83,6,180,325,686,15136,192,20,133,1376
2010,20135,"Ness County, Kansas",3107,2969,18,10,4,0,78,28,229,2828,17,20,135,279
2010,20137,"Norton County, Kansas",5671,5358,165,13,30,1,34,70,240,5166,162,20,137,505
2010,20139,"Osage County, Kansas",16295,15796,48,112,37,5,45,252,330,15560,44,20,139,735
2010,20141,"Osborne County, Kansas",3858,3765,8,19,18,0,10,38,46,3743,8,20,141,115
2010,20143,"Ottawa County, Kansas",6091,5889,49,24,9,0,33,87,121,5828,49,20,143,263
2010,20145,"Pawnee County, Kansas",6973,6322,325,41,32,6,108,139,461,6018,318,20,145,955
2010,20147,"Phillips County, Kansas",5642,5472,23,23,41,0,24,59,121,5394,22,20,147,248
2010,20149,"Pottawatomie County, Kansas",21604,20212,227,168,144,12,287,554,957,19690,214,20,149,1914
2010,20151,"Pratt County, Kansas",9656,9083,114,58,27,1,187,186,525,8812,100,20,151,844
2010,20153,"Rawlins County, Kansas",2519,2449,8,5,5,0,30,22,80,2400,8,20,153,119
2010,20155,"Reno County, Kansas",64511,58469,1930,438,309,19,1637,1709,5209,55543,1843,20,155,8968
2010,20157,"Republic County, Kansas",4980,4879,25,12,15,0,16,33,53,4851,22,20,157,129
2010,20159,"Rice County, Kansas",10083,9213,128,70,37,5,362,268,1018,8683,112,20,159,1400
2010,20161,"Riley County, Kansas",71115,59203,4530,433,2996,144,1300,2509,4610,56571,4344,20,161,14544
2010,20163,"Rooks County, Kansas",5181,5049,24,17,19,3,20,49,107,4981,21,20,163,200
2010,20165,"Rush County, Kansas",3307,3213,8,16,8,0,24,38,84,3165,8,20,165,142
2010,20167,"Russell County, Kansas",6970,6712,54,45,34,2,33,90,115,6640,53,20,167,330
2010,20169,"Saline County, Kansas",55606,48695,1814,295,1156,27,1914,1705,5403,45671,1743,20,169,9935
2010,20171,"Scott County, Kansas",4936,4447,19,30,24,1,354,61,753,4097,16,20,171,839
2010,20173,"Sedgwick County, Kansas",498365,380482,46167,5739,20385,412,25302,19878,64636,348434,44931,20,173,149931
2010,20175,"Seward County, Kansas",22952,16171,774,176,611,43,4471,706,12990,8261,687,20,175,14691
2010,20177,"Shawnee County, Kansas",177934,144412,15280,2177,2085,126,6474,7380,19303,134549,14598,20,177,43385
2010,20179,"Sheridan County, Kansas",2556,2475,3,11,5,0,34,28,84,2436,3,20,179,120
2010,20181,"Sherman County, Kansas",6010,5596,39,17,17,7,230,104,647,5214,34,20,181,796
2010,20183,"Smith County, Kansas",3853,3733,10,11,7,4,27,61,57,3712,10,20,183,141
2010,20185,"Stafford County, Kansas",4437,4110,13,55,17,1,186,55,529,3805,10,20,185,632
2010,20187,"Stanton County, Kansas",2235,1870,13,27,3,1,271,50,828,1351,12,20,187,884
2010,20189,"Stevens County, Kansas",5724,4985,16,49,15,1,570,88,1866,3744,14,20,189,1980
2010,20191,"Sumner County, Kansas",24132,22705,230,282,56,4,270,585,1097,22044,211,20,191,2088
2010,20193,"Thomas County, Kansas",7900,7509,49,36,38,6,178,84,370,7336,47,20,193,564
2010,20195,"Trego County, Kansas",3001,2919,13,6,7,2,31,23,51,2902,13,20,195,99
2010,20197,"Wabaunsee County, Kansas",7053,6808,29,36,10,0,23,147,205,6664,28,20,197,389
2010,20199,"Wallace County, Kansas",1485,1395,2,7,1,0,63,17,108,1354,2,20,199,131
2010,20201,"Washington County, Kansas",5799,5632,25,14,19,0,56,53,144,5558,23,20,201,241
2010,20203,"Wichita County, Kansas",2234,1972,19,11,3,0,190,39,550,1647,14,20,203,587
2010,20205,"Wilson County, Kansas",9409,8995,31,99,36,5,34,209,217,8866,30,20,205,543
2010,20207,"Woodson County, Kansas",3309,3161,12,37,2,0,33,64,69,3139,12,20,207,170
2010,20209,"Wyandotte County, Kansas",157505,86056,39742,1297,3958,169,20378,5905,41633,68170,39046,20,209,89335
2010,21001,"Adair County, Kentucky",18656,17696,503,36,45,5,164,207,319,17558,501,21,001,1098
2010,21003,"Allen County, Kentucky",19956,19362,164,58,31,0,84,257,297,19203,159,21,003,753
2010,21005,"Anderson County, Kentucky",21421,20458,433,31,105,5,125,264,288,20314,427,21,005,1107
2010,21007,"Ballard County, Kentucky",8249,7808,238,14,15,1,21,152,90,7762,238,21,007,487
2010,21009,"Barren County, Kentucky",42173,38997,1630,89,183,33,544,697,1110,38597,1617,21,009,3576
2010,21011,"Bath County, Kentucky",11591,11175,152,29,17,7,84,127,157,11130,152,21,011,461
2010,21013,"Bell County, Kentucky",28691,27415,644,49,78,13,55,437,198,27297,633,21,013,1394
2010,21015,"Boone County, Kentucky",118811,109050,2992,228,2534,95,1753,2159,4205,106955,2928,21,015,11856
2010,21017,"Bourbon County, Kentucky",19985,17604,1198,42,64,2,709,366,1368,17027,1187,21,017,2958
2010,21019,"Boyd County, Kentucky",49542,46901,1401,110,225,5,217,683,714,46463,1374,21,019,3079
2010,21021,"Boyle County, Kentucky",28432,25086,2121,55,216,7,344,603,796,24704,2106,21,021,3728
2010,21023,"Bracken County, Kentucky",8488,8300,29,17,5,1,47,89,96,8251,29,21,023,237
2010,21025,"Breathitt County, Kentucky",13878,13637,43,19,68,12,26,73,89,13575,43,21,025,303
2010,21027,"Breckinridge County, Kentucky",20059,19206,409,64,42,2,86,250,175,19134,404,21,027,925
2010,21029,"Bullitt County, Kentucky",74319,71969,484,236,370,25,346,889,1038,71368,472,21,029,2951
2010,21031,"Butler County, Kentucky",12690,12303,48,36,20,0,168,115,322,12182,47,21,031,508
2010,21033,"Caldwell County, Kentucky",12984,12044,668,19,33,2,44,174,129,11952,664,21,033,1032
2010,21035,"Calloway County, Kentucky",37191,34208,1392,87,657,11,279,557,890,33672,1375,21,035,3519
2010,21037,"Campbell County, Kentucky",90336,85215,2290,126,753,20,540,1392,1495,84406,2253,21,037,5930
2010,21039,"Carlisle County, Kentucky",5104,4961,39,28,14,0,16,46,83,4906,35,21,039,198
2010,21041,"Carroll County, Kentucky",10811,9955,163,28,60,2,351,252,789,9575,160,21,041,1236
2010,21043,"Carter County, Kentucky",27720,27101,147,67,51,5,110,239,321,26930,145,21,043,790
2010,21045,"Casey County, Kentucky",15955,15505,85,32,30,5,159,139,378,15326,80,21,045,629
2010,21047,"Christian County, Kentucky",73955,52896,15707,429,754,291,1472,2406,4541,50709,15445,21,047,23246
2010,21049,"Clark County, Kentucky",35613,32833,1708,52,134,6,367,513,891,32407,1693,21,049,3206
2010,21051,"Clay County, Kentucky",21730,20464,915,34,26,3,95,193,402,20189,900,21,051,1541
2010,21053,"Clinton County, Kentucky",10272,9938,39,19,13,26,116,121,231,9865,39,21,053,407
2010,21055,"Crittenden County, Kentucky",9315,9105,76,33,17,7,12,65,48,9065,76,21,055,250
2010,21057,"Cumberland County, Kentucky",6856,6540,178,8,9,0,31,90,63,6508,177,21,057,348
2010,21059,"Daviess County, Kentucky",96656,88134,4626,130,685,61,1253,1767,2525,87005,4583,21,059,9651
2010,21061,"Edmonson County, Kentucky",12161,11789,169,37,25,1,34,106,100,11733,166,21,061,428
2010,21063,"Elliott County, Kentucky",7852,7506,268,10,5,7,13,43,62,7473,262,21,063,379
2010,21065,"Estill County, Kentucky",14672,14457,29,32,14,0,34,106,101,14407,28,21,065,265
2010,21067,"Fayette County, Kentucky",295803,223999,42972,755,9553,141,10949,7434,20474,216072,42336,21,067,79731
2010,21069,"Fleming County, Kentucky",14348,13920,183,12,32,1,81,119,149,13858,181,21,069,490
2010,21071,"Floyd County, Kentucky",39451,38732,294,39,76,0,87,223,219,38624,292,21,071,827
2010,21073,"Franklin County, Kentucky",49285,41614,5128,103,703,8,650,1079,1374,41026,5078,21,073,8259
2010,21075,"Fulton County, Kentucky",6813,5004,1609,18,45,2,11,124,53,4973,1607,21,075,1840
2010,21077,"Gallatin County, Kentucky",8589,8132,113,11,15,3,139,176,372,7952,109,21,077,637
2010,21079,"Garrard County, Kentucky",16912,16118,346,24,37,3,221,163,403,15965,339,21,079,947
2010,21081,"Grant County, Kentucky",24662,23842,178,57,80,38,245,222,577,23545,173,21,081,1117
2010,21083,"Graves County, Kentucky",37121,33568,1607,91,124,20,1031,680,2099,32608,1597,21,083,4513
2010,21085,"Grayson County, Kentucky",25746,25052,264,49,61,7,64,249,258,24885,260,21,085,861
2010,21087,"Green County, Kentucky",11258,10775,224,40,17,1,56,145,159,10691,222,21,087,567
2010,21089,"Greenup County, Kentucky",36910,35928,257,94,188,6,79,358,284,35752,255,21,089,1158
2010,21091,"Hancock County, Kentucky",8565,8331,75,22,19,0,26,92,94,8282,70,21,091,283
2010,21093,"Hardin County, Kentucky",105543,84971,12275,541,2104,354,1553,3745,5317,82139,11878,21,093,23404
2010,21095,"Harlan County, Kentucky",29278,28144,643,42,100,2,65,282,210,28030,639,21,095,1248
2010,21097,"Harrison County, Kentucky",18846,18037,385,36,38,11,118,221,337,17846,379,21,097,1000
2010,21099,"Hart County, Kentucky",18199,16906,885,31,36,1,110,230,261,16771,883,21,099,1428
2010,21101,"Henderson County, Kentucky",46250,41217,3590,96,196,13,337,801,858,40773,3568,21,101,5477
2010,21103,"Henry County, Kentucky",15416,14452,419,38,31,9,214,253,447,14272,410,21,103,1144
2010,21105,"Hickman County, Kentucky",4902,4332,452,12,11,1,17,77,57,4298,451,21,105,604
2010,21107,"Hopkins County, Kentucky",46920,42289,3086,65,259,21,289,911,734,41940,3069,21,107,4980
2010,21109,"Jackson County, Kentucky",13494,13348,16,25,11,1,20,73,84,13298,13,21,109,196
2010,21111,"Jefferson County, Kentucky",741096,538714,154246,1788,16338,460,12895,16655,32542,522561,152451,21,111,218535
2010,21113,"Jessamine County, Kentucky",48586,45147,1499,122,475,17,436,890,1353,44336,1487,21,113,4250
2010,21115,"Johnson County, Kentucky",23356,22976,56,30,91,4,14,185,109,22900,56,21,115,456
2010,21117,"Kenton County, Kentucky",159720,145394,7359,294,1447,155,1906,3165,4225,143430,7267,21,117,16290
2010,21119,"Knott County, Kentucky",16346,16067,118,9,14,4,32,102,99,16015,116,21,119,331
2010,21121,"Knox County, Kentucky",31883,30967,346,70,67,3,80,350,270,30805,344,21,121,1078
2010,21123,"Larue County, Kentucky",14193,13329,444,37,25,2,133,223,401,13096,441,21,123,1097
2010,21125,"Laurel County, Kentucky",58849,57112,417,175,287,5,257,596,717,56732,405,21,125,2117
2010,21127,"Lawrence County, Kentucky",15860,15621,33,17,26,3,34,126,77,15582,32,21,127,278
2010,21129,"Lee County, Kentucky",7887,7607,185,22,11,0,5,57,58,7564,185,21,129,323
2010,21131,"Leslie County, Kentucky",11310,11179,22,14,15,1,11,68,40,11152,22,21,131,158
2010,21133,"Letcher County, Kentucky",24519,24215,85,37,39,0,29,114,124,24120,85,21,133,399
2010,21135,"Lewis County, Kentucky",13870,13711,37,27,8,0,10,77,78,13650,35,21,135,220
2010,21137,"Lincoln County, Kentucky",24742,23555,565,43,40,1,175,363,372,23404,560,21,137,1338
2010,21139,"Livingston County, Kentucky",9519,9318,21,27,20,6,22,105,123,9243,16,21,139,276
2010,21141,"Logan County, Kentucky",26835,24187,1767,62,64,11,332,412,651,23934,1734,21,141,2901
2010,21143,"Lyon County, Kentucky",8314,7729,441,12,24,1,17,90,77,7672,437,21,143,642
2010,21145,"McCracken County, Kentucky",65565,55762,7224,150,527,11,491,1400,1383,55025,7179,21,145,10540
2010,21147,"McCreary County, Kentucky",18306,16724,1009,129,25,4,142,273,392,16557,977,21,147,1749
2010,21149,"McLean County, Kentucky",9531,9302,55,23,10,0,67,74,106,9278,53,21,149,253
2010,21151,"Madison County, Kentucky",82916,75926,3611,250,758,33,683,1655,1813,74967,3565,21,151,7949
2010,21153,"Magoffin County, Kentucky",13333,13149,18,37,8,0,32,89,95,13106,18,21,153,227
2010,21155,"Marion County, Kentucky",19820,17454,1604,30,116,5,268,343,482,17285,1593,21,155,2535
2010,21157,"Marshall County, Kentucky",31448,30900,49,59,88,2,88,262,350,30669,48,21,157,779
2010,21159,"Martin County, Kentucky",12929,11889,896,48,22,1,3,70,388,11533,882,21,159,1396
2010,21161,"Mason County, Kentucky",17490,15801,1120,36,101,1,115,316,248,15686,1117,21,161,1804
2010,21163,"Meade County, Kentucky",28602,26427,948,147,158,36,177,709,859,25905,899,21,163,2697
2010,21165,"Menifee County, Kentucky",6306,6088,116,6,7,1,13,75,51,6056,112,21,165,250
2010,21167,"Mercer County, Kentucky",21331,19789,765,39,76,11,271,380,490,19614,751,21,167,1717
2010,21169,"Metcalfe County, Kentucky",10099,9774,154,14,14,0,52,91,115,9730,153,21,169,369
2010,21171,"Monroe County, Kentucky",10963,10431,231,12,8,1,158,122,289,10314,231,21,171,649
2010,21173,"Montgomery County, Kentucky",26499,25031,731,48,84,6,295,304,660,24715,712,21,173,1784
2010,21175,"Morgan County, Kentucky",13923,13124,600,31,46,1,20,101,108,13048,598,21,175,875
2010,21177,"Muhlenberg County, Kentucky",31499,29514,1426,46,43,5,119,346,367,29301,1417,21,177,2198
2010,21179,"Nelson County, Kentucky",43437,39932,2183,54,218,9,338,703,888,39498,2168,21,179,3939
2010,21181,"Nicholas County, Kentucky",7135,6983,41,7,16,0,36,52,98,6922,41,21,181,213
2010,21183,"Ohio County, Kentucky",23842,22944,196,50,51,8,350,243,844,22531,187,21,183,1311
2010,21185,"Oldham County, Kentucky",60316,54904,2620,170,797,30,788,1007,2133,53796,2571,21,185,6520
2010,21187,"Owen County, Kentucky",10841,10470,91,17,17,1,135,110,246,10367,90,21,187,474
2010,21189,"Owsley County, Kentucky",4755,4692,13,12,2,0,8,28,39,4659,13,21,189,96
2010,21191,"Pendleton County, Kentucky",14877,14603,53,33,20,3,31,134,143,14521,47,21,191,356
2010,21193,"Perry County, Kentucky",28712,27706,435,37,148,4,92,290,185,27622,432,21,193,1090
2010,21195,"Pike County, Kentucky",65024,63718,349,64,296,14,110,473,446,63431,348,21,195,1593
2010,21197,"Powell County, Kentucky",12613,12321,79,14,17,4,65,113,132,12264,78,21,197,349
2010,21199,"Pulaski County, Kentucky",63063,60625,727,143,290,19,555,704,1318,59943,705,21,199,3120
2010,21201,"Robertson County, Kentucky",2282,2241,4,3,2,0,10,22,22,2232,3,21,201,50
2010,21203,"Rockcastle County, Kentucky",17056,16783,19,45,14,1,39,155,103,16741,19,21,203,315
2010,21205,"Rowan County, Kentucky",23333,22420,349,34,180,4,104,242,294,22266,341,21,205,1067
2010,21207,"Russell County, Kentucky",17565,16943,82,45,41,1,278,175,585,16676,79,21,207,889
2010,21209,"Scott County, Kentucky",47173,42405,2468,129,416,16,891,848,1994,41441,2433,21,209,5732
2010,21211,"Shelby County, Kentucky",42074,35943,3146,116,258,45,1628,938,3812,34080,3038,21,211,7994
2010,21213,"Simpson County, Kentucky",17327,15118,1625,41,114,4,110,315,325,14941,1615,21,213,2386
2010,21215,"Spencer County, Kentucky",17061,16419,258,32,70,9,74,199,239,16278,256,21,215,783
2010,21217,"Taylor County, Kentucky",24512,22539,1216,31,129,10,187,400,433,22329,1210,21,217,2183
2010,21219,"Todd County, Kentucky",12460,11093,996,19,12,2,165,173,494,10797,989,21,219,1663
2010,21221,"Trigg County, Kentucky",14339,12781,1171,38,44,5,54,246,175,12675,1171,21,221,1664
2010,21223,"Trimble County, Kentucky",8809,8492,27,31,38,5,110,106,223,8408,21,21,223,401
2010,21225,"Union County, Kentucky",15007,12824,1808,28,51,7,66,223,243,12654,1803,21,225,2353
2010,21227,"Warren County, Kentucky",113792,95167,10311,315,3184,129,2304,2382,5174,92807,10204,21,227,20985
2010,21229,"Washington County, Kentucky",11717,10643,742,10,31,2,129,160,393,10401,736,21,229,1316
2010,21231,"Wayne County, Kentucky",20813,19805,316,41,67,8,334,242,601,19591,308,21,231,1222
2010,21233,"Webster County, Kentucky",13621,12449,563,28,35,43,307,196,580,12233,553,21,233,1388
2010,21235,"Whitley County, Kentucky",35637,34704,205,98,129,13,64,424,310,34521,205,21,235,1116
2010,21237,"Wolfe County, Kentucky",7355,7265,10,21,3,0,13,43,41,7241,10,21,237,114
2010,21239,"Woodford County, Kentucky",24939,22363,1230,38,124,11,733,440,1680,21556,1216,21,239,3383
2010,22001,"Acadia Parish, Louisiana",61773,49127,11175,163,137,6,349,816,1060,48555,11133,22,001,13218
2010,22003,"Allen Parish, Louisiana",25764,18435,5985,622,176,6,126,414,342,18276,5957,22,003,7488
2010,22005,"Ascension Parish, Louisiana",107215,78572,23846,339,1018,81,2049,1310,5024,75949,23727,22,005,31266
2010,22007,"Assumption Parish, Louisiana",23421,15635,7141,133,58,12,233,209,498,15442,7111,22,007,7979
2010,22009,"Avoyelles Parish, Louisiana",42073,28188,12398,503,141,3,158,682,606,27877,12318,22,009,14196
2010,22011,"Beauregard Parish, Louisiana",35654,29321,4655,356,224,17,220,861,1003,28730,4597,22,011,6924
2010,22013,"Bienville Parish, Louisiana",14353,7935,6076,50,34,0,82,176,207,7850,6048,22,013,6503
2010,22015,"Bossier Parish, Louisiana",116979,84430,24461,641,1927,163,2805,2552,7026,80991,24245,22,015,35988
2010,22017,"Caddo Parish, Louisiana",254969,124942,120264,1092,2683,126,2104,3758,6129,121969,119697,22,017,133000
2010,22019,"Calcasieu Parish, Louisiana",192768,136514,47782,898,2073,93,1728,3680,4945,133703,47490,22,019,59065
2010,22021,"Caldwell Parish, Louisiana",10132,8213,1746,22,25,0,36,90,222,8045,1735,22,021,2087
2010,22023,"Cameron Parish, Louisiana",6839,6546,119,36,6,0,58,74,154,6465,119,22,023,374
2010,22025,"Catahoula Parish, Louisiana",10407,6985,3280,34,3,0,29,76,90,6946,3273,22,025,3461
2010,22027,"Claiborne Parish, Louisiana",17195,8167,8733,63,41,1,46,144,171,8084,8707,22,027,9111
2010,22029,"Concordia Parish, Louisiana",20822,11959,8513,65,49,4,53,179,209,11829,8503,22,029,8993
2010,22031,"De Soto Parish, Louisiana",26656,15456,10449,204,42,11,186,308,661,15092,10402,22,031,11564
2010,22033,"East Baton Rouge Parish, Louisiana",440171,214927,199505,1097,12367,135,6302,5838,16274,206664,198590,22,033,233507
2010,22035,"East Carroll Parish, Louisiana",7759,2245,5356,19,44,0,37,58,127,2198,5324,22,035,5561
2010,22037,"East Feliciana Parish, Louisiana",20267,10783,9108,64,52,2,32,226,208,10666,9052,22,037,9601
2010,22039,"Evangeline Parish, Louisiana",33984,23439,9632,99,114,3,329,368,776,23071,9565,22,039,10913
2010,22041,"Franklin Parish, Louisiana",20767,13930,6537,37,42,6,53,162,196,13853,6500,22,041,6914
2010,22043,"Grant Parish, Louisiana",22309,18149,3470,228,59,8,43,352,931,17361,3441,22,043,4948
2010,22045,"Iberia Parish, Louisiana",73240,45551,23435,269,1754,20,1074,1137,2299,44502,23280,22,045,28738
2010,22047,"Iberville Parish, Louisiana",33387,16280,16454,62,104,3,216,268,664,15987,16338,22,047,17400
2010,22049,"Jackson Parish, Louisiana",16274,11084,4853,35,28,2,79,193,209,10989,4829,22,049,5285
2010,22051,"Jefferson Parish, Louisiana",432552,272115,113887,2038,16683,179,18429,9221,53702,242268,112013,22,051,190284
2010,22053,"Jefferson Davis Parish, Louisiana",31594,25125,5468,157,62,3,191,588,538,24835,5450,22,053,6759
2010,22055,"Lafayette Parish, Louisiana",221578,153706,57073,746,3331,81,3045,3596,8597,148972,56633,22,055,72606
2010,22057,"Lafourche Parish, Louisiana",96318,76445,12746,2703,709,33,1951,1731,3647,75080,12679,22,057,21238
2010,22059,"La Salle Parish, Louisiana",14890,12689,1769,152,28,2,107,143,331,12520,1758,22,059,2370
2010,22061,"Lincoln Parish, Louisiana",46735,25775,18925,123,790,34,585,503,1189,25313,18860,22,061,21422
2010,22063,"Livingston Parish, Louisiana",128026,117601,6505,526,628,26,1273,1467,3801,115362,6455,22,063,12664
2010,22065,"Madison Parish, Louisiana",12093,4498,7381,24,27,0,52,111,188,4396,7357,22,065,7697
2010,22067,"Morehouse Parish, Louisiana",27979,14345,13133,36,102,14,75,274,255,14251,13078,22,067,13728
2010,22069,"Natchitoches Parish, Louisiana",39566,21494,16362,376,134,11,344,845,735,21109,16296,22,069,18457
2010,22071,"Orleans Parish, Louisiana",343829,113428,206871,1047,9970,134,6459,5920,18051,104770,204866,22,071,239059
2010,22073,"Ouachita Parish, Louisiana",153720,92884,56216,381,1455,51,993,1740,2760,91573,55946,22,073,62147
2010,22075,"Plaquemines Parish, Louisiana",23042,16246,4715,371,731,31,323,625,1067,15617,4675,22,075,7425
2010,22077,"Pointe Coupee Parish, Louisiana",22802,14010,8284,18,57,0,213,220,492,13748,8247,22,077,9054
2010,22079,"Rapides Parish, Louisiana",131613,83373,42113,1035,1559,36,1286,2211,3418,81623,41937,22,079,49990
2010,22081,"Red River Parish, Louisiana",9091,5360,3595,33,12,2,31,58,101,5305,3586,22,081,3786
2010,22083,"Richland Parish, Louisiana",20725,12879,7454,64,55,4,79,190,332,12714,7406,22,083,8011
2010,22085,"Sabine Parish, Louisiana",24233,17155,4026,2082,56,0,100,814,820,16776,4009,22,085,7457
2010,22087,"St. Bernard Parish, Louisiana",35897,26579,6350,260,690,22,953,1043,3309,24607,6272,22,087,11290
2010,22089,"St. Charles Parish, Louisiana",52780,36540,14051,172,440,21,709,847,2648,34925,13925,22,089,17855
2010,22091,"St. Helena Parish, Louisiana",11203,5034,5974,38,9,4,53,91,99,4999,5964,22,091,6204
2010,22093,"St. James Parish, Louisiana",22102,10615,11180,45,31,3,84,144,256,10478,11145,22,093,11624
2010,22095,"St. John the Baptist Parish, Louisiana",45924,19501,24576,144,322,22,698,661,2175,18374,24405,22,095,27550
2010,22097,"St. Landry Parish, Louisiana",83384,46615,34442,275,326,8,662,1056,1321,46025,34295,22,097,37359
2010,22099,"St. Martin Parish, Louisiana",52160,34313,16039,222,397,3,466,720,1071,33831,15956,22,099,18329
2010,22101,"St. Mary Parish, Louisiana",54650,32406,17765,994,948,29,1433,1075,2920,31267,17648,22,101,23383
2010,22103,"St. Tammany Parish, Louisiana",233740,195364,26645,1160,2972,93,3259,4247,10970,188317,26430,22,103,45423
2010,22105,"Tangipahoa Parish, Louisiana",121097,80206,36654,383,741,46,1431,1636,4260,77807,36485,22,105,43290
2010,22107,"Tensas Parish, Louisiana",5252,2202,2967,6,9,0,26,42,65,2178,2957,22,107,3074
2010,22109,"Terrebonne Parish, Louisiana",111860,78591,21139,6347,1140,58,2212,2373,4421,76789,21046,22,109,35071
2010,22111,"Union Parish, Louisiana",22721,15682,6182,58,32,17,572,178,943,15398,6153,22,111,7323
2010,22113,"Vermilion Parish, Louisiana",57999,46922,8286,209,1160,5,603,814,1381,46305,8246,22,113,11694
2010,22115,"Vernon Parish, Louisiana",52334,39614,7443,738,919,260,1237,2123,3775,37794,7280,22,115,14540
2010,22117,"Washington Parish, Louisiana",47168,31482,14625,133,110,3,296,519,887,31019,14561,22,117,16149
2010,22119,"Webster Parish, Louisiana",41207,26469,13823,150,120,8,156,481,670,26067,13756,22,119,15140
2010,22121,"West Baton Rouge Parish, Louisiana",23788,14271,8972,30,79,13,150,273,544,13931,8953,22,121,9857
2010,22123,"West Carroll Parish, Louisiana",11604,9497,1822,52,27,0,94,112,299,9337,1810,22,123,2267
2010,22125,"West Feliciana Parish, Louisiana",15625,8125,7263,20,31,3,94,89,251,8002,7235,22,125,7623
2010,22127,"Winn Parish, Louisiana",15313,10223,4702,100,39,2,76,171,240,10108,4666,22,127,5205
2010,23001,"Androscoggin County, Maine",107702,99939,3931,409,778,32,457,2156,1669,98931,3858,23,001,8771
2010,23003,"Aroostook County, Maine",71870,68759,455,1225,312,11,130,978,667,68341,430,23,003,3529
2010,23005,"Cumberland County, Maine",281674,261396,6781,901,5769,87,1557,5183,5045,258468,6577,23,005,23206
2010,23007,"Franklin County, Maine",30768,29952,71,116,132,10,50,437,315,29731,70,23,007,1037
2010,23009,"Hancock County, Maine",54418,52741,221,220,446,7,150,633,594,52353,206,23,009,2065
2010,23011,"Kennebec County, Maine",122151,117501,687,586,892,45,372,2068,1504,116549,642,23,011,5602
2010,23013,"Knox County, Maine",39736,38579,197,141,184,5,77,553,337,38337,192,23,013,1399
2010,23015,"Lincoln County, Maine",34457,33636,109,114,186,1,39,372,287,33437,96,23,015,1020
2010,23017,"Oxford County, Maine",57833,55990,212,211,359,14,157,890,587,55584,202,23,017,2249
2010,23019,"Penobscot County, Maine",153923,146802,1159,1809,1422,44,338,2349,1620,145700,1117,23,019,8223
2010,23021,"Piscataquis County, Maine",17535,17000,53,92,129,7,46,208,169,16893,52,23,021,642
2010,23023,"Sagadahoc County, Maine",35293,33969,254,127,269,6,95,573,453,33663,237,23,023,1630
2010,23025,"Somerset County, Maine",52228,50733,192,241,295,13,64,690,409,50437,185,23,025,1791
2010,23027,"Waldo County, Maine",38786,37673,137,170,153,14,77,562,349,37453,122,23,027,1333
2010,23029,"Washington County, Maine",32856,30257,140,1603,149,9,140,558,452,29998,132,23,029,2858
2010,23031,"York County, Maine",197131,190044,1108,603,2096,37,512,2731,2478,188422,1036,23,031,8709
2010,24001,"Allegany County, Maryland",75087,66981,6028,107,568,31,186,1186,1085,66195,5959,24,001,8892
2010,24003,"Anne Arundel County, Maryland",537656,405456,83484,1665,18352,484,12642,15573,32902,389386,81819,24,003,148270
2010,24005,"Baltimore County, Maryland",805029,520185,209738,2625,40077,319,12801,19284,33735,504556,206913,24,005,300473
2010,24009,"Calvert County, Maryland",88737,72231,11930,329,1260,44,578,2365,2437,70680,11816,24,009,18057
2010,24011,"Caroline County, Maryland",33066,26396,4585,123,188,53,1011,710,1816,25853,4520,24,011,7213
2010,24013,"Carroll County, Maryland",167134,155282,5332,328,2418,56,1199,2519,4363,152428,5229,24,013,14706
2010,24015,"Cecil County, Maryland",101108,90189,6284,294,1097,48,1019,2177,3407,88348,6080,24,015,12760
2010,24017,"Charles County, Maryland",146551,73677,60031,957,4366,103,1963,5454,6259,70905,59201,24,017,75646
2010,24019,"Dorchester County, Maryland",32618,22065,9042,112,301,9,463,626,1130,21581,8937,24,019,11037
2010,24021,"Frederick County, Maryland",233385,190306,20148,730,8946,107,6684,6464,17135,181645,19611,24,021,51740
2010,24023,"Garrett County, Maryland",30097,29440,301,43,76,0,39,198,220,29278,299,24,023,819
2010,24025,"Harford County, Maryland",244826,198763,31058,614,5826,199,2318,6048,8613,194004,30334,24,025,50822
2010,24027,"Howard County, Maryland",287085,178523,50188,866,41221,123,5709,10455,16729,169972,49150,24,027,117113
2010,24029,"Kent County, Maryland",20197,16169,3056,42,165,6,393,366,907,15783,3003,24,029,4414
2010,24031,"Montgomery County, Maryland",971777,558358,167315,3639,135451,522,67847,38645,165398,478765,161689,24,031,493012
2010,24033,"Prince George's County, Maryland",863420,166059,556620,4258,35172,541,73441,27329,128972,128853,548439,24,033,734567
2010,24035,"Queen Anne's County, Maryland",47798,42397,3298,149,469,12,651,822,1452,41733,3258,24,035,6065
2010,24037,"St. Mary's County, Maryland",105151,82636,15030,424,2596,73,1054,3338,3972,80402,14831,24,037,24749
2010,24039,"Somerset County, Maryland",26470,14170,11192,85,184,7,371,461,863,13796,11082,24,039,12674
2010,24041,"Talbot County, Maryland",37782,30746,4829,65,472,22,1030,618,2073,29829,4778,24,041,7953
2010,24043,"Washington County, Maryland",147430,125447,14133,314,2056,66,1626,3788,5104,122748,13836,24,043,24682
2010,24045,"Wicomico County, Maryland",98733,67784,23873,236,2471,47,1872,2450,4478,65767,23534,24,045,32966
2010,24047,"Worcester County, Maryland",51454,42194,7022,145,573,11,632,877,1622,41331,6973,24,047,10123
2010,24510,"Baltimore city, Maryland",620961,183830,395781,2270,14548,274,11303,12955,25960,174120,392938,24,510,446841
2010,25001,"Barnstable County, Massachusetts",215888,200194,4062,1324,2287,85,3235,4701,4687,197327,3857,25,001,18561
2010,25003,"Berkshire County, Massachusetts",131219,121384,3572,251,1611,30,1557,2814,4530,118926,3334,25,003,12293
2010,25005,"Bristol County, Massachusetts",548285,484794,17832,2120,10242,205,18682,14410,33020,469344,15736,25,005,78941
2010,25007,"Dukes County, Massachusetts",16535,14492,511,183,128,10,642,569,384,14275,477,25,007,2260
2010,25009,"Essex County, Massachusetts",743159,608369,27985,2718,23220,303,61088,19476,122745,565035,19566,25,009,178124
2010,25011,"Franklin County, Massachusetts",71372,67239,796,214,895,13,693,1522,2250,65978,703,25,011,5394
2010,25013,"Hampden County, Massachusetts",463490,354580,41644,1871,9118,233,42763,13281,96776,313846,35692,25,013,149644
2010,25015,"Hampshire County, Massachusetts",158080,140250,3925,328,7185,53,2438,3901,7455,136249,3547,25,015,21831
2010,25017,"Middlesex County, Massachusetts",1503085,1202411,70021,2571,139943,487,49410,38242,98350,1150251,65733,25,017,352834
2010,25019,"Nantucket County, Massachusetts",10172,8913,688,6,118,1,260,186,957,8192,664,25,019,1980
2010,25021,"Norfolk County, Massachusetts",670850,551847,38148,1091,57803,129,8926,12906,22004,538758,36329,25,021,132092
2010,25023,"Plymouth County, Massachusetts",494919,423133,35608,1213,5974,136,16064,12791,15619,415341,33991,25,023,79578
2010,25025,"Suffolk County, Massachusetts",722023,404269,156292,2984,59429,292,70315,28442,143455,346979,142980,25,025,375044
2010,25027,"Worcester County, Massachusetts",798552,683361,33314,1976,31815,246,29078,18762,75422,644299,29084,25,027,154253
2010,26001,"Alcona County, Michigan",10942,10712,13,66,25,1,26,99,124,10621,13,26,001,321
2010,26003,"Alger County, Michigan",9601,8286,612,397,32,0,11,263,114,8213,607,26,003,1388
2010,26005,"Allegan County, Michigan",111408,103513,1358,636,648,22,3082,2149,7454,99945,1264,26,005,11463
2010,26007,"Alpena County, Michigan",29598,28845,79,156,152,13,42,311,304,28623,78,26,007,975
2010,26009,"Antrim County, Michigan",23580,22815,41,236,48,8,98,334,404,22546,35,26,009,1034
2010,26011,"Arenac County, Michigan",15899,15393,29,190,29,9,44,205,225,15231,29,26,011,668
2010,26013,"Baraga County, Michigan",8860,6641,635,1160,13,0,17,394,86,6605,635,26,013,2255
2010,26015,"Barry County, Michigan",59173,57350,219,272,219,6,332,775,1336,56487,205,26,015,2686
2010,26017,"Bay County, Michigan",107771,101451,1702,564,578,14,1055,2407,5093,98241,1574,26,017,9530
2010,26019,"Benzie County, Michigan",17525,16843,72,252,45,0,89,224,302,16658,71,26,019,867
2010,26021,"Berrien County, Michigan",156813,122804,24037,834,2451,118,2823,3746,7054,119389,23766,26,021,37424
2010,26023,"Branch County, Michigan",45248,42055,1393,181,208,3,737,671,1804,41116,1380,26,023,4132
2010,26025,"Calhoun County, Michigan",136146,111915,14872,831,2179,56,2104,4189,6177,108664,14630,26,025,27482
2010,26027,"Cass County, Michigan",52293,46496,2821,504,339,10,575,1548,1570,45704,2776,26,027,6589
2010,26029,"Charlevoix County, Michigan",25949,24806,80,382,103,11,93,474,359,24602,76,26,029,1347
2010,26031,"Cheboygan County, Michigan",26152,24459,133,778,74,8,33,667,211,24324,129,26,031,1828
2010,26033,"Chippewa County, Michigan",38520,27837,2509,6068,230,24,66,1786,480,27542,2503,26,033,10978
2010,26035,"Clare County, Michigan",30926,29951,149,206,91,8,75,446,464,29612,145,26,035,1314
2010,26037,"Clinton County, Michigan",75382,70018,1549,333,1115,15,868,1484,2947,68243,1506,26,037,7139
2010,26039,"Crawford County, Michigan",14074,13721,51,76,52,1,17,156,182,13586,42,26,039,488
2010,26041,"Delta County, Michigan",37069,35118,75,874,146,7,65,784,318,34920,71,26,041,2149
2010,26043,"Dickinson County, Michigan",26168,25438,87,145,120,7,48,323,270,25269,86,26,043,899
2010,26045,"Eaton County, Michigan",107759,94561,6811,466,1809,18,1334,2760,5101,91540,6661,26,045,16219
2010,26047,"Emmet County, Michigan",32694,30375,156,1198,174,8,64,719,429,30132,152,26,047,2562
2010,26049,"Genesee County, Michigan",425790,317393,88127,2252,3879,79,3044,11016,12983,309683,87352,26,049,116107
2010,26051,"Gladwin County, Michigan",25692,25111,60,122,76,2,73,248,310,24904,60,26,051,788
2010,26053,"Gogebic County, Michigan",16427,15059,678,394,37,1,32,226,142,14965,676,26,053,1462
2010,26055,"Grand Traverse County, Michigan",86986,82334,1033,1010,601,38,490,1480,1874,81188,1023,26,055,5798
2010,26057,"Gratiot County, Michigan",42476,38487,2354,197,146,10,702,580,2301,37144,2341,26,057,5332
2010,26059,"Hillsdale County, Michigan",46688,45304,220,174,188,4,207,591,826,44765,206,26,059,1923
2010,26061,"Houghton County, Michigan",36628,34596,198,206,1054,17,65,492,415,34299,193,26,061,2329
2010,26063,"Huron County, Michigan",33118,32286,122,107,148,4,147,304,657,31830,121,26,063,1288
2010,26065,"Ingham County, Michigan",280895,213913,33047,1546,14599,114,6538,11138,20526,203459,31931,26,065,77436
2010,26067,"Ionia County, Michigan",63905,58563,3019,289,248,7,855,924,2791,56962,2962,26,067,6943
2010,26069,"Iosco County, Michigan",25887,24965,122,170,126,15,106,383,403,24710,121,26,069,1177
2010,26071,"Iron County, Michigan",11817,11469,14,112,32,2,24,164,161,11370,14,26,071,447
2010,26073,"Isabella County, Michigan",70311,62697,1676,2414,1148,18,409,1949,2197,61514,1643,26,073,8797
2010,26075,"Jackson County, Michigan",160248,140507,12739,592,1137,33,1224,4016,4837,137588,12560,26,075,22660
2010,26077,"Kalamazoo County, Michigan",250331,204644,27266,1059,5212,88,3815,8247,9959,200047,26677,26,077,50284
2010,26079,"Kalkaska County, Michigan",17153,16602,50,150,42,2,32,275,214,16456,50,26,079,697
2010,26081,"Kent County, Michigan",602622,481594,58648,3056,14053,249,26963,18059,58437,457769,56372,26,081,144853
2010,26083,"Keweenaw County, Michigan",2156,2123,3,3,1,0,1,25,15,2117,3,26,083,39
2010,26085,"Lake County, Michigan",11539,10035,1058,90,17,1,37,301,243,9897,1034,26,085,1642
2010,26087,"Lapeer County, Michigan",88319,84351,922,403,309,9,1088,1237,3622,82147,896,26,087,6172
2010,26089,"Leelanau County, Michigan",21708,20207,66,763,92,4,213,363,794,19799,56,26,089,1909
2010,26091,"Lenawee County, Michigan",99892,92174,2539,475,519,26,1967,2192,7614,87483,2397,26,091,12409
2010,26093,"Livingston County, Michigan",180967,175015,809,707,1424,76,659,2277,3460,172513,776,26,093,8454
2010,26095,"Luce County, Michigan",6631,5331,737,333,17,3,3,207,82,5275,735,26,095,1356
2010,26097,"Mackinac County, Michigan",11113,8499,57,1923,22,2,19,591,126,8411,57,26,097,2702
2010,26099,"Macomb County, Michigan",840978,717973,72723,2646,25063,179,4760,17634,19095,705693,72053,26,099,135285
2010,26101,"Manistee County, Michigan",24733,22811,723,516,67,14,141,461,634,22402,718,26,101,2331
2010,26103,"Marquette County, Michigan",67077,62911,1141,1161,385,13,121,1345,767,62412,1126,26,103,4665
2010,26105,"Mason County, Michigan",28705,27225,172,289,132,0,340,547,1150,26595,156,26,105,2110
2010,26107,"Mecosta County, Michigan",42798,40095,1077,268,279,11,151,917,731,39633,1055,26,107,3165
2010,26109,"Menominee County, Michigan",24029,22891,72,648,70,8,55,285,278,22715,68,26,109,1314
2010,26111,"Midland County, Michigan",83629,79063,1013,369,1556,46,323,1259,1704,77846,983,26,111,5783
2010,26113,"Missaukee County, Michigan",14849,14419,43,84,46,1,78,178,306,14230,42,26,113,619
2010,26115,"Monroe County, Michigan",152021,143476,3237,467,842,26,1278,2695,4667,140609,3144,26,115,11412
2010,26117,"Montcalm County, Michigan",63342,59752,1483,298,224,19,582,984,1932,58635,1476,26,117,4707
2010,26119,"Montmorency County, Michigan",9765,9532,15,43,15,1,13,146,96,9465,15,26,119,300
2010,26121,"Muskegon County, Michigan",172188,137679,24882,1407,941,28,2362,4889,8261,133132,24599,26,121,39056
2010,26123,"Newaygo County, Michigan",48460,45625,495,372,187,11,942,828,2663,44119,474,26,123,4341
2010,26125,"Oakland County, Michigan",1202362,928912,164078,3376,67828,254,11584,26330,41920,903398,162303,26,125,298964
2010,26127,"Oceana County, Michigan",26570,23952,119,285,61,4,1618,531,3629,22227,100,26,127,4343
2010,26129,"Ogemaw County, Michigan",21699,21076,39,157,76,6,44,301,309,20865,37,26,129,834
2010,26131,"Ontonagon County, Michigan",6780,6594,6,73,11,1,8,87,64,6546,6,26,131,234
2010,26133,"Osceola County, Michigan",23528,22791,133,128,49,6,43,378,344,22531,125,26,133,997
2010,26135,"Oscoda County, Michigan",8640,8437,14,49,7,3,18,112,79,8380,14,26,135,260
2010,26137,"Otsego County, Michigan",24164,23413,80,160,93,11,44,363,299,23186,78,26,137,978
2010,26139,"Ottawa County, Michigan",263801,237638,3874,1141,6738,74,8998,5338,22761,226156,3551,26,139,37645
2010,26141,"Presque Isle County, Michigan",13376,13050,56,89,41,1,10,129,116,12972,56,26,141,404
2010,26143,"Roscommon County, Michigan",24449,23791,91,147,73,2,44,301,275,23592,89,26,143,857
2010,26145,"Saginaw County, Michigan",200169,149272,38114,877,2108,65,4757,4976,15573,141187,37222,26,145,58982
2010,26147,"St. Clair County, Michigan",163040,153052,3976,729,777,29,1177,3300,4708,150213,3860,26,147,12827
2010,26149,"St. Joseph County, Michigan",61295,55519,1600,280,418,2,2135,1341,4034,53930,1555,26,149,7365
2010,26151,"Sanilac County, Michigan",43114,41649,150,195,144,7,455,514,1439,40852,142,26,151,2262
2010,26153,"Schoolcraft County, Michigan",8485,7432,11,744,13,0,7,278,64,7394,11,26,153,1091
2010,26155,"Shiawassee County, Michigan",70648,68315,325,350,256,27,349,1026,1695,67240,305,26,155,3408
2010,26157,"Tuscola County, Michigan",55729,53578,634,268,160,17,378,694,1571,52547,621,26,157,3182
2010,26159,"Van Buren County, Michigan",76258,66129,3100,669,313,17,3999,2031,7758,63028,3007,26,159,13230
2010,26161,"Washtenaw County, Michigan",344791,256880,43767,1174,27109,128,4159,11574,13860,248675,43152,26,161,96116
2010,26163,"Wayne County, Michigan",1820584,951936,737943,6991,45915,404,33541,43854,95260,902180,732801,26,163,918404
2010,26165,"Wexford County, Michigan",32735,31590,129,205,195,18,104,494,519,31246,122,26,165,1489
2010,27001,"Aitkin County, Minnesota",16202,15494,57,390,27,4,21,209,151,15398,53,27,001,804
2010,27003,"Anoka County, Minnesota",330844,287802,14503,2257,12868,104,4789,8521,12020,281929,14282,27,003,48915
2010,27005,"Becker County, Minnesota",32504,28720,138,2455,125,7,87,972,398,28539,128,27,005,3965
2010,27007,"Beltrami County, Minnesota",44442,33359,262,9004,309,18,113,1377,676,33066,251,27,007,11376
2010,27009,"Benton County, Minnesota",38451,36348,749,159,425,4,151,615,632,35939,738,27,009,2512
2010,27011,"Big Stone County, Minnesota",5269,5175,11,22,4,0,15,42,41,5150,10,27,011,119
2010,27013,"Blue Earth County, Minnesota",64013,59400,1741,178,1249,22,398,1025,1586,58394,1717,27,013,5619
2010,27015,"Brown County, Minnesota",25893,25245,61,21,153,2,228,183,860,24662,56,27,015,1231
2010,27017,"Carlton County, Minnesota",35386,31727,498,2086,160,4,56,855,484,31458,494,27,017,3928
2010,27019,"Carver County, Minnesota",91042,84450,1124,208,2478,15,1331,1436,3515,82536,1068,27,019,8506
2010,27021,"Cass County, Minnesota",28567,24534,61,3196,88,3,58,627,340,24383,59,27,021,4184
2010,27023,"Chippewa County, Minnesota",12441,11632,65,119,57,97,317,154,611,11370,65,27,023,1071
2010,27025,"Chisago County, Minnesota",53887,51621,645,324,478,10,139,670,835,51013,636,27,025,2874
2010,27027,"Clay County, Minnesota",58999,54684,842,803,846,21,528,1275,2056,53434,825,27,027,5565
2010,27029,"Clearwater County, Minnesota",8695,7579,30,782,21,1,17,265,120,7537,30,27,029,1158
2010,27031,"Cook County, Minnesota",5176,4559,17,446,27,3,13,111,58,4528,15,27,031,648
2010,27033,"Cottonwood County, Minnesota",11687,10773,87,27,317,17,318,148,720,10432,82,27,033,1255
2010,27035,"Crow Wing County, Minnesota",62500,60368,313,526,232,16,137,908,652,59979,297,27,035,2521
2010,27037,"Dakota County, Minnesota",398552,339499,18709,1647,17451,216,9556,11474,23966,327962,18235,27,037,70590
2010,27039,"Dodge County, Minnesota",20087,19294,60,54,90,4,312,273,915,18780,59,27,039,1307
2010,27041,"Douglas County, Minnesota",36009,35186,150,105,164,4,73,327,341,34974,146,27,041,1035
2010,27043,"Faribault County, Minnesota",14553,14042,47,62,43,0,225,134,817,13519,43,27,043,1034
2010,27045,"Fillmore County, Minnesota",20866,20497,49,22,71,0,54,173,207,20375,48,27,045,491
2010,27047,"Freeborn County, Minnesota",31255,29121,231,68,238,18,1061,518,2750,27701,200,27,047,3554
2010,27049,"Goodhue County, Minnesota",46183,43684,445,533,274,17,511,719,1342,43027,429,27,049,3156
2010,27051,"Grant County, Minnesota",6018,5864,19,9,14,1,42,69,94,5832,19,27,051,186
2010,27053,"Hennepin County, Minnesota",1152425,856834,136262,10591,71905,506,38878,37449,77676,826670,134240,27,053,325755
2010,27055,"Houston County, Minnesota",19027,18570,101,33,89,2,12,220,132,18482,98,27,055,545
2010,27057,"Hubbard County, Minnesota",20428,19314,48,557,50,2,92,365,327,19122,47,27,057,1306
2010,27059,"Isanti County, Minnesota",37816,36319,245,174,309,19,134,616,582,35958,228,27,059,1858
2010,27061,"Itasca County, Minnesota",45058,42195,144,1568,142,12,74,923,417,41951,136,27,061,3107
2010,27063,"Jackson County, Minnesota",10266,9830,47,24,140,1,120,104,277,9701,47,27,063,565
2010,27065,"Kanabec County, Minnesota",16239,15754,55,90,53,3,34,250,214,15606,52,27,065,633
2010,27067,"Kandiyohi County, Minnesota",42239,39206,984,130,172,19,1221,507,4710,35964,952,27,067,6275
2010,27069,"Kittson County, Minnesota",4552,4484,11,4,16,0,12,25,69,4434,11,27,069,118
2010,27071,"Koochiching County, Minnesota",13311,12593,78,311,44,3,25,257,147,12512,76,27,071,799
2010,27073,"Lac qui Parle County, Minnesota",7259,7087,17,17,29,3,45,61,108,7040,17,27,073,219
2010,27075,"Lake County, Minnesota",10866,10616,16,51,31,0,15,137,80,10558,16,27,075,308
2010,27077,"Lake of the Woods County, Minnesota",4045,3874,14,28,33,0,13,83,35,3863,13,27,077,182
2010,27079,"Le Sueur County, Minnesota",27703,26443,94,81,161,5,610,309,1444,25691,88,27,079,2012
2010,27081,"Lincoln County, Minnesota",5896,5777,8,9,14,0,43,45,72,5749,8,27,081,147
2010,27083,"Lyon County, Minnesota",25857,23360,587,114,679,7,708,402,1541,22637,575,27,083,3220
2010,27085,"McLeod County, Minnesota",36651,35159,199,101,267,17,547,361,1811,34005,184,27,085,2646
2010,27087,"Mahnomen County, Minnesota",5413,2713,11,2215,3,1,3,467,99,2698,11,27,087,2715
2010,27089,"Marshall County, Minnesota",9439,9119,26,43,19,3,148,81,337,8952,25,27,089,487
2010,27091,"Martin County, Minnesota",20840,20142,64,59,104,6,277,188,744,19766,62,27,091,1074
2010,27093,"Meeker County, Minnesota",23300,22663,77,44,59,13,272,172,767,22233,68,27,093,1067
2010,27095,"Mille Lacs County, Minnesota",26097,23778,97,1571,83,7,78,483,377,23582,96,27,095,2515
2010,27097,"Morrison County, Minnesota",33198,32426,131,66,101,11,104,359,402,32174,122,27,097,1024
2010,27099,"Mower County, Minnesota",39163,35495,818,97,649,40,1336,728,4138,32975,791,27,099,6188
2010,27101,"Murray County, Minnesota",8725,8435,25,11,78,2,103,71,242,8326,20,27,101,399
2010,27103,"Nicollet County, Minnesota",32727,30666,667,99,431,1,397,466,1226,29944,658,27,103,2783
2010,27105,"Nobles County, Minnesota",21378,16206,743,111,1168,10,2746,394,4820,14365,727,27,105,7013
2010,27107,"Norman County, Minnesota",6852,6455,13,109,25,0,92,158,276,6293,11,27,107,559
2010,27109,"Olmsted County, Minnesota",144248,123605,6870,353,7806,65,2368,3181,6081,120348,6751,27,109,23900
2010,27111,"Otter Tail County, Minnesota",57303,55080,430,279,271,34,510,699,1490,54244,422,27,111,3059
2010,27113,"Pennington County, Minnesota",13930,13067,192,213,87,1,121,249,380,12867,181,27,113,1063
2010,27115,"Pine County, Minnesota",29750,27347,597,921,131,8,188,558,723,26924,576,27,115,2826
2010,27117,"Pipestone County, Minnesota",9596,8975,56,100,69,0,216,180,355,8880,52,27,117,716
2010,27119,"Polk County, Minnesota",31600,29495,270,453,218,2,497,665,1720,28497,248,27,119,3103
2010,27121,"Pope County, Minnesota",10995,10766,38,24,39,2,29,97,95,10720,35,27,121,275
2010,27123,"Ramsey County, Minnesota",508640,356547,56170,4043,59301,247,14776,17556,36483,340194,54835,27,123,168446
2010,27125,"Red Lake County, Minnesota",4089,3934,8,52,4,4,27,60,101,3876,7,27,125,213
2010,27127,"Redwood County, Minnesota",16059,14305,75,796,507,2,59,315,335,14119,71,27,127,1940
2010,27129,"Renville County, Minnesota",15730,15014,44,91,54,6,356,165,1046,14351,40,27,129,1379
2010,27131,"Rice County, Minnesota",64142,57275,2072,300,1314,40,1978,1163,5122,54566,2021,27,131,9576
2010,27133,"Rock County, Minnesota",9687,9365,59,34,53,1,56,119,197,9239,58,27,133,448
2010,27135,"Roseau County, Minnesota",15629,14767,39,201,392,3,17,210,116,14696,37,27,135,933
2010,27137,"St. Louis County, Minnesota",200226,186212,2739,4477,1774,64,445,4515,2409,184769,2688,27,137,15457
2010,27139,"Scott County, Minnesota",129928,112212,3376,1072,7347,97,2886,2938,5771,109816,3298,27,139,20112
2010,27141,"Sherburne County, Minnesota",88499,83211,1689,439,1131,18,511,1500,1941,81983,1644,27,141,6516
2010,27143,"Sibley County, Minnesota",15226,14430,48,30,85,2,451,180,1098,13835,41,27,143,1391
2010,27145,"Stearns County, Minnesota",150642,138262,4658,473,2982,61,1871,2335,4190,136414,4595,27,145,14228
2010,27147,"Steele County, Minnesota",36576,34038,1013,86,281,8,640,510,2282,32544,1003,27,147,4032
2010,27149,"Stevens County, Minnesota",9726,9110,76,89,146,5,129,171,337,8931,75,27,149,795
2010,27151,"Swift County, Minnesota",9783,9453,49,36,21,3,129,92,350,9271,48,27,151,512
2010,27153,"Todd County, Minnesota",24895,23727,94,87,103,44,516,324,1288,23052,73,27,153,1843
2010,27155,"Traverse County, Minnesota",3558,3352,13,139,4,1,9,40,50,3324,12,27,155,234
2010,27157,"Wabasha County, Minnesota",21676,21000,80,38,97,1,245,215,592,20712,80,27,157,964
2010,27159,"Wadena County, Minnesota",13843,13380,111,65,36,0,40,211,176,13262,109,27,159,581
2010,27161,"Waseca County, Minnesota",19136,17933,380,148,128,5,250,292,985,17308,371,27,161,1828
2010,27163,"Washington County, Minnesota",238136,209012,8579,1088,12071,77,2300,5009,8127,204111,8376,27,163,34025
2010,27165,"Watonwan County, Minnesota",11211,9740,82,48,89,2,1118,132,2338,8632,74,27,165,2579
2010,27167,"Wilkin County, Minnesota",6576,6381,15,64,18,0,27,71,130,6294,13,27,167,282
2010,27169,"Winona County, Minnesota",51461,48573,650,133,1101,2,401,601,1244,47828,642,27,169,3633
2010,27171,"Wright County, Minnesota",124700,118518,1328,419,1478,44,1007,1906,3052,116786,1286,27,171,7914
2010,27173,"Yellow Medicine County, Minnesota",10438,9806,16,314,33,6,138,125,397,9581,15,27,173,857
2010,28001,"Adams County, Mississippi",32297,13793,17287,104,127,4,536,446,2150,12485,17150,28,001,19812
2010,28003,"Alcorn County, Mississippi",37057,31656,4221,77,117,8,601,377,1010,31313,4209,28,003,5744
2010,28005,"Amite County, Mississippi",13131,7574,5427,22,12,1,22,73,110,7516,5396,28,005,5615
2010,28007,"Attala County, Mississippi",19564,11000,8208,44,54,4,133,121,323,10866,8180,28,007,8698
2010,28009,"Benton County, Mississippi",8729,5284,3252,25,6,2,72,88,148,5229,3244,28,009,3500
2010,28011,"Bolivar County, Mississippi",34145,11446,21920,42,189,11,324,213,639,11241,21839,28,011,22904
2010,28013,"Calhoun County, Mississippi",14962,10096,4149,17,16,2,511,171,805,9851,4128,28,013,5111
2010,28015,"Carroll County, Mississippi",10597,6956,3461,15,20,0,48,97,106,6927,3444,28,015,3670
2010,28017,"Chickasaw County, Mississippi",17392,9386,7319,23,53,2,442,167,643,9254,7292,28,017,8138
2010,28019,"Choctaw County, Mississippi",8547,5846,2574,16,8,1,10,92,76,5803,2571,28,019,2744
2010,28021,"Claiborne County, Mississippi",9604,1367,8104,9,40,0,29,55,74,1353,8072,28,021,8251
2010,28023,"Clarke County, Mississippi",16732,10741,5759,60,29,1,43,99,132,10674,5749,28,023,6058
2010,28025,"Clay County, Mississippi",20634,8350,12017,27,46,2,72,120,199,8276,11977,28,025,12358
2010,28027,"Coahoma County, Mississippi",26151,5989,19752,23,123,4,128,132,293,5918,19698,28,027,20233
2010,28029,"Copiah County, Mississippi",29449,13627,14983,58,90,4,462,225,773,13399,14924,28,029,16050
2010,28031,"Covington County, Mississippi",19568,12319,6825,24,43,4,187,166,369,12202,6798,28,031,7366
2010,28033,"DeSoto County, Mississippi",161252,116440,35266,432,2033,86,4449,2546,8086,113553,35124,28,033,47699
2010,28035,"Forrest County, Mississippi",74934,44726,27082,185,498,45,1384,1014,2637,43766,26956,28,035,31168
2010,28037,"Franklin County, Mississippi",8118,5257,2791,14,5,0,6,45,47,5230,2776,28,037,2888
2010,28039,"George County, Mississippi",22578,20266,1829,69,47,0,159,208,453,20009,1821,28,039,2569
2010,28041,"Greene County, Mississippi",14400,10441,3749,40,19,1,23,127,133,10363,3735,28,041,4037
2010,28043,"Grenada County, Mississippi",21906,12465,9140,36,60,2,37,166,197,12350,9106,28,043,9556
2010,28045,"Hancock County, Mississippi",43929,38842,3138,213,419,21,370,926,1446,37914,3075,28,045,6015
2010,28047,"Harrison County, Mississippi",187105,130366,41393,863,5322,263,3911,4987,9937,125741,40975,28,047,61364
2010,28049,"Hinds County, Mississippi",245285,69769,169370,375,1874,56,1707,2134,3630,68609,168839,28,049,176676
2010,28051,"Holmes County, Mississippi",19198,3001,16018,19,30,1,20,109,134,2993,15925,28,051,16205
2010,28053,"Humphreys County, Mississippi",9375,2203,6987,12,20,0,84,69,202,2133,6949,28,053,7242
2010,28055,"Issaquena County, Mississippi",1406,486,906,3,6,0,2,3,8,482,905,28,055,924
2010,28057,"Itawamba County, Mississippi",23401,21623,1391,47,52,3,145,140,300,21490,1386,28,057,1911
2010,28059,"Jackson County, Mississippi",139668,100735,30034,565,3023,79,2610,2622,6378,97670,29768,28,059,41998
2010,28061,"Jasper County, Mississippi",17062,7894,8970,17,16,1,62,102,136,7855,8944,28,061,9207
2010,28063,"Jefferson County, Mississippi",7726,1060,6620,13,2,1,3,27,28,1056,6601,28,063,6670
2010,28065,"Jefferson Davis County, Mississippi",12487,4834,7477,32,18,2,37,87,101,4802,7461,28,065,7685
2010,28067,"Jones County, Mississippi",67761,45531,19153,328,303,19,1810,617,3199,44432,19076,28,067,23329
2010,28069,"Kemper County, Mississippi",10456,3689,6288,385,10,0,8,76,52,3665,6273,28,069,6791
2010,28071,"Lafayette County, Mississippi",47351,33976,11201,121,1006,23,533,491,1073,33538,11155,28,071,13813
2010,28073,"Lamar County, Mississippi",55658,43011,10883,124,656,20,345,619,1205,42296,10834,28,073,13362
2010,28075,"Lauderdale County, Mississippi",80261,43957,34330,178,580,30,520,666,1448,43312,34158,28,075,36949
2010,28077,"Lawrence County, Mississippi",12929,8624,3974,18,33,2,185,93,274,8567,3961,28,077,4362
2010,28079,"Leake County, Mississippi",23805,11793,9654,1439,50,0,668,201,1020,11611,9620,28,079,12194
2010,28081,"Lee County, Mississippi",82910,57497,22619,132,517,20,1091,1034,1991,56854,22498,28,081,26056
2010,28083,"Leflore County, Mississippi",32317,8038,23342,69,184,2,484,198,743,7930,23246,28,083,24387
2010,28085,"Lincoln County, Mississippi",34869,23864,10443,63,117,8,112,262,330,23702,10400,28,085,11167
2010,28087,"Lowndes County, Mississippi",59779,32259,25993,113,399,31,332,652,914,31847,25904,28,087,27932
2010,28089,"Madison County, Mississippi",95203,54270,36368,165,2040,26,1541,793,2806,53287,36227,28,089,41916
2010,28091,"Marion County, Mississippi",27088,17822,8752,46,85,9,131,243,336,17661,8729,28,091,9427
2010,28093,"Marshall County, Mississippi",37144,18614,17439,84,75,7,634,291,1192,18161,17369,28,093,18983
2010,28095,"Monroe County, Mississippi",36989,25035,11420,63,71,4,105,291,355,24847,11381,28,095,12142
2010,28097,"Montgomery County, Mississippi",10925,5790,4967,16,39,1,57,55,97,5769,4948,28,097,5156
2010,28099,"Neshoba County, Mississippi",29676,17974,6207,4815,102,9,140,429,469,17797,6169,28,099,11879
2010,28101,"Newton County, Mississippi",21720,13734,6567,1092,52,0,86,189,287,13599,6536,28,101,8121
2010,28103,"Noxubee County, Mississippi",11545,3133,8262,20,22,1,48,59,92,3113,8249,28,103,8432
2010,28105,"Oktibbeha County, Mississippi",47671,28224,17431,91,1156,16,186,567,683,27825,17356,28,105,19846
2010,28107,"Panola County, Mississippi",34707,17161,16875,76,68,0,222,305,494,16981,16801,28,107,17726
2010,28109,"Pearl River County, Mississippi",55834,46924,6872,312,228,34,493,971,1636,45911,6853,28,109,9923
2010,28111,"Perry County, Mississippi",12250,9575,2451,36,22,3,41,122,119,9514,2449,28,111,2736
2010,28113,"Pike County, Mississippi",40404,18745,20813,116,232,9,183,306,489,18564,20740,28,113,21840
2010,28115,"Pontotoc County, Mississippi",29957,23984,4131,67,56,12,1300,407,1849,23531,4096,28,115,6426
2010,28117,"Prentiss County, Mississippi",25276,21312,3488,44,33,3,135,261,307,21172,3481,28,117,4104
2010,28119,"Quitman County, Mississippi",8223,2381,5724,19,11,1,22,65,55,2369,5709,28,119,5854
2010,28121,"Rankin County, Mississippi",141617,109523,26634,260,1582,92,2011,1515,3795,108086,26519,28,121,33531
2010,28123,"Scott County, Mississippi",28264,15051,10585,87,51,61,2031,398,3013,14353,10502,28,123,13911
2010,28125,"Sharkey County, Mississippi",4916,1370,3490,3,11,0,20,22,39,1366,3475,28,125,3550
2010,28127,"Simpson County, Mississippi",27503,17260,9666,49,78,35,191,224,387,17131,9624,28,127,10372
2010,28129,"Smith County, Mississippi",16491,12503,3776,19,13,2,87,91,198,12421,3758,28,129,4070
2010,28131,"Stone County, Mississippi",17786,13982,3404,90,58,5,58,189,239,13820,3395,28,131,3966
2010,28133,"Sunflower County, Mississippi",29450,7493,21479,56,84,10,190,138,404,7410,21362,28,133,22040
2010,28135,"Tallahatchie County, Mississippi",15378,5988,8679,42,117,12,363,177,866,5580,8634,28,135,9798
2010,28137,"Tate County, Mississippi",28886,19313,8755,62,65,7,339,345,639,19091,8723,28,137,9795
2010,28139,"Tippah County, Mississippi",22232,17779,3544,54,34,3,501,317,985,17404,3509,28,139,4828
2010,28141,"Tishomingo County, Mississippi",19593,18509,519,37,21,1,342,164,553,18326,516,28,141,1267
2010,28143,"Tunica County, Mississippi",10778,2553,7918,14,61,9,124,99,245,2486,7894,28,143,8292
2010,28145,"Union County, Mississippi",27134,21973,3935,46,46,11,792,331,1210,21649,3911,28,145,5485
2010,28147,"Walthall County, Mississippi",15443,8250,6873,55,24,3,65,173,238,8145,6837,28,147,7298
2010,28149,"Warren County, Mississippi",48773,24548,22920,129,413,10,329,424,896,24143,22836,28,149,24630
2010,28151,"Washington County, Mississippi",51137,13784,36468,69,291,9,215,301,529,13654,36348,28,151,37483
2010,28153,"Wayne County, Mississippi",20747,12300,8071,39,34,7,135,161,246,12243,8035,28,153,8504
2010,28155,"Webster County, Mississippi",10253,8065,2040,21,11,0,38,78,104,8007,2036,28,155,2246
2010,28157,"Wilkinson County, Mississippi",9878,2834,6992,12,2,0,6,32,41,2820,6969,28,157,7058
2010,28159,"Winston County, Mississippi",19198,9972,8753,219,37,4,47,166,184,9891,8729,28,159,9307
2010,28161,"Yalobusha County, Mississippi",12678,7667,4805,32,20,1,39,114,151,7606,4772,28,161,5072
2010,28163,"Yazoo County, Mississippi",28065,11212,16013,82,125,4,198,431,1301,10477,15893,28,163,17588
2010,29001,"Adair County, Missouri",25607,24066,408,79,453,13,153,435,523,23751,392,29,001,1856
2010,29003,"Andrew County, Missouri",17291,16843,72,51,75,2,54,194,290,16641,70,29,003,650
2010,29005,"Atchison County, Missouri",5685,5600,17,10,9,3,5,41,55,5556,17,29,005,129
2010,29007,"Audrain County, Missouri",25529,22931,1646,91,115,8,298,440,665,22613,1637,29,007,2916
2010,29009,"Barry County, Missouri",35597,32792,107,317,467,8,1233,673,2745,31505,87,29,009,4092
2010,29011,"Barton County, Missouri",12402,11788,47,142,29,4,86,306,231,11704,42,29,011,698
2010,29013,"Bates County, Missouri",17049,16464,150,104,27,2,66,236,275,16296,143,29,013,753
2010,29015,"Benton County, Missouri",19056,18508,58,117,54,5,59,255,291,18311,56,29,015,745
2010,29017,"Bollinger County, Missouri",12363,12106,32,77,26,0,18,104,98,12037,32,29,017,326
2010,29019,"Boone County, Missouri",162642,134621,15111,624,6144,93,1476,4573,4895,131677,14943,29,019,30965
2010,29021,"Buchanan County, Missouri",89201,79443,4662,396,722,185,1608,2185,4674,76937,4572,29,021,12264
2010,29023,"Butler County, Missouri",42794,38860,2256,234,283,15,221,925,666,38504,2235,29,023,4290
2010,29025,"Caldwell County, Missouri",9424,9091,40,36,18,2,80,157,143,9035,39,29,025,389
2010,29027,"Callaway County, Missouri",44332,40778,2032,217,245,17,201,842,707,40350,2006,29,027,3982
2010,29029,"Camden County, Missouri",44002,42468,179,219,184,8,362,582,1014,41913,170,29,029,2089
2010,29031,"Cape Girardeau County, Missouri",75674,67137,5330,186,898,23,710,1390,1476,66532,5290,29,031,9142
2010,29033,"Carroll County, Missouri",9295,8981,154,21,12,8,17,102,118,8893,149,29,033,402
2010,29035,"Carter County, Missouri",6265,6053,7,70,9,1,25,100,104,5992,5,29,035,273
2010,29037,"Cass County, Missouri",99478,91261,3517,544,641,68,1410,2037,3988,89079,3444,29,037,10399
2010,29039,"Cedar County, Missouri",13982,13544,14,83,44,3,48,246,204,13432,14,29,039,550
2010,29041,"Chariton County, Missouri",7831,7571,156,19,7,0,12,66,40,7544,155,29,041,287
2010,29043,"Christian County, Missouri",77422,74122,449,491,393,53,542,1372,1898,72982,433,29,043,4440
2010,29045,"Clark County, Missouri",7139,7011,19,9,23,0,5,72,42,6978,19,29,045,161
2010,29047,"Clay County, Missouri",221939,194100,11506,1176,4551,586,3922,6098,13101,186611,11220,29,047,35328
2010,29049,"Clinton County, Missouri",20743,19802,290,153,72,2,87,337,322,19606,284,29,049,1137
2010,29051,"Cole County, Missouri",75990,64137,8512,242,966,46,667,1420,1795,63247,8421,29,051,12743
2010,29053,"Cooper County, Missouri",17601,15914,1207,58,78,3,39,302,232,15754,1201,29,053,1847
2010,29055,"Crawford County, Missouri",24696,24020,67,112,73,11,127,286,365,23804,64,29,055,892
2010,29057,"Dade County, Missouri",7883,7570,30,70,22,3,14,174,121,7476,29,29,057,407
2010,29059,"Dallas County, Missouri",16777,16182,35,142,40,11,76,291,260,16037,29,29,059,740
2010,29061,"Daviess County, Missouri",8433,8266,23,32,5,2,7,98,87,8211,23,29,061,222
2010,29063,"DeKalb County, Missouri",12892,11205,1459,56,32,13,29,98,219,11045,1454,29,063,1847
2010,29065,"Dent County, Missouri",15657,15129,55,135,41,7,33,257,148,15021,55,29,065,636
2010,29067,"Douglas County, Missouri",13684,13284,30,77,31,0,17,245,110,13218,28,29,067,466
2010,29069,"Dunklin County, Missouri",31953,27179,3105,71,108,9,982,499,1727,26498,3081,29,069,5455
2010,29071,"Franklin County, Missouri",101492,98241,854,318,413,31,452,1183,1397,97390,847,29,071,4102
2010,29073,"Gasconade County, Missouri",15222,14903,27,32,53,6,33,168,152,14801,26,29,073,421
2010,29075,"Gentry County, Missouri",6738,6629,21,13,18,0,11,46,36,6604,20,29,075,134
2010,29077,"Greene County, Missouri",275174,250866,7892,1856,4535,304,2546,7175,8207,246378,7738,29,077,28796
2010,29079,"Grundy County, Missouri",10261,9947,59,43,37,3,67,105,178,9854,58,29,079,407
2010,29081,"Harrison County, Missouri",8957,8738,30,32,18,9,47,83,141,8659,28,29,081,298
2010,29083,"Henry County, Missouri",22272,21473,226,111,52,13,74,323,369,21230,219,29,083,1042
2010,29085,"Hickory County, Missouri",9627,9338,25,67,16,8,25,148,91,9278,24,29,085,349
2010,29087,"Holt County, Missouri",4912,4801,8,48,15,1,13,26,39,4775,7,29,087,137
2010,29089,"Howard County, Missouri",10144,9310,532,47,26,4,35,190,122,9240,527,29,089,904
2010,29091,"Howell County, Missouri",40400,38903,156,270,198,14,202,657,697,38499,154,29,091,1901
2010,29093,"Iron County, Missouri",10630,10250,138,51,11,0,24,156,133,10162,131,29,093,468
2010,29095,"Jackson County, Missouri",674158,451073,161367,3352,10755,1610,25315,20686,56434,426574,159442,29,095,247584
2010,29097,"Jasper County, Missouri",117404,103596,2267,1778,1167,293,4568,3735,8027,101019,2166,29,097,16385
2010,29099,"Jefferson County, Missouri",218733,211007,1798,677,1417,49,836,2949,3408,208742,1776,29,099,9991
2010,29101,"Johnson County, Missouri",52595,47344,2279,278,802,124,398,1370,1611,46367,2227,29,101,6228
2010,29103,"Knox County, Missouri",4131,4047,14,7,8,0,13,42,34,4027,14,29,103,104
2010,29105,"Laclede County, Missouri",35571,34051,241,240,156,18,179,686,719,33596,237,29,105,1975
2010,29107,"Lafayette County, Missouri",33381,31422,742,140,133,48,246,650,740,31002,726,29,107,2379
2010,29109,"Lawrence County, Missouri",38634,36179,102,329,136,25,1210,653,2444,35140,83,29,109,3494
2010,29111,"Lewis County, Missouri",10211,9635,323,30,25,7,49,142,159,9546,321,29,111,665
2010,29113,"Lincoln County, Missouri",52566,49938,984,173,193,13,328,937,1032,49364,963,29,113,3202
2010,29115,"Linn County, Missouri",12761,12401,86,31,27,1,56,159,193,12297,85,29,115,464
2010,29117,"Livingston County, Missouri",15195,14494,367,49,42,3,58,182,181,14386,365,29,117,809
2010,29119,"McDonald County, Missouri",23083,19619,133,663,192,258,1468,750,2587,18700,127,29,119,4383
2010,29121,"Macon County, Missouri",15566,14816,353,33,64,9,49,242,150,14735,349,29,121,831
2010,29123,"Madison County, Missouri",12226,11873,34,44,42,3,128,102,244,11781,32,29,123,445
2010,29125,"Maries County, Missouri",9176,8964,24,54,5,1,24,104,75,8912,24,29,125,264
2010,29127,"Marion County, Missouri",28781,26421,1417,51,153,21,107,611,391,26202,1400,29,127,2579
2010,29129,"Mercer County, Missouri",3785,3700,6,17,19,1,6,36,28,3683,6,29,129,102
2010,29131,"Miller County, Missouri",24748,23941,99,136,70,36,96,370,343,23762,95,29,131,986
2010,29133,"Mississippi County, Missouri",14358,10633,3440,30,24,1,79,151,231,10521,3423,29,133,3837
2010,29135,"Moniteau County, Missouri",15607,14426,581,54,56,10,294,186,586,14160,580,29,135,1447
2010,29137,"Monroe County, Missouri",8840,8403,264,26,28,1,9,109,85,8340,263,29,137,500
2010,29139,"Montgomery County, Missouri",12236,11713,201,23,31,2,84,182,172,11642,199,29,139,594
2010,29141,"Morgan County, Missouri",20565,19770,131,135,76,2,87,364,365,19573,123,29,141,992
2010,29143,"New Madrid County, Missouri",18956,15491,2999,45,80,7,58,276,214,15380,2983,29,143,3576
2010,29145,"Newton County, Missouri",58114,51914,438,1339,770,507,1359,1787,2537,50967,429,29,145,7147
2010,29147,"Nodaway County, Missouri",23370,22083,566,45,378,3,78,217,302,21881,563,29,147,1489
2010,29149,"Oregon County, Missouri",10881,10511,15,126,32,4,10,183,131,10407,15,29,149,474
2010,29151,"Osage County, Missouri",13878,13718,28,32,14,7,13,66,84,13654,28,29,151,224
2010,29153,"Ozark County, Missouri",9723,9468,11,70,13,0,26,135,128,9387,11,29,153,336
2010,29155,"Pemiscot County, Missouri",18296,12882,4899,50,41,7,146,271,341,12741,4879,29,155,5555
2010,29157,"Perry County, Missouri",18971,18442,75,61,85,6,132,170,318,18299,70,29,157,672
2010,29159,"Pettis County, Missouri",42201,37839,1264,177,253,31,1686,951,3046,36701,1244,29,159,5500
2010,29161,"Phelps County, Missouri",45156,41409,1008,251,1316,33,168,971,923,40792,977,29,161,4364
2010,29163,"Pike County, Missouri",18516,16698,1333,39,43,3,139,261,331,16519,1327,29,163,1997
2010,29165,"Platte County, Missouri",89322,77914,5270,449,2051,292,1152,2194,4424,75135,5147,29,165,14187
2010,29167,"Polk County, Missouri",31137,29946,235,197,105,9,169,476,615,29565,226,29,167,1572
2010,29169,"Pulaski County, Missouri",52274,40506,5984,410,1346,298,1198,2532,4705,37863,5680,29,169,14411
2010,29171,"Putnam County, Missouri",4979,4889,9,7,24,1,7,42,36,4865,9,29,171,114
2010,29173,"Ralls County, Missouri",10167,9892,108,14,20,12,22,99,98,9828,107,29,173,339
2010,29175,"Randolph County, Missouri",25414,23133,1490,74,106,3,73,535,413,22865,1477,29,175,2549
2010,29177,"Ray County, Missouri",23494,22635,280,119,61,17,59,323,415,22338,265,29,177,1156
2010,29179,"Reynolds County, Missouri",6696,6477,45,41,12,1,16,104,64,6433,45,29,179,263
2010,29181,"Ripley County, Missouri",14100,13649,49,124,47,1,31,199,142,13563,49,29,181,537
2010,29183,"St. Charles County, Missouri",360485,327018,14960,851,7850,173,3323,6310,9983,321078,14827,29,183,39407
2010,29185,"St. Clair County, Missouri",9805,9464,53,68,12,1,31,176,170,9366,47,29,185,439
2010,29186,"Ste. Genevieve County, Missouri",18145,17715,118,53,49,2,29,179,149,17607,117,29,186,538
2010,29187,"St. Francois County, Missouri",65359,61180,2775,246,244,32,126,756,778,60631,2759,29,187,4728
2010,29189,"St. Louis County, Missouri",998954,701948,233029,1962,34597,307,8515,18596,25024,687984,231801,29,189,310970
2010,29195,"Saline County, Missouri",23370,20135,1235,75,124,158,1081,562,1925,19441,1217,29,195,3929
2010,29197,"Schuyler County, Missouri",4431,4369,1,7,10,0,8,36,29,4353,1,29,197,78
2010,29199,"Scotland County, Missouri",4843,4776,3,12,11,0,18,23,33,4760,3,29,199,83
2010,29201,"Scott County, Missouri",39191,33606,4468,83,133,10,255,636,705,33257,4436,29,201,5934
2010,29203,"Shannon County, Missouri",8441,8103,17,77,15,0,37,192,139,8014,16,29,203,427
2010,29205,"Shelby County, Missouri",6373,6249,32,11,13,0,21,47,71,6202,32,29,205,171
2010,29207,"Stoddard County, Missouri",29968,29150,275,109,51,4,77,302,356,28931,274,29,207,1037
2010,29209,"Stone County, Missouri",32202,31299,53,182,96,10,126,436,553,30938,46,29,209,1264
2010,29211,"Sullivan County, Missouri",6714,5957,34,44,8,9,582,80,1248,5350,30,29,211,1364
2010,29213,"Taney County, Missouri",51675,48375,449,410,337,46,929,1129,2494,47083,405,29,213,4592
2010,29215,"Texas County, Missouri",26008,24332,876,180,81,8,56,475,425,24010,871,29,215,1998
2010,29217,"Vernon County, Missouri",21159,20409,102,155,104,8,86,295,336,20197,100,29,217,962
2010,29219,"Warren County, Missouri",32513,30685,621,133,136,11,352,575,957,30201,598,29,219,2312
2010,29221,"Washington County, Missouri",25195,24142,557,100,48,5,37,306,255,23969,554,29,221,1226
2010,29223,"Wayne County, Missouri",13521,13138,38,56,32,2,40,215,140,13053,33,29,223,468
2010,29225,"Webster County, Missouri",36202,34855,326,244,74,8,136,559,612,34469,320,29,225,1733
2010,29227,"Worth County, Missouri",2171,2121,12,5,6,0,13,14,23,2115,11,29,227,56
2010,29229,"Wright County, Missouri",18815,18289,88,106,54,8,30,240,238,18123,87,29,229,692
2010,29510,"St. Louis city, Missouri",319294,140267,157160,838,9291,74,4102,7562,11130,134702,156389,29,510,184592
2010,30001,"Beaverhead County, Montana",9246,8765,23,127,36,38,107,150,338,8567,19,30,001,679
2010,30003,"Big Horn County, Montana",12865,4035,31,8275,59,3,126,336,510,3908,30,30,003,8957
2010,30005,"Blaine County, Montana",6491,3130,7,3208,6,1,12,127,115,3107,7,30,005,3384
2010,30007,"Broadwater County, Montana",5612,5401,15,73,9,11,18,85,126,5310,15,30,007,302
2010,30009,"Carbon County, Montana",10078,9793,33,84,22,3,42,101,188,9668,30,30,009,410
2010,30011,"Carter County, Montana",1160,1135,1,11,1,0,3,9,8,1132,1,30,011,28
2010,30013,"Cascade County, Montana",81327,72584,1010,3487,684,89,526,2947,2711,71100,958,30,013,10227
2010,30015,"Chouteau County, Montana",5813,4409,3,1267,21,6,16,91,94,4387,1,30,015,1426
2010,30017,"Custer County, Montana",11699,11174,34,196,37,9,64,185,263,11009,31,30,017,690
2010,30019,"Daniels County, Montana",1751,1676,3,37,4,0,2,29,27,1653,3,30,019,98
2010,30021,"Dawson County, Montana",8966,8582,27,156,27,4,27,143,178,8477,25,30,021,489
2010,30023,"Deer Lodge County, Montana",9298,8660,38,285,29,4,48,234,271,8518,36,30,023,780
2010,30025,"Fallon County, Montana",2890,2814,2,12,17,2,5,38,34,2793,2,30,025,97
2010,30027,"Fergus County, Montana",11586,11193,25,143,27,0,22,176,171,11085,18,30,027,501
2010,30029,"Flathead County, Montana",90928,86802,201,1028,531,58,384,1924,2070,85439,180,30,029,5489
2010,30031,"Gallatin County, Montana",89513,85084,289,781,1027,68,606,1658,2470,83545,277,30,031,5968
2010,30033,"Garfield County, Montana",1206,1189,3,5,1,0,2,6,3,1187,3,30,033,19
2010,30035,"Glacier County, Montana",13399,4165,17,8795,26,1,23,372,241,4117,17,30,035,9282
2010,30037,"Golden Valley County, Montana",884,831,0,9,6,0,19,19,31,822,0,30,037,62
2010,30039,"Granite County, Montana",3079,3001,3,13,3,1,6,52,44,2968,3,30,039,111
2010,30041,"Hill County, Montana",16096,11896,50,3497,67,7,45,534,373,11741,47,30,041,4355
2010,30043,"Jefferson County, Montana",11406,10889,16,163,40,2,42,254,224,10724,16,30,043,682
2010,30045,"Judith Basin County, Montana",2072,2036,1,17,2,0,2,14,24,2014,1,30,045,58
2010,30047,"Lake County, Montana",28746,19945,98,6328,115,17,152,2091,998,19568,88,30,047,9178
2010,30049,"Lewis and Clark County, Montana",63395,59605,217,1335,354,44,288,1552,1582,58599,203,30,049,4796
2010,30051,"Liberty County, Montana",2339,2296,2,5,3,1,5,27,8,2293,2,30,051,46
2010,30053,"Lincoln County, Montana",19687,18881,23,182,60,9,71,461,462,18546,20,30,053,1141
2010,30055,"McCone County, Montana",1734,1699,4,7,2,0,1,21,13,1689,3,30,055,45
2010,30057,"Madison County, Montana",7691,7445,15,38,26,0,63,104,186,7335,15,30,057,356
2010,30059,"Meagher County, Montana",1891,1852,2,5,6,0,2,24,28,1827,2,30,059,64
2010,30061,"Mineral County, Montana",4223,4007,11,63,30,0,10,102,80,3952,9,30,061,271
2010,30063,"Missoula County, Montana",109299,101320,445,2872,1236,105,478,2843,2861,99489,412,30,063,9810
2010,30065,"Musselshell County, Montana",4538,4360,10,61,10,2,10,85,118,4278,10,30,065,260
2010,30067,"Park County, Montana",15636,15090,21,131,52,5,80,257,325,14893,19,30,067,743
2010,30069,"Petroleum County, Montana",494,488,0,0,0,0,0,6,5,486,0,30,069,8
2010,30071,"Phillips County, Montana",4253,3702,1,351,10,1,17,171,81,3665,1,30,071,588
2010,30073,"Pondera County, Montana",6153,5086,7,890,13,0,11,146,87,5060,7,30,073,1093
2010,30075,"Powder River County, Montana",1743,1656,1,27,3,0,20,36,24,1645,1,30,075,98
2010,30077,"Powell County, Montana",7027,6494,69,310,33,2,30,89,117,6425,65,30,077,602
2010,30079,"Prairie County, Montana",1179,1136,0,2,6,0,2,33,16,1125,0,30,079,54
2010,30081,"Ravalli County, Montana",40212,38546,79,360,208,23,237,759,1195,37764,72,30,081,2448
2010,30083,"Richland County, Montana",9746,9259,13,161,24,1,82,206,297,9089,12,30,083,657
2010,30085,"Roosevelt County, Montana",10425,3736,13,6297,45,2,21,311,132,3709,12,30,085,6716
2010,30087,"Rosebud County, Montana",9233,5664,25,3202,42,3,42,255,313,5556,23,30,087,3677
2010,30089,"Sanders County, Montana",11413,10453,17,505,34,1,44,359,233,10320,17,30,089,1093
2010,30091,"Sheridan County, Montana",3384,3229,7,57,14,0,11,66,51,3201,7,30,091,183
2010,30093,"Silver Bow County, Montana",34200,32292,111,655,165,23,233,721,1253,31515,103,30,093,2685
2010,30095,"Stillwater County, Montana",9117,8823,9,73,29,2,38,143,214,8688,9,30,095,429
2010,30097,"Sweet Grass County, Montana",3651,3528,4,15,24,1,23,56,51,3491,4,30,097,160
2010,30099,"Teton County, Montana",6073,5847,3,88,8,1,13,113,76,5792,3,30,099,281
2010,30101,"Toole County, Montana",5324,4896,29,241,23,1,31,103,129,4813,28,30,101,511
2010,30103,"Treasure County, Montana",718,674,0,6,3,0,14,21,25,666,0,30,103,52
2010,30105,"Valley County, Montana",7369,6409,17,724,37,3,24,155,91,6364,17,30,105,1005
2010,30107,"Wheatland County, Montana",2168,2078,7,10,12,0,9,52,32,2064,7,30,107,104
2010,30109,"Wibaux County, Montana",1017,993,0,4,5,0,3,12,13,987,0,30,109,30
2010,30111,"Yellowstone County, Montana",147972,134228,935,5881,939,114,1763,4112,6955,130463,852,30,111,17509
2010,31001,"Adams County, Nebraska",31364,28821,248,131,441,15,1286,422,2544,27747,219,31,001,3617
2010,31003,"Antelope County, Nebraska",6685,6517,19,11,20,0,77,41,178,6418,19,31,003,267
2010,31005,"Arthur County, Nebraska",460,439,0,2,1,0,14,4,19,435,0,31,005,25
2010,31007,"Banner County, Nebraska",690,660,0,3,0,0,22,5,26,656,0,31,007,34
2010,31009,"Blaine County, Nebraska",478,474,1,0,0,0,0,3,0,474,1,31,009,4
2010,31011,"Boone County, Nebraska",5505,5422,23,12,11,1,18,18,65,5383,23,31,011,122
2010,31013,"Box Butte County, Nebraska",11308,10149,52,409,34,2,379,283,1157,9564,49,31,013,1744
2010,31015,"Boyd County, Nebraska",2099,2035,1,12,17,2,12,20,33,2024,1,31,015,75
2010,31017,"Brown County, Nebraska",3145,3088,2,9,7,0,13,26,29,3072,2,31,017,73
2010,31019,"Buffalo County, Nebraska",46102,42746,383,129,596,13,1612,623,3432,41128,354,31,019,4974
2010,31021,"Burt County, Nebraska",6858,6579,26,115,17,2,35,84,126,6520,23,31,021,338
2010,31023,"Butler County, Nebraska",8395,8192,24,11,27,0,84,57,195,8092,24,31,023,303
2010,31025,"Cass County, Nebraska",25241,24457,87,83,85,13,150,366,608,24083,82,31,025,1158
2010,31027,"Cedar County, Nebraska",8852,8703,7,22,7,0,52,61,113,8659,7,31,027,193
2010,31029,"Chase County, Nebraska",3966,3644,5,3,4,0,262,48,442,3491,5,31,029,475
2010,31031,"Cherry County, Nebraska",5713,5180,13,335,20,1,23,141,95,5141,11,31,031,572
2010,31033,"Cheyenne County, Nebraska",9998,9404,19,66,158,5,219,127,610,9079,19,31,033,919
2010,31035,"Clay County, Nebraska",6542,6082,22,31,10,1,301,95,502,5941,21,31,035,601
2010,31037,"Colfax County, Nebraska",10515,7635,89,114,28,5,2431,213,4315,6031,49,31,037,4484
2010,31039,"Cuming County, Nebraska",9139,8518,13,29,18,3,456,102,754,8271,8,31,039,868
2010,31041,"Custer County, Nebraska",10939,10663,28,35,15,0,90,108,216,10551,28,31,041,388
2010,31043,"Dakota County, Nebraska",21006,14810,660,566,631,44,3812,483,7419,11596,641,31,043,9410
2010,31045,"Dawes County, Nebraska",9182,8208,134,362,95,46,104,233,306,8058,130,31,045,1124
2010,31047,"Dawson County, Nebraska",24326,18978,744,199,140,45,3708,512,7746,15464,710,31,047,8862
2010,31049,"Deuel County, Nebraska",1941,1883,1,10,5,0,19,23,75,1839,1,31,049,102
2010,31051,"Dixon County, Nebraska",6000,5548,18,23,10,5,338,58,622,5293,14,31,051,707
2010,31053,"Dodge County, Nebraska",36691,33337,205,180,191,75,2183,520,3689,32120,183,31,053,4571
2010,31055,"Douglas County, Nebraska",517110,395025,60071,3731,13755,394,29645,14489,57804,372029,59176,31,055,145081
2010,31057,"Dundy County, Nebraska",2008,1914,7,13,2,2,44,26,117,1852,7,31,057,156
2010,31059,"Fillmore County, Nebraska",5890,5703,36,28,9,0,66,48,178,5619,30,31,059,271
2010,31061,"Franklin County, Nebraska",3225,3163,2,10,3,0,13,34,33,3145,1,31,061,80
2010,31063,"Frontier County, Nebraska",2756,2711,0,8,4,0,11,22,35,2687,0,31,063,69
2010,31065,"Furnas County, Nebraska",4959,4804,10,20,10,2,59,54,132,4745,8,31,065,214
2010,31067,"Gage County, Nebraska",22311,21610,72,108,86,3,133,299,385,21432,72,31,067,879
2010,31069,"Garden County, Nebraska",2057,1987,4,12,0,0,25,29,80,1942,4,31,069,115
2010,31071,"Garfield County, Nebraska",2049,2033,3,0,2,1,5,5,15,2022,3,31,071,27
2010,31073,"Gosper County, Nebraska",2044,1984,8,2,4,0,20,26,49,1954,8,31,073,90
2010,31075,"Grant County, Nebraska",614,604,0,1,1,0,3,5,7,600,0,31,075,14
2010,31077,"Greeley County, Nebraska",2538,2478,16,5,2,0,24,13,51,2451,16,31,077,87
2010,31079,"Hall County, Nebraska",58607,48413,1023,529,607,112,6701,1222,13653,42537,906,31,079,16070
2010,31081,"Hamilton County, Nebraska",9124,8955,19,15,18,1,51,65,181,8839,19,31,081,285
2010,31083,"Harlan County, Nebraska",3423,3367,1,15,7,0,16,17,45,3343,1,31,083,80
2010,31085,"Hayes County, Nebraska",967,939,0,2,3,1,21,1,33,928,0,31,085,39
2010,31087,"Hitchcock County, Nebraska",2908,2839,7,12,3,0,22,25,42,2820,6,31,087,88
2010,31089,"Holt County, Nebraska",10435,10132,16,29,18,8,182,50,305,10021,16,31,089,414
2010,31091,"Hooker County, Nebraska",736,728,0,4,0,0,0,4,8,721,0,31,091,15
2010,31093,"Howard County, Nebraska",6274,6122,15,22,12,2,29,72,109,6067,15,31,093,207
2010,31095,"Jefferson County, Nebraska",7547,7323,24,27,18,2,62,91,200,7225,17,31,095,322
2010,31097,"Johnson County, Nebraska",5217,4546,278,58,71,0,238,26,435,4355,278,31,097,862
2010,31099,"Kearney County, Nebraska",6489,6284,12,16,11,3,85,78,244,6162,10,31,099,327
2010,31101,"Keith County, Nebraska",8368,8005,18,41,33,0,139,132,474,7728,16,31,101,640
2010,31103,"Keya Paha County, Nebraska",824,817,0,1,1,0,2,3,4,815,0,31,103,9
2010,31105,"Kimball County, Nebraska",3821,3599,6,50,27,2,67,70,244,3461,6,31,105,360
2010,31107,"Knox County, Nebraska",8701,7753,8,786,17,0,20,117,155,7688,8,31,107,1013
2010,31109,"Lancaster County, Nebraska",285407,248615,9920,2140,9961,150,6736,7885,16685,240702,9636,31,109,44705
2010,31111,"Lincoln County, Nebraska",36288,34229,262,214,199,6,854,524,2602,32741,235,31,111,3547
2010,31113,"Logan County, Nebraska",763,751,1,7,1,0,1,2,13,739,1,31,113,24
2010,31115,"Loup County, Nebraska",632,625,1,1,0,0,4,1,13,617,1,31,115,15
2010,31117,"McPherson County, Nebraska",539,529,2,0,0,0,0,8,2,528,2,31,117,11
2010,31119,"Madison County, Nebraska",34876,30752,444,401,167,16,2486,610,4504,29062,409,31,119,5814
2010,31121,"Merrick County, Nebraska",7845,7550,15,31,60,6,105,78,271,7405,14,31,121,440
2010,31123,"Morrill County, Nebraska",5042,4600,12,55,18,0,280,77,687,4256,8,31,123,786
2010,31125,"Nance County, Nebraska",3735,3659,8,10,2,0,19,37,65,3627,8,31,125,108
2010,31127,"Nemaha County, Nebraska",7248,7026,63,19,31,2,36,71,133,6939,62,31,127,309
2010,31129,"Nuckolls County, Nebraska",4500,4383,6,10,9,0,31,61,97,4333,6,31,129,167
2010,31131,"Otoe County, Nebraska",15740,14932,75,46,68,18,422,179,902,14499,68,31,131,1241
2010,31133,"Pawnee County, Nebraska",2773,2708,9,4,8,0,10,34,35,2683,9,31,133,90
2010,31135,"Perkins County, Nebraska",2970,2884,11,6,5,0,53,11,95,2848,10,31,135,122
2010,31137,"Phelps County, Nebraska",9188,8899,13,35,22,3,127,89,373,8694,12,31,137,494
2010,31139,"Pierce County, Nebraska",7266,7147,14,16,12,0,39,38,93,7098,11,31,139,168
2010,31141,"Platte County, Nebraska",32237,29021,145,219,151,12,2213,476,4452,27167,128,31,141,5070
2010,31143,"Polk County, Nebraska",5406,5292,6,11,6,2,35,54,156,5186,6,31,143,220
2010,31145,"Red Willow County, Nebraska",11055,10612,81,52,32,1,154,123,462,10345,81,31,145,710
2010,31147,"Richardson County, Nebraska",8363,7886,15,250,27,1,31,153,112,7830,11,31,147,533
2010,31149,"Rock County, Nebraska",1526,1503,1,9,3,0,4,6,2,1502,1,31,149,24
2010,31151,"Saline County, Nebraska",14200,11783,125,55,225,14,1775,223,2870,10817,92,31,151,3383
2010,31153,"Sarpy County, Nebraska",158840,138879,6321,733,3353,168,4426,4960,11569,133132,6119,31,153,25708
2010,31155,"Saunders County, Nebraska",20780,20201,71,53,83,1,150,221,415,19992,69,31,155,788
2010,31157,"Scotts Bluff County, Nebraska",36970,32307,204,782,218,19,2719,721,7785,27931,157,31,157,9039
2010,31159,"Seward County, Nebraska",16750,16315,60,53,72,2,68,180,272,16152,59,31,159,598
2010,31161,"Sheridan County, Nebraska",5469,4629,12,619,18,5,24,162,171,4559,12,31,161,910
2010,31163,"Sherman County, Nebraska",3152,3122,3,2,9,0,4,12,31,3095,3,31,163,57
2010,31165,"Sioux County, Nebraska",1311,1260,1,2,1,0,32,15,52,1240,1,31,165,71
2010,31167,"Stanton County, Nebraska",6129,5814,41,25,6,0,173,70,281,5729,36,31,167,400
2010,31169,"Thayer County, Nebraska",5228,5120,12,8,16,0,24,48,76,5077,10,31,169,151
2010,31171,"Thomas County, Nebraska",647,635,1,1,2,0,1,7,12,629,1,31,171,18
2010,31173,"Thurston County, Nebraska",6940,2801,17,3963,6,2,16,135,190,2739,17,31,173,4201
2010,31175,"Valley County, Nebraska",4260,4152,6,5,13,0,52,32,79,4129,3,31,175,131
2010,31177,"Washington County, Nebraska",20234,19673,122,44,54,8,136,197,419,19405,120,31,177,829
2010,31179,"Wayne County, Nebraska",9595,9091,129,32,48,15,173,107,401,8893,127,31,179,702
2010,31181,"Webster County, Nebraska",3812,3659,18,8,11,10,48,58,133,3588,18,31,181,224
2010,31183,"Wheeler County, Nebraska",818,804,0,1,4,0,2,7,6,802,0,31,183,16
2010,31185,"York County, Nebraska",13665,12980,158,58,60,7,263,139,555,12725,149,31,185,940
2010,32001,"Churchill County, Nevada",24877,20407,395,1129,665,51,1183,1047,3009,19030,366,32,001,5847
2010,32003,"Clark County, Nevada",1951269,1188112,204379,14422,168831,13628,262506,99391,568644,935955,194821,32,003,1015314
2010,32005,"Douglas County, Nevada",46997,42130,201,896,725,66,1506,1473,5103,39094,174,32,005,7903
2010,32007,"Elko County, Nevada",48818,38772,378,2594,442,69,5022,1541,11158,33730,329,32,007,15088
2010,32009,"Esmeralda County, Nevada",783,661,0,33,3,0,52,34,120,605,0,32,009,178
2010,32011,"Eureka County, Nevada",1987,1775,2,47,18,0,101,44,238,1662,2,32,011,325
2010,32013,"Humboldt County, Nevada",16528,13053,87,692,120,19,2095,462,4038,11395,78,32,013,5133
2010,32015,"Lander County, Nevada",5775,4853,20,242,21,1,496,142,1219,4259,17,32,015,1516
2010,32017,"Lincoln County, Nevada",5345,4871,121,61,40,15,116,121,332,4698,120,32,017,647
2010,32019,"Lyon County, Nevada",51980,44164,417,1286,725,130,3320,1938,7674,40634,363,32,019,11346
2010,32021,"Mineral County, Nevada",4772,3462,196,742,53,6,101,212,436,3271,182,32,021,1501
2010,32023,"Nye County, Nevada",43946,37755,874,703,572,211,2273,1558,5967,34663,836,32,023,9283
2010,32027,"Pershing County, Nevada",6753,5528,253,217,87,7,455,206,1508,4605,251,32,027,2148
2010,32029,"Storey County, Nevada",4010,3693,40,64,66,15,45,87,228,3532,40,32,029,478
2010,32031,"Washoe County, Nevada",421407,324070,9814,7209,21790,2542,40038,15944,93724,278213,9088,32,031,143194
2010,32033,"White Pine County, Nevada",10030,8575,395,419,97,10,279,255,1326,7652,388,32,033,2378
2010,32510,"Carson City, Nevada",55274,44807,1054,1306,1181,101,5205,1620,11777,39083,1003,32,510,16191
2010,33001,"Belknap County, New Hampshire",60088,58059,279,126,699,11,140,774,724,57553,261,33,001,2535
2010,33003,"Carroll County, New Hampshire",47818,46627,139,132,305,7,75,533,473,46285,126,33,003,1533
2010,33005,"Cheshire County, New Hampshire",77117,74239,390,193,921,19,275,1080,1090,73537,363,33,005,3580
2010,33007,"Coos County, New Hampshire",33055,32045,148,128,165,1,95,473,401,31801,141,33,007,1254
2010,33009,"Grafton County, New Hampshire",89118,83386,828,329,2633,16,366,1560,1600,82294,768,33,009,6824
2010,33011,"Hillsborough County, New Hampshire",400721,362153,8298,961,12954,140,8276,7939,21241,351224,7405,33,011,49497
2010,33013,"Merrimack County, New Hampshire",146445,139609,1530,391,2325,41,484,2065,2339,138048,1452,33,013,8397
2010,33015,"Rockingham County, New Hampshire",295223,281966,1996,486,4943,100,1678,4054,6142,278011,1790,33,015,17212
2010,33017,"Strafford County, New Hampshire",123143,115545,1242,275,3191,44,556,2290,2201,114210,1144,33,017,8933
2010,33019,"Sullivan County, New Hampshire",43742,42421,185,129,271,5,117,614,493,42087,175,33,019,1655
2010,34001,"Atlantic County, New Jersey",274549,179566,44138,1050,20595,92,20218,8890,46241,160871,40882,34,001,113678
2010,34003,"Bergen County, New Jersey",905116,650703,52473,2061,131329,229,45611,22710,145281,566053,46850,34,003,339063
2010,34005,"Burlington County, New Jersey",448734,331342,74505,985,19395,219,9193,13095,28831,317021,71247,34,005,131713
2010,34007,"Camden County, New Jersey",513657,335389,100441,1608,26257,165,36354,13443,73124,309648,94762,34,007,204009
2010,34009,"Cape May County, New Jersey",97265,87369,4565,205,834,36,2399,1857,6054,84522,4244,34,009,12743
2010,34011,"Cumberland County, New Jersey",156898,98430,31741,1746,1907,59,17492,5523,42457,78931,29376,34,011,77967
2010,34013,"Essex County, New Jersey",783969,333868,320479,3056,35789,286,65687,24804,159117,260177,308358,34,013,523792
2010,34015,"Gloucester County, New Jersey",288288,240890,29006,501,7609,95,4055,6132,13712,233695,27906,34,015,54593
2010,34017,"Hudson County, New Jersey",634266,342792,83925,4081,84924,344,90373,27827,267853,195510,71315,34,017,438756
2010,34019,"Hunterdon County, New Jersey",128349,117264,3451,167,4181,37,1570,1679,6722,112607,3233,34,019,15742
2010,34021,"Mercer County, New Jersey",366513,225011,74318,1194,32752,295,22856,10087,55318,199909,71378,34,021,166604
2010,34023,"Middlesex County, New Jersey",809858,474589,78462,2777,173293,251,56569,23917,148975,398724,71557,34,023,411134
2010,34025,"Monmouth County, New Jersey",630380,520716,46443,1211,31258,211,18187,12354,60939,483435,43931,34,025,146945
2010,34027,"Morris County, New Jersey",492276,406683,15360,805,44069,106,14910,10343,56482,369551,14134,34,027,122725
2010,34029,"Ocean County, New Jersey",576567,524577,18164,966,10081,129,14165,8485,47783,495534,16583,34,029,81033
2010,34031,"Passaic County, New Jersey",501226,314001,64295,3348,25092,156,75735,18599,185677,227144,55480,34,031,274082
2010,34033,"Salem County, New Jersey",66083,52757,9309,240,557,10,1745,1465,4507,50736,8940,34,033,15347
2010,34035,"Somerset County, New Jersey",323444,226608,28943,556,45650,94,13360,8233,42091,201849,27480,34,035,121595
2010,34037,"Sussex County, New Jersey",149265,139504,2677,234,2642,36,1783,2389,9617,132484,2448,34,037,16781
2010,34039,"Union County, New Jersey",536499,329052,118313,2080,24839,163,45496,16556,146704,243312,111705,34,039,293187
2010,34041,"Warren County, New Jersey",108692,98137,3818,155,2673,30,1964,1915,7659,93165,3592,34,041,15527
2010,35001,"Bernalillo County, New Mexico",662564,459660,19652,31744,15525,695,105847,29441,317089,274862,16293,35,001,387702
2010,35003,"Catron County, New Mexico",3725,3344,16,99,7,0,142,117,709,2832,15,35,003,893
2010,35005,"Chaves County, New Mexico",65645,46518,1323,814,414,52,14399,2125,34139,28801,1079,35,005,36844
2010,35006,"Cibola County, New Mexico",27213,11386,275,11156,149,26,3370,851,9934,5857,221,35,006,21356
2010,35007,"Colfax County, New Mexico",13750,11522,64,202,49,7,1412,494,6488,6863,39,35,007,6887
2010,35009,"Curry County, New Mexico",48376,33728,3055,566,625,52,8344,2006,19117,24545,2774,35,009,23831
2010,35011,"De Baca County, New Mexico",2022,1766,3,13,1,0,160,79,779,1200,2,35,011,822
2010,35013,"Dona Ana County, New Mexico Doña Ana County",209233,154989,3656,3147,2227,185,38685,6344,137514,62992,2825,35,013,146241
2010,35015,"Eddy County, New Mexico",53829,41667,743,810,356,22,8629,1602,23731,28111,589,35,015,25718
2010,35017,"Grant County, New Mexico",29514,25058,255,400,123,22,2837,819,14252,14356,185,35,017,15158
2010,35019,"Guadalupe County, New Mexico",4687,3298,79,90,62,0,1004,154,3730,753,66,35,019,3934
2010,35021,"Harding County, New Mexico",695,604,2,8,0,0,71,10,299,391,2,35,021,304
2010,35023,"Hidalgo County, New Mexico",4894,4177,29,41,23,2,536,86,2769,2025,17,35,023,2869
2010,35025,"Lea County, New Mexico",64727,48539,2641,770,326,36,10764,1651,33063,27845,2399,35,025,36882
2010,35027,"Lincoln County, New Mexico",20497,17439,96,489,75,10,1880,508,6110,13600,74,35,027,6897
2010,35028,"Los Alamos County, New Mexico",17950,15765,102,142,1071,10,393,467,2646,13689,97,35,028,4261
2010,35029,"Luna County, New Mexico",25095,19511,288,317,119,19,4176,665,15423,8997,189,35,029,16098
2010,35031,"McKinley County, New Mexico",71492,10834,360,53988,568,23,3522,2197,9473,7384,317,35,031,64108
2010,35033,"Mora County, New Mexico",4881,3462,32,64,13,1,1149,160,3953,873,10,35,033,4008
2010,35035,"Otero County, New Mexico",63797,46352,2251,4271,749,153,7352,2669,22026,33716,2048,35,035,30081
2010,35037,"Quay County, New Mexico",9041,7781,103,113,88,4,648,304,3834,4847,82,35,037,4194
2010,35039,"Rio Arriba County, New Mexico",40246,20778,204,6447,170,13,11288,1346,28703,5148,103,35,039,35098
2010,35041,"Roosevelt County, New Mexico",19846,15252,364,253,175,5,3164,633,7913,11022,296,35,041,8824
2010,35043,"Sandoval County, New Mexico",131561,89482,2800,16945,1922,169,15139,5104,46129,62445,2462,35,043,69116
2010,35045,"San Juan County, New Mexico",130044,67048,756,47640,484,74,9501,4541,24776,55254,617,35,045,74790
2010,35047,"San Miguel County, New Mexico",29393,19583,412,508,228,37,7478,1147,22583,5781,339,35,047,23612
2010,35049,"Santa Fe County, New Mexico",144170,109800,1239,4486,1672,108,21730,5135,73015,63291,947,35,049,80879
2010,35051,"Sierra County, New Mexico",11988,10265,49,199,49,3,1032,391,3352,8205,44,35,051,3783
2010,35053,"Socorro County, New Mexico",17866,13424,188,2082,219,8,1442,503,8664,6711,142,35,053,11155
2010,35055,"Taos County, New Mexico",32937,22639,143,2031,219,10,6296,1599,18381,11958,104,35,055,20979
2010,35057,"Torrance County, New Mexico",16383,12460,219,383,71,8,2535,707,6399,9173,172,35,057,7210
2010,35059,"Union County, New Mexico",4549,3718,80,89,23,1,532,106,1805,2549,74,35,059,2000
2010,35061,"Valencia County, New Mexico",76569,56027,1071,2915,406,55,13046,3049,44605,27734,839,35,061,48835
2010,36001,"Albany County, New York",304204,237873,38609,654,14579,98,4744,7647,14917,231152,36396,36,001,73052
2010,36003,"Allegany County, New York",48946,47085,524,113,452,9,206,557,670,46701,494,36,003,2245
2010,36005,"Bronx County, New York",1385108,386497,505200,18260,49609,1288,351011,73243,741413,151209,416695,36,005,1233899
2010,36007,"Broome County, New York",200600,176444,9614,396,7065,82,1912,5087,6778,173074,8850,36,007,27526
2010,36009,"Cattaraugus County, New York",80317,74639,1024,2443,528,15,305,1363,1345,73849,966,36,009,6468
2010,36011,"Cayuga County, New York",80026,74042,3195,283,390,31,654,1431,1896,73098,3009,36,011,6928
2010,36013,"Chautauqua County, New York",134905,124875,3197,689,688,36,2669,2751,8241,120463,2763,36,013,14442
2010,36015,"Chemung County, New York",88830,78771,5828,233,1057,20,549,2372,2240,77643,5528,36,015,11187
2010,36017,"Chenango County, New York",50477,48896,345,172,204,6,205,649,929,48265,323,36,017,2212
2010,36019,"Clinton County, New York",82128,75997,3209,286,898,19,540,1179,2054,74832,2953,36,019,7296
2010,36021,"Columbia County, New York",63096,57136,2855,123,1002,18,683,1279,2454,55672,2691,36,021,7424
2010,36023,"Cortland County, New York",49336,46901,760,137,416,5,271,846,1094,46252,705,36,023,3084
2010,36025,"Delaware County, New York",47980,45675,779,131,367,12,394,622,1560,44706,691,36,025,3274
2010,36027,"Dutchess County, New York",297488,238387,29518,893,10437,108,10345,7800,31267,221812,27395,36,027,75676
2010,36029,"Erie County, New York",919040,735244,123931,5908,23789,219,13427,16522,41731,714156,119916,36,029,204884
2010,36031,"Essex County, New York",39370,37100,1073,126,263,9,320,479,993,36588,982,36,031,2782
2010,36033,"Franklin County, New York",51599,43437,3127,3797,219,10,385,624,1506,42640,2834,36,033,8959
2010,36035,"Fulton County, New York",55531,52948,1060,116,321,13,296,777,1263,52110,981,36,035,3421
2010,36037,"Genesee County, New York",60079,55787,1612,679,357,4,575,1065,1616,54990,1491,36,037,5089
2010,36039,"Greene County, New York",49221,44440,2826,145,391,19,551,849,2419,42857,2606,36,039,6364
2010,36041,"Hamilton County, New York",4836,4705,35,11,24,4,4,53,51,4664,33,36,041,172
2010,36043,"Herkimer County, New York",64519,62320,700,157,332,11,220,779,1040,61690,640,36,043,2829
2010,36045,"Jefferson County, New York",116229,103047,5876,586,1518,298,1668,3236,6143,99682,5475,36,045,16547
2010,36047,"Kings County, New York",2504700,1072041,860083,13524,262276,1243,219229,76304,496285,893306,799066,36,047,1611394
2010,36049,"Lewis County, New York",27087,26465,184,53,75,16,56,238,357,26225,170,36,049,862
2010,36051,"Livingston County, New York",65393,61363,1598,187,785,18,495,947,1802,60296,1491,36,051,5097
2010,36053,"Madison County, New York",73442,69740,1350,524,583,17,270,958,1316,68916,1260,36,053,4526
2010,36055,"Monroe County, New York",744344,566535,113171,2136,24281,227,18885,19109,54005,542034,107448,36,055,202310
2010,36057,"Montgomery County, New York",50219,45519,951,169,369,19,2211,981,5654,42732,712,36,057,7487
2010,36059,"Nassau County, New York",1339532,977577,149049,3185,102266,336,75211,31908,195355,877309,141305,36,059,462223
2010,36061,"New York County, New York",1585873,911073,246687,8669,179552,873,175696,63323,403577,761493,205340,36,061,824380
2010,36063,"Niagara County, New York",216469,191673,14851,2285,1823,62,1108,4667,4694,188907,14511,36,063,27562
2010,36065,"Oneida County, New York",234878,204679,14688,605,6565,69,3407,4865,10819,199254,13682,36,065,35624
2010,36067,"Onondaga County, New York",467026,378885,51220,3818,14454,148,5479,13022,18829,370040,48696,36,067,96986
2010,36069,"Ontario County, New York",107931,101078,2432,276,1126,24,1196,1799,3679,99119,2226,36,069,8812
2010,36071,"Orange County, New York",372813,287802,37946,1748,8895,125,24615,11682,67185,254259,33895,36,071,118554
2010,36073,"Orleans County, New York",42883,38528,2523,247,179,9,567,830,1757,37658,2368,36,073,5225
2010,36075,"Oswego County, New York",122109,117632,972,520,723,16,650,1596,2552,116091,862,36,075,6018
2010,36077,"Otsego County, New York",62259,58935,1066,121,674,18,413,1032,1921,57734,958,36,077,4525
2010,36079,"Putnam County, New York",99710,90470,2350,175,1882,35,2833,1965,11661,82709,2047,36,079,17001
2010,36081,"Queens County, New York",2230722,886053,426683,15364,511787,1530,288392,100913,613750,616727,395881,36,081,1613995
2010,36083,"Rensselaer County, New York",159429,139529,10338,385,3517,34,1783,3843,6080,136555,9592,36,083,22874
2010,36085,"Richmond County, New York",468730,341677,49857,1695,35164,213,28006,12118,81051,300169,44313,36,085,168561
2010,36087,"Rockland County, New York",311687,228295,37058,911,19293,130,18159,7841,48783,203670,34623,36,087,108017
2010,36089,"St. Lawrence County, New York",111944,105064,2420,1135,1085,36,670,1534,2146,103943,2259,36,089,8001
2010,36091,"Saratoga County, New York",219607,207181,3269,388,3919,44,1165,3641,5279,203647,3053,36,091,15960
2010,36093,"Schenectady County, New York",154727,123211,14710,575,4960,105,5364,5802,8827,119409,13528,36,093,35318
2010,36095,"Schoharie County, New York",32749,31402,435,70,217,6,170,449,924,30742,394,36,095,2007
2010,36097,"Schuyler County, New York",18343,17803,159,47,53,4,37,240,234,17646,143,36,097,697
2010,36099,"Seneca County, New York",35251,32591,1607,104,244,2,240,463,952,31999,1513,36,099,3252
2010,36101,"Steuben County, New York",98990,94315,1540,230,1161,17,343,1384,1371,93476,1487,36,101,5514
2010,36103,"Suffolk County, New York",1493350,1206297,111224,5366,50972,495,82965,36031,246239,1068728,102117,36,103,424622
2010,36105,"Sullivan County, New York",77547,63560,7039,354,1075,24,3229,2266,10554,57780,6349,36,105,19767
2010,36107,"Tioga County, New York",51125,49556,375,86,372,15,146,575,694,49105,349,36,107,2020
2010,36109,"Tompkins County, New York",101564,83941,4020,360,8737,45,1175,3286,4264,81490,3773,36,109,20074
2010,36111,"Ulster County, New York",182493,158184,10982,597,3106,34,4542,5048,15909,149099,9982,36,111,33394
2010,36113,"Warren County, New York",65707,63391,590,144,456,8,208,910,1178,62585,556,36,113,3122
2010,36115,"Washington County, New York",63216,59815,1893,128,266,13,432,669,1446,58996,1734,36,115,4220
2010,36117,"Wayne County, New York",93772,87148,2887,258,473,24,1177,1805,3476,85318,2743,36,117,8454
2010,36119,"Westchester County, New York",949113,646471,138118,3965,51716,387,78503,29953,207032,544563,126585,36,119,404550
2010,36121,"Wyoming County, New York",42155,38602,2375,126,160,7,512,373,1244,38042,2233,36,121,4113
2010,36123,"Yates County, New York",25348,24647,203,38,97,4,90,269,421,24371,196,36,123,977
2010,37001,"Alamance County, North Carolina",151131,107420,28369,1020,1837,58,9291,3136,16639,101718,27985,37,001,49413
2010,37003,"Alexander County, North Carolina",37198,33324,2043,98,360,12,838,523,1601,32671,2025,37,003,4527
2010,37005,"Alleghany County, North Carolina",11155,10288,140,27,54,3,515,128,1004,9862,133,37,005,1293
2010,37007,"Anson County, North Carolina",26948,12707,13090,165,288,4,357,337,812,12344,13038,37,007,14604
2010,37009,"Ashe County, North Carolina",27281,26050,161,65,105,8,613,279,1311,25420,148,37,009,1861
2010,37011,"Avery County, North Carolina",17797,16364,709,75,56,8,435,150,797,16029,706,37,011,1768
2010,37013,"Beaufort County, North Carolina",47759,32551,12223,208,165,19,1986,607,3166,31705,12105,37,013,16054
2010,37015,"Bertie County, North Carolina",21282,7488,13296,96,103,6,96,197,267,7393,13252,37,015,13889
2010,37017,"Bladen County, North Carolina",35190,19806,12268,749,70,5,1774,518,2502,19242,12202,37,017,15948
2010,37019,"Brunswick County, North Carolina",107431,89193,12291,761,579,38,2634,1935,5549,86818,12120,37,019,20613
2010,37021,"Buncombe County, North Carolina",238318,208192,15211,948,2417,289,6266,4995,14254,201241,14979,37,021,37077
2010,37023,"Burke County, North Carolina",90912,76716,6012,325,3185,303,2774,1597,4634,75472,5953,37,023,15440
2010,37025,"Cabarrus County, North Carolina",178011,134149,27219,659,3513,65,8664,3742,16767,127526,26660,37,025,50485
2010,37027,"Caldwell County, North Carolina",83029,74925,4086,257,428,27,2048,1258,3796,73565,4025,37,027,9464
2010,37029,"Camden County, North Carolina",9980,8193,1316,33,146,5,74,213,215,8103,1299,37,029,1877
2010,37031,"Carteret County, North Carolina",66469,59346,4041,316,580,67,812,1307,2241,58101,3986,37,031,8368
2010,37033,"Caswell County, North Carolina",23719,14819,8020,85,60,4,350,381,744,14513,7991,37,033,9206
2010,37035,"Catawba County, North Carolina",154358,126151,13041,489,5352,53,6395,2877,13032,120388,12857,37,035,33970
2010,37037,"Chatham County, North Carolina",63505,48237,8392,344,703,24,4619,1186,8228,45185,8272,37,037,18320
2010,37039,"Cherokee County, North Carolina",27444,25700,350,363,132,9,215,675,688,25341,327,37,039,2103
2010,37041,"Chowan County, North Carolina",14793,9174,5070,43,52,7,266,181,467,9040,5054,37,041,5753
2010,37043,"Clay County, North Carolina",10587,10231,64,32,24,2,81,153,258,10080,64,37,043,507
2010,37045,"Cleveland County, North Carolina",98078,74123,20332,232,756,24,1131,1480,2756,72793,20237,37,045,25285
2010,37047,"Columbus County, North Carolina",58098,35735,17713,1845,154,27,1750,874,2662,35068,17587,37,047,23030
2010,37049,"Craven County, North Carolina",103505,72441,23193,504,2099,135,2361,2772,6272,69425,22868,37,049,34080
2010,37051,"Cumberland County, North Carolina",319431,164064,117117,5140,7090,1225,9943,14852,30190,150749,113939,37,051,168682
2010,37053,"Currituck County, North Carolina",23547,21268,1361,107,148,11,223,429,704,20876,1348,37,053,2671
2010,37055,"Dare County, North Carolina",33920,31313,834,125,212,13,810,613,2210,30061,812,37,055,3859
2010,37057,"Davidson County, North Carolina",162878,137359,14421,794,1994,27,5871,2412,10408,133486,14269,37,057,29392
2010,37059,"Davie County, North Carolina",41240,36100,2593,149,239,6,1458,695,2496,35257,2552,37,059,5983
2010,37061,"Duplin County, North Carolina",58505,33449,14773,267,155,65,8856,940,12059,30959,14640,37,061,27546
2010,37063,"Durham County, North Carolina",267587,124274,101577,1339,12278,172,21094,6853,36077,112697,100260,37,063,154890
2010,37065,"Edgecombe County, North Carolina",56552,21923,32435,169,113,15,1326,571,2104,21360,32318,37,065,35192
2010,37067,"Forsyth County, North Carolina",350670,218517,91227,1457,6495,223,25167,7584,41775,205934,89533,37,067,144736
2010,37069,"Franklin County, North Carolina",60619,40003,16212,329,288,12,2666,1109,4776,38478,15995,37,069,22141
2010,37071,"Gaston County, North Carolina",206086,161166,31431,850,2478,63,6315,3783,12201,156310,31002,37,071,49776
2010,37073,"Gates County, North Carolina",12197,7768,4044,65,17,10,73,220,173,7684,4040,37,073,4513
2010,37075,"Graham County, North Carolina",8861,8004,17,566,29,4,91,150,194,7942,17,37,075,919
2010,37077,"Granville County, North Carolina",59916,36205,19652,338,326,34,2323,1038,4482,34550,19454,37,077,25366
2010,37079,"Greene County, North Carolina",21362,10850,7964,154,72,6,2002,314,3054,10038,7902,37,079,11324
2010,37081,"Guilford County, North Carolina",488406,278525,158899,2594,19176,235,17675,11302,34826,265228,156982,37,081,223178
2010,37083,"Halifax County, North Carolina",54691,21890,29109,2071,362,19,581,659,1152,21569,28986,37,083,33122
2010,37085,"Harnett County, North Carolina",114678,78300,23973,1392,1029,139,6272,3573,12359,73707,23591,37,085,40971
2010,37087,"Haywood County, North Carolina",59036,56405,624,303,215,15,844,630,1999,55368,615,37,087,3668
2010,37089,"Henderson County, North Carolina",106740,94914,3224,449,1022,178,4934,2019,10424,90105,3149,37,089,16635
2010,37091,"Hertford County, North Carolina",24669,8786,14933,274,131,5,235,305,644,8479,14845,37,091,16190
2010,37093,"Hoke County, North Carolina",46952,21272,15716,4512,484,117,2743,2108,5823,19142,15392,37,093,27810
2010,37095,"Hyde County, North Carolina",5810,3718,1836,28,16,1,142,69,411,3436,1833,37,095,2374
2010,37097,"Iredell County, North Carolina",159437,128646,19047,547,2922,43,5348,2884,10844,124107,18748,37,097,35330
2010,37099,"Jackson County, North Carolina",40271,33489,745,3804,348,16,1087,782,2038,32795,729,37,099,7476
2010,37101,"Johnston County, North Carolina",168878,125349,25546,939,1021,51,12653,3319,21814,117869,25082,37,101,51009
2010,37103,"Jones County, North Carolina",10153,6395,3289,57,32,2,190,188,398,6217,3276,37,103,3936
2010,37105,"Lee County, North Carolina",57866,38688,11565,407,489,20,5286,1411,10576,34321,11369,37,105,23545
2010,37107,"Lenoir County, North Carolina",59495,31758,24121,222,262,48,2299,785,3917,30492,23968,37,107,29003
2010,37109,"Lincoln County, North Carolina",78265,69940,4340,250,421,17,2078,1219,5238,67139,4269,37,109,11126
2010,37111,"McDowell County, North Carolina",44996,40754,1708,189,351,1,1442,551,2392,39982,1663,37,111,5014
2010,37113,"Macon County, North Carolina",33922,31811,447,165,208,4,905,382,2230,30599,419,37,113,3323
2010,37115,"Madison County, North Carolina",20764,20035,240,48,70,8,94,269,423,19734,233,37,115,1030
2010,37117,"Martin County, North Carolina",24505,13019,10651,73,71,10,434,247,769,12790,10601,37,117,11715
2010,37119,"Mecklenburg County, North Carolina",919628,508946,282804,4261,42352,668,57113,23484,111944,465372,278042,37,119,454256
2010,37121,"Mitchell County, North Carolina",15579,14844,58,65,50,1,397,164,631,14656,53,37,121,923
2010,37123,"Montgomery County, North Carolina",27798,19162,5231,120,441,3,2439,402,3926,17875,5182,37,123,9923
2010,37125,"Moore County, North Carolina",88247,70913,11839,732,754,64,2426,1519,5261,68487,11727,37,125,19760
2010,37127,"Nash County, North Carolina",95840,53531,35650,657,747,19,3677,1559,6015,51770,35449,37,127,44070
2010,37129,"New Hanover County, North Carolina",202667,160298,29907,1005,2410,130,4852,4065,10716,155631,29469,37,129,47036
2010,37131,"Northampton County, North Carolina",22099,8668,12895,101,39,2,181,213,305,8596,12847,37,131,13503
2010,37133,"Onslow County, North Carolina",177772,131590,27672,1238,3355,487,5679,7751,17896,122558,26577,37,133,55214
2010,37135,"Orange County, North Carolina",133801,99495,15928,570,9023,41,5341,3403,11017,94671,15722,37,135,39130
2010,37137,"Pamlico County, North Carolina",13144,10032,2632,77,50,11,163,179,412,9828,2618,37,137,3316
2010,37139,"Pasquotank County, North Carolina",40661,23059,15355,141,454,19,737,896,1642,22369,15256,37,139,18292
2010,37141,"Pender County, North Carolina",52217,39756,9269,291,207,18,1742,934,3194,38568,9208,37,141,13649
2010,37143,"Perquimans County, North Carolina",13453,9694,3347,41,38,2,157,174,286,9608,3328,37,143,3845
2010,37145,"Person County, North Carolina",39464,26968,10646,266,116,4,868,596,1593,26354,10599,37,145,13110
2010,37147,"Pitt County, North Carolina",168148,99075,57257,582,2613,97,5136,3388,9202,96038,56813,37,147,72110
2010,37149,"Polk County, North Carolina",20510,18633,918,72,68,2,528,289,1122,18126,911,37,149,2384
2010,37151,"Randolph County, North Carolina",141752,121169,8176,952,1431,33,7561,2430,14698,115205,7979,37,151,26547
2010,37153,"Richmond County, North Carolina",46639,28072,14269,1173,431,26,1700,968,2741,27369,14159,37,153,19270
2010,37155,"Robeson County, North Carolina",134168,38877,32637,51502,993,86,6672,3401,10932,36160,32347,37,155,98008
2010,37157,"Rockingham County, North Carolina",93643,70875,17655,345,430,60,2608,1670,5159,68744,17529,37,157,24899
2010,37159,"Rowan County, North Carolina",138428,105923,22392,468,1386,49,5993,2217,10644,101986,22153,37,159,36442
2010,37161,"Rutherford County, North Carolina",67810,58221,6854,171,296,5,1034,1229,2397,57054,6804,37,161,10756
2010,37163,"Sampson County, North Carolina",63431,35985,17128,1297,242,72,7430,1277,10440,33754,16948,37,163,29677
2010,37165,"Scotland County, North Carolina",36157,16822,13943,3934,276,8,385,789,754,16605,13884,37,165,19552
2010,37167,"Stanly County, North Carolina",60585,50623,6630,197,1118,42,1271,704,2166,49877,6590,37,167,10708
2010,37169,"Stokes County, North Carolina",47401,44021,1916,156,125,7,589,587,1254,43447,1897,37,169,3954
2010,37171,"Surry County, North Carolina",73673,64926,2749,219,347,18,4410,1004,7155,62611,2644,37,171,11062
2010,37173,"Swain County, North Carolina",13981,9315,76,3775,67,4,150,594,540,9168,75,37,173,4813
2010,37175,"Transylvania County, North Carolina",33090,30577,1292,95,144,8,415,559,964,30049,1279,37,175,3041
2010,37177,"Tyrrell County, North Carolina",4407,2403,1683,17,80,1,161,62,240,2350,1677,37,177,2057
2010,37179,"Union County, North Carolina",201292,158954,23558,815,3271,63,10760,3871,20967,150098,23134,37,179,51194
2010,37181,"Vance County, North Carolina",45422,20058,22645,147,202,7,1754,609,3051,19101,22477,37,181,26321
2010,37183,"Wake County, North Carolina",900993,597546,186510,4503,48553,387,40928,22566,87922,560536,182793,37,183,340457
2010,37185,"Warren County, North Carolina",20972,8128,10970,1050,51,3,428,342,692,7971,10911,37,185,13001
2010,37187,"Washington County, North Carolina",13228,6084,6587,24,38,1,340,154,466,5998,6567,37,187,7230
2010,37189,"Watauga County, North Carolina",51079,48272,877,129,475,13,597,716,1713,47268,855,37,189,3811
2010,37191,"Wayne County, North Carolina",122623,72135,38499,481,1431,64,7189,2824,12162,68216,38107,37,191,54407
2010,37193,"Wilkes County, North Carolina",69340,62824,2830,133,296,20,2312,925,3772,61587,2785,37,193,7753
2010,37195,"Wilson County, North Carolina",81234,42222,31686,238,668,25,5122,1273,7724,40157,31462,37,195,41077
2010,37197,"Yadkin County, North Carolina",38406,34007,1192,79,78,12,2560,478,3749,33022,1165,37,197,5384
2010,37199,"Yancey County, North Carolina",17818,16967,145,79,34,5,420,168,814,16652,128,37,199,1166
2010,38001,"Adams County, North Dakota",2343,2279,8,16,9,2,4,25,20,2266,8,38,001,77
2010,38003,"Barnes County, North Dakota",11066,10668,86,72,58,2,24,156,123,10599,83,38,003,467
2010,38005,"Benson County, North Dakota",6660,2889,1,3663,3,1,10,93,77,2861,1,38,005,3799
2010,38007,"Billings County, North Dakota",783,772,2,3,4,0,1,1,4,771,0,38,007,12
2010,38009,"Bottineau County, North Dakota",6429,6112,25,136,16,1,22,117,82,6062,25,38,009,367
2010,38011,"Bowman County, North Dakota",3151,3085,3,18,2,0,27,16,78,3039,3,38,011,112
2010,38013,"Burke County, North Dakota",1968,1924,4,15,14,0,0,11,37,1891,4,38,013,77
2010,38015,"Burleigh County, North Dakota",81308,75634,483,3393,392,27,228,1151,986,75054,476,38,015,6254
2010,38017,"Cass County, North Dakota",149778,137308,3428,1827,3532,52,798,2833,3015,135530,3372,38,017,14248
2010,38019,"Cavalier County, North Dakota",3993,3902,4,37,9,1,9,31,24,3890,4,38,019,103
2010,38021,"Dickey County, North Dakota",5289,5104,37,31,22,1,29,65,100,5044,35,38,021,245
2010,38023,"Divide County, North Dakota",2071,2030,5,11,7,0,1,17,30,2006,5,38,023,65
2010,38025,"Dunn County, North Dakota",3536,3003,8,449,10,0,6,60,38,2984,8,38,025,552
2010,38027,"Eddy County, North Dakota",2385,2270,4,58,6,2,20,25,52,2242,4,38,027,143
2010,38029,"Emmons County, North Dakota",3550,3495,2,14,6,0,6,27,34,3468,2,38,029,82
2010,38031,"Foster County, North Dakota",3343,3291,3,20,3,0,8,18,29,3272,3,38,031,71
2010,38033,"Golden Valley County, North Dakota",1680,1637,10,10,1,1,8,13,35,1613,9,38,033,67
2010,38035,"Grand Forks County, North Dakota",66861,60358,1361,1657,1292,40,553,1600,1951,59271,1322,38,035,7590
2010,38037,"Grant County, North Dakota",2394,2328,1,27,3,0,4,31,7,2325,1,38,037,69
2010,38039,"Griggs County, North Dakota",2420,2392,7,8,4,0,5,4,9,2387,7,38,039,33
2010,38041,"Hettinger County, North Dakota",2477,2382,6,52,1,3,1,32,12,2372,6,38,041,105
2010,38043,"Kidder County, North Dakota",2435,2344,6,6,22,0,47,10,71,2329,6,38,043,106
2010,38045,"LaMoure County, North Dakota",4139,4077,6,16,6,0,9,25,34,4053,5,38,045,86
2010,38047,"Logan County, North Dakota",1990,1959,2,9,5,0,2,13,12,1954,2,38,047,36
2010,38049,"McHenry County, North Dakota",5395,5275,8,30,16,0,18,48,80,5218,8,38,049,177
2010,38051,"McIntosh County, North Dakota",2809,2755,6,12,11,0,7,18,38,2725,6,38,051,84
2010,38053,"McKenzie County, North Dakota",6360,4792,8,1412,19,2,27,100,139,4746,4,38,053,1614
2010,38055,"McLean County, North Dakota",8962,8158,8,625,12,2,19,138,111,8115,6,38,055,847
2010,38057,"Mercer County, North Dakota",8424,8052,17,196,27,12,31,89,121,7996,16,38,057,428
2010,38059,"Morton County, North Dakota",27471,25725,120,1000,54,24,99,449,400,25537,112,38,059,1934
2010,38061,"Mountrail County, North Dakota",7673,5035,16,2348,15,1,62,196,286,4931,16,38,061,2742
2010,38063,"Nelson County, North Dakota",3126,3037,8,30,3,1,1,46,33,3018,8,38,063,108
2010,38065,"Oliver County, North Dakota",1846,1796,3,28,4,0,3,12,19,1782,3,38,065,64
2010,38067,"Pembina County, North Dakota",7413,7077,21,144,11,2,58,100,190,6947,21,38,067,466
2010,38069,"Pierce County, North Dakota",4357,4100,20,170,3,1,29,34,44,4084,19,38,069,273
2010,38071,"Ramsey County, North Dakota",11451,10044,41,994,45,5,28,294,137,9980,41,38,071,1471
2010,38073,"Ransom County, North Dakota",5457,5338,19,23,20,3,7,47,66,5285,19,38,073,172
2010,38075,"Renville County, North Dakota",2470,2419,2,10,5,0,5,29,24,2401,2,38,075,69
2010,38077,"Richland County, North Dakota",16321,15507,110,330,88,9,67,210,271,15351,110,38,077,970
2010,38079,"Rolette County, North Dakota",13937,2825,21,10763,16,1,15,296,133,2802,21,38,079,11135
2010,38081,"Sargent County, North Dakota",3829,3753,2,20,9,4,13,28,51,3717,2,38,081,112
2010,38083,"Sheridan County, North Dakota",1321,1278,4,14,2,2,5,16,16,1272,0,38,083,49
2010,38085,"Sioux County, North Dakota",4153,525,7,3492,4,2,4,119,82,517,6,38,085,3636
2010,38087,"Slope County, North Dakota",727,709,0,16,0,0,0,2,12,707,0,38,087,20
2010,38089,"Stark County, North Dakota",24199,23026,197,240,292,9,126,309,454,22765,186,38,089,1434
2010,38091,"Steele County, North Dakota",1975,1927,3,23,2,0,8,12,20,1916,3,38,091,59
2010,38093,"Stutsman County, North Dakota",21100,20163,140,300,100,12,116,269,361,19996,126,38,093,1104
2010,38095,"Towner County, North Dakota",2246,2173,2,49,1,0,6,15,10,2165,2,38,095,81
2010,38097,"Traill County, North Dakota",8121,7809,42,64,21,1,89,95,214,7693,39,38,097,428
2010,38099,"Walsh County, North Dakota",11119,10391,25,168,36,4,345,150,969,9834,24,38,099,1285
2010,38101,"Ward County, North Dakota",61675,55718,1542,1630,583,84,428,1690,1869,54717,1469,38,101,6958
2010,38103,"Wells County, North Dakota",4207,4160,3,13,4,1,2,24,21,4143,3,38,103,64
2010,38105,"Williams County, North Dakota",22398,20639,63,899,79,5,69,644,436,20364,57,38,105,2034
2010,39001,"Adams County, Ohio",28550,27882,87,108,33,2,59,379,243,27713,84,39,001,837
2010,39003,"Allen County, Ohio",106331,89089,12639,207,740,15,845,2796,2513,87708,12508,39,003,18623
2010,39005,"Ashland County, Ohio",53139,51692,398,89,275,39,119,527,501,51352,395,39,005,1787
2010,39007,"Ashtabula County, Ohio",101497,94041,3586,241,375,22,1086,2146,3441,92126,3467,39,007,9371
2010,39009,"Athens County, Ohio",64757,59448,1774,162,1747,16,237,1373,1002,58779,1741,39,009,5978
2010,39011,"Auglaize County, Ohio",45949,44959,132,84,172,16,157,429,543,44625,124,39,011,1324
2010,39013,"Belmont County, Ohio",70400,66206,2834,88,259,7,109,897,429,65902,2815,39,013,4498
2010,39015,"Brown County, Ohio",44846,43736,384,75,108,3,95,445,269,43570,382,39,015,1276
2010,39017,"Butler County, Ohio",368130,316667,26972,770,8811,288,6755,7867,14670,310183,26463,39,017,57947
2010,39019,"Carroll County, Ohio",28836,28202,139,77,57,0,47,314,238,28044,133,39,019,792
2010,39021,"Champaign County, Ohio",40097,37986,892,143,153,13,148,762,451,37743,874,39,021,2354
2010,39023,"Clark County, Ohio",138333,119440,12128,351,858,51,1996,3509,3805,117976,11999,39,023,20357
2010,39025,"Clermont County, Ohio",197363,189250,2284,403,1920,61,792,2653,2896,187331,2234,39,025,10032
2010,39027,"Clinton County, Ohio",42040,39805,932,96,213,17,199,778,559,39496,905,39,027,2544
2010,39029,"Columbiana County, Ohio",107841,102959,2405,202,322,27,516,1410,1348,102326,2323,39,029,5515
2010,39031,"Coshocton County, Ohio",36901,35810,395,81,103,3,81,428,279,35632,391,39,031,1269
2010,39033,"Crawford County, Ohio",43784,42556,378,60,156,7,139,488,533,42227,375,39,033,1557
2010,39035,"Cuyahoga County, Ohio",1280122,814103,380198,2578,32883,285,23339,26736,61270,785977,374968,39,035,494145
2010,39037,"Darke County, Ohio",52959,51783,238,81,162,4,201,490,646,51365,233,39,037,1594
2010,39039,"Defiance County, Ohio",39037,36208,725,98,119,12,1105,770,3409,34345,666,39,039,4692
2010,39041,"Delaware County, Ohio",174214,156328,5837,252,7436,51,1097,3213,3669,153969,5756,39,041,20245
2010,39043,"Erie County, Ohio",77079,67066,6644,232,463,8,524,2142,2604,65463,6534,39,043,11616
2010,39045,"Fairfield County, Ohio",146156,131830,8702,309,1645,45,812,2813,2510,130377,8609,39,045,15779
2010,39047,"Fayette County, Ohio",29030,27471,586,67,157,8,237,504,520,27227,569,39,047,1803
2010,39049,"Franklin County, Ohio",1163414,805617,247225,2852,44996,746,27272,34706,55718,783048,244200,39,049,380366
2010,39051,"Fulton County, Ohio",42698,40538,183,124,183,4,1034,632,3341,38569,138,39,051,4129
2010,39053,"Gallia County, Ohio",30934,29308,812,118,140,1,73,482,275,29150,800,39,053,1784
2010,39055,"Geauga County, Ohio",93389,90514,1198,75,557,11,246,788,1001,89766,1187,39,055,3623
2010,39057,"Greene County, Ohio",161573,139670,11681,428,4703,89,860,4142,3439,137440,11506,39,057,24133
2010,39059,"Guernsey County, Ohio",40087,38486,590,100,110,10,76,715,349,38276,580,39,059,1811
2010,39061,"Hamilton County, Ohio",802374,552330,205952,1617,16182,603,8504,17186,20607,542273,204748,39,061,260101
2010,39063,"Hancock County, Ohio",74782,69828,1158,167,1263,12,1026,1328,3363,67888,1084,39,063,6894
2010,39065,"Hardin County, Ohio",32058,30990,259,52,182,12,147,416,407,30774,255,39,065,1284
2010,39067,"Harrison County, Ohio",15864,15216,330,16,22,2,22,256,79,15169,324,39,067,695
2010,39069,"Henry County, Ohio",28215,26857,117,89,105,2,675,370,1860,25861,103,39,069,2354
2010,39071,"Highland County, Ohio",43589,42042,604,111,102,3,59,668,319,41852,597,39,071,1737
2010,39073,"Hocking County, Ohio",29380,28639,217,96,47,3,49,329,198,28509,215,39,073,871
2010,39075,"Holmes County, Ohio",42366,41826,126,29,49,19,99,218,329,41607,123,39,075,759
2010,39077,"Huron County, Ohio",59626,56556,614,127,175,10,1182,962,3333,54649,560,39,077,4977
2010,39079,"Jackson County, Ohio",33225,32267,193,120,109,12,71,453,265,32096,191,39,079,1129
2010,39081,"Jefferson County, Ohio",69709,64077,3879,96,288,9,150,1210,773,63519,3856,39,081,6190
2010,39083,"Knox County, Ohio",60921,58933,496,123,350,16,262,741,737,58498,485,39,083,2423
2010,39085,"Lake County, Ohio",230041,212713,7306,273,2611,35,3577,3526,7825,208994,7156,39,085,21047
2010,39087,"Lawrence County, Ohio",62450,59864,1278,121,241,5,96,845,445,59547,1267,39,087,2903
2010,39089,"Licking County, Ohio",166492,155190,5701,462,1237,36,698,3168,2312,153811,5643,39,089,12681
2010,39091,"Logan County, Ohio",45858,43722,742,115,242,16,144,877,539,43385,728,39,091,2473
2010,39093,"Lorain County, Ohio",301356,255410,25799,883,2811,49,7410,8994,25290,241543,24289,39,093,59813
2010,39095,"Lucas County, Ohio",441815,326868,83926,1349,6764,113,8906,13889,26974,313596,82541,39,095,128219
2010,39097,"Madison County, Ohio",43435,39364,2862,105,232,10,214,648,622,38994,2852,39,097,4441
2010,39099,"Mahoning County, Ohio",238823,190848,37433,491,1682,51,3418,4900,11136,185230,36400,39,099,53593
2010,39101,"Marion County, Ohio",66501,60565,3807,113,335,34,516,1131,1503,59733,3754,39,101,6768
2010,39103,"Medina County, Ohio",172332,165642,2027,247,1660,18,652,2086,2747,163794,1982,39,103,8538
2010,39105,"Meigs County, Ohio",23770,23150,206,54,51,1,30,278,115,23087,202,39,105,683
2010,39107,"Mercer County, Ohio",40814,39761,101,101,181,71,229,370,614,39453,91,39,107,1361
2010,39109,"Miami County, Ohio",102506,96722,2084,189,1218,15,468,1810,1341,95908,2063,39,109,6598
2010,39111,"Monroe County, Ohio",14642,14358,61,17,16,2,16,172,59,14326,60,39,111,316
2010,39113,"Montgomery County, Ohio",535153,395272,111870,1242,9273,177,4472,12847,12177,388917,111105,39,113,146236
2010,39115,"Morgan County, Ohio",15054,14030,432,52,17,0,33,490,97,13972,428,39,115,1082
2010,39117,"Morrow County, Ohio",34827,34025,121,45,88,9,85,454,380,33772,117,39,117,1055
2010,39119,"Muskingum County, Ohio",86074,80020,3256,187,287,15,199,2110,650,79600,3214,39,119,6474
2010,39121,"Noble County, Ohio",14645,14072,368,42,20,3,25,115,52,14036,368,39,121,609
2010,39123,"Ottawa County, Ohio",41428,39968,324,67,116,7,391,555,1755,38780,302,39,123,2648
2010,39125,"Paulding County, Ohio",19614,18767,173,65,38,2,256,313,838,18348,158,39,125,1266
2010,39127,"Perry County, Ohio",36058,35290,93,87,37,7,52,492,195,35170,92,39,127,888
2010,39129,"Pickaway County, Ohio",55698,52655,1881,108,212,11,156,675,588,52259,1876,39,129,3439
2010,39131,"Pike County, Ohio",28709,27729,258,150,55,4,44,469,207,27610,251,39,131,1099
2010,39133,"Portage County, Ohio",161419,148936,6687,296,2305,40,413,2742,2073,147527,6611,39,133,13892
2010,39135,"Preble County, Ohio",42270,41242,180,92,170,2,89,495,254,41088,177,39,135,1182
2010,39137,"Putnam County, Ohio",34499,33012,94,74,81,4,921,313,1890,32246,79,39,137,2253
2010,39139,"Richland County, Ohio",124475,108870,11709,240,808,37,439,2372,1732,107726,11612,39,139,16749
2010,39141,"Ross County, Ohio",78064,70835,4840,232,300,9,216,1632,748,70378,4804,39,141,7686
2010,39143,"Sandusky County, Ohio",60944,55579,1712,132,189,7,1730,1595,5435,52527,1624,39,143,8417
2010,39145,"Scioto County, Ohio",79499,75045,2129,434,250,10,265,1366,888,74531,2107,39,145,4968
2010,39147,"Seneca County, Ohio",56745,53183,1305,109,324,10,747,1067,2524,51739,1227,39,147,5006
2010,39149,"Shelby County, Ohio",49423,46793,935,78,423,48,228,918,661,46423,928,39,149,3000
2010,39151,"Stark County, Ohio",375586,333191,28537,961,2764,85,1720,8328,5965,329497,28272,39,151,46089
2010,39153,"Summit County, Ohio",541781,436487,78120,1015,11885,133,2602,11539,8660,431624,77373,39,153,110157
2010,39155,"Trumbull County, Ohio",210312,187113,17417,360,984,41,671,3726,2801,185388,17200,39,155,24924
2010,39157,"Tuscarawas County, Ohio",92582,89393,719,232,289,175,640,1134,1767,88614,696,39,157,3968
2010,39159,"Union County, Ohio",52300,48587,1231,119,1428,19,174,742,661,48169,1202,39,159,4131
2010,39161,"Van Wert County, Ohio",28744,27762,250,42,66,3,223,398,740,27351,237,39,161,1393
2010,39163,"Vinton County, Ohio",13435,13157,39,50,23,1,12,153,71,13103,37,39,163,332
2010,39165,"Warren County, Ohio",212693,192431,6940,341,8284,99,1414,3184,4784,189305,6838,39,165,23388
2010,39167,"Washington County, Ohio",61778,59599,664,135,341,14,123,902,461,59281,657,39,167,2497
2010,39169,"Wayne County, Ohio",114520,109543,1712,183,874,26,567,1615,1800,108450,1689,39,169,6070
2010,39171,"Williams County, Ohio",37642,36117,363,85,214,7,408,448,1390,35283,358,39,171,2359
2010,39173,"Wood County, Ohio",125488,116422,3022,286,1943,37,1599,2179,5663,113021,2906,39,173,12467
2010,39175,"Wyandot County, Ohio",22615,21924,44,37,134,4,240,232,504,21727,42,39,175,888
2010,40001,"Adair County, Oklahoma",22683,9757,55,9823,130,1,532,2385,1197,9558,53,40,001,13125
2010,40003,"Alfalfa County, Oklahoma",5642,5042,229,162,14,0,75,120,224,4923,224,40,003,719
2010,40005,"Atoka County, Oklahoma",14182,10460,529,1964,55,7,158,1009,409,10318,527,40,005,3864
2010,40007,"Beaver County, Oklahoma",5636,4664,44,61,7,0,686,174,1135,4313,31,40,007,1323
2010,40009,"Beckham County, Oklahoma",22119,18805,876,615,178,2,1017,626,2619,17459,842,40,009,4660
2010,40011,"Blaine County, Oklahoma",11943,9518,313,950,26,3,681,452,2873,7512,298,40,011,4431
2010,40013,"Bryan County, Oklahoma",42416,32316,652,5492,217,11,732,2996,2107,31294,640,40,013,11122
2010,40015,"Caddo County, Oklahoma",29600,18668,820,7262,72,14,977,1787,2995,17618,804,40,015,11982
2010,40017,"Canadian County, Oklahoma",115541,96058,2933,5549,3483,70,2696,4752,7794,92120,2820,40,017,23421
2010,40019,"Carter County, Oklahoma",47557,35380,3208,4249,506,9,1066,3139,2528,34498,3134,40,019,13059
2010,40021,"Cherokee County, Oklahoma",46987,24567,598,15987,272,16,1248,4299,2952,23591,582,40,021,23396
2010,40023,"Choctaw County, Oklahoma",15205,9866,1658,2504,41,0,126,1010,427,9693,1654,40,023,5512
2010,40025,"Cimarron County, Oklahoma",2475,2097,6,19,8,0,300,45,514,1894,6,40,025,581
2010,40027,"Cleveland County, Oklahoma",255755,202811,10848,11978,9698,188,5974,14258,17892,193549,10572,40,027,62206
2010,40029,"Coal County, Oklahoma",5925,4402,29,990,10,0,32,462,152,4329,25,40,029,1596
2010,40031,"Comanche County, Oklahoma",124098,79996,21669,7266,2777,686,3671,8033,13896,73122,20794,40,031,50976
2010,40033,"Cotton County, Oklahoma",6193,5035,128,551,13,13,115,338,344,4905,126,40,033,1288
2010,40035,"Craig County, Oklahoma",15029,10017,449,3061,105,17,108,1272,370,9852,440,40,035,5177
2010,40037,"Creek County, Oklahoma",69967,55764,1544,7001,230,45,734,4649,2152,54821,1528,40,037,15146
2010,40039,"Custer County, Oklahoma",27469,21456,831,1742,277,12,2081,1070,3830,20169,794,40,039,7300
2010,40041,"Delaware County, Oklahoma",41487,27811,92,9277,519,30,450,3308,1248,27328,83,40,041,14159
2010,40043,"Dewey County, Oklahoma",4810,4285,16,277,33,0,47,152,231,4136,16,40,043,674
2010,40045,"Ellis County, Oklahoma",4151,3920,11,67,8,0,77,68,251,3759,11,40,045,392
2010,40047,"Garfield County, Oklahoma",60580,50807,1811,1377,588,1101,2760,2136,5353,48744,1765,40,047,11836
2010,40049,"Garvin County, Oklahoma",27576,22462,705,2156,103,7,778,1365,1713,21791,690,40,049,5785
2010,40051,"Grady County, Oklahoma",52431,44994,1268,2841,196,36,792,2304,2405,43853,1239,40,051,8578
2010,40053,"Grant County, Oklahoma",4527,4210,35,85,9,1,77,110,158,4142,35,40,053,385
2010,40055,"Greer County, Oklahoma",6239,5181,441,167,11,6,212,221,609,4894,438,40,055,1345
2010,40057,"Harmon County, Oklahoma",2922,2138,210,39,12,0,402,121,756,1839,197,40,057,1083
2010,40059,"Harper County, Oklahoma",3685,3219,3,28,6,1,344,84,645,2957,2,40,059,728
2010,40061,"Haskell County, Oklahoma",12769,9560,56,2029,68,2,155,899,426,9362,51,40,061,3407
2010,40063,"Hughes County, Oklahoma",14003,9543,742,2549,28,6,201,934,530,9351,739,40,063,4652
2010,40065,"Jackson County, Oklahoma",26446,19255,1985,479,312,56,3075,1284,5538,17403,1918,40,065,9043
2010,40067,"Jefferson County, Oklahoma",6472,5461,42,400,22,0,245,302,552,5216,41,40,067,1256
2010,40069,"Johnston County, Oklahoma",10957,8015,212,1702,27,1,129,871,423,7854,209,40,069,3103
2010,40071,"Kay County, Oklahoma",46562,37332,962,4486,235,16,1190,2341,2992,36113,910,40,071,10449
2010,40073,"Kingfisher County, Oklahoma",15034,12707,170,465,42,0,1176,474,2022,12030,157,40,073,3004
2010,40075,"Kiowa County, Oklahoma",9446,7573,401,622,30,3,397,420,832,7302,390,40,075,2144
2010,40077,"Latimer County, Oklahoma",11154,7825,83,2279,31,1,71,864,293,7718,80,40,077,3436
2010,40079,"Le Flore County, Oklahoma",50384,37827,1034,6180,265,24,2035,3019,3454,36842,1016,40,079,13542
2010,40081,"Lincoln County, Oklahoma",34273,29426,615,2218,65,12,203,1734,838,28985,608,40,081,5288
2010,40083,"Logan County, Oklahoma",41848,33886,3804,1380,195,20,839,1724,2170,32864,3752,40,083,8984
2010,40085,"Love County, Oklahoma",9423,7426,168,586,45,0,736,462,1113,7186,163,40,085,2237
2010,40087,"McClain County, Oklahoma",34506,29168,239,2218,127,9,929,1816,2400,27942,229,40,087,6564
2010,40089,"McCurtain County, Oklahoma",33151,22259,2894,5017,112,4,807,2058,1552,21829,2872,40,089,11322
2010,40091,"McIntosh County, Oklahoma",20252,14238,647,3756,68,7,87,1449,390,14053,642,40,091,6199
2010,40093,"Major County, Oklahoma",7527,6846,33,149,26,3,281,189,565,6629,32,40,093,898
2010,40095,"Marshall County, Oklahoma",15840,11690,245,1533,29,1,1391,951,2212,11050,227,40,095,4790
2010,40097,"Mayes County, Oklahoma",41259,28044,169,8823,147,16,327,3733,1097,27590,161,40,097,13669
2010,40099,"Murray County, Oklahoma",13488,10515,178,1638,48,8,262,839,662,10241,176,40,099,3247
2010,40101,"Muskogee County, Oklahoma",70990,42467,8030,12403,396,24,1829,5841,3688,41362,7960,40,101,29628
2010,40103,"Noble County, Oklahoma",11561,9740,204,984,45,7,104,477,300,9626,202,40,103,1935
2010,40105,"Nowata County, Oklahoma",10536,7267,208,2016,7,3,54,981,240,7148,202,40,105,3388
2010,40107,"Okfuskee County, Oklahoma",12191,7848,1009,2401,20,15,100,798,356,7699,1001,40,107,4492
2010,40109,"Oklahoma County, Oklahoma",718633,464387,110890,25119,21454,780,57946,38057,108543,425791,108954,40,109,292842
2010,40111,"Okmulgee County, Oklahoma",40069,26366,3501,6526,131,6,321,3218,1293,25803,3459,40,111,14266
2010,40113,"Osage County, Oklahoma",47472,31327,5401,6858,133,11,363,3379,1366,30709,5355,40,113,16763
2010,40115,"Ottawa County, Oklahoma",31848,21969,245,6007,158,299,756,2414,1499,21454,234,40,115,10394
2010,40117,"Pawnee County, Oklahoma",16577,13363,118,1926,48,6,96,1020,336,13216,116,40,117,3361
2010,40119,"Payne County, Oklahoma",77350,63353,2814,3630,2688,37,818,4010,2990,61655,2757,40,119,15695
2010,40121,"Pittsburg County, Oklahoma",45837,33745,1525,6310,189,20,577,3471,1786,32959,1497,40,121,12878
2010,40123,"Pontotoc County, Oklahoma",37492,26687,902,6512,244,17,425,2705,1523,25973,879,40,123,11519
2010,40125,"Pottawatomie County, Oklahoma",69442,52969,2014,8961,385,44,682,4387,2878,51642,1969,40,125,17800
2010,40127,"Pushmataha County, Oklahoma",11572,8675,77,2037,25,5,95,658,280,8550,74,40,127,3022
2010,40129,"Roger Mills County, Oklahoma",3647,3276,13,213,11,1,48,85,165,3184,13,40,129,463
2010,40131,"Rogers County, Oklahoma",86905,65415,865,11382,932,53,1212,7046,3229,64030,819,40,131,22875
2010,40133,"Seminole County, Oklahoma",25482,17450,1167,4638,68,18,315,1826,903,17133,1152,40,133,8349
2010,40135,"Sequoyah County, Oklahoma",42391,28204,735,8816,206,20,477,3933,1438,27634,718,40,135,14757
2010,40137,"Stephens County, Oklahoma",45048,38328,870,2286,221,14,1169,2160,2790,37173,841,40,137,7875
2010,40139,"Texas County, Oklahoma",20640,15617,336,269,325,34,3479,580,8659,10889,294,40,139,9751
2010,40141,"Tillman County, Oklahoma",7992,5876,613,274,21,4,876,328,1783,5165,567,40,141,2827
2010,40143,"Tulsa County, Oklahoma",603403,417413,64779,36392,14066,429,35255,35069,66582,393401,63737,40,143,210002
2010,40145,"Wagoner County, Oklahoma",73085,55340,2720,7303,1006,27,1289,5400,3488,53648,2669,40,145,19437
2010,40147,"Washington County, Oklahoma",50976,39929,1231,5247,554,16,891,3108,2556,38691,1194,40,147,12285
2010,40149,"Washita County, Oklahoma",11629,10263,80,353,25,2,416,490,944,9989,71,40,149,1640
2010,40151,"Woods County, Oklahoma",8878,7850,290,213,77,4,203,241,424,7684,286,40,151,1194
2010,40153,"Woodward County, Oklahoma",20081,17419,317,562,115,8,1129,531,2128,16632,308,40,153,3449
2010,41001,"Baker County, Oregon",16134,15264,57,181,78,9,164,381,528,14944,52,41,001,1190
2010,41003,"Benton County, Oregon",85579,74506,759,627,4429,213,1985,3060,5467,71552,715,41,003,14027
2010,41005,"Clackamas County, Oregon",375992,331571,3082,3122,13729,867,11756,11865,29138,317648,2761,41,005,58344
2010,41007,"Clatsop County, Oregon",37039,33680,195,362,457,86,1208,1051,2838,32295,163,41,007,4744
2010,41009,"Columbia County, Oregon",49351,45651,207,656,457,95,590,1695,1987,44563,195,41,009,4788
2010,41011,"Coos County, Oregon",63043,56618,258,1589,660,117,1072,2729,3391,54820,234,41,011,8223
2010,41013,"Crook County, Oregon",20978,19441,35,302,97,11,670,422,1463,18758,30,41,013,2220
2010,41015,"Curry County, Oregon",22364,20574,67,426,160,21,294,822,1201,19837,62,41,015,2527
2010,41017,"Deschutes County, Oregon",157733,145374,568,1449,1476,210,4663,3993,11718,139470,524,41,017,18263
2010,41019,"Douglas County, Oregon",107667,99471,317,1953,1040,122,1279,3485,5055,96343,279,41,019,11324
2010,41021,"Gilliam County, Oregon",1871,1781,3,19,3,13,26,26,88,1725,3,41,021,146
2010,41023,"Grant County, Oregon",7445,7070,14,91,24,8,67,171,207,6951,11,41,023,494
2010,41025,"Harney County, Oregon",7422,6819,19,232,35,1,95,221,294,6648,16,41,025,774
2010,41027,"Hood River County, Oregon",22346,18568,101,181,314,37,2439,706,6589,14714,63,41,027,7632
2010,41029,"Jackson County, Oregon",203206,180172,1372,2386,2364,595,9200,7117,21745,170023,1227,41,029,33183
2010,41031,"Jefferson County, Oregon",21720,14996,138,3667,93,25,1977,824,4195,13429,117,41,031,8291
2010,41033,"Josephine County, Oregon",82713,76449,347,1133,681,145,1282,2676,5251,73289,295,41,033,9424
2010,41035,"Klamath County, Oregon",66380,57019,432,2734,621,75,2751,2748,6915,53822,394,41,035,12558
2010,41037,"Lake County, Oregon",7895,7130,39,165,53,5,241,262,545,6875,37,41,037,1020
2010,41039,"Lane County, Oregon",351715,310685,3369,4070,8322,769,9837,14663,26167,297808,3102,41,039,53907
2010,41041,"Lincoln County, Oregon",46034,40393,193,1590,492,59,1586,1721,3655,38863,159,41,041,7171
2010,41043,"Linn County, Oregon",116672,105669,534,1488,1111,162,3888,3820,9127,101579,456,41,043,15093
2010,41045,"Malheur County, Oregon",31313,24272,370,364,527,30,4849,901,9867,19906,331,41,045,11407
2010,41047,"Marion County, Oregon",315335,246656,3371,4959,5995,2329,39819,12206,76594,216758,2906,41,047,98577
2010,41049,"Morrow County, Oregon",11173,8680,55,139,104,14,1892,289,3497,7218,36,41,049,3955
2010,41051,"Multnomah County, Oregon",735334,562421,41401,7825,47950,4029,37865,33843,80138,530303,39919,41,051,205031
2010,41053,"Polk County, Oregon",75403,64808,424,1616,1435,210,4041,2869,9088,60702,394,41,053,14701
2010,41055,"Sherman County, Oregon",1765,1648,4,29,3,1,48,32,98,1616,2,41,055,149
2010,41057,"Tillamook County, Oregon",25250,23102,85,260,227,59,904,613,2284,21902,62,41,057,3348
2010,41059,"Umatilla County, Oregon",75889,59995,638,2662,664,101,9485,2344,18107,52691,557,41,059,23198
2010,41061,"Union County, Oregon",25748,23968,132,289,209,227,333,590,1002,23407,126,41,061,2341
2010,41063,"Wallowa County, Oregon",7008,6731,26,45,24,7,37,138,156,6625,26,41,063,383
2010,41065,"Wasco County, Oregon",25213,21700,106,1117,192,145,1311,642,3743,19556,85,41,065,5657
2010,41067,"Washington County, Oregon",529710,405642,9616,3937,45755,2433,39797,22530,83270,369453,8861,41,067,160257
2010,41069,"Wheeler County, Oregon",1441,1332,0,18,8,2,37,44,62,1307,0,41,069,134
2010,41071,"Yamhill County, Oregon",99193,84758,872,1520,1474,172,7137,3260,14592,78448,784,41,071,20745
2010,42001,"Adams County, Pennsylvania",101407,94979,1561,213,746,20,2544,1344,6115,91830,1450,42,001,9577
2010,42003,"Allegheny County, Pennsylvania",1223348,997295,161861,1702,34090,278,5523,22599,19070,986212,159998,42,003,237136
2010,42005,"Armstrong County, Pennsylvania",68941,67565,553,45,150,9,91,528,366,67326,540,42,005,1615
2010,42007,"Beaver County, Pennsylvania",170539,155561,10676,181,724,40,403,2954,1998,154196,10586,42,007,16343
2010,42009,"Bedford County, Pennsylvania",49762,48782,238,75,101,14,151,401,450,48535,236,42,009,1227
2010,42011,"Berks County, Pennsylvania",411442,342148,20143,1285,5385,128,32101,10252,67355,316406,16517,42,011,95036
2010,42013,"Blair County, Pennsylvania",127089,122238,2129,143,706,29,297,1547,1230,121495,2051,42,013,5594
2010,42015,"Bradford County, Pennsylvania",62622,61035,311,154,339,7,130,646,702,60584,269,42,015,2038
2010,42017,"Bucks County, Pennsylvania",625249,557647,22376,1232,24008,174,9430,10382,26782,543207,21454,42,017,82042
2010,42019,"Butler County, Pennsylvania",183862,177605,2021,194,1838,50,462,1692,1941,176259,1954,42,019,7603
2010,42021,"Cambria County, Pennsylvania",143679,135206,5222,147,729,29,588,1758,2006,134073,5073,42,021,9606
2010,42023,"Cameron County, Pennsylvania",5085,5000,13,13,14,0,3,42,19,4985,12,42,023,100
2010,42025,"Carbon County, Pennsylvania",65249,62519,976,123,311,27,504,789,2145,61168,888,42,025,4081
2010,42027,"Centre County, Pennsylvania",153990,137625,4638,191,7986,48,1142,2360,3690,135427,4456,42,027,18563
2010,42029,"Chester County, Pennsylvania",498886,426707,30623,862,19296,161,12207,9030,32503,409561,29388,42,029,89325
2010,42031,"Clarion County, Pennsylvania",39988,38873,484,58,191,8,59,315,245,38724,468,42,031,1264
2010,42033,"Clearfield County, Pennsylvania",81642,77912,1862,86,389,16,652,725,1907,77031,1697,42,033,4611
2010,42035,"Clinton County, Pennsylvania",39238,37860,625,34,200,15,171,333,437,37618,612,42,035,1620
2010,42037,"Columbia County, Pennsylvania",67295,64227,1246,87,563,15,450,707,1349,63500,1190,42,037,3795
2010,42039,"Crawford County, Pennsylvania",88765,85448,1547,162,403,19,170,1016,823,84930,1503,42,039,3835
2010,42041,"Cumberland County, Pennsylvania",235406,213934,7527,363,7072,65,2203,4242,6448,210514,7237,42,041,24892
2010,42043,"Dauphin County, Pennsylvania",268100,194910,48386,578,8580,78,7284,8284,18795,187402,46320,42,043,80698
2010,42045,"Delaware County, Pennsylvania",558979,405233,110260,874,26277,145,5211,10979,16537,397424,108231,42,045,161555
2010,42047,"Elk County, Pennsylvania",31946,31469,89,34,96,6,42,210,183,31345,85,42,047,601
2010,42049,"Erie County, Pennsylvania",280566,247569,20155,566,3077,90,3231,5878,9518,242787,19485,42,049,37779
2010,42051,"Fayette County, Pennsylvania",136606,127418,6325,184,405,24,411,1839,1049,126888,6270,42,051,9718
2010,42053,"Forest County, Pennsylvania",7716,5937,1389,13,12,1,318,46,418,5850,1374,42,053,1866
2010,42055,"Franklin County, Pennsylvania",149618,137674,4700,302,1310,29,2849,2754,6438,135004,4348,42,055,14614
2010,42057,"Fulton County, Pennsylvania",14845,14450,151,28,19,1,42,154,123,14387,144,42,057,458
2010,42059,"Greene County, Pennsylvania",38686,36584,1282,67,113,7,258,375,465,36409,1272,42,059,2277
2010,42061,"Huntingdon County, Pennsylvania",45913,42470,2392,41,184,2,400,424,727,42197,2369,42,061,3716
2010,42063,"Indiana County, Pennsylvania",88880,84360,2434,124,774,10,341,837,947,83864,2374,42,063,5016
2010,42065,"Jefferson County, Pennsylvania",45200,44446,157,86,92,3,55,361,275,44264,147,42,065,936
2010,42067,"Juniata County, Pennsylvania",24636,23845,151,31,85,3,279,242,623,23584,134,42,067,1052
2010,42069,"Lackawanna County, Pennsylvania",214437,197296,5423,330,3644,55,4393,3296,10682,192250,4794,42,069,22187
2010,42071,"Lancaster County, Pennsylvania",519445,460171,19035,1195,9860,164,18819,10201,44930,440969,16087,42,071,78476
2010,42073,"Lawrence County, Pennsylvania",91108,85484,3501,74,370,10,196,1473,931,84872,3448,42,073,6236
2010,42075,"Lebanon County, Pennsylvania",133568,121566,2885,250,1533,36,5165,2133,12410,116010,2134,42,075,17558
2010,42077,"Lehigh County, Pennsylvania",349497,276286,21440,1279,10247,126,30064,10055,65615,250245,17230,42,077,99252
2010,42079,"Luzerne County, Pennsylvania",320918,290943,10767,558,3135,57,10555,4903,21491,283058,9539,42,079,37860
2010,42081,"Lycoming County, Pennsylvania",116111,107573,5203,217,671,25,421,2001,1559,106710,5060,42,081,9401
2010,42083,"McKean County, Pennsylvania",43450,41661,1046,100,193,3,60,387,757,41039,1008,42,083,2411
2010,42085,"Mercer County, Pennsylvania",116638,106890,6726,156,728,16,365,1757,1248,106176,6620,42,085,10462
2010,42087,"Mifflin County, Pennsylvania",46682,45531,300,52,168,7,143,481,534,45199,282,42,087,1483
2010,42089,"Monroe County, Pennsylvania",169842,131162,22348,572,3484,79,7295,4902,22288,119741,20461,42,089,50101
2010,42091,"Montgomery County, Pennsylvania",799874,649021,69351,1174,51565,296,12947,15520,34233,631784,67582,42,091,168090
2010,42093,"Montour County, Pennsylvania",18267,17408,256,16,326,2,85,174,324,17206,237,42,093,1061
2010,42095,"Northampton County, Pennsylvania",297735,256895,14986,609,7203,98,11289,6655,31179,241163,13207,42,095,56572
2010,42097,"Northumberland County, Pennsylvania",94528,90156,1921,146,332,13,972,988,2253,89166,1814,42,097,5362
2010,42099,"Perry County, Pennsylvania",45969,44779,296,72,164,19,173,466,588,44427,284,42,099,1542
2010,42101,"Philadelphia County, Pennsylvania",1526006,626221,661839,6996,96405,744,90731,43070,187611,562585,644287,42,101,963421
2010,42103,"Pike County, Pennsylvania",57369,50856,3322,176,597,16,1193,1209,5173,47549,3050,42,103,9820
2010,42105,"Potter County, Pennsylvania",17457,17128,67,45,45,1,30,141,181,17000,61,42,105,457
2010,42107,"Schuylkill County, Pennsylvania",148289,140013,3967,212,710,26,1878,1483,4080,138248,3841,42,107,10041
2010,42109,"Snyder County, Pennsylvania",39702,38476,428,53,214,6,198,327,657,38127,375,42,109,1575
2010,42111,"Somerset County, Pennsylvania",77742,74603,1863,86,239,17,468,466,840,74265,1856,42,111,3477
2010,42113,"Sullivan County, Pennsylvania",6428,6163,168,26,20,0,8,43,92,6089,163,42,113,339
2010,42115,"Susquehanna County, Pennsylvania",43356,42510,156,57,123,12,139,359,564,42117,150,42,115,1239
2010,42117,"Tioga County, Pennsylvania",41981,40852,333,91,183,4,80,438,437,40560,322,42,117,1421
2010,42119,"Union County, Pennsylvania",44947,39414,3324,159,522,24,792,712,2346,38311,3048,42,119,6636
2010,42121,"Venango County, Pennsylvania",54984,53390,571,85,197,11,108,622,478,53052,567,42,121,1932
2010,42123,"Warren County, Pennsylvania",41815,41031,149,80,157,12,53,333,305,40827,136,42,123,988
2010,42125,"Washington County, Pennsylvania",207820,195657,6757,251,1327,31,630,3167,2366,194171,6650,42,125,13649
2010,42127,"Wayne County, Pennsylvania",52822,49759,1644,101,255,4,460,599,1816,48590,1563,42,127,4232
2010,42129,"Westmoreland County, Pennsylvania",365169,348182,8562,351,2704,62,833,4475,3179,346111,8425,42,129,19058
2010,42131,"Wyoming County, Pennsylvania",28276,27545,208,54,95,3,112,259,437,27270,185,42,131,1006
2010,42133,"York County, Pennsylvania",434972,385135,24344,942,5407,123,10326,8695,24397,374779,22493,42,133,60193
2010,44001,"Bristol County, Rhode Island",49875,47752,398,80,716,3,185,741,989,47052,363,44,001,2823
2010,44003,"Kent County, Rhode Island",166158,155219,2405,437,3378,39,1610,3070,5309,152141,2157,44,003,14017
2010,44005,"Newport County, Rhode Island",82888,74729,2864,315,1288,63,1150,2479,3512,72836,2645,44,005,10052
2010,44007,"Providence County, Rhode Island",626667,460033,53040,4123,23006,420,59862,26183,117819,414326,45048,44,007,212341
2010,44009,"Washington County, Rhode Island",126979,119136,1482,1103,2069,29,846,2314,3026,117330,1347,44,009,9649
2010,45001,"Abbeville County, South Carolina",25417,17691,7187,60,75,5,108,291,255,17564,7160,45,001,7853
2010,45003,"Aiken County, South Carolina",160099,111457,39354,682,1329,61,4126,3090,7824,108566,39043,45,003,51533
2010,45005,"Allendale County, South Carolina",10419,2465,7672,20,41,2,134,85,239,2410,7645,45,005,8009
2010,45007,"Anderson County, South Carolina",187126,149818,30020,478,1405,43,2500,2862,5447,147362,29810,45,007,39764
2010,45009,"Bamberg County, South Carolina",15987,5770,9837,42,68,3,112,155,258,5691,9786,45,009,10296
2010,45011,"Barnwell County, South Carolina",22621,11899,10015,85,126,5,160,331,411,11715,9964,45,011,10906
2010,45013,"Beaufort County, South Carolina",162233,116606,31290,481,1889,119,8515,3333,19567,107279,30662,45,013,54954
2010,45015,"Berkeley County, South Carolina",177843,118232,44514,1067,4046,184,4990,4810,10755,113553,44023,45,015,64290
2010,45017,"Calhoun County, South Carolina",15175,8177,6459,52,32,9,267,179,458,8059,6420,45,017,7116
2010,45019,"Charleston County, South Carolina",350209,224910,104239,1068,4719,299,9477,5497,18877,217260,103479,45,019,132949
2010,45021,"Cherokee County, South Carolina",55342,41525,11278,199,313,17,1223,787,2032,40939,11214,45,021,14403
2010,45023,"Chester County, South Carolina",33140,19814,12387,136,109,5,187,502,479,19590,12349,45,023,13550
2010,45025,"Chesterfield County, South Carolina",46734,29352,15253,237,172,12,945,763,1666,28790,15179,45,025,17944
2010,45027,"Clarendon County, South Carolina",34971,16445,17504,86,225,4,418,289,899,16160,17379,45,027,18811
2010,45029,"Colleton County, South Carolina",38892,22173,15178,322,126,7,499,587,1094,21736,15109,45,029,17156
2010,45031,"Darlington County, South Carolina",68681,38366,28573,194,203,8,603,734,1140,37993,28463,45,031,30688
2010,45033,"Dillon County, South Carolina",32062,15399,14782,790,78,8,481,524,833,15152,14730,45,033,16910
2010,45035,"Dorchester County, South Carolina",136555,92621,35266,904,2052,146,1978,3588,6075,89427,34861,45,035,47128
2010,45037,"Edgefield County, South Carolina",26985,15825,10030,67,95,11,604,353,1414,15196,9951,45,037,11789
2010,45039,"Fairfield County, South Carolina",23956,9236,14167,50,55,2,182,264,374,9098,14112,45,039,14858
2010,45041,"Florence County, South Carolina",136885,75116,56506,464,1671,23,1548,1557,3030,74105,56204,45,041,62780
2010,45043,"Georgetown County, South Carolina",60158,38005,20214,136,271,14,969,549,1867,37311,20128,45,043,22847
2010,45045,"Greenville County, South Carolina",451225,333084,81497,1401,8849,257,17667,8470,36495,317197,80569,45,045,134028
2010,45047,"Greenwood County, South Carolina",69661,43783,21846,196,572,25,2420,819,3789,42709,21728,45,047,26952
2010,45049,"Hampton County, South Carolina",21090,8999,11359,66,113,8,274,271,744,8699,11264,45,049,12391
2010,45051,"Horry County, South Carolina",269291,215071,36202,1279,2816,305,8366,5252,16683,208096,35753,45,051,61195
2010,45053,"Jasper County, South Carolina",24777,10658,11406,122,176,13,2050,352,3752,9263,11303,45,053,15514
2010,45055,"Kershaw County, South Carolina",61697,43965,15188,197,302,29,1040,976,2298,43009,15057,45,055,18688
2010,45057,"Lancaster County, South Carolina",76652,54844,18278,235,494,17,1815,969,3384,53490,18162,45,057,23162
2010,45059,"Laurens County, South Carolina",66537,46848,16933,153,183,34,1532,854,2729,45900,16808,45,059,20637
2010,45061,"Lee County, South Carolina",19220,6419,12359,51,59,3,162,167,334,6322,12315,45,061,12898
2010,45063,"Lexington County, South Carolina",262391,208023,37522,1134,3729,130,6984,4869,14529,201946,36995,45,063,60445
2010,45065,"McCormick County, South Carolina",10233,4985,5083,10,34,6,23,92,81,4941,5069,45,065,5292
2010,45067,"Marion County, South Carolina",33062,13434,18476,144,176,2,417,413,791,13230,18365,45,067,19832
2010,45069,"Marlboro County, South Carolina",28933,11987,14729,1308,75,4,306,524,800,11657,14652,45,069,17276
2010,45071,"Newberry County, South Carolina",37508,23301,11626,130,122,35,1858,436,2690,22690,11533,45,071,14818
2010,45073,"Oconee County, South Carolina",74273,65177,5613,176,436,10,1686,1175,3349,63807,5550,45,073,10466
2010,45075,"Orangeburg County, South Carolina",92501,31770,57535,491,752,14,843,1096,1767,31206,57286,45,075,61295
2010,45077,"Pickens County, South Carolina",119224,105747,7854,230,1913,14,1690,1776,3743,103958,7792,45,077,15266
2010,45079,"Richland County, South Carolina",384504,181974,176538,1230,8548,425,7358,8431,18637,174267,174549,45,079,210237
2010,45081,"Saluda County, South Carolina",19875,12141,5230,83,38,63,2042,278,2857,11548,5196,45,081,8327
2010,45083,"Spartanburg County, South Carolina",284307,205680,58565,764,5746,86,8714,4752,16658,199184,58115,45,083,85123
2010,45085,"Sumter County, South Carolina",107456,51825,50414,389,1188,99,1511,2030,3532,50423,50110,45,085,57033
2010,45087,"Union County, South Carolina",28961,19286,9066,67,79,11,92,360,282,19146,9022,45,087,9815
2010,45089,"Williamsburg County, South Carolina",34423,10939,22637,114,138,3,330,262,689,10725,22526,45,089,23698
2010,45091,"York County, South Carolina",226073,169158,43003,1934,3413,126,4258,4181,10075,164371,42608,45,091,61702
2010,46003,"Aurora County, South Dakota",2710,2577,11,40,18,0,50,14,101,2531,9,46,003,179
2010,46005,"Beadle County, South Dakota",17398,15599,147,189,632,17,529,285,1337,14934,118,46,005,2464
2010,46007,"Bennett County, South Dakota",3431,1157,4,2109,13,3,7,138,67,1141,3,46,007,2290
2010,46009,"Bon Homme County, South Dakota",7070,6349,68,502,10,0,45,96,130,6285,65,46,009,785
2010,46011,"Brookings County, South Dakota",31965,29802,254,282,869,9,295,454,636,29513,246,46,011,2452
2010,46013,"Brown County, South Dakota",36531,34057,194,1105,355,42,148,630,496,33825,187,46,013,2706
2010,46015,"Brule County, South Dakota",5255,4646,12,445,9,1,14,128,75,4615,12,46,015,640
2010,46017,"Buffalo County, South Dakota",1912,283,4,1607,1,0,0,17,35,283,4,46,017,1629
2010,46019,"Butte County, South Dakota",10110,9526,22,189,22,8,82,261,306,9360,20,46,019,750
2010,46021,"Campbell County, South Dakota",1466,1441,2,5,4,0,3,11,20,1430,1,46,021,36
2010,46023,"Charles Mix County, South Dakota",9129,5930,9,2893,19,0,27,251,152,5899,8,46,023,3230
2010,46025,"Clark County, South Dakota",3691,3620,7,2,2,0,29,31,63,3596,6,46,025,95
2010,46027,"Clay County, South Dakota",13864,12637,185,429,232,4,63,314,277,12484,179,46,027,1380
2010,46029,"Codington County, South Dakota",27227,25951,93,541,122,0,170,350,433,25762,88,46,029,1465
2010,46031,"Corson County, South Dakota",4050,1204,3,2713,11,2,12,105,106,1202,3,46,031,2848
2010,46033,"Custer County, South Dakota",8216,7737,15,240,29,2,30,163,182,7624,15,46,033,592
2010,46035,"Davison County, South Dakota",19504,18421,82,490,93,13,100,305,294,18296,71,46,035,1208
2010,46037,"Day County, South Dakota",5710,5030,8,542,12,0,20,98,62,5004,8,46,037,706
2010,46039,"Deuel County, South Dakota",4364,4253,13,12,4,0,42,40,86,4220,12,46,039,144
2010,46041,"Dewey County, South Dakota",5301,1115,5,3970,8,0,13,190,98,1108,5,46,041,4193
2010,46043,"Douglas County, South Dakota",3002,2899,11,55,3,0,8,26,23,2891,11,46,043,111
2010,46045,"Edmunds County, South Dakota",4071,3981,5,18,5,0,21,41,58,3949,5,46,045,122
2010,46047,"Fall River County, South Dakota",7094,6287,49,502,26,3,24,203,159,6199,46,46,047,895
2010,46049,"Faulk County, South Dakota",2364,2339,3,3,2,0,1,16,18,2323,3,46,049,41
2010,46051,"Grant County, South Dakota",7356,7146,10,36,21,0,81,62,168,7072,10,46,051,284
2010,46053,"Gregory County, South Dakota",4271,3828,7,320,11,0,10,95,38,3818,6,46,053,453
2010,46055,"Haakon County, South Dakota",1937,1834,3,37,8,1,4,50,17,1823,2,46,055,114
2010,46057,"Hamlin County, South Dakota",5903,5706,10,20,13,0,106,48,149,5679,10,46,057,224
2010,46059,"Hand County, South Dakota",3431,3377,3,8,9,0,7,27,19,3368,3,46,059,63
2010,46061,"Hanson County, South Dakota",3331,3285,0,11,11,0,6,18,15,3279,0,46,061,52
2010,46063,"Harding County, South Dakota",1255,1204,1,19,1,0,9,21,20,1197,1,46,063,58
2010,46065,"Hughes County, South Dakota",17022,14593,84,1779,91,1,82,392,306,14471,84,46,065,2551
2010,46067,"Hutchinson County, South Dakota",7343,7151,28,49,12,0,36,67,120,7090,28,46,067,253
2010,46069,"Hyde County, South Dakota",1420,1265,1,120,3,1,3,27,15,1263,1,46,069,157
2010,46071,"Jackson County, South Dakota",3031,1295,6,1575,1,1,7,146,38,1292,5,46,071,1739
2010,46073,"Jerauld County, South Dakota",2071,2009,1,5,4,3,34,15,84,1960,1,46,073,111
2010,46075,"Jones County, South Dakota",1006,962,1,20,0,4,0,19,13,949,1,46,075,57
2010,46077,"Kingsbury County, South Dakota",5148,5048,7,24,14,0,13,42,72,4987,7,46,077,161
2010,46079,"Lake County, South Dakota",11200,10771,59,75,79,3,88,125,175,10708,55,46,079,492
2010,46081,"Lawrence County, South Dakota",24097,22747,91,490,158,6,118,487,612,22349,87,46,081,1748
2010,46083,"Lincoln County, South Dakota",44828,43068,320,228,462,7,116,627,553,42700,315,46,083,2128
2010,46085,"Lyman County, South Dakota",3755,2191,3,1436,10,1,5,109,42,2181,3,46,085,1574
2010,46087,"McCook County, South Dakota",5618,5507,8,23,8,3,31,38,99,5451,8,46,087,167
2010,46089,"McPherson County, South Dakota",2459,2414,1,1,4,3,5,31,25,2405,1,46,089,54
2010,46091,"Marshall County, South Dakota",4656,3974,7,353,9,0,262,51,317,3938,5,46,091,718
2010,46093,"Meade County, South Dakota",25434,23405,319,597,165,19,196,733,773,22951,307,46,093,2483
2010,46095,"Mellette County, South Dakota",2048,814,2,1108,5,0,5,114,30,805,2,46,095,1243
2010,46097,"Miner County, South Dakota",2389,2337,3,4,9,0,16,20,31,2320,3,46,097,69
2010,46099,"Minnehaha County, South Dakota",169468,149220,6407,4197,2509,133,3114,3888,6982,146159,6326,46,099,23309
2010,46101,"Moody County, South Dakota",6486,5256,33,909,70,0,44,174,111,5227,33,46,101,1259
2010,46103,"Pennington County, South Dakota",100948,84350,1050,9748,1052,80,813,3855,4044,82438,1013,46,103,18510
2010,46105,"Perkins County, South Dakota",2982,2890,2,38,4,0,14,34,20,2883,2,46,105,99
2010,46107,"Potter County, South Dakota",2329,2272,3,20,8,1,4,21,17,2260,3,46,107,69
2010,46109,"Roberts County, South Dakota",10149,6265,11,3506,21,0,37,309,126,6238,11,46,109,3911
2010,46111,"Sanborn County, South Dakota",2355,2307,0,6,4,0,13,25,28,2296,0,46,111,59
2010,46113,"Shannon County, South Dakota",13586,397,4,13036,14,2,16,117,298,381,4,46,113,13205
2010,46115,"Spink County, South Dakota",6415,6230,17,78,7,1,26,56,71,6194,17,46,115,221
2010,46117,"Stanley County, South Dakota",2966,2670,9,196,4,0,5,82,21,2656,9,46,117,310
2010,46119,"Sully County, South Dakota",1373,1326,1,16,0,0,0,30,12,1323,1,46,119,50
2010,46121,"Todd County, South Dakota",9612,921,16,8468,18,0,20,169,227,913,16,46,121,8699
2010,46123,"Tripp County, South Dakota",5644,4689,6,788,12,0,13,136,60,4676,6,46,123,968
2010,46125,"Turner County, South Dakota",8347,8136,20,66,17,3,26,79,112,8078,20,46,125,269
2010,46127,"Union County, South Dakota",14399,13758,95,80,129,11,94,232,305,13608,89,46,127,791
2010,46129,"Walworth County, South Dakota",5438,4494,6,775,13,0,10,140,39,4472,6,46,129,966
2010,46135,"Yankton County, South Dakota",22438,20829,340,572,117,6,252,322,614,20563,327,46,135,1875
2010,46137,"Ziebach County, South Dakota",2801,610,6,2097,2,0,3,83,87,607,6,46,137,2194
2010,47001,"Anderson County, Tennessee",75129,69065,2847,239,803,18,699,1458,1768,68134,2817,47,001,6995
2010,47003,"Bedford County, Tennessee",45058,36848,3564,167,350,47,3150,932,5083,35389,3437,47,003,9669
2010,47005,"Benton County, Tennessee",16489,15737,321,71,62,0,73,225,291,15563,321,47,005,926
2010,47007,"Bledsoe County, Tennessee",12876,12048,470,55,17,3,126,157,255,11936,469,47,007,940
2010,47009,"Blount County, Tennessee",123010,114993,3380,429,875,32,1375,1926,3441,113240,3314,47,009,9770
2010,47011,"Bradley County, Tennessee",98963,89386,4219,330,837,57,2368,1766,4664,87589,4116,47,011,11374
2010,47013,"Campbell County, Tennessee",40716,39778,125,106,103,20,151,433,472,39510,117,47,013,1206
2010,47015,"Cannon County, Tennessee",13801,13325,168,27,19,9,71,182,210,13190,167,47,015,611
2010,47017,"Carroll County, Tennessee",28522,24755,2879,113,56,12,243,464,595,24455,2851,47,017,4067
2010,47019,"Carter County, Tennessee",57424,55335,760,116,181,8,354,670,890,54849,743,47,019,2575
2010,47021,"Cheatham County, Tennessee",39105,37374,564,128,140,15,395,489,910,36914,552,47,021,2191
2010,47023,"Chester County, Tennessee",17131,15021,1569,72,60,2,136,271,343,14837,1561,47,023,2294
2010,47025,"Claiborne County, Tennessee",32213,31224,282,94,166,5,69,373,265,31051,280,47,025,1162
2010,47027,"Clay County, Tennessee",7861,7589,104,21,7,1,47,92,126,7524,100,47,027,337
2010,47029,"Cocke County, Tennessee",35662,33911,669,136,110,24,209,603,628,33598,659,47,029,2064
2010,47031,"Coffee County, Tennessee",52796,48561,1845,166,452,22,791,959,2007,47539,1820,47,031,5257
2010,47033,"Crockett County, Tennessee",14586,11478,1843,19,25,4,1002,215,1274,11253,1837,47,033,3333
2010,47035,"Cumberland County, Tennessee",56053,54266,161,173,238,37,617,561,1307,53712,146,47,035,2341
2010,47037,"Davidson County, Tennessee",626681,385039,173730,2091,19027,394,30757,15643,61117,359883,172075,47,037,266798
2010,47039,"Decatur County, Tennessee",11757,11139,338,26,25,6,78,145,308,10947,337,47,039,810
2010,47041,"DeKalb County, Tennessee",18723,17352,250,35,49,2,797,238,1239,16980,233,47,041,1743
2010,47043,"Dickson County, Tennessee",49666,45611,2056,172,226,16,684,901,1573,44880,2035,47,043,4786
2010,47045,"Dyer County, Tennessee",38335,31432,5477,82,189,13,455,687,1002,31044,5433,47,045,7291
2010,47047,"Fayette County, Tennessee",38413,26578,10784,106,186,3,414,342,858,26193,10742,47,047,12220
2010,47049,"Fentress County, Tennessee",17959,17623,31,44,38,4,60,159,189,17522,26,47,049,437
2010,47051,"Franklin County, Tennessee",41052,37260,2109,144,299,23,505,712,1029,36839,2086,47,051,4213
2010,47053,"Gibson County, Tennessee",49683,38988,9340,107,106,6,469,667,1012,38571,9307,47,053,11112
2010,47055,"Giles County, Tennessee",29485,25480,3012,102,113,11,177,590,471,25221,3006,47,055,4264
2010,47057,"Grainger County, Tennessee",22657,21978,107,46,24,3,274,225,530,21753,101,47,057,904
2010,47059,"Greene County, Tennessee",68831,65358,1373,166,251,21,839,823,1690,64637,1355,47,059,4194
2010,47061,"Grundy County, Tennessee",13703,13394,37,65,24,1,30,152,113,13321,36,47,061,382
2010,47063,"Hamblen County, Tennessee",62544,54163,2527,209,466,71,3863,1245,6711,51846,2394,47,063,10698
2010,47065,"Hamilton County, Tennessee",336463,248716,67900,1165,5912,296,6797,5677,14993,242154,67483,47,065,94309
2010,47067,"Hancock County, Tennessee",6819,6682,24,19,7,0,9,78,13,6673,24,47,067,146
2010,47069,"Hardeman County, Tennessee",27253,15379,11281,61,147,0,120,265,376,15197,11228,47,069,12056
2010,47071,"Hardin County, Tennessee",26026,24384,896,79,102,7,166,392,497,24110,888,47,071,1916
2010,47073,"Hawkins County, Tennessee",56833,54817,740,119,278,11,240,628,669,54453,735,47,073,2380
2010,47075,"Haywood County, Tennessee",18787,8617,9465,31,21,0,478,175,723,8419,9431,47,075,10368
2010,47077,"Henderson County, Tennessee",27769,24764,2187,48,76,3,206,485,532,24482,2169,47,077,3287
2010,47079,"Henry County, Tennessee",32330,28827,2599,100,95,6,187,516,553,28522,2578,47,079,3808
2010,47081,"Hickman County, Tennessee",24690,22920,1120,125,49,2,118,356,455,22657,1102,47,081,2033
2010,47083,"Houston County, Tennessee",8426,8015,193,24,25,3,35,131,129,7931,190,47,083,495
2010,47085,"Humphreys County, Tennessee",18538,17629,463,82,35,6,101,222,278,17498,455,47,085,1040
2010,47087,"Jackson County, Tennessee",11638,11387,30,53,11,1,34,122,164,11267,29,47,087,371
2010,47089,"Jefferson County, Tennessee",51407,48571,1048,170,213,13,698,694,1619,47738,1031,47,089,3669
2010,47091,"Johnson County, Tennessee",18244,17544,378,34,35,4,74,175,269,17373,373,47,091,871
2010,47093,"Knox County, Tennessee",432226,369794,38045,1251,8095,359,6432,8250,15012,362580,37648,47,093,69646
2010,47095,"Lake County, Tennessee",7832,5490,2171,22,11,1,36,101,136,5409,2162,47,095,2423
2010,47097,"Lauderdale County, Tennessee",27815,17236,9720,176,59,4,257,363,564,17035,9676,47,097,10780
2010,47099,"Lawrence County, Tennessee",41869,40050,642,152,121,2,222,680,689,39690,637,47,099,2179
2010,47101,"Lewis County, Tennessee",12161,11656,199,35,44,5,36,186,221,11507,198,47,101,654
2010,47103,"Lincoln County, Tennessee",33361,29841,2269,151,122,20,367,591,885,29402,2256,47,103,3959
2010,47105,"Loudon County, Tennessee",48556,45339,533,136,287,48,1690,523,3395,43776,517,47,105,4780
2010,47107,"McMinn County, Tennessee",52266,47954,2066,178,388,11,628,1041,1482,47273,2021,47,107,4993
2010,47109,"McNairy County, Tennessee",26075,23925,1550,60,49,2,150,339,396,23716,1541,47,109,2359
2010,47111,"Macon County, Tennessee",22248,21364,93,78,44,3,435,231,919,20961,79,47,111,1287
2010,47113,"Madison County, Tennessee",98294,58226,35636,184,918,31,1851,1448,3306,57060,35530,47,113,41234
2010,47115,"Marion County, Tennessee",28237,26501,1012,114,111,1,158,340,361,26328,1007,47,115,1909
2010,47117,"Marshall County, Tennessee",30617,27094,2003,108,133,19,747,513,1386,26565,1985,47,117,4052
2010,47119,"Maury County, Tennessee",80956,66677,10154,265,489,29,1760,1582,3909,64919,10076,47,119,16037
2010,47121,"Meigs County, Tennessee",11753,11341,116,64,18,0,67,147,176,11261,116,47,121,492
2010,47123,"Monroe County, Tennessee",44519,41661,926,220,152,13,802,745,1448,41146,900,47,123,3373
2010,47125,"Montgomery County, Tennessee",172331,122336,32982,988,3570,676,4164,7615,13752,115553,32003,47,125,56778
2010,47127,"Moore County, Tennessee",6362,6068,145,17,26,1,32,73,70,6037,145,47,127,325
2010,47129,"Morgan County, Tennessee",21987,20761,806,69,41,6,40,264,188,20638,803,47,129,1349
2010,47131,"Obion County, Tennessee",31807,27329,3367,56,77,12,601,365,999,26988,3353,47,131,4819
2010,47133,"Overton County, Tennessee",22083,21571,87,68,44,1,63,249,202,21452,86,47,133,631
2010,47135,"Perry County, Tennessee",7915,7584,119,48,14,0,30,120,131,7502,116,47,135,413
2010,47137,"Pickett County, Tennessee",5077,4993,5,11,4,0,33,31,67,4964,5,47,137,113
2010,47139,"Polk County, Tennessee",16825,16397,50,64,24,4,71,215,233,16262,50,47,139,563
2010,47141,"Putnam County, Tennessee",72321,66536,1455,317,846,46,2006,1115,3858,65052,1421,47,141,7269
2010,47143,"Rhea County, Tennessee",31809,29695,616,141,130,15,710,502,1187,29303,609,47,143,2506
2010,47145,"Roane County, Tennessee",54181,51157,1440,180,278,18,219,889,710,50752,1430,47,145,3429
2010,47147,"Robertson County, Tennessee",66283,57919,4934,234,331,32,1876,957,3903,56159,4877,47,147,10124
2010,47149,"Rutherford County, Tennessee",262604,205417,32886,954,7984,142,8927,6294,17500,198483,32534,47,149,64121
2010,47151,"Scott County, Tennessee",22228,21853,21,57,43,1,56,197,120,21795,19,47,151,433
2010,47153,"Sequatchie County, Tennessee",14112,13543,21,53,40,5,275,175,462,13402,19,47,153,710
2010,47155,"Sevier County, Tennessee",89889,84217,711,342,774,20,2616,1209,4787,82374,640,47,155,7515
2010,47157,"Shelby County, Tennessee",927644,376270,483381,2279,21391,441,30580,13302,52092,359106,481431,47,157,568538
2010,47159,"Smith County, Tennessee",19166,18179,410,87,37,3,192,258,417,18002,405,47,159,1164
2010,47161,"Stewart County, Tennessee",13324,12605,188,75,137,3,81,235,250,12469,187,47,161,855
2010,47163,"Sullivan County, Tennessee",156823,149208,3329,416,884,34,958,1994,2321,148033,3272,47,163,8790
2010,47165,"Sumner County, Tennessee",160645,142844,10311,462,1638,114,2649,2627,6308,139693,10213,47,165,20952
2010,47167,"Tipton County, Tennessee",61081,47501,11449,248,367,52,460,1004,1269,46831,11393,47,167,14250
2010,47169,"Trousdale County, Tennessee",7870,6852,754,33,18,1,73,139,198,6761,748,47,169,1109
2010,47171,"Unicoi County, Tennessee",18313,17553,36,45,30,3,444,202,694,17348,35,47,171,965
2010,47173,"Union County, Tennessee",19109,18678,22,60,19,12,72,246,249,18539,21,47,173,570
2010,47175,"Van Buren County, Tennessee",5548,5441,23,15,8,0,10,51,50,5408,22,47,175,140
2010,47177,"Warren County, Tennessee",39839,35650,1142,109,190,13,2081,654,3224,34739,1085,47,177,5100
2010,47179,"Washington County, Tennessee",122979,112619,4814,377,1466,38,1534,2131,3633,110902,4727,47,179,12077
2010,47181,"Wayne County, Tennessee",17021,15712,978,54,30,5,80,162,277,15535,975,47,181,1486
2010,47183,"Weakley County, Tennessee",35021,31124,2736,101,368,8,200,484,700,30696,2717,47,183,4325
2010,47185,"White County, Tennessee",25841,24739,459,82,69,20,108,364,425,24496,450,47,185,1345
2010,47187,"Williamson County, Tennessee",183182,163728,7941,396,5517,82,2784,2734,8166,158769,7828,47,187,24413
2010,47189,"Wilson County, Tennessee",113993,101379,7297,395,1276,44,1751,1851,3691,99717,7234,47,189,14276
2010,48001,"Anderson County, Texas",58458,38632,12310,259,291,21,5952,993,9287,35792,12222,48,001,22666
2010,48003,"Andrews County, Texas",14786,11749,222,142,91,1,2289,292,7195,7083,199,48,003,7703
2010,48005,"Angelina County, Texas",86771,62537,13035,411,785,13,8466,1524,17145,54889,12840,48,005,31882
2010,48007,"Aransas County, Texas",23158,20231,303,171,455,8,1467,523,5690,16350,258,48,007,6808
2010,48009,"Archer County, Texas",9054,8504,40,60,18,3,295,134,675,8182,34,48,009,872
2010,48011,"Armstrong County, Texas",1901,1774,11,15,0,0,80,21,124,1725,11,48,011,176
2010,48013,"Atascosa County, Texas",44911,38130,359,341,156,30,4879,1016,27785,16295,256,48,013,28616
2010,48015,"Austin County, Texas",28417,22379,2668,138,118,1,2489,624,6641,18657,2622,48,015,9760
2010,48017,"Bailey County, Texas",7165,5392,86,103,30,6,1406,142,4283,2745,67,48,017,4420
2010,48019,"Bandera County, Texas",20485,19010,98,166,57,2,782,370,3415,16576,90,48,019,3909
2010,48021,"Bastrop County, Texas",74171,54750,5772,739,489,66,10206,2149,24190,42446,5535,48,021,31725
2010,48023,"Baylor County, Texas",3726,3410,75,11,4,3,146,77,455,3147,71,48,023,579
2010,48025,"Bee County, Texas",31861,25092,2592,165,177,17,3080,738,17906,10967,2525,48,025,20894
2010,48027,"Bell County, Texas",310235,190553,66700,2496,8748,2430,23834,15474,67010,157289,63380,48,027,152946
2010,48029,"Bexar County, Texas",1714773,1250252,128892,14475,41739,2350,217389,59676,1006958,519123,118460,48,029,1195650
2010,48031,"Blanco County, Texas",10497,9475,69,74,51,4,623,201,1909,8336,62,48,031,2161
2010,48033,"Borden County, Texas",641,600,0,2,1,0,28,10,95,539,0,48,033,102
2010,48035,"Bosque County, Texas",18212,16372,296,104,41,2,1079,318,2926,14701,277,48,035,3511
2010,48037,"Bowie County, Texas",92565,63641,22387,694,734,51,3077,1981,6062,61343,22230,48,037,31222
2010,48039,"Brazoria County, Texas",313166,219416,37761,1770,17227,89,28656,8247,86643,166674,36880,48,039,146492
2010,48041,"Brazos County, Texas",194851,142814,21414,865,10083,119,14997,4559,45405,115252,20827,48,041,79599
2010,48043,"Brewster County, Texas",9232,7993,104,103,66,5,699,262,3918,5011,79,48,043,4221
2010,48045,"Briscoe County, Texas",1637,1433,41,3,0,0,120,40,411,1163,40,48,045,474
2010,48047,"Brooks County, Texas",7223,6471,37,25,21,1,570,98,6590,573,19,48,047,6650
2010,48049,"Brown County, Texas",38106,32962,1382,216,163,14,2569,800,7453,28478,1303,48,049,9628
2010,48051,"Burleson County, Texas",17187,13392,2098,107,28,3,1233,326,3166,11696,2064,48,051,5491
2010,48053,"Burnet County, Texas",42750,37825,766,290,203,17,2855,794,8652,32530,700,48,053,10220
2010,48055,"Caldwell County, Texas",38066,28865,2585,305,357,13,4975,966,17922,16841,2456,48,055,21225
2010,48057,"Calhoun County, Texas",21381,17432,565,104,948,8,1883,441,9922,9794,519,48,057,11587
2010,48059,"Callahan County, Texas",13544,12724,141,75,57,8,292,247,1025,12065,135,48,059,1479
2010,48061,"Cameron County, Texas",406220,353423,2155,1688,2689,113,39905,6247,357747,43427,1192,48,061,362793
2010,48063,"Camp County, Texas",12401,8402,2163,82,60,17,1337,340,2648,7298,2133,48,063,5103
2010,48065,"Carson County, Texas",6182,5803,35,67,19,0,153,105,525,5473,35,48,065,709
2010,48067,"Cass County, Texas",30464,24079,5315,161,91,4,390,424,1053,23522,5299,48,067,6942
2010,48069,"Castro County, Texas",8062,5532,162,76,33,0,2129,130,4828,3004,149,48,069,5058
2010,48071,"Chambers County, Texas",35096,27582,2872,219,339,21,3320,743,6635,24767,2817,48,071,10329
2010,48073,"Cherokee County, Texas",50845,36450,7498,342,237,9,5207,1102,10499,31892,7401,48,073,18953
2010,48075,"Childress County, Texas",7041,5774,698,40,50,2,376,101,1885,4327,684,48,075,2714
2010,48077,"Clay County, Texas",10752,10224,57,123,28,1,138,181,467,9941,53,48,077,811
2010,48079,"Cochran County, Texas",3127,2288,125,36,5,3,586,84,1654,1329,110,48,079,1798
2010,48081,"Coke County, Texas",3320,3036,8,37,5,1,169,64,602,2651,7,48,081,669
2010,48083,"Coleman County, Texas",8895,7841,197,58,32,1,593,173,1419,7123,186,48,083,1772
2010,48085,"Collin County, Texas",782341,560036,66387,4448,87752,448,40087,23183,115354,493492,64715,48,085,288849
2010,48087,"Collingsworth County, Texas",3057,2338,134,52,4,0,405,124,916,1937,122,48,087,1120
2010,48089,"Colorado County, Texas",20874,15676,2740,125,77,16,1846,394,5452,12496,2636,48,089,8378
2010,48091,"Comal County, Texas",108472,97044,1727,645,849,51,5808,2348,26989,77387,1606,48,091,31085
2010,48093,"Comanche County, Texas",13974,12417,53,92,35,4,1143,230,3605,10145,25,48,093,3829
2010,48095,"Concho County, Texas",4087,3553,77,16,14,5,345,77,2173,1810,57,48,095,2277
2010,48097,"Cooke County, Texas",38437,32943,1054,402,290,19,2901,828,5997,30255,1018,48,097,8182
2010,48099,"Coryell County, Texas",75388,53033,11943,639,1423,662,3881,3807,11973,46776,11450,48,099,28612
2010,48101,"Cottle County, Texas",1505,1212,133,5,0,1,123,31,316,1043,129,48,101,462
2010,48103,"Crane County, Texas",4375,3243,125,44,16,0,847,100,2409,1761,122,48,103,2614
2010,48105,"Crockett County, Texas",3719,3092,30,34,13,3,483,64,2352,1312,13,48,105,2407
2010,48107,"Crosby County, Texas",6059,4784,209,35,6,4,898,123,3171,2625,199,48,107,3434
2010,48109,"Culberson County, Texas",2398,1892,15,31,24,0,369,67,1827,504,8,48,109,1894
2010,48111,"Dallam County, Texas",6703,5371,84,83,41,6,871,247,2717,3726,81,48,111,2977
2010,48113,"Dallas County, Texas",2368139,1267861,528200,17133,119250,1222,367610,66863,905940,784693,518732,48,113,1583446
2010,48115,"Dawson County, Texas",13833,10606,905,99,49,7,1854,313,7387,5402,860,48,115,8431
2010,48117,"Deaf Smith County, Texas",19372,15075,242,176,61,2,3352,464,13039,5939,158,48,117,13433
2010,48119,"Delta County, Texas",5231,4461,380,72,30,0,141,147,288,4351,375,48,119,880
2010,48121,"Denton County, Texas",662614,497260,55534,4551,43478,462,41916,19413,120836,426887,54034,48,121,235727
2010,48123,"DeWitt County, Texas",20097,15206,1876,88,44,0,2414,469,6502,11482,1781,48,123,8615
2010,48125,"Dickens County, Texas",2444,2052,99,38,22,0,192,41,708,1590,92,48,125,854
2010,48127,"Dimmit County, Texas",9996,8860,99,34,56,0,785,162,8616,1217,81,48,127,8779
2010,48129,"Donley County, Texas",3677,3307,164,18,9,2,111,66,309,3136,163,48,129,541
2010,48131,"Duval County, Texas",11782,10247,110,45,22,5,1152,201,10424,1206,86,48,131,10576
2010,48133,"Eastland County, Texas",18583,16697,335,124,62,9,1062,294,2673,15271,318,48,133,3312
2010,48135,"Ector County, Texas",137130,104653,6141,1351,1080,119,20384,3402,72331,56306,5596,48,135,80824
2010,48137,"Edwards County, Texas",2002,1739,11,26,7,0,197,22,1027,947,10,48,137,1055
2010,48139,"Ellis County, Texas",149610,117662,13482,893,851,95,13344,3283,35161,97987,13161,48,139,51623
2010,48141,"El Paso County, Texas",800647,656993,24864,6007,8284,999,83796,19704,658134,105246,20649,48,141,695401
2010,48143,"Erath County, Texas",37890,32441,451,291,257,13,3796,641,7279,29382,431,48,143,8508
2010,48145,"Falls County, Texas",17866,10832,4524,101,46,10,2010,343,3716,9381,4463,48,145,8485
2010,48147,"Fannin County, Texas",33915,29172,2312,369,125,7,1228,702,3226,27433,2273,48,147,6482
2010,48149,"Fayette County, Texas",24554,20491,1632,177,66,7,1849,332,4585,18038,1599,48,149,6516
2010,48151,"Fisher County, Texas",3974,3444,136,20,8,0,286,80,999,2797,124,48,151,1177
2010,48153,"Floyd County, Texas",6446,4916,232,47,11,1,1163,76,3410,2777,211,48,153,3669
2010,48155,"Foard County, Texas",1336,1211,53,3,5,0,54,10,187,1087,53,48,155,249
2010,48157,"Fort Bend County, Texas",585375,296310,125818,2302,99370,226,44328,17021,138967,211680,123267,48,157,373695
2010,48159,"Franklin County, Texas",10605,9178,417,72,50,2,696,190,1333,8601,411,48,159,2004
2010,48161,"Freestone County, Texas",19816,14484,3193,140,58,5,1614,322,2694,13656,3164,48,161,6160
2010,48163,"Frio County, Texas",17217,13326,584,85,367,1,2518,336,13401,2796,524,48,163,14421
2010,48165,"Gaines County, Texas",17526,14726,305,102,44,0,1996,353,6413,10628,261,48,165,6898
2010,48167,"Galveston County, Texas",291309,211088,40112,1748,8690,149,21631,7891,65270,172652,39229,48,167,118657
2010,48169,"Garza County, Texas",6461,5348,420,36,8,3,571,75,3046,2962,392,48,169,3499
2010,48171,"Gillespie County, Texas",24837,22667,89,154,89,11,1520,307,4969,19472,47,48,171,5365
2010,48173,"Glasscock County, Texas",1226,1044,15,4,1,2,145,15,378,825,15,48,173,401
2010,48175,"Goliad County, Texas",7210,6035,343,50,15,2,595,170,2462,4337,310,48,175,2873
2010,48177,"Gonzales County, Texas",19807,14158,1468,190,78,5,3474,434,9353,8836,1353,48,177,10971
2010,48179,"Gray County, Texas",22535,18363,1097,200,91,1,2238,545,5365,15564,1055,48,179,6971
2010,48181,"Grayson County, Texas",120877,101371,7081,1835,1046,41,6261,3242,13688,95103,6938,48,181,25774
2010,48183,"Gregg County, Texas",121730,81928,24390,728,1343,56,10543,2742,20018,74005,24068,48,183,47725
2010,48185,"Grimes County, Texas",26604,19409,4390,139,63,7,2020,576,5652,16133,4348,48,185,10471
2010,48187,"Guadalupe County, Texas",131533,105017,8512,897,1861,186,11053,4007,46889,72086,7963,48,187,59447
2010,48189,"Hale County, Texas",36273,25670,1925,350,142,21,7097,1068,20269,13647,1803,48,189,22626
2010,48191,"Hall County, Texas",3353,2579,242,26,3,2,449,52,1087,1998,235,48,191,1355
2010,48193,"Hamilton County, Texas",8517,7913,46,68,34,1,366,89,863,7495,38,48,193,1022
2010,48195,"Hansford County, Texas",5613,4593,36,52,16,0,789,127,2430,3088,31,48,195,2525
2010,48197,"Hardeman County, Texas",4139,3538,246,26,12,0,211,106,889,2938,217,48,197,1201
2010,48199,"Hardin County, Texas",54635,49505,3193,217,276,6,720,718,2384,48088,3181,48,199,6547
2010,48201,"Harris County, Texas",4092459,2318256,775492,27763,253032,3018,583566,131332,1671540,1349646,754258,48,201,2742813
2010,48203,"Harrison County, Texas",65631,45020,14398,447,339,31,4277,1119,7254,42654,14303,48,203,22977
2010,48205,"Hartley County, Texas",6062,5272,418,22,29,3,250,68,1448,4111,416,48,205,1951
2010,48207,"Haskell County, Texas",5899,4876,220,39,31,0,579,154,1414,4148,203,48,207,1751
2010,48209,"Hays County, Texas",157107,126712,5536,1224,1821,137,17232,4445,55401,92062,4970,48,209,65045
2010,48211,"Hemphill County, Texas",3807,3310,9,15,18,3,383,69,1086,2656,4,48,211,1151
2010,48213,"Henderson County, Texas",78532,67395,4887,433,328,32,4031,1426,8490,63494,4813,48,213,15038
2010,48215,"Hidalgo County, Texas",774769,681649,4569,2589,7478,94,68128,10262,702206,60553,2777,48,215,714216
2010,48217,"Hill County, Texas",35089,29307,2224,175,118,20,2534,711,6427,25836,2161,48,217,9253
2010,48219,"Hockley County, Texas",22935,18000,837,207,63,4,3261,563,9993,11795,801,48,219,11140
2010,48221,"Hood County, Texas",51182,47378,252,359,303,39,2103,748,5234,44588,225,48,221,6594
2010,48223,"Hopkins County, Texas",35161,28646,2483,211,175,26,2915,705,5368,26501,2448,48,223,8660
2010,48225,"Houston County, Texas",23732,15896,6179,95,95,1,1127,339,2364,14811,6129,48,225,8921
2010,48227,"Howard County, Texas",35012,25928,2181,317,267,15,5583,721,13255,18801,2079,48,227,16211
2010,48229,"Hudspeth County, Texas",3476,2738,48,38,16,0,561,75,2768,628,30,48,229,2848
2010,48231,"Hunt County, Texas",86129,70248,7133,804,916,147,4852,2029,11751,64393,6976,48,231,21736
2010,48233,"Hutchinson County, Texas",22150,18944,558,364,91,5,1582,606,4386,16482,512,48,233,5668
2010,48235,"Irion County, Texas",1599,1464,11,7,3,0,80,34,407,1153,11,48,235,446
2010,48237,"Jack County, Texas",9044,7913,340,62,31,3,600,95,1283,7289,340,48,237,1755
2010,48239,"Jackson County, Texas",14075,11446,988,57,50,1,1237,296,4079,8855,942,48,239,5220
2010,48241,"Jasper County, Texas",35710,27738,5959,197,200,14,1066,536,2017,26939,5931,48,241,8771
2010,48243,"Jeff Davis County, Texas",2342,2113,23,15,7,1,135,48,790,1490,10,48,243,852
2010,48245,"Jefferson County, Texas",252273,131574,85291,1381,8630,83,20353,4961,42899,112503,84500,48,245,139770
2010,48247,"Jim Hogg County, Texas",5300,4658,22,20,15,0,504,81,4907,334,18,48,247,4966
2010,48249,"Jim Wells County, Texas",40838,35620,237,270,151,9,3892,659,32254,8062,156,48,249,32776
2010,48251,"Johnson County, Texas",150934,131622,3979,1078,982,493,9569,3211,27319,115545,3797,48,251,35389
2010,48253,"Jones County, Texas",20202,14375,2344,117,79,1,2936,350,5009,12549,2292,48,253,7653
2010,48255,"Karnes County, Texas",14824,10408,1377,71,32,2,2734,200,7376,5956,1351,48,255,8868
2010,48257,"Kaufman County, Texas",103350,81776,10730,742,903,33,6809,2357,17548,72328,10571,48,257,31022
2010,48259,"Kendall County, Texas",33410,30299,167,186,209,17,1888,644,6829,25746,138,48,259,7664
2010,48261,"Kenedy County, Texas",416,364,5,6,1,0,28,12,319,86,1,48,261,330
2010,48263,"Kent County, Texas",808,753,8,7,0,0,29,11,120,669,6,48,263,139
2010,48265,"Kerr County, Texas",49625,43505,884,355,373,30,3419,1059,11895,35851,739,48,265,13774
2010,48267,"Kimble County, Texas",4607,4216,18,38,19,3,274,39,1077,3450,16,48,267,1157
2010,48269,"King County, Texas",286,268,0,3,0,0,11,4,39,242,0,48,269,44
2010,48271,"Kinney County, Texas",3598,3187,53,26,10,0,248,74,2004,1496,39,48,271,2102
2010,48273,"Kleberg County, Texas",32061,25618,1201,196,751,37,3494,764,22495,7479,1070,48,273,24582
2010,48275,"Knox County, Texas",3719,2842,214,21,7,1,524,110,1101,2347,209,48,275,1372
2010,48277,"Lamar County, Texas",49793,39489,6703,700,311,10,1242,1338,3223,37891,6628,48,277,11902
2010,48279,"Lamb County, Texas",13977,10403,598,129,20,4,2497,326,7231,6020,555,48,279,7957
2010,48281,"Lampasas County, Texas",19677,16792,632,177,201,39,1216,620,3443,14836,581,48,281,4841
2010,48283,"La Salle County, Texas",6886,6176,34,40,7,0,549,80,5920,894,18,48,283,5992
2010,48285,"Lavaca County, Texas",19263,16563,1301,60,56,17,939,327,3077,14674,1255,48,285,4589
2010,48287,"Lee County, Texas",16612,13101,1807,104,55,18,1204,323,3724,10798,1772,48,287,5814
2010,48289,"Leon County, Texas",16801,14258,1202,71,81,2,946,241,2260,13078,1181,48,289,3723
2010,48291,"Liberty County, Texas",75643,58363,8202,430,348,26,6789,1485,13602,52321,8074,48,291,23322
2010,48293,"Limestone County, Texas",23384,16139,4103,121,90,7,2464,460,4465,14433,4041,48,293,8951
2010,48295,"Lipscomb County, Texas",3302,2845,25,37,10,0,311,74,1007,2213,7,48,295,1089
2010,48297,"Live Oak County, Texas",11531,10107,502,92,57,3,592,178,4060,6805,453,48,297,4726
2010,48299,"Llano County, Texas",19301,18319,112,118,77,5,397,273,1542,17303,102,48,299,1998
2010,48301,"Loving County, Texas",82,65,0,4,0,0,7,6,18,60,0,48,301,22
2010,48303,"Lubbock County, Texas",278831,215519,20952,2040,5753,188,27512,6867,88924,159815,19957,48,303,119016
2010,48305,"Lynn County, Texas",5915,4748,127,72,8,0,822,138,2743,2984,113,48,305,2931
2010,48307,"McCulloch County, Texas",8283,6947,160,55,29,1,941,150,2476,5568,133,48,307,2715
2010,48309,"McLennan County, Texas",234906,164037,34767,1473,3220,107,25497,5805,55471,138295,33892,48,309,96611
2010,48311,"McMullen County, Texas",707,643,8,0,3,0,35,18,261,432,8,48,311,275
2010,48313,"Madison County, Texas",13664,9149,2719,68,79,3,1407,239,2688,8030,2687,48,313,5634
2010,48315,"Marion County, Texas",10546,7752,2325,85,50,3,105,226,328,7564,2319,48,315,2982
2010,48317,"Martin County, Texas",4799,4067,78,30,12,3,524,85,2086,2578,67,48,317,2221
2010,48319,"Mason County, Texas",4012,3731,18,18,7,0,199,39,864,3092,14,48,319,920
2010,48321,"Matagorda County, Texas",36702,26137,4200,258,719,8,4530,850,14074,17400,4060,48,321,19302
2010,48323,"Maverick County, Texas",54258,49617,135,642,177,4,3138,545,51914,1552,75,48,323,52706
2010,48325,"Medina County, Texas",46006,39369,1012,331,296,36,3950,1012,22871,21408,913,48,325,24598
2010,48327,"Menard County, Texas",2242,1847,13,18,3,0,324,37,790,1425,11,48,327,817
2010,48329,"Midland County, Texas",136872,105302,9087,1013,1715,54,16431,3270,51600,72822,8675,48,329,64050
2010,48331,"Milam County, Texas",24757,19347,2473,171,96,1,2228,441,5780,16216,2380,48,331,8541
2010,48333,"Mills County, Texas",4936,4440,26,19,11,1,364,75,818,4024,26,48,333,912
2010,48335,"Mitchell County, Texas",9403,6433,1060,70,28,0,1662,150,3481,4753,1043,48,335,4650
2010,48337,"Montague County, Texas",19719,18384,53,175,62,4,717,324,1930,17347,38,48,337,2372
2010,48339,"Montgomery County, Texas",455746,380593,19401,3348,9546,311,31854,10693,94698,324611,18537,48,339,131135
2010,48341,"Moore County, Texas",21904,15886,336,280,1337,18,3583,464,11542,8370,287,48,341,13534
2010,48343,"Morris County, Texas",12934,9014,2976,93,45,7,545,254,1003,8636,2952,48,343,4298
2010,48345,"Motley County, Texas",1210,1115,24,10,0,0,48,13,163,1013,24,48,345,197
2010,48347,"Nacogdoches County, Texas",64524,44249,11731,365,797,25,6067,1290,11356,39699,11573,48,347,24825
2010,48349,"Navarro County, Texas",47735,33142,6606,305,253,382,5978,1069,11345,28587,6490,48,349,19148
2010,48351,"Newton County, Texas",14445,11105,2901,80,62,1,86,210,403,10825,2891,48,351,3620
2010,48353,"Nolan County, Texas",15216,12728,715,95,67,0,1267,344,5103,9191,666,48,353,6025
2010,48355,"Nueces County, Texas",340223,277402,13637,2128,5731,269,32797,8259,206293,111870,12178,48,355,228353
2010,48357,"Ochiltree County, Texas",10223,8747,39,98,28,4,1067,240,4982,5062,19,48,357,5161
2010,48359,"Oldham County, Texas",2052,1850,62,13,17,0,80,30,243,1699,60,48,359,353
2010,48361,"Orange County, Texas",81837,70478,6979,426,804,43,1681,1426,4766,67895,6922,48,361,13942
2010,48363,"Palo Pinto County, Texas",28111,24497,621,202,134,14,2137,506,4985,21958,597,48,363,6153
2010,48365,"Panola County, Texas",23796,18267,3867,105,73,3,1064,417,1970,17521,3850,48,365,6275
2010,48367,"Parker County, Texas",116927,106862,1915,909,639,40,4431,2131,12410,99698,1842,48,367,17229
2010,48369,"Parmer County, Texas",10269,7969,119,100,25,21,1815,220,6164,3943,91,48,369,6326
2010,48371,"Pecos County, Texas",15507,12307,572,125,79,5,2092,327,10430,4326,528,48,371,11181
2010,48373,"Polk County, Texas",45413,35082,5211,881,188,10,3280,761,5959,32830,5153,48,373,12583
2010,48375,"Potter County, Texas",121073,84523,12365,1004,4822,63,14611,3685,42692,59322,11823,48,375,61751
2010,48377,"Presidio County, Texas",7818,6715,47,57,76,0,771,152,6521,1136,27,48,377,6682
2010,48379,"Rains County, Texas",10914,9953,256,113,55,1,366,170,839,9553,249,48,379,1361
2010,48381,"Randall County, Texas",120725,107305,2867,822,1684,41,5311,2695,19775,94361,2701,48,381,26364
2010,48383,"Reagan County, Texas",3367,2596,70,20,6,0,613,62,2051,1219,65,48,383,2148
2010,48385,"Real County, Texas",3309,2996,22,37,2,12,175,65,814,2398,20,48,385,911
2010,48387,"Red River County, Texas",12860,9838,2233,125,23,1,410,230,849,9503,2211,48,387,3357
2010,48389,"Reeves County, Texas",13783,10645,690,64,119,6,2047,212,10233,2690,672,48,389,11093
2010,48391,"Refugio County, Texas",7383,5943,483,42,33,0,735,147,3487,3337,445,48,391,4046
2010,48393,"Roberts County, Texas",929,871,1,3,2,0,33,19,74,841,0,48,393,88
2010,48395,"Robertson County, Texas",16622,11247,3586,96,103,1,1262,327,2990,9821,3509,48,395,6801
2010,48397,"Rockwall County, Texas",78337,65514,4521,472,1897,56,4246,1631,12470,58046,4397,48,397,20291
2010,48399,"Runnels County, Texas",10501,8735,192,71,21,3,1304,175,3361,6841,165,48,399,3660
2010,48401,"Rusk County, Texas",53330,38512,9435,290,214,19,3800,1060,7609,35237,9359,48,401,18093
2010,48403,"Sabine County, Texas",10834,9658,784,56,33,0,133,170,344,9484,778,48,403,1350
2010,48405,"San Augustine County, Texas",8865,6375,2016,35,23,0,293,123,532,6183,2013,48,405,2682
2010,48407,"San Jacinto County, Texas",26384,21693,2710,164,123,9,1164,521,2880,20204,2662,48,407,6180
2010,48409,"San Patricio County, Texas",64804,55660,1071,386,537,58,5522,1570,35248,27330,902,48,409,37474
2010,48411,"San Saba County, Texas",6131,5166,204,48,13,0,605,95,1715,4135,194,48,411,1996
2010,48413,"Schleicher County, Texas",3461,2780,38,16,4,0,527,96,1536,1872,32,48,413,1589
2010,48415,"Scurry County, Texas",16921,13325,799,106,59,4,2247,381,6149,9773,764,48,415,7148
2010,48417,"Shackelford County, Texas",3378,3145,29,19,9,1,113,62,340,2961,14,48,417,417
2010,48419,"Shelby County, Texas",25448,17467,4432,89,81,0,3021,358,4164,16535,4414,48,419,8913
2010,48421,"Sherman County, Texas",3034,2680,14,23,7,0,264,46,1227,1762,12,48,421,1272
2010,48423,"Smith County, Texas",209714,147086,37629,1141,2597,79,17024,4158,36088,130246,37195,48,423,79468
2010,48425,"Somervell County, Texas",8490,7220,57,72,53,1,857,230,1626,6595,54,48,425,1895
2010,48427,"Starr County, Texas",60968,58585,69,77,133,0,1811,293,58337,2449,15,48,427,58519
2010,48429,"Stephens County, Texas",9630,8161,201,51,32,1,1023,161,2011,7289,195,48,429,2341
2010,48431,"Sterling County, Texas",1143,1013,14,23,0,0,71,22,365,733,13,48,431,410
2010,48433,"Stonewall County, Texas",1490,1306,39,8,14,0,94,29,209,1206,38,48,433,284
2010,48435,"Sutton County, Texas",4128,3662,17,17,8,0,361,63,2459,1639,6,48,435,2489
2010,48437,"Swisher County, Texas",7854,5901,566,72,10,4,1150,151,3149,4025,552,48,437,3829
2010,48439,"Tarrant County, Texas",1809034,1205530,268983,11827,84561,3184,180672,54277,482977,937135,262522,48,439,871899
2010,48441,"Taylor County, Texas",131506,104409,9699,892,2073,123,10040,4270,29074,88121,9122,48,441,43385
2010,48443,"Terrell County, Texas",984,828,7,9,4,0,121,15,467,495,6,48,443,489
2010,48445,"Terry County, Texas",12651,10283,605,78,30,0,1331,324,6211,5747,565,48,445,6904
2010,48447,"Throckmorton County, Texas",1641,1555,11,12,7,0,43,13,152,1453,9,48,447,188
2010,48449,"Titus County, Texas",32334,21848,3091,354,237,16,6034,754,12799,15904,3000,48,449,16430
2010,48451,"Tom Green County, Texas",110224,90069,4445,877,1118,100,10484,3131,39315,63799,3997,48,451,46425
2010,48453,"Travis County, Texas",1024266,709814,87308,8555,59333,718,124706,33832,342766,517644,82805,48,453,506622
2010,48455,"Trinity County, Texas",14585,12302,1378,69,42,3,576,215,1117,11819,1377,48,455,2766
2010,48457,"Tyler County, Texas",21766,17930,2390,115,51,6,1010,264,1487,17507,2376,48,457,4259
2010,48459,"Upshur County, Texas",39309,33466,3416,259,150,3,1167,848,2613,32257,3388,48,459,7052
2010,48461,"Upton County, Texas",3355,2516,63,58,0,0,649,69,1644,1611,49,48,461,1744
2010,48463,"Uvalde County, Texas",26405,20631,170,146,134,6,4534,784,18299,7666,110,48,463,18739
2010,48465,"Val Verde County, Texas",48879,41534,746,240,238,44,5067,1010,39199,8548,563,48,465,40331
2010,48467,"Van Zandt County, Texas",52579,47784,1427,457,171,33,1741,966,4847,45087,1403,48,467,7492
2010,48469,"Victoria County, Texas",86793,69013,5513,503,899,23,8747,2095,38113,41564,5190,48,469,45229
2010,48471,"Walker County, Texas",67861,45511,15257,302,631,28,4737,1395,11389,39671,15098,48,471,28190
2010,48473,"Waller County, Texas",43205,25254,10739,354,214,10,5682,952,12536,19260,10537,48,473,23945
2010,48475,"Ward County, Texas",10658,8227,522,98,32,1,1429,349,5074,4922,474,48,475,5736
2010,48477,"Washington County, Texas",33718,25008,5947,99,445,8,1679,532,4641,22394,5861,48,477,11324
2010,48479,"Webb County, Texas",250304,220201,1132,1006,1464,30,22782,3689,239653,8345,487,48,479,241959
2010,48481,"Wharton County, Texas",41280,29793,5817,161,160,2,4596,751,15445,19681,5668,48,481,21599
2010,48483,"Wheeler County, Texas",5410,4469,113,44,23,0,638,123,1344,3847,112,48,483,1563
2010,48485,"Wichita County, Texas",131500,101331,13811,1394,2669,101,8368,3826,21859,90001,13322,48,485,41499
2010,48487,"Wilbarger County, Texas",13535,10585,1086,145,98,6,1271,344,3508,8585,1049,48,487,4950
2010,48489,"Willacy County, Texas",22134,18995,473,63,140,7,2048,408,19297,2235,389,48,489,19899
2010,48491,"Williamson County, Texas",422679,330191,26196,2629,20433,413,29336,13481,98034,269481,24744,48,491,153198
2010,48493,"Wilson County, Texas",42918,38231,701,281,163,9,2614,919,16412,25186,644,48,493,17732
2010,48495,"Winkler County, Texas",7110,5238,156,71,17,0,1410,218,3824,3024,129,48,495,4086
2010,48497,"Wise County, Texas",59127,52448,627,461,244,16,4093,1238,10112,47122,573,48,497,12005
2010,48499,"Wood County, Texas",41964,37213,1972,280,161,21,1724,593,3551,35628,1951,48,499,6336
2010,48501,"Yoakum County, Texas",7879,5868,70,59,31,1,1640,210,4622,3090,55,48,501,4789
2010,48503,"Young County, Texas",18550,16748,232,138,65,5,1004,358,3045,14959,220,48,503,3591
2010,48505,"Zapata County, Texas",14018,13122,19,42,32,0,725,78,13084,861,11,48,505,13157
2010,48507,"Zavala County, Texas",11677,10301,89,41,4,16,1062,164,10961,647,35,48,507,11030
2010,49001,"Beaver County, Utah",6629,5900,16,76,70,19,455,93,716,5700,14,49,001,929
2010,49003,"Box Elder County, Utah",49975,45861,172,412,443,84,1886,1117,4152,44109,139,49,003,5866
2010,49005,"Cache County, Utah",112656,100397,697,690,2122,436,6169,2145,11216,96283,596,49,005,16373
2010,49007,"Carbon County, Utah",21403,19757,93,252,125,23,648,505,2659,18007,84,49,007,3396
2010,49009,"Daggett County, Utah",1059,1016,4,8,4,1,15,11,33,1000,4,49,009,59
2010,49011,"Davis County, Utah",306479,275956,3702,1424,5416,1813,9923,8245,25753,263049,3435,49,011,43430
2010,49013,"Duchesne County, Utah",18607,16589,44,842,52,51,491,538,1117,16211,31,49,013,2396
2010,49015,"Emery County, Utah",10976,10309,26,78,38,9,421,95,654,10108,25,49,015,868
2010,49017,"Garfield County, Utah",5172,4869,22,85,61,10,81,44,234,4740,13,49,017,432
2010,49019,"Grand County, Utah",9225,8207,29,381,77,3,344,184,881,7759,27,49,019,1466
2010,49021,"Iron County, Utah",46163,41848,227,1019,349,139,1502,1079,3563,40226,204,49,021,5937
2010,49023,"Juab County, Utah",10246,9831,25,90,22,15,113,150,379,9631,21,49,023,615
2010,49025,"Kane County, Utah",7125,6816,16,104,31,1,62,95,263,6639,15,49,025,486
2010,49027,"Millard County, Utah",12503,10950,12,125,76,15,1132,193,1603,10589,10,49,027,1914
2010,49029,"Morgan County, Utah",9469,9234,16,18,34,10,66,91,226,9098,15,49,029,371
2010,49031,"Piute County, Utah",1556,1474,2,5,6,2,46,21,109,1419,2,49,031,137
2010,49033,"Rich County, Utah",2264,2196,0,16,7,1,16,28,96,2131,0,49,033,133
2010,49035,"Salt Lake County, Utah",1029655,836074,16404,9157,33987,15781,85958,32294,176015,761885,14622,49,035,267770
2010,49037,"San Juan County, Utah",14746,6759,25,7431,37,5,150,339,649,6474,21,49,037,8272
2010,49039,"Sanpete County, Utah",27822,25158,229,305,150,138,1353,489,2619,24109,209,49,039,3713
2010,49041,"Sevier County, Utah",20802,19734,39,230,67,36,377,319,932,19325,34,49,041,1477
2010,49043,"Summit County, Utah",36324,32890,154,122,446,38,2077,597,4190,31012,110,49,043,5312
2010,49045,"Tooele County, Utah",58218,52804,406,563,374,220,2232,1619,6661,49174,372,49,045,9044
2010,49047,"Uintah County, Utah",32588,28232,121,2509,166,74,728,758,2330,26999,96,49,047,5589
2010,49049,"Utah County, Utah",516564,461775,2799,3074,7032,3905,23943,14036,55793,434708,2421,49,049,81856
2010,49051,"Wasatch County, Utah",23530,21275,79,127,181,29,1513,326,3184,19818,49,49,051,3712
2010,49053,"Washington County, Utah",138115,123914,790,1869,982,1078,6313,3169,13486,118282,632,49,053,19833
2010,49055,"Wayne County, Utah",2778,2634,2,13,19,4,60,46,116,2596,2,49,055,182
2010,49057,"Weber County, Utah",231236,197101,3136,1902,2911,614,18680,6892,38711,180638,2748,49,057,50598
2010,50001,"Addison County, Vermont",36821,35078,283,88,532,6,202,632,685,34660,269,50,001,2161
2010,50003,"Bennington County, Vermont",37125,35858,308,94,269,16,113,467,525,35517,291,50,003,1608
2010,50005,"Caledonia County, Vermont",31227,30138,167,138,251,1,92,440,331,29909,150,50,005,1318
2010,50007,"Chittenden County, Vermont",156545,144752,3319,414,4399,48,605,3008,2856,142848,3172,50,007,13697
2010,50009,"Essex County, Vermont",6306,6138,18,36,22,0,9,83,59,6094,16,50,009,212
2010,50011,"Franklin County, Vermont",47746,45648,213,500,231,14,125,1015,571,45290,200,50,011,2456
2010,50013,"Grand Isle County, Vermont",6970,6641,25,66,21,4,18,195,80,6600,23,50,013,370
2010,50015,"Lamoille County, Vermont",24475,23656,149,94,125,4,83,364,322,23427,142,50,015,1048
2010,50017,"Orange County, Vermont",28936,28077,110,85,140,3,82,439,282,27898,107,50,017,1038
2010,50019,"Orleans County, Vermont",27231,26310,162,123,93,9,89,445,305,26139,152,50,019,1092
2010,50021,"Rutland County, Vermont",61642,59829,334,150,370,10,150,799,681,59369,315,50,021,2273
2010,50023,"Washington County, Vermont",59534,57192,441,151,502,11,185,1052,995,56473,411,50,023,3061
2010,50025,"Windham County, Vermont",44513,42412,421,114,463,21,211,871,820,41906,384,50,025,2607
2010,50027,"Windsor County, Vermont",56670,54563,327,154,529,13,141,943,696,54093,311,50,027,2577
2010,51001,"Accomack County, Virginia",33164,21662,9303,135,183,40,1302,539,2850,20266,9253,51,001,12898
2010,51003,"Albemarle County, Virginia",98970,79738,9600,252,4625,52,2325,2378,5417,77130,9487,51,003,21840
2010,51005,"Alleghany County, Virginia",16250,15145,761,29,37,11,47,220,176,15040,751,51,005,1210
2010,51007,"Amelia County, Virginia",12690,9332,2932,56,27,4,160,179,290,9233,2925,51,007,3457
2010,51009,"Amherst County, Virginia",32353,24829,6148,298,154,7,229,688,625,24491,6104,51,009,7862
2010,51011,"Appomattox County, Virginia",14973,11597,3007,32,35,4,49,249,167,11483,2998,51,011,3490
2010,51013,"Arlington County, Virginia",207627,148970,17632,971,19931,171,12175,7777,31382,132961,17088,51,013,74666
2010,51015,"Augusta County, Virginia",73750,68848,2930,160,368,15,518,911,1525,68011,2881,51,015,5739
2010,51017,"Bath County, Virginia",4731,4432,222,5,7,0,27,38,101,4363,213,51,017,368
2010,51019,"Bedford County, Virginia",68676,62775,3942,181,707,14,266,791,1090,62035,3909,51,019,6641
2010,51021,"Bland County, Virginia",6824,6517,228,1,18,1,10,49,39,6494,228,51,021,330
2010,51023,"Botetourt County, Virginia",33148,31469,1005,87,175,3,63,346,356,31212,987,51,023,1936
2010,51025,"Brunswick County, Virginia",17434,7048,9992,39,49,7,135,164,298,6943,9944,51,025,10491
2010,51027,"Buchanan County, Virginia",24098,23271,616,19,53,2,24,113,95,23205,614,51,027,893
2010,51029,"Buckingham County, Virginia",17146,10644,6014,44,63,2,103,276,288,10494,5979,51,029,6652
2010,51031,"Campbell County, Virginia",54842,45024,7767,143,546,16,419,927,918,44595,7737,51,031,10247
2010,51033,"Caroline County, Virginia",28545,18649,8375,213,178,22,273,835,959,18145,8297,51,033,10400
2010,51035,"Carroll County, Virginia",30042,29168,178,66,53,5,386,186,776,28820,177,51,035,1222
2010,51036,"Charles City County, Virginia",7256,2970,3513,512,25,5,40,191,88,2939,3511,51,036,4317
2010,51037,"Charlotte County, Virginia",12586,8467,3751,35,26,0,135,172,240,8383,3739,51,037,4203
2010,51041,"Chesterfield County, Virginia",316236,215954,69412,1210,10294,201,10802,8363,22864,206792,68196,51,041,109444
2010,51043,"Clarke County, Virginia",14034,12662,746,41,126,7,180,272,490,12387,742,51,043,1647
2010,51045,"Craig County, Virginia",5190,5122,5,12,8,0,6,37,36,5103,5,51,045,87
2010,51047,"Culpeper County, Virginia",46689,35058,7368,193,607,38,2131,1294,4157,33482,7212,51,047,13207
2010,51049,"Cumberland County, Virginia",10052,6427,3278,40,35,0,78,194,181,6353,3253,51,049,3699
2010,51051,"Dickenson County, Virginia",15903,15712,51,24,18,0,26,72,86,15650,51,51,051,253
2010,51053,"Dinwiddie County, Virginia",28001,17899,9204,92,122,8,268,408,674,17617,9134,51,053,10384
2010,51057,"Essex County, Virginia",11151,6370,4247,60,86,3,150,235,349,6239,4224,51,057,4912
2010,51059,"Fairfax County, Virginia",1081726,677990,99218,3884,189661,864,66194,43915,168482,590622,96078,51,059,491104
2010,51061,"Fauquier County, Virginia",65203,55607,5321,244,836,40,1592,1563,4178,53410,5232,51,061,11793
2010,51063,"Floyd County, Virginia",15279,14660,280,20,35,1,117,166,412,14385,270,51,063,894
2010,51065,"Fluvanna County, Virginia",25691,20743,3938,49,147,10,258,546,760,20318,3913,51,065,5373
2010,51067,"Franklin County, Virginia",56159,49699,4575,150,252,15,781,687,1424,49072,4541,51,067,7087
2010,51069,"Frederick County, Virginia",78305,69934,3175,234,969,34,2379,1580,5168,67590,3067,51,069,10715
2010,51071,"Giles County, Virginia",17286,16723,261,21,55,0,62,164,209,16580,259,51,071,706
2010,51073,"Gloucester County, Virginia",36858,32149,3197,139,286,15,208,864,935,31584,3152,51,073,5274
2010,51075,"Goochland County, Virginia",21717,16820,4180,54,225,4,170,264,455,16583,4151,51,075,5134
2010,51077,"Grayson County, Virginia",15533,14802,320,31,16,3,224,137,416,14627,317,51,077,906
2010,51079,"Greene County, Virginia",18403,16123,1167,43,258,3,400,409,781,15785,1160,51,079,2618
2010,51081,"Greensville County, Virginia",12243,4718,7321,24,35,1,41,103,173,4628,7294,51,081,7615
2010,51083,"Halifax County, Virginia",36241,22011,13293,103,133,6,300,395,587,21804,13224,51,083,14437
2010,51085,"Hanover County, Virginia",99863,86550,9304,368,1351,39,751,1500,2116,85391,9202,51,085,14472
2010,51087,"Henrico County, Virginia",306935,181719,90669,1012,20052,127,6157,7199,15001,174799,89449,51,087,132136
2010,51089,"Henry County, Virginia",54151,39487,11841,97,237,4,1643,842,2545,38737,11786,51,089,15414
2010,51091,"Highland County, Virginia",2321,2289,6,5,4,0,12,5,18,2284,6,51,091,37
2010,51093,"Isle of Wight County, Virginia",35270,25318,8712,126,281,15,191,627,658,24969,8656,51,093,10301
2010,51095,"James City County, Virginia",67009,53792,8805,197,1506,55,924,1730,3024,52049,8662,51,095,14960
2010,51097,"King and Queen County, Virginia",6945,4663,1975,111,17,0,55,124,184,4547,1970,51,097,2398
2010,51099,"King George County, Virginia",23584,18089,4214,122,274,12,184,689,790,17603,4177,51,099,5981
2010,51101,"King William County, Virginia",15935,12297,2819,231,118,3,99,368,324,12107,2806,51,101,3828
2010,51103,"Lancaster County, Virginia",11391,7989,3184,21,65,0,26,106,118,7925,3166,51,103,3466
2010,51105,"Lee County, Virginia",25587,24092,947,103,56,8,147,234,406,23893,909,51,105,1694
2010,51107,"Loudoun County, Virginia",312311,214471,22710,914,46033,184,15424,12575,38576,194845,21934,51,107,117466
2010,51109,"Louisa County, Virginia",33153,25996,5870,123,160,16,225,763,762,25562,5832,51,109,7591
2010,51111,"Lunenburg County, Virginia",12914,7856,4487,37,25,7,287,215,470,7730,4451,51,111,5184
2010,51113,"Madison County, Virginia",13308,11543,1302,23,74,4,64,298,236,11394,1292,51,113,1914
2010,51115,"Mathews County, Virginia",8978,7898,823,21,31,2,30,173,104,7835,822,51,115,1143
2010,51117,"Mecklenburg County, Virginia",32727,19619,12050,75,218,11,275,479,806,19215,11958,51,117,13512
2010,51119,"Middlesex County, Virginia",10959,8680,1978,36,37,3,58,167,166,8604,1956,51,119,2355
2010,51121,"Montgomery County, Virginia",94392,82643,3716,204,5112,30,716,1971,2536,81091,3631,51,121,13301
2010,51125,"Nelson County, Virginia",15020,12509,1967,48,68,4,172,252,459,12283,1941,51,125,2737
2010,51127,"New Kent County, Virginia",18429,15057,2484,194,162,3,98,431,390,14804,2474,51,127,3625
2010,51131,"Northampton County, Virginia",12389,7168,4528,27,83,13,393,177,874,6755,4491,51,131,5634
2010,51133,"Northumberland County, Virginia",12330,8801,3123,21,37,2,196,150,382,8638,3106,51,133,3692
2010,51135,"Nottoway County, Virginia",15853,8968,6227,59,50,5,339,205,609,8799,6179,51,135,7054
2010,51137,"Orange County, Virginia",33481,27584,4256,94,246,20,462,819,1139,27033,4206,51,137,6448
2010,51139,"Page County, Virginia",24042,23063,466,42,71,7,120,273,373,22871,456,51,139,1171
2010,51141,"Patrick County, Virginia",18490,16847,1085,52,42,0,254,210,444,16680,1085,51,141,1810
2010,51143,"Pittsylvania County, Virginia",63506,47918,14018,151,181,18,525,695,1332,47250,13963,51,143,16256
2010,51145,"Powhatan County, Virginia",28046,23515,3822,77,132,10,154,336,502,23231,3798,51,145,4815
2010,51147,"Prince Edward County, Virginia",23368,14796,7756,69,205,16,161,365,525,14544,7668,51,147,8824
2010,51149,"Prince George County, Virginia",35725,21845,11429,207,543,106,577,1018,2058,20822,11150,51,149,14903
2010,51153,"Prince William County, Virginia",402002,232401,81196,2392,30317,525,34671,20500,81460,195656,78492,51,153,206346
2010,51155,"Pulaski County, Virginia",34872,32250,1757,64,179,7,116,499,432,31972,1744,51,155,2900
2010,51157,"Rappahannock County, Virginia",7373,6834,321,18,39,3,37,121,228,6653,318,51,157,720
2010,51159,"Richmond County, Virginia",9254,6001,2804,34,40,2,234,139,510,5755,2793,51,159,3499
2010,51161,"Roanoke County, Virginia",92376,83140,4643,137,2466,27,535,1428,1951,81886,4580,51,161,10490
2010,51163,"Rockbridge County, Virginia",22307,21097,594,106,104,3,86,317,296,20915,585,51,163,1392
2010,51165,"Rockingham County, Virginia",76314,71182,1273,209,460,10,2099,1081,4076,69640,1216,51,165,6674
2010,51167,"Russell County, Virginia",28897,28270,233,55,53,1,117,168,275,28142,227,51,167,755
2010,51169,"Scott County, Virginia",23177,22700,135,52,36,12,91,151,234,22585,135,51,169,592
2010,51171,"Shenandoah County, Virginia",41993,39070,734,101,217,7,1185,679,2577,37886,699,51,171,4107
2010,51173,"Smyth County, Virginia",32208,30847,640,42,82,3,287,307,527,30642,630,51,173,1566
2010,51175,"Southampton County, Virginia",18570,11215,6916,62,46,6,64,261,203,11138,6893,51,175,7432
2010,51177,"Spotsylvania County, Virginia",122397,92452,18671,397,2825,143,3851,4058,9278,88077,18298,51,177,34320
2010,51179,"Stafford County, Virginia",128961,93483,21881,576,3620,164,4120,5117,11875,87434,21259,51,179,41527
2010,51181,"Surry County, Virginia",7058,3618,3254,21,24,2,21,118,86,3583,3240,51,181,3475
2010,51183,"Sussex County, Virginia",12087,4747,7023,23,48,0,154,92,268,4663,6996,51,183,7424
2010,51185,"Tazewell County, Virginia",45078,42868,1333,57,289,6,98,427,296,42692,1330,51,185,2386
2010,51187,"Warren County, Virginia",37575,34144,1736,130,360,10,376,819,1318,33345,1709,51,187,4230
2010,51191,"Washington County, Virginia",54876,53249,690,99,203,16,235,384,724,52798,686,51,191,2078
2010,51193,"Westmoreland County, Virginia",17454,11501,4891,73,99,5,495,390,1002,11087,4855,51,193,6367
2010,51195,"Wise County, Virginia",41452,38561,2137,53,141,2,173,385,471,38301,2118,51,195,3151
2010,51197,"Wythe County, Virginia",29235,27790,818,41,128,4,110,344,280,27649,809,51,197,1586
2010,51199,"York County, Virginia",65464,50031,8751,251,3205,99,884,2243,2892,48470,8599,51,199,16994
2010,51510,"Alexandria city, Virginia",139966,85186,30491,589,8432,141,9902,5225,22524,74878,29778,51,510,65088
2010,51515,"Bedford city, Virginia",6222,4755,1256,13,41,1,37,119,134,4671,1245,51,515,1551
2010,51520,"Bristol city, Virginia",17835,16214,1009,52,122,4,92,342,221,16099,1000,51,520,1736
2010,51530,"Buena Vista city, Virginia",6650,6050,347,73,29,12,28,111,103,5982,345,51,530,668
2010,51540,"Charlottesville city, Virginia",43475,30031,8437,116,2771,17,794,1309,2223,28827,8344,51,540,14648
2010,51550,"Chesapeake city, Virginia",222209,139012,66237,871,6383,169,2760,6777,9706,134251,65204,51,550,87958
2010,51570,"Colonial Heights city, Virginia",17411,14326,1783,68,578,8,258,390,674,14020,1732,51,570,3391
2010,51580,"Covington city, Virginia",5961,5014,746,18,34,0,33,116,92,4955,741,51,580,1006
2010,51590,"Danville city, Virginia",43055,20531,20795,75,403,11,664,576,1245,20107,20725,51,590,22948
2010,51595,"Emporia city, Virginia",5927,1937,3706,19,43,4,127,91,262,1848,3685,51,595,4079
2010,51600,"Fairfax city, Virginia",22565,15706,1071,111,3432,14,1323,908,3556,13849,1030,51,600,8716
2010,51610,"Falls Church city, Virginia",12332,9853,532,33,1162,4,259,489,1109,9093,523,51,610,3239
2010,51620,"Franklin city, Virginia",8582,3380,4884,28,64,2,59,165,141,3333,4867,51,620,5249
2010,51630,"Fredericksburg city, Virginia",24286,15596,5498,100,689,17,1437,949,2607,14760,5367,51,630,9526
2010,51640,"Galax city, Virginia",7042,6044,439,7,37,8,363,144,989,5501,407,51,640,1541
2010,51650,"Hampton city, Virginia",137436,58642,68104,594,2992,154,1826,5124,6241,56283,66878,51,650,81153
2010,51660,"Harrisonburg city, Virginia",48914,38371,3112,127,1718,62,4030,1494,7665,35391,2911,51,660,13523
2010,51670,"Hopewell city, Virginia",22591,12515,8367,87,181,24,697,720,1480,12005,8216,51,670,10586
2010,51678,"Lexington city, Virginia",7042,6003,680,8,155,4,64,128,271,5807,668,51,678,1235
2010,51680,"Lynchburg city, Virginia",75568,48674,22140,237,1868,37,950,1662,2300,47574,21984,51,680,27994
2010,51683,"Manassas city, Virginia",37821,23336,5188,229,1884,52,5503,1629,11876,17994,4905,51,683,19827
2010,51685,"Manassas Park city, Virginia",14273,7985,1852,56,1281,20,2304,775,4645,6070,1784,51,685,8203
2010,51690,"Martinsville city, Virginia",13821,6903,6213,27,129,1,281,267,552,6707,6191,51,690,7114
2010,51700,"Newport News city, Virginia",180719,88518,73514,851,4956,315,4850,7715,13590,83153,71727,51,700,97566
2010,51710,"Norfolk city, Virginia",242803,114304,104672,1200,7999,396,5407,8825,16144,107463,102452,51,710,135340
2010,51720,"Norton city, Virginia",3958,3510,250,5,56,0,42,95,68,3478,250,51,720,480
2010,51730,"Petersburg city, Virginia",32420,5217,25646,97,267,19,597,577,1216,4902,25419,51,730,27518
2010,51735,"Poquoson city, Virginia",12150,11557,78,38,260,3,39,175,221,11398,78,51,735,752
2010,51740,"Portsmouth city, Virginia",95535,39701,50878,421,1019,112,916,2488,2919,38526,50327,51,740,57009
2010,51750,"Radford city, Virginia",16408,14273,1279,33,256,5,156,406,385,14075,1262,51,750,2333
2010,51760,"Richmond city, Virginia",204214,83288,103342,705,4750,158,7331,4640,12803,79813,102264,51,760,124401
2010,51770,"Roanoke city, Virginia",97032,62343,27612,279,1704,53,2299,2742,5345,60042,27256,51,770,36990
2010,51775,"Salem city, Virginia",24802,21872,1763,62,402,6,323,374,601,21653,1732,51,775,3149
2010,51790,"Staunton city, Virginia",23746,19874,2885,48,185,7,189,558,513,19584,2859,51,790,4162
2010,51800,"Suffolk city, Virginia",84585,44197,36120,268,1350,54,648,1948,2415,43034,35771,51,800,41551
2010,51810,"Virginia Beach city, Virginia",437994,296670,85935,1685,26769,657,8622,17656,28987,282470,83210,51,810,155524
2010,51820,"Waynesboro city, Virginia",21006,17274,2229,58,154,5,605,681,1337,16704,2176,51,820,4302
2010,51830,"Williamsburg city, Virginia",14068,10407,1968,38,808,5,353,489,941,9952,1918,51,830,4116
2010,51840,"Winchester city, Virginia",26203,19532,2864,93,611,4,2299,800,4041,18085,2783,51,840,8118
2010,53001,"Adams County, Washington",18728,11703,109,356,125,4,5899,532,11099,7262,47,53,001,11466
2010,53003,"Asotin County, Washington",21623,20392,92,302,117,36,163,521,643,20026,89,53,003,1597
2010,53005,"Benton County, Washington",175177,144418,2221,1574,4691,253,15798,6222,32696,130437,2031,53,005,44740
2010,53007,"Chelan County, Washington",72453,57484,236,700,588,100,11355,1990,18713,51202,177,53,007,21251
2010,53009,"Clallam County, Washington",71404,62092,596,3630,1007,94,1269,2716,3627,60400,558,53,009,11004
2010,53011,"Clark County, Washington",425363,363397,8426,3624,17504,2708,12485,17219,32166,347793,8025,53,011,77570
2010,53013,"Columbia County, Washington",4078,3791,12,58,23,14,71,109,254,3649,12,53,013,429
2010,53015,"Cowlitz County, Washington",102410,91069,642,1570,1500,232,3575,3822,7975,87825,572,53,015,14585
2010,53017,"Douglas County, Washington",38431,30573,128,405,283,52,5979,1011,11013,26070,85,53,017,12361
2010,53019,"Ferry County, Washington",7551,5758,26,1259,52,8,89,359,254,5662,18,53,019,1889
2010,53021,"Franklin County, Washington",78163,47270,1473,531,1434,107,24881,2467,40004,33804,1339,53,021,44359
2010,53023,"Garfield County, Washington",2266,2125,0,6,39,0,52,44,91,2102,0,53,023,164
2010,53025,"Grant County, Washington",89120,64906,990,1088,810,71,18154,3101,34163,51066,710,53,025,38054
2010,53027,"Grays Harbor County, Washington",72797,61825,803,3325,1032,182,2817,2813,6272,59282,762,53,027,13515
2010,53029,"Island County, Washington",78506,67611,1716,658,3440,390,1181,3510,4295,65209,1641,53,029,13297
2010,53031,"Jefferson County, Washington",29872,27198,246,681,464,63,200,1020,848,26681,237,53,031,3191
2010,53033,"King County, Washington",1931249,1325845,119801,16147,282075,14486,76096,96799,172378,1251300,116326,53,033,679949
2010,53035,"Kitsap County, Washington",251133,207369,6650,4040,12396,2310,3919,14449,15686,198745,6329,53,035,52388
2010,53037,"Kittitas County, Washington",40915,36544,364,394,810,57,1500,1246,3121,35214,339,53,037,5701
2010,53039,"Klickitat County, Washington",20318,17824,50,481,127,19,1147,670,2171,17022,42,53,039,3296
2010,53041,"Lewis County, Washington",75455,67712,405,1073,664,117,3047,2437,6527,64881,370,53,041,10574
2010,53043,"Lincoln County, Washington",10570,10038,28,173,41,5,49,236,239,9891,25,53,043,679
2010,53045,"Mason County, Washington",60699,52281,659,2239,731,227,2049,2513,4844,50349,609,53,045,10350
2010,53047,"Okanogan County, Washington",41120,30399,159,4675,237,31,4163,1456,7227,28092,131,53,047,13028
2010,53049,"Pacific County, Washington",20920,18286,79,483,427,15,926,704,1677,17699,67,53,049,3221
2010,53051,"Pend Oreille County, Washington",13001,11907,52,488,73,16,91,374,391,11677,50,53,051,1324
2010,53053,"Pierce County, Washington",795225,590040,53998,10879,47501,10588,27872,54347,72849,559160,51436,53,053,236065
2010,53055,"San Juan County, Washington",15769,14597,54,111,181,15,412,399,857,14228,49,53,055,1541
2010,53057,"Skagit County, Washington",116901,97448,774,2516,2080,226,10118,3739,19709,89694,640,53,057,27207
2010,53059,"Skamania County, Washington",11066,10265,46,173,96,11,146,329,553,9918,44,53,059,1148
2010,53061,"Snohomish County, Washington",713335,559011,18168,9793,63385,3135,27121,32722,64249,529814,17299,53,061,183521
2010,53063,"Spokane County, Washington",471221,420275,8056,7295,9957,1902,5880,17856,21260,408629,7714,53,063,62592
2010,53065,"Stevens County, Washington",43531,38923,145,2413,237,68,289,1456,1185,38261,145,53,065,5270
2010,53067,"Thurston County, Washington",252264,207856,6752,3515,13037,1961,5648,13495,17787,199019,6420,53,067,53245
2010,53069,"Wahkiakum County, Washington",3978,3738,10,52,23,6,26,123,108,3678,8,53,069,300
2010,53071,"Walla Walla County, Washington",58781,49654,1079,603,758,167,4692,1828,11593,43604,1004,53,071,15177
2010,53073,"Whatcom County, Washington",201140,171816,1929,5683,7090,492,6577,7553,15756,164675,1789,53,073,36465
2010,53075,"Whitman County, Washington",44776,37866,748,308,3472,103,649,1630,2040,36760,721,53,075,8016
2010,53077,"Yakima County, Washington",243231,155056,2320,10568,2560,204,63414,9109,109470,116024,1743,53,077,127207
2010,54001,"Barbour County, West Virginia",16589,16059,124,96,34,3,29,244,96,16005,120,54,001,584
2010,54003,"Berkeley County, West Virginia",104169,91500,7432,286,878,38,1289,2746,3961,89379,7234,54,003,14790
2010,54005,"Boone County, West Virginia",24629,24271,122,35,21,1,41,138,97,24220,122,54,005,409
2010,54007,"Braxton County, West Virginia",14523,14259,59,42,25,3,7,128,67,14206,59,54,007,317
2010,54009,"Brooke County, West Virginia",24069,23358,281,21,95,3,37,274,163,23241,273,54,009,828
2010,54011,"Cabell County, West Virginia",96319,88194,4784,220,940,25,255,1901,1046,87520,4717,54,011,8799
2010,54013,"Calhoun County, West Virginia",7627,7504,16,21,12,3,15,56,57,7465,15,54,013,162
2010,54015,"Clay County, West Virginia",9386,9271,6,19,7,2,5,76,33,9243,6,54,015,143
2010,54017,"Doddridge County, West Virginia",8202,7955,111,24,14,1,5,92,39,7926,111,54,017,276
2010,54019,"Fayette County, West Virginia",46039,43026,2122,92,91,5,84,619,402,42763,2097,54,019,3276
2010,54021,"Gilmer County, West Virginia",8693,7173,1073,42,36,11,211,147,493,6952,1048,54,021,1741
2010,54023,"Grant County, West Virginia",11937,11657,80,18,19,3,58,102,120,11618,72,54,023,319
2010,54025,"Greenbrier County, West Virginia",35480,33565,981,112,142,8,138,534,422,33330,973,54,025,2150
2010,54027,"Hampshire County, West Virginia",23964,23301,240,50,51,15,40,267,242,23146,225,54,027,818
2010,54029,"Hancock County, West Virginia",30676,29365,712,39,87,8,63,402,314,29143,708,54,029,1533
2010,54031,"Hardy County, West Virginia",14025,13161,354,24,142,1,208,135,478,12936,327,54,031,1089
2010,54033,"Harrison County, West Virginia",69099,66306,1121,136,327,16,124,1069,883,65629,1111,54,033,3470
2010,54035,"Jackson County, West Virginia",29211,28673,85,48,79,9,59,258,185,28563,78,54,035,648
2010,54037,"Jefferson County, West Virginia",53498,46876,3524,132,618,33,946,1369,2489,45565,3445,54,037,7933
2010,54039,"Kanawha County, West Virginia",193063,172036,14115,410,2000,41,526,3935,1812,170969,13950,54,039,22094
2010,54041,"Lewis County, West Virginia",16372,16029,74,33,55,1,17,163,104,15964,65,54,041,408
2010,54043,"Lincoln County, West Virginia",21720,21504,18,21,24,0,12,141,96,21433,18,54,043,287
2010,54045,"Logan County, West Virginia",36743,35475,788,33,101,0,54,292,258,35285,780,54,045,1458
2010,54047,"McDowell County, West Virginia",22113,19710,2107,34,15,0,11,236,91,19637,2098,54,047,2476
2010,54049,"Marion County, West Virginia",56418,53226,1858,107,282,6,120,819,514,52874,1838,54,049,3544
2010,54051,"Marshall County, West Virginia",33107,32429,177,47,119,2,48,285,265,32243,175,54,051,864
2010,54053,"Mason County, West Virginia",27324,26704,171,41,90,12,30,276,119,26618,171,54,053,706
2010,54055,"Mercer County, West Virginia",62264,57009,3791,141,325,2,107,889,480,56711,3740,54,055,5553
2010,54057,"Mineral County, West Virginia",28212,26890,782,41,110,1,40,348,202,26742,769,54,057,1470
2010,54059,"Mingo County, West Virginia",26839,26048,473,18,43,1,8,248,119,25944,471,54,059,895
2010,54061,"Monongalia County, West Virginia",96189,87488,3496,145,2941,48,367,1704,1692,86298,3436,54,061,9891
2010,54063,"Monroe County, West Virginia",13502,13162,91,27,15,3,22,182,83,13110,89,54,063,392
2010,54065,"Morgan County, West Virginia",17541,17063,97,55,50,4,37,235,183,16949,96,54,065,592
2010,54067,"Nicholas County, West Virginia",26233,25805,43,53,69,7,20,236,146,25688,42,54,067,545
2010,54069,"Ohio County, West Virginia",44443,41416,1636,62,370,8,89,862,362,41163,1614,54,069,3280
2010,54071,"Pendleton County, West Virginia",7695,7402,150,18,20,1,13,91,71,7353,149,54,071,342
2010,54073,"Pleasants County, West Virginia",7605,7401,100,12,8,0,11,73,61,7354,96,54,073,251
2010,54075,"Pocahontas County, West Virginia",8719,8528,60,19,4,1,19,88,68,8480,58,54,075,239
2010,54077,"Preston County, West Virginia",33520,32724,361,63,48,10,53,261,229,32557,360,54,077,963
2010,54079,"Putnam County, West Virginia",55486,53684,490,121,410,24,153,604,484,53377,478,54,079,2109
2010,54081,"Raleigh County, West Virginia",78859,69800,6468,194,718,23,288,1368,996,69246,6390,54,081,9613
2010,54083,"Randolph County, West Virginia",29405,28614,344,66,100,0,41,240,192,28474,343,54,083,931
2010,54085,"Ritchie County, West Virginia",10449,10308,20,14,10,0,18,79,55,10275,20,54,085,174
2010,54087,"Roane County, West Virginia",14926,14682,19,25,40,3,30,127,103,14613,19,54,087,313
2010,54089,"Summers County, West Virginia",13927,12957,664,40,31,0,49,186,189,12837,645,54,089,1090
2010,54091,"Taylor County, West Virginia",16895,16481,125,39,60,0,19,171,143,16377,125,54,091,518
2010,54093,"Tucker County, West Virginia",7141,7051,11,16,8,1,8,46,41,7024,11,54,093,117
2010,54095,"Tyler County, West Virginia",9208,9112,14,18,12,0,3,49,49,9071,13,54,095,137
2010,54097,"Upshur County, West Virginia",24254,23675,158,54,86,1,42,238,250,23494,145,54,097,760
2010,54099,"Wayne County, West Virginia",42481,41870,74,109,72,5,31,320,218,41706,74,54,099,775
2010,54101,"Webster County, West Virginia",9154,9027,14,6,5,1,6,95,48,8989,14,54,101,165
2010,54103,"Wetzel County, West Virginia",16583,16371,24,14,40,1,26,107,83,16319,24,54,103,264
2010,54105,"Wirt County, West Virginia",5717,5631,9,12,11,1,0,53,26,5610,9,54,105,107
2010,54107,"Wood County, West Virginia",86956,83846,958,187,471,30,175,1289,744,83352,940,54,107,3604
2010,54109,"Wyoming County, West Virginia",23796,23356,117,35,25,2,12,249,105,23270,116,54,109,526
2010,55001,"Adams County, Wisconsin",20875,19409,633,205,82,4,266,276,783,19013,611,55,001,1862
2010,55003,"Ashland County, Wisconsin",16157,13662,48,1791,59,4,56,537,302,13534,47,55,003,2623
2010,55005,"Barron County, Wisconsin",45870,44076,407,406,223,3,236,519,862,43567,397,55,005,2303
2010,55007,"Bayfield County, Wisconsin",15014,13024,46,1435,48,1,29,431,158,12955,44,55,007,2059
2010,55009,"Brown County, Wisconsin",248007,214415,5491,6715,6724,104,9155,5403,17985,207702,5286,55,009,40305
2010,55011,"Buffalo County, Wisconsin",13587,13253,37,38,28,0,122,109,237,13135,35,55,011,452
2010,55013,"Burnett County, Wisconsin",15457,14163,81,718,52,3,67,373,194,14067,81,55,013,1390
2010,55015,"Calumet County, Wisconsin",48971,46187,246,203,1031,16,705,583,1690,45325,236,55,015,3646
2010,55017,"Chippewa County, Wisconsin",62415,59504,982,310,774,14,182,649,800,59028,961,55,017,3387
2010,55019,"Clark County, Wisconsin",34690,33338,80,174,127,8,773,190,1292,32865,73,55,019,1825
2010,55021,"Columbia County, Wisconsin",56833,54468,717,277,301,29,441,600,1444,53628,697,55,021,3205
2010,55023,"Crawford County, Wisconsin",16644,16080,296,39,63,3,36,127,150,15991,288,55,023,653
2010,55025,"Dane County, Wisconsin",488073,413631,25347,1730,23035,166,12064,12100,28925,399488,24717,55,025,88585
2010,55027,"Dodge County, Wisconsin",88759,83294,2381,385,472,41,1309,877,3522,81325,2361,55,027,7434
2010,55029,"Door County, Wisconsin",27785,26839,144,162,112,4,249,275,671,26483,139,55,029,1302
2010,55031,"Douglas County, Wisconsin",44159,41166,486,868,376,8,82,1173,494,40854,475,55,031,3305
2010,55033,"Dunn County, Wisconsin",43857,41545,220,168,1143,15,228,538,626,41225,215,55,033,2632
2010,55035,"Eau Claire County, Wisconsin",98736,91946,874,471,3297,31,519,1598,1804,90918,837,55,035,7818
2010,55037,"Florence County, Wisconsin",4423,4306,10,31,13,1,14,48,37,4287,10,55,037,136
2010,55039,"Fond du Lac County, Wisconsin",101633,95674,1305,471,1148,21,1700,1314,4368,93398,1226,55,039,8235
2010,55041,"Forest County, Wisconsin",9304,7690,76,1256,13,11,32,226,138,7646,71,55,041,1658
2010,55043,"Grant County, Wisconsin",51208,49655,588,103,312,5,221,324,649,49296,573,55,043,1912
2010,55045,"Green County, Wisconsin",36842,35593,140,65,198,11,490,345,1033,35113,137,55,045,1729
2010,55047,"Green Lake County, Wisconsin",19051,18428,88,52,86,5,268,124,743,17990,79,55,047,1061
2010,55049,"Iowa County, Wisconsin",23687,23127,87,36,129,5,102,201,336,22904,86,55,049,783
2010,55051,"Iron County, Wisconsin",5916,5790,3,36,18,0,13,56,35,5772,3,55,051,144
2010,55053,"Jackson County, Wisconsin",20449,18258,400,1271,53,20,144,303,519,17987,390,55,053,2462
2010,55055,"Jefferson County, Wisconsin",83686,78632,681,257,560,18,2479,1059,5555,75903,628,55,055,7783
2010,55057,"Juneau County, Wisconsin",26664,25077,557,398,115,7,188,322,687,24706,545,55,057,1958
2010,55059,"Kenosha County, Wisconsin",166426,139416,11052,814,2393,89,7880,4782,19592,129892,10655,55,059,36534
2010,55061,"Kewaunee County, Wisconsin",20574,19955,69,77,60,5,219,189,463,19724,63,55,061,850
2010,55063,"La Crosse County, Wisconsin",114638,105540,1610,493,4742,28,371,1854,1741,104417,1553,55,063,10221
2010,55065,"Lafayette County, Wisconsin",16836,16292,39,48,58,0,303,96,522,16102,39,55,065,734
2010,55067,"Langlade County, Wisconsin",19977,19267,72,191,62,1,100,284,324,19109,70,55,067,868
2010,55069,"Lincoln County, Wisconsin",28743,27929,157,100,124,10,131,292,340,27763,152,55,069,980
2010,55071,"Manitowoc County, Wisconsin",81442,76402,442,450,2050,10,1069,1019,2565,75210,412,55,071,6232
2010,55073,"Marathon County, Wisconsin",134063,122446,841,634,7146,32,1223,1741,2992,121007,820,55,073,13056
2010,55075,"Marinette County, Wisconsin",41749,40559,108,238,218,9,176,441,522,40260,106,55,075,1489
2010,55077,"Marquette County, Wisconsin",15404,14920,77,86,68,0,126,127,391,14697,75,55,077,707
2010,55078,"Menominee County, Wisconsin",4232,451,19,3701,1,0,6,54,178,447,19,55,078,3785
2010,55079,"Milwaukee County, Wisconsin",947735,574656,253764,6808,32422,363,51429,28293,126039,514958,248794,55,079,432777
2010,55081,"Monroe County, Wisconsin",44673,41940,512,510,289,40,764,618,1661,41260,475,55,081,3413
2010,55083,"Oconto County, Wisconsin",37660,36418,73,467,111,5,198,388,519,36167,68,55,083,1493
2010,55085,"Oneida County, Wisconsin",35998,34787,152,323,188,5,82,461,385,34560,150,55,085,1438
2010,55087,"Outagamie County, Wisconsin",176695,161238,1736,2982,5229,65,2728,2717,6359,158366,1682,55,087,18329
2010,55089,"Ozaukee County, Wisconsin",86395,82010,1177,208,1509,20,483,988,1956,80689,1144,55,089,5706
2010,55091,"Pepin County, Wisconsin",7469,7337,21,19,13,1,35,43,72,7305,18,55,091,164
2010,55093,"Pierce County, Wisconsin",41019,39614,232,151,301,7,201,513,623,39264,223,55,093,1755
2010,55095,"Polk County, Wisconsin",44205,42807,96,454,159,7,226,456,656,42475,91,55,095,1730
2010,55097,"Portage County, Wisconsin",70019,65981,383,265,1969,14,546,861,1853,64897,362,55,097,5122
2010,55099,"Price County, Wisconsin",14159,13750,39,54,62,64,42,148,153,13661,34,55,099,498
2010,55101,"Racine County, Wisconsin",195408,155731,21767,781,2121,53,10046,4909,22546,145414,21212,55,101,49994
2010,55103,"Richland County, Wisconsin",18021,17540,82,46,95,4,119,135,360,17315,79,55,103,706
2010,55105,"Rock County, Wisconsin",160331,140513,7978,516,1630,39,5948,3707,12124,135526,7766,55,105,24805
2010,55107,"Rusk County, Wisconsin",14755,14398,61,74,41,1,37,143,173,14284,56,55,107,471
2010,55109,"St. Croix County, Wisconsin",84345,80914,552,313,900,23,483,1160,1692,79895,542,55,109,4450
2010,55111,"Sauk County, Wisconsin",61976,58588,357,769,337,13,1156,756,2675,57331,330,55,111,4645
2010,55113,"Sawyer County, Wisconsin",16557,13123,77,2757,49,0,42,509,268,13004,76,55,113,3553
2010,55115,"Shawano County, Wisconsin",41949,37254,143,3172,180,13,366,821,905,36951,131,55,115,4998
2010,55117,"Sheboygan County, Wisconsin",115507,103861,1684,444,5310,35,2297,1876,6329,100520,1605,55,117,14987
2010,55119,"Taylor County, Wisconsin",20689,20248,58,43,56,8,128,148,316,20110,54,55,119,579
2010,55121,"Trempealeau County, Wisconsin",28816,27230,62,63,123,4,1086,248,1667,26774,54,55,121,2042
2010,55123,"Vernon County, Wisconsin",29773,29085,109,61,92,7,145,274,394,28873,106,55,123,900
2010,55125,"Vilas County, Wisconsin",21430,18658,35,2370,61,1,45,260,268,18546,31,55,125,2884
2010,55127,"Walworth County, Wisconsin",102228,93935,980,308,845,43,4604,1513,10578,88690,904,55,127,13538
2010,55129,"Washburn County, Wisconsin",15911,15343,36,186,63,2,49,232,208,15228,26,55,129,683
2010,55131,"Washington County, Wisconsin",131887,126317,1155,401,1415,30,1052,1517,3385,124348,1115,55,131,7539
2010,55133,"Waukesha County, Wisconsin",389891,363963,4914,1066,10721,131,4041,5055,16123,353114,4726,55,133,36777
2010,55135,"Waupaca County, Wisconsin",52410,50916,154,258,194,6,425,457,1307,50150,149,55,135,2260
2010,55137,"Waushara County, Wisconsin",24496,23012,454,131,94,14,509,282,1329,22317,445,55,137,2179
2010,55139,"Winnebago County, Wisconsin",166994,154445,2975,1036,3822,58,2188,2470,5784,151509,2856,55,139,15485
2010,55141,"Wood County, Wisconsin",74749,71048,393,587,1319,9,593,800,1680,70177,382,55,141,4572
2010,56001,"Albany County, Wyoming",36299,32720,422,259,1021,21,885,971,3202,30796,390,56,001,5503
2010,56003,"Big Horn County, Wyoming",11668,11009,26,100,39,2,350,142,984,10435,25,56,003,1233
2010,56005,"Campbell County, Wyoming",46133,42974,159,531,256,22,1223,968,3611,41032,134,56,005,5101
2010,56007,"Carbon County, Wyoming",15885,14103,116,160,109,14,1026,357,2668,12683,109,56,007,3202
2010,56009,"Converse County, Wyoming",13833,13160,46,106,41,7,241,232,867,12632,43,56,009,1201
2010,56011,"Crook County, Wyoming",7083,6884,14,48,11,0,43,83,141,6794,14,56,011,289
2010,56013,"Fremont County, Wyoming",40123,29813,101,8498,157,10,412,1132,2264,28677,86,56,013,11446
2010,56015,"Goshen County, Wyoming",13249,12526,79,108,41,12,320,163,1288,11651,70,56,015,1598
2010,56017,"Hot Springs County, Wyoming",4812,4609,12,70,20,3,26,72,105,4550,12,56,017,262
2010,56019,"Johnson County, Wyoming",8569,8267,14,92,38,0,64,94,276,8092,14,56,019,477
2010,56021,"Laramie County, Wyoming",91738,81205,2248,878,976,142,3478,2811,11978,74120,2063,56,021,17618
2010,56023,"Lincoln County, Wyoming",18106,17281,33,146,57,4,363,222,781,16930,32,56,023,1176
2010,56025,"Natrona County, Wyoming",75450,70015,665,781,510,39,1630,1810,5231,67191,621,56,025,8259
2010,56027,"Niobrara County, Wyoming",2484,2397,5,21,9,0,13,39,52,2361,4,56,027,123
2010,56029,"Park County, Wyoming",28205,26951,56,168,166,25,399,440,1365,26090,50,56,029,2115
2010,56031,"Platte County, Wyoming",8667,8268,28,38,32,5,170,126,580,7908,25,56,031,759
2010,56033,"Sheridan County, Wyoming",29116,27782,107,359,192,23,209,444,1013,27119,94,56,033,1997
2010,56035,"Sublette County, Wyoming",10247,9552,32,87,51,1,383,141,712,9260,30,56,035,987
2010,56037,"Sweetwater County, Wyoming",43806,38748,438,423,336,42,2799,1020,6689,35432,415,56,037,8374
2010,56039,"Teton County, Wyoming",21294,18821,49,111,235,15,1715,348,3191,17505,32,56,039,3789
2010,56041,"Uinta County, Wyoming",21118,19514,55,168,61,36,860,424,1855,18696,48,56,041,2422
2010,56043,"Washakie County, Wyoming",8533,7795,22,93,48,1,373,201,1162,7158,22,56,043,1375
2010,56045,"Weston County, Wyoming",7208,6885,21,91,20,3,67,121,216,6762,18,56,045,446
2010,72001,"Adjuntas Municipio, Puerto Rico",19483,18146,603,68,5,1,411,249,19401,78,2,72,001,19405
2010,72003,"Aguada Municipio, Puerto Rico",41959,36350,2226,129,22,0,2222,1010,41701,218,13,72,003,41741
2010,72005,"Aguadilla Municipio, Puerto Rico",60949,50589,4515,154,99,4,4125,1463,60046,702,105,72,005,60247
2010,72007,"Aguas Buenas Municipio, Puerto Rico",28659,20770,3604,178,25,5,2781,1296,28513,107,12,72,007,28552
2010,72009,"Aibonito Municipio, Puerto Rico",25900,21622,1878,52,9,5,1799,535,25729,141,9,72,009,25759
2010,72011,"Añasco Municipio, Puerto Rico",29261,23997,2096,105,37,4,2193,829,29034,188,22,72,011,29073
2010,72013,"Arecibo Municipio, Puerto Rico",96440,81518,5875,344,103,6,5851,2743,95677,587,69,72,013,95853
2010,72015,"Arroyo Municipio, Puerto Rico",19575,10469,6355,170,31,5,1859,686,19390,128,32,72,015,19447
2010,72017,"Barceloneta Municipio, Puerto Rico",24816,20028,1896,81,31,0,2166,614,24659,119,17,72,017,24697
2010,72019,"Barranquitas Municipio, Puerto Rico",30318,26082,1625,78,14,0,1954,565,30110,173,13,72,019,30145
2010,72021,"Bayamón Municipio, Puerto Rico",208116,162893,21373,1183,482,24,15189,6972,206008,1433,239,72,021,206683
2010,72023,"Cabo Rojo Municipio, Puerto Rico",50917,42815,2758,143,38,9,3683,1471,50376,455,36,72,023,50462
2010,72025,"Caguas Municipio, Puerto Rico",142893,108767,15701,867,266,11,12097,5184,141668,852,131,72,025,142041
2010,72027,"Camuy Municipio, Puerto Rico",35159,30900,1452,112,35,1,1826,833,34950,176,9,72,027,34983
2010,72029,"Canóvanas Municipio, Puerto Rico",47648,29165,10303,434,80,2,6432,1232,47285,209,120,72,029,47439
2010,72031,"Carolina Municipio, Puerto Rico",176762,113683,40310,1514,625,13,14832,5785,174234,1631,378,72,031,175131
2010,72033,"Cataño Municipio, Puerto Rico",28140,19899,4047,281,74,1,3029,809,27866,168,49,72,033,27972
2010,72035,"Cayey Municipio, Puerto Rico",48119,38435,3986,178,68,12,3895,1545,47806,245,18,72,035,47874
2010,72037,"Ceiba Municipio, Puerto Rico",13631,9623,2248,96,19,3,1029,613,13461,127,23,72,037,13504
2010,72039,"Ciales Municipio, Puerto Rico",18782,16815,782,22,5,0,782,376,18725,38,4,72,039,18744
2010,72041,"Cidra Municipio, Puerto Rico",43480,33317,3592,173,36,0,4848,1514,43239,186,23,72,041,43294
2010,72043,"Coamo Municipio, Puerto Rico",40512,31129,4226,128,24,6,3691,1308,40338,131,21,72,043,40381
2010,72045,"Comerío Municipio, Puerto Rico",20778,16328,1788,125,20,4,1835,678,20691,70,9,72,045,20708
2010,72047,"Corozal Municipio, Puerto Rico",37142,31706,1973,80,24,2,2747,610,36927,167,25,72,047,36975
2010,72049,"Culebra Municipio, Puerto Rico",1818,1035,483,16,4,0,68,212,1668,140,4,72,049,1678
2010,72051,"Dorado Municipio, Puerto Rico",38165,26537,5989,259,90,1,3817,1472,37418,614,48,72,051,37551
2010,72053,"Fajardo Municipio, Puerto Rico",36993,23964,6864,258,95,4,3822,1986,36342,445,111,72,053,36548
2010,72054,"Florida Municipio, Puerto Rico",12680,11467,586,38,7,1,361,220,12624,46,5,72,054,12634
2010,72055,"Guánica Municipio, Puerto Rico",19427,15520,1505,100,7,1,1766,528,19301,99,17,72,055,19328
2010,72057,"Guayama Municipio, Puerto Rico",45362,30917,8409,380,59,13,3208,2376,44958,255,74,72,057,45107
2010,72059,"Guayanilla Municipio, Puerto Rico",21581,17675,1796,94,12,1,1565,438,21475,65,19,72,059,21516
2010,72061,"Guaynabo Municipio, Puerto Rico",97924,77715,9603,389,224,13,6803,3177,96193,1263,234,72,061,96661
2010,72063,"Gurabo Municipio, Puerto Rico",45369,32871,6615,191,48,9,2927,2708,45015,253,45,72,063,45116
2010,72065,"Hatillo Municipio, Puerto Rico",41953,36608,1855,89,43,0,2483,875,41604,269,33,72,065,41684
2010,72067,"Hormigueros Municipio, Puerto Rico",17250,14000,1438,70,16,0,1267,459,17158,63,7,72,067,17187
2010,72069,"Humacao Municipio, Puerto Rico",58466,38666,10806,490,124,2,5683,2695,57856,435,66,72,069,58031
2010,72071,"Isabela Municipio, Puerto Rico",45631,38058,3419,150,65,5,2647,1287,45193,345,33,72,071,45286
2010,72073,"Jayuya Municipio, Puerto Rico",16642,15094,566,64,12,1,597,308,16582,44,6,72,073,16598
2010,72075,"Juana Díaz Municipio, Puerto Rico",50747,38196,7258,240,44,5,3751,1253,50437,222,44,72,075,50525
2010,72077,"Juncos Municipio, Puerto Rico",40290,28878,5504,192,29,0,3300,2387,40003,201,47,72,077,40089
2010,72079,"Lajas Municipio, Puerto Rico",25753,20750,1349,64,23,4,3106,457,25578,147,9,72,079,25606
2010,72081,"Lares Municipio, Puerto Rico",30753,28006,926,75,22,8,1071,645,30535,201,3,72,081,30552
2010,72083,"Las Marías Municipio, Puerto Rico",9881,8523,520,42,1,1,641,153,9821,55,1,72,083,9826
2010,72085,"Las Piedras Municipio, Puerto Rico",38675,27258,4582,184,40,5,4004,2602,38435,173,20,72,085,38502
2010,72087,"Loíza Municipio, Puerto Rico",30060,7974,19314,144,36,2,1825,765,29883,90,63,72,087,29970
2010,72089,"Luquillo Municipio, Puerto Rico",20068,13153,4166,186,36,1,1751,775,19651,287,70,72,089,19781
2010,72091,"Manatí Municipio, Puerto Rico",44113,36092,3819,222,42,2,2799,1137,43779,270,32,72,091,43843
2010,72093,"Maricao Municipio, Puerto Rico",6276,5600,303,27,3,8,240,95,6237,31,3,72,093,6245
2010,72095,"Maunabo Municipio, Puerto Rico",12225,5851,3720,99,18,4,1988,545,12132,77,7,72,095,12148
2010,72097,"Mayagüez Municipio, Puerto Rico",89080,70091,7345,679,189,10,7664,3102,88132,625,119,72,097,88455
2010,72099,"Moca Municipio, Puerto Rico",40109,35897,1796,63,32,5,1467,849,39885,185,19,72,099,39924
2010,72101,"Morovis Municipio, Puerto Rico",32610,28828,1689,75,26,5,1127,860,32425,142,20,72,101,32468
2010,72103,"Naguabo Municipio, Puerto Rico",26720,19011,4240,117,50,0,2476,826,26512,143,34,72,103,26577
2010,72105,"Naranjito Municipio, Puerto Rico",30402,25588,1818,142,23,2,1809,1020,30264,105,14,72,105,30297
2010,72107,"Orocovis Municipio, Puerto Rico",23423,20304,1444,102,18,6,1018,531,23325,83,4,72,107,23340
2010,72109,"Patillas Municipio, Puerto Rico",19277,11902,3835,110,14,4,2750,662,19151,73,32,72,109,19204
2010,72111,"Peñuelas Municipio, Puerto Rico",24282,19854,2237,99,42,0,1635,415,24126,128,14,72,111,24154
2010,72113,"Ponce Municipio, Puerto Rico",166327,136447,14896,773,296,15,9859,4041,164955,1042,100,72,113,165285
2010,72115,"Quebradillas Municipio, Puerto Rico",25919,23113,954,33,37,1,1189,592,25748,145,7,72,115,25774
2010,72117,"Rincón Municipio, Puerto Rico",15200,13025,811,82,27,5,853,397,14660,493,18,72,117,14707
2010,72119,"Río Grande Municipio, Puerto Rico",54304,33601,13355,355,129,7,5094,1763,53762,370,75,72,119,53934
2010,72121,"Sabana Grande Municipio, Puerto Rico",25265,21550,1394,91,8,2,1594,626,25139,106,8,72,121,25159
2010,72123,"Salinas Municipio, Puerto Rico",31078,20953,5090,183,34,4,3549,1265,30865,153,31,72,123,30925
2010,72125,"San Germán Municipio, Puerto Rico",35527,29614,1989,129,41,5,2992,757,35252,210,29,72,125,35317
2010,72127,"San Juan Municipio, Puerto Rico",395326,268708,73538,3071,1750,36,32386,15837,388186,4822,1187,72,127,390504
2010,72129,"San Lorenzo Municipio, Puerto Rico",41058,31240,4060,310,35,1,3351,2061,40860,156,12,72,129,40902
2010,72131,"San Sebastián Municipio, Puerto Rico",42430,37549,1286,129,29,0,2421,1016,42144,229,26,72,131,42201
2010,72133,"Santa Isabel Municipio, Puerto Rico",23274,16995,3637,106,14,3,1944,575,23171,67,13,72,133,23207
2010,72135,"Toa Alta Municipio, Puerto Rico",74066,56538,7133,288,94,9,7496,2508,73566,362,30,72,135,73704
2010,72137,"Toa Baja Municipio, Puerto Rico",89609,62920,15074,522,228,2,7787,3076,88684,619,125,72,137,88990
2010,72139,"Trujillo Alto Municipio, Puerto Rico",74842,53995,10963,556,167,11,6859,2291,74029,568,132,72,139,74274
2010,72141,"Utuado Municipio, Puerto Rico",33149,30719,886,72,24,9,974,465,32956,164,6,72,141,32985
2010,72143,"Vega Alta Municipio, Puerto Rico",39951,28443,5933,280,69,6,3979,1241,39448,358,70,72,143,39593
2010,72145,"Vega Baja Municipio, Puerto Rico",59662,46113,6843,272,74,6,4911,1443,59223,335,39,72,145,59327
2010,72147,"Vieques Municipio, Puerto Rico",9301,5456,2617,62,6,1,688,471,8775,444,57,72,147,8857
2010,72149,"Villalba Municipio, Puerto Rico",26073,21405,2212,63,11,0,1628,754,25983,73,2,72,149,26000
2010,72151,"Yabucoa Municipio, Puerto Rico",37941,24888,5334,172,57,1,4309,3180,37686,166,50,72,151,37775
2010,72153,"Yauco Municipio, Puerto Rico",42043,34899,2482,145,35,5,3330,1147,41831,161,10,72,153,41882
