GISJOIN,YEAR,FSTATUS,REGIONA,DIVISIONA,STATE,STATEA,SMSAA,COUNTY,COUNTYA,CTY_SUBA,PLACEA,TRACTA,BLCK_GRPA,BLOCKA,EDINDA,ENUMDISTA,SCSAA,URB_AREAA,CDA,AIANHHA,MCDSEQNO,SEA,UATYPE,PLACDESC,CBD,INDSUBR,LONGITUD,LATITUDE,LANDAREA,AREANAME,SUPFLG01,SUPFLG02,SUPFLG03,SUPFLG04,SUPFLG05,SUPFLG06,SUPFLG07,SUPFLG08,SUPFLG09,SUPFLG10,SUPFLG11,SUPFLG12,SUPFLG13,SUPFLG14,SUPFLG15,SUPFLG16,SUPFLG17,SUPFLG18,SUPFLG19,SUPFLG20,SUPFLG21,C9D001,C9D002,C9D003,C9D004,C9D005,C9D006,C9D007,C9D008,C9D009,C9D010,C9D011,C9D012,C9D013,C9D014,C9D015,C9F001,C9G001,C9G002,C9G003,C9G004
GIS Join Match Code,Data File Year,Functional Status Code,Region Code,Division Code,State Name,State Code,Standard Metropolitan Statistical Area Code,County Name,County Code,County Subdivision Code,Place Code,Census Tract Code,Block Group Code,Block Code,Enumeration District Indicator Code,Enumeration District Code,Standard Consolidated Statistical Area Code,Urban Area Code,Congressional District Code,American Indian Area/Alaska Native Area/Hawaiian Home Land Code,MCD Sequence Number,State Economic Area (SEA),Urbanized Area (UA) Type,Place Description,Central Business District (CBD),Indian Subreservation,Longitude,Latitude,Land Area (square kilometers to the nearest tenth),Area Name,Total Population Suppression Flag,White Population Suppression Flag,Black Population Suppression Flag,"American Indian, Eskimo, and Aleut Suppression Flag",Asian and Pacific Islander Suppression Flag,Spanish Population Suppression Flag,Spanish-White Population Suppression Flag,Spanish-Black Population Suppression Flag,Year-Round Housing Unit Suppression Flag,Occupied Housing Unit Suppression Flag,White Householder Suppression Flag,Black Householder Suppression Flag,"American Indian, Eskimo, and Aleut Householder Suppression Flag",Asian and Pacific Islander Householder Suppression Flag,Other Race Householder Suppression Flag,Owner/Renter Housing Unit Suppression Flag,Owner Occupied Housing Unit Suppression Flag,Renter Occupied Housing Unit Suppression Flag,Spanish Origin Householder Suppression Flag,Spanish-White Householder Suppression Flag,Spanish-Black Householder Suppression Flag,White,Black,"American Indian, Eskimo, and Aleut: American Indian","American Indian, Eskimo, and Aleut: Eskimo","American Indian, Eskimo, and Aleut: Aleut",Asian and Pacific Islander: Japanese,Asian and Pacific Islander: Chinese,Asian and Pacific Islander: Filipino,Asian and Pacific Islander: Korean,Asian and Pacific Islander: Asian Indian,Asian and Pacific Islander: Vietnamese,Asian and Pacific Islander: Hawaiian,Asian and Pacific Islander: Guamanian,Asian and Pacific Islander: Samoan,Other,Total,White,Black,"American Indian, Eskimo, Aleut, and Asian and Pacific Islander",Other
"G0100010","1980","A","3","6","Alabama","01","5240","Autauga","001",,,,,,,,,,,,,"05",,,,,,,,"AUTAUGA COUNTY","0","0","0","0","0","0","0","0","0","0","0","0","0","0","0","0","0","0","0","0","0",24814,7225,58,0,0,41,3,13,7,8,6,4,0,0,80,363,211,107,10,35
"G0100030","1980","A","3","6","Alabama","01","5160","Baldwin","003",,,,,,,,,,,,,"08",,,,,,,,"BALDWIN COUNTY","0","0","0","0","0","0","0","0","0","0","0","0","0","0","0","0","0","0","0","0","0",65840,12048,432,0,0,13,4,9,20,13,30,7,0,0,140,795,613,91,19,72
"G0100050","1980","A","3","6","Alabama","01",,"Barbour","005",,,,,,,,,,,,,"09",,,,,,,,"BARBOUR COUNTY","0","0","0","0","1","0","0","0","0","0","0","0","0","1","1","0","0","0","0","1","0",13693,11003,30,0,0,9,7,2,2,3,0,2,0,0,5,268,71,191,4,2
"G0100070","1980","A","3","6","Alabama","01",,"Bibb","007",,,,,,,,,,,,,"05",,,,,,,,"BIBB COUNTY","0","0","0","1","1","0","1","0","0","0","0","0","1","1","1","0","0","0","0","0","0",12029,3675,2,0,0,0,0,0,1,7,0,3,0,0,6,176,66,107,0,3
"G0100090","1980","A","3","6","Alabama","01",,"Blount","009",,,,,,,,,,,,,"02",,,,,,,,"BLOUNT COUNTY","0","0","0","0","0","0","0","0","0","0","0","0","0","1","1","0","0","0","0","1","0",35761,598,56,0,0,1,0,0,11,5,0,1,0,0,26,204,185,0,3,16
"G0100110","1980","A","3","6","Alabama","01",,"Bullock","011",,,,,,,,,,,,,"06",,,,,,,,"BULLOCK COUNTY","0","0","0","1","1","0","0","0","0","0","1","0","0","1","0","0","0","0","0","0","0",3427,7160,1,0,0,1,1,0,0,0,0,2,0,0,4,160,24,134,1,1
"G0100130","1980","A","3","6","Alabama","01",,"Butler","013",,,,,,,,,,,,,"09",,,,,,,,"BUTLER COUNTY","0","0","0","1","1","0","1","0","0","0","0","0","1","1","0","0","0","0","0","0","0",13260,8397,5,0,0,3,0,4,3,2,0,0,1,0,5,289,56,232,1,0
"G0100150","1980","A","3","6","Alabama","01","0450","Calhoun","015",,,,,,,,,,,,,"03",,,,,,,,"CALHOUN COUNTY","0","0","0","0","0","0","0","0","0","0","0","0","0","0","0","0","0","0","0","0","0",97313,21074,215,5,1,57,37,57,192,28,30,44,37,26,645,1329,670,104,75,480
"G0100170","1980","A","3","6","Alabama","01",,"Chambers","017",,,,,,,,,,,,,"04",,,,,,,,"CHAMBERS COUNTY","0","0","0","0","0","0","0","0","0","0","0","0","0","0","0","0","0","0","0","0","0",25222,13894,14,2,0,2,0,9,0,9,0,3,0,0,36,357,100,230,5,22
"G0100190","1980","A","3","6","Alabama","01",,"Cherokee","019",,,,,,,,,,,,,"03",,,,,,,,"CHEROKEE COUNTY","0","0","0","0","1","0","0","0","0","0","0","0","1","1","1","0","0","0","0","0","0",17185,1550,13,2,0,3,0,0,1,4,0,0,0,0,2,100,71,29,0,0
"G0100210","1980","A","3","6","Alabama","01",,"Chilton","021",,,,,,,,,,,,,"05",,,,,,,,"CHILTON COUNTY","0","0","0","1","0","0","0","0","0","0","0","0","1","1","1","0","0","0","0","0","1",26942,3633,9,0,0,6,2,6,1,4,1,0,0,0,8,167,127,30,6,4
"G0100230","1980","A","3","6","Alabama","01",,"Choctaw","023",,,,,,,,,,,,,"07",,,,,,,,"CHOCTAW COUNTY","0","0","0","1","1","0","0","0","0","0","0","0","1","1","1","0","0","0","0","1","0",9490,7319,7,0,0,2,1,0,4,3,0,0,0,0,13,164,33,129,1,1
"G0100250","1980","A","3","6","Alabama","01",,"Clarke","025",,,,,,,,,,,,,"07",,,,,,,,"CLARKE COUNTY","0","0","0","0","1","0","0","0","0","0","0","0","0","1","1","0","0","0","0","1","0",15806,11827,42,0,0,3,0,4,2,4,0,3,0,0,11,307,65,229,6,7
"G0100270","1980","A","3","6","Alabama","01",,"Clay","027",,,,,,,,,,,,,"04",,,,,,,,"CLAY COUNTY","0","0","0","1","1","0","0","1","0","0","0","0","0","1","1","0","0","0","0","0","0",11424,2268,4,0,0,1,0,0,0,3,0,0,0,0,3,94,57,36,0,1
"G0100290","1980","A","3","6","Alabama","01",,"Cleburne","029",,,,,,,,,,,,,"04",,,,,,,,"CLEBURNE COUNTY","0","0","0","1","1","0","0","0","0","0","0","0","1","1","1","0","0","0","0","0","0",11925,647,4,0,0,5,0,6,1,0,0,0,0,0,7,71,69,0,1,1
"G0100310","1980","A","3","6","Alabama","01",,"Coffee","031",,,,,,,,,,,,,"09",,,,,,,,"COFFEE COUNTY","0","0","0","0","0","0","0","0","0","0","0","0","0","0","0","0","0","0","0","0","0",31636,6532,63,4,0,30,4,8,87,10,26,4,0,0,129,349,213,72,7,57
"G0100330","1980","A","3","6","Alabama","01","2650","Colbert","033",,,,,,,,,,,,,"01",,,,,,,,"COLBERT COUNTY","0","0","0","0","0","0","0","0","0","0","0","0","0","0","0","0","0","0","0","0","1",45209,9146,68,0,0,3,5,6,3,38,5,3,0,0,33,280,182,78,4,16
"G0100350","1980","A","3","6","Alabama","01",,"Conecuh","035",,,,,,,,,,,,,"09",,,,,,,,"CONECUH COUNTY","0","0","0","0","1","0","1","0","0","0","0","0","0","1","1","0","0","0","0","1","0",9311,6534,26,0,0,2,1,1,1,0,0,6,0,0,2,195,56,137,0,2
"G0100370","1980","A","3","6","Alabama","01",,"Coosa","037",,,,,,,,,,,,,"04",,,,,,,,"COOSA COUNTY","0","0","0","1","1","0","1","0","0","0","0","0","1","1","0","0","0","0","0","1","0",7411,3950,8,0,0,0,0,0,0,0,0,1,0,0,7,113,19,93,0,1
"G0100390","1980","A","3","6","Alabama","01",,"Covington","039",,,,,,,,,,,,,"09",,,,,,,,"COVINGTON COUNTY","0","0","0","0","0","0","0","0","0","0","0","0","0","0","0","0","0","0","0","0","1",31918,4835,35,0,0,7,2,1,10,19,4,0,1,0,18,258,195,42,12,9
"G0100410","1980","A","3","6","Alabama","01",,"Crenshaw","041",,,,,,,,,,,,,"09",,,,,,,,"CRENSHAW COUNTY","0","0","0","0","1","0","0","0","0","0","0","0","0","1","1","0","0","0","0","0","0",10372,3693,25,0,0,0,0,0,1,6,0,1,3,0,9,128,31,88,1,8
"G0100430","1980","A","3","6","Alabama","01",,"Cullman","043",,,,,,,,,,,,,"02",,,,,,,,"CULLMAN COUNTY","0","0","0","0","0","0","0","0","0","0","0","0","0","0","0","0","0","0","0","0","0",60928,528,69,2,0,7,10,4,10,14,21,10,0,3,36,310,278,15,4,13
"G0100450","1980","A","3","6","Alabama","01",,"Dale","045",,,,,,,,,,,,,"09",,,,,,,,"DALE COUNTY","0","0","0","0","0","0","0","0","0","0","0","0","0","0","0","0","0","0","0","0","0",38744,7828,197,1,0,113,8,49,227,21,48,27,27,11,520,1073,570,101,43,359
"G0100470","1980","A","3","6","Alabama","01",,"Dallas","047",,,,,,,,,,,,,"06",,,,,,,,"DALLAS COUNTY","0","0","0","0","0","0","0","0","0","0","0","0","0","0","0","0","0","0","0","0","0",24205,29488,37,0,0,3,1,2,8,19,0,18,0,0,200,594,106,466,3,19
"G0100490","1980","A","3","6","Alabama","01",,"DeKalb","049",,,,,,,,,,,,,"02",,,,,,,,"DE KALB COUNTY","0","0","0","0","0","0","0","1","0","0","0","0","0","0","0","0","0","0","0","0","1",52538,939,90,0,0,4,2,10,3,17,2,6,0,0,47,281,230,12,17,22
"G0100510","1980","A","3","6","Alabama","01","5240","Elmore","051",,,,,,,,,,,,,"05",,,,,,,,"ELMORE COUNTY","0","0","0","0","0","0","0","0","0","0","0","0","0","0","0","0","0","0","0","0","0",33585,9655,28,0,1,17,8,9,7,8,5,4,0,0,63,346,151,169,10,16
"G0100530","1980","A","3","6","Alabama","01",,"Escambia","053",,,,,,,,,,,,,"08",,,,,,,,"ESCAMBIA COUNTY","0","0","0","0","0","0","0","0","0","0","0","0","0","1","1","0","0","0","0","0","1",26056,11376,951,0,0,4,3,3,5,6,2,9,1,0,24,280,131,139,2,8
"G0100550","1980","A","3","6","Alabama","01","2880","Etowah","055",,,,,,,,,,,,,"03",,,,,,,,"ETOWAH COUNTY","0","0","0","0","0","0","0","0","0","0","0","0","0","0","0","0","0","0","0","0","0",88806,13809,121,2,0,48,14,11,25,35,16,5,0,0,165,523,365,90,8,60
"G0100570","1980","A","3","6","Alabama","01",,"Fayette","057",,,,,,,,,,,,,"05",,,,,,,,"FAYETTE COUNTY","0","0","0","1","0","0","0","1","0","0","0","0","1","1","1","0","0","0","0","0","1",16378,2396,7,0,0,1,5,1,2,4,2,2,0,0,11,115,93,15,0,7
"G0100590","1980","A","3","6","Alabama","01",,"Franklin","059",,,,,,,,,,,,,"05",,,,,,,,"FRANKLIN COUNTY","0","0","0","1","0","0","0","0","0","0","0","0","0","1","1","0","0","0","0","0","1",26991,1301,22,0,0,2,0,17,1,8,0,0,0,0,8,183,152,23,3,5
"G0100610","1980","A","3","6","Alabama","01",,"Geneva","061",,,,,,,,,,,,,"09",,,,,,,,"GENEVA COUNTY","0","0","0","0","1","0","0","0","0","0","0","0","0","0","0","0","0","0","0","0","0",21019,3082,100,0,0,3,0,0,2,5,1,1,0,2,38,210,118,61,0,31
"G0100630","1980","A","3","6","Alabama","01",,"Greene","063",,,,,,,,,,,,,"06",,,,,,,,"GREENE COUNTY","0","0","0","1","1","0","0","0","0","0","0","0","1","1","1","0","0","0","0","0","0",2405,8596,2,0,0,4,0,0,0,0,0,1,0,0,13,175,16,159,0,0
"G0100650","1980","A","3","6","Alabama","01",,"Hale","065",,,,,,,,,,,,,"06",,,,,,,,"HALE COUNTY","0","0","0","0","1","0","1","0","0","0","0","0","1","1","1","0","0","0","0","1","0",5774,9799,10,7,0,3,0,3,0,0,0,6,0,0,2,308,29,278,0,1
"G0100670","1980","A","3","6","Alabama","01",,"Henry","067",,,,,,,,,,,,,"09",,,,,,,,"HENRY COUNTY","0","0","0","0","1","0","1","0","0","0","0","0","0","1","1","0","0","0","0","1","0",9473,5799,24,0,0,0,0,0,2,2,0,0,0,0,2,136,32,103,0,1
"G0100690","1980","A","3","6","Alabama","01",,"Houston","069",,,,,,,,,,,,,"09",,,,,,,,"HOUSTON COUNTY","0","0","0","0","0","0","0","0","0","0","0","0","0","0","0","0","0","0","0","0","0",57402,16611,233,1,0,51,25,2,18,28,157,0,0,0,104,578,333,185,8,52
"G0100710","1980","A","3","6","Alabama","01",,"Jackson","071",,,,,,,,,,,,,"02",,,,,,,,"JACKSON COUNTY","0","0","0","0","0","0","0","1","0","0","0","0","0","0","0","0","0","0","0","0","1",48990,2150,188,1,0,9,5,2,3,21,0,2,0,0,36,340,303,10,3,24
"G0100730","1980","A","3","6","Alabama","01","1000","Jefferson","073",,,,,,,,,,,,,"A",,,,,,,,"JEFFERSON COUNTY","0","0","0","0","0","0","0","0","0","0","0","0","0","0","0","0","0","0","0","0","0",444426,223759,520,8,7,227,379,131,226,423,206,110,6,7,889,4475,2233,1971,58,213
"G0100750","1980","A","3","6","Alabama","01",,"Lamar","075",,,,,,,,,,,,,"05",,,,,,,,"LAMAR COUNTY","0","0","0","1","1","0","0","1","0","0","0","0","0","1","1","0","0","0","0","0","1",14457,1975,11,0,0,1,0,2,3,1,0,0,1,0,2,156,117,38,0,1
"G0100770","1980","A","3","6","Alabama","01","2650","Lauderdale","077",,,,,,,,,,,,,"01",,,,,,,,"LAUDERDALE COUNTY","0","0","0","0","0","0","0","0","0","0","0","0","0","0","0","0","0","0","0","0","0",72375,7845,99,1,0,16,41,11,26,46,5,5,0,0,76,520,391,89,12,28
"G0100790","1980","A","3","6","Alabama","01",,"Lawrence","079",,,,,,,,,,,,,"01",,,,,,,,"LAWRENCE COUNTY","0","0","0","0","1","0","0","1","0","0","0","0","0","1","1","0","0","0","0","0","0",25013,5074,40,0,0,5,0,1,1,5,0,1,0,0,30,190,117,66,0,7
"G0100810","1980","A","3","6","Alabama","01",,"Lee","081",,,,,,,,,,,,,"04",,,,,,,,"LEE COUNTY","0","0","0","0","0","0","0","0","0","0","0","0","0","0","0","0","0","0","0","0","0",56869,18652,104,2,0,38,144,25,48,132,11,9,1,1,247,791,359,351,19,62
"G0100830","1980","A","3","6","Alabama","01","3440","Limestone","083",,,,,,,,,,,,,"01",,,,,,,,"LIMESTONE COUNTY","0","0","0","0","0","0","0","0","0","0","0","0","0","0","0","0","0","0","0","0","0",39351,6539,36,0,0,7,4,1,7,21,0,2,3,0,34,283,200,60,5,18
"G0100850","1980","A","3","6","Alabama","01",,"Lowndes","085",,,,,,,,,,,,,"06",,,,,,,,"LOWNDES COUNTY","0","0","0","1","1","0","1","0","0","0","0","0","0","1","1","0","0","0","0","0","0",3304,9937,2,0,0,3,1,0,0,1,0,0,0,0,5,213,13,195,1,4
"G0100870","1980","A","3","6","Alabama","01",,"Macon","087",,,,,,,,,,,,,"05",,,,,,,,"MACON COUNTY","0","0","0","0","0","0","0","0","0","0","0","0","0","0","0","0","0","0","0","0","0",4034,22579,25,0,1,4,6,4,1,48,0,9,0,0,118,345,36,283,1,25
"G0100890","1980","A","3","6","Alabama","01","3440","Madison","089",,,,,,,,,,,,,"F",,,,,,,,"MADISON COUNTY","0","0","0","0","0","0","0","0","0","0","0","0","0","0","0","0","0","0","0","0","0",154782,39069,439,0,4,183,286,77,410,322,149,43,37,1,1164,2086,1284,348,82,372
"G0100910","1980","A","3","6","Alabama","01",,"Marengo","091",,,,,,,,,,,,,"06",,,,,,,,"MARENGO COUNTY","0","0","0","1","0","0","0","0","0","0","0","0","1","0","1","0","0","0","0","1","0",11663,13346,11,0,0,4,4,5,0,2,0,4,0,0,8,546,54,487,1,4
"G0100930","1980","A","3","6","Alabama","01",,"Marion","093",,,,,,,,,,,,,"05",,,,,,,,"MARION COUNTY","0","0","0","0","0","0","0","1","0","0","0","0","0","0","0","0","0","0","0","0","1",29250,701,35,0,0,6,18,2,0,8,1,0,0,0,20,174,160,1,3,10
"G0100950","1980","A","3","6","Alabama","01","3440","Marshall","095",,,,,,,,,,,,,"02",,,,,,,,"MARSHALL COUNTY","0","0","0","0","0","0","0","1","0","0","0","0","0","0","0","0","0","0","0","0","1",64444,1016,62,0,0,8,12,7,10,23,4,0,0,2,34,359,335,2,7,15
"G0100970","1980","A","3","6","Alabama","01","5160","Mobile","097",,,,,,,,,,,,,"D",,,,,,,,"MOBILE COUNTY","0","0","0","0","0","0","0","0","0","0","0","0","0","0","0","0","0","0","0","0","0",246693,114787,1148,6,5,144,148,208,102,159,412,63,5,9,1091,3830,2226,1166,75,363
"G0100990","1980","A","3","6","Alabama","01",,"Monroe","099",,,,,,,,,,,,,"09",,,,,,,,"MONROE COUNTY","0","0","0","0","1","0","1","0","0","0","0","0","0","1","1","0","0","0","0","1","0",12749,9742,119,0,0,0,0,0,3,26,0,2,0,0,10,177,59,115,0,3
"G0101010","1980","A","3","6","Alabama","01","5240","Montgomery","101",,,,,,,,,,,,,"C",,,,,,,,"MONTGOMERY COUNTY","0","0","0","0","0","0","0","0","0","0","0","0","0","0","0","0","0","0","0","0","0",117895,77614,205,0,1,136,90,120,142,134,73,25,7,0,596,1824,797,812,38,177
"G0101030","1980","A","3","6","Alabama","01",,"Morgan","103",,,,,,,,,,,,,"01",,,,,,,,"MORGAN COUNTY","0","0","0","0","0","0","0","0","0","0","0","0","0","0","0","0","0","0","0","0","0",81131,8816,98,2,1,14,19,6,13,41,2,7,1,0,80,571,408,123,8,32
"G0101050","1980","A","3","6","Alabama","01",,"Perry","105",,,,,,,,,,,,,"06",,,,,,,,"PERRY COUNTY","0","0","0","1","1","0","1","0","0","0","1","0","0","1","0","0","0","0","0","0","0",5971,9019,7,0,0,3,1,1,2,1,0,3,0,0,4,171,18,150,0,3
"G0101070","1980","A","3","6","Alabama","01",,"Pickens","107",,,,,,,,,,,,,"05",,,,,,,,"PICKENS COUNTY","0","0","0","1","0","0","0","0","0","0","0","0","1","0","1","0","0","0","0","1","0",12451,8978,12,0,0,7,1,3,0,8,0,3,0,0,18,178,50,119,1,8
"G0101090","1980","A","3","6","Alabama","01",,"Pike","109",,,,,,,,,,,,,"09",,,,,,,,"PIKE COUNTY","0","0","0","0","0","0","0","0","0","0","0","0","0","0","0","0","0","0","0","0","1",18109,9825,53,0,3,4,11,7,4,1,0,9,2,0,22,263,117,131,1,14
"G0101110","1980","A","3","6","Alabama","01",,"Randolph","111",,,,,,,,,,,,,"04",,,,,,,,"RANDOLPH COUNTY","0","0","0","1","1","0","0","0","0","0","0","0","0","1","1","0","0","0","0","0","0",15173,4869,10,0,0,3,0,2,1,6,0,0,0,0,11,137,64,70,2,1
"G0101130","1980","A","3","6","Alabama","01","1800","Russell","113",,,,,,,,,,,,,"B",,,,,,,,"RUSSELL COUNTY","0","0","0","0","0","0","0","0","0","0","0","0","0","0","0","0","0","0","0","0","0",28544,18656,47,1,0,19,2,17,12,4,7,7,4,0,36,455,143,292,6,14
"G0101150","1980","A","3","6","Alabama","01","1000","St Clair","115",,,,,,,,,,,,,"03",,,,,,,,"ST. CLAIR COUNTY","0","0","0","0","0","0","0","0","0","0","0","0","0","0","0","0","0","0","0","0","0",36935,4128,51,1,0,8,8,6,3,6,1,1,9,1,47,283,180,71,5,27
"G0101170","1980","A","3","6","Alabama","01","1000","Shelby","117",,,,,,,,,,,,,"03",,,,,,,,"SHELBY COUNTY","0","0","0","0","0","0","0","0","0","0","0","0","0","0","0","0","0","0","0","0","0",58982,6947,106,1,0,23,52,14,14,58,16,4,1,0,80,423,252,143,1,27
"G0101190","1980","A","3","6","Alabama","01",,"Sumter","119",,,,,,,,,,,,,"06",,,,,,,,"SUMTER COUNTY","0","0","0","1","0","0","1","0","0","0","0","0","1","0","1","0","0","0","0","0","0",5150,11711,5,0,0,2,4,1,0,5,4,4,0,2,20,212,26,185,0,1
"G0101210","1980","A","3","6","Alabama","01",,"Talladega","121",,,,,,,,,,,,,"03",,,,,,,,"TALLADEGA COUNTY","0","0","0","0","0","0","0","0","0","0","0","0","0","0","0","0","0","0","0","1","0",50922,22745,40,0,1,13,15,7,11,22,1,2,5,1,41,596,240,338,9,9
"G0101230","1980","A","3","6","Alabama","01",,"Tallapoosa","123",,,,,,,,,,,,,"04",,,,,,,,"TALLAPOOSA COUNTY","0","0","0","1","0","0","0","0","0","0","0","0","1","0","1","0","0","0","0","0","0",28096,10451,13,0,0,2,1,3,1,19,0,5,0,0,85,235,118,82,2,33
"G0101250","1980","A","3","6","Alabama","01","8600","Tuscaloosa","125",,,,,,,,,,,,,"E",,,,,,,,"TUSCALOOSA COUNTY","0","0","0","0","0","0","0","0","0","0","0","0","0","0","0","0","0","0","0","0","0",99335,37405,101,3,3,44,106,53,69,83,40,12,0,3,284,1217,608,468,16,125
"G0101270","1980","A","3","6","Alabama","01","1000","Walker","127",,,,,,,,,,,,,"03",,,,,,,,"WALKER COUNTY","0","0","0","0","0","0","0","0","0","0","0","0","0","0","0","0","0","0","0","0","0",63547,4839,98,0,1,8,4,3,16,24,44,11,0,1,64,350,243,82,1,24
"G0101290","1980","A","3","6","Alabama","01",,"Washington","129",,,,,,,,,,,,,"07",,,,,,,,"WASHINGTON COUNTY","0","0","0","0","1","0","0","0","0","0","0","0","0","1","1","0","0","0","0","1","0",11280,4726,779,0,0,3,0,2,0,2,1,1,0,0,27,137,48,85,1,3
"G0101310","1980","A","3","6","Alabama","01",,"Wilcox","131",,,,,,,,,,,,,"06",,,,,,,,"WILCOX COUNTY","0","0","0","1","1","0","1","0","0","0","0","0","1","1","1","0","0","0","0","1","0",4590,10151,3,0,0,1,0,3,0,1,0,2,0,0,4,361,27,331,0,3
"G0101330","1980","A","3","6","Alabama","01",,"Winston","133",,,,,,,,,,,,,"05",,,,,,,,"WINSTON COUNTY","0","0","0","1","0","0","0","0","0","0","0","0","0","1","1","0","0","0","0","0","0",21818,69,27,0,0,7,0,3,10,8,0,1,0,0,10,122,119,0,1,2
"G0200100","1980","S","4","9","Alaska","02",,"Aleutian Islands","010",,,,,,,,,,,,,"01",,,,,,,,"ALEUTIAN ISLANDS CENSUS AREA","0","0","0","0","0","0","0","1","0","0","0","0","0","0","0","0","0","0","0","0","0",4775,329,92,27,1815,32,27,354,33,3,85,25,20,1,150,297,136,6,80,75
"G0200200","1980","B","4","9","Alaska","02","0380","Anchorage","020",,,,,,,,,,,,,"01",,,,,,,,"ANCHORAGE BOROUGH","0","0","0","0","0","0","0","0","0","0","0","0","0","0","0","0","0","0","0","0","0",148650,9258,3565,3856,1532,1053,328,966,1051,144,131,242,65,63,3527,5222,2790,144,485,1803
"G0200500","1980","S","4","9","Alaska","02",,"Bethel","050",,,,,,,,,,,,,"01",,,,,,,,"BETHEL CENSUS AREA","0","0","0","0","0","0","0","0","0","0","0","0","0","1","1","0","0","0","0","0","0",1661,26,272,8944,31,6,4,12,2,0,0,0,0,6,35,61,25,0,25,11
"G0200600","1980","A","4","9","Alaska","02",,"Bristol Bay Borough","060",,,,,,,,,,,,,"01",,,,,,,,"BRISTOL BAY BOROUGH","0","0","0","0","1","0","1","1","0","0","0","0","1","0","1","0","0","0","1","1","0",660,47,11,44,305,0,1,1,0,0,0,1,2,0,22,30,7,1,3,19
"G0200700","1980","S","4","9","Alaska","02",,"Dillingham","070",,,,,,,,,,,,,"01",,,,,,,,"DILLINGHAM CENSUS AREA","0","0","1","0","1","0","0","0","0","0","0","0","0","1","1","0","0","0","0","1","0",1066,1,267,2028,1225,1,1,3,0,0,0,1,0,1,22,23,15,0,7,1
"G0200900","1980","A","4","9","Alaska","02",,"Fairbanks North Star","090",,,,,,,,,,,,,"01",,,,,,,,"FAIRBANKS NORTH STAR BOROUGH","0","0","0","0","0","0","0","0","0","0","0","0","0","0","0","0","0","0","0","0","0",46106,3006,1839,1073,75,196,80,87,246,56,60,59,19,13,1068,1546,885,53,85,523
"G0201000","1980","A","4","9","Alaska","02",,"Haines","100",,,,,,,,,,,,,"01",,,,,,,,"HAINES BOROUGH","0","0","1","0","1","1","1","0","0","0","0","0","0","1","1","0","0","0","1","1","0",1430,3,205,4,5,1,0,2,1,1,0,0,0,0,28,13,13,0,0,0
"G0201100","1980","B","4","9","Alaska","02",,"Juneau","110",,,,,,,,,,,,,"01",,,,,,,,"JUNEAU BOROUGH","0","0","0","0","0","0","0","1","0","0","0","0","0","0","0","0","0","0","0","0","0",16459,142,2010,115,65,41,29,374,10,25,14,6,0,5,233,383,208,2,94,79
"G0201220","1980","A","4","9","Alaska","02",,"Kenai Peninsula","122",,,,,,,,,,,,,"01",,,,,,,,"KENAI PENINSULA BOROUGH","0","0","0","0","0","0","0","1","0","0","0","0","0","0","0","0","0","0","0","0","0",23099,41,812,337,589,54,10,81,32,2,9,9,1,2,204,358,240,1,39,78
"G0201300","1980","A","4","9","Alaska","02",,"Ketchikan Gateway","130",,,,,,,,,,,,,"01",,,,,,,,"KETCHIKAN GATEWAY BOROUGH","0","0","0","0","0","0","0","0","0","0","0","0","0","0","0","0","0","0","0","0","0",9479,46,1314,40,52,26,6,217,5,1,15,6,5,4,100,206,84,0,98,24
"G0201400","1980","S","4","9","Alaska","02",,"Kobuk","140",,,,,,,,,,,,,"01",,,,,,,,"KOBUK CENSUS AREA","0","0","1","0","1","0","1","1","0","0","0","1","0","1","1","0","0","0","1","1","0",683,7,35,4075,3,3,0,0,1,0,0,0,0,2,22,15,7,1,6,1
"G0201500","1980","A","4","9","Alaska","02",,"Kodiak Island","150",,,,,,,,,,,,,"01",,,,,,,,"KODIAK ISLAND BOROUGH","0","0","0","0","0","0","0","1","0","0","0","0","0","0","0","0","0","0","0","0","0",7046,72,106,68,1710,33,9,624,61,1,19,15,9,24,142,304,142,2,82,78
"G0201700","1980","A","4","9","Alaska","02",,"Matanuska-Susitna","170",,,,,,,,,,,,,"01",,,,,,,,"MATANUSKA-SUSITNA BOROUGH","0","0","0","0","0","0","0","1","0","0","0","0","0","0","0","0","0","0","0","0","0",16844,90,328,232,128,15,3,14,14,2,0,8,3,2,133,224,151,2,21,50
"G0201800","1980","S","4","9","Alaska","02",,"Nome","180",,,,,,,,,,,,,"01",,,,,,,,"NOME CENSUS AREA","0","0","0","0","0","0","1","1","0","0","0","0","0","0","0","0","0","0","0","1","0",1278,22,43,5118,13,4,0,9,6,0,12,1,0,0,31,27,12,1,8,6
"G0201850","1980","A","4","9","Alaska","02",,"North Slope","185",,,,,,,,,,,,,"01",,,,,,,,"NORTH SLOPE BOROUGH","0","0","1","0","0","0","1","1","0","0","0","0","0","0","0","0","0","0","1","0","0",914,22,26,3195,4,0,0,10,9,1,1,2,0,1,14,32,14,1,14,3
"G0202010","1980","S","4","9","Alaska","02",,"Prince Of Wales-Outer Ketchikan","201",,,,,,,,,,,,,"01",,,,,,,,"PRINCE OF WALES-OUTER KETCHIKAN CENSUS AREA","0","0","1","0","0","0","1","0","0","0","0","1","0","1","0","0","0","0","0","1","0",2080,11,1606,25,20,0,0,3,2,0,0,1,13,0,61,31,13,0,16,2
"G0202200","1980","B","4","9","Alaska","02",,"Sitka","220",,,,,,,,,,,,,"01",,,,,,,,"SITKA BOROUGH","0","0","0","0","0","0","0","0","0","0","0","0","0","0","0","0","0","0","0","0","0",5768,44,1506,95,68,63,9,156,0,0,0,1,1,5,87,108,50,0,42,16
"G0202310","1980","S","4","9","Alaska","02",,"Skagway-Yakutat-Angoon","231",,,,,,,,,,,,,"01",,,,,,,,"SKAGWAY-YAKUTAT-ANGOON CENSUS AREA","0","0","1","0","0","0","0","0","0","0","0","1","0","0","1","0","0","0","0","1","0",1941,5,1410,35,17,2,0,3,3,0,2,4,5,2,49,41,16,0,15,10
"G0202400","1980","S","4","9","Alaska","02",,"Southeast Fairbanks","240",,,,,,,,,,,,,"01",,,,,,,,"SOUTHEAST FAIRBANKS CENSUS AREA","0","0","0","0","0","0","0","1","0","0","0","0","0","0","0","0","0","0","0","0","0",4473,284,683,33,9,7,3,21,43,0,7,7,6,0,100,199,101,6,32,60
"G0202610","1980","S","4","9","Alaska","02",,"Valdez-Cordova","261",,,,,,,,,,,,,"01",,,,,,,,"VALDEZ-CORDOVA CENSUS AREA","0","0","0","0","0","0","0","1","0","0","0","0","0","0","0","0","0","0","0","0","0",6915,58,580,127,353,13,7,107,8,4,26,12,0,0,138,198,106,1,43,48
"G0202700","1980","S","4","9","Alaska","02",,"Wade Hampton","270",,,,,,,,,,,,,"01",,,,,,,,"WADE HAMPTON CENSUS AREA","0","0","1","0","1","1","1","0","0","0","0","0","0","1","1","0","0","0","1","1","0",296,3,8,4335,4,0,3,1,1,1,0,0,0,2,11,10,7,0,2,1
"G0202800","1980","S","4","9","Alaska","02",,"Wrangell-Petersburg","280",,,,,,,,,,,,,"01",,,,,,,,"WRANGELL-PETERSBURG CENSUS AREA","0","0","1","0","0","0","0","1","0","0","0","1","0","0","1","0","0","0","0","0","0",4812,9,1124,12,54,42,1,36,5,0,0,1,0,1,70,89,33,1,32,23
"G0202900","1980","S","4","9","Alaska","02",,"Yukon-Koyukuk","290",,,,,,,,,,,,,"01",,,,,,,,"YUKON-KOYUKUK CENSUS AREA","0","0","0","0","0","0","0","0","0","0","0","0","0","1","1","0","0","0","0","1","0",3293,117,4027,326,13,3,1,11,3,0,2,1,0,0,76,90,38,0,35,17
"G0400010","1980","A","4","8","Arizona","04",,"Apache","001",,,,,,,,,,,,,"01",,,,,,,,"APACHE COUNTY","0","0","0","0","0","0","0","1","0","0","0","0","0","0","0","0","0","0","0","0","0",11902,271,39024,11,0,6,8,14,8,5,15,2,1,6,835,1983,1075,2,188,718
"G0400030","1980","A","4","8","Arizona","04",,"Cochise","003",,,,,,,,,,,,,"02",,,,,,,,"COCHISE COUNTY","0","0","0","0","0","0","0","0","0","0","0","0","0","0","0","0","0","0","0","0","0",73261,3224,489,2,5,334,132,207,485,33,90,76,65,11,7272,22846,15938,129,183,6596
"G0400050","1980","A","4","8","Arizona","04",,"Coconino","005",,,,,,,,,,,,,"01",,,,,,,,"COCONINO COUNTY","0","0","0","0","0","0","0","0","0","0","0","0","0","0","0","0","0","0","0","0","0",49235,1275,20904,7,2,47,124,33,37,49,22,14,6,5,3248,7315,4190,29,207,2889
"G0400070","1980","A","4","8","Arizona","04",,"Gila","007",,,,,,,,,,,,,"01",,,,,,,,"GILA COUNTY","0","0","0","0","0","0","0","0","0","0","0","0","0","0","0","0","0","0","0","0","0",30147,88,5083,1,1,12,32,15,18,9,3,1,0,0,1670,7723,6064,0,50,1609
"G0400090","1980","A","4","8","Arizona","04",,"Graham","009",,,,,,,,,,,,,"02",,,,,,,,"GRAHAM COUNTY","0","0","0","0","0","0","0","0","0","0","0","0","0","0","0","0","0","0","0","0","1",17085,474,2740,4,0,5,16,8,2,1,10,11,6,1,2499,5457,3017,18,30,2392
"G0400110","1980","A","4","8","Arizona","04",,"Greenlee","011",,,,,,,,,,,,,"02",,,,,,,,"GREENLEE COUNTY","0","0","0","0","0","0","0","1","0","0","0","0","0","0","0","0","0","0","0","0","0",9357,18,229,0,6,3,2,13,5,5,0,0,0,1,1767,5446,3693,4,28,1721
"G0400130","1980","A","4","8","Arizona","04","6200","Maricopa","013",,,,,,,,,,,,,"A",,,,,,,,"MARICOPA COUNTY","0","0","0","0","0","0","0","0","0","0","0","0","0","0","0","0","0","0","0","0","0",1307455,48113,22788,59,56,2448,4208,2001,1355,1199,1215,437,162,94,117462,199003,82961,936,3941,111165
"G0400150","1980","A","4","8","Arizona","04",,"Mohave","015",,,,,,,,,,,,,"01",,,,,,,,"MOHAVE COUNTY","0","0","0","0","0","0","0","1","0","0","0","0","0","0","0","0","0","0","0","0","1",53477,99,1462,3,4,51,44,28,14,33,27,18,2,0,603,2148,1559,7,83,499
"G0400170","1980","A","4","8","Arizona","04",,"Navajo","017",,,,,,,,,,,,,"01",,,,,,,,"NAVAJO COUNTY","0","0","0","0","0","0","0","1","0","0","0","0","0","0","0","0","0","0","0","0","1",32543,597,32122,3,4,19,83,31,5,28,17,13,3,2,2159,4538,2317,8,244,1969
"G0400190","1980","A","4","8","Arizona","04","8520","Pima","019",,,,,,,,,,,,,"B",,,,,,,,"PIMA COUNTY","0","0","0","0","0","0","0","0","0","0","0","0","0","0","0","0","0","0","0","0","0",442888,15118,14880,32,16,853,1892,634,409,428,451,175,63,17,53587,111418,57956,452,2541,50469
"G0400210","1980","A","4","8","Arizona","04",,"Pinal","021",,,,,,,,,,,,,"02",,,,,,,,"PINAL COUNTY","0","0","0","0","0","0","0","0","0","0","0","0","0","0","0","0","0","0","0","0","0",61849,3017,8487,8,4,26,107,81,18,36,23,7,4,3,17248,26752,9129,43,616,16964
"G0400230","1980","A","4","8","Arizona","04",,"Santa Cruz","023",,,,,,,,,,,,,"02",,,,,,,,"SANTA CRUZ COUNTY","0","0","0","0","0","0","0","0","0","0","0","0","0","0","0","0","0","0","0","0","0",16515,69,57,0,0,30,11,3,8,30,3,8,2,0,3723,15229,11491,22,47,3669
"G0400250","1980","A","4","8","Arizona","04",,"Yavapai","025",,,,,,,,,,,,,"01",,,,,,,,"YAVAPAI COUNTY","0","0","0","0","0","0","0","1","0","0","0","0","0","0","0","0","0","0","0","0","0",65322,193,997,4,4,26,47,22,19,24,25,16,7,1,1438,4205,2830,4,92,1279
"G0400270","1980","A","4","8","Arizona","04",,"Yuma","027",,,,,,,,,,,,,"02",,,,,,,,"YUMA COUNTY","0","0","0","0","0","0","0","0","0","0","0","0","0","0","0","0","0","0","0","0","0",69725,2421,3236,4,7,214,114,258,66,222,31,30,32,5,14189,26638,12279,78,546,13735
"G0500010","1980","A","3","7","Arkansas","05",,"Arkansas","001",,,,,,,,,,,,,"07",,,,,,,,"ARKANSAS COUNTY","0","0","0","0","1","0","0","1","0","0","0","0","0","1","1","0","0","0","0","0","1",19280,4805,44,0,0,0,6,10,1,4,12,0,0,0,13,118,65,44,0,9
"G0500030","1980","A","3","7","Arkansas","05",,"Ashley","003",,,,,,,,,,,,,"06",,,,,,,,"ASHLEY COUNTY","0","0","0","0","0","0","0","0","0","0","0","0","0","0","0","0","0","0","0","0","0",19230,7237,23,3,0,1,2,2,3,6,6,5,0,0,20,162,76,68,5,13
"G0500050","1980","A","3","7","Arkansas","05",,"Baxter","005",,,,,,,,,,,,,"09",,,,,,,,"BAXTER COUNTY","0","0","0","0","0","0","1","0","0","0","0","0","0","0","0","0","0","0","0","1","0",27252,26,65,0,0,6,1,1,3,19,7,0,1,0,28,148,141,0,0,7
"G0500070","1980","A","3","7","Arkansas","05","2580","Benton","007",,,,,,,,,,,,,"01",,,,,,,,"BENTON COUNTY","0","0","0","0","0","0","0","0","0","0","0","0","0","0","0","0","0","0","0","0","0",76644,50,948,0,1,12,36,26,17,35,107,8,4,0,227,568,389,0,24,155
"G0500090","1980","A","3","7","Arkansas","05",,"Boone","009",,,,,,,,,,,,,"09",,,,,,,,"BOONE COUNTY","0","0","1","0","0","0","0","0","0","0","0","0","0","0","0","0","0","0","0","0","0",25950,2,63,0,1,3,1,1,6,6,3,1,2,0,28,150,133,0,3,14
"G0500110","1980","A","3","7","Arkansas","05",,"Bradley","011",,,,,,,,,,,,,"06",,,,,,,,"BRADLEY COUNTY","0","0","0","1","1","0","0","0","0","0","0","0","1","1","0","0","0","0","0","0","0",9736,4022,10,0,0,3,1,1,2,2,0,0,0,0,26,79,31,22,2,24
"G0500130","1980","A","3","7","Arkansas","05",,"Calhoun","013",,,,,,,,,,,,,"06",,,,,,,,"CALHOUN COUNTY","0","0","0","1","1","0","1","1","0","0","0","0","1","1","0","0","0","0","0","1","1",4354,1706,3,0,0,0,1,1,0,0,4,6,0,0,4,15,12,3,0,0
"G0500150","1980","A","3","7","Arkansas","05",,"Carroll","015",,,,,,,,,,,,,"09",,,,,,,,"CARROLL COUNTY","0","0","1","0","0","0","0","1","0","0","0","1","0","1","0","0","0","0","0","1","0",16067,4,74,0,0,1,0,0,7,7,7,1,0,0,35,110,97,1,1,11
"G0500170","1980","A","3","7","Arkansas","05",,"Chicot","017",,,,,,,,,,,,,"08",,,,,,,,"CHICOT COUNTY","0","0","0","0","0","0","0","0","0","0","0","0","0","0","0","0","0","0","0","0","0",8217,9414,16,1,0,1,85,4,0,1,23,1,0,0,30,215,57,139,2,17
"G0500190","1980","A","3","7","Arkansas","05",,"Clark","019",,,,,,,,,,,,,"06",,,,,,,,"CLARK COUNTY","0","0","0","0","0","0","0","0","0","0","0","0","0","0","0","0","0","0","0","0","0",18133,5079,24,0,0,11,14,2,5,5,1,11,0,0,41,170,95,49,2,24
"G0500210","1980","A","3","7","Arkansas","05",,"Clay","021",,,,,,,,,,,,,"07",,,,,,,,"CLAY COUNTY","0","0","1","0","0","0","0","0","0","0","0","1","0","1","0","0","0","0","0","0","0",20558,3,28,0,0,1,0,1,5,8,0,0,0,0,12,135,124,0,1,10
"G0500230","1980","A","3","7","Arkansas","05",,"Cleburne","023",,,,,,,,,,,,,"09",,,,,,,,"CLEBURNE COUNTY","0","0","1","0","1","0","0","0","0","0","0","1","0","0","1","0","0","0","0","1","0",16826,4,41,0,0,1,2,0,1,4,4,0,0,0,26,77,57,0,0,20
"G0500250","1980","A","3","7","Arkansas","05",,"Cleveland","025",,,,,,,,,,,,,"06",,,,,,,,"CLEVELAND COUNTY","0","0","0","1","1","0","1","1","0","0","0","0","1","1","0","0","0","0","1","1","1",6657,1194,5,0,0,2,0,5,2,0,0,0,0,0,3,17,14,2,0,1
"G0500270","1980","A","3","7","Arkansas","05",,"Columbia","027",,,,,,,,,,,,,"05",,,,,,,,"COLUMBIA COUNTY","0","0","0","0","0","0","0","0","0","0","0","0","0","0","0","0","0","0","0","0","0",17270,9242,58,1,0,7,0,0,3,11,7,2,0,0,43,212,100,87,3,22
"G0500290","1980","A","3","7","Arkansas","05",,"Conway","029",,,,,,,,,,,,,"03",,,,,,,,"CONWAY COUNTY","0","0","0","0","0","0","0","0","0","0","0","0","0","0","0","0","0","0","0","0","1",16414,2974,60,0,0,5,0,2,1,7,1,2,0,1,38,110,78,19,2,11
"G0500310","1980","A","3","7","Arkansas","05",,"Craighead","031",,,,,,,,,,,,,"07",,,,,,,,"CRAIGHEAD COUNTY","0","0","0","0","0","0","0","0","0","0","0","0","0","0","0","0","0","0","0","0","0",59884,2876,196,1,0,7,30,16,9,19,72,4,0,1,124,417,308,28,12,69
"G0500330","1980","A","3","7","Arkansas","05","2720","Crawford","033",,,,,,,,,,,,,"02",,,,,,,,"CRAWFORD COUNTY","0","0","0","0","0","0","0","0","0","0","0","0","0","0","0","0","0","0","0","0","0",35413,460,787,0,0,4,1,18,8,8,129,4,0,0,60,252,197,0,20,35
"G0500350","1980","A","3","7","Arkansas","05","4920","Crittenden","035",,,,,,,,,,,,,"08",,,,,,,,"CRITTENDEN COUNTY","0","0","0","0","0","0","0","0","0","0","0","0","0","0","0","0","0","0","0","0","0",27928,21207,79,0,1,18,70,8,24,5,3,15,4,1,136,590,161,284,24,121
"G0500370","1980","A","3","7","Arkansas","05",,"Cross","037",,,,,,,,,,,,,"07",,,,,,,,"CROSS COUNTY","0","0","0","0","0","0","0","0","0","0","0","0","0","0","0","0","0","0","0","0","0",15287,5068,18,1,0,6,0,2,2,5,2,4,0,0,39,136,65,45,0,26
"G0500390","1980","A","3","7","Arkansas","05",,"Dallas","039",,,,,,,,,,,,,"06",,,,,,,,"DALLAS COUNTY","0","0","0","1","1","0","0","0","0","0","0","0","0","1","1","0","0","0","0","0","1",6533,3957,14,0,0,0,1,1,0,0,0,3,0,0,6,77,39,31,1,6
"G0500410","1980","A","3","7","Arkansas","05",,"Desha","041",,,,,,,,,,,,,"08",,,,,,,,"DESHA COUNTY","0","0","0","0","0","0","0","0","0","0","0","0","0","0","0","0","0","0","0","0","0",11231,8444,21,1,0,2,8,0,0,12,0,2,0,0,39,233,115,89,0,29
"G0500430","1980","A","3","7","Arkansas","05",,"Drew","043",,,,,,,,,,,,,"06",,,,,,,,"DREW COUNTY","0","0","0","0","0","0","0","0","0","0","0","0","0","0","0","0","0","0","0","0","1",12940,4886,31,0,0,1,13,6,0,4,0,3,0,0,26,116,47,53,5,11
"G0500450","1980","A","3","7","Arkansas","05",,"Faulkner","045",,,,,,,,,,,,,"03",,,,,,,,"FAULKNER COUNTY","0","0","0","0","0","0","0","1","0","0","0","0","0","0","0","0","0","0","0","0","1",42196,3700,127,1,1,4,21,21,9,9,10,3,0,0,90,208,151,10,9,38
"G0500470","1980","A","3","7","Arkansas","05",,"Franklin","047",,,,,,,,,,,,,"02",,,,,,,,"FRANKLIN COUNTY","0","0","0","0","0","0","0","1","0","0","0","0","0","1","1","0","0","0","0","0","0",14319,154,114,0,0,1,3,3,5,2,45,0,0,0,59,139,83,2,6,48
"G0500490","1980","A","3","7","Arkansas","05",,"Fulton","049",,,,,,,,,,,,,"09",,,,,,,,"FULTON COUNTY","0","0","1","0","1","0","1","0","0","0","0","0","1","0","1","0","0","0","0","1","0",9897,1,57,0,0,5,0,1,0,1,0,0,0,0,13,35,30,0,0,5
"G0500510","1980","A","3","7","Arkansas","05",,"Garland","051",,,,,,,,,,,,,"04",,,,,,,,"GARLAND COUNTY","0","0","0","0","0","0","0","0","0","0","0","0","0","0","0","0","0","0","0","0","0",64106,5756,216,5,2,49,18,8,6,31,68,8,1,0,257,598,376,46,7,169
"G0500530","1980","A","3","7","Arkansas","05",,"Grant","053",,,,,,,,,,,,,"06",,,,,,,,"GRANT COUNTY","0","0","0","0","1","0","0","1","0","0","0","0","0","1","1","0","0","0","0","0","1",12527,420,35,0,0,3,0,1,7,1,0,0,0,0,14,84,71,7,0,6
"G0500550","1980","A","3","7","Arkansas","05",,"Greene","055",,,,,,,,,,,,,"07",,,,,,,,"GREENE COUNTY","0","0","1","0","0","0","0","0","0","0","0","1","0","1","0","0","0","0","0","1","0",30573,5,123,0,0,4,1,2,4,6,0,0,0,0,26,149,134,0,1,14
"G0500570","1980","A","3","7","Arkansas","05",,"Hempstead","057",,,,,,,,,,,,,"05",,,,,,,,"HEMPSTEAD COUNTY","0","0","0","0","0","0","0","0","0","0","0","0","0","1","1","0","0","0","0","0","0",16413,7062,76,0,2,7,9,0,4,2,1,9,0,0,50,163,82,52,1,28
"G0500590","1980","A","3","7","Arkansas","05",,"Hot Spring","059",,,,,,,,,,,,,"04",,,,,,,,"HOT SPRING COUNTY","0","0","0","0","0","0","0","0","0","0","0","0","0","0","0","0","0","0","0","0","0",23626,3014,104,2,0,2,1,3,8,6,0,2,0,0,51,180,92,54,0,34
"G0500610","1980","A","3","7","Arkansas","05",,"Howard","061",,,,,,,,,,,,,"05",,,,,,,,"HOWARD COUNTY","0","0","0","0","0","0","0","0","0","0","0","0","0","1","1","0","0","0","0","0","0",10858,2486,38,0,0,2,0,0,3,7,42,3,1,0,19,120,80,18,7,15
"G0500630","1980","A","3","7","Arkansas","05",,"Independence","063",,,,,,,,,,,,,"03",,,,,,,,"INDEPENDENCE COUNTY","0","0","0","0","0","0","0","1","0","0","0","0","0","0","0","0","0","0","0","0","1",29304,551,126,5,0,5,3,4,8,11,58,1,0,1,70,218,164,5,3,46
"G0500650","1980","A","3","7","Arkansas","05",,"Izard","065",,,,,,,,,,,,,"09",,,,,,,,"IZARD COUNTY","0","0","1","0","1","0","0","0","0","0","0","1","0","1","1","0","0","0","0","1","0",10724,3,24,0,0,0,2,1,0,0,0,0,1,0,13,92,80,0,3,9
"G0500670","1980","A","3","7","Arkansas","05",,"Jackson","067",,,,,,,,,,,,,"07",,,,,,,,"JACKSON COUNTY","0","0","0","0","1","0","0","0","0","0","0","0","0","1","1","0","0","0","0","0","1",18697,2887,38,0,0,2,4,6,0,2,2,0,1,0,7,124,70,48,2,4
"G0500690","1980","A","3","7","Arkansas","05","6240","Jefferson","069",,,,,,,,,,,,,"08",,,,,,,,"JEFFERSON COUNTY","0","0","0","0","0","0","0","0","0","0","0","0","0","0","0","0","0","0","0","0","0",53235,36825,187,0,1,43,93,25,24,52,10,12,0,1,210,735,245,376,23,91
"G0500710","1980","A","3","7","Arkansas","05",,"Johnson","071",,,,,,,,,,,,,"02",,,,,,,,"JOHNSON COUNTY","0","0","0","0","0","0","0","1","0","0","0","0","0","0","0","0","0","0","0","0","1",16970,273,98,4,0,8,19,0,9,12,1,0,0,0,29,88,70,10,0,8
"G0500730","1980","A","3","7","Arkansas","05",,"Lafayette","073",,,,,,,,,,,,,"05",,,,,,,,"LAFAYETTE COUNTY","0","0","0","0","0","0","0","0","0","0","0","0","0","0","0","0","0","0","0","0","0",5979,4189,20,0,0,0,0,0,0,0,0,0,0,0,25,142,34,84,0,24
"G0500750","1980","A","3","7","Arkansas","05",,"Lawrence","075",,,,,,,,,,,,,"07",,,,,,,,"LAWRENCE COUNTY","0","0","0","0","0","0","0","1","0","0","0","0","0","1","1","0","0","0","0","0","1",18221,84,90,0,0,0,0,1,2,6,6,1,0,0,36,104,89,2,1,12
"G0500770","1980","A","3","7","Arkansas","05",,"Lee","077",,,,,,,,,,,,,"08",,,,,,,,"LEE COUNTY","0","0","0","1","0","0","0","0","0","0","0","0","1","0","1","0","0","0","0","0","0",6912,8520,11,0,0,2,42,2,1,0,9,1,1,0,38,196,46,114,0,36
"G0500790","1980","A","3","7","Arkansas","05",,"Lincoln","079",,,,,,,,,,,,,"08",,,,,,,,"LINCOLN COUNTY","0","0","0","0","1","0","0","1","0","0","0","0","1","0","1","0","0","0","0","0","1",8547,4794,15,0,0,3,1,0,0,0,1,0,0,0,8,82,45,32,0,5
"G0500810","1980","A","3","7","Arkansas","05","8360","Little River","081",,,,,,,,,,,,,"05",,,,,,,,"LITTLE RIVER COUNTY","0","0","0","0","1","0","0","0","0","0","0","0","0","1","1","0","0","0","0","0","1",10370,3470,85,0,0,3,1,3,0,5,2,3,1,0,9,88,46,27,6,9
"G0500830","1980","A","3","7","Arkansas","05",,"Logan","083",,,,,,,,,,,,,"02",,,,,,,,"LOGAN COUNTY","0","0","0","0","0","0","0","1","0","0","0","0","0","0","0","0","0","0","0","1","0",19630,307,145,0,0,3,0,12,1,4,2,1,0,0,39,128,98,2,1,27
"G0500850","1980","A","3","7","Arkansas","05",,"Lonoke","085",,,,,,,,,,,,,"07",,,,,,,,"LONOKE COUNTY","0","0","0","0","0","0","0","0","0","0","0","0","0","1","1","0","0","0","0","0","0",30101,4218,118,0,0,9,3,9,1,5,1,6,0,0,47,211,131,57,2,21
"G0500870","1980","A","3","7","Arkansas","05",,"Madison","087",,,,,,,,,,,,,"09",,,,,,,,"MADISON COUNTY","0","0","0","0","1","0","0","0","0","0","0","0","0","0","0","0","0","0","0","0","0",11277,0,69,0,0,5,0,1,0,0,0,0,0,0,21,54,38,0,0,16
"G0500890","1980","A","3","7","Arkansas","05",,"Marion","089",,,,,,,,,,,,,"09",,,,,,,,"MARION COUNTY","0","0","1","0","0","0","0","0","0","0","0","1","0","1","0","0","0","0","0","0","0",11246,2,51,0,0,11,2,1,0,3,0,0,0,0,18,62,45,0,2,15
"G0500910","1980","A","3","7","Arkansas","05","8360","Miller","091",,,,,,,,,,,,,"05",,,,,,,,"MILLER COUNTY","0","0","0","0","0","0","0","0","0","0","0","0","0","0","0","0","0","0","0","0","0",28322,9136,133,0,0,1,3,15,8,11,41,0,0,0,96,278,141,81,5,51
"G0500930","1980","A","3","7","Arkansas","05",,"Mississippi","093",,,,,,,,,,,,,"08",,,,,,,,"MISSISSIPPI COUNTY","0","0","0","0","0","0","0","0","0","0","0","0","0","0","0","0","0","0","0","0","0",42748,16164,91,0,0,32,28,56,25,19,43,25,7,0,279,742,368,146,35,193
"G0500950","1980","A","3","7","Arkansas","05",,"Monroe","095",,,,,,,,,,,,,"07",,,,,,,,"MONROE COUNTY","0","0","0","0","1","0","1","0","0","0","0","0","0","0","0","0","0","0","0","0","0",8240,5738,54,0,0,2,9,0,0,5,0,2,0,0,2,93,20,72,1,0
"G0500970","1980","A","3","7","Arkansas","05",,"Montgomery","097",,,,,,,,,,,,,"04",,,,,,,,"MONTGOMERY COUNTY","0","0","1","0","1","0","0","0","0","0","0","0","0","1","1","0","0","0","0","1","0",7688,11,52,0,0,1,0,0,1,4,0,0,0,0,14,46,35,0,1,10
"G0500990","1980","A","3","7","Arkansas","05",,"Nevada","099",,,,,,,,,,,,,"05",,,,,,,,"NEVADA COUNTY","0","0","0","0","1","0","0","1","0","0","0","0","0","1","1","0","0","0","0","0","1",7664,3398,23,0,0,0,0,0,1,5,0,0,0,0,6,71,57,10,0,4
"G0501010","1980","A","3","7","Arkansas","05",,"Newton","101",,,,,,,,,,,,,"09",,,,,,,,"NEWTON COUNTY","0","0","1","0","1","0","1","0","0","0","0","1","0","1","1","0","0","0","0","1","0",7700,5,33,0,0,2,0,0,1,3,0,0,0,0,12,53,46,0,0,7
"G0501030","1980","A","3","7","Arkansas","05",,"Ouachita","103",,,,,,,,,,,,,"06",,,,,,,,"OUACHITA COUNTY","0","0","0","0","0","0","0","0","0","0","0","0","0","0","0","0","0","0","0","0","0",19441,11002,53,0,0,6,7,2,2,4,1,0,0,0,23,283,113,152,7,11
"G0501050","1980","A","3","7","Arkansas","05",,"Perry","105",,,,,,,,,,,,,"04",,,,,,,,"PERRY COUNTY","0","0","0","0","1","1","1","0","0","0","0","0","0","0","0","0","0","0","1","1","0",7098,133,26,0,0,1,0,1,1,0,1,0,0,0,5,11,10,0,1,0
"G0501070","1980","A","3","7","Arkansas","05",,"Phillips","107",,,,,,,,,,,,,"08",,,,,,,,"PHILLIPS COUNTY","0","0","0","0","0","0","0","0","0","0","0","0","0","0","0","0","0","0","0","0","0",16100,18410,61,0,0,8,65,0,0,13,2,10,0,1,102,472,102,271,10,89
"G0501090","1980","A","3","7","Arkansas","05",,"Pike","109",,,,,,,,,,,,,"04",,,,,,,,"PIKE COUNTY","0","0","0","0","1","0","0","1","0","0","0","0","1","0","1","0","0","0","0","0","1",9907,414,42,0,0,0,0,2,0,0,0,0,0,0,8,35,26,5,1,3
"G0501110","1980","A","3","7","Arkansas","05",,"Poinsett","111",,,,,,,,,,,,,"07",,,,,,,,"POINSETT COUNTY","0","0","0","0","1","0","0","1","0","0","0","0","0","1","1","0","0","0","0","0","1",25052,1868,84,0,0,4,0,3,0,2,6,1,0,0,12,131,102,14,6,9
"G0501130","1980","A","3","7","Arkansas","05",,"Polk","113",,,,,,,,,,,,,"04",,,,,,,,"POLK COUNTY","0","0","1","0","0","0","0","0","0","0","0","1","0","1","0","0","0","0","0","0","0",16837,2,101,1,0,1,0,7,3,2,7,1,0,0,45,127,95,0,2,30
"G0501150","1980","A","3","7","Arkansas","05",,"Pope","115",,,,,,,,,,,,,"02",,,,,,,,"POPE COUNTY","0","0","0","0","0","0","0","1","0","0","0","0","0","0","0","0","0","0","0","0","1",37758,836,249,0,0,19,8,14,22,16,25,3,0,0,71,250,198,3,15,34
"G0501170","1980","A","3","7","Arkansas","05",,"Prairie","117",,,,,,,,,,,,,"07",,,,,,,,"PRAIRIE COUNTY","0","0","0","0","1","0","0","0","0","0","0","0","0","1","1","0","0","0","0","0","1",8679,1417,23,0,0,0,0,0,1,3,6,3,0,0,8,91,39,43,2,7
"G0501190","1980","A","3","7","Arkansas","05","4400","Pulaski","119",,,,,,,,,,,,,"A",,,,,,,,"PULASKI COUNTY","0","0","0","0","0","0","0","0","0","0","0","0","0","0","0","0","0","0","0","0","0",254697,81407,1049,13,2,197,340,472,178,188,283,50,23,0,1714,3325,1804,670,150,701
"G0501210","1980","A","3","7","Arkansas","05",,"Randolph","121",,,,,,,,,,,,,"03",,,,,,,,"RANDOLPH COUNTY","0","0","0","0","0","0","0","1","0","0","0","0","0","1","1","0","0","0","0","0","1",16614,155,26,1,0,3,5,3,1,4,6,0,0,0,16,117,91,7,7,12
"G0501230","1980","A","3","7","Arkansas","05",,"St Francis","123",,,,,,,,,,,,,"08",,,,,,,,"ST. FRANCIS COUNTY","0","0","0","0","0","0","0","0","0","0","0","0","0","0","0","0","0","0","0","0","0",16383,14190,36,0,0,41,81,0,7,4,12,4,0,0,100,372,102,176,2,92
"G0501250","1980","A","3","7","Arkansas","05","4400","Saline","125",,,,,,,,,,,,,"04",,,,,,,,"SALINE COUNTY","0","0","0","0","0","0","0","1","0","0","0","0","0","0","0","0","0","0","0","0","1",51361,1458,178,1,0,17,5,12,23,7,9,3,0,0,87,328,254,4,11,59
"G0501270","1980","A","3","7","Arkansas","05",,"Scott","127",,,,,,,,,,,,,"04",,,,,,,,"SCOTT COUNTY","0","0","1","0","1","0","0","0","0","0","0","0","1","0","1","0","0","0","0","1","0",9585,2,74,0,0,2,0,0,3,1,0,1,0,0,17,82,66,0,5,11
"G0501290","1980","A","3","7","Arkansas","05",,"Searcy","129",,,,,,,,,,,,,"09",,,,,,,,"SEARCY COUNTY","0","0","0","0","1","0","1","0","0","0","0","0","0","1","1","0","0","0","0","0","0",8808,0,29,0,0,0,0,0,0,2,0,1,0,0,7,46,45,0,0,1
"G0501310","1980","A","3","7","Arkansas","05","2720","Sebastian","131",,,,,,,,,,,,,"02",,,,,,,,"SEBASTIAN COUNTY","0","0","0","0","0","0","0","0","0","0","0","0","0","0","0","0","0","0","0","0","0",87566,4916,987,2,5,41,40,69,30,44,879,7,9,0,577,906,638,42,53,173
"G0501330","1980","A","3","7","Arkansas","05",,"Sevier","133",,,,,,,,,,,,,"04",,,,,,,,"SEVIER COUNTY","0","0","0","0","1","0","0","0","0","0","0","0","0","1","1","0","0","0","0","0","0",13097,783,110,0,0,4,0,2,0,2,2,0,0,0,60,137,81,0,2,54
"G0501350","1980","A","3","7","Arkansas","05",,"Sharp","135",,,,,,,,,,,,,"03",,,,,,,,"SHARP COUNTY","0","0","0","0","0","0","0","1","0","0","0","0","0","1","1","0","0","0","0","0","1",14390,100,81,2,0,4,0,0,2,2,6,3,0,0,17,74,51,8,4,11
"G0501370","1980","A","3","7","Arkansas","05",,"Stone","137",,,,,,,,,,,,,"09",,,,,,,,"STONE COUNTY","0","0","1","0","1","0","1","0","0","0","0","1","0","1","1","0","0","0","0","0","0",8961,7,47,0,0,0,0,0,0,1,0,1,0,0,5,28,27,0,0,1
"G0501390","1980","A","3","7","Arkansas","05",,"Union","139",,,,,,,,,,,,,"06",,,,,,,,"UNION COUNTY","0","0","0","0","0","0","0","0","0","0","0","0","0","0","0","0","0","0","0","0","0",34361,13970,102,0,0,7,31,10,4,23,5,7,1,0,52,272,123,107,11,31
"G0501410","1980","A","3","7","Arkansas","05",,"Van Buren","141",,,,,,,,,,,,,"09",,,,,,,,"VAN BUREN COUNTY","0","0","0","0","1","0","0","0","0","0","0","0","0","1","1","0","0","0","0","0","0",13258,51,20,0,0,0,0,0,1,4,1,0,0,0,22,93,78,0,2,13
"G0501430","1980","A","3","7","Arkansas","05","2580","Washington","143",,,,,,,,,,,,,"01",,,,,,,,"WASHINGTON COUNTY","0","0","0","0","0","0","0","1","0","0","0","0","0","0","0","0","0","0","0","0","1",97229,1475,787,2,1,72,141,20,71,108,63,12,4,0,509,916,714,5,21,176
"G0501450","1980","A","3","7","Arkansas","05",,"White","145",,,,,,,,,,,,,"03",,,,,,,,"WHITE COUNTY","0","0","0","0","0","0","0","1","0","0","0","0","0","0","0","0","0","0","0","1","0",49012,1497,146,0,0,25,15,15,6,18,2,1,1,0,97,254,193,3,3,55
"G0501470","1980","A","3","7","Arkansas","05",,"Woodruff","147",,,,,,,,,,,,,"07",,,,,,,,"WOODRUFF COUNTY","0","0","0","0","1","0","1","0","0","0","0","0","0","1","1","0","0","0","0","1","0",7683,3490,17,0,0,0,2,0,0,2,2,1,0,0,25,71,24,37,0,10
"G0501490","1980","A","3","7","Arkansas","05",,"Yell","149",,,,,,,,,,,,,"02",,,,,,,,"YELL COUNTY","0","0","0","0","1","0","0","1","0","0","0","0","0","1","1","0","0","0","0","0","1",16551,352,75,0,0,2,0,4,1,2,3,0,0,0,36,93,70,4,1,18
"G0600010","1980","A","4","9","California","06","7360","Alameda","001",,,,,,,,"84",,,,,"A",,,,,,,,"ALAMEDA COUNTY","0","0","0","0","0","0","0","0","0","0","0","0","0","0","0","0","0","0","0","0","0",740612,203612,7252,124,70,11531,32177,26287,3641,4433,3373,2104,1734,619,67810,129962,65274,2662,6143,55883
"G0600030","1980","A","4","9","California","06",,"Alpine","003",,,,,,,,,,,,,"09",,,,,,,,"ALPINE COUNTY","0","0","1","0","1","0","0","0","0","0","0","1","0","1","0","0","0","0","0","1","0",932,3,145,1,0,2,2,0,0,0,0,1,0,0,11,42,31,0,3,8
"G0600050","1980","A","4","9","California","06",,"Amador","005",,,,,,,,,,,,,"09",,,,,,,,"AMADOR COUNTY","0","0","0","0","0","0","0","1","0","0","0","0","0","0","0","0","0","0","0","0","0",18411,152,336,0,0,16,20,21,1,5,3,5,0,1,343,917,591,1,42,283
"G0600070","1980","A","4","9","California","06","1620","Butte","007",,,,,,,,,,,,,"04",,,,,,,,"BUTTE COUNTY","0","0","0","0","0","0","0","0","0","0","0","0","0","0","0","0","0","0","0","0","0",134030,1702,2034,20,8,321,316,167,48,239,107,68,12,9,4770,7542,3508,16,166,3852
"G0600090","1980","A","4","9","California","06",,"Calaveras","009",,,,,,,,,,,,,"09",,,,,,,,"CALAVERAS COUNTY","0","0","0","0","0","0","0","1","0","0","0","0","0","0","0","0","0","0","0","0","1",19912,74,318,1,0,12,19,18,6,5,0,9,3,1,332,911,641,2,42,226
"G0600110","1980","A","4","9","California","06",,"Colusa","011",,,,,,,,,,,,,"04",,,,,,,,"COLUSA COUNTY","0","0","0","0","0","0","0","1","0","0","0","0","0","0","0","0","0","0","0","0","1",10284,74,194,0,0,36,46,9,27,111,2,1,1,0,2006,2493,634,5,25,1829
"G0600130","1980","A","4","9","California","06","7360","Contra Costa","013",,,,,,,,"84",,,,,"A",,,,,,,,"CONTRA COSTA COUNTY","0","0","0","0","0","0","0","0","0","0","0","0","0","0","0","0","0","0","0","0","0",534628,60172,3811,50,29,5779,9883,9122,1446,2194,1110,577,335,117,27127,55820,30650,674,2310,22186
"G0600150","1980","A","4","9","California","06",,"Del Norte","015",,,,,,,,,,,,,"01",,,,,,,,"DEL NORTE COUNTY","0","0","0","0","0","0","0","0","0","0","0","0","0","0","0","0","0","0","0","0","0",16004,52,1295,5,1,20,10,12,10,13,5,11,2,0,777,1018,275,0,47,696
"G0600170","1980","A","4","9","California","06",,"El Dorado","017",,,,,,,,,,,,,"09",,,,,,,,"EL DORADO COUNTY","0","0","0","0","0","0","0","1","0","0","0","0","0","0","0","0","0","0","0","0","1",82400,296,723,6,10,149,116,542,59,58,12,58,7,10,1366,3971,2708,7,187,1069
"G0600190","1980","A","4","9","California","06","2840","Fresno","019",,,,,,,,,,,,,"E",,,,,,,,"FRESNO COUNTY","0","0","0","0","0","0","0","0","0","0","0","0","0","0","0","0","0","0","0","0","0",379279,25339,4716,20,11,6471,3124,2319,427,1586,590,169,38,53,90479,150790,62384,782,1795,85829
"G0600210","1980","A","4","9","California","06",,"Glenn","021",,,,,,,,,,,,,"04",,,,,,,,"GLENN COUNTY","0","0","0","0","0","0","0","0","0","0","0","0","0","0","0","0","0","0","0","0","0",18901,54,350,3,0,20,77,17,12,15,1,8,1,4,1887,2532,752,0,50,1730
"G0600230","1980","A","4","9","California","06",,"Humboldt","023",,,,,,,,,,,,,"01",,,,,,,,"HUMBOLDT COUNTY","0","0","0","0","0","0","0","1","0","0","0","0","0","0","0","0","0","0","0","0","1",99489,543,5694,12,8,242,170,194,86,85,57,73,29,8,1824,3736,2256,13,266,1201
"G0600250","1980","A","4","9","California","06",,"Imperial","025",,,,,,,,,,,,,"08",,,,,,,,"IMPERIAL COUNTY","0","0","0","0","0","0","0","0","0","0","0","0","0","0","0","0","0","0","0","0","0",51467,2310,1367,5,3,155,538,850,23,165,17,12,11,3,35184,51384,16056,122,596,34610
"G0600270","1980","A","4","9","California","06",,"Inyo","027",,,,,,,,,,,,,"09",,,,,,,,"INYO COUNTY","0","0","0","0","0","0","0","1","0","0","0","0","0","0","0","0","0","0","0","0","0",15910,26,1605,3,1,19,16,23,2,1,4,6,0,1,278,1084,716,4,123,241
"G0600290","1980","A","4","9","California","06","0680","Kern","029",,,,,,,,,,,,,"J",,,,,,,,"KERN COUNTY","0","0","0","0","0","0","0","0","0","0","0","0","0","0","0","0","0","0","0","0","0",309372,21152,5981,9,18,735,1268,4226,368,392,363,204,96,71,58834,87026,28240,373,1912,56501
"G0600310","1980","A","4","9","California","06",,"Kings","031",,,,,,,,,,,,,"06",,,,,,,,"KINGS COUNTY","0","0","0","0","0","0","0","0","0","0","0","0","0","0","0","0","0","0","0","0","0",54103,3583,722,3,0,343,190,1439,33,54,40,58,25,7,13138,19827,6892,79,317,12539
"G0600330","1980","A","4","9","California","06",,"Lake","033",,,,,,,,,,,,,"01",,,,,,,,"LAKE COUNTY","0","0","0","0","0","0","0","1","0","0","0","0","0","0","0","0","0","0","0","0","1",34027,350,799,5,2,34,35,68,10,7,6,29,1,1,992,1882,956,2,77,847
"G0600350","1980","A","4","9","California","06",,"Lassen","035",,,,,,,,,,,,,"09",,,,,,,,"LASSEN COUNTY","0","0","0","0","0","0","0","1","0","0","0","0","0","0","0","0","0","0","0","0","1",19354,757,628,2,4,38,6,22,23,3,12,8,1,8,795,1417,654,6,93,664
"G0600370","1980","A","4","9","California","06","4480","Los Angeles","037",,,,,,,,"49",,,,,"F",,,,,,,,"LOS ANGELES COUNTY","0","0","0","0","0","0","0","0","0","0","0","0","0","0","0","0","0","0","0","0","0",5073617,943968,47234,389,497,116543,93747,99043,60618,18562,28696,6232,3360,8049,976948,2066103,1120014,17608,30738,897743
"G0600390","1980","A","4","9","California","06",,"Madera","039",,,,,,,,,,,,,"06",,,,,,,,"MADERA COUNTY","0","0","0","0","0","0","0","0","0","0","0","0","0","0","0","0","0","0","0","0","0",47715,2174,1043,0,2,204,148,209,11,26,4,23,0,0,11557,16916,5579,102,134,11101
"G0600410","1980","A","4","9","California","06","7360","Marin","041",,,,,,,,"84",,,,,"A",,,,,,,,"MARIN COUNTY","0","0","0","0","0","0","0","0","0","0","0","0","0","0","0","0","0","0","0","0","0",206118,5477,742,20,9,1437,1883,667,412,381,373,191,50,32,4776,9204,6443,102,321,2338
"G0600430","1980","A","4","9","California","06",,"Mariposa","043",,,,,,,,,,,,,"09",,,,,,,,"MARIPOSA COUNTY","0","0","0","0","0","0","0","1","0","0","0","0","0","0","0","0","0","0","0","0","1",10431,72,356,0,1,19,6,10,3,4,9,4,0,0,193,504,332,2,32,138
"G0600450","1980","A","4","9","California","06",,"Mendocino","045",,,,,,,,,,,,,"01",,,,,,,,"MENDOCINO COUNTY","0","0","0","0","0","0","0","1","0","0","0","0","0","0","0","0","0","0","0","0","1",61646,345,2364,9,2,83,148,103,31,38,7,31,11,3,1917,3688,1906,11,148,1623
"G0600470","1980","A","4","9","California","06",,"Merced","047",,,,,,,,,,,,,"05",,,,,,,,"MERCED COUNTY","0","0","0","0","0","0","0","0","0","0","0","0","0","0","0","0","0","0","0","0","0",104377,6806,1068,11,12,686,321,737,150,650,134,141,67,5,19395,34054,15371,188,466,18029
"G0600490","1980","A","4","9","California","06",,"Modoc","049",,,,,,,,,,,,,"09",,,,,,,,"MODOC COUNTY","0","0","1","0","0","0","0","0","0","0","0","0","0","0","0","0","0","0","0","0","0",8042,14,346,0,0,6,8,4,1,3,0,2,0,0,184,356,188,0,10,158
"G0600510","1980","A","4","9","California","06",,"Mono","051",,,,,,,,,,,,,"09",,,,,,,,"MONO COUNTY","0","0","0","0","0","0","0","0","0","0","0","1","0","0","1","0","0","0","0","0","0",7994,16,334,0,0,6,13,6,6,3,0,8,0,1,190,405,233,0,9,163
"G0600530","1980","A","4","9","California","06","7120","Monterey","053",,,,,,,,,,,,,"03",,,,,,,,"MONTEREY COUNTY","0","0","0","0","0","0","0","0","0","0","0","0","0","0","0","0","0","0","0","0","0",200035,18825,2889,21,17,3828,1590,8568,2574,314,1061,510,892,359,48961,75129,26579,400,2405,45745
"G0600550","1980","A","4","9","California","06","8720","Napa","055",,,,,,,,"84",,,,,"02",,,,,,,,"NAPA COUNTY","0","0","0","0","0","0","0","0","0","0","0","0","0","0","0","0","0","0","0","0","1",90856,887,715,8,2,479,444,600,162,113,48,126,111,12,4636,8636,4483,21,223,3909
"G0600570","1980","A","4","9","California","06",,"Nevada","057",,,,,,,,,,,,,"09",,,,,,,,"NEVADA COUNTY","0","0","0","0","0","0","0","1","0","0","0","0","0","0","0","0","0","0","0","0","0",50450,73,504,2,1,59,86,34,20,16,9,18,3,0,370,1532,1215,1,70,246
"G0600590","1980","A","4","9","California","06","0360","Orange","059",,,,,,,,"49",,,,,"F",,,,,,,,"ORANGE COUNTY","0","0","0","0","0","0","0","0","0","0","0","0","0","0","0","0","0","0","0","0","0",1669314,25287,12782,105,64,20886,14210,10934,11339,4972,19333,2248,963,2008,138264,286339,158616,876,5821,121026
"G0600610","1980","A","4","9","California","06","6920","Placer","061",,,,,,,,,,,,,"09",,,,,,,,"PLACER COUNTY","0","0","0","0","0","0","0","0","0","0","0","0","0","0","0","0","0","0","0","0","1",110243,402,1121,6,4,987,261,166,51,76,91,50,18,21,3750,8211,4765,16,187,3243
"G0600630","1980","A","4","9","California","06",,"Plumas","063",,,,,,,,,,,,,"09",,,,,,,,"PLUMAS COUNTY","0","0","0","0","0","0","0","0","0","0","0","0","0","0","0","0","0","0","0","0","0",16443,163,498,0,0,14,12,5,6,10,1,5,0,0,183,636,442,0,58,136
"G0600650","1980","A","4","9","California","06","6780","Riverside","065",,,,,,,,"49",,,,,"H",,,,,,,,"RIVERSIDE COUNTY","0","0","0","0","0","0","0","0","0","0","0","0","0","0","0","0","0","0","0","0","0",544771,30857,7140,31,33,2092,1191,2624,739,713,862,425,393,171,71124,124417,54627,769,2328,66693
"G0600670","1980","A","4","9","California","06","6920","Sacramento","067",,,,,,,,,,,,,"C",,,,,,,,"SACRAMENTO COUNTY","0","0","0","0","0","0","0","0","0","0","0","0","0","0","0","0","0","0","0","0","0",632777,58951,8669,108,50,11637,13640,6916,1532,1580,2587,707,451,106,43670,74141,32947,1068,3278,36848
"G0600690","1980","A","4","9","California","06",,"San Benito","069",,,,,,,,,,,,,"03",,,,,,,,"SAN BENITO COUNTY","0","0","0","0","0","0","0","1","0","0","0","0","0","0","0","0","0","0","0","0","0",17179,60,176,3,0,142,33,251,17,5,9,6,0,7,7117,11430,4385,1,85,6959
"G0600710","1980","A","4","9","California","06","6780","San Bernardino","071",,,,,,,,"49",,,,,"H",,,,,,,,"SAN BERNARDINO COUNTY","0","0","0","0","0","0","0","0","0","0","0","0","0","0","0","0","0","0","0","0","0",737545,47813,9967,79,38,2795,2530,4162,1671,1060,1341,749,326,295,84645,165863,84242,1198,3212,77211
"G0600730","1980","A","4","9","California","06","7320","San Diego","073",,,,,,,,,,,,,"G",,,,,,,,"SAN DIEGO COUNTY","0","0","0","0","0","0","0","0","0","0","0","0","0","0","0","0","0","0","0","0","0",1514006,104452,14355,115,146,12410,7800,48658,2394,1831,7307,2464,4190,2807,138911,275177,139357,2287,11621,121912
"G0600750","1980","B","4","9","California","06","7360","San Francisco","075",,,,,,,,"84",,,,,"A",,,,,,,,"SAN FRANCISCO COUNTY","0","0","0","0","0","0","0","0","0","0","0","0","0","0","0","0","0","0","0","0","0",395081,86414,3358,120,70,12046,82480,38265,3763,2317,5583,894,279,1799,46505,83373,39920,1557,5513,36383
"G0600770","1980","A","4","9","California","06","8120","San Joaquin","077",,,,,,,,,,,,,"D",,,,,,,,"SAN JOAQUIN COUNTY","0","0","0","0","0","0","0","0","0","0","0","0","0","0","0","0","0","0","0","0","0",264038,19176,3419,21,17,3802,4091,9267,275,1012,1028,202,108,103,40783,66565,26805,732,2436,36592
"G0600790","1980","A","4","9","California","06",,"San Luis Obispo","079",,,,,,,,,,,,,"03",,,,,,,,"SAN LUIS OBISPO COUNTY","0","0","0","0","0","0","0","0","0","0","0","0","0","0","0","0","0","0","0","0","0",140386,2726,1726,29,31,854,523,1273,183,124,95,91,44,17,7333,14792,7577,77,730,6408
"G0600810","1980","A","4","9","California","06","7360","San Mateo","081",,,,,,,,"84",,,,,"A",,,,,,,,"SAN MATEO COUNTY","0","0","0","0","0","0","0","0","0","0","0","0","0","0","0","0","0","0","0","0","0",458489,35487,2383,60,38,7845,16147,24053,1988,2503,817,921,359,1672,34567,73339,42505,757,4189,25888
"G0600830","1980","A","4","9","California","06","7480","Santa Barbara","083",,,,,,,,,,,,,"K",,,,,,,,"SANTA BARBARA COUNTY","0","0","0","0","0","0","0","0","0","0","0","0","0","0","0","0","0","0","0","0","0",247695,7767,2654,31,17,2380,1100,3029,508,343,499,254,168,63,32186,55356,24298,213,1537,29308
"G0600850","1980","A","4","9","California","06","7400","Santa Clara","085",,,,,,,,"84",,,,,"B",,,,,,,,"SANTA CLARA COUNTY","0","0","0","0","0","0","0","0","0","0","0","0","0","0","0","0","0","0","0","0","0",1017854,43716,8312,104,90,21907,22891,27444,6109,5659,11717,1608,1563,1037,125060,226611,104700,1479,7419,113013
"G0600870","1980","A","4","9","California","06","7485","Santa Cruz","087",,,,,,,,,,,,,"03",,,,,,,,"SANTA CRUZ COUNTY","0","0","0","0","0","0","0","0","0","0","0","0","0","0","0","0","0","0","0","0","0",164709,1461,1465,26,24,1830,830,1669,182,184,101,117,29,43,15471,27648,12994,65,668,13921
"G0600890","1980","A","4","9","California","06","6690","Shasta","089",,,,,,,,,,,,,"09",,,,,,,,"SHASTA COUNTY","0","0","0","0","0","0","0","1","0","0","0","0","0","0","0","0","0","0","0","0","0",110697,723,2610,10,10,121,147,87,30,44,19,44,24,0,1149,3455,2405,6,238,806
"G0600910","1980","A","4","9","California","06",,"Sierra","091",,,,,,,,,,,,,"09",,,,,,,,"SIERRA COUNTY","0","0","1","0","1","0","0","0","0","0","0","1","0","1","0","0","0","0","0","0","0",2999,3,46,0,0,3,1,1,0,2,0,2,0,1,15,196,178,0,11,7
"G0600930","1980","A","4","9","California","06",,"Siskiyou","093",,,,,,,,,,,,,"09",,,,,,,,"SISKIYOU COUNTY","0","0","0","0","0","0","0","1","0","0","0","0","0","0","0","0","0","0","0","0","1",36574,602,1479,5,1,46,39,13,15,12,14,11,2,3,916,1891,1032,6,58,795
"G0600950","1980","A","4","9","California","06","8720","Solano","095",,,,,,,,"84",,,,,"A",,,,,,,,"SOLANO COUNTY","0","0","0","0","0","0","0","0","0","0","0","0","0","0","0","0","0","0","0","0","0",174181,27785,1947,23,11,1865,1360,10716,580,489,361,521,1422,63,13879,24773,10810,413,2563,10987
"G0600970","1980","A","4","9","California","06","7500","Sonoma","097",,,,,,,,"84",,,,,"02",,,,,,,,"SONOMA COUNTY","0","0","0","0","0","0","0","0","0","0","0","0","0","0","0","0","0","0","0","0","0",277991,3466,3435,31,28,1322,1055,1037,258,286,244,287,69,78,10094,20824,11786,96,835,8107
"G0600990","1980","A","4","9","California","06","5170","Stanislaus","099",,,,,,,,,,,,,"05",,,,,,,,"STANISLAUS COUNTY","0","0","0","0","0","0","0","0","0","0","0","0","0","0","0","0","0","0","0","0","0",233557,3124,3167,16,12,534,931,851,202,1024,371,123,62,8,21918,39889,20392,89,662,18746
"G0601010","1980","A","4","9","California","06","9340","Sutter","101",,,,,,,,,,,,,"04",,,,,,,,"SUTTER COUNTY","0","0","0","0","0","0","0","1","0","0","0","0","0","0","0","0","0","0","0","0","1",42893,562,585,2,0,563,201,172,40,2585,15,18,3,0,4607,6098,1924,10,153,4011
"G0601030","1980","A","4","9","California","06",,"Tehama","103",,,,,,,,,,,,,"04",,,,,,,,"TEHAMA COUNTY","0","0","0","0","0","0","0","1","0","0","0","0","0","0","0","0","0","0","0","0","0",37128,63,598,4,1,24,49,44,23,7,17,15,11,1,903,2127,1253,5,80,789
"G0601050","1980","A","4","9","California","06",,"Trinity","105",,,,,,,,,,,,,"09",,,,,,,,"TRINITY COUNTY","0","0","1","0","0","0","0","0","0","0","0","1","0","0","1","0","0","0","0","0","0",11204,13,453,0,0,12,5,15,7,2,2,6,1,0,138,319,202,0,28,89
"G0601070","1980","A","4","9","California","06","8780","Tulare","107",,,,,,,,,,,,,"06",,,,,,,,"TULARE COUNTY","0","0","0","0","0","0","0","0","0","0","0","0","0","0","0","0","0","0","0","0","0",180080,3548,2535,10,13,923,604,2946,155,221,105,69,26,17,54486,73298,20084,100,780,52334
"G0601090","1980","A","4","9","California","06",,"Tuolumne","109",,,,,,,,,,,,,"09",,,,,,,,"TUOLUMNE COUNTY","0","0","0","0","0","0","0","1","0","0","0","0","0","0","0","0","0","0","0","0","0",32023,377,592,5,2,46,29,50,7,7,25,23,0,2,740,1781,1078,4,76,623
"G0601110","1980","A","4","9","California","06","6000","Ventura","111",,,,,,,,"49",,,,,"07",,,,,,,,"VENTURA COUNTY","0","0","0","0","0","0","0","0","0","0","0","0","0","0","0","0","0","0","0","0","0",425688,11199,4825,39,35,3665,2037,6517,1220,667,821,417,284,366,71394,113192,42624,367,2182,68019
"G0601130","1980","A","4","9","California","06","6920","Yolo","113",,,,,,,,,,,,,"04",,,,,,,,"YOLO COUNTY","0","0","0","0","0","0","0","0","0","0","0","0","0","0","0","0","0","0","0","0","0",92990,1945,1154,18,34,1536,1447,618,203,511,158,72,31,21,12636,19342,7796,59,420,11067
"G0601150","1980","A","4","9","California","06","9340","Yuba","115",,,,,,,,,,,,,"04",,,,,,,,"YUBA COUNTY","0","0","0","0","0","0","0","0","0","0","0","0","0","0","0","0","0","0","0","0","0",41962,2231,1139,4,3,262,258,392,138,179,35,50,57,6,3017,4367,1596,38,200,2533
"G0800010","1980","A","4","8","Colorado","08","2080","Adams","001",,,,,,,,,,,,,"A",,,,,,,,"ADAMS COUNTY","0","0","0","0","0","0","0","0","0","0","0","0","0","0","0","0","0","0","0","0","0",217104,6307,1652,24,18,1336,315,296,432,112,514,74,36,5,17719,38470,21256,145,475,16594
"G0800030","1980","A","4","8","Colorado","08",,"Alamosa","003",,,,,,,,,,,,,"02",,,,,,,,"ALAMOSA COUNTY","0","0","0","0","0","0","0","1","0","0","0","0","0","0","0","0","0","0","0","0","0",9397,64,46,0,0,49,1,5,4,0,11,1,4,0,2217,3772,1603,5,11,2153
"G0800050","1980","A","4","8","Colorado","08","2080","Arapahoe","005",,,,,,,,,,,,,"A",,,,,,,,"ARAPAHOE COUNTY","0","0","0","0","0","0","0","0","0","0","0","0","0","0","0","0","0","0","0","0","0",274066,8446,1145,27,18,1105,701,418,1007,483,509,109,71,7,5509,12491,8029,128,305,4029
"G0800070","1980","A","4","8","Colorado","08",,"Archuleta","007",,,,,,,,,,,,,"02",,,,,,,,"ARCHULETA COUNTY","0","0","1","0","1","0","0","0","0","0","0","1","1","0","0","0","0","0","0","0","0",3019,2,33,0,0,8,1,0,0,1,0,0,0,0,600,1145,546,0,8,591
"G0800090","1980","A","4","8","Colorado","08",,"Baca","009",,,,,,,,,,,,,"05",,,,,,,,"BACA COUNTY","0","0","0","0","1","0","0","0","0","0","0","0","0","1","1","0","0","0","0","0","0",5163,0,55,0,0,4,1,3,0,1,0,0,0,0,192,325,146,0,2,177
"G0800110","1980","A","4","8","Colorado","08",,"Bent","011",,,,,,,,,,,,,"05",,,,,,,,"BENT COUNTY","0","0","0","0","0","0","0","0","0","0","0","1","0","0","1","0","0","0","0","0","0",5099,21,26,0,0,15,0,2,0,6,0,0,0,0,776,1510,744,0,9,757
"G0800130","1980","A","4","8","Colorado","08","2080","Boulder","013",,,,,,,,,,,,,"D",,,,,,,,"BOULDER COUNTY","0","0","0","0","0","0","0","0","0","0","0","0","0","0","0","0","0","0","0","0","0",178914,1735,874,27,4,737,440,127,250,259,300,43,24,11,5880,10293,5302,27,162,4802
"G0800150","1980","A","4","8","Colorado","08",,"Chaffee","015",,,,,,,,,,,,,"01",,,,,,,,"CHAFFEE COUNTY","0","0","0","0","1","0","0","1","0","0","0","0","0","1","1","0","0","0","0","0","0",12709,93,66,1,0,3,2,1,1,1,1,0,0,0,349,1289,959,3,6,321
"G0800170","1980","A","4","8","Colorado","08",,"Cheyenne","017",,,,,,,,,,,,,"04",,,,,,,,"CHEYENNE COUNTY","0","0","1","1","1","0","1","0","0","0","0","0","1","0","1","0","0","0","0","1","0",2130,1,6,0,1,0,0,0,1,0,0,0,0,0,14,51,42,0,0,9
"G0800190","1980","A","4","8","Colorado","08",,"Clear Creek","019",,,,,,,,,,,,,"01",,,,,,,,"CLEAR CREEK COUNTY","0","0","1","0","1","0","0","1","0","0","0","1","0","1","0","0","0","0","0","0","1",7129,12,45,0,0,4,0,0,0,2,1,0,0,0,115,266,166,1,9,90
"G0800210","1980","A","4","8","Colorado","08",,"Conejos","021",,,,,,,,,,,,,"02",,,,,,,,"CONEJOS COUNTY","0","0","0","0","0","0","0","0","0","0","0","0","0","0","0","0","0","0","0","0","0",4594,0,40,0,0,15,0,1,2,1,0,0,0,0,3141,4772,1635,0,19,3118
"G0800230","1980","A","4","8","Colorado","08",,"Costilla","023",,,,,,,,,,,,,"02",,,,,,,,"COSTILLA COUNTY","0","0","1","1","0","0","0","0","0","0","0","1","0","0","1","0","0","0","0","0","0",2192,4,2,0,0,36,2,6,0,0,0,5,0,0,824,2380,1568,0,8,804
"G0800250","1980","A","4","8","Colorado","08",,"Crowley","025",,,,,,,,,,,,,"05",,,,,,,,"CROWLEY COUNTY","0","0","1","1","0","0","0","1","0","0","0","0","1","0","1","0","0","0","0","0","0",2773,2,12,0,0,19,0,2,0,0,0,0,0,0,180,590,408,1,6,175
"G0800270","1980","A","4","8","Colorado","08",,"Custer","027",,,,,,,,,,,,,"05",,,,,,,,"CUSTER COUNTY","0","0","1","1","1","0","0","0","0","0","0","0","0","1","1","0","0","0","0","1","0",1493,1,12,0,0,0,1,1,3,0,1,0,0,0,16,37,21,0,2,14
"G0800290","1980","A","4","8","Colorado","08",,"Delta","029",,,,,,,,,,,,,"02",,,,,,,,"DELTA COUNTY","0","0","0","0","0","0","0","0","0","0","0","1","0","0","1","0","0","0","0","0","0",20344,20,140,0,0,20,4,18,5,0,13,3,0,2,656,1781,1119,0,51,611
"G0800310","1980","I","4","8","Colorado","08","2080","Denver","031",,,,,,,,,,,,,"A",,,,,,,,"DENVER COUNTY","0","0","0","0","0","0","0","0","0","0","0","0","0","0","0","0","0","0","0","0","0",368068,59252,3789,49,18,2458,952,504,718,597,1505,162,92,37,54164,92348,41514,844,1174,48816
"G0800330","1980","A","4","8","Colorado","08",,"Dolores","033",,,,,,,,,,,,,"02",,,,,,,,"DOLORES COUNTY","0","0","1","0","1","0","0","0","0","0","0","0","0","0","0","0","0","0","0","1","0",1590,1,41,0,0,0,0,0,1,0,1,0,0,0,24,54,32,0,0,22
"G0800350","1980","A","4","8","Colorado","08","2080","Douglas","035",,,,,,,,,,,,,"04",,,,,,,,"DOUGLAS COUNTY","0","0","0","0","0","0","0","0","0","0","0","0","0","0","0","0","0","0","0","0","0",24672,93,81,1,1,28,13,6,24,17,12,2,0,1,202,609,462,0,1,146
"G0800370","1980","A","4","8","Colorado","08",,"Eagle","037",,,,,,,,,,,,,"01",,,,,,,,"EAGLE COUNTY","0","0","0","0","0","0","0","0","0","0","0","0","0","0","0","0","0","0","0","0","0",12607,25,35,1,2,41,4,1,3,1,1,1,2,0,596,849,271,0,10,568
"G0800390","1980","A","4","8","Colorado","08",,"Elbert","039",,,,,,,,,,,,,"04",,,,,,,,"ELBERT COUNTY","0","0","0","0","1","0","0","0","0","0","0","0","0","1","1","0","0","0","0","0","0",6744,17,31,0,0,4,2,2,0,0,2,3,0,0,45,145,107,0,5,33
"G0800410","1980","A","4","8","Colorado","08","1720","El Paso","041",,,,,,,,,,,,,"B",,,,,,,,"EL PASO COUNTY","0","0","0","0","0","0","0","0","0","0","0","0","0","0","0","0","0","0","0","0","0",270232,19058,1738,42,7,1140,292,776,1834,129,310,256,253,76,13281,24994,12295,407,647,11645
"G0800430","1980","A","4","8","Colorado","08",,"Fremont","043",,,,,,,,,,,,,"05",,,,,,,,"FREMONT COUNTY","0","0","0","0","0","0","0","1","0","0","0","0","0","0","0","0","0","0","0","0","0",27456,351,172,0,0,29,12,15,7,3,0,2,4,0,625,2287,1712,1,38,536
"G0800450","1980","A","4","8","Colorado","08",,"Garfield","045",,,,,,,,,,,,,"01",,,,,,,,"GARFIELD COUNTY","0","0","0","0","0","0","0","0","0","0","0","1","0","0","1","0","0","0","0","0","0",22008,27,90,11,5,17,8,6,5,2,8,2,0,1,324,935,616,0,22,297
"G0800470","1980","A","4","8","Colorado","08","2080","Gilpin","047",,,,,,,,,,,,,"01",,,,,,,,"GILPIN COUNTY","0","0","1","0","1","0","0","0","0","0","0","0","0","1","1","0","0","0","0","1","0",2369,13,15,0,0,1,0,0,0,0,0,2,0,0,41,86,59,0,0,27
"G0800490","1980","A","4","8","Colorado","08",,"Grand","049",,,,,,,,,,,,,"01",,,,,,,,"GRAND COUNTY","0","0","1","0","1","0","0","0","0","0","0","1","0","1","0","0","0","0","0","0","0",7310,5,33,0,0,5,0,4,1,0,0,0,1,0,116,255,146,0,10,99
"G0800510","1980","A","4","8","Colorado","08",,"Gunnison","051",,,,,,,,,,,,,"01",,,,,,,,"GUNNISON COUNTY","0","0","0","0","0","0","0","0","0","0","0","1","0","0","1","0","0","0","0","0","0",10481,25,28,2,0,10,1,10,2,5,3,2,2,0,118,339,243,0,8,88
"G0800530","1980","A","4","8","Colorado","08",,"Hinsdale","053",,,,,,,,,,,,,"01",,,,,,,,"HINSDALE COUNTY","0","1","0","1","0","1","1","0","0","0","1","0","1","0","0","0","0","0","1","1","0",405,0,3,0,0,0,0,0,0,0,0,0,0,0,0,11,10,0,1,0
"G0800550","1980","A","4","8","Colorado","08",,"Huerfano","055",,,,,,,,,,,,,"05",,,,,,,,"HUERFANO COUNTY","0","0","0","0","1","0","0","1","0","0","0","0","0","1","1","0","0","0","0","0","0",5373,32,30,0,0,0,3,0,3,3,0,0,0,0,996,2836,1939,1,5,891
"G0800570","1980","A","4","8","Colorado","08",,"Jackson","057",,,,,,,,,,,,,"01",,,,,,,,"JACKSON COUNTY","0","0","1","1","1","0","1","0","0","0","0","0","1","0","1","0","0","0","0","1","0",1847,1,9,0,0,0,0,2,0,0,0,0,0,0,4,51,47,0,0,4
"G0800590","1980","A","4","8","Colorado","08","2080","Jefferson","059",,,,,,,,,,,,,"A",,,,,,,,"JEFFERSON COUNTY","0","0","0","0","0","0","0","0","0","0","0","0","0","0","0","0","0","0","0","0","0",356966,1933,1417,16,10,1242,553,330,687,346,388,58,22,5,7780,19476,13057,39,285,6095
"G0800610","1980","A","4","8","Colorado","08",,"Kiowa","061",,,,,,,,,,,,,"04",,,,,,,,"KIOWA COUNTY","0","0","0","1","1","0","0","0","0","0","0","0","0","0","0","0","0","0","0","1","0",1905,0,2,0,0,0,0,0,0,0,1,0,0,0,28,39,15,0,0,24
"G0800630","1980","A","4","8","Colorado","08",,"Kit Carson","063",,,,,,,,,,,,,"04",,,,,,,,"KIT CARSON COUNTY","0","0","1","0","0","0","0","0","0","0","0","1","0","1","0","0","0","0","0","0","0",7350,2,22,0,0,1,11,2,1,2,1,0,0,1,206,356,165,0,5,186
"G0800650","1980","A","4","8","Colorado","08",,"Lake","065",,,,,,,,,,,,,"01",,,,,,,,"LAKE COUNTY","0","0","0","0","0","0","0","0","0","0","0","0","0","0","0","0","0","0","0","0","0",7619,24,61,0,0,13,1,3,3,0,0,1,0,0,1105,2090,1005,0,11,1074
"G0800670","1980","A","4","8","Colorado","08",,"La Plata","067",,,,,,,,,,,,,"02",,,,,,,,"LA PLATA COUNTY","0","0","0","0","0","0","0","0","0","0","0","0","0","0","0","0","0","0","0","0","0",24328,41,1113,9,0,15,21,9,4,2,2,2,0,1,1877,3072,1167,0,113,1792
"G0800690","1980","A","4","8","Colorado","08","2670","Larimer","069",,,,,,,,,,,,,"03",,,,,,,,"LARIMER COUNTY","0","0","0","0","0","0","0","0","0","0","0","0","0","0","0","0","0","0","0","0","0",141908,627,632,7,5,421,259,118,127,154,225,35,25,5,4636,8750,4556,24,202,3968
"G0800710","1980","A","4","8","Colorado","08",,"Las Animas","071",,,,,,,,,,,,,"05",,,,,,,,"LAS ANIMAS COUNTY","0","0","0","0","0","0","0","1","0","0","0","0","0","0","0","0","0","0","0","0","1",13020,53,76,0,0,8,0,8,2,6,9,1,0,0,1714,6505,4947,5,30,1523
"G0800730","1980","A","4","8","Colorado","08",,"Lincoln","073",,,,,,,,,,,,,"04",,,,,,,,"LINCOLN COUNTY","0","0","1","0","1","0","0","0","0","0","0","1","0","1","1","0","0","0","0","1","0",4624,1,15,1,0,5,0,2,0,0,0,0,0,0,15,46,36,0,3,7
"G0800750","1980","A","4","8","Colorado","08",,"Logan","075",,,,,,,,,,,,,"03",,,,,,,,"LOGAN COUNTY","0","0","0","0","0","0","0","1","0","0","0","0","0","0","0","0","0","0","0","0","0",19019,41,40,0,0,38,7,6,4,7,42,1,0,0,595,1301,730,1,4,566
"G0800770","1980","A","4","8","Colorado","08",,"Mesa","077",,,,,,,,,,,,,"02",,,,,,,,"MESA COUNTY","0","0","0","0","0","0","0","1","0","0","0","0","0","0","0","0","0","0","0","0","1",78090,214,474,3,1,94,74,47,36,19,52,18,4,2,2402,5743,3469,13,87,2174
"G0800790","1980","A","4","8","Colorado","08",,"Mineral","079",,,,,,,,,,,,,"01",,,,,,,,"MINERAL COUNTY","0","0","0","1","1","0","1","0","0","0","0","0","1","0","1","0","0","0","1","1","0",783,0,1,0,2,2,0,0,0,0,0,0,0,0,16,38,27,0,0,11
"G0800810","1980","A","4","8","Colorado","08",,"Moffat","081",,,,,,,,,,,,,"01",,,,,,,,"MOFFAT COUNTY","0","0","1","0","0","0","0","0","0","0","0","1","0","1","0","0","0","0","0","0","0",12786,5,55,0,0,3,2,7,3,1,3,1,0,0,267,666,421,0,9,236
"G0800830","1980","A","4","8","Colorado","08",,"Montezuma","083",,,,,,,,,,,,,"02",,,,,,,,"MONTEZUMA COUNTY","0","0","1","0","0","0","0","0","0","0","0","1","0","0","1","0","0","0","0","0","0",14219,10,1650,1,0,18,3,8,5,5,0,3,0,4,584,1352,787,0,23,542
"G0800850","1980","A","4","8","Colorado","08",,"Montrose","085",,,,,,,,,,,,,"02",,,,,,,,"MONTROSE COUNTY","0","0","0","0","0","0","0","1","0","0","0","0","0","0","0","0","0","0","0","0","0",23241,40,166,0,0,12,2,7,2,5,0,4,0,0,873,2323,1497,2,8,816
"G0800870","1980","A","4","8","Colorado","08",,"Morgan","087",,,,,,,,,,,,,"03",,,,,,,,"MORGAN COUNTY","0","0","0","0","0","0","0","1","0","0","0","0","0","0","0","0","0","0","0","0","0",21138,22,79,3,0,38,2,5,5,7,0,1,0,1,1212,2665,1521,5,28,1111
"G0800890","1980","A","4","8","Colorado","08",,"Otero","089",,,,,,,,,,,,,"05",,,,,,,,"OTERO COUNTY","0","0","0","0","0","0","0","1","0","0","0","0","0","0","0","0","0","0","0","0","1",18229,91,76,0,0,71,1,4,4,12,15,0,6,1,4057,7451,3460,6,24,3961
"G0800910","1980","A","4","8","Colorado","08",,"Ouray","091",,,,,,,,,,,,,"01",,,,,,,,"OURAY COUNTY","0","0","1","1","1","0","1","0","0","0","0","1","1","1","1","0","0","0","0","1","0",1891,5,1,0,1,6,0,0,1,0,0,2,0,0,18,83,72,0,0,11
"G0800930","1980","A","4","8","Colorado","08",,"Park","093",,,,,,,,,,,,,"01",,,,,,,,"PARK COUNTY","0","0","1","0","1","0","0","0","0","0","0","1","0","1","0","0","0","0","0","0","0",5225,8,39,1,1,4,0,2,2,1,1,0,1,0,48,128,80,0,4,44
"G0800950","1980","A","4","8","Colorado","08",,"Phillips","095",,,,,,,,,,,,,"04",,,,,,,,"PHILLIPS COUNTY","0","0","1","1","0","0","0","0","0","0","0","0","0","1","1","0","0","0","0","0","0",4456,1,5,0,1,1,2,2,9,1,9,0,0,1,54,118,78,0,0,40
"G0800970","1980","A","4","8","Colorado","08",,"Pitkin","097",,,,,,,,,,,,,"01",,,,,,,,"PITKIN COUNTY","0","0","0","0","0","0","0","0","0","0","0","0","0","0","0","0","0","0","0","0","0",10185,24,25,2,0,14,26,3,2,2,12,1,1,0,41,132,99,0,6,27
"G0800990","1980","A","4","8","Colorado","08",,"Prowers","099",,,,,,,,,,,,,"05",,,,,,,,"PROWERS COUNTY","0","0","0","0","0","0","0","1","0","0","0","0","0","0","0","0","0","0","0","0","1",12012,30,43,0,0,5,0,0,1,2,0,7,0,1,969,2558,1609,7,1,941
"G0801010","1980","A","4","8","Colorado","08","6560","Pueblo","101",,,,,,,,,,,,,"C",,,,,,,,"PUEBLO COUNTY","0","0","0","0","0","0","0","0","0","0","0","0","0","0","0","0","0","0","0","0","0",106977,2254,549,0,0,125,111,78,48,60,37,18,3,1,15711,41631,26371,119,241,14900
"G0801030","1980","A","4","8","Colorado","08",,"Rio Blanco","103",,,,,,,,,,,,,"01",,,,,,,,"RIO BLANCO COUNTY","0","0","0","0","1","0","0","1","0","0","0","1","0","1","0","0","0","0","0","0","0",6089,17,42,0,0,6,1,2,3,2,0,0,0,0,93,190,110,1,4,75
"G0801050","1980","A","4","8","Colorado","08",,"Rio Grande","105",,,,,,,,,,,,,"02",,,,,,,,"RIO GRANDE COUNTY","0","0","1","0","1","0","0","0","0","0","0","1","0","1","0","0","0","0","0","0","0",8083,3,25,0,0,8,0,0,0,2,0,0,0,0,2390,3886,1566,0,10,2310
"G0801070","1980","A","4","8","Colorado","08",,"Routt","107",,,,,,,,,,,,,"01",,,,,,,,"ROUTT COUNTY","0","0","1","0","0","0","0","0","0","0","0","0","0","0","0","0","0","0","0","0","0",13163,9,74,0,0,11,4,1,2,0,0,4,2,1,133,361,235,0,7,119
"G0801090","1980","A","4","8","Colorado","08",,"Saguache","109",,,,,,,,,,,,,"02",,,,,,,,"SAGUACHE COUNTY","0","0","1","0","1","0","0","1","0","0","0","1","0","1","0","0","0","0","0","0","0",2776,8,49,0,0,1,0,0,0,1,2,0,0,0,1098,1622,519,3,25,1075
"G0801110","1980","A","4","8","Colorado","08",,"San Juan","111",,,,,,,,,,,,,"01",,,,,,,,"SAN JUAN COUNTY","0","0","0","1","1","0","0","0","0","0","0","0","0","0","0","0","0","0","0","0","0",792,0,3,0,0,0,1,0,0,0,0,0,0,0,37,121,89,0,0,32
"G0801130","1980","A","4","8","Colorado","08",,"San Miguel","113",,,,,,,,,,,,,"02",,,,,,,,"SAN MIGUEL COUNTY","0","0","1","0","1","0","0","0","0","0","0","1","0","1","0","0","0","0","0","0","0",3048,5,102,0,0,6,1,2,0,0,0,0,0,0,28,100,82,0,1,17
"G0801150","1980","A","4","8","Colorado","08",,"Sedgwick","115",,,,,,,,,,,,,"03",,,,,,,,"SEDGWICK COUNTY","0","0","1","1","0","0","0","1","0","0","0","1","1","0","0","0","0","0","0","0","0",3101,8,6,0,0,42,0,0,0,1,0,0,0,0,108,325,215,2,3,105
"G0801170","1980","A","4","8","Colorado","08",,"Summit","117",,,,,,,,,,,,,"01",,,,,,,,"SUMMIT COUNTY","0","0","0","0","0","0","0","0","0","0","0","0","0","0","0","0","0","0","0","0","0",8731,15,38,4,0,15,2,2,2,1,0,1,1,0,36,153,124,0,1,28
"G0801190","1980","A","4","8","Colorado","08","1720","Teller","119",,,,,,,,,,,,,"01",,,,,,,,"TELLER COUNTY","0","0","1","0","0","0","0","0","0","0","0","1","0","0","1","0","0","0","0","0","0",7942,5,29,1,0,1,2,0,10,0,1,2,0,0,41,123,93,0,2,28
"G0801210","1980","A","4","8","Colorado","08",,"Washington","121",,,,,,,,,,,,,"04",,,,,,,,"WASHINGTON COUNTY","0","0","1","1","1","0","0","0","0","0","0","0","1","1","0","0","0","0","0","0","0",5254,1,13,0,0,2,0,0,0,0,1,0,0,0,33,85,54,0,0,31
"G0801230","1980","A","4","8","Colorado","08","3060","Weld","123",,,,,,,,,,,,,"03",,,,,,,,"WELD COUNTY","0","0","0","0","0","0","0","0","0","0","0","0","0","0","0","0","0","0","0","0","0",109794,597,521,3,3,554,56,50,49,36,19,34,13,9,11700,21017,9683,29,154,11151
"G0801250","1980","A","4","8","Colorado","08",,"Yuma","125",,,,,,,,,,,,,"04",,,,,,,,"YUMA COUNTY","0","0","1","0","0","0","0","0","0","0","0","0","0","0","0","0","0","0","0","0","0",9466,1,42,0,0,4,0,4,1,0,14,0,0,0,150,240,83,0,17,140
"G0900010","1980","N","1","1","Connecticut","09",,"Fairfield","001",,,,,,,,,,,,,"A",,,,,,,,"FAIRFIELD COUNTY","0","0","0","0","0","0","0","0","0","0","0","0","0","0","0","0","0","0","0","0","0",713616,66155,851,17,9,602,1701,634,544,1851,614,47,9,4,20489,45112,26429,1821,195,16667
"G0900030","1980","N","1","1","Connecticut","09",,"Hartford","003",,,,,,,,,,,,,"C",,,,,,,,"HARTFORD COUNTY","0","0","0","0","0","0","0","0","0","0","0","0","0","0","0","0","0","0","0","0","0",708879,66350,897,15,9,329,1027,584,522,1496,638,35,16,29,26940,41406,16796,1206,170,23234
"G0900050","1980","N","1","1","Connecticut","09",,"Litchfield","005",,,,,,,,,,,,,"01",,,,,,,,"LITCHFIELD COUNTY","0","0","0","0","0","0","0","0","0","0","0","0","0","0","0","0","0","0","0","0","0",154442,1233,214,6,1,49,87,63,124,64,89,6,3,1,387,1129,990,27,13,99
"G0900070","1980","N","1","1","Connecticut","09",,"Middlesex","007",,,,,,,,,,,,,"02",,,,,,,,"MIDDLESEX COUNTY","0","0","0","0","0","0","0","0","0","0","0","0","0","0","0","0","0","0","0","0","0",122723,4810,179,1,4,87,111,42,79,119,52,13,10,6,781,1796,1156,99,20,521
"G0900090","1980","N","1","1","Connecticut","09",,"New Haven","009",,,,,,,,,,,,,"B",,,,,,,,"NEW HAVEN COUNTY","0","0","0","0","0","0","0","0","0","0","0","0","0","0","0","0","0","0","0","0","0",673877,67488,1125,12,6,521,1280,468,582,1005,284,46,13,19,14611,27313,14182,1004,176,11951
"G0900110","1980","N","1","1","Connecticut","09",,"New London","011",,,,,,,,,,,,,"02",,,,,,,,"NEW LONDON COUNTY","0","0","0","0","0","0","0","0","0","0","0","0","0","0","0","0","0","0","0","0","0",224208,8953,793,6,1,167,255,1276,113,210,51,21,37,4,2314,4668,2661,232,265,1510
"G0900130","1980","N","1","1","Connecticut","09",,"Tolland","013",,,,,,,,,,,,,"02",,,,,,,,"TOLLAND COUNTY","0","0","0","0","0","0","0","0","0","0","0","0","0","0","0","0","0","0","0","0","0",111649,1799,114,7,4,80,187,46,118,205,59,9,1,1,544,989,670,40,9,270
"G0900150","1980","N","1","1","Connecticut","09",,"Windham","015",,,,,,,,,,,,,"02",,,,,,,,"WINDHAM COUNTY","0","0","0","0","0","0","0","0","0","0","0","0","0","0","0","0","0","0","0","0","0",90026,645,258,4,0,29,43,19,34,45,38,0,12,5,1154,2086,1118,20,20,928
"G1000010","1980","A","3","5","Delaware","10",,"Kent","001",,,,,,,,,,,,,"01",,,,,,,,"KENT COUNTY","0","0","0","0","0","0","0","0","0","0","0","0","0","0","0","0","0","0","0","0","0",78258,17759,316,1,1,146,148,284,123,83,38,22,19,2,1019,1729,886,178,113,552
"G1000030","1980","A","3","5","Delaware","10","9160","New Castle","003",,,,,,,,"77",,,,,"A",,,,,,,,"NEW CASTLE COUNTY","0","0","0","0","0","0","0","0","0","0","0","0","0","0","0","0","0","0","0","0","0",330826,60116,417,9,7,235,807,414,311,890,153,38,15,4,3873,7108,3442,624,144,2898
"G1000050","1980","A","3","5","Delaware","10",,"Sussex","005",,,,,,,,,,,,,"01",,,,,,,,"SUSSEX COUNTY","0","0","0","0","0","0","0","0","0","0","0","0","0","0","0","0","0","0","0","0","0",78733,17970,574,3,0,40,43,115,56,98,14,5,9,0,344,824,360,204,27,233
"G1100010","1980","F","3","5","District Of Columbia","11","8840","District Of Columbia","001",,,,,,,,,,,,,"A",,,,,,,,"DISTRICT OF COLUMBIA","0","0","0","0","0","0","0","0","0","0","0","0","0","0","0","0","0","0","0","0","0",171768,448906,996,19,16,752,2476,1297,338,950,505,237,66,15,9992,17679,7524,3752,526,5877
"G1200010","1980","A","3","5","Florida","12","2900","Alachua","001",,,,,,,,,,,,,"03",,,,,,,,"ALACHUA COUNTY","0","0","0","0","0","0","0","0","0","0","0","0","0","0","0","0","0","0","0","0","0",119205,28875,259,3,14,206,473,129,112,357,292,30,8,10,1375,4907,3776,357,80,694
"G1200030","1980","A","3","5","Florida","12","3600","Baker","003",,,,,,,,,,,,,"03",,,,,,,,"BAKER COUNTY","0","0","0","0","0","0","0","0","0","0","0","0","0","0","0","0","0","0","0","0","0",12891,2333,23,1,0,3,1,8,3,1,0,2,0,0,23,184,131,47,4,2
"G1200050","1980","A","3","5","Florida","12","6015","Bay","005",,,,,,,,,,,,,"01",,,,,,,,"BAY COUNTY","0","0","0","0","0","0","0","0","0","0","0","0","0","0","0","0","0","0","0","0","0",83799,11681,420,1,2,141,71,262,93,26,439,26,7,0,772,1537,898,103,142,394
"G1200070","1980","A","3","5","Florida","12",,"Bradford","007",,,,,,,,,,,,,"02",,,,,,,,"BRADFORD COUNTY","0","0","0","0","0","0","0","0","0","0","0","0","0","0","0","0","0","0","0","0","0",15747,4077,35,0,0,5,15,2,6,19,6,2,3,1,105,253,126,61,3,63
"G1200090","1980","A","3","5","Florida","12","4900","Brevard","009",,,,,,,,,,,,,"04",,,,,,,,"BREVARD COUNTY","0","0","0","0","0","0","0","0","0","0","0","0","0","0","0","0","0","0","0","0","0",245223,23832,581,6,1,286,333,351,215,323,157,53,16,5,1577,5336,4174,314,127,721
"G1200110","1980","A","3","5","Florida","12","2680","Broward","011",,,,,,,,"56",,,,,"G",,,,,,,,"BROWARD COUNTY","0","0","0","0","0","0","0","0","0","0","0","0","0","0","0","0","0","0","0","0","0",892085,113608,1350,25,12,489,1817,619,339,1154,353,93,42,27,6187,40315,33662,2350,269,4034
"G1200130","1980","A","3","5","Florida","12",,"Calhoun","013",,,,,,,,,,,,,"01",,,,,,,,"CALHOUN COUNTY","0","0","0","0","1","0","0","1","0","0","0","0","0","1","1","0","0","0","0","0","1",8058,1132,88,0,0,3,0,1,0,0,0,0,1,0,11,41,21,13,0,7
"G1200150","1980","A","3","5","Florida","12",,"Charlotte","015",,,,,,,,,,,,,"06",,,,,,,,"CHARLOTTE COUNTY","0","0","0","0","0","0","0","0","0","0","0","0","0","0","0","0","0","0","0","0","0",56802,1115,66,0,0,38,59,93,26,57,24,1,3,3,173,687,559,16,25,87
"G1200170","1980","A","3","5","Florida","12",,"Citrus","017",,,,,,,,,,,,,"05",,,,,,,,"CITRUS COUNTY","0","0","0","0","0","0","0","0","0","0","0","0","0","0","0","0","0","0","0","0","1",52617,1769,72,0,1,25,7,36,10,24,12,3,4,1,122,765,646,15,14,90
"G1200190","1980","A","3","5","Florida","12","3600","Clay","019",,,,,,,,,,,,,"02",,,,,,,,"CLAY COUNTY","0","0","0","0","0","0","0","0","0","0","0","0","0","0","0","0","0","0","0","0","0",62677,3470,116,1,1,66,31,363,41,35,14,12,22,1,202,1132,898,51,86,97
"G1200210","1980","A","3","5","Florida","12",,"Collier","021",,,,,,,,,,,,,"06",,,,,,,,"COLLIER COUNTY","0","0","0","0","0","0","0","0","0","0","0","0","0","0","0","0","0","0","0","0","0",74661,4550,172,2,0,18,55,14,13,24,56,6,7,3,6390,9255,2943,66,29,6217
"G1200230","1980","A","3","5","Florida","12",,"Columbia","023",,,,,,,,,,,,,"03",,,,,,,,"COLUMBIA COUNTY","0","0","0","0","0","0","0","0","0","0","0","0","0","0","0","0","0","0","0","0","1",28340,6841,45,1,0,20,9,22,4,39,19,18,0,5,36,367,278,79,1,9
"G1200250","1980","A","3","5","Florida","12","5000","Dade","025",,,,,,,,"56",,,,,"C",,,,,,,,"DADE COUNTY","0","0","0","0","0","0","0","0","0","0","0","0","0","0","0","0","0","0","0","0","0",1262275,280434,1660,34,33,817,5373,1735,686,2651,712,186,82,22,69081,580994,507832,10764,1311,61087
"G1200270","1980","A","3","5","Florida","12",,"DeSoto","027",,,,,,,,,,,,,"05",,,,,,,,"DE SOTO COUNTY","0","0","0","0","0","0","0","0","0","0","0","0","0","0","0","0","0","0","0","0","0",15155,3557,33,0,0,9,1,23,3,9,8,2,0,0,239,610,358,30,2,220
"G1200290","1980","A","3","5","Florida","12",,"Dixie","029",,,,,,,,,,,,,"02",,,,,,,,"DIXIE COUNTY","0","0","0","0","1","0","0","1","0","0","0","0","0","0","0","0","0","0","0","0","1",6823,899,17,0,0,4,0,0,0,0,0,0,0,0,8,68,49,14,1,4
"G1200310","1980","B","3","5","Florida","12","3600","Duval","031",,,,,,,,,,,,,"A",,,,,,,,"DUVAL COUNTY","0","0","0","0","0","0","0","0","0","0","0","0","0","0","0","0","0","0","0","0","0",420718,140561,1240,7,12,405,507,3840,255,382,346,120,47,19,2544,10482,6821,1522,839,1300
"G1200330","1980","A","3","5","Florida","12","6080","Escambia","033",,,,,,,,,,,,,"D",,,,,,,,"ESCAMBIA COUNTY","0","0","0","0","0","0","0","0","0","0","0","0","0","0","0","0","0","0","0","0","0",181637,45945,1868,5,3,221,244,1431,109,112,789,75,41,14,1300,3887,2465,444,321,657
"G1200350","1980","A","3","5","Florida","12",,"Flagler","035",,,,,,,,,,,,,"04",,,,,,,,"FLAGLER COUNTY","0","0","0","1","0","0","0","0","0","0","0","0","1","0","1","0","0","0","0","0","1",9552,1303,6,0,0,3,4,14,4,4,0,0,0,0,23,188,139,29,1,19
"G1200370","1980","A","3","5","Florida","12",,"Franklin","037",,,,,,,,,,,,,"01",,,,,,,,"FRANKLIN COUNTY","0","0","0","0","1","0","0","1","0","0","0","0","0","1","1","0","0","0","0","0","1",6530,1098,17,0,0,1,4,0,1,2,0,0,0,0,8,70,56,12,0,2
"G1200390","1980","A","3","5","Florida","12",,"Gadsden","039",,,,,,,,,,,,,"03",,,,,,,,"GADSDEN COUNTY","0","0","0","0","0","0","0","0","0","0","0","0","0","0","0","0","0","0","0","0","0",16437,24930,27,0,0,14,17,33,2,14,26,6,0,0,59,629,141,445,11,32
"G1200410","1980","A","3","5","Florida","12",,"Gilchrist","041",,,,,,,,,,,,,"03",,,,,,,,"GILCHRIST COUNTY","0","0","0","1","1","0","0","1","0","0","0","0","1","1","0","0","0","0","0","1","1",5388,364,8,0,0,0,0,0,0,4,0,0,0,0,3,57,36,20,0,1
"G1200430","1980","A","3","5","Florida","12",,"Glades","043",,,,,,,,,,,,,"06",,,,,,,,"GLADES COUNTY","0","0","0","0","1","0","0","1","0","0","0","0","0","1","1","0","0","0","0","0","0",4761,810,336,0,0,2,2,0,0,3,0,0,0,0,78,228,150,5,3,70
"G1200450","1980","A","3","5","Florida","12",,"Gulf","045",,,,,,,,,,,,,"01",,,,,,,,"GULF COUNTY","0","0","0","0","1","0","0","0","0","0","0","0","0","1","1","0","0","0","0","0","1",8456,2139,28,0,0,1,3,7,2,6,0,4,0,0,12,147,97,42,3,5
"G1200470","1980","A","3","5","Florida","12",,"Hamilton","047",,,,,,,,,,,,,"03",,,,,,,,"HAMILTON COUNTY","0","0","0","0","1","0","0","0","0","0","0","0","1","1","1","0","0","0","0","1","0",5419,3309,13,0,3,0,4,9,0,1,0,0,2,0,1,61,21,38,1,1
"G1200490","1980","A","3","5","Florida","12",,"Hardee","049",,,,,,,,,,,,,"05",,,,,,,,"HARDEE COUNTY","0","0","0","0","0","0","0","0","0","0","0","0","0","0","0","0","0","0","0","0","0",15739,1604,45,0,1,10,0,2,4,10,0,0,2,0,1962,3236,1272,18,5,1941
"G1200510","1980","A","3","5","Florida","12",,"Hendry","051",,,,,,,,,,,,,"06",,,,,,,,"HENDRY COUNTY","0","0","0","0","0","0","0","0","0","0","0","0","0","0","0","0","0","0","0","0","0",13161,3455,417,0,0,4,14,45,2,3,2,1,0,1,1494,2389,842,43,42,1462
"G1200530","1980","A","3","5","Florida","12",,"Hernando","053",,,,,,,,,,,,,"05",,,,,,,,"HERNANDO COUNTY","0","0","0","0","0","0","0","0","0","0","0","0","0","0","0","0","0","0","0","0","0",41338,2777,77,1,0,19,26,26,10,12,3,2,0,0,178,834,647,41,7,139
"G1200550","1980","A","3","5","Florida","12",,"Highlands","055",,,,,,,,,,,,,"05",,,,,,,,"HIGHLANDS COUNTY","0","0","0","0","0","0","0","0","0","0","0","0","0","0","0","0","0","0","0","0","0",40216,6567,201,0,0,15,7,36,32,17,11,3,0,0,421,1766,1317,69,14,366
"G1200570","1980","A","3","5","Florida","12","8280","Hillsborough","057",,,,,,,,,,,,,"B",,,,,,,,"HILLSBOROUGH COUNTY","0","0","0","0","0","0","0","0","0","0","0","0","0","0","0","0","0","0","0","0","0",546575,86464,1320,14,3,459,666,643,662,551,727,89,28,8,8751,64199,55276,1630,325,6968
"G1200590","1980","A","3","5","Florida","12",,"Holmes","059",,,,,,,,,,,,,"03",,,,,,,,"HOLMES COUNTY","0","0","0","0","0","0","0","1","0","0","0","0","0","0","0","0","0","0","0","0","1",14281,304,83,0,0,3,3,12,0,13,2,0,1,0,21,119,97,13,3,6
"G1200610","1980","A","3","5","Florida","12",,"Indian River","061",,,,,,,,,,,,,"04",,,,,,,,"INDIAN RIVER COUNTY","0","0","0","0","0","0","0","0","0","0","0","0","0","0","0","0","0","0","0","0","0",51104,7806,49,0,0,30,32,29,15,36,9,2,0,1,783,1382,667,38,8,669
"G1200630","1980","A","3","5","Florida","12",,"Jackson","063",,,,,,,,,,,,,"03",,,,,,,,"JACKSON COUNTY","0","0","0","0","0","0","0","0","0","0","0","0","0","0","0","0","0","0","0","0","0",28661,10213,125,0,0,16,4,3,15,13,10,2,1,0,91,434,236,140,9,49
"G1200650","1980","A","3","5","Florida","12",,"Jefferson","065",,,,,,,,,,,,,"03",,,,,,,,"JEFFERSON COUNTY","0","0","0","1","1","0","0","0","0","0","0","0","1","1","1","0","0","0","0","1","0",5566,5104,7,0,0,3,0,0,0,3,3,1,1,0,15,72,33,35,2,2
"G1200670","1980","A","3","5","Florida","12",,"Lafayette","067",,,,,,,,,,,,,"03",,,,,,,,"LAFAYETTE COUNTY","0","0","0","1","1","0","0","0","0","0","0","0","1","1","1","0","0","0","0","1","0",3729,288,6,0,0,1,0,0,0,1,0,2,0,1,7,31,29,0,1,1
"G1200690","1980","A","3","5","Florida","12",,"Lake","069",,,,,,,,,,,,,"05",,,,,,,,"LAKE COUNTY","0","0","0","0","0","0","0","0","0","0","0","0","0","0","0","0","0","0","0","0","0",90196,13240,190,1,0,27,26,53,25,34,79,13,1,1,984,2255,1168,191,21,875
"G1200710","1980","A","3","5","Florida","12","2700","Lee","071",,,,,,,,,,,,,"06",,,,,,,,"LEE COUNTY","0","0","0","0","0","0","0","0","0","0","0","0","0","0","0","0","0","0","0","0","0",185467,16321,222,0,1,73,99,149,55,110,87,11,2,0,2669,5718,2984,237,51,2446
"G1200730","1980","A","3","5","Florida","12","8240","Leon","073",,,,,,,,,,,,,"03",,,,,,,,"LEON COUNTY","0","0","0","0","0","0","0","0","0","0","0","0","0","0","0","0","0","0","0","0","0",109783,36640,257,3,4,101,235,118,108,277,113,31,1,1,983,2429,1679,313,40,397
"G1200750","1980","A","3","5","Florida","12",,"Levy","075",,,,,,,,,,,,,"02",,,,,,,,"LEVY COUNTY","0","0","0","0","0","0","0","0","0","0","0","0","0","0","0","0","0","0","0","0","0",16532,3183,36,0,1,10,1,25,7,15,3,0,0,0,57,258,149,67,1,41
"G1200770","1980","A","3","5","Florida","12",,"Liberty","077",,,,,,,,,,,,,"01",,,,,,,,"LIBERTY COUNTY","0","0","0","1","1","0","0","1","0","0","0","1","0","1","0","0","0","0","0","1","1",3781,471,2,0,0,0,1,0,2,2,0,0,0,0,1,30,24,5,1,0
"G1200790","1980","A","3","5","Florida","12",,"Madison","079",,,,,,,,,,,,,"03",,,,,,,,"MADISON COUNTY","0","0","0","1","1","0","0","0","0","0","0","0","0","1","1","0","0","0","0","0","0",8508,6339,13,1,0,4,0,4,0,3,1,0,0,0,21,139,42,88,2,7
"G1200810","1980","A","3","5","Florida","12","1140","Manatee","081",,,,,,,,,,,,,"06",,,,,,,,"MANATEE COUNTY","0","0","0","0","0","0","0","0","0","0","0","0","0","0","0","0","0","0","0","0","0",133191,13263,257,1,1,29,95,49,29,81,103,17,2,0,1324,3185,1915,157,18,1095
"G1200830","1980","A","3","5","Florida","12","5790","Marion","083",,,,,,,,,,,,,"05",,,,,,,,"MARION COUNTY","0","0","0","0","0","0","0","0","0","0","0","0","0","0","0","0","0","0","0","0","0",101336,20276,257,2,0,40,74,22,28,34,32,15,4,1,367,2012,1503,228,10,271
"G1200850","1980","A","3","5","Florida","12",,"Martin","085",,,,,,,,,,,,,"06",,,,,,,,"MARTIN COUNTY","0","0","0","0","0","0","0","0","0","0","0","0","0","0","0","0","0","0","0","0","0",57895,4719,59,2,1,41,60,14,22,23,15,7,1,12,1143,2084,960,51,13,1060
"G1200870","1980","A","3","5","Florida","12",,"Monroe","087",,,,,,,,,,,,,"06",,,,,,,,"MONROE COUNTY","0","0","0","0","0","0","0","0","0","0","0","0","0","0","0","0","0","0","0","0","0",57934,3808,138,3,3,55,18,420,31,38,16,29,16,2,677,7159,6370,212,75,502
"G1200890","1980","A","3","5","Florida","12","3600","Nassau","089",,,,,,,,,,,,,"02",,,,,,,,"NASSAU COUNTY","0","0","0","0","0","0","0","0","0","0","0","0","0","0","0","0","0","0","0","0","0",28212,4530,58,0,0,7,10,17,5,6,2,1,0,0,46,448,333,83,4,28
"G1200910","1980","A","3","5","Florida","12","2750","Okaloosa","091",,,,,,,,,,,,,"01",,,,,,,,"OKALOOSA COUNTY","0","0","0","0","0","0","0","0","0","0","0","0","0","0","0","0","0","0","0","0","0",97093,9483,416,2,2,286,163,423,256,39,280,41,12,11,1413,2577,1758,151,123,545
"G1200930","1980","A","3","5","Florida","12",,"Okeechobee","093",,,,,,,,,,,,,"06",,,,,,,,"OKEECHOBEE COUNTY","0","0","0","0","0","0","0","0","0","0","0","0","0","0","0","0","0","0","0","0","0",17926,1717,78,1,0,2,10,24,4,16,0,6,1,0,479,962,478,21,12,451
"G1200950","1980","A","3","5","Florida","12","5960","Orange","095",,,,,,,,,,,,,"E",,,,,,,,"ORANGE COUNTY","0","0","0","0","0","0","0","0","0","0","0","0","0","0","0","0","0","0","0","0","0",390383,69557,1339,5,7,349,599,918,314,418,923,115,45,31,6013,19726,13733,949,380,4664
"G1200970","1980","A","3","5","Florida","12","5960","Osceola","097",,,,,,,,,,,,,"05",,,,,,,,"OSCEOLA COUNTY","0","0","0","0","0","0","0","1","0","0","0","0","0","0","0","0","0","0","0","0","1",45468,3012,117,0,2,23,32,66,59,52,36,8,1,7,404,1089,786,9,19,275
"G1200990","1980","A","3","5","Florida","12","8960","Palm Beach","099",,,,,,,,,,,,,"F",,,,,,,,"PALM BEACH COUNTY","0","0","0","0","0","0","0","0","0","0","0","0","0","0","0","0","0","0","0","0","0",487498,77576,581,13,5,225,689,312,128,519,201,65,7,2,9042,28505,20718,1303,197,6287
"G1201010","1980","A","3","5","Florida","12","8280","Pasco","101",,,,,,,,,,,,,"05",,,,,,,,"PASCO COUNTY","0","0","0","0","0","0","0","0","0","0","0","0","0","0","0","0","0","0","0","0","0",187154,4018,357,5,0,58,81,73,42,86,32,9,1,5,1722,4706,3132,58,38,1478
"G1201030","1980","A","3","5","Florida","12","8280","Pinellas","103",,,,,,,,,,,,,"B",,,,,,,,"PINELLAS COUNTY","0","0","0","0","0","0","0","0","0","0","0","0","0","0","0","0","0","0","0","0","0",666952,55206,971,15,7,358,510,557,292,530,759,85,21,22,2246,10526,8656,722,201,947
"G1201050","1980","A","3","5","Florida","12","3980","Polk","105",,,,,,,,,,,,,"05",,,,,,,,"POLK COUNTY","0","0","0","0","0","0","0","0","0","0","0","0","0","0","0","0","0","0","0","0","0",266868,48275,595,11,1,89,149,166,119,210,258,46,13,4,4848,9643,4781,405,88,4369
"G1201070","1980","A","3","5","Florida","12",,"Putnam","107",,,,,,,,,,,,,"02",,,,,,,,"PUTNAM COUNTY","0","0","0","0","0","0","0","0","0","0","0","0","0","0","0","0","0","0","0","0","0",39937,10358,97,0,0,15,2,6,8,14,1,9,4,0,98,595,445,97,5,48
"G1201090","1980","A","3","5","Florida","12","3600","St Johns","109",,,,,,,,,,,,,"02",,,,,,,,"ST. JOHNS COUNTY","0","0","0","0","0","0","0","0","0","0","0","0","0","0","0","0","0","0","0","0","0",43451,7464,68,7,0,16,26,60,12,42,1,7,0,1,148,1120,931,80,15,94
"G1201110","1980","A","3","5","Florida","12",,"St Lucie","111",,,,,,,,,,,,,"04",,,,,,,,"ST. LUCIE COUNTY","0","0","0","0","0","0","0","0","0","0","0","0","0","0","0","0","0","0","0","0","0",67159,19032,136,1,1,26,39,100,57,58,20,11,2,3,537,1742,1125,172,19,426
"G1201130","1980","A","3","5","Florida","12","6080","Santa Rosa","113",,,,,,,,,,,,,"D",,,,,,,,"SANTA ROSA COUNTY","0","0","0","0","0","0","0","0","0","0","0","0","0","0","0","0","0","0","0","0","0",52468,2501,272,2,2,51,15,304,20,15,87,20,5,3,223,752,505,22,84,141
"G1201150","1980","A","3","5","Florida","12","7510","Sarasota","115",,,,,,,,,,,,,"06",,,,,,,,"SARASOTA COUNTY","0","0","0","0","0","0","0","0","0","0","0","0","0","0","0","0","0","0","0","0","0",189711,10457,257,8,7,62,138,111,84,134,158,12,1,4,1107,2989,1969,105,49,866
"G1201170","1980","A","3","5","Florida","12","5960","Seminole","117",,,,,,,,,,,,,"E",,,,,,,,"SEMINOLE COUNTY","0","0","0","0","0","0","0","0","0","0","0","0","0","0","0","0","0","0","0","0","0",159067,18026,313,3,0,116,281,240,191,214,210,31,6,5,1049,5157,4252,159,78,668
"G1201190","1980","A","3","5","Florida","12",,"Sumter","119",,,,,,,,,,,,,"05",,,,,,,,"SUMTER COUNTY","0","0","0","0","0","0","0","0","0","0","0","0","0","0","0","0","0","0","0","0","0",19412,4587,84,0,0,6,2,7,0,9,7,1,1,0,156,505,263,83,17,142
"G1201210","1980","A","3","5","Florida","12",,"Suwannee","121",,,,,,,,,,,,,"03",,,,,,,,"SUWANNEE COUNTY","0","0","0","0","0","0","0","0","0","0","0","0","0","0","0","0","0","0","0","0","1",18268,3927,30,1,0,9,2,8,6,7,0,3,0,0,26,269,172,80,1,16
"G1201230","1980","A","3","5","Florida","12",,"Taylor","123",,,,,,,,,,,,,"02",,,,,,,,"TAYLOR COUNTY","0","0","0","0","0","0","0","0","0","0","0","0","0","0","0","0","0","0","0","0","0",12838,3521,108,0,0,1,0,11,2,16,0,0,0,0,35,134,80,24,8,22
"G1201250","1980","A","3","5","Florida","12",,"Union","125",,,,,,,,,,,,,"03",,,,,,,,"UNION COUNTY","0","0","0","0","0","0","0","0","0","0","0","0","1","1","0","0","0","0","0","0","1",7034,2965,44,2,0,7,0,10,2,1,16,1,0,1,83,267,144,45,6,72
"G1201270","1980","A","3","5","Florida","12","2020","Volusia","127",,,,,,,,,,,,,"04",,,,,,,,"VOLUSIA COUNTY","0","0","0","0","0","0","0","0","0","0","0","0","0","0","0","0","0","0","0","0","0",227324,28883,415,7,5,125,276,143,96,232,113,37,10,14,1082,4124,3142,276,80,626
"G1201290","1980","A","3","5","Florida","12","8240","Wakulla","129",,,,,,,,,,,,,"01",,,,,,,,"WAKULLA COUNTY","0","0","0","0","1","0","0","1","0","0","0","0","0","1","1","0","0","0","0","1","0",9048,1786,34,1,0,2,0,4,1,0,3,1,0,0,7,103,100,1,1,1
"G1201310","1980","A","3","5","Florida","12",,"Walton","131",,,,,,,,,,,,,"01",,,,,,,,"WALTON COUNTY","0","0","0","0","0","0","0","0","0","0","0","0","0","0","0","0","0","0","0","0","0",18910,2051,217,1,0,21,7,12,1,3,24,3,0,0,50,173,143,16,2,12
"G1201330","1980","A","3","5","Florida","12",,"Washington","133",,,,,,,,,,,,,"01",,,,,,,,"WASHINGTON COUNTY","0","0","0","0","0","0","0","0","0","0","0","0","0","0","0","0","0","0","0","0","1",12083,2282,94,0,0,8,0,4,1,0,0,2,1,0,34,115,85,15,6,9
"G1300010","1980","A","3","5","Georgia","13",,"Appling","001",,,,,,,,,,,,,"08",,,,,,,,"APPLING COUNTY","0","0","0","1","0","0","0","0","0","0","0","0","1","0","1","0","0","0","0","0","1",12381,3137,12,0,0,1,0,7,0,14,0,0,2,0,11,124,72,34,9,9
"G1300030","1980","A","3","5","Georgia","13",,"Atkinson","003",,,,,,,,,,,,,"08",,,,,,,,"ATKINSON COUNTY","0","0","0","0","1","0","0","0","0","0","0","1","0","1","0","0","0","0","0","0","0",4438,1691,0,0,0,1,2,0,1,7,0,0,0,0,1,56,27,29,0,0
"G1300050","1980","A","3","5","Georgia","13",,"Bacon","005",,,,,,,,,,,,,"08",,,,,,,,"BACON COUNTY","0","0","0","1","1","0","0","1","0","0","0","0","1","1","1","0","0","0","0","0","1",7957,1394,9,1,0,0,0,2,0,2,0,0,0,0,14,52,40,3,1,8
"G1300070","1980","A","3","5","Georgia","13",,"Baker","007",,,,,,,,,,,,,"07",,,,,,,,"BAKER COUNTY","0","0","0","1","1","0","0","1","0","0","0","0","1","1","1","0","0","0","0","0","1",1897,1898,10,0,0,1,0,0,0,0,0,1,0,0,1,40,0,39,1,0
"G1300090","1980","A","3","5","Georgia","13",,"Baldwin","009",,,,,,,,,,,,,"04",,,,,,,,"BALDWIN COUNTY","0","0","0","0","0","0","0","0","0","0","0","0","0","0","0","0","0","0","0","0","0",21533,12980,29,0,0,4,11,15,24,25,0,2,0,0,63,454,257,164,3,30
"G1300110","1980","A","3","5","Georgia","13",,"Banks","011",,,,,,,,,,,,,"03",,,,,,,,"BANKS COUNTY","0","0","0","1","1","0","1","1","0","0","0","0","1","1","0","0","0","0","0","1","1",8254,433,11,0,0,0,0,0,0,4,0,0,0,0,0,33,29,4,0,0
"G1300130","1980","A","3","5","Georgia","13",,"Barrow","013",,,,,,,,,,,,,"03",,,,,,,,"BARROW COUNTY","0","0","0","1","0","0","0","1","0","0","0","0","1","0","1","0","0","0","0","0","0",18169,3145,8,0,0,2,5,4,0,6,0,1,1,0,13,143,105,30,0,8
"G1300150","1980","A","3","5","Georgia","13",,"Bartow","015",,,,,,,,,,,,,"01",,,,,,,,"BARTOW COUNTY","0","0","0","0","0","0","0","0","0","0","0","0","0","0","0","0","0","0","0","0","1",35913,4720,61,0,0,6,4,10,1,13,1,5,0,0,26,227,178,34,1,14
"G1300170","1980","A","3","5","Georgia","13",,"Ben Hill","017",,,,,,,,,,,,,"07",,,,,,,,"BEN HILL COUNTY","0","0","0","0","1","0","0","0","0","0","0","0","1","1","1","0","0","0","0","0","1",11133,4833,16,1,0,0,1,1,3,2,0,0,0,0,10,82,37,40,1,4
"G1300190","1980","A","3","5","Georgia","13",,"Berrien","019",,,,,,,,,,,,,"08",,,,,,,,"BERRIEN COUNTY","0","0","0","1","0","0","0","1","0","0","0","0","1","1","0","0","0","0","0","0","1",11783,1691,5,0,5,3,0,4,6,0,7,0,0,0,21,112,64,42,0,6
"G1300210","1980","A","3","5","Georgia","13","4680","Bibb","021",,,,,,,,,,,,,"F",,,,,,,,"BIBB COUNTY","0","0","0","0","0","0","0","0","0","0","0","0","0","0","0","0","0","0","0","0","0",91460,58069,109,0,0,176,42,54,61,47,45,19,2,0,172,1036,507,442,16,71
"G1300230","1980","A","3","5","Georgia","13",,"Bleckley","023",,,,,,,,,,,,,"06",,,,,,,,"BLECKLEY COUNTY","0","0","0","0","0","0","0","0","0","0","0","0","0","0","0","0","0","0","0","0","1",8297,2367,19,0,0,0,4,2,0,5,22,0,0,0,51,107,54,25,1,27
"G1300250","1980","A","3","5","Georgia","13",,"Brantley","025",,,,,,,,,,,,,"09",,,,,,,,"BRANTLEY COUNTY","0","0","0","1","1","0","0","1","0","0","0","0","1","0","1","0","0","0","0","0","1",8106,569,11,0,0,0,0,1,2,0,0,1,0,0,11,55,38,14,0,3
"G1300270","1980","A","3","5","Georgia","13",,"Brooks","027",,,,,,,,,,,,,"08",,,,,,,,"BROOKS COUNTY","0","0","0","1","0","0","1","0","0","0","0","0","1","0","1","0","0","0","0","0","0",8413,6797,12,0,0,6,0,1,1,8,10,1,0,0,6,169,49,119,1,0
"G1300290","1980","A","3","5","Georgia","13","7520","Bryan","029",,,,,,,,,,,,,"09",,,,,,,,"BRYAN COUNTY","0","0","0","0","1","0","0","0","0","0","0","0","0","1","1","0","0","0","0","0","0",7938,2190,16,3,0,0,0,4,1,1,2,0,2,0,18,85,36,31,5,13
"G1300310","1980","A","3","5","Georgia","13",,"Bulloch","031",,,,,,,,,,,,,"08",,,,,,,,"BULLOCH COUNTY","0","0","0","0","0","0","0","0","0","0","0","0","0","0","0","0","0","0","0","0","0",26039,9556,19,0,0,14,13,13,11,33,3,3,1,0,80,335,173,133,3,26
"G1300330","1980","A","3","5","Georgia","13",,"Burke","033",,,,,,,,,,,,,"06",,,,,,,,"BURKE COUNTY","0","0","0","1","0","0","0","0","0","0","0","0","1","1","1","0","0","0","0","1","0",8927,10385,4,0,0,6,0,1,2,7,0,1,8,0,8,269,44,214,8,3
"G1300350","1980","A","3","5","Georgia","13","0520","Butts","035",,,,,,,,,,,,,"04",,,,,,,,"BUTTS COUNTY","0","0","0","0","1","0","0","0","0","0","0","0","1","1","1","0","0","0","0","1","0",8267,5353,21,0,0,3,1,0,5,2,0,0,2,0,11,191,56,127,1,7
"G1300370","1980","A","3","5","Georgia","13",,"Calhoun","037",,,,,,,,,,,,,"07",,,,,,,,"CALHOUN COUNTY","0","0","0","1","1","0","1","1","0","0","0","0","1","1","0","0","0","0","0","1","1",2411,3285,9,0,0,0,6,0,0,4,0,2,0,0,0,55,9,46,0,0
"G1300390","1980","A","3","5","Georgia","13",,"Camden","039",,,,,,,,,,,,,"09",,,,,,,,"CAMDEN COUNTY","0","0","0","0","0","0","0","1","0","0","0","0","0","0","0","0","0","0","0","0","1",8993,4290,15,0,0,8,0,34,6,1,0,0,0,0,24,114,66,13,17,18
"G1300430","1980","A","3","5","Georgia","13",,"Candler","043",,,,,,,,,,,,,"08",,,,,,,,"CANDLER COUNTY","0","0","0","1","1","0","1","0","0","0","0","0","1","1","0","0","0","0","0","0","0",5088,2410,6,0,0,2,0,9,0,2,0,0,0,0,1,92,40,51,0,1
"G1300450","1980","A","3","5","Georgia","13",,"Carroll","045",,,,,,,,,,,,,"03",,,,,,,,"CARROLL COUNTY","0","0","0","0","0","0","0","0","0","0","0","0","0","0","0","0","0","0","0","0","0",46441,9679,67,1,0,10,14,5,25,30,7,2,0,0,65,382,273,79,4,26
"G1300470","1980","A","3","5","Georgia","13","1560","Catoosa","047",,,,,,,,,,,,,"01",,,,,,,,"CATOOSA COUNTY","0","0","0","0","0","0","0","0","0","0","0","0","0","0","0","0","0","0","0","0","0",36528,289,54,0,0,10,10,9,5,10,7,1,3,1,64,231,189,0,7,35
"G1300490","1980","A","3","5","Georgia","13",,"Charlton","049",,,,,,,,,,,,,"09",,,,,,,,"CHARLTON COUNTY","0","0","0","1","1","0","0","1","0","0","0","0","1","1","1","0","0","0","0","0","1",5159,2161,11,0,0,0,0,0,0,0,0,3,0,0,9,39,19,14,0,6
"G1300510","1980","A","3","5","Georgia","13","7520","Chatham","051",,,,,,,,,,,,,"E",,,,,,,,"CHATHAM COUNTY","0","0","0","0","0","0","0","0","0","0","0","0","0","0","0","0","0","0","0","0","0",122333,77310,233,2,2,103,340,119,240,145,392,50,18,11,928,2276,1099,662,53,462
"G1300530","1980","A","3","5","Georgia","13","1800","Chattahoochee","053",,,,,,,,,,,,,"C",,,,,,,,"CHATTAHOOCHEE COUNTY","0","0","0","0","0","0","0","0","0","0","0","0","0","0","0","0","0","0","0","0","0",12905,7048,166,38,0,43,14,70,107,10,13,34,70,41,1173,1529,435,100,62,932
"G1300550","1980","A","3","5","Georgia","13",,"Chattooga","055",,,,,,,,,,,,,"01",,,,,,,,"CHATTOOGA COUNTY","0","0","0","0","0","0","0","1","0","0","0","0","0","1","1","0","0","0","0","0","1",19914,1887,15,0,0,1,4,0,1,3,8,0,0,0,23,164,131,20,0,13
"G1300570","1980","A","3","5","Georgia","13","0520","Cherokee","057",,,,,,,,,,,,,"03",,,,,,,,"CHEROKEE COUNTY","0","0","0","0","0","0","0","0","0","0","0","0","0","0","0","0","0","0","0","0","1",50324,1116,60,0,3,37,10,11,9,14,11,2,3,0,99,346,285,15,13,33
"G1300590","1980","A","3","5","Georgia","13","0500","Clarke","059",,,,,,,,,,,,,"04",,,,,,,,"CLARKE COUNTY","0","0","0","0","0","0","0","0","0","0","0","0","0","0","0","0","0","0","0","0","0",55684,17568,68,0,1,65,235,121,109,162,12,11,2,3,457,955,546,212,27,170
"G1300610","1980","A","3","5","Georgia","13",,"Clay","061",,,,,,,,,,,,,"07",,,,,,,,"CLAY COUNTY","0","0","0","1","1","0","1","1","0","0","0","0","1","1","0","0","0","0","0","1","1",1330,2208,4,0,0,0,0,3,0,8,0,0,0,0,0,18,3,15,0,0
"G1300630","1980","A","3","5","Georgia","13","0520","Clayton","063",,,,,,,,,,,,,"B",,,,,,,,"CLAYTON COUNTY","0","0","0","0","0","0","0","0","0","0","0","0","0","0","0","0","0","0","0","0","0",137950,10494,337,1,0,79,162,68,361,143,100,22,2,2,636,1617,1224,89,34,270
"G1300650","1980","A","3","5","Georgia","13",,"Clinch","065",,,,,,,,,,,,,"09",,,,,,,,"CLINCH COUNTY","0","0","0","0","1","0","0","0","0","0","0","0","0","1","1","0","0","0","0","0","1",4669,1958,18,0,0,1,0,2,1,6,0,0,0,0,5,58,28,21,6,3
"G1300670","1980","A","3","5","Georgia","13","0520","Cobb","067",,,,,,,,,,,,,"B",,,,,,,,"COBB COUNTY","0","0","0","0","0","0","0","0","0","0","0","0","0","0","0","0","0","0","0","0","0",281625,13055,430,4,5,240,356,184,368,380,103,22,12,1,933,2840,2317,108,68,347
"G1300690","1980","A","3","5","Georgia","13",,"Coffee","069",,,,,,,,,,,,,"08",,,,,,,,"COFFEE COUNTY","0","0","0","0","0","0","0","0","0","0","0","0","0","0","0","0","0","0","0","0","0",19952,6823,18,0,0,5,12,4,0,9,1,0,0,0,70,250,128,93,1,28
"G1300710","1980","A","3","5","Georgia","13",,"Colquitt","071",,,,,,,,,,,,,"08",,,,,,,,"COLQUITT COUNTY","0","0","0","0","0","0","0","0","0","0","0","0","0","0","0","0","0","0","0","0","0",26970,8279,26,0,0,5,16,9,3,18,1,7,0,0,42,362,133,196,9,24
"G1300730","1980","A","3","5","Georgia","13","0600","Columbia","073",,,,,,,,,,,,,"04",,,,,,,,"COLUMBIA COUNTY","0","0","0","0","0","0","0","0","0","0","0","0","0","0","0","0","0","0","0","0","0",33487,5891,57,0,0,60,48,33,139,21,31,21,20,10,300,537,288,50,23,176
"G1300750","1980","A","3","5","Georgia","13",,"Cook","075",,,,,,,,,,,,,"08",,,,,,,,"COOK COUNTY","0","0","0","1","0","0","0","0","0","0","0","0","1","0","1","0","0","0","0","0","1",9362,4090,7,0,0,6,0,1,1,12,0,1,0,0,10,69,21,37,2,9
"G1300770","1980","A","3","5","Georgia","13",,"Coweta","077",,,,,,,,,,,,,"04",,,,,,,,"COWETA COUNTY","0","0","0","0","0","0","0","0","0","0","0","0","0","0","0","0","0","0","0","0","1",28469,10703,32,0,0,11,7,2,5,3,2,5,0,0,29,294,145,139,2,8
"G1300790","1980","A","3","5","Georgia","13",,"Crawford","079",,,,,,,,,,,,,"05",,,,,,,,"CRAWFORD COUNTY","0","0","0","1","1","0","0","0","0","0","0","0","0","1","1","0","0","0","0","1","0",4613,3047,4,0,0,1,0,10,1,0,0,1,0,0,7,79,20,49,5,5
"G1300810","1980","A","3","5","Georgia","13",,"Crisp","081",,,,,,,,,,,,,"07",,,,,,,,"CRISP COUNTY","0","0","0","1","0","0","1","0","0","0","0","0","1","0","1","0","0","0","0","1","0",11778,7645,19,0,0,2,3,5,5,17,0,5,0,0,10,192,61,125,0,6
"G1300830","1980","A","3","5","Georgia","13","1560","Dade","083",,,,,,,,,,,,,"01",,,,,,,,"DADE COUNTY","0","0","0","1","0","0","1","0","0","0","0","0","0","1","1","0","0","0","0","1","0",12148,109,14,0,0,10,10,1,11,4,0,0,0,0,11,106,98,0,0,8
"G1300850","1980","A","3","5","Georgia","13",,"Dawson","085",,,,,,,,,,,,,"02",,,,,,,,"DAWSON COUNTY","0","0","0","0","1","1","1","0","0","0","0","0","0","0","0","0","0","0","1","1","0",4733,0,37,0,0,2,0,0,0,1,0,0,0,0,1,3,3,0,0,0
"G1300870","1980","A","3","5","Georgia","13",,"Decatur","087",,,,,,,,,,,,,"07",,,,,,,,"DECATUR COUNTY","0","0","0","1","0","0","0","0","0","0","0","0","1","0","1","0","0","0","0","0","1",15498,9921,24,0,0,3,0,25,3,2,5,4,0,0,10,226,109,103,8,6
"G1300890","1980","A","3","5","Georgia","13","0520","DeKalb","089",,,,,,,,,,,,,"B",,,,,,,,"DE KALB COUNTY","0","0","0","0","0","0","0","0","0","0","0","0","0","0","0","0","0","0","0","0","0",344254,130980,594,3,8,521,1145,208,1270,1100,328,48,8,5,2552,7470,5325,1047,106,992
"G1300910","1980","A","3","5","Georgia","13",,"Dodge","091",,,,,,,,,,,,,"06",,,,,,,,"DODGE COUNTY","0","0","0","1","0","0","0","0","0","0","0","0","1","0","1","0","0","0","0","0","1",12420,4492,9,0,0,2,0,2,9,9,0,0,0,0,12,153,82,66,4,1
"G1300930","1980","A","3","5","Georgia","13",,"Dooly","093",,,,,,,,,,,,,"07",,,,,,,,"DOOLY COUNTY","0","0","0","1","0","0","1","0","0","0","0","0","1","1","1","0","0","0","0","0","0",5520,5278,5,0,0,0,0,0,5,7,0,5,0,0,6,123,26,96,0,1
"G1300950","1980","A","3","5","Georgia","13","0120","Dougherty","095",,,,,,,,,,,,,"07",,,,,,,,"DOUGHERTY COUNTY","0","0","0","0","0","0","0","0","0","0","0","0","0","0","0","0","0","0","0","0","0",56771,43080,238,0,1,78,72,65,33,66,24,25,7,2,256,1156,440,549,38,129
"G1300970","1980","A","3","5","Georgia","13","0520","Douglas","097",,,,,,,,,,,,,"03",,,,,,,,"DOUGLAS COUNTY","0","0","0","0","0","0","0","0","0","0","0","0","0","0","0","0","0","0","0","0","0",51444,2818,112,1,1,18,34,15,14,23,3,1,0,0,89,377,297,26,7,47
"G1300990","1980","A","3","5","Georgia","13",,"Early","099",,,,,,,,,,,,,"07",,,,,,,,"EARLY COUNTY","0","0","0","1","1","0","0","0","0","0","0","0","0","1","1","0","0","0","0","1","0",7458,5681,1,0,0,4,0,4,2,1,0,1,0,0,6,189,41,143,1,4
"G1301010","1980","A","3","5","Georgia","13",,"Echols","101",,,,,,,,,,,,,"09",,,,,,,,"ECHOLS COUNTY","0","0","0","1","0","0","0","1","0","0","0","0","1","0","1","0","0","0","0","0","1",1875,381,40,0,0,0,0,0,0,0,0,0,0,0,1,24,15,7,1,1
"G1301030","1980","A","3","5","Georgia","13","7520","Effingham","103",,,,,,,,,,,,,"09",,,,,,,,"EFFINGHAM COUNTY","0","0","0","1","0","0","0","0","0","0","0","0","0","1","1","0","0","0","0","0","0",14853,3418,18,4,0,3,1,9,6,3,1,0,0,0,11,134,75,53,2,4
"G1301050","1980","A","3","5","Georgia","13",,"Elbert","105",,,,,,,,,,,,,"04",,,,,,,,"ELBERT COUNTY","0","0","0","1","0","0","0","0","0","0","0","0","0","1","1","0","0","0","0","0","0",12930,5767,13,0,0,1,4,6,2,5,0,2,1,0,27,168,75,86,2,5
"G1301070","1980","A","3","5","Georgia","13",,"Emanuel","107",,,,,,,,,,,,,"08",,,,,,,,"EMANUEL COUNTY","0","0","0","1","0","0","0","0","0","0","0","0","1","0","1","0","0","0","0","0","0",14177,6591,5,2,0,2,1,0,7,5,0,0,0,1,4,158,58,100,0,0
"G1301090","1980","A","3","5","Georgia","13",,"Evans","109",,,,,,,,,,,,,"08",,,,,,,,"EVANS COUNTY","0","0","0","1","0","0","0","0","0","0","0","0","1","0","1","0","0","0","0","1","0",5468,2927,5,0,0,0,0,18,0,5,0,0,0,0,5,88,31,41,12,4
"G1301110","1980","A","3","5","Georgia","13",,"Fannin","111",,,,,,,,,,,,,"02",,,,,,,,"FANNIN COUNTY","0","0","1","0","0","0","1","0","0","0","0","1","0","0","1","0","0","0","0","0","0",14691,7,30,0,2,3,0,5,1,6,0,0,0,0,3,92,91,0,1,0
"G1301130","1980","A","3","5","Georgia","13","0520","Fayette","113",,,,,,,,,,,,,"04",,,,,,,,"FAYETTE COUNTY","0","0","0","0","0","0","0","0","0","0","0","0","0","0","0","0","0","0","0","0","1",27591,1276,23,0,0,45,9,8,12,13,6,2,0,2,56,224,181,15,7,21
"G1301150","1980","A","3","5","Georgia","13",,"Floyd","115",,,,,,,,,,,,,"01",,,,,,,,"FLOYD COUNTY","0","0","0","0","0","0","0","0","0","0","0","0","0","0","0","0","0","0","0","0","0",69186,10253,52,0,0,12,13,46,66,47,22,5,0,0,98,545,376,112,5,52
"G1301170","1980","A","3","5","Georgia","13","0520","Forsyth","117",,,,,,,,,,,,,"03",,,,,,,,"FORSYTH COUNTY","0","0","1","0","0","0","1","0","0","0","0","0","0","0","0","0","0","0","0","1","0",27789,1,125,0,1,1,5,3,6,0,0,1,0,0,26,136,125,0,0,11
"G1301190","1980","A","3","5","Georgia","13",,"Franklin","119",,,,,,,,,,,,,"03",,,,,,,,"FRANKLIN COUNTY","0","0","0","1","0","0","0","1","0","0","0","0","1","1","0","0","0","0","0","0","1",13618,1533,9,0,0,2,2,5,0,4,7,0,0,0,5,92,73,14,2,3
"G1301210","1980","A","3","5","Georgia","13","0520","Fulton","121",,,,,,,,,,,,,"B",,,,,,,,"FULTON COUNTY","0","0","0","0","0","0","0","0","0","0","0","0","0","0","0","0","0","0","0","0","0",280334,303508,623,8,13,310,690,256,486,562,493,107,7,15,2492,7574,3916,2556,108,994
"G1301230","1980","A","3","5","Georgia","13",,"Gilmer","123",,,,,,,,,,,,,"02",,,,,,,,"GILMER COUNTY","0","0","0","1","1","0","0","0","0","0","0","0","1","1","1","0","0","0","0","1","0",11068,22,6,0,0,3,0,2,0,1,0,0,0,0,8,78,69,0,1,8
"G1301250","1980","A","3","5","Georgia","13",,"Glascock","125",,,,,,,,,,,,,"05",,,,,,,,"GLASCOCK COUNTY","0","0","1","1","0","0","0","0","0","0","0","1","1","0","0","0","0","0","0","0","0",1991,389,1,0,1,0,0,0,0,0,0,0,0,0,0,50,29,21,0,0
"G1301270","1980","A","3","5","Georgia","13",,"Glynn","127",,,,,,,,,,,,,"09",,,,,,,,"GLYNN COUNTY","0","0","0","0","0","0","0","0","0","0","0","0","0","0","0","0","0","0","0","0","0",40118,14500,64,0,0,33,24,51,18,35,9,12,1,1,115,511,330,129,16,36
"G1301290","1980","A","3","5","Georgia","13",,"Gordon","129",,,,,,,,,,,,,"01",,,,,,,,"GORDON COUNTY","0","0","0","0","0","0","0","1","0","0","0","0","0","0","0","0","0","0","0","0","1",28662,1322,19,0,0,5,10,0,0,17,10,1,0,0,24,128,101,12,0,15
"G1301310","1980","A","3","5","Georgia","13",,"Grady","131",,,,,,,,,,,,,"07",,,,,,,,"GRADY COUNTY","0","0","0","0","0","0","0","0","0","0","0","0","0","1","1","0","0","0","0","0","0",13411,6284,108,0,0,7,0,5,3,0,0,2,0,0,25,147,57,70,3,17
"G1301330","1980","A","3","5","Georgia","13",,"Greene","133",,,,,,,,,,,,,"04",,,,,,,,"GREENE COUNTY","0","0","0","1","1","0","1","0","0","0","0","0","0","1","1","0","0","0","0","1","0",5368,5992,11,3,0,1,0,3,3,1,0,0,0,0,9,135,11,117,0,7
"G1301350","1980","A","3","5","Georgia","13","0520","Gwinnett","135",,,,,,,,,,,,,"B",,,,,,,,"GWINNETT COUNTY","0","0","0","0","0","0","0","0","0","0","0","0","0","0","0","0","0","0","0","0","0",161263,4094,198,1,1,134,229,94,185,224,58,10,3,5,404,1426,1213,24,49,140
"G1301370","1980","A","3","5","Georgia","13",,"Habersham","137",,,,,,,,,,,,,"02",,,,,,,,"HABERSHAM COUNTY","0","0","0","0","0","0","0","1","0","0","0","0","0","0","0","0","0","0","0","1","0",23540,1321,84,0,0,11,1,2,2,8,1,3,0,0,47,89,73,5,4,7
"G1301390","1980","A","3","5","Georgia","13",,"Hall","139",,,,,,,,,,,,,"03",,,,,,,,"HALL COUNTY","0","0","0","0","0","0","0","0","0","0","0","0","0","0","0","0","0","0","0","0","0",68471,6821,101,0,1,42,29,3,15,11,33,1,0,1,120,552,444,55,7,46
"G1301410","1980","A","3","5","Georgia","13",,"Hancock","141",,,,,,,,,,,,,"04",,,,,,,,"HANCOCK COUNTY","0","0","0","0","1","0","1","1","0","0","0","0","0","1","1","0","0","0","0","1","1",2054,7406,0,0,0,1,0,1,0,2,0,0,0,0,2,170,2,168,0,0
"G1301430","1980","A","3","5","Georgia","13",,"Haralson","143",,,,,,,,,,,,,"03",,,,,,,,"HARALSON COUNTY","0","0","0","0","1","0","0","1","0","0","0","0","0","1","1","0","0","0","0","0","1",17035,1338,15,0,0,2,1,2,5,1,0,0,0,0,23,87,74,8,0,5
"G1301450","1980","A","3","5","Georgia","13",,"Harris","145",,,,,,,,,,,,,"04",,,,,,,,"HARRIS COUNTY","0","0","0","0","0","0","0","0","0","0","0","0","0","0","0","0","0","0","0","1","0",10086,5303,26,0,0,4,0,7,0,18,0,4,0,0,16,172,76,88,7,1
"G1301470","1980","A","3","5","Georgia","13",,"Hart","147",,,,,,,,,,,,,"04",,,,,,,,"HART COUNTY","0","0","0","1","1","0","1","0","0","0","0","0","1","1","0","0","0","0","0","0","1",14434,4126,7,0,0,1,1,0,2,3,1,1,0,0,9,150,65,84,0,1
"G1301490","1980","A","3","5","Georgia","13",,"Heard","149",,,,,,,,,,,,,"03",,,,,,,,"HEARD COUNTY","0","0","0","0","1","0","0","0","0","0","0","0","1","1","1","0","0","0","0","1","1",5373,1118,17,0,0,1,1,2,4,1,0,0,0,0,3,57,21,34,1,1
"G1301510","1980","A","3","5","Georgia","13","0520","Henry","151",,,,,,,,,,,,,"04",,,,,,,,"HENRY COUNTY","0","0","0","0","0","0","0","0","0","0","0","0","0","0","0","0","0","0","0","0","0",29646,6363,71,0,0,24,5,9,13,29,0,8,2,1,138,279,111,150,13,5
"G1301530","1980","A","3","5","Georgia","13","4680","Houston","153",,,,,,,,,,,,,"G",,,,,,,,"HOUSTON COUNTY","0","0","0","0","0","0","0","0","0","0","0","0","0","0","0","0","0","0","0","0","0",60664,15887,163,6,1,86,56,122,82,69,42,10,9,0,408,1043,614,200,37,192
"G1301550","1980","A","3","5","Georgia","13",,"Irwin","155",,,,,,,,,,,,,"07",,,,,,,,"IRWIN COUNTY","0","0","0","1","1","0","1","0","0","0","0","1","0","0","1","0","0","0","0","1","0",6187,2783,2,0,0,2,0,0,0,1,0,0,0,0,13,70,15,45,0,10
"G1301570","1980","A","3","5","Georgia","13","0500","Jackson","157",,,,,,,,,,,,,"03",,,,,,,,"JACKSON COUNTY","0","0","0","0","1","0","0","0","0","0","0","0","0","1","1","0","0","0","0","0","1",22548,2750,17,0,4,3,0,6,3,3,0,0,0,0,9,173,137,28,1,7
"G1301590","1980","A","3","5","Georgia","13",,"Jasper","159",,,,,,,,,,,,,"04",,,,,,,,"JASPER COUNTY","0","0","0","1","1","0","1","0","0","0","0","0","1","1","1","0","0","0","0","0","1",4489,3045,2,0,0,1,2,2,0,2,7,0,0,0,3,86,39,46,0,1
"G1301610","1980","A","3","5","Georgia","13",,"Jeff Davis","161",,,,,,,,,,,,,"08",,,,,,,,"JEFF DAVIS COUNTY","0","0","0","1","1","0","0","0","0","0","0","0","1","1","1","0","0","0","0","0","1",9627,1824,13,0,0,2,0,3,1,0,0,0,0,0,3,142,118,19,2,3
"G1301630","1980","A","3","5","Georgia","13",,"Jefferson","163",,,,,,,,,,,,,"06",,,,,,,,"JEFFERSON COUNTY","0","0","0","1","0","0","1","0","0","0","0","0","1","0","1","0","0","0","0","1","0",8296,10058,11,0,0,0,6,1,7,3,0,6,0,0,15,268,51,206,0,11
"G1301650","1980","A","3","5","Georgia","13",,"Jenkins","165",,,,,,,,,,,,,"06",,,,,,,,"JENKINS COUNTY","0","0","0","1","1","0","1","0","0","0","0","0","1","1","1","0","0","0","0","1","0",5192,3640,1,0,0,0,0,2,0,0,0,4,0,0,2,136,38,97,0,1
"G1301670","1980","A","3","5","Georgia","13",,"Johnson","167",,,,,,,,,,,,,"06",,,,,,,,"JOHNSON COUNTY","0","0","0","1","1","0","0","0","0","0","0","0","0","1","1","0","0","0","0","0","0",5886,2768,1,0,0,0,0,1,1,0,0,1,0,0,2,96,53,43,0,0
"G1301690","1980","A","3","5","Georgia","13","4680","Jones","169",,,,,,,,,,,,,"04",,,,,,,,"JONES COUNTY","0","0","0","0","0","0","0","0","0","0","0","0","0","1","1","0","0","0","0","0","0",11499,5013,28,0,0,2,2,5,7,2,0,1,4,0,16,100,58,20,10,12
"G1301710","1980","A","3","5","Georgia","13",,"Lamar","171",,,,,,,,,,,,,"04",,,,,,,,"LAMAR COUNTY","0","0","0","1","1","0","0","0","0","0","0","0","1","1","1","0","0","0","0","1","0",7956,4219,8,0,0,4,0,1,0,3,0,2,0,0,22,152,47,97,1,7
"G1301730","1980","A","3","5","Georgia","13",,"Lanier","173",,,,,,,,,,,,,"08",,,,,,,,"LANIER COUNTY","0","0","0","1","1","0","0","1","0","0","0","0","1","1","1","0","0","0","0","0","1",4240,1391,13,0,0,1,1,1,1,3,0,0,0,0,3,34,17,13,2,2
"G1301750","1980","A","3","5","Georgia","13",,"Laurens","175",,,,,,,,,,,,,"06",,,,,,,,"LAURENS COUNTY","0","0","0","1","0","0","1","0","0","0","0","0","0","0","0","0","0","0","0","1","0",24698,12190,11,0,0,2,3,8,13,42,3,3,0,0,17,321,129,181,0,11
"G1301770","1980","A","3","5","Georgia","13","0120","Lee","177",,,,,,,,,,,,,"07",,,,,,,,"LEE COUNTY","0","0","0","1","0","0","0","1","0","0","0","0","0","1","1","0","0","0","0","0","1",8845,2779,22,0,0,5,0,2,6,9,0,1,1,0,14,79,41,30,0,8
"G1301790","1980","A","3","5","Georgia","13",,"Liberty","179",,,,,,,,,,,,,"09",,,,,,,,"LIBERTY COUNTY","0","0","0","0","0","0","0","0","0","0","0","0","0","0","0","0","0","0","0","0","0",22115,13748,118,3,1,53,19,107,352,15,21,36,46,22,927,1457,577,143,63,674
"G1301810","1980","A","3","5","Georgia","13",,"Lincoln","181",,,,,,,,,,,,,"04",,,,,,,,"LINCOLN COUNTY","0","0","0","1","1","0","0","0","0","0","0","0","1","1","1","0","0","0","0","0","0",3855,2850,3,0,0,1,1,1,1,1,0,1,0,0,2,92,35,55,1,1
"G1301830","1980","A","3","5","Georgia","13",,"Long","183",,,,,,,,,,,,,"09",,,,,,,,"LONG COUNTY","0","0","0","1","1","0","1","0","0","0","0","0","0","1","1","0","0","0","0","0","1",3341,1162,1,0,0,2,0,0,4,0,0,1,0,0,13,71,30,32,0,9
"G1301850","1980","A","3","5","Georgia","13",,"Lowndes","185",,,,,,,,,,,,,"08",,,,,,,,"LOWNDES COUNTY","0","0","0","0","0","0","0","0","0","0","0","0","0","0","0","0","0","0","0","0","0",46711,20604,111,2,0,49,26,63,66,21,9,24,1,0,285,875,443,292,26,114
"G1301870","1980","A","3","5","Georgia","13",,"Lumpkin","187",,,,,,,,,,,,,"02",,,,,,,,"LUMPKIN COUNTY","0","0","0","0","1","0","0","0","0","0","0","0","0","0","0","0","0","0","0","1","0",10345,232,160,1,0,1,1,3,1,3,2,2,2,0,9,67,52,0,8,7
"G1301890","1980","A","3","5","Georgia","13",,"McDuffie","189",,,,,,,,,,,,,"04",,,,,,,,"MCDUFFIE COUNTY","0","0","0","0","0","0","0","0","0","0","0","0","0","1","1","0","0","0","0","1","0",11779,6705,22,0,0,3,2,0,7,3,0,4,0,0,21,252,77,161,2,12
"G1301910","1980","A","3","5","Georgia","13",,"McIntosh","191",,,,,,,,,,,,,"09",,,,,,,,"MCINTOSH COUNTY","0","0","0","1","1","0","1","0","0","0","0","0","1","1","1","0","0","0","0","1","0",4393,3633,7,0,0,6,0,0,0,0,0,6,0,0,1,41,14,26,0,1
"G1301930","1980","A","3","5","Georgia","13",,"Macon","193",,,,,,,,,,,,,"07",,,,,,,,"MACON COUNTY","0","0","0","0","1","0","0","0","0","0","0","0","0","1","1","0","0","0","0","1","0",6084,7856,26,0,0,2,0,12,1,4,0,4,0,0,14,152,44,104,3,1
"G1301950","1980","A","3","5","Georgia","13","0500","Madison","195",,,,,,,,,,,,,"03",,,,,,,,"MADISON COUNTY","0","0","0","0","1","0","0","1","0","0","0","0","0","1","1","0","0","0","0","0","1",15764,1942,17,0,1,3,2,3,0,2,0,0,0,0,13,136,85,42,0,9
"G1301970","1980","A","3","5","Georgia","13",,"Marion","197",,,,,,,,,,,,,"05",,,,,,,,"MARION COUNTY","0","0","0","1","1","0","1","0","0","0","0","0","1","1","1","0","0","0","0","1","0",2835,2450,5,0,0,1,0,0,0,1,1,1,0,1,2,47,10,35,0,2
"G1301990","1980","A","3","5","Georgia","13",,"Meriwether","199",,,,,,,,,,,,,"04",,,,,,,,"MERIWETHER COUNTY","0","0","0","0","1","0","0","0","0","0","0","0","0","0","0","0","0","0","0","0","0",11606,9560,22,0,0,1,1,4,1,3,0,4,0,0,27,239,77,147,4,11
"G1302010","1980","A","3","5","Georgia","13",,"Miller","201",,,,,,,,,,,,,"07",,,,,,,,"MILLER COUNTY","0","0","1","1","0","0","1","0","0","0","0","1","1","0","0","0","0","0","0","0","0",5030,2006,2,0,0,0,0,0,0,0,0,0,0,0,0,74,23,50,1,0
"G1302050","1980","A","3","5","Georgia","13",,"Mitchell","205",,,,,,,,,,,,,"07",,,,,,,,"MITCHELL COUNTY","0","0","0","1","0","0","0","0","0","0","0","0","1","0","1","0","0","0","0","0","0",10897,10136,4,0,0,5,0,7,5,1,2,1,0,1,55,210,56,107,3,44
"G1302070","1980","A","3","5","Georgia","13",,"Monroe","207",,,,,,,,,,,,,"04",,,,,,,,"MONROE COUNTY","0","0","0","1","0","0","0","0","0","0","0","0","1","0","1","0","0","0","0","1","0",9041,5526,16,0,1,1,1,5,0,8,3,1,1,0,6,173,29,140,1,3
"G1302090","1980","A","3","5","Georgia","13",,"Montgomery","209",,,,,,,,,,,,,"08",,,,,,,,"MONTGOMERY COUNTY","0","0","0","1","0","0","0","0","0","0","0","0","0","0","0","0","0","0","0","0","0",4808,2169,4,0,0,17,0,6,0,1,0,1,0,0,5,85,33,47,2,3
"G1302110","1980","A","3","5","Georgia","13",,"Morgan","211",,,,,,,,,,,,,"04",,,,,,,,"MORGAN COUNTY","0","0","0","1","1","0","0","0","0","0","0","0","1","0","1","0","0","0","0","1","0",6800,4751,9,0,0,0,0,2,0,4,0,5,0,0,1,103,39,62,1,1
"G1302130","1980","A","3","5","Georgia","13",,"Murray","213",,,,,,,,,,,,,"01",,,,,,,,"MURRAY COUNTY","0","0","0","0","0","0","0","1","0","0","0","0","0","0","0","0","0","0","0","0","1",19572,33,28,0,0,3,0,16,8,10,0,0,0,0,15,131,108,1,14,8
"G1302150","1980","N","3","5","Georgia","13","1800","Muscogee","215",,,,,,,,,,,,,"C",,,,,,,,"MUSCOGEE COUNTY","0","0","0","0","0","0","0","0","0","0","0","0","0","0","0","0","0","0","0","0","0",108394,57884,415,5,3,251,104,250,764,116,115,68,61,12,1666,3526,1680,522,161,1163
"G1302170","1980","A","3","5","Georgia","13","0520","Newton","217",,,,,,,,,,,,,"04",,,,,,,,"NEWTON COUNTY","0","0","0","0","0","0","0","1","0","0","0","0","0","1","1","0","0","0","0","0","0",25595,8801,32,1,0,9,5,3,8,11,5,2,2,0,15,230,128,95,0,7
"G1302190","1980","A","3","5","Georgia","13","0500","Oconee","219",,,,,,,,,,,,,"04",,,,,,,,"OCONEE COUNTY","0","0","0","1","1","0","0","1","0","0","0","0","1","0","1","0","0","0","0","0","1",11130,1268,8,0,0,5,2,0,0,6,0,0,0,0,8,90,74,13,0,3
"G1302210","1980","A","3","5","Georgia","13",,"Oglethorpe","221",,,,,,,,,,,,,"04",,,,,,,,"OGLETHORPE COUNTY","0","0","0","1","1","0","0","0","0","0","0","0","0","1","1","0","0","0","0","0","0",6073,2830,11,0,0,0,0,1,3,0,1,0,0,0,10,112,29,81,1,1
"G1302230","1980","A","3","5","Georgia","13","0520","Paulding","223",,,,,,,,,,,,,"03",,,,,,,,"PAULDING COUNTY","0","0","0","0","0","0","0","1","0","0","0","0","0","0","0","0","0","0","0","0","1",24833,1205,28,0,0,4,2,4,3,4,2,2,0,0,23,144,126,7,2,9
"G1302250","1980","A","3","5","Georgia","13",,"Peach","225",,,,,,,,,,,,,"07",,,,,,,,"PEACH COUNTY","0","0","0","0","0","0","1","0","0","0","0","0","0","0","0","0","0","0","0","1","0",9392,9682,23,0,0,5,0,10,4,11,0,2,0,0,22,144,42,94,0,8
"G1302270","1980","A","3","5","Georgia","13",,"Pickens","227",,,,,,,,,,,,,"02",,,,,,,,"PICKENS COUNTY","0","0","0","1","1","0","1","1","0","0","0","0","1","1","0","0","0","0","0","1","1",11360,276,6,1,0,0,0,0,0,8,0,0,1,0,0,66,54,12,0,0
"G1302290","1980","A","3","5","Georgia","13",,"Pierce","229",,,,,,,,,,,,,"09",,,,,,,,"PIERCE COUNTY","0","0","0","1","1","0","0","0","0","0","0","0","1","1","0","0","0","0","0","0","0",10181,1662,8,0,0,1,1,1,1,4,1,0,0,0,37,128,48,44,0,36
"G1302310","1980","A","3","5","Georgia","13",,"Pike","231",,,,,,,,,,,,,"04",,,,,,,,"PIKE COUNTY","0","0","0","1","0","0","0","0","0","0","0","0","1","1","1","0","0","0","0","1","0",6552,2340,14,0,0,3,1,0,8,1,2,1,0,0,15,131,30,83,3,15
"G1302330","1980","A","3","5","Georgia","13",,"Polk","233",,,,,,,,,,,,,"01",,,,,,,,"POLK COUNTY","0","0","0","1","0","0","0","0","0","0","0","0","1","0","1","0","0","0","0","0","0",27435,4823,13,0,0,12,0,7,3,12,2,2,0,0,77,274,171,37,3,63
"G1302350","1980","A","3","5","Georgia","13",,"Pulaski","235",,,,,,,,,,,,,"07",,,,,,,,"PULASKI COUNTY","0","0","0","1","1","0","1","0","0","0","0","0","1","1","1","0","0","0","0","1","0",5858,3074,1,0,0,0,0,5,0,0,0,2,0,0,10,57,24,31,0,2
"G1302370","1980","A","3","5","Georgia","13",,"Putnam","237",,,,,,,,,,,,,"04",,,,,,,,"PUTNAM COUNTY","0","0","0","1","0","0","1","0","0","0","0","0","1","1","1","0","0","0","0","1","0",5994,4272,4,0,0,4,0,5,2,5,0,0,0,0,9,52,10,36,3,3
"G1302390","1980","A","3","5","Georgia","13",,"Quitman","239",,,,,,,,,,,,,"07",,,,,,,,"QUITMAN COUNTY","0","0","0","1","1","0","1","1","0","0","0","1","1","0","0","0","0","0","0","0","0",1019,1336,1,0,0,0,0,0,0,1,0,0,0,0,0,20,2,18,0,0
"G1302410","1980","A","3","5","Georgia","13",,"Rabun","241",,,,,,,,,,,,,"02",,,,,,,,"RABUN COUNTY","0","0","0","0","1","0","1","1","0","0","0","0","0","1","1","0","0","0","0","1","1",10352,66,33,0,0,3,0,3,1,5,0,0,0,0,3,46,42,4,0,0
"G1302430","1980","A","3","5","Georgia","13",,"Randolph","243",,,,,,,,,,,,,"07",,,,,,,,"RANDOLPH COUNTY","0","0","0","1","0","0","1","0","0","0","1","0","0","0","1","0","0","0","0","0","0",4192,5374,5,0,0,18,0,0,0,0,0,0,0,0,10,176,22,152,0,2
"G1302450","1980","A","3","5","Georgia","13","0600","Richmond","245",,,,,,,,,,,,,"D",,,,,,,,"RICHMOND COUNTY","0","0","0","0","0","0","0","0","0","0","0","0","0","0","0","0","0","0","0","0","0",109109,67981,345,9,6,354,353,235,694,274,186,65,96,36,1886,3638,1496,728,145,1269
"G1302470","1980","A","3","5","Georgia","13","0520","Rockdale","247",,,,,,,,,,,,,"04",,,,,,,,"ROCKDALE COUNTY","0","0","0","0","0","0","0","0","0","0","0","0","0","0","0","0","0","0","0","0","0",33220,3186,181,0,0,15,20,36,7,17,14,2,0,1,48,251,170,41,14,26
"G1302490","1980","A","3","5","Georgia","13",,"Schley","249",,,,,,,,,,,,,"07",,,,,,,,"SCHLEY COUNTY","0","0","0","0","0","0","1","0","0","0","0","0","0","0","0","0","0","0","0","0","0",2146,1250,0,0,0,0,0,0,0,0,0,0,0,0,37,90,11,42,0,37
"G1302510","1980","A","3","5","Georgia","13",,"Screven","251",,,,,,,,,,,,,"06",,,,,,,,"SCREVEN COUNTY","0","0","0","1","0","0","1","0","0","0","0","0","1","1","1","0","0","0","0","0","0",7635,6379,3,0,0,4,0,3,1,4,3,0,0,0,11,153,28,122,0,3
"G1302530","1980","A","3","5","Georgia","13",,"Seminole","253",,,,,,,,,,,,,"07",,,,,,,,"SEMINOLE COUNTY","0","0","0","0","1","0","0","0","0","0","0","0","0","1","1","0","0","0","0","0","1",6005,2953,26,0,0,1,0,0,0,2,0,0,0,0,70,168,55,46,2,65
"G1302550","1980","A","3","5","Georgia","13",,"Spalding","255",,,,,,,,,,,,,"04",,,,,,,,"SPALDING COUNTY","0","0","0","0","0","0","0","0","0","0","0","0","0","0","0","0","0","0","0","0","0",34713,13002,56,0,0,10,20,14,15,34,0,2,0,0,33,418,154,242,13,9
"G1302570","1980","A","3","5","Georgia","13",,"Stephens","257",,,,,,,,,,,,,"03",,,,,,,,"STEPHENS COUNTY","0","0","0","1","0","0","0","0","0","0","0","0","1","0","1","0","0","0","0","0","1",19045,2637,20,0,0,5,2,4,0,13,23,2,0,0,12,169,120,26,13,10
"G1302590","1980","A","3","5","Georgia","13",,"Stewart","259",,,,,,,,,,,,,"07",,,,,,,,"STEWART COUNTY","0","0","0","1","1","0","0","0","0","0","0","0","0","1","1","0","0","0","0","1","0",2094,3787,3,0,0,3,0,0,2,3,0,1,0,0,3,77,21,53,1,2
"G1302610","1980","A","3","5","Georgia","13",,"Sumter","261",,,,,,,,,,,,,"07",,,,,,,,"SUMTER COUNTY","0","0","0","0","0","0","0","0","0","0","0","0","0","0","0","0","0","0","0","0","0",16227,12981,59,0,0,8,12,4,15,10,4,10,4,0,26,291,58,210,7,16
"G1302630","1980","A","3","5","Georgia","13",,"Talbot","263",,,,,,,,,,,,,"04",,,,,,,,"TALBOT COUNTY","0","0","0","1","1","0","1","0","0","0","1","0","0","1","0","0","0","0","0","0","0",2307,4220,4,0,0,3,0,0,0,1,0,0,0,0,1,74,13,60,0,1
"G1302650","1980","A","3","5","Georgia","13",,"Taliaferro","265",,,,,,,,,,,,,"04",,,,,,,,"TALIAFERRO COUNTY","0","0","0","1","1","0","1","1","0","0","0","0","1","1","0","0","0","0","0","0","0",711,1318,1,0,0,0,0,0,0,2,0,0,0,0,0,21,2,19,0,0
"G1302670","1980","A","3","5","Georgia","13",,"Tattnall","267",,,,,,,,,,,,,"08",,,,,,,,"TATTNALL COUNTY","0","0","0","1","0","0","0","1","0","0","0","0","1","0","1","0","0","0","0","0","0",12801,5253,10,0,0,7,1,10,27,7,0,3,0,0,15,136,82,45,0,9
"G1302690","1980","A","3","5","Georgia","13",,"Taylor","269",,,,,,,,,,,,,"05",,,,,,,,"TAYLOR COUNTY","0","0","0","1","1","0","1","0","0","0","0","0","1","1","1","0","0","0","0","1","0",4703,3186,2,0,0,3,0,0,1,0,0,0,0,0,7,111,22,88,0,1
"G1302710","1980","A","3","5","Georgia","13",,"Telfair","271",,,,,,,,,,,,,"06",,,,,,,,"TELFAIR COUNTY","0","0","0","1","1","0","1","0","0","0","0","0","1","1","1","0","0","0","0","1","0",7858,3570,2,0,0,2,0,6,0,5,0,0,0,0,2,84,30,53,0,1
"G1302730","1980","A","3","5","Georgia","13",,"Terrell","273",,,,,,,,,,,,,"07",,,,,,,,"TERRELL COUNTY","0","0","0","1","1","0","1","0","0","0","0","0","1","1","1","0","0","0","0","1","0",4699,7301,5,0,0,2,0,0,0,2,0,1,0,0,7,161,7,150,1,3
"G1302750","1980","A","3","5","Georgia","13",,"Thomas","275",,,,,,,,,,,,,"08",,,,,,,,"THOMAS COUNTY","0","0","0","0","0","0","0","0","0","0","0","0","0","0","0","0","0","0","0","1","0",23330,14626,50,0,0,12,6,13,2,7,1,2,0,0,49,378,96,268,5,9
"G1302770","1980","A","3","5","Georgia","13",,"Tift","277",,,,,,,,,,,,,"07",,,,,,,,"TIFT COUNTY","0","0","0","0","0","0","0","0","0","0","0","0","0","0","0","0","0","0","0","0","0",24098,8530,45,1,0,12,16,3,16,21,9,5,0,0,106,430,201,137,5,87
"G1302790","1980","A","3","5","Georgia","13",,"Toombs","279",,,,,,,,,,,,,"08",,,,,,,,"TOOMBS COUNTY","0","0","0","1","0","0","0","0","0","0","0","0","1","0","1","0","0","0","0","0","1",16763,5734,26,0,0,3,4,26,2,16,5,0,0,0,13,175,107,66,1,1
"G1302810","1980","A","3","5","Georgia","13",,"Towns","281",,,,,,,,,,,,,"02",,,,,,,,"TOWNS COUNTY","0","0","1","1","1","0","0","0","0","0","0","0","1","1","0","0","0","0","0","1","0",5625,1,4,0,0,0,3,0,0,0,1,1,0,0,3,27,24,0,1,2
"G1302830","1980","A","3","5","Georgia","13",,"Treutlen","283",,,,,,,,,,,,,"06",,,,,,,,"TREUTLEN COUNTY","0","0","0","0","1","0","0","0","0","0","0","0","0","1","1","0","0","0","0","0","0",4049,2030,0,0,0,2,0,0,4,0,0,0,0,0,2,71,30,41,0,0
"G1302850","1980","A","3","5","Georgia","13",,"Troup","285",,,,,,,,,,,,,"04",,,,,,,,"TROUP COUNTY","0","0","0","0","0","0","0","0","0","0","0","0","0","0","0","0","0","0","0","0","0",34185,15633,21,2,1,66,6,0,32,15,3,5,3,0,31,412,210,184,3,15
"G1302870","1980","A","3","5","Georgia","13",,"Turner","287",,,,,,,,,,,,,"07",,,,,,,,"TURNER COUNTY","0","0","0","1","1","0","0","0","0","0","0","0","0","1","1","0","0","0","0","1","0",5989,3499,3,0,0,1,0,2,0,7,0,1,0,0,8,82,21,53,1,7
"G1302890","1980","A","3","5","Georgia","13","4680","Twiggs","289",,,,,,,,,,,,,"05",,,,,,,,"TWIGGS COUNTY","0","0","0","1","1","0","1","0","0","0","0","0","1","1","1","0","0","0","0","1","0",4585,4756,7,0,0,1,0,0,1,3,0,0,0,0,1,132,14,117,0,1
"G1302910","1980","A","3","5","Georgia","13",,"Union","291",,,,,,,,,,,,,"02",,,,,,,,"UNION COUNTY","0","0","1","1","1","0","1","0","0","0","0","1","1","1","1","0","0","0","0","1","0",9363,3,10,0,0,2,0,0,0,3,0,0,0,0,9,39,34,0,0,5
"G1302930","1980","A","3","5","Georgia","13",,"Upson","293",,,,,,,,,,,,,"04",,,,,,,,"UPSON COUNTY","0","0","0","0","0","0","0","0","0","0","0","0","1","0","1","0","0","0","0","0","0",18776,7145,15,0,0,26,0,5,3,2,3,1,0,0,22,140,60,62,6,12
"G1302950","1980","A","3","5","Georgia","13","1560","Walker","295",,,,,,,,,,,,,"A",,,,,,,,"WALKER COUNTY","0","0","0","0","0","0","0","0","0","0","0","0","0","0","0","0","0","0","0","0","0",53989,2328,52,1,0,15,0,5,20,17,0,0,1,1,41,249,197,21,10,21
"G1302970","1980","A","3","5","Georgia","13","0520","Walton","297",,,,,,,,,,,,,"04",,,,,,,,"WALTON COUNTY","0","0","0","0","0","0","0","0","0","0","0","0","0","0","0","0","0","0","0","0","0",24505,6576,35,1,0,4,0,18,2,11,9,0,0,1,49,281,142,117,7,15
"G1302990","1980","A","3","5","Georgia","13",,"Ware","299",,,,,,,,,,,,,"09",,,,,,,,"WARE COUNTY","0","0","0","0","0","0","0","0","0","0","0","0","0","0","0","0","0","0","0","0","1",28631,8376,62,1,0,10,6,21,18,8,18,6,0,0,23,273,158,92,10,13
"G1303010","1980","A","3","5","Georgia","13",,"Warren","301",,,,,,,,,,,,,"04",,,,,,,,"WARREN COUNTY","0","0","0","1","1","0","1","1","0","0","0","0","1","1","0","0","0","0","0","1","1",2645,3922,5,0,0,0,1,2,0,0,0,0,0,0,8,103,10,93,0,0
"G1303030","1980","A","3","5","Georgia","13",,"Washington","303",,,,,,,,,,,,,"05",,,,,,,,"WASHINGTON COUNTY","0","0","0","1","0","0","1","0","0","0","0","0","1","0","1","0","0","0","0","0","0",9148,9646,2,0,0,3,4,0,0,15,0,1,0,0,23,134,33,100,0,1
"G1303050","1980","A","3","5","Georgia","13",,"Wayne","305",,,,,,,,,,,,,"09",,,,,,,,"WAYNE COUNTY","0","0","0","0","0","0","0","0","0","0","0","0","0","0","0","0","0","0","0","0","1",16726,3953,21,0,0,2,0,11,5,6,0,0,0,0,26,139,77,50,2,10
"G1303070","1980","A","3","5","Georgia","13",,"Webster","307",,,,,,,,,,,,,"07",,,,,,,,"WEBSTER COUNTY","0","0","0","1","1","0","1","1","0","0","0","0","1","1","0","0","0","0","0","1","1",1149,1180,9,0,0,0,0,0,1,0,0,1,0,0,1,25,4,21,0,0
"G1303090","1980","A","3","5","Georgia","13",,"Wheeler","309",,,,,,,,,,,,,"06",,,,,,,,"WHEELER COUNTY","0","0","0","1","1","0","1","1","0","0","0","0","1","0","1","0","0","0","0","0","0",3618,1530,4,0,0,0,0,0,1,0,0,0,0,0,2,38,12,26,0,0
"G1303110","1980","A","3","5","Georgia","13",,"White","311",,,,,,,,,,,,,"02",,,,,,,,"WHITE COUNTY","0","0","0","0","1","0","0","1","0","0","0","0","1","1","0","0","0","0","0","0","0",9687,392,19,0,0,1,3,4,0,2,6,0,0,0,6,48,39,2,2,5
"G1303130","1980","A","3","5","Georgia","13",,"Whitfield","313",,,,,,,,,,,,,"01",,,,,,,,"WHITFIELD COUNTY","0","0","0","0","0","0","0","0","0","0","0","0","0","0","0","0","0","0","0","0","1",62722,2518,128,1,3,14,22,15,40,41,11,1,0,0,273,526,264,15,10,237
"G1303150","1980","A","3","5","Georgia","13",,"Wilcox","315",,,,,,,,,,,,,"07",,,,,,,,"WILCOX COUNTY","0","0","0","0","1","0","0","0","0","0","0","0","0","1","1","0","0","0","0","1","0",5226,2452,0,0,0,0,0,1,1,0,0,1,0,0,1,55,19,34,1,1
"G1303170","1980","A","3","5","Georgia","13",,"Wilkes","317",,,,,,,,,,,,,"04",,,,,,,,"WILKES COUNTY","0","0","0","1","1","0","0","0","0","0","0","0","1","1","1","0","0","0","0","1","0",5898,5028,6,0,0,1,0,2,3,3,0,2,0,0,8,154,38,103,6,7
"G1303190","1980","A","3","5","Georgia","13",,"Wilkinson","319",,,,,,,,,,,,,"05",,,,,,,,"WILKINSON COUNTY","0","0","0","1","1","0","0","0","0","0","0","0","1","1","0","0","0","0","0","0","0",5708,4654,3,0,0,1,0,1,0,0,0,0,0,0,1,99,29,70,0,0
"G1303210","1980","A","3","5","Georgia","13",,"Worth","321",,,,,,,,,,,,,"07",,,,,,,,"WORTH COUNTY","0","0","0","1","0","0","1","0","0","0","0","0","0","1","1","0","0","0","0","1","0",11816,6198,16,0,0,6,0,4,4,10,1,1,0,0,8,169,53,112,0,4
"G1500010","1980","A","4","9","Hawaii","15",,"Hawaii","001",,,,,,,,,,,,,"01",,,,,,,,"HAWAII COUNTY","0","0","0","0","0","0","0","0","0","0","0","0","0","0","0","0","0","0","0","0","0",31316,286,315,6,12,24476,1672,12709,580,25,127,17274,68,132,3055,8194,2483,30,4110,1571
"G1500030","1980","B","4","9","Hawaii","15","3320","Honolulu","003",,,,,,,,,,,,,"A",,,,,,,,"HONOLULU COUNTY","0","0","0","0","0","0","0","0","0","0","0","0","0","0","0","0","0","0","0","0","0",252455,16843,2088,57,27,189828,52814,97565,16880,543,3293,80172,1559,13811,34630,54561,14072,643,26870,12976
"G1500050","1980","N","4","9","Hawaii","15",,"Kalawao","005",,,,,,,,,,,,,,,,,,,,,"KALAWAO COUNTY","0","1","0","0","0","1","1","0","0","0","1","0","0","0","1","0","0","0","0","1","0",23,0,0,0,0,20,6,24,3,0,0,59,0,3,6,8,1,0,6,1
"G1500070","1980","A","4","9","Hawaii","15",,"Kauai","007",,,,,,,,,,,,,"01",,,,,,,,"KAUAI COUNTY","0","0","0","0","0","0","0","1","0","0","0","0","0","0","0","0","0","0","0","0","1",11147,66,75,1,2,9775,520,10237,136,12,5,5704,20,33,1349,3270,1038,2,1646,584
"G1500090","1980","A","4","9","Hawaii","15",,"Maui","009",,,,,,,,,,,,,"01",,,,,,,,"MAUI COUNTY","0","0","0","0","0","0","0","0","0","0","0","0","0","0","0","0","0","0","0","0","1",23829,169,177,4,4,15649,1273,13405,363,24,38,12291,30,94,3497,5230,1445,17,2521,1247
"G1600010","1980","A","4","8","Idaho","16","1080","Ada","001",,,,,,,,,,,,,"03",,,,,,,,"ADA COUNTY","0","0","0","0","0","0","0","1","0","0","0","0","0","0","0","0","0","0","0","0","1",168076,684,874,16,5,478,240,138,204,88,207,105,7,25,1889,3842,2447,7,127,1261
"G1600030","1980","A","4","8","Idaho","16",,"Adams","003",,,,,,,,,,,,,"01",,,,,,,,"ADAMS COUNTY","0","0","0","1","1","0","1","0","0","0","0","0","1","0","1","0","0","0","0","1","0",3328,0,12,0,0,1,0,0,0,0,0,0,0,0,6,29,24,0,0,5
"G1600050","1980","A","4","8","Idaho","16",,"Bannock","005",,,,,,,,,,,,,"04",,,,,,,,"BANNOCK COUNTY","0","0","0","0","0","0","0","0","0","0","0","0","0","0","0","0","0","0","0","0","0",61643,486,1219,4,2,276,125,33,40,42,4,24,4,9,1510,2254,985,15,96,1158
"G1600070","1980","A","4","8","Idaho","16",,"Bear Lake","007",,,,,,,,,,,,,"04",,,,,,,,"BEAR LAKE COUNTY","0","0","1","0","0","0","0","0","0","0","0","1","0","1","0","0","0","0","0","0","0",6831,2,31,0,0,5,0,2,2,2,0,3,0,2,51,98,43,0,4,51
"G1600090","1980","A","4","8","Idaho","16",,"Benewah","009",,,,,,,,,,,,,"02",,,,,,,,"BENEWAH COUNTY","0","0","1","0","0","0","0","0","0","0","0","1","0","1","0","0","0","0","0","0","0",7778,4,439,3,0,3,10,2,3,3,0,0,0,1,46,73,43,0,1,29
"G1600110","1980","A","4","8","Idaho","16",,"Bingham","011",,,,,,,,,,,,,"04",,,,,,,,"BINGHAM COUNTY","0","0","1","0","0","0","0","0","0","0","0","1","0","0","1","0","0","0","0","0","0",32621,6,2152,1,0,149,18,9,8,1,0,13,6,0,1505,2264,682,0,155,1427
"G1600130","1980","A","4","8","Idaho","16",,"Blaine","013",,,,,,,,,,,,,"01",,,,,,,,"BLAINE COUNTY","0","0","1","0","0","0","0","0","0","0","0","1","0","0","1","0","0","0","0","0","0",9737,5,27,0,1,15,5,4,2,2,0,0,0,1,42,189,157,0,1,31
"G1600150","1980","A","4","8","Idaho","16",,"Boise","015",,,,,,,,,,,,,"01",,,,,,,,"BOISE COUNTY","0","0","1","1","1","0","0","0","0","0","0","0","1","1","0","0","0","0","0","1","0",2954,1,13,0,0,1,0,1,0,1,1,0,0,0,27,67,43,0,0,24
"G1600170","1980","A","4","8","Idaho","16",,"Bonner","017",,,,,,,,,,,,,"01",,,,,,,,"BONNER COUNTY","0","0","0","0","0","0","0","0","0","0","0","0","0","0","0","0","0","0","0","0","0",23881,24,120,7,3,13,8,15,15,1,2,1,0,0,73,222,180,0,11,31
"G1600190","1980","A","4","8","Idaho","16",,"Bonneville","019",,,,,,,,,,,,,"04",,,,,,,,"BONNEVILLE COUNTY","0","0","0","0","0","0","0","1","0","0","0","0","0","0","0","0","0","0","0","0","0",64087,199,272,0,3,296,124,34,53,36,36,8,5,0,827,1666,940,1,23,702
"G1600210","1980","A","4","8","Idaho","16",,"Boundary","021",,,,,,,,,,,,,"01",,,,,,,,"BOUNDARY COUNTY","0","0","1","0","0","0","0","0","0","0","0","1","0","0","1","0","0","0","0","0","0",7140,3,89,1,0,2,4,1,7,4,11,0,0,0,27,83,57,0,4,22
"G1600230","1980","A","4","8","Idaho","16",,"Butte","023",,,,,,,,,,,,,"01",,,,,,,,"BUTTE COUNTY","0","0","1","0","1","0","0","0","0","0","0","0","0","1","1","0","0","0","0","0","0",3245,1,31,0,0,0,0,4,0,0,0,1,0,0,60,102,46,0,3,53
"G1600250","1980","A","4","8","Idaho","16",,"Camas","025",,,,,,,,,,,,,"01",,,,,,,,"CAMAS COUNTY","0","0","0","1","1","1","1","0","0","0","0","0","1","1","1","0","0","0","1","1","0",809,0,1,0,0,4,0,0,2,0,0,0,0,0,2,10,8,0,0,2
"G1600270","1980","A","4","8","Idaho","16",,"Canyon","027",,,,,,,,,,,,,"03",,,,,,,,"CANYON COUNTY","0","0","0","0","0","0","0","1","0","0","0","0","0","0","0","0","0","0","0","0","1",76938,143,461,5,0,377,89,128,30,26,70,42,2,0,5445,8135,2944,5,115,5071
"G1600290","1980","A","4","8","Idaho","16",,"Caribou","029",,,,,,,,,,,,,"04",,,,,,,,"CARIBOU COUNTY","0","0","1","0","1","0","0","0","0","0","0","1","0","1","0","0","0","0","0","0","0",8581,3,37,0,0,4,0,1,2,0,0,0,0,0,67,151,95,0,0,56
"G1600310","1980","A","4","8","Idaho","16",,"Cassia","031",,,,,,,,,,,,,"03",,,,,,,,"CASSIA COUNTY","0","0","1","0","0","0","0","1","0","0","0","1","0","0","1","0","0","0","0","0","1",17786,3,109,0,0,46,4,4,0,3,0,3,0,0,1469,1783,344,1,13,1425
"G1600330","1980","A","4","8","Idaho","16",,"Clark","033",,,,,,,,,,,,,"01",,,,,,,,"CLARK COUNTY","0","0","0","1","0","0","1","0","0","0","1","0","0","0","1","0","0","0","1","0","0",771,0,3,0,0,0,0,0,0,0,0,0,0,0,24,30,6,0,0,24
"G1600350","1980","A","4","8","Idaho","16",,"Clearwater","035",,,,,,,,,,,,,"01",,,,,,,,"CLEARWATER COUNTY","0","0","1","0","0","0","0","0","0","0","0","0","0","1","1","0","0","0","0","1","0",10187,2,156,0,0,3,1,7,5,1,0,1,0,0,27,71,46,0,4,21
"G1600370","1980","A","4","8","Idaho","16",,"Custer","037",,,,,,,,,,,,,"01",,,,,,,,"CUSTER COUNTY","0","0","0","0","1","0","0","0","0","0","0","0","0","1","1","0","0","0","0","0","0",3344,0,23,0,0,1,1,1,0,0,0,2,0,0,13,55,40,0,9,6
"G1600390","1980","A","4","8","Idaho","16",,"Elmore","039",,,,,,,,,,,,,"01",,,,,,,,"ELMORE COUNTY","0","0","0","0","0","0","0","1","0","0","0","0","0","0","0","0","0","0","0","0","1",19063,808,110,3,2,69,27,117,78,5,6,18,8,0,1251,1776,680,13,46,1037
"G1600410","1980","A","4","8","Idaho","16",,"Franklin","041",,,,,,,,,,,,,"04",,,,,,,,"FRANKLIN COUNTY","0","0","0","0","1","0","0","0","0","0","0","0","1","1","0","0","0","0","0","0","0",8788,0,23,0,0,3,0,1,1,5,0,0,0,0,74,140,72,0,0,68
"G1600430","1980","A","4","8","Idaho","16",,"Fremont","043",,,,,,,,,,,,,"04",,,,,,,,"FREMONT COUNTY","0","0","1","0","0","0","0","0","0","0","0","1","0","0","1","0","0","0","0","0","0",10500,2,115,1,0,13,3,3,5,0,1,0,0,0,170,295,113,0,27,155
"G1600450","1980","A","4","8","Idaho","16",,"Gem","045",,,,,,,,,,,,,"03",,,,,,,,"GEM COUNTY","0","0","0","0","0","0","0","0","0","0","0","0","0","0","0","0","0","0","0","0","0",11621,0,61,0,0,12,0,7,7,2,1,2,0,0,259,381,151,0,14,216
"G1600470","1980","A","4","8","Idaho","16",,"Gooding","047",,,,,,,,,,,,,"03",,,,,,,,"GOODING COUNTY","0","0","1","0","0","0","0","0","0","0","0","1","0","0","1","0","0","0","0","0","0",11231,5,76,0,0,9,1,9,1,2,0,0,0,0,540,775,294,0,10,471
"G1600490","1980","A","4","8","Idaho","16",,"Idaho","049",,,,,,,,,,,,,"01",,,,,,,,"IDAHO COUNTY","0","0","1","0","0","0","0","0","0","0","0","1","0","1","1","0","0","0","0","1","0",14515,9,200,0,0,7,2,6,1,1,0,1,2,0,25,95,76,0,1,18
"G1600510","1980","A","4","8","Idaho","16",,"Jefferson","051",,,,,,,,,,,,,"04",,,,,,,,"JEFFERSON COUNTY","0","0","1","0","0","0","0","0","0","0","0","0","0","0","0","0","0","0","0","0","0",14577,1,123,1,1,22,0,0,2,0,1,1,0,0,575,688,131,0,10,547
"G1600530","1980","A","4","8","Idaho","16",,"Jerome","053",,,,,,,,,,,,,"03",,,,,,,,"JEROME COUNTY","0","0","1","0","0","0","0","0","0","0","0","1","0","0","1","0","0","0","0","0","0",14353,2,67,3,0,19,8,7,3,1,12,2,1,0,362,566,216,0,12,338
"G1600550","1980","A","4","8","Idaho","16",,"Kootenai","055",,,,,,,,,,,,,"02",,,,,,,,"KOOTENAI COUNTY","0","0","0","0","0","0","0","0","0","0","0","0","0","0","0","0","0","0","0","0","0",58760,39,462,5,0,49,19,33,29,10,20,28,5,4,307,753,533,0,32,188
"G1600570","1980","A","4","8","Idaho","16",,"Latah","057",,,,,,,,,,,,,"02",,,,,,,,"LATAH COUNTY","0","0","0","0","0","0","0","1","0","0","0","0","0","0","0","0","0","0","0","0","0",28001,93,124,8,1,81,120,20,40,27,19,10,4,1,200,340,241,2,18,79
"G1600590","1980","A","4","8","Idaho","16",,"Lemhi","059",,,,,,,,,,,,,"01",,,,,,,,"LEMHI COUNTY","0","0","1","0","1","0","0","0","0","0","0","1","0","1","0","0","0","0","0","0","0",7374,2,45,1,0,0,2,3,0,1,0,0,1,0,31,98,71,0,1,26
"G1600610","1980","A","4","8","Idaho","16",,"Lewis","061",,,,,,,,,,,,,"02",,,,,,,,"LEWIS COUNTY","0","0","1","0","1","0","0","0","0","0","0","1","0","1","1","0","0","0","0","1","0",3880,3,208,0,1,2,1,5,4,1,0,0,0,0,13,46,32,0,4,10
"G1600630","1980","A","4","8","Idaho","16",,"Lincoln","063",,,,,,,,,,,,,"03",,,,,,,,"LINCOLN COUNTY","0","0","0","0","0","0","0","0","0","0","0","0","1","0","1","0","0","0","0","0","0",3269,0,15,0,0,23,0,0,0,1,0,0,0,0,128,236,112,0,4,120
"G1600650","1980","A","4","8","Idaho","16",,"Madison","065",,,,,,,,,,,,,"04",,,,,,,,"MADISON COUNTY","0","0","1","0","0","0","0","0","0","0","0","1","0","0","1","0","0","0","0","0","0",18990,5,95,1,0,58,13,4,12,7,1,15,0,3,276,393,158,0,9,226
"G1600670","1980","A","4","8","Idaho","16",,"Minidoka","067",,,,,,,,,,,,,"03",,,,,,,,"MINIDOKA COUNTY","0","0","1","0","0","0","0","0","0","0","0","1","0","0","1","0","0","0","0","0","0",17367,14,129,1,1,69,10,7,7,4,3,1,0,5,2100,2989,914,0,30,2045
"G1600690","1980","A","4","8","Idaho","16",,"Nez Perce","069",,,,,,,,,,,,,"02",,,,,,,,"NEZ PERCE COUNTY","0","0","0","0","0","0","0","0","0","0","0","0","0","0","0","0","0","0","0","0","0",31513,53,1388,0,6,25,31,7,13,7,10,11,1,6,149,277,151,0,43,83
"G1600710","1980","A","4","8","Idaho","16",,"Oneida","071",,,,,,,,,,,,,"04",,,,,,,,"ONEIDA COUNTY","0","0","0","1","1","0","0","0","0","0","0","0","1","0","1","0","0","0","0","1","0",3225,0,8,0,0,2,0,0,1,0,0,0,0,1,21,35,19,0,0,16
"G1600730","1980","A","4","8","Idaho","16",,"Owyhee","073",,,,,,,,,,,,,"03",,,,,,,,"OWYHEE COUNTY","0","0","0","0","0","0","0","1","0","0","0","1","0","0","1","0","0","0","0","0","0",7186,50,271,0,1,65,2,6,2,1,0,3,0,1,684,1041,360,3,22,656
"G1600750","1980","A","4","8","Idaho","16",,"Payette","075",,,,,,,,,,,,,"03",,,,,,,,"PAYETTE COUNTY","0","0","1","0","0","0","0","0","0","0","0","1","0","0","1","0","0","0","0","0","0",15050,4,96,0,0,134,14,18,7,4,6,1,2,0,386,679,334,0,7,338
"G1600770","1980","A","4","8","Idaho","16",,"Power","077",,,,,,,,,,,,,"04",,,,,,,,"POWER COUNTY","0","0","1","0","0","0","0","0","0","0","0","0","0","1","1","0","0","0","0","0","0",6325,1,224,0,0,9,0,5,6,0,0,0,0,0,274,506,239,0,8,259
"G1600790","1980","A","4","8","Idaho","16",,"Shoshone","079",,,,,,,,,,,,,"01",,,,,,,,"SHOSHONE COUNTY","0","0","1","0","0","0","0","0","0","0","0","1","0","0","1","0","0","0","0","0","0",18898,6,212,1,0,3,7,3,3,2,7,4,0,0,80,297,221,0,20,56
"G1600810","1980","A","4","8","Idaho","16",,"Teton","081",,,,,,,,,,,,,"04",,,,,,,,"TETON COUNTY","0","0","1","1","1","0","0","0","0","0","0","0","0","0","0","0","0","0","0","0","0",2844,1,10,0,0,4,0,0,0,0,0,0,0,0,38,53,17,0,0,36
"G1600830","1980","A","4","8","Idaho","16",,"Twin Falls","083",,,,,,,,,,,,,"03",,,,,,,,"TWIN FALLS COUNTY","0","0","0","0","0","0","0","1","0","0","0","0","0","0","0","0","0","0","0","0","1",50746,44,235,9,0,111,2,24,13,17,7,13,4,0,1702,2331,819,3,18,1491
"G1600850","1980","A","4","8","Idaho","16",,"Valley","085",,,,,,,,,,,,,"01",,,,,,,,"VALLEY COUNTY","0","0","1","0","0","0","0","0","0","0","0","1","0","0","1","0","0","0","0","0","0",5524,6,25,0,0,17,2,1,2,1,3,0,0,0,23,85,67,0,1,17
"G1600870","1980","A","4","8","Idaho","16",,"Washington","087",,,,,,,,,,,,,"03",,,,,,,,"WASHINGTON COUNTY","0","0","1","0","0","0","0","0","0","0","0","0","0","0","0","0","0","0","0","0","0",8304,2,27,5,0,105,12,10,0,1,1,5,0,0,331,616,303,0,7,306
"G1700010","1980","A","2","3","Illinois","17",,"Adams","001",,,,,,,,,,,,,"04",,,,,,,,"ADAMS COUNTY","0","0","0","0","0","0","0","1","0","0","0","0","0","0","0","0","0","0","0","0","1",69511,1703,73,1,0,25,28,31,31,29,13,0,2,1,174,303,237,6,5,55
"G1700030","1980","A","2","3","Illinois","17",,"Alexander","003",,,,,,,,,,,,,"11",,,,,,,,"ALEXANDER COUNTY","0","0","0","1","0","0","0","0","0","0","0","0","1","0","1","0","0","0","0","0","1",8385,3808,11,0,1,1,9,20,6,3,1,4,0,0,15,103,43,51,1,8
"G1700050","1980","A","2","3","Illinois","17",,"Bond","005",,,,,,,,,,,,,"07",,,,,,,,"BOND COUNTY","0","0","0","0","0","0","0","0","0","0","0","0","0","1","1","0","0","0","0","1","0",15748,398,18,0,3,3,3,6,2,2,18,1,0,0,22,59,43,0,1,15
"G1700070","1980","A","2","3","Illinois","17","6880","Boone","007",,,,,,,,,,,,,"02",,,,,,,,"BOONE COUNTY","0","0","0","0","0","0","0","0","0","0","0","0","0","0","0","0","0","0","0","0","0",27877,94,41,0,1,12,21,23,28,10,0,0,0,0,523,1240,827,0,11,402
"G1700090","1980","A","2","3","Illinois","17",,"Brown","009",,,,,,,,,,,,,"04",,,,,,,,"BROWN COUNTY","0","0","1","1","1","0","0","0","0","0","0","1","1","0","0","0","0","0","0","0","0",5404,1,4,0,0,0,0,1,0,1,0,0,0,0,0,18,18,0,0,0
"G1700110","1980","A","2","3","Illinois","17",,"Bureau","011",,,,,,,,,,,,,"03",,,,,,,,"BUREAU COUNTY","0","0","0","0","0","0","0","1","0","0","0","0","0","0","0","0","0","0","0","0","0",38569,44,119,0,6,13,8,25,24,27,9,3,0,0,267,809,484,1,102,222
"G1700130","1980","A","2","3","Illinois","17",,"Calhoun","013",,,,,,,,,,,,,"04",,,,,,,,"CALHOUN COUNTY","0","0","0","1","1","0","1","0","0","0","0","0","1","1","0","0","0","0","0","0","0",5849,0,4,0,0,3,0,5,1,0,1,0,0,0,4,16,14,0,0,2
"G1700150","1980","A","2","3","Illinois","17",,"Carroll","015",,,,,,,,,,,,,"01",,,,,,,,"CARROLL COUNTY","0","0","0","0","0","0","0","0","0","0","0","0","0","0","0","0","0","0","0","0","0",18573,66,22,0,0,3,0,9,9,2,3,2,3,0,87,236,167,0,3,66
"G1700170","1980","A","2","3","Illinois","17",,"Cass","017",,,,,,,,,,,,,"06",,,,,,,,"CASS COUNTY","0","0","1","0","0","0","0","0","0","0","0","1","0","0","1","0","0","0","0","1","0",15026,12,15,0,0,1,0,6,2,7,1,0,1,0,13,78,66,0,3,9
"G1700190","1980","A","2","3","Illinois","17","1400","Champaign","019",,,,,,,,,,,,,"06",,,,,,,,"CHAMPAIGN COUNTY","0","0","0","0","0","0","0","0","0","0","0","0","0","0","0","0","0","0","0","0","0",148445,14661,262,5,2,614,1135,287,558,466,226,33,22,0,1676,2405,1475,169,91,670
"G1700210","1980","A","2","3","Illinois","17",,"Christian","021",,,,,,,,,,,,,"06",,,,,,,,"CHRISTIAN COUNTY","0","0","0","0","0","0","1","0","0","0","0","0","0","0","0","0","0","0","0","1","0",36244,75,33,0,0,2,9,27,3,9,5,1,0,0,38,112,101,0,0,11
"G1700230","1980","A","2","3","Illinois","17",,"Clark","023",,,,,,,,,,,,,"09",,,,,,,,"CLARK COUNTY","0","0","1","1","1","0","1","0","0","0","0","1","0","1","1","0","0","0","0","1","0",16865,5,8,0,2,0,4,1,2,2,2,0,0,0,22,52,45,0,0,7
"G1700250","1980","A","2","3","Illinois","17",,"Clay","025",,,,,,,,,,,,,"08",,,,,,,,"CLAY COUNTY","0","0","0","0","0","0","1","0","0","0","0","0","0","1","1","0","0","0","0","1","0",15222,0,22,0,0,2,0,4,6,3,0,0,0,0,24,47,33,0,0,14
"G1700270","1980","A","2","3","Illinois","17","7040","Clinton","027",,,,,,,,,,,,,"07",,,,,,,,"CLINTON COUNTY","0","0","0","0","0","0","0","0","0","0","0","0","0","0","0","0","0","0","0","0","0",32141,309,31,0,0,5,17,39,7,7,6,3,7,0,45,184,149,0,13,22
"G1700290","1980","A","2","3","Illinois","17",,"Coles","029",,,,,,,,,,,,,"06",,,,,,,,"COLES COUNTY","0","0","0","0","0","0","0","1","0","0","0","0","0","0","0","0","0","0","0","0","0",50982,883,40,1,2,15,56,14,12,85,0,8,2,0,160,236,172,12,4,48
"G1700310","1980","A","2","3","Illinois","17","1600","Cook","031",,,,,,,,"14",,,,,"C",,,,,,,,"COOK COUNTY","0","0","0","0","0","0","0","0","0","0","0","0","0","0","0","0","0","0","0","0","0",3511803,1346464,8022,104,88,14062,19823,32695,17323,23062,3592,562,388,95,275572,499322,240324,10394,4957,243647
"G1700330","1980","A","2","3","Illinois","17",,"Crawford","033",,,,,,,,,,,,,"09",,,,,,,,"CRAWFORD COUNTY","0","0","0","0","0","0","0","1","0","0","0","0","0","0","0","0","0","0","0","0","1",20668,33,25,1,1,10,8,13,8,6,4,0,0,0,41,77,58,1,5,13
"G1700350","1980","A","2","3","Illinois","17",,"Cumberland","035",,,,,,,,,,,,,"08",,,,,,,,"CUMBERLAND COUNTY","0","0","1","1","1","0","1","0","0","0","0","0","1","1","1","0","0","0","0","1","0",11033,1,3,0,0,4,0,5,1,4,0,0,0,0,11,39,32,0,0,7
"G1700370","1980","A","2","3","Illinois","17",,"DeKalb","037",,,,,,,,,,,,,"01",,,,,,,,"DE KALB COUNTY","0","0","0","0","0","0","0","1","0","0","0","0","0","0","0","0","0","0","0","0","1",71040,1659,95,3,0,83,249,50,120,107,97,4,0,0,1117,1405,767,10,16,612
"G1700390","1980","A","2","3","Illinois","17",,"De Witt","039",,,,,,,,,,,,,"06",,,,,,,,"DE WITT COUNTY","0","0","0","0","0","0","0","0","0","0","0","0","0","0","0","0","0","0","0","0","0",17974,26,15,0,0,4,0,2,3,14,3,0,0,0,67,106,42,0,5,59
"G1700410","1980","A","2","3","Illinois","17",,"Douglas","041",,,,,,,,,,,,,"06",,,,,,,,"DOUGLAS COUNTY","0","0","1","0","0","0","0","0","0","0","0","0","0","0","0","0","0","0","0","0","0",19596,6,24,0,0,8,0,12,2,5,7,0,0,0,114,209,105,0,6,98
"G1700430","1980","A","2","3","Illinois","17","1600","Dupage","043",,,,,,,,"14",,,,,"C",,,,,,,,"DU PAGE COUNTY","0","0","0","0","0","0","0","0","0","0","0","0","0","0","0","0","0","0","0","0","0",624728,7809,528,7,10,1085,3276,4989,2183,6381,680,47,10,15,7087,17302,12122,67,512,4601
"G1700450","1980","A","2","3","Illinois","17",,"Edgar","045",,,,,,,,,,,,,"06",,,,,,,,"EDGAR COUNTY","0","0","0","0","0","0","0","0","0","0","0","0","1","0","1","0","0","0","0","1","0",21599,54,16,0,0,4,2,18,8,5,0,0,0,0,19,105,93,0,2,10
"G1700470","1980","A","2","3","Illinois","17",,"Edwards","047",,,,,,,,,,,,,"09",,,,,,,,"EDWARDS COUNTY","0","0","1","1","1","0","0","0","0","0","0","1","1","1","1","0","0","0","0","1","0",7937,2,7,0,0,0,0,7,1,0,1,0,0,0,6,25,18,0,6,1
"G1700490","1980","A","2","3","Illinois","17",,"Effingham","049",,,,,,,,,,,,,"07",,,,,,,,"EFFINGHAM COUNTY","0","0","0","0","0","0","1","0","0","0","0","1","0","0","1","0","0","0","0","0","0",30842,17,26,1,0,1,6,0,11,12,0,0,0,0,28,91,78,0,0,13
"G1700510","1980","A","2","3","Illinois","17",,"Fayette","051",,,,,,,,,,,,,"07",,,,,,,,"FAYETTE COUNTY","0","0","0","0","0","0","0","1","0","0","0","0","0","0","0","0","0","0","0","1","0",21757,301,36,1,0,0,5,8,4,6,0,0,2,1,46,133,92,4,4,33
"G1700530","1980","A","2","3","Illinois","17",,"Ford","053",,,,,,,,,,,,,"06",,,,,,,,"FORD COUNTY","0","0","0","1","0","0","0","0","0","0","0","0","0","0","0","0","0","0","0","1","0",15121,58,4,0,0,5,6,10,4,2,5,0,0,0,50,78,52,0,5,21
"G1700550","1980","A","2","3","Illinois","17",,"Franklin","055",,,,,,,,,,,,,"10",,,,,,,,"FRANKLIN COUNTY","0","0","0","0","0","0","0","0","0","0","0","0","0","0","0","0","0","0","0","1","0",43030,33,49,0,1,4,12,9,3,8,5,0,0,0,47,168,151,0,3,14
"G1700570","1980","A","2","3","Illinois","17",,"Fulton","057",,,,,,,,,,,,,"03",,,,,,,,"FULTON COUNTY","0","0","0","0","0","0","0","0","0","0","0","0","0","0","0","0","0","0","0","0","0",43381,119,30,2,0,12,9,12,21,26,0,0,0,1,74,141,107,0,2,32
"G1700590","1980","A","2","3","Illinois","17",,"Gallatin","059",,,,,,,,,,,,,"09",,,,,,,,"GALLATIN COUNTY","0","0","0","1","1","0","0","0","0","0","0","1","1","0","0","0","0","0","0","0","0",7549,28,6,0,0,1,0,1,3,0,0,0,0,0,2,45,45,0,0,0
"G1700610","1980","A","2","3","Illinois","17",,"Greene","061",,,,,,,,,,,,,"04",,,,,,,,"GREENE COUNTY","0","0","1","1","0","0","0","0","0","0","0","1","1","1","1","0","0","0","0","0","0",16612,13,8,0,0,0,1,8,5,0,0,0,1,0,13,60,55,0,4,1
"G1700630","1980","A","2","3","Illinois","17",,"Grundy","063",,,,,,,,,,,,,"05",,,,,,,,"GRUNDY COUNTY","0","0","0","0","0","0","0","1","0","0","0","0","0","0","0","0","0","0","0","0","0",30180,42,35,0,0,10,7,45,26,6,13,1,0,0,217,511,342,1,1,167
"G1700650","1980","A","2","3","Illinois","17",,"Hamilton","065",,,,,,,,,,,,,"08",,,,,,,,"HAMILTON COUNTY","0","0","1","1","1","0","1","0","0","0","0","1","0","1","1","0","0","0","0","0","0",9146,1,12,0,0,0,0,3,0,7,0,0,0,0,3,42,40,0,0,2
"G1700670","1980","A","2","3","Illinois","17",,"Hancock","067",,,,,,,,,,,,,"03",,,,,,,,"HANCOCK COUNTY","0","0","0","0","0","0","0","0","0","0","0","1","0","0","1","0","0","0","0","1","0",23720,54,26,0,0,6,1,3,6,13,6,5,0,0,37,97,82,0,0,15
"G1700690","1980","A","2","3","Illinois","17",,"Hardin","069",,,,,,,,,,,,,"11",,,,,,,,"HARDIN COUNTY","0","0","1","1","1","1","1","0","0","0","0","1","1","1","0","0","0","0","1","1","0",5369,2,4,0,0,0,0,5,0,1,0,0,0,0,2,13,12,0,0,1
"G1700710","1980","A","2","3","Illinois","17",,"Henderson","071",,,,,,,,,,,,,"03",,,,,,,,"HENDERSON COUNTY","0","0","1","1","0","0","0","0","0","0","0","0","1","1","0","0","0","0","0","0","0",9048,1,4,0,0,1,0,2,4,1,1,6,0,0,46,82,45,0,0,37
"G1700730","1980","A","2","3","Illinois","17","1960","Henry","073",,,,,,,,,,,,,"03",,,,,,,,"HENRY COUNTY","0","0","0","0","0","0","0","1","0","0","0","0","0","0","0","0","0","0","0","0","1",56769,655,59,0,0,12,9,33,13,6,9,1,5,0,397,792,417,8,11,356
"G1700750","1980","A","2","3","Illinois","17",,"Iroquois","075",,,,,,,,,,,,,"06",,,,,,,,"IROQUOIS COUNTY","0","0","0","0","0","0","0","0","0","0","0","0","0","0","0","0","0","0","0","0","0",32408,193,21,1,1,2,6,20,12,4,0,2,6,0,300,429,157,0,6,266
"G1700770","1980","A","2","3","Illinois","17",,"Jackson","077",,,,,,,,,,,,,"11",,,,,,,,"JACKSON COUNTY","0","0","0","0","0","0","0","0","0","0","0","0","0","0","0","0","0","0","0","0","0",53875,5681,85,3,3,149,269,39,54,132,52,3,5,1,1171,712,441,30,29,212
"G1700790","1980","A","2","3","Illinois","17",,"Jasper","079",,,,,,,,,,,,,"08",,,,,,,,"JASPER COUNTY","0","0","1","1","1","0","1","0","0","0","0","0","1","1","0","0","0","0","0","0","0",11287,2,6,0,2,2,0,3,1,1,5,0,1,0,8,35,28,0,0,7
"G1700810","1980","A","2","3","Illinois","17",,"Jefferson","081",,,,,,,,,,,,,"10",,,,,,,,"JEFFERSON COUNTY","0","0","0","0","0","0","0","0","0","0","0","0","0","0","0","0","0","0","0","0","1",34798,1603,29,2,0,2,8,8,15,30,1,2,0,0,54,180,122,15,8,35
"G1700830","1980","A","2","3","Illinois","17",,"Jersey","083",,,,,,,,,,,,,"04",,,,,,,,"JERSEY COUNTY","0","0","0","0","0","0","0","0","0","0","0","0","0","0","0","0","0","0","0","0","0",20391,62,32,0,1,4,1,1,5,15,0,0,0,0,26,98,81,0,0,17
"G1700850","1980","A","2","3","Illinois","17",,"Jo Daviess","085",,,,,,,,,,,,,"01",,,,,,,,"JO DAVIESS COUNTY","0","0","1","0","0","0","0","0","0","0","0","0","0","0","0","0","0","0","0","0","0",23417,12,19,0,0,2,3,3,16,4,8,2,1,0,33,122,97,0,2,23
"G1700870","1980","A","2","3","Illinois","17",,"Johnson","087",,,,,,,,,,,,,"11",,,,,,,,"JOHNSON COUNTY","0","0","0","0","1","0","0","1","0","0","0","1","0","1","0","0","0","0","0","0","0",9219,354,16,0,0,0,1,5,2,2,0,0,0,0,25,82,63,1,1,17
"G1700890","1980","A","2","3","Illinois","17","1600","Kane","089",,,,,,,,"14",,,,,"C",,,,,,,,"KANE COUNTY","0","0","0","0","0","0","0","0","0","0","0","0","0","0","0","0","0","0","0","0","0",250872,13724,445,13,2,179,208,267,257,510,253,20,0,0,11655,26118,15163,289,126,10540
"G1700910","1980","A","2","3","Illinois","17","3740","Kankakee","091",,,,,,,,,,,,,"05",,,,,,,,"KANKAKEE COUNTY","0","0","0","0","0","0","0","0","0","0","0","0","0","0","0","0","0","0","0","0","0",86745,14965,143,6,5,20,56,61,34,195,29,3,0,1,663,1252,709,129,34,380
"G1700930","1980","A","2","3","Illinois","17",,"Kendall","093",,,,,,,,,,,,,"05",,,,,,,,"KENDALL COUNTY","0","0","0","0","0","0","0","1","0","0","0","0","0","0","0","0","0","0","0","0","1",36198,183,44,0,0,25,11,31,37,28,6,1,2,0,636,1124,546,3,5,570
"G1700950","1980","A","2","3","Illinois","17",,"Knox","095",,,,,,,,,,,,,"03",,,,,,,,"KNOX COUNTY","0","0","0","0","0","0","0","1","0","0","0","0","0","0","0","0","0","0","0","0","1",58616,2001,66,0,0,21,55,32,13,62,18,0,0,0,723,1242,591,14,19,618
"G1700970","1980","A","2","3","Illinois","17","1600","Lake","097",,,,,,,,"14",,,,,"C",,,,,,,,"LAKE COUNTY","0","0","0","0","0","0","0","0","0","0","0","0","0","0","0","0","0","0","0","0","0",394978,28241,814,23,23,655,1034,2127,887,1012,183,67,41,14,10273,21064,11608,399,427,8630
"G1700990","1980","A","2","3","Illinois","17",,"La Salle","099",,,,,,,,,,,,,"05",,,,,,,,"LA SALLE COUNTY","0","0","0","0","0","0","0","1","0","0","0","0","0","0","0","0","0","0","0","0","1",109892,520,93,3,0,32,66,69,41,93,69,9,1,0,1145,2516,1564,7,39,906
"G1701010","1980","A","2","3","Illinois","17",,"Lawrence","101",,,,,,,,,,,,,"09",,,,,,,,"LAWRENCE COUNTY","0","0","0","0","0","0","0","1","0","0","0","0","0","0","0","0","0","0","0","1","1",17608,140,15,0,0,8,4,4,1,6,1,1,0,0,19,93,86,2,0,5
"G1701030","1980","A","2","3","Illinois","17",,"Lee","103",,,,,,,,,,,,,"01",,,,,,,,"LEE COUNTY","0","0","0","0","0","0","0","0","0","0","0","0","0","0","0","0","0","0","0","0","1",35185,598,37,1,0,6,11,36,42,10,15,3,0,0,384,599,365,18,15,201
"G1701050","1980","A","2","3","Illinois","17",,"Livingston","105",,,,,,,,,,,,,"06",,,,,,,,"LIVINGSTON COUNTY","0","0","0","0","0","0","0","0","0","0","0","0","0","0","0","0","0","0","0","0","0",39055,1822,34,1,0,19,16,18,6,17,14,1,1,0,377,621,265,15,3,338
"G1701070","1980","A","2","3","Illinois","17",,"Logan","107",,,,,,,,,,,,,"06",,,,,,,,"LOGAN COUNTY","0","0","0","0","0","0","0","1","0","0","0","0","0","0","0","0","0","0","0","0","0",30774,817,25,1,0,16,14,41,11,18,6,3,0,0,76,184,119,4,7,54
"G1701090","1980","A","2","3","Illinois","17",,"McDonough","109",,,,,,,,,,,,,"03",,,,,,,,"MCDONOUGH COUNTY","0","0","0","0","0","0","0","0","0","0","0","0","0","0","0","0","0","0","0","0","0",35904,988,28,1,1,61,58,24,58,60,27,1,8,0,248,292,174,20,8,90
"G1701110","1980","A","2","3","Illinois","17","1600","McHenry","111",,,,,,,,"14",,,,,"C",,,,,,,,"MCHENRY COUNTY","0","0","0","0","0","0","0","0","0","0","0","0","0","0","0","0","0","0","0","0","0",145769,108,134,3,8,83,122,98,89,130,10,9,2,8,1324,3025,1977,0,16,1032
"G1701130","1980","A","2","3","Illinois","17","1040","McLean","113",,,,,,,,,,,,,"06",,,,,,,,"MCLEAN COUNTY","0","0","0","0","0","0","0","0","0","0","0","0","0","0","0","0","0","0","0","0","0",112887,4743,101,4,1,91,252,51,115,176,114,5,2,5,602,1119,665,54,24,376
"G1701150","1980","A","2","3","Illinois","17","2040","Macon","115",,,,,,,,,,,,,"G",,,,,,,,"MACON COUNTY","0","0","0","0","0","0","0","0","0","0","0","0","0","0","0","0","0","0","0","0","0",116706,13785,173,3,4,28,68,66,76,68,50,1,0,6,341,745,437,154,27,127
"G1701170","1980","A","2","3","Illinois","17",,"Macoupin","117",,,,,,,,,,,,,"04",,,,,,,,"MACOUPIN COUNTY","0","0","0","0","0","0","0","0","0","0","0","0","0","0","0","0","0","0","0","0","0",48814,331,70,0,0,7,8,38,4,9,39,3,1,0,60,238,206,0,1,31
"G1701190","1980","A","2","3","Illinois","17","7040","Madison","119",,,,,,,,,,,,,"F",,,,,,,,"MADISON COUNTY","0","0","0","0","0","0","0","0","0","0","0","0","0","0","0","0","0","0","0","0","0",231232,14236,420,4,1,92,153,126,156,134,46,29,3,1,1058,2495,1860,74,58,503
"G1701210","1980","A","2","3","Illinois","17",,"Marion","121",,,,,,,,,,,,,"08",,,,,,,,"MARION COUNTY","0","0","0","0","0","0","0","1","0","0","0","0","0","0","0","0","0","0","0","0","1",41696,1528,67,1,0,20,37,3,19,44,5,9,1,0,93,270,209,10,3,48
"G1701230","1980","A","2","3","Illinois","17",,"Marshall","123",,,,,,,,,,,,,"03",,,,,,,,"MARSHALL COUNTY","0","0","0","1","0","0","0","0","0","0","0","1","1","1","0","0","0","0","0","1","0",14422,15,11,0,0,7,0,7,0,1,0,0,0,0,16,54,42,0,2,10
"G1701250","1980","A","2","3","Illinois","17",,"Mason","125",,,,,,,,,,,,,"06",,,,,,,,"MASON COUNTY","0","0","1","0","0","0","0","1","0","0","0","0","0","0","0","0","0","0","0","1","0",19408,1,19,0,0,4,0,8,20,3,3,0,0,0,26,91,81,1,2,7
"G1701270","1980","A","2","3","Illinois","17",,"Massac","127",,,,,,,,,,,,,"11",,,,,,,,"MASSAC COUNTY","0","0","0","1","0","0","0","1","0","0","0","0","0","0","0","0","0","0","0","1","1",14021,912,13,0,0,5,2,7,5,2,0,1,0,0,22,59,44,14,0,1
"G1701290","1980","A","2","3","Illinois","17","7880","Menard","129",,,,,,,,,,,,,"06",,,,,,,,"MENARD COUNTY","0","0","1","1","1","0","0","0","0","0","0","1","1","1","0","0","0","0","0","0","0",11663,5,4,0,0,1,0,1,2,2,4,0,1,0,17,51,36,0,1,14
"G1701310","1980","A","2","3","Illinois","17",,"Mercer","131",,,,,,,,,,,,,"03",,,,,,,,"MERCER COUNTY","0","0","0","1","0","0","0","0","0","0","0","0","0","1","1","0","0","0","0","0","0",19176,23,14,0,0,4,1,0,3,7,4,0,0,0,54,115,80,0,0,35
"G1701330","1980","A","2","3","Illinois","17","7040","Monroe","133",,,,,,,,,,,,,"07",,,,,,,,"MONROE COUNTY","0","0","0","0","0","0","0","1","0","0","0","0","1","0","1","0","0","0","0","0","0",20023,19,19,0,0,7,12,10,6,1,2,0,0,0,18,129,116,1,3,9
"G1701350","1980","A","2","3","Illinois","17",,"Montgomery","135",,,,,,,,,,,,,"04",,,,,,,,"MONTGOMERY COUNTY","0","0","0","0","0","0","0","0","0","0","0","0","0","0","0","0","0","0","0","0","0",31505,55,35,0,1,3,5,14,13,3,8,1,0,0,43,171,147,0,0,24
"G1701370","1980","A","2","3","Illinois","17",,"Morgan","137",,,,,,,,,,,,,"04",,,,,,,,"MORGAN COUNTY","0","0","0","0","0","0","0","1","0","0","0","0","0","0","0","0","0","0","0","0","0",36120,1106,42,0,1,6,16,30,4,28,4,2,0,0,143,217,140,3,4,70
"G1701390","1980","A","2","3","Illinois","17",,"Moultrie","139",,,,,,,,,,,,,"06",,,,,,,,"MOULTRIE COUNTY","0","0","1","1","1","0","0","0","0","0","0","1","0","1","1","0","0","0","0","0","0",14499,11,12,0,0,7,1,0,1,4,0,0,0,0,11,69,67,0,1,1
"G1701410","1980","A","2","3","Illinois","17",,"Ogle","141",,,,,,,,,,,,,"01",,,,,,,,"OGLE COUNTY","0","0","0","0","0","0","0","1","0","0","0","0","0","0","0","0","0","0","0","0","0",45469,61,65,3,1,17,7,17,12,39,8,1,0,0,638,1053,501,2,8,542
"G1701430","1980","A","2","3","Illinois","17","6120","Peoria","143",,,,,,,,,,,,,"D",,,,,,,,"PEORIA COUNTY","0","0","0","0","0","0","0","0","0","0","0","0","0","0","0","0","0","0","0","0","0",175987,21528,267,4,4,112,264,150,163,349,258,17,6,3,1354,2472,1401,179,41,851
"G1701450","1980","A","2","3","Illinois","17",,"Perry","145",,,,,,,,,,,,,"10",,,,,,,,"PERRY COUNTY","0","0","0","0","0","0","0","0","0","0","0","0","0","1","1","0","0","0","0","1","0",21202,418,21,0,0,6,3,2,0,8,12,2,0,0,40,78,64,0,3,11
"G1701470","1980","A","2","3","Illinois","17",,"Piatt","147",,,,,,,,,,,,,"06",,,,,,,,"PIATT COUNTY","0","0","1","1","0","0","0","0","0","0","0","0","0","1","1","0","0","0","0","1","0",16519,13,13,0,0,7,0,3,2,2,1,4,1,0,16,64,50,0,1,13
"G1701490","1980","A","2","3","Illinois","17",,"Pike","149",,,,,,,,,,,,,"04",,,,,,,,"PIKE COUNTY","0","0","1","0","0","0","0","0","0","0","0","1","0","1","0","0","0","0","0","1","0",18831,9,23,0,0,4,0,1,3,10,0,2,0,0,13,76,71,0,1,4
"G1701510","1980","A","2","3","Illinois","17",,"Pope","151",,,,,,,,,,,,,"11",,,,,,,,"POPE COUNTY","0","0","0","1","1","0","0","1","0","0","0","0","1","1","1","0","0","0","1","1","0",4192,183,8,0,0,2,0,2,1,2,0,1,0,0,13,31,24,3,1,3
"G1701530","1980","A","2","3","Illinois","17",,"Pulaski","153",,,,,,,,,,,,,"11",,,,,,,,"PULASKI COUNTY","0","0","0","0","1","0","1","0","0","0","0","0","0","1","1","0","0","0","0","0","1",5876,2926,19,0,0,1,0,3,1,2,0,1,3,0,8,41,11,26,0,4
"G1701550","1980","A","2","3","Illinois","17",,"Putnam","155",,,,,,,,,,,,,"03",,,,,,,,"PUTNAM COUNTY","0","0","1","1","1","0","1","0","0","0","0","1","1","1","1","0","0","0","0","1","0",6068,6,5,0,0,0,0,0,0,2,0,0,0,0,4,32,29,0,0,3
"G1701570","1980","A","2","3","Illinois","17",,"Randolph","157",,,,,,,,,,,,,"07",,,,,,,,"RANDOLPH COUNTY","0","0","0","0","0","0","0","1","0","0","0","0","0","0","0","0","0","0","0","1","0",33189,2266,37,0,0,3,16,10,6,8,8,0,0,0,109,229,167,5,2,55
"G1701590","1980","A","2","3","Illinois","17",,"Richland","159",,,,,,,,,,,,,"08",,,,,,,,"RICHLAND COUNTY","0","0","1","0","0","0","0","0","0","0","0","0","0","0","0","0","0","0","0","1","0",17435,12,23,0,0,4,1,11,1,23,7,0,0,0,70,81,66,0,8,7
"G1701610","1980","A","2","3","Illinois","17","1960","Rock Island","161",,,,,,,,,,,,,"A",,,,,,,,"ROCK ISLAND COUNTY","0","0","0","0","0","0","0","0","0","0","0","0","0","0","0","0","0","0","0","0","0",151446,9811,256,1,0,69,104,114,146,131,310,6,9,0,3565,7209,4053,101,105,2950
"G1701630","1980","A","2","3","Illinois","17","7040","St Clair","163",,,,,,,,,,,,,"F",,,,,,,,"ST. CLAIR COUNTY","0","0","0","0","0","0","0","0","0","0","0","0","0","0","0","0","0","0","0","0","0",190914,73651,359,12,3,303,129,286,230,170,83,51,29,21,1290,3391,2142,556,96,597
"G1701650","1980","A","2","3","Illinois","17",,"Saline","165",,,,,,,,,,,,,"10",,,,,,,,"SALINE COUNTY","0","0","0","0","0","0","0","1","0","0","0","0","0","0","0","0","0","0","0","0","1",27485,865,28,0,0,12,3,5,2,8,2,0,0,0,38,146,130,5,3,8
"G1701670","1980","A","2","3","Illinois","17","7880","Sangamon","167",,,,,,,,,,,,,"E",,,,,,,,"SANGAMON COUNTY","0","0","0","0","0","0","0","0","0","0","0","0","0","0","0","0","0","0","0","0","0",163020,11400,207,5,1,53,202,98,142,379,85,11,1,1,484,1008,758,79,25,146
"G1701690","1980","A","2","3","Illinois","17",,"Schuyler","169",,,,,,,,,,,,,"04",,,,,,,,"SCHUYLER COUNTY","0","0","0","1","1","0","1","0","0","0","0","0","1","1","0","0","0","0","0","0","0",8346,0,11,0,0,1,0,0,1,2,0,0,0,0,4,27,26,0,0,1
"G1701710","1980","A","2","3","Illinois","17",,"Scott","171",,,,,,,,,,,,,"04",,,,,,,,"SCOTT COUNTY","0","0","0","1","1","0","1","0","0","0","0","0","1","1","1","0","0","0","0","0","0",6131,0,3,0,0,0,2,0,1,3,0,0,0,0,2,23,22,0,0,1
"G1701730","1980","A","2","3","Illinois","17",,"Shelby","173",,,,,,,,,,,,,"06",,,,,,,,"SHELBY COUNTY","0","0","0","0","0","0","0","1","0","0","0","1","0","0","1","0","0","0","0","0","1",23821,22,19,0,0,2,1,12,2,13,6,2,1,0,22,113,106,1,0,6
"G1701750","1980","A","2","3","Illinois","17",,"Stark","175",,,,,,,,,,,,,"03",,,,,,,,"STARK COUNTY","0","0","1","1","1","0","1","0","0","0","0","1","1","1","1","0","0","0","0","1","0",7359,4,11,0,0,0,0,0,0,4,6,0,0,0,5,35,31,0,0,4
"G1701770","1980","A","2","3","Illinois","17",,"Stephenson","177",,,,,,,,,,,,,"01",,,,,,,,"STEPHENSON COUNTY","0","0","0","0","0","0","0","1","0","0","0","0","0","0","0","0","0","0","0","0","1",46527,2707,39,1,0,7,16,18,27,57,10,3,0,0,124,245,183,8,6,48
"G1701790","1980","A","2","3","Illinois","17","6120","Tazewell","179",,,,,,,,,,,,,"D",,,,,,,,"TAZEWELL COUNTY","0","0","0","0","0","0","0","1","0","0","0","0","0","0","0","0","0","0","0","0","1",131014,208,178,0,2,47,34,41,104,55,113,9,0,1,272,808,608,5,26,169
"G1701810","1980","A","2","3","Illinois","17",,"Union","181",,,,,,,,,,,,,"11",,,,,,,,"UNION COUNTY","0","0","0","0","0","0","0","0","0","0","0","0","0","1","1","0","0","0","0","0","0",17638,68,19,0,0,1,0,1,6,7,1,0,0,0,24,91,75,0,1,15
"G1701830","1980","A","2","3","Illinois","17",,"Vermilion","183",,,,,,,,,,,,,"06",,,,,,,,"VERMILION COUNTY","0","0","0","0","0","0","0","0","0","0","0","0","0","0","0","0","0","0","0","0","0",87103,6778,125,4,0,19,63,23,61,138,38,2,0,0,868,1350,745,55,23,527
"G1701850","1980","A","2","3","Illinois","17",,"Wabash","185",,,,,,,,,,,,,"09",,,,,,,,"WABASH COUNTY","0","0","1","0","0","0","0","0","0","0","0","0","1","0","1","0","0","0","0","1","0",13601,22,35,0,0,0,2,6,5,20,10,2,0,0,10,67,59,0,5,3
"G1701870","1980","A","2","3","Illinois","17",,"Warren","187",,,,,,,,,,,,,"03",,,,,,,,"WARREN COUNTY","0","0","0","0","0","0","0","1","0","0","0","0","0","0","0","0","0","0","0","0","0",21334,362,31,0,0,13,4,8,5,20,7,2,3,1,153,235,121,2,3,109
"G1701890","1980","A","2","3","Illinois","17",,"Washington","189",,,,,,,,,,,,,"07",,,,,,,,"WASHINGTON COUNTY","0","0","0","0","0","0","1","0","0","0","0","1","0","0","1","0","0","0","0","1","0",15358,38,23,0,0,4,0,8,1,6,0,0,0,0,34,67,59,0,0,8
"G1701910","1980","A","2","3","Illinois","17",,"Wayne","191",,,,,,,,,,,,,"08",,,,,,,,"WAYNE COUNTY","0","0","1","0","0","0","0","0","0","0","0","1","0","0","1","0","0","0","0","1","0",17952,6,25,1,0,5,0,8,5,15,16,0,1,0,25,61,50,0,3,8
"G1701930","1980","A","2","3","Illinois","17",,"White","193",,,,,,,,,,,,,"09",,,,,,,,"WHITE COUNTY","0","0","0","0","0","0","0","0","0","0","0","0","0","1","1","0","0","0","0","0","0",17748,28,39,0,0,3,0,3,4,9,4,0,0,0,26,102,83,0,2,17
"G1701950","1980","A","2","3","Illinois","17",,"Whiteside","195",,,,,,,,,,,,,"01",,,,,,,,"WHITESIDE COUNTY","0","0","0","0","0","0","0","1","0","0","0","0","0","0","0","0","0","0","0","0","0",63271,328,74,1,0,18,13,20,15,67,31,2,1,0,2129,4524,2450,14,25,2035
"G1701970","1980","A","2","3","Illinois","17","1600","Will","197",,,,,,,,"14",,,,,"C",,,,,,,,"WILL COUNTY","0","0","0","0","0","0","0","0","0","0","0","0","0","0","0","0","0","0","0","0","0",282078,31480,472,7,5,149,292,1107,281,763,169,24,24,7,7602,13778,7030,253,240,6255
"G1701990","1980","A","2","3","Illinois","17",,"Williamson","199",,,,,,,,,,,,,"10",,,,,,,,"WILLIAMSON COUNTY","0","0","0","0","0","0","0","1","0","0","0","0","0","0","0","0","0","0","0","0","0",55361,845,66,0,1,17,6,61,23,41,8,5,0,0,104,295,255,2,6,32
"G1702010","1980","A","2","3","Illinois","17","6880","Winnebago","201",,,,,,,,,,,,,"B",,,,,,,,"WINNEBAGO COUNTY","0","0","0","0","0","0","0","0","0","0","0","0","0","0","0","0","0","0","0","0","0",225054,21042,495,7,7,106,232,159,284,251,126,57,3,4,3057,5399,2920,212,57,2210
"G1702030","1980","A","2","3","Illinois","17","6120","Woodford","203",,,,,,,,,,,,,"06",,,,,,,,"WOODFORD COUNTY","0","0","0","0","0","0","0","0","0","0","0","0","0","0","0","0","0","0","0","0","0",33092,90,27,0,0,7,1,4,10,9,31,0,5,0,44,119,92,0,0,27
"G1800010","1980","A","2","3","Indiana","18","2760","Adams","001",,,,,,,,,,,,,"03",,,,,,,,"ADAMS COUNTY","0","0","1","0","0","0","0","0","0","0","0","1","0","0","1","0","0","0","0","0","0",29100,7,37,0,0,11,16,0,15,3,15,0,3,0,412,812,410,0,1,401
"G1800030","1980","A","2","3","Indiana","18","2760","Allen","003",,,,,,,,,,,,,"C",,,,,,,,"ALLEN COUNTY","0","0","0","0","0","0","0","0","0","0","0","0","0","0","0","0","0","0","0","0","0",262908,26396,520,7,1,103,217,136,157,424,207,33,6,3,3217,4743,2285,263,70,2125
"G1800050","1980","A","2","3","Indiana","18",,"Bartholomew","005",,,,,,,,,,,,,"05",,,,,,,,"BARTHOLOMEW COUNTY","0","0","0","0","0","0","0","1","0","0","0","0","0","0","0","0","0","0","0","0","1",63477,974,69,1,0,46,35,25,54,75,82,8,2,0,240,427,271,11,15,130
"G1800070","1980","A","2","3","Indiana","18",,"Benton","007",,,,,,,,,,,,,"09",,,,,,,,"BENTON COUNTY","0","0","1","1","1","0","0","0","0","0","0","0","1","0","1","0","0","0","0","1","0",10174,11,6,0,0,0,0,0,0,2,0,0,0,0,25,57,38,0,0,19
"G1800090","1980","A","2","3","Indiana","18",,"Blackford","009",,,,,,,,,,,,,"03",,,,,,,,"BLACKFORD COUNTY","0","0","1","0","1","0","0","0","0","0","0","1","0","1","0","0","0","0","0","0","0",15524,4,21,0,0,1,0,1,2,2,0,0,0,0,15,74,61,0,2,11
"G1800110","1980","A","2","3","Indiana","18","3480","Boone","011",,,,,,,,"44",,,,,"05",,,,,,,,"BOONE COUNTY","0","0","0","0","0","0","0","0","0","0","0","0","0","0","0","0","0","0","0","0","0",36227,45,56,3,0,9,8,7,4,19,10,6,0,1,51,225,190,0,8,27
"G1800130","1980","A","2","3","Indiana","18",,"Brown","013",,,,,,,,,,,,,"07",,,,,,,,"BROWN COUNTY","0","0","0","0","1","0","0","0","0","0","0","0","0","0","0","0","0","0","0","0","0",12287,18,19,1,0,2,1,1,3,3,0,1,0,0,41,88,56,0,1,31
"G1800150","1980","A","2","3","Indiana","18",,"Carroll","015",,,,,,,,,,,,,"09",,,,,,,,"CARROLL COUNTY","0","0","0","0","0","0","0","0","0","0","0","1","0","0","1","0","0","0","0","0","0",19630,17,23,0,0,1,1,3,1,9,0,0,0,0,37,104,74,0,4,26
"G1800170","1980","A","2","3","Indiana","18",,"Cass","017",,,,,,,,,,,,,"09",,,,,,,,"CASS COUNTY","0","0","0","0","0","0","0","1","0","0","0","0","0","0","0","0","0","0","0","1","0",40449,318,46,4,0,10,12,16,7,21,8,0,0,0,45,185,159,1,2,23
"G1800190","1980","A","2","3","Indiana","18","4520","Clark","019",,,,,,,,,,,,,"F",,,,,,,,"CLARK COUNTY","0","0","0","0","0","0","0","0","0","0","0","0","0","0","0","0","0","0","0","0","0",83869,4317,127,3,0,27,26,100,39,80,12,14,2,1,221,435,304,21,26,84
"G1800210","1980","A","2","3","Indiana","18","8320","Clay","021",,,,,,,,,,,,,"06",,,,,,,,"CLAY COUNTY","0","0","0","0","0","0","0","0","0","0","0","0","0","0","0","0","0","0","0","1","0",24713,90,18,1,0,8,3,0,6,3,0,2,1,0,17,68,58,0,2,8
"G1800230","1980","A","2","3","Indiana","18",,"Clinton","023",,,,,,,,,,,,,"09",,,,,,,,"CLINTON COUNTY","0","0","1","0","0","0","0","0","0","0","0","1","0","0","1","0","0","0","0","0","0",31344,13,22,1,0,5,3,11,14,12,0,2,0,0,118,422,303,0,13,106
"G1800250","1980","A","2","3","Indiana","18",,"Crawford","025",,,,,,,,,,,,,"07",,,,,,,,"CRAWFORD COUNTY","0","0","1","0","1","0","1","1","0","0","0","1","1","0","0","0","0","0","0","1","1",9757,13,43,0,0,1,0,0,4,1,0,1,0,0,0,46,36,10,0,0
"G1800270","1980","A","2","3","Indiana","18",,"Daviess","027",,,,,,,,,,,,,"06",,,,,,,,"DAVIESS COUNTY","0","0","0","1","0","0","0","1","0","0","0","0","0","1","1","0","0","0","0","1","0",27649,124,14,0,0,9,1,0,2,5,0,0,2,0,30,85,75,1,1,8
"G1800290","1980","A","2","3","Indiana","18","1640","Dearborn","029",,,,,,,,"21",,,,,"08",,,,,,,,"DEARBORN COUNTY","0","0","0","0","0","0","0","1","0","0","0","0","1","0","1","0","0","0","0","1","0",33930,227,26,1,0,7,0,16,13,27,13,3,0,0,28,128,107,2,6,13
"G1800310","1980","A","2","3","Indiana","18",,"Decatur","031",,,,,,,,,,,,,"05",,,,,,,,"DECATUR COUNTY","0","0","1","1","0","0","0","0","0","0","0","1","0","0","1","0","0","0","0","1","0",23749,2,9,0,0,3,0,22,23,7,14,5,0,0,7,80,71,0,3,6
"G1800330","1980","A","2","3","Indiana","18","2760","DeKalb","033",,,,,,,,,,,,,"03",,,,,,,,"DE KALB COUNTY","0","0","0","0","0","0","0","0","0","0","0","0","0","0","0","0","0","0","0","0","0",33374,28,64,0,0,7,4,5,6,9,17,0,0,0,92,286,203,0,10,73
"G1800350","1980","A","2","3","Indiana","18","5280","Delaware","035",,,,,,,,,,,,,"H",,,,,,,,"DELAWARE COUNTY","0","0","0","0","0","0","0","0","0","0","0","0","0","0","0","0","0","0","0","0","0",120018,7587,211,1,0,49,55,41,53,94,25,17,0,3,433,811,524,72,45,170
"G1800370","1980","A","2","3","Indiana","18",,"Dubois","037",,,,,,,,,,,,,"07",,,,,,,,"DUBOIS COUNTY","0","0","1","0","0","0","0","0","0","0","0","1","1","0","1","0","0","0","0","1","0",34129,8,17,0,0,1,6,11,7,14,0,1,0,0,44,138,108,0,4,26
"G1800390","1980","A","2","3","Indiana","18","2330","Elkhart","039",,,,,,,,,,,,,"01",,,,,,,,"ELKHART COUNTY","0","0","0","0","0","0","0","0","0","0","0","0","0","0","0","0","0","0","0","0","0",129971,5761,246,3,7,36,122,30,90,110,90,11,2,0,851,1719,1093,31,23,572
"G1800410","1980","A","2","3","Indiana","18",,"Fayette","041",,,,,,,,,,,,,"04",,,,,,,,"FAYETTE COUNTY","0","0","0","0","0","0","0","0","0","0","0","0","0","0","0","0","0","0","0","1","0",27691,459,27,0,0,0,2,6,7,28,16,0,0,0,36,132,120,0,5,7
"G1800430","1980","A","2","3","Indiana","18","4520","Floyd","043",,,,,,,,,,,,,"F",,,,,,,,"FLOYD COUNTY","0","0","0","0","0","0","0","1","0","0","0","0","0","0","0","0","0","0","0","0","1",58736,2182,39,0,0,15,7,41,7,16,16,5,1,1,103,350,284,14,12,40
"G1800450","1980","A","2","3","Indiana","18",,"Fountain","045",,,,,,,,,,,,,"09",,,,,,,,"FOUNTAIN COUNTY","0","0","1","0","0","0","0","0","0","0","0","1","0","0","1","0","0","0","0","0","0",18958,4,16,0,0,11,2,2,1,5,0,0,0,0,34,82,56,0,1,25
"G1800470","1980","A","2","3","Indiana","18",,"Franklin","047",,,,,,,,,,,,,"08",,,,,,,,"FRANKLIN COUNTY","0","0","1","1","0","0","0","1","0","0","0","1","1","0","1","0","0","0","0","1","0",19569,2,13,0,0,2,0,11,1,2,6,1,0,0,5,108,99,1,7,1
"G1800490","1980","A","2","3","Indiana","18",,"Fulton","049",,,,,,,,,,,,,"02",,,,,,,,"FULTON COUNTY","0","0","0","0","0","0","0","1","0","0","0","0","0","0","0","0","0","0","0","0","0",19072,156,39,0,0,5,3,17,7,4,2,0,0,1,29,85,63,1,8,13
"G1800510","1980","A","2","3","Indiana","18","2440","Gibson","051",,,,,,,,,,,,,"06",,,,,,,,"GIBSON COUNTY","0","0","0","0","0","0","0","1","0","0","0","0","1","0","1","0","0","0","0","0","1",32427,618,19,0,0,9,3,8,6,20,4,1,0,0,41,142,117,6,3,16
"G1800530","1980","A","2","3","Indiana","18",,"Grant","053",,,,,,,,,,,,,"04",,,,,,,,"GRANT COUNTY","0","0","0","0","0","0","0","0","0","0","0","0","0","0","0","0","0","0","0","0","0",74581,5264,158,0,0,16,37,66,33,54,34,3,0,2,686,1271,637,61,13,560
"G1800550","1980","A","2","3","Indiana","18",,"Greene","055",,,,,,,,,,,,,"06",,,,,,,,"GREENE COUNTY","0","0","1","0","0","0","0","1","0","0","0","1","0","0","1","0","0","0","0","0","1",30293,10,21,0,0,7,6,17,9,21,3,6,0,0,23,97,80,3,3,11
"G1800570","1980","A","2","3","Indiana","18","3480","Hamilton","057",,,,,,,,"44",,,,,"05",,,,,,,,"HAMILTON COUNTY","0","0","0","0","0","0","0","1","0","0","0","0","0","0","0","0","0","0","0","0","1",81025,361,67,3,4,47,87,46,60,108,54,8,0,0,157,432,366,3,7,56
"G1800590","1980","A","2","3","Indiana","18","3480","Hancock","059",,,,,,,,"44",,,,,"05",,,,,,,,"HANCOCK COUNTY","0","0","0","0","0","0","0","0","0","0","0","0","0","0","0","0","0","0","0","0","0",43636,43,36,0,0,10,10,15,39,31,0,3,0,0,116,271,211,0,4,56
"G1800610","1980","A","2","3","Indiana","18",,"Harrison","061",,,,,,,,,,,,,"07",,,,,,,,"HARRISON COUNTY","0","0","0","0","0","0","0","0","0","0","0","0","0","0","0","0","0","0","0","0","0",27059,145,21,0,0,5,0,4,7,7,5,1,3,0,19,107,92,0,6,9
"G1800630","1980","A","2","3","Indiana","18","3480","Hendricks","063",,,,,,,,"44",,,,,"05",,,,,,,,"HENDRICKS COUNTY","0","0","0","0","0","0","0","1","0","0","0","0","0","0","0","0","0","0","0","0","0",69117,353,62,1,1,10,29,41,21,33,31,3,0,0,102,272,221,9,15,27
"G1800650","1980","A","2","3","Indiana","18",,"Henry","065",,,,,,,,,,,,,"04",,,,,,,,"HENRY COUNTY","0","0","0","0","0","0","0","1","0","0","0","0","0","0","0","0","0","0","0","0","0",52649,496,60,7,0,12,2,4,13,6,11,0,0,0,76,273,215,12,6,40
"G1800670","1980","A","2","3","Indiana","18","3850","Howard","067",,,,,,,,,,,,,"04",,,,,,,,"HOWARD COUNTY","0","0","0","0","0","0","0","0","0","0","0","0","0","0","0","0","0","0","0","0","0",81711,4279,184,0,0,32,61,33,58,55,16,8,1,7,451,939,589,22,8,320
"G1800690","1980","A","2","3","Indiana","18",,"Huntington","069",,,,,,,,,,,,,"03",,,,,,,,"HUNTINGTON COUNTY","0","0","0","0","0","0","0","1","0","0","0","0","0","0","0","0","0","0","0","0","1",35269,40,99,0,0,8,6,3,15,45,14,1,1,0,95,192,117,3,1,71
"G1800710","1980","A","2","3","Indiana","18",,"Jackson","071",,,,,,,,,,,,,"08",,,,,,,,"JACKSON COUNTY","0","0","0","0","0","0","0","0","0","0","0","0","0","0","0","0","0","0","0","0","0",36217,129,47,0,3,3,0,2,13,27,43,0,0,0,39,157,125,0,12,20
"G1800730","1980","A","2","3","Indiana","18",,"Jasper","073",,,,,,,,,,,,,"02",,,,,,,,"JASPER COUNTY","0","0","0","0","0","0","0","1","0","0","0","1","0","1","0","0","0","0","0","0","0",25919,55,15,0,0,11,2,4,8,5,1,0,0,0,118,275,183,1,2,89
"G1800750","1980","A","2","3","Indiana","18",,"Jay","075",,,,,,,,,,,,,"03",,,,,,,,"JAY COUNTY","0","0","0","0","0","0","0","0","0","0","0","0","0","0","0","0","0","0","0","0","0",23085,48,24,0,0,5,6,5,6,4,2,1,0,0,53,134,92,0,0,42
"G1800770","1980","A","2","3","Indiana","18",,"Jefferson","077",,,,,,,,,,,,,"08",,,,,,,,"JEFFERSON COUNTY","0","0","0","0","0","0","0","1","0","0","0","0","0","1","1","0","0","0","0","0","1",29844,396,37,0,0,9,28,8,9,26,4,1,0,0,57,134,111,7,7,9
"G1800790","1980","A","2","3","Indiana","18",,"Jennings","079",,,,,,,,,,,,,"08",,,,,,,,"JENNINGS COUNTY","0","0","0","1","0","0","0","0","0","0","0","0","1","0","1","0","0","0","0","1","0",22588,197,13,0,0,3,0,6,5,11,10,0,0,0,21,97,89,0,1,7
"G1800810","1980","A","2","3","Indiana","18","3480","Johnson","081",,,,,,,,"44",,,,,"05",,,,,,,,"JOHNSON COUNTY","0","0","0","0","0","0","0","1","0","0","0","0","0","0","0","0","0","0","0","0","0",75912,833,63,0,0,28,71,61,61,54,3,4,2,0,148,478,380,9,14,75
"G1800830","1980","A","2","3","Indiana","18",,"Knox","083",,,,,,,,,,,,,"06",,,,,,,,"KNOX COUNTY","0","0","0","0","0","0","0","1","0","0","0","0","0","0","0","0","0","0","0","0","0",41107,445,44,0,0,8,60,4,8,12,6,0,0,0,144,176,147,1,1,27
"G1800850","1980","A","2","3","Indiana","18",,"Kosciusko","085",,,,,,,,,,,,,"02",,,,,,,,"KOSCIUSKO COUNTY","0","0","0","0","0","0","0","0","0","0","0","0","0","0","0","0","0","0","0","0","0",58719,212,53,1,1,22,58,24,36,30,23,5,0,0,371,961,646,0,6,309
"G1800870","1980","A","2","3","Indiana","18",,"Lagrange","087",,,,,,,,,,,,,"03",,,,,,,,"LAGRANGE COUNTY","0","0","1","0","0","0","0","0","0","0","0","0","0","0","0","0","0","0","0","0","0",25440,3,33,0,0,2,16,0,5,7,10,0,0,0,34,149,127,0,3,19
"G1800890","1980","A","2","3","Indiana","18","2960","Lake","089",,,,,,,,"14",,,,,"A",,,,,,,,"LAKE COUNTY","0","0","0","0","0","0","0","0","0","0","0","0","0","0","0","0","0","0","0","0","0",373428,126051,655,5,5,181,259,688,375,359,150,47,14,3,20745,43932,23550,987,218,19177
"G1800910","1980","A","2","3","Indiana","18",,"LaPorte","091",,,,,,,,,,,,,"01",,,,,,,,"LA PORTE COUNTY","0","0","0","0","0","0","0","0","0","0","0","0","0","0","0","0","0","0","0","0","0",98899,8662,195,0,0,33,24,95,84,68,51,10,1,0,510,1191,715,63,21,392
"G1800930","1980","A","2","3","Indiana","18",,"Lawrence","093",,,,,,,,,,,,,"07",,,,,,,,"LAWRENCE COUNTY","0","0","0","0","0","0","0","0","0","0","0","0","0","0","0","0","0","0","0","0","0",42224,115,37,1,0,8,8,19,9,15,1,0,0,3,32,170,144,0,9,17
"G1800950","1980","A","2","3","Indiana","18","0400","Madison","095",,,,,,,,"44",,,,,"04",,,,,,,,"MADISON COUNTY","0","0","0","0","0","0","0","0","0","0","0","0","0","0","0","0","0","0","0","0","0",128913,9652,153,2,0,51,32,30,73,63,30,8,6,1,322,789,568,66,18,137
"G1800970","1980","B","2","3","Indiana","18","3480","Marion","097",,,,,,,,"44",,,,,"D",,,,,,,,"MARION COUNTY","0","0","0","0","0","0","0","0","0","0","0","0","0","0","0","0","0","0","0","0","0",601092,155310,1068,17,13,490,767,835,733,867,435,101,23,9,3473,6818,3860,912,297,1749
"G1800990","1980","A","2","3","Indiana","18","7800","Marshall","099",,,,,,,,,,,,,"02",,,,,,,,"MARSHALL COUNTY","0","0","0","0","0","0","0","1","0","0","0","0","0","0","0","0","0","0","0","0","1",38769,61,20,0,0,5,0,22,18,2,11,0,0,0,247,600,363,4,5,228
"G1801010","1980","A","2","3","Indiana","18",,"Martin","101",,,,,,,,,,,,,"07",,,,,,,,"MARTIN COUNTY","0","0","1","0","0","0","0","0","0","0","0","1","0","0","1","0","0","0","0","1","0",10930,7,16,0,0,2,1,17,4,4,8,0,0,0,12,34,32,0,1,1
"G1801030","1980","A","2","3","Indiana","18",,"Miami","103",,,,,,,,,,,,,"09",,,,,,,,"MIAMI COUNTY","0","0","0","0","0","0","0","1","0","0","0","0","0","0","0","0","0","0","0","0","0",37886,1087,377,0,0,28,14,64,36,7,2,16,2,3,298,463,265,8,20,170
"G1801050","1980","A","2","3","Indiana","18","1020","Monroe","105",,,,,,,,,,,,,"07",,,,,,,,"MONROE COUNTY","0","0","0","0","0","0","0","0","0","0","0","0","0","0","0","0","0","0","0","0","0",93472,2570,125,2,3,212,389,114,209,160,30,14,10,1,1474,1104,756,32,44,272
"G1801070","1980","A","2","3","Indiana","18",,"Montgomery","107",,,,,,,,,,,,,"09",,,,,,,,"MONTGOMERY COUNTY","0","0","0","0","0","0","0","1","0","0","0","0","0","0","0","0","0","0","0","0","1",35211,154,28,1,0,7,9,7,10,2,10,1,0,0,61,129,83,6,1,39
"G1801090","1980","A","2","3","Indiana","18","3480","Morgan","109",,,,,,,,"44",,,,,"06",,,,,,,,"MORGAN COUNTY","0","0","1","0","0","0","0","0","0","0","0","1","0","0","1","0","0","0","0","1","0",51845,8,42,0,0,13,10,10,22,13,1,0,0,0,35,194,178,0,2,14
"G1801110","1980","A","2","3","Indiana","18",,"Newton","111",,,,,,,,,,,,,"02",,,,,,,,"NEWTON COUNTY","0","0","1","0","0","0","0","0","0","0","0","1","0","0","1","0","0","0","0","0","0",14743,11,18,0,0,1,9,19,3,6,0,0,0,0,34,113,82,0,3,28
"G1801130","1980","A","2","3","Indiana","18",,"Noble","113",,,,,,,,,,,,,"03",,,,,,,,"NOBLE COUNTY","0","0","0","0","0","0","0","0","0","0","0","1","0","0","1","0","0","0","0","0","0",35211,28,37,0,0,3,4,2,10,3,6,1,0,0,138,346,229,0,5,112
"G1801150","1980","A","2","3","Indiana","18",,"Ohio","115",,,,,,,,,,,,,"08",,,,,,,,"OHIO COUNTY","0","0","0","1","1","1","1","0","0","0","0","0","1","1","0","0","0","0","1","1","0",5053,48,2,0,0,3,0,2,1,2,0,0,0,0,3,14,13,0,1,0
"G1801170","1980","A","2","3","Indiana","18",,"Orange","117",,,,,,,,,,,,,"07",,,,,,,,"ORANGE COUNTY","0","0","0","0","0","0","0","1","0","0","0","0","0","0","0","0","0","0","0","0","0",18376,227,19,0,0,3,1,0,5,13,3,0,1,0,29,97,81,4,3,9
"G1801190","1980","A","2","3","Indiana","18",,"Owen","119",,,,,,,,,,,,,"06",,,,,,,,"OWEN COUNTY","0","0","0","0","1","0","0","0","0","0","0","0","0","1","1","0","0","0","0","1","0",15725,38,39,0,0,7,2,5,1,5,7,0,0,0,12,61,48,0,5,8
"G1801210","1980","A","2","3","Indiana","18",,"Parke","121",,,,,,,,,,,,,"09",,,,,,,,"PARKE COUNTY","0","0","0","0","1","0","0","0","0","0","0","0","0","1","1","0","0","0","0","1","0",16270,41,26,0,0,5,0,0,5,5,9,0,0,1,10,70,64,0,3,3
"G1801230","1980","A","2","3","Indiana","18",,"Perry","123",,,,,,,,,,,,,"07",,,,,,,,"PERRY COUNTY","0","0","1","0","0","0","0","0","0","0","0","0","1","1","1","0","0","0","0","1","0",19272,12,22,0,2,12,0,2,6,5,0,0,0,1,12,52,49,0,1,2
"G1801250","1980","A","2","3","Indiana","18",,"Pike","125",,,,,,,,,,,,,"06",,,,,,,,"PIKE COUNTY","0","0","1","0","0","0","0","0","0","0","0","0","0","1","1","0","0","0","0","1","0",13395,12,26,0,0,2,0,13,1,1,0,2,0,0,13,76,65,0,4,7
"G1801270","1980","A","2","3","Indiana","18","2960","Porter","127",,,,,,,,"14",,,,,"A",,,,,,,,"PORTER COUNTY","0","0","0","0","0","0","0","1","0","0","0","0","0","0","0","0","0","0","0","0","1",117846,299,161,3,0,49,92,154,79,83,77,14,1,2,956,2689,1897,11,11,770
"G1801290","1980","A","2","3","Indiana","18","2440","Posey","129",,,,,,,,,,,,,"06",,,,,,,,"POSEY COUNTY","0","0","0","0","0","0","0","0","0","0","0","0","0","0","0","0","0","0","0","0","0",25989,302,36,0,0,3,17,7,5,10,2,0,0,0,43,115,97,0,3,15
"G1801310","1980","A","2","3","Indiana","18",,"Pulaski","131",,,,,,,,,,,,,"02",,,,,,,,"PULASKI COUNTY","0","0","0","1","0","0","1","0","0","0","0","0","1","1","0","0","0","0","0","1","0",13155,57,2,0,0,3,5,2,3,2,1,0,0,0,28,90,77,0,0,13
"G1801330","1980","A","2","3","Indiana","18",,"Putnam","133",,,,,,,,,,,,,"05",,,,,,,,"PUTNAM COUNTY","0","0","0","0","0","0","0","1","0","0","0","0","0","0","0","0","0","0","0","0","1",28579,434,34,2,0,16,3,11,10,22,3,2,1,0,46,142,115,6,1,20
"G1801350","1980","A","2","3","Indiana","18",,"Randolph","135",,,,,,,,,,,,,"04",,,,,,,,"RANDOLPH COUNTY","0","0","0","0","0","0","0","0","0","0","0","0","0","0","0","0","0","0","0","0","0",29781,69,35,0,0,9,6,16,2,10,1,1,1,0,66,208,149,0,4,55
"G1801370","1980","A","2","3","Indiana","18",,"Ripley","137",,,,,,,,,,,,,"08",,,,,,,,"RIPLEY COUNTY","0","0","1","0","0","0","0","0","0","0","0","0","0","0","0","0","0","0","0","1","0",24308,7,15,0,2,9,5,22,6,1,3,0,0,0,20,113,106,0,2,5
"G1801390","1980","A","2","3","Indiana","18",,"Rush","139",,,,,,,,,,,,,"05",,,,,,,,"RUSH COUNTY","0","0","0","0","0","0","0","0","0","0","0","0","0","1","1","0","0","0","0","0","0",19384,164,23,1,0,1,1,4,4,1,0,4,0,0,17,65,59,0,1,5
"G1801410","1980","A","2","3","Indiana","18","7800","St Joseph","141",,,,,,,,,,,,,"B",,,,,,,,"ST. JOSEPH COUNTY","0","0","0","0","0","0","0","0","0","0","0","0","0","0","0","0","0","0","0","0","0",216070,21604,504,6,2,145,279,103,196,283,136,18,14,4,2253,3663,1744,134,64,1721
"G1801430","1980","A","2","3","Indiana","18",,"Scott","143",,,,,,,,,,,,,"08",,,,,,,,"SCOTT COUNTY","0","0","1","0","0","0","0","1","0","0","0","1","0","0","1","0","0","0","0","0","1",20296,2,16,1,0,2,0,31,5,4,0,0,1,0,64,231,173,1,1,56
"G1801450","1980","A","2","3","Indiana","18","3480","Shelby","145",,,,,,,,"44",,,,,"05",,,,,,,,"SHELBY COUNTY","0","0","0","0","0","0","0","0","0","0","0","0","0","0","0","0","0","0","0","0","0",39412,301,48,1,1,7,7,32,7,12,2,2,3,2,50,149,127,0,11,11
"G1801470","1980","A","2","3","Indiana","18",,"Spencer","147",,,,,,,,,,,,,"06",,,,,,,,"SPENCER COUNTY","0","0","0","1","0","0","0","0","0","0","0","0","0","0","0","0","0","0","0","1","0",19174,118,24,0,0,4,0,15,4,5,3,0,0,0,14,81,73,0,2,6
"G1801490","1980","A","2","3","Indiana","18",,"Starke","149",,,,,,,,,,,,,"02",,,,,,,,"STARKE COUNTY","0","0","0","0","0","0","0","0","0","0","0","0","0","0","0","0","0","0","0","0","0",21808,32,42,0,0,11,4,5,9,7,0,2,0,0,77,228,158,0,7,63
"G1801510","1980","A","2","3","Indiana","18",,"Steuben","151",,,,,,,,,,,,,"03",,,,,,,,"STEUBEN COUNTY","0","0","0","0","0","0","0","1","0","0","0","0","0","0","0","0","0","0","0","0","0",24351,65,34,0,0,11,23,6,5,35,14,2,0,0,148,122,78,2,1,41
"G1801530","1980","A","2","3","Indiana","18","8320","Sullivan","153",,,,,,,,,,,,,"06",,,,,,,,"SULLIVAN COUNTY","0","0","0","0","1","0","0","0","0","0","0","0","0","1","1","0","0","0","0","1","0",21034,22,25,0,0,1,0,5,2,6,1,0,0,0,11,58,51,0,1,6
"G1801550","1980","A","2","3","Indiana","18",,"Switzerland","155",,,,,,,,,,,,,"08",,,,,,,,"SWITZERLAND COUNTY","0","0","1","1","1","0","1","0","0","0","0","0","1","1","1","0","0","0","0","0","0",7114,14,10,0,0,1,0,11,0,0,0,0,0,0,3,59,58,0,0,1
"G1801570","1980","A","2","3","Indiana","18","3920","Tippecanoe","157",,,,,,,,,,,,,"09",,,,,,,,"TIPPECANOE COUNTY","0","0","0","0","0","0","0","1","0","0","0","0","0","0","0","0","0","0","0","0","1",116918,2040,152,3,1,237,725,92,137,329,143,24,15,1,885,1385,904,14,40,427
"G1801590","1980","A","2","3","Indiana","18","3850","Tipton","159",,,,,,,,,,,,,"05",,,,,,,,"TIPTON COUNTY","0","0","1","0","0","0","0","0","0","0","0","1","0","0","1","0","0","0","0","0","0",16723,2,25,0,0,2,1,0,4,5,1,10,1,0,45,113,71,0,1,41
"G1801610","1980","A","2","3","Indiana","18",,"Union","161",,,,,,,,,,,,,"04",,,,,,,,"UNION COUNTY","0","0","0","1","1","0","0","1","0","0","0","0","1","1","1","0","0","0","0","0","0",6816,21,11,0,0,1,0,8,0,1,0,0,0,0,2,20,18,1,0,1
"G1801630","1980","A","2","3","Indiana","18","2440","Vanderburgh","163",,,,,,,,,,,,,"E",,,,,,,,"VANDERBURGH COUNTY","0","0","0","0","0","0","0","0","0","0","0","0","0","0","0","0","0","0","0","0","0",154335,11934,189,2,0,35,111,52,101,89,254,15,0,0,398,763,544,86,26,107
"G1801650","1980","A","2","3","Indiana","18","8320","Vermillion","165",,,,,,,,,,,,,"09",,,,,,,,"VERMILLION COUNTY","0","0","1","0","0","0","0","0","0","0","0","1","0","0","1","0","0","0","0","1","0",18144,13,23,0,0,4,0,18,8,3,0,1,0,0,15,74,57,0,9,8
"G1801670","1980","A","2","3","Indiana","18","8320","Vigo","167",,,,,,,,,,,,,"G",,,,,,,,"VIGO COUNTY","0","0","0","0","0","0","0","0","0","0","0","0","0","0","0","0","0","0","0","0","0",104799,6170,178,14,0,74,111,119,73,157,64,13,1,3,609,862,554,22,49,237
"G1801690","1980","A","2","3","Indiana","18",,"Wabash","169",,,,,,,,,,,,,"09",,,,,,,,"WABASH COUNTY","0","0","0","0","0","0","0","1","0","0","0","0","0","0","0","0","0","0","0","0","1",36154,147,143,4,0,4,1,6,19,17,16,1,0,0,128,225,142,8,5,70
"G1801710","1980","A","2","3","Indiana","18",,"Warren","171",,,,,,,,,,,,,"09",,,,,,,,"WARREN COUNTY","0","0","1","1","1","0","0","0","0","0","0","1","1","1","1","0","0","0","0","0","0",8949,3,8,1,1,0,0,3,2,3,0,0,0,0,6,29,29,0,0,0
"G1801730","1980","A","2","3","Indiana","18","2440","Warrick","173",,,,,,,,,,,,,"06",,,,,,,,"WARRICK COUNTY","0","0","0","0","0","0","0","1","0","0","0","0","0","0","0","0","0","0","0","0","0",40971,295,40,0,0,5,18,15,32,36,2,2,0,1,57,151,113,1,6,31
"G1801750","1980","A","2","3","Indiana","18",,"Washington","175",,,,,,,,,,,,,"07",,,,,,,,"WASHINGTON COUNTY","0","0","1","1","0","0","0","0","0","0","0","1","0","1","0","0","0","0","0","0","0",21870,7,13,0,0,1,0,4,6,4,7,0,0,0,20,99,88,0,2,9
"G1801770","1980","A","2","3","Indiana","18",,"Wayne","177",,,,,,,,,,,,,"04",,,,,,,,"WAYNE COUNTY","0","0","0","0","0","0","0","0","0","0","0","0","0","0","0","0","0","0","0","0","0",71697,3856,124,0,0,25,28,68,16,29,29,2,4,0,180,365,270,21,32,42
"G1801790","1980","A","2","3","Indiana","18","2760","Wells","179",,,,,,,,,,,,,"03",,,,,,,,"WELLS COUNTY","0","0","1","0","0","0","0","1","0","0","0","1","1","0","0","0","0","0","0","0","1",25268,4,16,0,0,4,0,7,5,6,2,0,1,0,88,211,129,2,2,78
"G1801810","1980","A","2","3","Indiana","18",,"White","181",,,,,,,,,,,,,"09",,,,,,,,"WHITE COUNTY","0","0","1","0","0","0","0","0","0","0","0","1","0","0","1","0","0","0","0","0","0",23759,10,20,0,0,8,8,7,5,3,6,4,0,0,37,104,75,0,5,24
"G1801830","1980","A","2","3","Indiana","18",,"Whitley","183",,,,,,,,,,,,,"03",,,,,,,,"WHITLEY COUNTY","0","0","1","0","0","0","0","1","0","0","0","1","0","0","1","0","0","0","0","0","1",26073,9,42,3,0,7,6,6,10,2,10,3,0,0,44,133,97,1,3,32
"G1900010","1980","A","2","4","Iowa","19",,"Adair","001",,,,,,,,,,,,,"03",,,,,,,,"ADAIR COUNTY","0","0","1","1","1","0","1","0","0","0","0","1","1","1","1","0","0","0","0","0","0",9488,1,1,0,0,0,0,0,1,4,0,0,0,0,14,25,24,0,0,1
"G1900030","1980","A","2","4","Iowa","19",,"Adams","003",,,,,,,,,,,,,"03",,,,,,,,"ADAMS COUNTY","0","0","1","1","0","0","0","0","0","0","0","0","1","1","0","0","0","0","1","1","0",5711,1,4,0,0,3,0,2,0,0,10,0,0,0,0,15,15,0,0,0
"G1900050","1980","A","2","4","Iowa","19",,"Allamakee","005",,,,,,,,,,,,,"04",,,,,,,,"ALLAMAKEE COUNTY","0","0","1","1","1","0","0","0","0","0","0","1","1","1","0","0","0","0","0","1","0",15051,8,7,0,1,0,0,2,3,5,0,0,0,0,31,34,25,0,2,7
"G1900070","1980","A","2","4","Iowa","19",,"Appanoose","007",,,,,,,,,,,,,"03",,,,,,,,"APPANOOSE COUNTY","0","0","0","0","0","0","0","1","0","0","0","0","0","0","0","0","0","0","0","0","1",15277,103,38,0,0,3,8,2,8,3,18,0,0,0,51,96,75,1,0,20
"G1900090","1980","A","2","4","Iowa","19",,"Audubon","009",,,,,,,,,,,,,"01",,,,,,,,"AUDUBON COUNTY","0","0","0","1","1","0","1","0","0","0","0","0","1","1","1","0","0","0","0","0","0",8533,0,2,0,0,2,0,0,1,4,5,0,0,0,12,24,23,0,0,1
"G1900110","1980","A","2","4","Iowa","19",,"Benton","011",,,,,,,,,,,,,"05",,,,,,,,"BENTON COUNTY","0","0","1","0","0","0","0","0","0","0","0","1","0","1","1","0","0","0","0","1","0",23559,6,27,2,0,1,0,2,11,4,2,0,0,0,35,81,65,0,2,14
"G1900130","1980","A","2","4","Iowa","19","8920","Black Hawk","013",,,,,,,,,,,,,"E",,,,,,,,"BLACK HAWK COUNTY","0","0","0","0","0","0","0","0","0","0","0","0","0","0","0","0","0","0","0","0","0",127923,8595,251,2,1,54,146,58,124,193,71,10,16,7,510,946,602,65,44,235
"G1900150","1980","A","2","4","Iowa","19",,"Boone","015",,,,,,,,,,,,,"02",,,,,,,,"BOONE COUNTY","0","0","0","0","0","0","0","0","0","0","0","0","1","0","1","0","0","0","0","1","0",25989,50,22,0,0,3,0,5,11,7,48,0,0,0,49,90,76,0,1,13
"G1900170","1980","A","2","4","Iowa","19",,"Bremer","017",,,,,,,,,,,,,"04",,,,,,,,"BREMER COUNTY","0","0","0","0","0","0","0","0","0","0","0","0","0","0","0","0","0","0","0","1","0",24634,46,16,0,0,14,15,15,9,3,21,1,1,0,45,82,63,0,1,18
"G1900190","1980","A","2","4","Iowa","19",,"Buchanan","019",,,,,,,,,,,,,"04",,,,,,,,"BUCHANAN COUNTY","0","0","0","0","0","0","0","0","0","0","0","1","0","0","1","0","0","0","0","0","0",22748,25,21,0,0,8,0,6,3,12,12,0,0,0,65,88,64,0,1,23
"G1900210","1980","A","2","4","Iowa","19",,"Buena Vista","021",,,,,,,,,,,,,"01",,,,,,,,"BUENA VISTA COUNTY","0","0","1","0","0","0","0","0","0","0","0","1","0","0","1","0","0","0","0","1","0",20641,9,16,0,0,5,3,3,2,12,0,0,0,0,83,69,54,0,1,14
"G1900230","1980","A","2","4","Iowa","19",,"Butler","023",,,,,,,,,,,,,"04",,,,,,,,"BUTLER COUNTY","0","0","1","1","0","0","1","0","0","0","0","1","1","1","0","0","0","0","0","1","0",17580,4,10,0,0,2,3,4,16,1,1,1,1,0,45,41,30,0,0,11
"G1900250","1980","A","2","4","Iowa","19",,"Calhoun","025",,,,,,,,,,,,,"02",,,,,,,,"CALHOUN COUNTY","0","0","0","1","1","0","0","0","0","0","0","1","1","0","1","0","0","0","0","1","0",13487,21,8,0,0,2,0,2,4,5,0,0,0,0,13,50,43,0,3,4
"G1900270","1980","A","2","4","Iowa","19",,"Carroll","027",,,,,,,,,,,,,"01",,,,,,,,"CARROLL COUNTY","0","0","1","0","0","0","0","0","0","0","0","1","1","0","1","0","0","0","0","1","0",22881,3,16,0,0,0,2,13,5,6,12,0,0,0,13,102,84,0,6,12
"G1900290","1980","A","2","4","Iowa","19",,"Cass","029",,,,,,,,,,,,,"01",,,,,,,,"CASS COUNTY","0","0","1","1","0","0","0","0","0","0","0","1","0","0","1","0","0","0","0","1","0",16830,10,13,0,0,2,0,11,7,9,12,0,0,3,35,39,24,0,1,14
"G1900310","1980","A","2","4","Iowa","19",,"Cedar","031",,,,,,,,,,,,,"06",,,,,,,,"CEDAR COUNTY","0","0","1","0","0","0","0","0","0","0","0","1","0","0","1","0","0","0","0","0","0",18495,12,21,0,0,1,1,6,11,5,27,2,0,2,52,103,60,0,5,38
"G1900330","1980","A","2","4","Iowa","19",,"Cerro Gordo","033",,,,,,,,,,,,,"04",,,,,,,,"CERRO GORDO COUNTY","0","0","0","0","0","0","0","1","0","0","0","0","0","0","0","0","0","0","0","0","0",47595,238,42,0,0,12,19,19,44,22,19,6,2,0,440,942,605,1,12,324
"G1900350","1980","A","2","4","Iowa","19",,"Cherokee","035",,,,,,,,,,,,,"01",,,,,,,,"CHEROKEE COUNTY","0","0","1","0","0","0","0","0","0","0","0","1","1","0","1","0","0","0","0","1","0",16178,7,20,0,0,1,1,5,7,4,1,0,0,0,14,38,35,0,1,2
"G1900370","1980","A","2","4","Iowa","19",,"Chickasaw","037",,,,,,,,,,,,,"04",,,,,,,,"CHICKASAW COUNTY","0","0","1","1","0","0","0","0","0","0","0","1","1","1","1","0","0","0","0","1","0",15385,2,5,0,4,9,0,4,3,1,2,2,0,0,20,27,22,0,1,4
"G1900390","1980","A","2","4","Iowa","19",,"Clarke","039",,,,,,,,,,,,,"03",,,,,,,,"CLARKE COUNTY","0","0","1","1","1","0","0","0","0","0","0","1","1","1","0","0","0","0","1","1","0",8563,4,9,0,0,0,0,3,6,4,0,0,0,0,23,24,20,0,1,3
"G1900410","1980","A","2","4","Iowa","19",,"Clay","041",,,,,,,,,,,,,"02",,,,,,,,"CLAY COUNTY","0","0","1","0","0","0","0","0","0","0","0","0","1","0","1","0","0","0","0","1","0",19443,4,36,1,0,5,0,1,11,3,13,1,0,0,58,46,35,0,5,6
"G1900430","1980","A","2","4","Iowa","19",,"Clayton","043",,,,,,,,,,,,,"04",,,,,,,,"CLAYTON COUNTY","0","0","1","0","0","0","0","0","0","0","0","1","0","0","1","0","0","0","0","1","0",20987,8,30,0,0,2,0,3,14,3,1,0,0,0,50,71,57,0,4,10
"G1900450","1980","A","2","4","Iowa","19",,"Clinton","045",,,,,,,,,,,,,"06",,,,,,,,"CLINTON COUNTY","0","0","0","0","0","0","0","1","0","0","0","0","0","0","0","0","0","0","0","0","1",56137,551,99,0,0,9,28,26,37,25,65,0,4,0,141,297,242,2,12,41
"G1900470","1980","A","2","4","Iowa","19",,"Crawford","047",,,,,,,,,,,,,"01",,,,,,,,"CRAWFORD COUNTY","0","0","1","1","0","0","0","0","0","0","0","1","1","0","0","0","0","0","0","0","0",18764,9,14,0,0,2,5,2,6,3,29,2,4,0,95,110,82,0,8,20
"G1900490","1980","A","2","4","Iowa","19",,"Dallas","049",,,,,,,,,,,,,"02",,,,,,,,"DALLAS COUNTY","0","0","0","0","0","0","0","1","0","0","0","0","0","0","0","0","0","0","0","0","0",29325,56,19,0,0,6,11,9,19,8,16,1,0,0,43,192,158,1,1,32
"G1900510","1980","A","2","4","Iowa","19",,"Davis","051",,,,,,,,,,,,,"03",,,,,,,,"DAVIS COUNTY","0","0","0","1","1","0","1","0","0","0","0","1","1","1","1","0","0","0","0","1","0",9060,16,5,0,0,0,0,0,0,3,0,1,0,0,19,27,16,0,0,11
"G1900530","1980","A","2","4","Iowa","19",,"Decatur","053",,,,,,,,,,,,,"03",,,,,,,,"DECATUR COUNTY","0","0","0","0","0","0","0","1","0","0","0","0","0","0","0","0","0","0","0","1","0",9659,27,14,1,0,7,3,6,7,1,13,11,0,0,45,79,52,1,9,17
"G1900550","1980","A","2","4","Iowa","19",,"Delaware","055",,,,,,,,,,,,,"04",,,,,,,,"DELAWARE COUNTY","0","0","1","1","0","0","0","0","0","0","0","1","1","1","0","0","0","0","0","1","0",18877,3,11,0,0,1,3,0,3,1,7,0,0,0,27,58,39,0,1,18
"G1900570","1980","A","2","4","Iowa","19",,"Des Moines","057",,,,,,,,,,,,,"06",,,,,,,,"DES MOINES COUNTY","0","0","0","0","0","0","0","0","0","0","0","0","0","0","0","0","0","0","0","0","0",44790,1021,63,0,0,8,20,26,34,17,13,4,0,0,207,465,314,18,9,124
"G1900590","1980","A","2","4","Iowa","19",,"Dickinson","059",,,,,,,,,,,,,"02",,,,,,,,"DICKINSON COUNTY","0","0","1","0","1","0","0","1","0","0","0","1","0","0","1","0","0","0","0","0","1",15563,4,20,0,0,2,0,2,2,4,2,1,1,0,28,42,26,1,3,12
"G1900610","1980","A","2","4","Iowa","19","2200","Dubuque","061",,,,,,,,,,,,,"06",,,,,,,,"DUBUQUE COUNTY","0","0","0","0","0","0","0","1","0","0","0","0","0","0","0","0","0","0","0","0","0",93015,237,56,2,0,29,28,41,34,47,40,14,2,1,199,458,360,1,8,89
"G1900630","1980","A","2","4","Iowa","19",,"Emmet","063",,,,,,,,,,,,,"02",,,,,,,,"EMMET COUNTY","0","0","1","1","0","0","0","0","0","0","0","0","1","0","1","0","0","0","0","1","0",13238,13,11,1,0,3,6,5,6,3,8,0,0,0,42,43,19,0,0,24
"G1900650","1980","A","2","4","Iowa","19",,"Fayette","065",,,,,,,,,,,,,"04",,,,,,,,"FAYETTE COUNTY","0","0","0","1","0","0","0","0","0","0","0","0","1","0","1","0","0","0","0","0","0",25294,44,9,0,0,7,4,3,16,7,20,0,0,0,84,212,152,0,2,58
"G1900670","1980","A","2","4","Iowa","19",,"Floyd","067",,,,,,,,,,,,,"04",,,,,,,,"FLOYD COUNTY","0","0","1","1","0","0","0","0","0","0","0","1","1","1","0","0","0","0","0","0","0",19532,4,3,0,0,3,1,1,17,1,6,0,0,0,29,97,68,0,1,28
"G1900690","1980","A","2","4","Iowa","19",,"Franklin","069",,,,,,,,,,,,,"02",,,,,,,,"FRANKLIN COUNTY","0","0","1","1","0","0","0","0","0","0","0","1","0","1","0","0","0","0","0","0","0",12935,7,3,0,0,0,6,3,5,0,4,0,0,0,73,118,46,0,3,69
"G1900710","1980","A","2","4","Iowa","19",,"Fremont","071",,,,,,,,,,,,,"01",,,,,,,,"FREMONT COUNTY","0","0","1","0","1","0","0","0","0","0","0","1","1","1","0","0","0","0","0","0","0",9333,5,26,0,0,2,1,1,2,3,1,1,0,0,26,51,33,0,0,18
"G1900730","1980","A","2","4","Iowa","19",,"Greene","073",,,,,,,,,,,,,"02",,,,,,,,"GREENE COUNTY","0","0","1","1","0","0","0","0","0","0","0","1","1","0","0","0","0","0","1","1","0",12044,4,9,0,0,7,7,5,1,3,21,0,1,0,17,24,15,0,3,6
"G1900750","1980","A","2","4","Iowa","19",,"Grundy","075",,,,,,,,,,,,,"05",,,,,,,,"GRUNDY COUNTY","0","0","1","1","0","0","0","0","0","0","0","0","0","1","1","0","0","0","0","1","0",14325,1,4,0,0,1,0,7,9,1,0,0,0,0,18,35,26,0,1,8
"G1900770","1980","A","2","4","Iowa","19",,"Guthrie","077",,,,,,,,,,,,,"03",,,,,,,,"GUTHRIE COUNTY","0","0","1","1","0","0","1","1","0","0","0","0","1","1","0","0","0","0","0","0","0",11957,3,6,0,0,3,0,5,3,4,0,0,0,0,2,20,19,1,0,0
"G1900790","1980","A","2","4","Iowa","19",,"Hamilton","079",,,,,,,,,,,,,"02",,,,,,,,"HAMILTON COUNTY","0","0","1","0","0","0","0","0","0","0","0","0","1","0","1","0","0","0","0","0","0",17748,10,16,2,0,4,7,0,16,13,7,0,0,0,39,95,77,0,0,18
"G1900810","1980","A","2","4","Iowa","19",,"Hancock","081",,,,,,,,,,,,,"02",,,,,,,,"HANCOCK COUNTY","0","0","1","1","0","0","0","0","0","0","0","1","0","1","0","0","0","0","0","0","0",13773,6,7,0,0,1,0,6,9,0,0,0,1,0,30,94,63,0,2,29
"G1900830","1980","A","2","4","Iowa","19",,"Hardin","083",,,,,,,,,,,,,"02",,,,,,,,"HARDIN COUNTY","0","0","0","0","0","0","0","0","0","0","0","0","0","0","0","0","0","0","0","0","0",21585,60,25,0,1,6,10,4,18,10,3,1,0,0,53,84,50,0,4,30
"G1900850","1980","A","2","4","Iowa","19",,"Harrison","085",,,,,,,,,,,,,"01",,,,,,,,"HARRISON COUNTY","0","0","1","0","1","0","1","0","0","0","0","1","0","1","1","0","0","0","0","1","0",16294,8,22,3,0,3,0,0,2,3,3,0,0,0,10,26,20,0,0,6
"G1900870","1980","A","2","4","Iowa","19",,"Henry","087",,,,,,,,,,,,,"05",,,,,,,,"HENRY COUNTY","0","0","0","0","0","0","0","0","0","0","0","0","1","0","1","0","0","0","0","0","0",18573,125,22,1,0,5,0,10,19,14,39,0,0,0,82,100,75,0,4,21
"G1900890","1980","A","2","4","Iowa","19",,"Howard","089",,,,,,,,,,,,,"04",,,,,,,,"HOWARD COUNTY","0","0","1","1","0","1","1","0","0","0","0","1","0","0","1","0","0","0","0","1","0",11084,3,3,0,0,5,0,0,6,1,6,0,0,0,6,14,11,0,0,3
"G1900910","1980","A","2","4","Iowa","19",,"Humboldt","091",,,,,,,,,,,,,"02",,,,,,,,"HUMBOLDT COUNTY","0","0","1","1","1","0","0","0","0","0","0","1","1","1","1","0","0","0","0","1","0",12189,11,7,0,0,0,0,3,1,4,5,0,0,0,26,53,39,0,2,12
"G1900930","1980","A","2","4","Iowa","19",,"Ida","093",,,,,,,,,,,,,"01",,,,,,,,"IDA COUNTY","0","0","1","1","1","1","1","0","0","0","0","1","1","0","0","0","0","0","1","1","0",8898,1,3,0,0,0,0,1,0,1,0,0,0,0,4,6,6,0,0,0
"G1900950","1980","A","2","4","Iowa","19",,"Iowa","095",,,,,,,,,,,,,"05",,,,,,,,"IOWA COUNTY","0","0","1","1","0","0","1","0","0","0","0","1","1","0","0","0","0","0","0","1","0",15339,4,7,0,0,0,1,7,16,2,12,0,0,0,41,42,34,0,0,8
"G1900970","1980","A","2","4","Iowa","19",,"Jackson","097",,,,,,,,,,,,,"06",,,,,,,,"JACKSON COUNTY","0","0","1","1","0","0","0","0","0","0","0","1","1","0","1","0","0","0","0","1","0",22451,4,5,0,0,2,2,6,12,7,0,1,0,0,13,76,65,0,3,8
"G1900990","1980","A","2","4","Iowa","19",,"Jasper","099",,,,,,,,,,,,,"05",,,,,,,,"JASPER COUNTY","0","0","0","0","0","0","0","0","0","0","0","0","0","0","0","0","0","0","0","0","0",36169,40,36,6,0,9,7,6,37,13,9,4,0,0,89,149,100,0,2,47
"G1901010","1980","A","2","4","Iowa","19",,"Jefferson","101",,,,,,,,,,,,,"03",,,,,,,,"JEFFERSON COUNTY","0","0","0","0","0","0","0","1","0","0","0","0","1","0","1","0","0","0","0","0","1",16120,74,19,0,0,7,4,5,8,5,0,1,0,0,73,100,69,1,2,28
"G1901030","1980","A","2","4","Iowa","19","3500","Johnson","103",,,,,,,,,,,,,"06",,,,,,,,"JOHNSON COUNTY","0","0","0","0","0","0","0","1","0","0","0","0","0","0","0","0","0","0","0","0","0",78334,1194,118,5,3,151,532,47,188,279,131,13,3,4,715,829,579,12,26,212
"G1901050","1980","A","2","4","Iowa","19",,"Jones","105",,,,,,,,,,,,,"06",,,,,,,,"JONES COUNTY","0","0","0","0","0","0","0","1","0","0","0","1","1","1","0","0","0","0","0","0","0",20238,102,22,0,0,1,0,0,5,7,2,0,0,0,24,76,62,4,1,9
"G1901070","1980","A","2","4","Iowa","19",,"Keokuk","107",,,,,,,,,,,,,"05",,,,,,,,"KEOKUK COUNTY","0","0","1","1","1","0","0","0","0","0","0","1","1","1","1","0","0","0","0","1","0",12876,3,9,0,0,0,0,0,1,7,3,1,0,0,21,32,26,0,3,3
"G1901090","1980","A","2","4","Iowa","19",,"Kossuth","109",,,,,,,,,,,,,"02",,,,,,,,"KOSSUTH COUNTY","0","0","1","1","0","0","0","0","0","0","0","1","0","0","1","0","0","0","0","0","0",21780,6,11,0,0,3,0,14,17,7,0,0,0,0,53,98,69,0,5,24
"G1901110","1980","A","2","4","Iowa","19",,"Lee","111",,,,,,,,,,,,,"06",,,,,,,,"LEE COUNTY","0","0","0","0","0","0","0","1","0","0","0","0","0","0","0","0","0","0","0","0","1",41358,1121,61,1,0,7,41,31,24,26,39,3,0,0,394,818,478,5,5,330
"G1901130","1980","A","2","4","Iowa","19","1360","Linn","113",,,,,,,,,,,,,"F",,,,,,,,"LINN COUNTY","0","0","0","0","0","0","0","0","0","0","0","0","0","0","0","0","0","0","0","0","0",165300,2740,263,5,0,69,97,93,112,154,183,14,3,2,740,1282,901,25,53,303
"G1901150","1980","A","2","4","Iowa","19",,"Louisa","115",,,,,,,,,,,,,"06",,,,,,,,"LOUISA COUNTY","0","0","1","0","0","0","0","0","0","0","0","1","0","0","1","0","0","0","0","0","0",11935,7,19,0,0,1,0,1,4,5,4,0,0,0,79,145,69,0,2,74
"G1901170","1980","A","2","4","Iowa","19",,"Lucas","117",,,,,,,,,,,,,"03",,,,,,,,"LUCAS COUNTY","0","0","1","1","1","0","1","0","0","0","0","1","1","1","1","0","0","0","0","1","0",10270,2,13,0,0,1,0,0,2,0,11,0,0,0,14,35,29,0,0,6
"G1901190","1980","A","2","4","Iowa","19",,"Lyon","119",,,,,,,,,,,,,"01",,,,,,,,"LYON COUNTY","0","0","1","1","1","0","0","0","0","0","0","0","1","1","0","0","0","0","0","1","0",12831,2,8,0,0,3,0,3,2,0,0,0,0,0,47,20,15,0,3,2
"G1901210","1980","A","2","4","Iowa","19",,"Madison","121",,,,,,,,,,,,,"03",,,,,,,,"MADISON COUNTY","0","0","1","1","1","0","0","0","0","0","0","0","1","1","1","0","0","0","0","1","0",12538,5,12,0,0,1,2,2,1,3,1,1,0,0,31,39,29,0,1,9
"G1901230","1980","A","2","4","Iowa","19",,"Mahaska","123",,,,,,,,,,,,,"05",,,,,,,,"MAHASKA COUNTY","0","0","0","0","0","0","0","1","0","0","0","0","0","0","0","0","0","0","0","0","0",22547,116,33,0,0,15,1,3,20,3,15,0,1,2,111,96,67,1,3,25
"G1901250","1980","A","2","4","Iowa","19",,"Marion","125",,,,,,,,,,,,,"03",,,,,,,,"MARION COUNTY","0","0","0","0","0","0","0","1","0","0","0","0","0","0","0","0","0","0","0","0","0",29218,103,30,0,0,11,6,28,43,22,41,4,0,1,162,164,108,3,5,48
"G1901270","1980","A","2","4","Iowa","19",,"Marshall","127",,,,,,,,,,,,,"05",,,,,,,,"MARSHALL COUNTY","0","0","0","0","0","0","0","0","0","0","0","0","0","0","0","0","0","0","0","0","0",40892,266,75,0,0,7,22,28,15,60,30,0,1,0,256,274,153,0,8,113
"G1901290","1980","A","2","4","Iowa","19",,"Mills","129",,,,,,,,,,,,,"01",,,,,,,,"MILLS COUNTY","0","0","0","0","0","0","0","0","0","0","0","1","0","0","1","0","0","0","0","1","0",13326,16,21,0,0,2,2,4,5,2,4,1,0,0,23,54,38,0,4,12
"G1901310","1980","A","2","4","Iowa","19",,"Mitchell","131",,,,,,,,,,,,,"04",,,,,,,,"MITCHELL COUNTY","0","0","0","1","1","0","1","0","0","0","0","0","1","1","0","0","0","0","0","0","0",12317,0,1,0,0,1,0,0,4,0,5,0,0,0,1,38,37,0,0,1
"G1901330","1980","A","2","4","Iowa","19",,"Monona","133",,,,,,,,,,,,,"01",,,,,,,,"MONONA COUNTY","0","0","0","0","1","0","0","0","0","0","0","0","1","1","1","0","0","0","0","1","0",11660,0,18,0,0,2,0,0,1,1,0,0,0,0,10,42,34,0,1,7
"G1901350","1980","A","2","4","Iowa","19",,"Monroe","135",,,,,,,,,,,,,"03",,,,,,,,"MONROE COUNTY","0","0","0","1","1","0","1","0","0","0","0","0","1","1","1","0","0","0","0","1","0",9154,25,12,0,0,0,0,0,4,2,0,0,1,0,11,35,27,0,0,8
"G1901370","1980","A","2","4","Iowa","19",,"Montgomery","137",,,,,,,,,,,,,"01",,,,,,,,"MONTGOMERY COUNTY","0","0","1","1","0","0","0","0","0","0","0","1","0","0","1","0","0","0","0","1","0",13346,8,11,0,0,1,5,4,2,2,1,0,0,0,33,31,21,0,1,9
"G1901390","1980","A","2","4","Iowa","19",,"Muscatine","139",,,,,,,,,,,,,"06",,,,,,,,"MUSCATINE COUNTY","0","0","0","0","0","0","0","1","0","0","0","0","0","0","0","0","0","0","0","0","1",38737,187,46,1,0,7,17,7,39,20,37,0,2,7,1329,2091,823,12,6,1250
"G1901410","1980","A","2","4","Iowa","19",,"O Brien","141",,,,,,,,,,,,,"01",,,,,,,,"O@BRIEN COUNTY","0","0","1","1","1","0","1","0","0","0","0","1","1","1","1","0","0","0","0","1","0",16946,3,5,0,0,1,0,2,5,1,0,0,0,0,9,42,40,0,0,2
"G1901430","1980","A","2","4","Iowa","19",,"Osceola","143",,,,,,,,,,,,,"02",,,,,,,,"OSCEOLA COUNTY","0","0","1","1","1","0","1","0","0","0","0","0","1","1","1","0","0","0","0","0","0",8333,10,7,5,0,0,0,0,4,2,0,0,0,0,10,22,19,0,0,3
"G1901450","1980","A","2","4","Iowa","19",,"Page","145",,,,,,,,,,,,,"01",,,,,,,,"PAGE COUNTY","0","0","0","0","0","0","0","0","0","0","0","1","0","0","1","0","0","0","0","0","0",18863,37,20,2,0,14,0,8,4,17,14,0,0,0,84,139,64,0,7,68
"G1901470","1980","A","2","4","Iowa","19",,"Palo Alto","147",,,,,,,,,,,,,"02",,,,,,,,"PALO ALTO COUNTY","0","0","1","1","1","0","0","0","0","0","0","1","1","1","1","0","0","0","0","1","0",12682,6,5,0,0,3,0,1,1,3,2,0,0,0,18,45,31,0,1,13
"G1901490","1980","A","2","4","Iowa","19",,"Plymouth","149",,,,,,,,,,,,,"01",,,,,,,,"PLYMOUTH COUNTY","0","0","0","0","0","0","0","0","0","0","0","1","1","0","0","0","0","0","0","1","0",24598,46,24,0,0,3,4,3,9,6,9,5,0,3,33,78,66,0,3,9
"G1901510","1980","A","2","4","Iowa","19",,"Pocahontas","151",,,,,,,,,,,,,"02",,,,,,,,"POCAHONTAS COUNTY","0","0","1","1","1","0","0","0","0","0","0","0","1","1","0","0","0","0","0","1","0",11348,1,8,0,0,0,0,2,3,1,0,1,0,0,5,42,37,0,2,3
"G1901530","1980","A","2","4","Iowa","19","2120","Polk","153",,,,,,,,,,,,,"C",,,,,,,,"POLK COUNTY","0","0","0","0","0","0","0","0","0","0","0","0","0","0","0","0","0","0","0","0","0",282831,13700,700,5,7,129,254,281,382,426,679,34,16,3,3723,4579,2688,130,101,1660
"G1901550","1980","A","2","4","Iowa","19","5920","Pottawattamie","155",,,,,,,,,,,,,"B",,,,,,,,"POTTAWATTAMIE COUNTY","0","0","0","0","0","0","0","1","0","0","0","0","0","0","0","0","0","0","0","0","1",85256,443,165,1,5,35,19,44,54,32,34,4,5,0,464,1207,837,5,19,346
"G1901570","1980","A","2","4","Iowa","19",,"Poweshiek","157",,,,,,,,,,,,,"05",,,,,,,,"POWESHIEK COUNTY","0","0","0","0","0","0","0","0","0","0","0","0","0","0","0","0","0","0","0","0","0",19073,66,19,1,0,18,13,4,21,14,15,1,0,0,61,73,52,0,3,18
"G1901590","1980","A","2","4","Iowa","19",,"Ringgold","159",,,,,,,,,,,,,"03",,,,,,,,"RINGGOLD COUNTY","0","0","0","1","0","0","0","0","0","0","0","0","1","0","1","0","0","0","0","1","0",6075,0,8,0,0,1,0,2,3,11,6,0,0,0,6,25,23,0,1,1
"G1901610","1980","A","2","4","Iowa","19",,"Sac","161",,,,,,,,,,,,,"01",,,,,,,,"SAC COUNTY","0","0","1","1","1","0","0","0","0","0","0","1","1","1","1","0","0","0","0","0","0",14077,3,3,0,0,3,0,1,0,3,1,0,0,0,27,35,30,0,1,4
"G1901630","1980","A","2","4","Iowa","19","1960","Scott","163",,,,,,,,,,,,,"D",,,,,,,,"SCOTT COUNTY","0","0","0","0","0","0","0","0","0","0","0","0","0","0","0","0","0","0","0","0","0",150425,6620,329,7,3,79,138,106,226,134,114,15,2,1,1823,3553,1884,74,89,1506
"G1901650","1980","A","2","4","Iowa","19",,"Shelby","165",,,,,,,,,,,,,"01",,,,,,,,"SHELBY COUNTY","0","0","1","1","0","0","1","0","0","0","0","1","1","0","0","0","0","0","0","1","0",14951,6,4,0,0,5,10,5,18,3,22,0,0,0,19,50,46,0,0,4
"G1901670","1980","A","2","4","Iowa","19",,"Sioux","167",,,,,,,,,,,,,"01",,,,,,,,"SIOUX COUNTY","0","0","0","0","0","0","0","0","0","0","0","1","0","0","1","0","0","0","0","1","0",30562,35,60,0,0,5,1,6,8,2,25,0,0,13,96,85,63,0,8,14
"G1901690","1980","A","2","4","Iowa","19",,"Story","169",,,,,,,,,,,,,"02",,,,,,,,"STORY COUNTY","0","0","0","0","0","0","0","1","0","0","0","0","0","0","0","0","0","0","0","0","1",69452,789,56,1,2,117,477,60,199,255,131,3,2,5,777,617,429,7,22,159
"G1901710","1980","A","2","4","Iowa","19",,"Tama","171",,,,,,,,,,,,,"05",,,,,,,,"TAMA COUNTY","0","0","1","0","0","0","0","0","0","0","0","1","0","1","0","0","0","0","0","0","0",18794,13,658,0,0,5,3,7,7,6,5,1,0,0,34,78,55,0,8,15
"G1901730","1980","A","2","4","Iowa","19",,"Taylor","173",,,,,,,,,,,,,"03",,,,,,,,"TAYLOR COUNTY","0","0","1","1","0","0","1","0","0","0","0","1","1","1","1","0","0","0","0","1","0",8320,1,5,0,0,0,14,0,4,1,0,0,0,0,8,27,25,0,0,2
"G1901750","1980","A","2","4","Iowa","19",,"Union","175",,,,,,,,,,,,,"03",,,,,,,,"UNION COUNTY","0","0","0","1","0","0","0","0","0","0","0","1","1","0","1","0","0","0","0","1","0",13799,16,7,0,0,0,4,6,8,8,0,0,0,0,10,38,32,0,4,2
"G1901770","1980","A","2","4","Iowa","19",,"Van Buren","177",,,,,,,,,,,,,"03",,,,,,,,"VAN BUREN COUNTY","0","0","1","1","0","0","1","0","0","0","0","1","1","0","1","0","0","0","1","1","0",8570,6,7,0,0,4,0,1,4,2,19,0,0,0,13,22,20,0,2,0
"G1901790","1980","A","2","4","Iowa","19",,"Wapello","179",,,,,,,,,,,,,"03",,,,,,,,"WAPELLO COUNTY","0","0","0","0","0","0","0","0","0","0","0","0","0","0","0","0","0","0","0","1","0",39737,277,48,0,0,10,7,7,12,19,14,2,0,0,108,165,141,0,5,19
"G1901810","1980","A","2","4","Iowa","19","2120","Warren","181",,,,,,,,,,,,,"03",,,,,,,,"WARREN COUNTY","0","0","0","0","0","0","0","0","0","0","0","0","0","0","0","0","0","0","0","0","0",34550,118,39,0,0,8,2,9,29,14,46,4,0,0,59,181,146,0,3,32
"G1901830","1980","A","2","4","Iowa","19",,"Washington","183",,,,,,,,,,,,,"05",,,,,,,,"WASHINGTON COUNTY","0","0","0","1","0","0","1","0","0","0","0","0","0","0","0","0","0","0","0","1","0",20012,29,10,0,0,3,11,0,2,12,16,1,0,0,45,106,98,0,0,8
"G1901850","1980","A","2","4","Iowa","19",,"Wayne","185",,,,,,,,,,,,,"03",,,,,,,,"WAYNE COUNTY","0","0","0","1","0","0","1","0","0","0","0","0","1","1","0","0","0","0","0","0","0",8153,0,8,0,0,0,2,2,7,4,0,0,0,0,23,17,16,0,0,1
"G1901870","1980","A","2","4","Iowa","19",,"Webster","187",,,,,,,,,,,,,"02",,,,,,,,"WEBSTER COUNTY","0","0","0","0","0","0","0","1","0","0","0","0","0","0","0","0","0","0","0","0","1",44783,797,34,2,0,11,14,1,22,6,64,2,0,0,217,475,307,11,7,150
"G1901890","1980","A","2","4","Iowa","19",,"Winnebago","189",,,,,,,,,,,,,"04",,,,,,,,"WINNEBAGO COUNTY","0","0","0","1","0","0","0","1","0","0","0","1","0","1","0","0","0","0","0","0","0",12896,26,7,0,0,3,0,3,6,0,12,0,1,0,56,78,36,2,2,38
"G1901910","1980","A","2","4","Iowa","19",,"Winneshiek","191",,,,,,,,,,,,,"04",,,,,,,,"WINNESHIEK COUNTY","0","0","0","1","0","0","0","1","0","0","0","0","0","1","1","0","0","0","0","1","0",21588,93,2,0,0,5,2,0,12,0,15,4,0,1,154,59,39,3,0,17
"G1901930","1980","A","2","4","Iowa","19","7720","Woodbury","193",,,,,,,,,,,,,"A",,,,,,,,"WOODBURY COUNTY","0","0","0","0","0","0","0","0","0","0","0","0","0","0","0","0","0","0","0","0","0",97659,1126,1167,2,0,34,48,41,59,47,78,3,0,4,616,1145,623,20,95,407
"G1901950","1980","A","2","4","Iowa","19",,"Worth","195",,,,,,,,,,,,,"04",,,,,,,,"WORTH COUNTY","0","0","0","1","1","0","0","0","0","0","0","0","1","1","0","0","0","0","0","0","0",9008,22,4,0,0,1,1,1,1,0,2,0,0,0,35,67,45,0,0,22
"G1901970","1980","A","2","4","Iowa","19",,"Wright","197",,,,,,,,,,,,,"02",,,,,,,,"WRIGHT COUNTY","0","0","0","0","0","0","0","0","0","0","0","0","0","0","0","0","0","0","0","0","0",16178,0,18,0,0,8,9,1,14,4,42,0,0,0,45,87,49,0,6,32
"G2000010","1980","A","2","4","Kansas","20",,"Allen","001",,,,,,,,,,,,,"07",,,,,,,,"ALLEN COUNTY","0","0","0","0","0","0","0","1","0","0","0","0","0","0","0","0","0","0","0","0","0",15196,247,74,4,0,4,1,2,3,4,8,2,3,0,106,220,139,2,1,78
"G2000030","1980","A","2","4","Kansas","20",,"Anderson","003",,,,,,,,,,,,,"07",,,,,,,,"ANDERSON COUNTY","0","0","1","0","1","0","0","0","0","0","0","1","0","1","1","0","0","0","0","1","0",8675,14,42,0,1,1,0,0,2,2,1,0,0,0,11,59,48,0,1,10
"G2000050","1980","A","2","4","Kansas","20",,"Atchison","005",,,,,,,,,,,,,"06",,,,,,,,"ATCHISON COUNTY","0","0","0","0","0","0","0","1","0","0","0","0","0","0","0","0","0","0","0","0","0",16999,1143,69,1,1,9,5,5,8,8,11,0,1,0,137,278,158,2,11,107
"G2000070","1980","A","2","4","Kansas","20",,"Barber","007",,,,,,,,,,,,,"01",,,,,,,,"BARBER COUNTY","0","0","1","0","1","0","0","0","0","0","0","1","0","1","0","0","0","0","0","1","0",6457,10,26,0,0,0,0,0,2,4,4,0,0,0,45,67,23,0,0,44
"G2000090","1980","A","2","4","Kansas","20",,"Barton","009",,,,,,,,,,,,,"02",,,,,,,,"BARTON COUNTY","0","0","0","0","0","0","0","1","0","0","0","0","0","0","0","0","0","0","0","0","0",30598,322,73,0,1,8,7,14,23,12,81,0,0,0,204,439,257,3,12,167
"G2000110","1980","A","2","4","Kansas","20",,"Bourbon","011",,,,,,,,,,,,,"07",,,,,,,,"BOURBON COUNTY","0","0","0","0","0","0","0","0","0","0","0","0","0","0","0","0","0","0","0","0","0",15406,398,51,0,1,1,2,2,1,40,7,2,5,0,53,93,65,0,1,27
"G2000130","1980","A","2","4","Kansas","20",,"Brown","013",,,,,,,,,,,,,"06",,,,,,,,"BROWN COUNTY","0","0","0","0","1","0","0","1","0","0","0","0","0","1","1","0","0","0","0","0","0",11128,127,631,1,0,1,1,1,1,7,2,0,0,0,55,190,96,1,51,42
"G2000150","1980","A","2","4","Kansas","20","9040","Butler","015",,,,,,,,,,,,,"05",,,,,,,,"BUTLER COUNTY","0","0","0","0","0","0","0","0","0","0","0","0","0","0","0","0","0","0","0","0","0",43889,269,243,3,0,10,8,13,21,24,23,7,1,0,271,558,335,0,19,204
"G2000170","1980","A","2","4","Kansas","20",,"Chase","017",,,,,,,,,,,,,"05",,,,,,,,"CHASE COUNTY","0","0","0","0","1","0","0","1","0","0","0","0","1","0","1","0","0","0","0","1","0",3249,19,17,0,0,1,0,0,0,2,0,0,0,0,21,40,20,1,0,19
"G2000190","1980","A","2","4","Kansas","20",,"Chautauqua","019",,,,,,,,,,,,,"05",,,,,,,,"CHAUTAUQUA COUNTY","0","0","1","0","0","0","0","0","0","0","0","0","0","0","0","0","0","0","0","1","0",4868,14,91,0,0,0,3,8,3,0,1,4,2,0,22,41,20,0,2,19
"G2000210","1980","A","2","4","Kansas","20",,"Cherokee","021",,,,,,,,,,,,,"08",,,,,,,,"CHEROKEE COUNTY","0","0","0","0","0","0","0","0","0","0","0","0","0","0","0","0","0","0","0","0","0",21596,162,481,0,0,2,3,5,1,7,2,1,0,1,43,110,87,0,9,14
"G2000230","1980","A","2","4","Kansas","20",,"Cheyenne","023",,,,,,,,,,,,,"02",,,,,,,,"CHEYENNE COUNTY","0","0","1","1","1","1","1","0","0","0","0","0","1","1","1","0","0","0","0","0","0",3654,1,6,0,0,0,0,0,0,0,6,0,0,0,11,7,2,0,0,5
"G2000250","1980","A","2","4","Kansas","20",,"Clark","025",,,,,,,,,,,,,"01",,,,,,,,"CLARK COUNTY","0","0","0","1","1","0","1","0","0","0","0","0","1","1","1","0","0","0","0","1","0",2579,0,9,0,0,0,1,0,0,1,0,0,0,0,9,20,11,0,0,9
"G2000270","1980","A","2","4","Kansas","20",,"Clay","027",,,,,,,,,,,,,"03",,,,,,,,"CLAY COUNTY","0","0","0","1","1","0","0","1","0","0","0","0","0","1","1","0","0","0","0","1","0",9748,22,10,0,0,4,1,2,2,1,0,2,0,0,10,43,32,1,2,8
"G2000290","1980","A","2","4","Kansas","20",,"Cloud","029",,,,,,,,,,,,,"03",,,,,,,,"CLOUD COUNTY","0","0","0","1","0","0","0","0","0","0","0","1","1","1","1","0","0","0","0","1","0",12430,18,6,0,0,2,0,5,2,1,2,1,1,1,25,50,31,0,1,18
"G2000310","1980","A","2","4","Kansas","20",,"Coffey","031",,,,,,,,,,,,,"07",,,,,,,,"COFFEY COUNTY","0","0","1","0","0","0","1","0","0","0","0","1","0","0","1","0","0","0","0","1","0",9294,2,37,0,0,2,0,2,0,2,7,0,2,0,22,37,24,0,0,13
"G2000330","1980","A","2","4","Kansas","20",,"Comanche","033",,,,,,,,,,,,,"01",,,,,,,,"COMANCHE COUNTY","0","0","1","1","0","1","1","0","0","0","0","0","0","0","0","0","0","0","0","0","0",2548,1,2,0,0,0,0,0,0,0,0,0,0,0,3,11,8,0,0,3
"G2000350","1980","A","2","4","Kansas","20",,"Cowley","035",,,,,,,,,,,,,"05",,,,,,,,"COWLEY COUNTY","0","0","0","0","0","0","0","1","0","0","0","0","0","0","0","0","0","0","0","0","1",34679,891,539,0,6,10,7,8,11,35,22,2,2,0,612,856,325,7,27,497
"G2000370","1980","A","2","4","Kansas","20",,"Crawford","037",,,,,,,,,,,,,"08",,,,,,,,"CRAWFORD COUNTY","0","0","0","0","0","0","0","1","0","0","0","0","0","0","0","0","0","0","0","0","0",36998,432,169,0,0,11,45,7,7,49,4,2,1,0,191,260,194,1,5,60
"G2000390","1980","A","2","4","Kansas","20",,"Decatur","039",,,,,,,,,,,,,"02",,,,,,,,"DECATUR COUNTY","0","0","0","1","1","1","1","0","0","0","1","0","1","0","0","0","0","0","0","0","0",4493,0,8,0,0,4,0,1,2,0,0,0,0,0,1,14,14,0,0,0
"G2000410","1980","A","2","4","Kansas","20",,"Dickinson","041",,,,,,,,,,,,,"03",,,,,,,,"DICKINSON COUNTY","0","0","0","0","0","0","0","1","0","0","0","0","0","0","0","0","0","0","0","0","1",19897,75,34,0,0,9,2,11,11,7,2,1,0,0,126,326,209,3,11,103
"G2000430","1980","A","2","4","Kansas","20",,"Doniphan","043",,,,,,,,,,,,,"06",,,,,,,,"DONIPHAN COUNTY","0","0","0","0","0","0","0","0","0","0","0","0","0","0","0","0","0","0","0","1","0",8893,249,91,0,0,4,0,1,1,3,0,0,6,0,20,65,49,0,0,16
"G2000450","1980","A","2","4","Kansas","20","4150","Douglas","045",,,,,,,,,,,,,"06",,,,,,,,"DOUGLAS COUNTY","0","0","0","0","0","0","0","0","0","0","0","0","0","0","0","0","0","0","0","0","0",60422,3065,1742,7,4,202,299,44,136,272,54,15,5,5,1368,1548,708,62,96,682
"G2000470","1980","A","2","4","Kansas","20",,"Edwards","047",,,,,,,,,,,,,"02",,,,,,,,"EDWARDS COUNTY","0","0","1","1","1","0","0","0","0","0","0","1","0","1","0","0","0","0","0","0","0",4117,4,8,0,0,0,0,1,1,2,4,0,0,0,134,175,46,0,1,128
"G2000490","1980","A","2","4","Kansas","20",,"Elk","049",,,,,,,,,,,,,"05",,,,,,,,"ELK COUNTY","0","0","0","0","1","0","0","0","0","0","0","0","1","1","0","0","0","0","0","0","0",3870,0,19,0,0,1,0,4,0,2,0,0,0,0,22,55,31,0,6,18
"G2000510","1980","A","2","4","Kansas","20",,"Ellis","051",,,,,,,,,,,,,"02",,,,,,,,"ELLIS COUNTY","0","0","0","0","0","0","0","1","0","0","0","0","0","0","0","0","0","0","0","0","1",25712,119,34,0,0,15,10,4,12,8,12,5,3,0,164,201,129,1,3,68
"G2000530","1980","A","2","4","Kansas","20",,"Ellsworth","053",,,,,,,,,,,,,"02",,,,,,,,"ELLSWORTH COUNTY","0","0","1","1","1","0","0","0","0","0","0","1","0","1","0","0","0","0","0","0","0",6547,3,10,0,0,3,0,6,0,1,0,0,0,0,70,192,120,0,5,67
"G2000550","1980","A","2","4","Kansas","20",,"Finney","055",,,,,,,,,,,,,"02",,,,,,,,"FINNEY COUNTY","0","0","0","0","0","0","0","1","0","0","0","0","0","0","0","0","0","0","0","0","1",21444,197,123,0,0,1,24,5,17,8,44,1,0,0,1961,3459,1507,5,35,1912
"G2000570","1980","A","2","4","Kansas","20",,"Ford","057",,,,,,,,,,,,,"01",,,,,,,,"FORD COUNTY","0","0","0","0","0","0","0","1","0","0","0","0","0","0","0","0","0","0","0","0","1",22825,354,77,2,0,12,21,6,11,6,26,2,0,0,973,1556,619,4,8,925
"G2000590","1980","A","2","4","Kansas","20",,"Franklin","059",,,,,,,,,,,,,"07",,,,,,,,"FRANKLIN COUNTY","0","0","0","0","0","0","0","1","0","0","0","0","0","0","0","0","0","0","0","0","1",21410,329,103,0,1,16,20,4,1,5,10,0,0,0,163,354,216,5,6,127
"G2000610","1980","A","2","4","Kansas","20",,"Geary","061",,,,,,,,,,,,,"05",,,,,,,,"GEARY COUNTY","0","0","0","0","0","0","0","0","0","0","0","0","0","0","0","0","0","0","0","0","0",21678,5705,158,0,0,152,23,161,567,20,33,53,29,15,1258,1765,615,82,68,1000
"G2000630","1980","A","2","4","Kansas","20",,"Gove","063",,,,,,,,,,,,,"02",,,,,,,,"GOVE COUNTY","0","0","1","1","1","1","1","0","0","0","0","0","1","0","1","0","0","0","1","0","0",3705,2,5,0,0,0,0,0,1,1,0,0,0,0,12,7,3,0,0,4
"G2000650","1980","A","2","4","Kansas","20",,"Graham","065",,,,,,,,,,,,,"02",,,,,,,,"GRAHAM COUNTY","0","0","0","1","1","0","1","1","0","0","0","0","1","1","0","0","0","0","1","1","1",3844,138,2,0,0,1,0,0,0,8,0,0,0,0,2,17,12,5,0,0
"G2000670","1980","A","2","4","Kansas","20",,"Grant","067",,,,,,,,,,,,,"01",,,,,,,,"GRANT COUNTY","0","0","1","0","0","0","0","0","0","0","0","1","0","0","1","0","0","0","0","0","0",6334,3,31,0,0,12,0,0,1,4,5,0,0,0,587,1115,543,0,1,571
"G2000690","1980","A","2","4","Kansas","20",,"Gray","069",,,,,,,,,,,,,"01",,,,,,,,"GRAY COUNTY","0","0","1","1","1","0","0","0","0","0","0","1","1","1","0","0","0","0","0","0","0",5053,6,4,0,0,0,0,0,2,0,3,0,0,0,70,105,37,0,0,68
"G2000710","1980","A","2","4","Kansas","20",,"Greeley","071",,,,,,,,,,,,,"01",,,,,,,,"GREELEY COUNTY","0","0","1","1","1","0","0","0","0","0","0","1","1","1","0","0","0","0","0","0","0",1777,8,4,0,0,1,0,0,0,0,0,0,0,0,55,114,59,0,0,55
"G2000730","1980","A","2","4","Kansas","20",,"Greenwood","073",,,,,,,,,,,,,"05",,,,,,,,"GREENWOOD COUNTY","0","0","0","0","1","0","0","0","0","0","0","0","0","1","1","0","0","0","0","0","0",8677,0,51,0,0,0,0,0,1,3,0,1,0,0,31,71,45,0,1,25
"G2000750","1980","A","2","4","Kansas","20",,"Hamilton","075",,,,,,,,,,,,,"01",,,,,,,,"HAMILTON COUNTY","0","0","1","1","1","0","0","0","0","0","0","1","1","1","0","0","0","0","0","0","0",2461,2,5,0,0,0,0,1,0,0,0,0,0,0,45,88,45,0,1,42
"G2000770","1980","A","2","4","Kansas","20",,"Harper","077",,,,,,,,,,,,,"03",,,,,,,,"HARPER COUNTY","0","0","0","0","1","0","0","0","0","0","0","0","0","1","1","0","0","0","0","0","0",7700,24,18,0,0,0,1,0,0,3,0,1,0,0,31,75,47,0,0,28
"G2000790","1980","A","2","4","Kansas","20",,"Harvey","079",,,,,,,,,,,,,"03",,,,,,,,"HARVEY COUNTY","0","0","0","0","0","0","0","0","0","0","0","0","0","0","0","0","0","0","0","0","1",29003,495,95,1,4,12,14,13,9,28,30,2,0,0,825,1243,516,17,7,703
"G2000810","1980","A","2","4","Kansas","20",,"Haskell","081",,,,,,,,,,,,,"01",,,,,,,,"HASKELL COUNTY","0","0","1","0","1","0","0","0","0","0","0","0","0","1","1","0","0","0","0","0","0",3571,1,20,0,0,0,0,9,0,2,0,0,0,0,211,324,108,0,7,209
"G2000830","1980","A","2","4","Kansas","20",,"Hodgeman","083",,,,,,,,,,,,,"02",,,,,,,,"HODGEMAN COUNTY","0","0","0","1","1","0","1","0","0","0","0","1","0","0","1","0","0","0","1","1","0",2232,21,4,0,0,0,0,0,1,1,0,0,0,0,10,15,6,0,0,9
"G2000850","1980","A","2","4","Kansas","20",,"Jackson","085",,,,,,,,,,,,,"06",,,,,,,,"JACKSON COUNTY","0","0","0","0","1","0","0","1","0","0","0","0","0","1","1","0","0","0","0","0","0",11046,23,543,0,0,3,1,3,2,3,0,0,0,0,20,80,43,2,19,16
"G2000870","1980","A","2","4","Kansas","20","8440","Jefferson","087",,,,,,,,,,,,,"06",,,,,,,,"JEFFERSON COUNTY","0","0","0","0","0","0","0","0","0","0","0","0","0","1","1","0","0","0","0","1","0",14997,51,110,0,0,4,1,1,3,1,11,0,0,0,28,80,60,0,1,19
"G2000890","1980","A","2","4","Kansas","20",,"Jewell","089",,,,,,,,,,,,,"04",,,,,,,,"JEWELL COUNTY","0","0","1","1","1","1","1","0","0","0","0","0","1","1","1","0","0","0","0","0","0",5218,4,11,0,0,1,0,0,3,0,0,0,0,0,4,3,2,0,0,1
"G2000910","1980","A","2","4","Kansas","20","3760","Johnson","091",,,,,,,,,,,,,"B",,,,,,,,"JOHNSON COUNTY","0","0","0","0","0","0","0","0","0","0","0","0","0","0","0","0","0","0","0","0","0",262619,3161,661,13,2,198,534,233,387,538,200,17,9,2,1695,4035,2956,25,86,968
"G2000930","1980","A","2","4","Kansas","20",,"Kearny","093",,,,,,,,,,,,,"01",,,,,,,,"KEARNY COUNTY","0","0","1","0","1","0","0","0","0","0","0","0","0","1","1","0","0","0","0","0","0",3180,3,16,0,0,0,0,2,0,1,0,0,0,0,233,457,229,0,2,226
"G2000950","1980","A","2","4","Kansas","20",,"Kingman","095",,,,,,,,,,,,,"03",,,,,,,,"KINGMAN COUNTY","0","0","1","0","0","0","0","1","0","0","0","1","0","0","1","0","0","0","0","0","1",8870,3,15,0,0,3,0,0,1,8,4,0,0,0,56,84,35,1,1,47
"G2000970","1980","A","2","4","Kansas","20",,"Kiowa","097",,,,,,,,,,,,,"02",,,,,,,,"KIOWA COUNTY","0","0","1","1","1","0","1","0","0","0","0","0","1","0","1","0","0","0","1","1","0",4019,3,6,0,0,0,0,3,2,1,0,0,0,0,12,15,10,0,0,5
"G2000990","1980","A","2","4","Kansas","20",,"Labette","099",,,,,,,,,,,,,"08",,,,,,,,"LABETTE COUNTY","0","0","0","0","0","0","0","1","0","0","0","0","0","0","0","0","0","0","0","0","1",23911,1179,250,3,0,2,1,16,9,23,9,7,0,0,272,486,241,12,6,227
"G2001010","1980","A","2","4","Kansas","20",,"Lane","101",,,,,,,,,,,,,"02",,,,,,,,"LANE COUNTY","0","0","0","1","1","0","1","0","0","0","0","0","0","1","1","0","0","0","0","1","0",2442,0,1,0,0,0,0,0,0,0,0,1,0,0,28,37,9,0,0,28
"G2001030","1980","A","2","4","Kansas","20",,"Leavenworth","103",,,,,,,,,,,,,"06",,,,,,,,"LEAVENWORTH COUNTY","0","0","0","0","0","0","0","0","0","0","0","0","0","0","0","0","0","0","0","0","0",47721,5508,272,3,0,83,24,89,166,41,42,31,24,7,798,1314,674,82,53,505
"G2001050","1980","A","2","4","Kansas","20",,"Lincoln","105",,,,,,,,,,,,,"02",,,,,,,,"LINCOLN COUNTY","0","0","0","1","1","0","0","0","0","0","0","0","1","0","1","0","0","0","0","1","0",4120,0,4,1,0,0,0,0,0,1,0,0,0,0,19,29,16,0,1,12
"G2001070","1980","A","2","4","Kansas","20",,"Linn","107",,,,,,,,,,,,,"07",,,,,,,,"LINN COUNTY","0","0","0","0","1","0","1","0","0","0","0","0","0","0","0","0","0","0","1","1","0",8154,35,34,0,0,0,0,0,0,4,1,2,0,0,4,21,20,0,0,1
"G2001090","1980","A","2","4","Kansas","20",,"Logan","109",,,,,,,,,,,,,"01",,,,,,,,"LOGAN COUNTY","0","0","0","1","1","0","1","0","0","0","0","0","1","0","1","0","0","0","0","1","0",3438,25,7,0,0,0,0,0,2,0,0,0,0,0,6,29,23,0,0,6
"G2001110","1980","A","2","4","Kansas","20",,"Lyon","111",,,,,,,,,,,,,"05",,,,,,,,"LYON COUNTY","0","0","0","0","0","0","0","0","0","0","0","0","0","0","0","0","0","0","0","0","0",33051,764,174,0,0,15,44,16,12,36,38,6,6,0,946,1567,762,19,41,745
"G2001130","1980","A","2","4","Kansas","20",,"McPherson","113",,,,,,,,,,,,,"03",,,,,,,,"MCPHERSON COUNTY","0","0","0","0","0","0","0","1","0","0","0","0","0","0","0","0","0","0","0","0","1",26373,184,60,8,1,8,7,12,5,13,64,0,0,2,118,250,162,4,8,76
"G2001150","1980","A","2","4","Kansas","20",,"Marion","115",,,,,,,,,,,,,"03",,,,,,,,"MARION COUNTY","0","0","0","0","0","0","0","0","0","0","0","0","0","0","0","0","0","0","0","0","0",13339,58,34,0,0,0,1,5,5,8,2,0,0,0,70,140,82,0,4,54
"G2001170","1980","A","2","4","Kansas","20",,"Marshall","117",,,,,,,,,,,,,"04",,,,,,,,"MARSHALL COUNTY","0","0","1","1","1","0","0","0","0","0","0","1","1","1","1","0","0","0","0","1","0",12750,6,5,0,0,0,4,5,2,1,1,0,0,0,13,37,26,0,5,6
"G2001190","1980","A","2","4","Kansas","20",,"Meade","119",,,,,,,,,,,,,"01",,,,,,,,"MEADE COUNTY","0","0","0","1","1","0","0","0","0","0","0","0","1","1","0","0","0","0","0","0","0",4676,0,12,0,0,2,1,1,0,0,1,0,0,0,95,165,70,0,0,95
"G2001210","1980","A","2","4","Kansas","20",,"Miami","121",,,,,,,,,,,,,"07",,,,,,,,"MIAMI COUNTY","0","0","0","0","0","0","0","0","0","0","0","0","0","0","0","0","0","0","0","0","0",20807,617,74,0,0,5,5,25,7,11,0,1,0,0,66,204,143,0,13,48
"G2001230","1980","A","2","4","Kansas","20",,"Mitchell","123",,,,,,,,,,,,,"02",,,,,,,,"MITCHELL COUNTY","0","0","1","0","0","0","1","0","0","0","0","1","1","0","1","0","0","0","0","1","0",8044,16,17,0,0,1,9,1,1,2,13,0,0,0,13,30,23,0,0,7
"G2001250","1980","A","2","4","Kansas","20",,"Montgomery","125",,,,,,,,,,,,,"08",,,,,,,,"MONTGOMERY COUNTY","0","0","0","0","0","0","0","0","0","0","0","0","0","0","0","0","0","0","0","0","1",38512,2742,535,0,1,14,27,18,16,26,24,0,0,0,366,645,320,19,21,285
"G2001270","1980","A","2","4","Kansas","20",,"Morris","127",,,,,,,,,,,,,"05",,,,,,,,"MORRIS COUNTY","0","0","0","0","1","0","0","0","0","0","0","0","0","1","1","0","0","0","0","0","0",6346,19,22,0,0,3,2,1,1,1,0,0,0,0,24,64,41,0,1,22
"G2001290","1980","A","2","4","Kansas","20",,"Morton","129",,,,,,,,,,,,,"01",,,,,,,,"MORTON COUNTY","0","0","1","1","0","0","0","0","0","0","0","1","1","1","0","0","0","0","0","0","0",3274,4,8,0,0,0,0,17,0,0,0,0,0,0,151,270,120,0,1,149
"G2001310","1980","A","2","4","Kansas","20",,"Nemaha","131",,,,,,,,,,,,,"06",,,,,,,,"NEMAHA COUNTY","0","0","0","0","0","0","0","0","0","0","0","0","1","0","1","0","0","0","0","1","0",11123,33,16,0,0,4,1,2,4,3,5,0,4,0,16,33,22,0,2,9
"G2001330","1980","A","2","4","Kansas","20",,"Neosho","133",,,,,,,,,,,,,"08",,,,,,,,"NEOSHO COUNTY","0","0","0","0","0","0","0","0","0","0","0","0","0","0","0","0","0","0","0","0","0",18424,221,80,0,0,5,4,5,14,12,0,0,0,0,202,375,200,0,10,165
"G2001350","1980","A","2","4","Kansas","20",,"Ness","135",,,,,,,,,,,,,"02",,,,,,,,"NESS COUNTY","0","0","1","1","1","1","1","0","0","0","0","1","1","1","1","0","0","0","1","1","0",4473,3,2,0,0,0,0,0,1,0,13,0,0,0,6,10,10,0,0,0
"G2001370","1980","A","2","4","Kansas","20",,"Norton","137",,,,,,,,,,,,,"04",,,,,,,,"NORTON COUNTY","0","0","0","1","1","0","0","0","0","0","0","1","1","1","0","0","0","0","0","0","0",6645,15,2,0,0,2,0,0,9,2,1,0,0,0,13,40,30,0,2,8
"G2001390","1980","A","2","4","Kansas","20","8440","Osage","139",,,,,,,,,,,,,"07",,,,,,,,"OSAGE COUNTY","0","0","0","0","0","0","0","0","0","0","0","0","0","0","0","0","0","0","0","0","0",15154,18,47,0,0,5,1,9,3,6,1,1,0,0,74,148,95,0,1,52
"G2001410","1980","A","2","4","Kansas","20",,"Osborne","141",,,,,,,,,,,,,"02",,,,,,,,"OSBORNE COUNTY","0","0","1","1","1","0","1","0","0","0","0","0","1","1","0","0","0","0","0","1","0",5917,8,12,0,0,1,0,0,0,4,0,0,0,0,17,29,18,0,0,11
"G2001430","1980","A","2","4","Kansas","20",,"Ottawa","143",,,,,,,,,,,,,"03",,,,,,,,"OTTAWA COUNTY","0","0","1","1","1","0","0","0","0","0","0","1","1","1","1","0","0","0","0","0","0",5940,7,11,0,0,3,0,2,0,2,0,0,0,0,6,30,22,0,3,5
"G2001450","1980","A","2","4","Kansas","20",,"Pawnee","145",,,,,,,,,,,,,"02",,,,,,,,"PAWNEE COUNTY","0","0","0","0","0","0","0","1","0","0","0","0","0","0","0","0","0","0","0","0","0",7616,198,34,0,0,1,2,8,7,28,23,0,6,0,142,211,74,9,8,120
"G2001470","1980","A","2","4","Kansas","20",,"Phillips","147",,,,,,,,,,,,,"04",,,,,,,,"PHILLIPS COUNTY","0","0","0","1","1","0","0","0","0","0","0","1","1","0","1","0","0","0","0","1","0",7369,15,9,0,0,0,1,1,2,0,1,0,0,0,8,22,16,0,1,5
"G2001490","1980","A","2","4","Kansas","20",,"Pottawatomie","149",,,,,,,,,,,,,"05",,,,,,,,"POTTAWATOMIE COUNTY","0","0","0","0","0","0","0","0","0","0","0","0","0","0","0","0","0","0","0","0","0",14605,27,49,0,2,4,4,10,19,4,10,0,1,3,44,134,101,0,6,27
"G2001510","1980","A","2","4","Kansas","20",,"Pratt","151",,,,,,,,,,,,,"02",,,,,,,,"PRATT COUNTY","0","0","0","0","0","0","0","1","0","0","0","0","0","0","0","0","0","0","0","0","1",9982,141,39,1,0,0,0,7,0,5,2,4,4,0,90,125,78,3,1,43
"G2001530","1980","A","2","4","Kansas","20",,"Rawlins","153",,,,,,,,,,,,,"02",,,,,,,,"RAWLINS COUNTY","0","0","1","1","1","0","0","0","0","0","0","1","0","0","1","0","0","0","1","1","0",4090,1,3,0,0,0,0,1,0,0,0,0,0,0,10,44,36,0,1,7
"G2001550","1980","A","2","4","Kansas","20",,"Reno","155",,,,,,,,,,,,,"03",,,,,,,,"RENO COUNTY","0","0","0","0","0","0","0","0","0","0","0","0","0","0","0","0","0","0","0","0","0",61708,1472,275,1,0,24,16,15,24,29,24,6,2,1,1386,2177,865,31,46,1235
"G2001570","1980","A","2","4","Kansas","20",,"Republic","157",,,,,,,,,,,,,"04",,,,,,,,"REPUBLIC COUNTY","0","0","1","1","1","0","1","0","0","0","0","0","1","1","1","0","0","0","0","1","0",7537,1,7,0,0,0,7,0,0,0,6,0,0,0,11,15,10,0,1,4
"G2001590","1980","A","2","4","Kansas","20",,"Rice","159",,,,,,,,,,,,,"03",,,,,,,,"RICE COUNTY","0","0","0","0","0","0","0","1","0","0","0","0","0","1","1","0","0","0","0","0","0",11549,108,78,0,0,2,0,6,3,7,4,0,1,0,142,289,170,2,2,115
"G2001610","1980","A","2","4","Kansas","20",,"Riley","161",,,,,,,,,,,,,"05",,,,,,,,"RILEY COUNTY","0","0","0","0","0","0","0","0","0","0","0","0","0","0","0","0","0","0","0","0","0",52733,6764,365,6,2,141,261,164,437,138,80,65,76,32,2241,2499,884,97,109,1409
"G2001630","1980","A","2","4","Kansas","20",,"Rooks","163",,,,,,,,,,,,,"02",,,,,,,,"ROOKS COUNTY","0","0","1","0","0","0","0","0","0","0","0","0","0","1","1","0","0","0","0","1","0",6943,16,18,0,0,0,0,4,0,0,5,9,0,0,11,33,26,0,1,6
"G2001650","1980","A","2","4","Kansas","20",,"Rush","165",,,,,,,,,,,,,"02",,,,,,,,"RUSH COUNTY","0","0","1","1","1","0","1","0","0","0","0","0","1","1","1","0","0","0","0","1","0",4494,2,3,1,0,0,0,0,0,4,0,0,0,0,12,25,20,0,0,5
"G2001670","1980","A","2","4","Kansas","20",,"Russell","167",,,,,,,,,,,,,"02",,,,,,,,"RUSSELL COUNTY","0","0","0","0","1","0","1","0","0","0","0","0","0","1","1","0","0","0","0","1","0",8789,35,20,0,0,2,3,0,0,3,0,0,0,0,16,25,16,0,0,9
"G2001690","1980","A","2","4","Kansas","20",,"Saline","169",,,,,,,,,,,,,"03",,,,,,,,"SALINE COUNTY","0","0","0","0","0","0","0","0","0","0","0","0","0","0","0","0","0","0","0","0","0",46307,1464,138,4,0,31,35,39,77,25,135,3,8,1,638,1045,525,31,23,466
"G2001710","1980","A","2","4","Kansas","20",,"Scott","171",,,,,,,,,,,,,"01",,,,,,,,"SCOTT COUNTY","0","0","1","0","0","0","0","1","0","0","0","1","1","1","0","0","0","0","0","0","0",5650,9,17,0,0,3,0,10,7,0,0,0,0,0,86,117,28,4,0,85
"G2001730","1980","A","2","4","Kansas","20","9040","Sedgwick","173",,,,,,,,,,,,,"A",,,,,,,,"SEDGWICK COUNTY","0","0","0","0","0","0","0","0","0","0","0","0","0","0","0","0","0","0","0","0","0",319416,31764,3280,7,4,305,705,357,271,490,2141,62,50,12,7667,11256,4755,262,361,5878
"G2001750","1980","A","2","4","Kansas","20",,"Seward","175",,,,,,,,,,,,,"01",,,,,,,,"SEWARD COUNTY","0","0","0","0","0","0","0","1","0","0","0","0","0","0","0","0","0","0","0","0","1",14864,790,95,0,0,6,18,12,7,4,63,1,0,0,1211,1566,384,6,10,1166
"G2001770","1980","A","2","4","Kansas","20","8440","Shawnee","177",,,,,,,,,,,,,"C",,,,,,,,"SHAWNEE COUNTY","0","0","0","0","0","0","0","0","0","0","0","0","0","0","0","0","0","0","0","0","0",137423,11842,1403,5,2,84,144,92,85,155,123,18,8,6,3526,6150,2625,183,188,3154
"G2001790","1980","A","2","4","Kansas","20",,"Sheridan","179",,,,,,,,,,,,,"02",,,,,,,,"SHERIDAN COUNTY","0","0","0","1","1","1","1","0","0","0","0","0","0","1","1","0","0","0","1","1","0",3535,0,1,0,0,2,0,1,1,0,0,0,1,0,3,12,11,0,0,1
"G2001810","1980","A","2","4","Kansas","20",,"Sherman","181",,,,,,,,,,,,,"02",,,,,,,,"SHERMAN COUNTY","0","0","0","0","1","0","0","0","0","0","0","1","0","1","0","0","0","0","0","0","0",7400,16,17,0,0,2,5,0,2,1,0,0,0,0,316,418,104,0,6,308
"G2001830","1980","A","2","4","Kansas","20",,"Smith","183",,,,,,,,,,,,,"04",,,,,,,,"SMITH COUNTY","0","0","1","1","1","1","1","0","0","0","0","1","1","0","1","0","0","0","0","0","0",5925,1,5,0,0,1,0,0,2,1,0,4,0,0,8,13,12,0,0,1
"G2001850","1980","A","2","4","Kansas","20",,"Stafford","185",,,,,,,,,,,,,"02",,,,,,,,"STAFFORD COUNTY","0","0","0","1","1","0","0","1","0","0","0","1","1","1","0","0","0","0","0","0","1",5607,23,6,0,0,2,0,0,0,6,3,0,0,0,47,80,28,12,0,40
"G2001870","1980","A","2","4","Kansas","20",,"Stanton","187",,,,,,,,,,,,,"01",,,,,,,,"STANTON COUNTY","0","0","1","0","1","0","0","0","0","0","0","1","0","0","1","0","0","0","0","0","0",2133,5,19,0,0,11,0,1,0,0,0,0,0,0,170,250,83,0,5,162
"G2001890","1980","A","2","4","Kansas","20",,"Stevens","189",,,,,,,,,,,,,"01",,,,,,,,"STEVENS COUNTY","0","0","0","0","1","0","0","1","0","0","0","0","0","0","0","0","0","0","0","0","1",4498,38,39,0,0,0,0,4,0,1,0,0,0,0,156,287,126,2,3,156
"G2001910","1980","A","2","4","Kansas","20",,"Sumner","191",,,,,,,,,,,,,"03",,,,,,,,"SUMNER COUNTY","0","0","0","0","0","0","0","1","0","0","0","0","0","0","0","0","0","0","0","0","1",24191,142,155,0,0,5,3,18,6,6,8,0,0,0,394,696,298,6,34,358
"G2001930","1980","A","2","4","Kansas","20",,"Thomas","193",,,,,,,,,,,,,"02",,,,,,,,"THOMAS COUNTY","0","0","0","1","0","0","0","0","0","0","0","0","1","1","0","0","0","0","0","0","0",8354,19,7,0,0,1,8,1,3,0,6,0,0,0,52,91,40,0,1,50
"G2001950","1980","A","2","4","Kansas","20",,"Trego","195",,,,,,,,,,,,,"02",,,,,,,,"TREGO COUNTY","0","0","1","1","1","0","1","0","0","0","0","1","1","1","1","0","0","0","1","1","0",4137,4,6,0,0,0,6,0,0,0,0,0,0,0,12,22,12,0,0,10
"G2001970","1980","A","2","4","Kansas","20",,"Wabaunsee","197",,,,,,,,,,,,,"05",,,,,,,,"WABAUNSEE COUNTY","0","0","0","1","1","0","0","0","0","0","0","0","1","0","1","0","0","0","0","0","0",6753,51,11,0,0,2,0,0,2,2,0,0,0,0,46,60,39,0,2,19
"G2001990","1980","A","2","4","Kansas","20",,"Wallace","199",,,,,,,,,,,,,"01",,,,,,,,"WALLACE COUNTY","0","0","1","1","1","0","0","1","0","0","0","0","1","1","1","0","0","0","0","1","0",2009,14,5,0,0,0,0,0,1,0,3,0,0,0,13,58,36,5,4,13
"G2002010","1980","A","2","4","Kansas","20",,"Washington","201",,,,,,,,,,,,,"04",,,,,,,,"WASHINGTON COUNTY","0","0","0","1","1","0","1","0","0","0","0","0","1","0","1","0","0","0","0","0","0",8514,0,12,0,0,0,2,1,1,3,0,0,0,0,10,25,22,0,0,3
"G2002030","1980","A","2","4","Kansas","20",,"Wichita","203",,,,,,,,,,,,,"01",,,,,,,,"WICHITA COUNTY","0","0","1","1","1","0","0","0","0","0","0","1","0","1","0","0","0","0","0","0","0",2711,1,1,0,0,1,0,0,3,0,1,0,0,0,323,387,73,0,1,313
"G2002050","1980","A","2","4","Kansas","20",,"Wilson","205",,,,,,,,,,,,,"08",,,,,,,,"WILSON COUNTY","0","0","0","0","0","0","0","1","0","0","0","0","0","0","0","0","0","0","0","0","0",11970,29,48,0,0,2,0,8,2,5,1,1,0,1,61,92,56,1,3,32
"G2002070","1980","A","2","4","Kansas","20",,"Woodson","207",,,,,,,,,,,,,"07",,,,,,,,"WOODSON COUNTY","0","0","0","0","1","0","0","1","0","0","0","1","0","1","0","0","0","0","0","0","0",4506,27,31,0,0,0,0,3,3,1,0,0,0,0,29,45,18,1,0,26
"G2002090","1980","A","2","4","Kansas","20","3760","Wyandotte","209",,,,,,,,,,,,,"B",,,,,,,,"WYANDOTTE COUNTY","0","0","0","0","0","0","0","0","0","0","0","0","0","0","0","0","0","0","0","0","0",124664,41506,797,9,3,80,40,88,146,108,217,35,3,1,4638,8100,4096,296,131,3577
"G2100010","1980","A","3","6","Kentucky","21",,"Adair","001",,,,,,,,,,,,,"05",,,,,,,,"ADAIR COUNTY","0","0","0","1","1","0","0","1","0","0","0","0","0","1","1","0","0","0","0","0","1",14682,524,8,0,0,0,0,0,1,3,0,0,0,0,15,101,93,1,0,7
"G2100030","1980","A","3","6","Kentucky","21",,"Allen","003",,,,,,,,,,,,,"05",,,,,,,,"ALLEN COUNTY","0","0","0","1","1","0","0","0","0","0","0","0","1","1","0","0","0","0","0","0","0",13942,176,2,0,0,0,0,3,1,2,0,0,0,0,2,95,95,0,0,0
"G2100050","1980","A","3","6","Kentucky","21",,"Anderson","005",,,,,,,,,,,,,"06",,,,,,,,"ANDERSON COUNTY","0","0","0","1","1","0","0","0","0","0","0","0","1","1","0","0","0","0","0","1","0",12072,474,7,0,0,1,0,3,5,1,0,1,0,1,2,50,46,0,3,1
"G2100070","1980","A","3","6","Kentucky","21",,"Ballard","007",,,,,,,,,,,,,"01",,,,,,,,"BALLARD COUNTY","0","0","0","1","1","0","0","1","0","0","0","0","1","0","1","0","0","0","0","1","1",8463,311,8,0,0,0,0,1,0,6,2,0,0,0,7,32,21,5,0,6
"G2100090","1980","A","3","6","Kentucky","21",,"Barren","009",,,,,,,,,,,,,"04",,,,,,,,"BARREN COUNTY","0","0","0","1","0","0","0","0","0","0","0","0","1","0","1","0","0","0","0","0","1",32261,1693,11,0,0,4,0,3,2,14,5,0,0,0,16,230,197,22,4,7
"G2100110","1980","A","3","6","Kentucky","21",,"Bath","011",,,,,,,,,,,,,"06",,,,,,,,"BATH COUNTY","0","0","0","1","1","0","0","1","0","0","0","0","1","1","0","0","0","0","0","0","1",9696,319,2,0,0,1,0,1,0,3,2,0,0,0,1,71,59,10,1,1
"G2100130","1980","A","3","6","Kentucky","21",,"Bell","013",,,,,,,,,,,,,"09",,,,,,,,"BELL COUNTY","0","0","0","0","0","0","0","1","0","0","0","0","0","0","0","0","0","0","0","0","1",33352,858,39,0,0,3,0,15,1,17,0,6,0,0,39,308,285,9,6,8
"G2100150","1980","A","3","6","Kentucky","21","1640","Boone","015",,,,,,,,"21",,,,,"06",,,,,,,,"BOONE COUNTY","0","0","0","0","0","0","0","1","0","0","0","0","0","0","0","0","0","0","0","0","1",45392,219,31,0,0,44,8,13,5,34,12,1,0,0,83,220,184,1,0,35
"G2100170","1980","A","3","6","Kentucky","21","4280","Bourbon","017",,,,,,,,,,,,,"07",,,,,,,,"BOURBON COUNTY","0","0","0","1","1","0","0","1","0","0","0","0","1","1","0","0","0","0","0","0","1",17430,1943,5,0,0,2,1,4,1,1,0,1,1,0,16,92,76,6,0,10
"G2100190","1980","A","3","6","Kentucky","21","3400","Boyd","019",,,,,,,,,,,,,"C",,,,,,,,"BOYD COUNTY","0","0","0","0","0","0","0","1","0","0","0","0","0","0","0","0","0","0","0","0","1",54259,1078,45,0,0,6,4,10,7,35,1,2,0,0,66,246,209,13,6,18
"G2100210","1980","A","3","6","Kentucky","21",,"Boyle","021",,,,,,,,,,,,,"06",,,,,,,,"BOYLE COUNTY","0","0","0","1","0","0","0","1","0","0","0","0","0","0","0","0","0","0","0","0","1",22675,2313,14,0,0,4,0,3,6,15,2,3,0,0,31,162,138,7,0,17
"G2100230","1980","A","3","6","Kentucky","21",,"Bracken","023",,,,,,,,,,,,,"06",,,,,,,,"BRACKEN COUNTY","0","0","0","1","1","0","1","0","0","0","0","0","1","1","0","0","0","0","0","1","0",7674,46,7,0,0,0,0,1,9,0,0,0,0,0,1,40,39,0,1,0
"G2100250","1980","A","3","6","Kentucky","21",,"Breathitt","025",,,,,,,,,,,,,"09",,,,,,,,"BREATHITT COUNTY","0","0","0","1","1","0","1","0","0","0","0","0","1","1","1","0","0","0","0","0","0",16923,43,11,0,0,8,0,0,0,6,0,0,0,0,13,165,161,0,0,4
"G2100270","1980","A","3","6","Kentucky","21",,"Breckinridge","027",,,,,,,,,,,,,"03",,,,,,,,"BRECKINRIDGE COUNTY","0","0","0","1","1","0","0","1","0","0","0","0","1","1","0","0","0","0","0","1","1",16225,611,12,0,1,0,1,1,2,1,2,1,0,0,4,87,73,11,0,3
"G2100290","1980","A","3","6","Kentucky","21","4520","Bullitt","029",,,,,,,,,,,,,"03",,,,,,,,"BULLITT COUNTY","0","0","0","0","0","0","0","1","0","0","0","0","0","0","0","0","0","0","0","0","1",43007,226,47,0,0,10,0,12,5,9,1,6,0,1,22,197,178,3,3,13
"G2100310","1980","A","3","6","Kentucky","21",,"Butler","031",,,,,,,,,,,,,"03",,,,,,,,"BUTLER COUNTY","0","0","0","0","1","0","0","0","0","0","0","0","1","1","0","0","0","0","0","0","0",10994,42,16,0,1,3,2,1,0,4,0,0,0,0,1,49,49,0,0,0
"G2100330","1980","A","3","6","Kentucky","21",,"Caldwell","033",,,,,,,,,,,,,"03",,,,,,,,"CALDWELL COUNTY","0","0","0","0","1","0","0","1","0","0","0","0","1","1","1","0","0","0","0","0","0",12617,825,17,0,0,0,3,1,0,0,0,2,0,0,8,88,64,22,0,2
"G2100350","1980","A","3","6","Kentucky","21",,"Calloway","035",,,,,,,,,,,,,"01",,,,,,,,"CALLOWAY COUNTY","0","0","0","0","0","0","0","1","0","0","0","0","0","0","0","0","0","0","0","0","1",28964,871,32,1,0,3,6,10,9,23,11,4,0,0,97,163,131,5,9,18
"G2100370","1980","A","3","6","Kentucky","21","1640","Campbell","037",,,,,,,,"21",,,,,"B",,,,,,,,"CAMPBELL COUNTY","0","0","0","0","0","0","0","1","0","0","0","0","0","0","0","0","0","0","0","0","1",82218,817,65,1,0,6,18,9,34,25,54,1,3,0,66,382,350,4,5,23
"G2100390","1980","A","3","6","Kentucky","21",,"Carlisle","039",,,,,,,,,,,,,"01",,,,,,,,"CARLISLE COUNTY","0","0","0","0","0","0","0","0","0","0","0","0","0","0","0","0","0","0","0","0","0",5434,53,0,0,0,0,0,0,0,0,0,0,0,0,0,22,22,0,0,0
"G2100410","1980","A","3","6","Kentucky","21",,"Carroll","041",,,,,,,,,,,,,"06",,,,,,,,"CARROLL COUNTY","0","0","0","1","1","0","0","1","0","0","0","0","1","1","1","0","0","0","0","0","1",9084,171,9,0,0,0,0,1,0,0,0,0,0,0,5,50,42,2,4,2
"G2100430","1980","A","3","6","Kentucky","21",,"Carter","043",,,,,,,,,,,,,"08",,,,,,,,"CARTER COUNTY","0","0","1","1","1","0","0","0","0","0","0","1","1","1","1","0","0","0","0","0","0",25022,7,12,1,0,2,0,4,2,5,0,0,0,0,5,186,178,0,5,3
"G2100450","1980","A","3","6","Kentucky","21",,"Casey","045",,,,,,,,,,,,,"05",,,,,,,,"CASEY COUNTY","0","0","0","1","1","0","1","0","0","0","0","0","1","1","1","0","0","0","0","0","0",14768,22,4,0,0,2,0,2,6,2,0,0,0,0,12,68,66,0,2,0
"G2100470","1980","A","3","6","Kentucky","21","1660","Christian","047",,,,,,,,,,,,,"04",,,,,,,,"CHRISTIAN COUNTY","0","0","0","0","0","0","0","0","0","0","0","0","0","0","0","0","0","0","0","0","0",47574,17112,196,6,1,62,23,87,385,39,32,43,86,54,1178,2012,716,265,82,949
"G2100490","1980","A","3","6","Kentucky","21","4280","Clark","049",,,,,,,,,,,,,"07",,,,,,,,"CLARK COUNTY","0","0","0","1","1","0","0","1","0","0","0","0","1","1","0","0","0","0","0","0","1",26489,1789,8,0,0,2,0,0,3,5,1,0,0,0,25,160,124,30,0,6
"G2100510","1980","A","3","6","Kentucky","21",,"Clay","051",,,,,,,,,,,,,"08",,,,,,,,"CLAY COUNTY","0","0","0","1","0","0","0","0","0","0","0","0","1","0","1","0","0","0","0","0","1",22357,347,8,0,0,3,8,0,6,7,0,0,0,0,16,332,299,25,5,3
"G2100530","1980","A","3","6","Kentucky","21",,"Clinton","053",,,,,,,,,,,,,"05",,,,,,,,"CLINTON COUNTY","0","0","1","1","1","0","1","0","0","0","0","1","1","1","1","0","0","0","0","1","0",9302,10,1,0,0,2,0,0,0,3,1,0,0,0,2,67,65,0,0,2
"G2100550","1980","A","3","6","Kentucky","21",,"Crittenden","055",,,,,,,,,,,,,"03",,,,,,,,"CRITTENDEN COUNTY","0","0","0","1","1","0","0","0","0","0","0","1","1","0","0","0","0","0","0","0","0",9118,75,6,0,1,0,0,2,1,0,0,0,1,0,3,70,70,0,0,0
"G2100570","1980","A","3","6","Kentucky","21",,"Cumberland","057",,,,,,,,,,,,,"05",,,,,,,,"CUMBERLAND COUNTY","0","0","0","0","1","0","0","0","0","0","0","0","0","1","1","0","0","0","0","0","0",6893,388,0,0,0,0,1,0,0,1,0,0,0,0,6,59,59,0,0,0
"G2100590","1980","A","3","6","Kentucky","21","5990","Daviess","059",,,,,,,,,,,,,"02",,,,,,,,"DAVIESS COUNTY","0","0","0","0","0","0","0","1","0","0","0","0","0","0","0","0","0","0","0","0","0",82113,3390,91,0,1,28,20,28,22,56,68,3,0,1,128,423,354,13,25,31
"G2100610","1980","A","3","6","Kentucky","21",,"Edmonson","061",,,,,,,,,,,,,"03",,,,,,,,"EDMONSON COUNTY","0","0","0","1","1","0","0","0","0","0","0","0","1","1","0","0","0","0","0","0","0",9776,163,11,0,0,2,0,0,1,9,0,0,0,0,0,59,59,0,0,0
"G2100630","1980","A","3","6","Kentucky","21",,"Elliott","063",,,,,,,,,,,,,"08",,,,,,,,"ELLIOTT COUNTY","0","1","0","0","1","0","0","0","0","0","0","0","0","0","0","0","0","0","0","0","0",6907,0,0,0,0,0,0,0,0,1,0,0,0,0,0,61,61,0,0,0
"G2100650","1980","A","3","6","Kentucky","21",,"Estill","065",,,,,,,,,,,,,"08",,,,,,,,"ESTILL COUNTY","0","0","1","1","1","0","0","0","0","0","0","1","1","1","0","0","0","0","0","0","0",14469,13,6,2,0,0,0,0,0,3,2,0,0,0,0,74,74,0,0,0
"G2100670","1980","B","3","6","Kentucky","21","4280","Fayette","067",,,,,,,,,,,,,"E",,,,,,,,"FAYETTE COUNTY","0","0","0","0","0","0","0","0","0","0","0","0","0","0","0","0","0","0","0","0","0",174605,27121,215,5,5,137,403,119,139,350,171,26,5,10,854,1488,1018,193,50,227
"G2100690","1980","A","3","6","Kentucky","21",,"Fleming","069",,,,,,,,,,,,,"06",,,,,,,,"FLEMING COUNTY","0","0","0","1","1","0","1","1","0","0","0","0","0","1","1","0","0","0","0","1","1",12085,228,3,0,0,1,0,1,0,2,0,0,0,0,3,102,100,2,0,0
"G2100710","1980","A","3","6","Kentucky","21",,"Floyd","071",,,,,,,,,,,,,"09",,,,,,,,"FLOYD COUNTY","0","0","0","0","0","0","0","1","0","0","0","0","0","0","0","0","0","0","0","0","0",48463,202,22,0,0,1,1,2,0,34,0,0,0,0,39,335,327,1,0,7
"G2100730","1980","A","3","6","Kentucky","21",,"Franklin","073",,,,,,,,,,,,,"06",,,,,,,,"FRANKLIN COUNTY","0","0","0","0","0","0","0","0","0","0","0","0","0","0","0","0","0","0","0","0","1",38200,3371,26,0,0,3,10,17,9,69,32,2,0,2,89,205,171,16,4,14
"G2100750","1980","A","3","6","Kentucky","21",,"Fulton","075",,,,,,,,,,,,,"01",,,,,,,,"FULTON COUNTY","0","0","0","1","1","0","0","1","0","0","0","0","1","1","1","0","0","0","0","1","1",7454,1495,10,0,0,1,0,3,0,1,0,2,0,0,5,53,48,3,1,1
"G2100770","1980","A","3","6","Kentucky","21",,"Gallatin","077",,,,,,,,,,,,,"06",,,,,,,,"GALLATIN COUNTY","0","0","0","0","1","0","1","0","0","0","0","0","1","0","1","0","0","0","0","0","0",4709,108,18,0,0,1,0,1,0,1,0,0,0,0,4,30,29,0,0,1
"G2100790","1980","A","3","6","Kentucky","21",,"Garrard","079",,,,,,,,,,,,,"06",,,,,,,,"GARRARD COUNTY","0","0","0","1","1","0","0","1","0","0","0","0","1","1","1","0","0","0","0","0","1",10257,582,2,0,0,1,0,0,0,4,0,0,0,0,7,58,47,5,0,6
"G2100810","1980","A","3","6","Kentucky","21",,"Grant","081",,,,,,,,,,,,,"06",,,,,,,,"GRANT COUNTY","0","0","0","1","1","0","1","0","0","0","0","0","1","0","1","0","0","0","0","0","0",13253,26,14,0,0,0,1,1,1,2,1,0,1,0,8,62,56,0,0,6
"G2100830","1980","A","3","6","Kentucky","21",,"Graves","083",,,,,,,,,,,,,"01",,,,,,,,"GRAVES COUNTY","0","0","0","1","0","0","0","0","0","0","0","0","0","1","1","0","0","0","0","0","1",32456,1542,16,2,0,3,2,0,3,6,3,0,7,0,9,159,140,15,1,3
"G2100850","1980","A","3","6","Kentucky","21",,"Grayson","085",,,,,,,,,,,,,"03",,,,,,,,"GRAYSON COUNTY","0","0","0","1","0","0","1","0","0","0","0","0","0","1","1","0","0","0","0","1","0",20732,83,16,0,0,6,0,5,2,8,0,0,0,0,2,120,119,0,0,1
"G2100870","1980","A","3","6","Kentucky","21",,"Green","087",,,,,,,,,,,,,"03",,,,,,,,"GREEN COUNTY","0","0","0","1","1","0","1","0","0","0","0","0","1","1","0","0","0","0","0","0","0",10662,374,2,0,0,0,0,0,2,2,0,0,0,0,1,104,103,0,0,1
"G2100890","1980","A","3","6","Kentucky","21","3400","Greenup","089",,,,,,,,,,,,,"08",,,,,,,,"GREENUP COUNTY","0","0","0","1","0","0","0","1","0","0","0","0","1","0","1","0","0","0","0","1","1",38898,144,9,0,0,5,12,9,5,10,2,0,0,0,38,167,160,3,0,4
"G2100910","1980","A","3","6","Kentucky","21",,"Hancock","091",,,,,,,,,,,,,"03",,,,,,,,"HANCOCK COUNTY","0","0","0","1","1","0","1","0","0","0","0","1","0","1","0","0","0","0","0","0","0",7617,104,6,0,0,1,4,4,0,0,1,0,0,0,5,47,44,0,0,3
"G2100930","1980","A","3","6","Kentucky","21",,"Hardin","093",,,,,,,,,,,,,"03",,,,,,,,"HARDIN COUNTY","0","0","0","0","0","0","0","0","0","0","0","0","0","0","0","0","0","0","0","0","0",75844,9899,308,14,4,134,20,149,616,36,48,42,69,41,1693,2499,1024,133,119,1223
"G2100950","1980","A","3","6","Kentucky","21",,"Harlan","095",,,,,,,,,,,,,"09",,,,,,,,"HARLAN COUNTY","0","0","0","0","0","0","0","0","0","0","0","0","0","0","0","0","0","0","0","0","0",39782,1927,99,0,0,2,1,11,8,25,2,1,0,0,31,315,277,16,10,12
"G2100970","1980","A","3","6","Kentucky","21",,"Harrison","097",,,,,,,,,,,,,"07",,,,,,,,"HARRISON COUNTY","0","0","0","1","1","0","1","0","0","0","0","0","1","1","1","0","0","0","0","0","0",14676,463,6,1,1,1,1,3,0,7,0,0,0,0,7,67,64,0,0,3
"G2100990","1980","A","3","6","Kentucky","21",,"Hart","099",,,,,,,,,,,,,"03",,,,,,,,"HART COUNTY","0","0","0","0","1","0","0","1","0","0","0","0","0","1","1","0","0","0","0","0","1",14161,1211,15,0,0,0,0,0,0,5,0,0,0,1,9,130,121,8,0,1
"G2101010","1980","A","3","6","Kentucky","21","2440","Henderson","101",,,,,,,,,,,,,"D",,,,,,,,"HENDERSON COUNTY","0","0","0","0","0","0","0","0","0","0","0","0","0","0","0","0","0","0","0","0","0",37706,2973,37,1,1,8,12,22,6,21,9,4,0,0,49,246,189,28,9,20
"G2101030","1980","A","3","6","Kentucky","21",,"Henry","103",,,,,,,,,,,,,"06",,,,,,,,"HENRY COUNTY","0","0","0","1","1","0","0","1","0","0","0","0","1","1","1","0","0","0","0","0","1",12044,652,6,0,0,3,0,0,0,0,6,1,2,0,26,88,64,6,7,11
"G2101050","1980","A","3","6","Kentucky","21",,"Hickman","105",,,,,,,,,,,,,"01",,,,,,,,"HICKMAN COUNTY","0","0","0","1","0","0","1","1","0","0","0","0","1","0","1","0","0","0","0","1","1",5429,630,1,0,0,0,0,0,0,0,0,0,0,0,5,25,18,7,0,0
"G2101070","1980","A","3","6","Kentucky","21",,"Hopkins","107",,,,,,,,,,,,,"03",,,,,,,,"HOPKINS COUNTY","0","0","0","0","0","0","0","1","0","0","0","0","0","0","0","0","0","0","0","0","1",42859,3169,21,0,3,5,6,14,15,30,1,0,2,0,49,251,233,2,1,15
"G2101090","1980","A","3","6","Kentucky","21",,"Jackson","109",,,,,,,,,,,,,"08",,,,,,,,"JACKSON COUNTY","0","0","0","1","1","0","1","0","0","0","0","0","0","1","1","0","0","0","0","0","0",11984,0,4,0,0,0,0,1,0,1,0,0,0,0,6,125,123,0,2,0
"G2101110","1980","A","3","6","Kentucky","21","4520","Jefferson","111",,,,,,,,,,,,,"A",,,,,,,,"JEFFERSON COUNTY","0","0","0","0","0","0","0","0","0","0","0","0","0","0","0","0","0","0","0","0","0",569606,109702,821,7,5,284,438,481,395,761,371,103,34,10,1986,4341,2865,626,233,617
"G2101130","1980","A","3","6","Kentucky","21","4280","Jessamine","113",,,,,,,,,,,,,"07",,,,,,,,"JESSAMINE COUNTY","0","0","0","0","0","0","0","1","0","0","0","0","0","0","0","0","0","0","0","0","1",24939,1055,20,0,0,7,13,27,9,6,19,1,1,0,49,187,151,8,11,17
"G2101150","1980","A","3","6","Kentucky","21",,"Johnson","115",,,,,,,,,,,,,"09",,,,,,,,"JOHNSON COUNTY","0","0","0","1","0","0","0","0","0","0","0","1","0","0","1","0","0","0","0","1","0",24359,20,20,0,0,5,0,12,2,4,0,2,0,0,8,248,240,0,7,1
"G2101170","1980","A","3","6","Kentucky","21","1640","Kenton","117",,,,,,,,"21",,,,,"B",,,,,,,,"KENTON COUNTY","0","0","0","0","0","0","0","0","0","0","0","0","0","0","0","0","0","0","0","0","0",132503,3767,105,5,0,44,72,103,43,51,107,9,1,0,248,670,571,15,15,69
"G2101190","1980","A","3","6","Kentucky","21",,"Knott","119",,,,,,,,,,,,,"09",,,,,,,,"KNOTT COUNTY","0","0","0","1","1","0","0","0","0","0","0","0","1","1","1","0","0","0","0","0","0",17799,128,3,0,0,0,0,0,1,1,0,0,0,0,8,162,156,0,1,5
"G2101210","1980","A","3","6","Kentucky","21",,"Knox","121",,,,,,,,,,,,,"09",,,,,,,,"KNOX COUNTY","0","0","0","0","0","0","0","1","0","0","0","0","1","0","1","0","0","0","0","0","1",29847,322,17,0,0,7,0,11,1,11,0,4,2,0,17,303,282,8,4,9
"G2101230","1980","A","3","6","Kentucky","21",,"Larue","123",,,,,,,,,,,,,"03",,,,,,,,"LARUE COUNTY","0","0","0","1","1","0","0","1","0","0","0","0","1","1","1","0","0","0","0","0","1",11357,546,11,0,0,3,0,0,0,2,0,0,0,0,3,85,79,3,1,2
"G2101250","1980","A","3","6","Kentucky","21",,"Laurel","125",,,,,,,,,,,,,"08",,,,,,,,"LAUREL COUNTY","0","0","0","0","0","0","0","1","0","0","0","0","1","0","1","0","0","0","0","0","1",38588,309,22,0,0,2,3,5,5,32,0,1,0,0,15,344,325,12,1,6
"G2101270","1980","A","3","6","Kentucky","21",,"Lawrence","127",,,,,,,,,,,,,"08",,,,,,,,"LAWRENCE COUNTY","0","0","0","0","1","0","1","0","0","0","0","0","1","1","1","0","0","0","0","1","0",14061,31,17,0,0,1,1,0,0,9,0,0,0,0,1,114,113,0,0,1
"G2101290","1980","A","3","6","Kentucky","21",,"Lee","129",,,,,,,,,,,,,"08",,,,,,,,"LEE COUNTY","0","0","0","1","1","0","1","0","0","0","0","0","0","1","1","0","0","0","0","0","0",7712,35,2,0,0,0,0,1,0,0,0,0,0,0,4,34,33,0,0,1
"G2101310","1980","A","3","6","Kentucky","21",,"Leslie","131",,,,,,,,,,,,,"09",,,,,,,,"LESLIE COUNTY","0","0","1","1","1","0","1","0","0","0","0","1","0","1","1","0","0","0","0","0","0",14858,6,12,0,0,0,0,0,0,3,0,1,0,0,2,166,165,0,0,1
"G2101330","1980","A","3","6","Kentucky","21",,"Letcher","133",,,,,,,,,,,,,"09",,,,,,,,"LETCHER COUNTY","0","0","0","1","0","0","1","0","0","0","0","0","1","0","1","0","0","0","0","1","0",30306,302,25,0,1,0,0,21,3,19,0,3,1,0,6,160,159,0,1,0
"G2101350","1980","A","3","6","Kentucky","21",,"Lewis","135",,,,,,,,,,,,,"08",,,,,,,,"LEWIS COUNTY","0","0","0","1","1","0","1","0","0","0","0","0","1","1","1","0","0","0","0","0","0",14499,29,10,0,0,0,0,0,0,3,0,0,0,0,4,68,65,0,0,3
"G2101370","1980","A","3","6","Kentucky","21",,"Lincoln","137",,,,,,,,,,,,,"05",,,,,,,,"LINCOLN COUNTY","0","0","0","1","1","0","0","1","0","0","0","0","1","1","0","0","0","0","0","1","1",18259,762,12,0,0,1,0,1,0,3,0,1,1,0,13,182,171,10,0,1
"G2101390","1980","A","3","6","Kentucky","21",,"Livingston","139",,,,,,,,,,,,,"03",,,,,,,,"LIVINGSTON COUNTY","0","0","0","1","1","0","1","0","0","0","0","0","1","1","1","0","0","0","0","1","0",9183,16,8,0,0,1,1,4,0,3,0,0,0,0,3,48,47,0,0,1
"G2101410","1980","A","3","6","Kentucky","21",,"Logan","141",,,,,,,,,,,,,"04",,,,,,,,"LOGAN COUNTY","0","0","0","0","0","0","0","0","0","0","0","0","0","1","1","0","0","0","0","0","1",21883,2195,17,2,0,1,1,0,5,14,0,1,0,0,19,171,117,44,5,5
"G2101430","1980","A","3","6","Kentucky","21",,"Lyon","143",,,,,,,,,,,,,"03",,,,,,,,"LYON COUNTY","0","0","0","0","1","0","0","1","0","0","0","0","1","0","1","0","0","0","0","1","1",6141,319,20,1,0,0,0,0,1,1,0,0,0,0,7,48,39,6,0,3
"G2101450","1980","A","3","6","Kentucky","21",,"McCracken","145",,,,,,,,,,,,,"01",,,,,,,,"MCCRACKEN COUNTY","0","0","0","0","0","0","0","0","0","0","0","0","0","0","0","0","0","0","0","0","0",54888,6083,71,1,1,24,25,13,12,19,44,10,1,2,116,310,217,66,5,22
"G2101470","1980","A","3","6","Kentucky","21",,"McCreary","147",,,,,,,,,,,,,"09",,,,,,,,"MCCREARY COUNTY","0","0","0","0","1","0","0","1","0","0","0","0","0","1","1","0","0","0","0","1","0",15366,195,62,0,0,0,0,1,0,4,0,0,0,0,6,152,146,2,1,3
"G2101490","1980","A","3","6","Kentucky","21",,"McLean","149",,,,,,,,,,,,,"02",,,,,,,,"MCLEAN COUNTY","0","0","0","1","1","0","0","0","0","0","0","0","1","1","0","0","0","0","0","0","0",10013,52,8,0,0,1,6,0,3,2,5,0,0,0,0,58,58,0,0,0
"G2101510","1980","A","3","6","Kentucky","21",,"Madison","151",,,,,,,,,,,,,"06",,,,,,,,"MADISON COUNTY","0","0","0","0","0","0","0","0","0","0","0","0","0","0","0","0","0","0","0","0","0",49712,3185,46,0,0,14,67,12,31,65,2,2,0,0,216,365,302,26,3,34
"G2101530","1980","A","3","6","Kentucky","21",,"Magoffin","153",,,,,,,,,,,,,"08",,,,,,,,"MAGOFFIN COUNTY","0","0","1","1","1","0","1","0","0","0","0","1","0","1","1","0","0","0","0","1","0",13493,1,12,0,0,0,0,0,0,5,0,0,0,0,4,118,116,0,2,0
"G2101550","1980","A","3","6","Kentucky","21",,"Marion","155",,,,,,,,,,,,,"06",,,,,,,,"MARION COUNTY","0","0","0","1","1","0","0","0","0","0","0","0","1","1","1","0","0","0","0","0","0",16478,1416,3,0,0,1,2,0,0,2,0,4,0,0,4,118,100,16,1,1
"G2101570","1980","A","3","6","Kentucky","21",,"Marshall","157",,,,,,,,,,,,,"01",,,,,,,,"MARSHALL COUNTY","0","0","1","0","0","0","1","0","0","0","0","1","0","0","1","0","0","0","0","1","0",25576,6,17,0,0,5,1,0,4,6,0,0,4,0,18,125,117,0,0,8
"G2101590","1980","A","3","6","Kentucky","21",,"Martin","159",,,,,,,,,,,,,"09",,,,,,,,"MARTIN COUNTY","0","0","1","1","1","0","0","0","0","0","0","0","1","1","1","0","0","0","0","0","0",13897,1,10,0,0,0,0,8,0,2,0,3,0,0,4,78,76,0,1,1
"G2101610","1980","A","3","6","Kentucky","21",,"Mason","161",,,,,,,,,,,,,"06",,,,,,,,"MASON COUNTY","0","0","0","1","0","0","0","1","0","0","0","0","1","1","0","0","0","0","0","0","1",16387,1348,8,0,0,2,5,4,1,2,1,0,0,1,6,116,105,6,5,0
"G2101630","1980","A","3","6","Kentucky","21",,"Meade","163",,,,,,,,,,,,,"03",,,,,,,,"MEADE COUNTY","0","0","0","0","0","0","0","0","0","0","0","0","0","0","0","0","0","0","0","0","0",20787,1466,44,0,0,38,19,15,154,7,13,14,36,5,256,473,253,30,26,164
"G2101650","1980","A","3","6","Kentucky","21",,"Menifee","165",,,,,,,,,,,,,"08",,,,,,,,"MENIFEE COUNTY","0","0","0","1","1","0","1","0","0","0","0","1","0","1","1","0","0","0","0","1","0",5050,51,2,0,0,0,0,0,0,1,7,0,0,0,6,28,23,0,0,5
"G2101670","1980","A","3","6","Kentucky","21",,"Mercer","167",,,,,,,,,,,,,"07",,,,,,,,"MERCER COUNTY","0","0","0","1","1","0","0","1","0","0","0","0","1","0","1","0","0","0","0","0","0",18141,833,4,0,0,3,0,0,1,2,0,3,0,0,24,114,90,19,0,5
"G2101690","1980","A","3","6","Kentucky","21",,"Metcalfe","169",,,,,,,,,,,,,"05",,,,,,,,"METCALFE COUNTY","0","0","0","1","1","0","1","0","0","0","0","0","1","0","1","0","0","0","0","1","0",9195,278,7,1,0,0,0,0,0,2,0,0,0,0,1,87,86,0,0,1
"G2101710","1980","A","3","6","Kentucky","21",,"Monroe","171",,,,,,,,,,,,,"05",,,,,,,,"MONROE COUNTY","0","0","0","1","1","0","0","1","0","0","0","0","1","1","1","0","0","0","0","1","1",11979,358,9,0,0,1,1,1,0,3,0,0,0,0,1,97,83,13,1,0
"G2101730","1980","A","3","6","Kentucky","21",,"Montgomery","173",,,,,,,,,,,,,"06",,,,,,,,"MONTGOMERY COUNTY","0","0","0","1","1","0","0","1","0","0","0","0","0","1","1","0","0","0","0","0","1",18955,1063,14,0,0,0,0,3,2,3,0,0,0,0,6,153,137,11,2,3
"G2101750","1980","A","3","6","Kentucky","21",,"Morgan","175",,,,,,,,,,,,,"08",,,,,,,,"MORGAN COUNTY","0","0","0","1","0","0","1","0","0","0","1","0","1","0","0","0","0","0","0","0","0",12057,21,15,0,0,0,0,0,0,0,0,0,0,0,10,69,66,0,0,3
"G2101770","1980","A","3","6","Kentucky","21",,"Muhlenberg","177",,,,,,,,,,,,,"03",,,,,,,,"MUHLENBERG COUNTY","0","0","0","0","0","0","0","0","0","0","0","0","0","1","1","0","0","0","0","0","1",30521,1633,17,0,0,2,0,11,12,4,7,0,0,0,31,201,157,21,13,10
"G2101790","1980","A","3","6","Kentucky","21",,"Nelson","179",,,,,,,,,,,,,"06",,,,,,,,"NELSON COUNTY","0","0","0","1","0","0","0","1","0","0","0","0","1","1","1","0","0","0","0","0","1",25765,1776,10,1,0,3,2,5,1,2,4,0,0,0,15,136,126,3,2,5
"G2101810","1980","A","3","6","Kentucky","21",,"Nicholas","181",,,,,,,,,,,,,"06",,,,,,,,"NICHOLAS COUNTY","0","0","0","1","1","0","1","0","0","0","0","0","1","1","1","0","0","0","0","1","0",7021,119,4,0,0,2,0,1,1,1,0,0,0,0,8,53,49,0,0,4
"G2101830","1980","A","3","6","Kentucky","21",,"Ohio","183",,,,,,,,,,,,,"03",,,,,,,,"OHIO COUNTY","0","0","0","0","0","0","0","0","0","0","0","0","0","1","1","0","0","0","0","1","0",21467,228,16,0,0,4,5,3,7,12,0,0,0,0,23,88,81,0,2,5
"G2101850","1980","A","3","6","Kentucky","21","4520","Oldham","185",,,,,,,,,,,,,"06",,,,,,,,"OLDHAM COUNTY","0","0","0","1","0","0","0","1","0","0","0","0","0","0","0","0","0","0","0","0","1",26274,1410,12,2,0,2,10,3,15,5,2,2,0,0,58,153,118,7,1,27
"G2101870","1980","A","3","6","Kentucky","21",,"Owen","187",,,,,,,,,,,,,"06",,,,,,,,"OWEN COUNTY","0","0","0","1","1","0","0","1","0","0","0","0","1","1","1","0","0","0","0","0","1",8704,204,6,0,0,4,0,1,0,1,1,0,0,0,3,74,64,3,4,3
"G2101890","1980","A","3","6","Kentucky","21",,"Owsley","189",,,,,,,,,,,,,"08",,,,,,,,"OWSLEY COUNTY","0","0","1","1","1","0","0","0","0","0","0","1","1","0","0","0","0","0","0","0","0",5699,5,2,0,0,0,0,0,1,2,0,0,0,0,0,54,54,0,0,0
"G2101910","1980","A","3","6","Kentucky","21",,"Pendleton","191",,,,,,,,,,,,,"06",,,,,,,,"PENDLETON COUNTY","0","0","0","1","1","0","0","0","0","0","0","1","0","1","0","0","0","0","0","0","0",10938,42,2,0,0,0,0,1,3,1,0,1,0,0,1,45,45,0,0,0
"G2101930","1980","A","3","6","Kentucky","21",,"Perry","193",,,,,,,,,,,,,"09",,,,,,,,"PERRY COUNTY","0","0","0","1","0","0","0","1","0","0","0","0","1","0","1","0","0","0","0","0","1",33068,639,9,0,0,2,0,0,0,30,2,0,2,0,11,299,276,14,5,4
"G2101950","1980","A","3","6","Kentucky","21",,"Pike","195",,,,,,,,,,,,,"09",,,,,,,,"PIKE COUNTY","0","0","0","0","0","0","0","1","0","0","0","0","0","0","0","0","0","0","0","0","1",80631,320,37,0,0,20,16,23,14,28,0,0,1,0,33,570,538,2,15,15
"G2101970","1980","A","3","6","Kentucky","21",,"Powell","197",,,,,,,,,,,,,"08",,,,,,,,"POWELL COUNTY","0","0","0","0","1","0","1","0","0","0","0","0","1","0","1","0","0","0","0","1","0",10970,106,15,0,0,0,0,3,1,0,0,0,0,0,6,57,52,0,0,5
"G2101990","1980","A","3","6","Kentucky","21",,"Pulaski","199",,,,,,,,,,,,,"05",,,,,,,,"PULASKI COUNTY","0","0","0","0","0","0","0","1","0","0","0","0","0","0","0","0","0","0","0","0","1",45131,564,23,1,0,8,1,15,5,9,16,2,0,0,28,394,376,7,1,10
"G2102010","1980","A","3","6","Kentucky","21",,"Robertson","201",,,,,,,,,,,,,"06",,,,,,,,"ROBERTSON COUNTY","0","0","1","0","1","0","1","0","0","0","0","1","0","1","0","0","0","0","0","1","0",2257,5,0,0,0,0,0,2,0,0,0,0,1,0,0,28,26,0,2,0
"G2102030","1980","A","3","6","Kentucky","21",,"Rockcastle","203",,,,,,,,,,,,,"05",,,,,,,,"ROCKCASTLE COUNTY","0","0","1","1","0","0","1","0","0","0","0","0","0","1","1","0","0","0","0","1","0",13935,3,13,0,0,5,4,4,0,5,0,0,0,0,4,80,76,0,0,4
"G2102050","1980","A","3","6","Kentucky","21",,"Rowan","205",,,,,,,,,,,,,"08",,,,,,,,"ROWAN COUNTY","0","0","0","0","0","0","0","1","0","0","0","0","0","0","0","0","0","0","0","1","0",18657,239,23,2,1,2,15,0,2,13,0,4,0,0,91,111,100,1,0,10
"G2102070","1980","A","3","6","Kentucky","21",,"Russell","207",,,,,,,,,,,,,"05",,,,,,,,"RUSSELL COUNTY","0","0","0","1","1","0","0","0","0","0","0","0","1","1","1","0","0","0","0","0","0",13581,109,5,0,0,1,0,2,1,1,0,0,0,0,8,82,82,0,0,0
"G2102090","1980","A","3","6","Kentucky","21","4280","Scott","209",,,,,,,,,,,,,"07",,,,,,,,"SCOTT COUNTY","0","0","0","0","0","0","0","0","0","0","0","0","0","1","1","0","0","0","0","0","1",20225,1521,23,0,0,5,0,11,1,7,1,1,0,0,18,103,75,24,1,3
"G2102110","1980","A","3","6","Kentucky","21",,"Shelby","211",,,,,,,,,,,,,"06",,,,,,,,"SHELBY COUNTY","0","0","0","0","1","0","0","1","0","0","0","0","1","1","0","0","0","0","0","0","0",20666,2628,16,1,0,3,0,2,1,3,0,0,0,0,8,135,98,31,0,6
"G2102130","1980","A","3","6","Kentucky","21",,"Simpson","213",,,,,,,,,,,,,"04",,,,,,,,"SIMPSON COUNTY","0","0","0","1","0","0","0","1","0","0","0","0","1","0","1","0","0","0","0","0","1",12847,1781,9,0,0,1,0,11,2,1,0,2,0,0,19,91,75,10,1,5
"G2102150","1980","A","3","6","Kentucky","21",,"Spencer","215",,,,,,,,,,,,,"06",,,,,,,,"SPENCER COUNTY","0","0","0","1","1","0","1","1","0","0","0","0","1","1","0","0","0","0","0","1","1",5766,157,1,0,0,0,0,2,0,3,0,0,0,0,0,30,28,2,0,0
"G2102170","1980","A","3","6","Kentucky","21",,"Taylor","217",,,,,,,,,,,,,"03",,,,,,,,"TAYLOR COUNTY","0","0","0","1","1","0","0","1","0","0","0","0","0","1","1","0","0","0","0","0","1",19991,1135,14,0,0,2,1,5,0,5,0,0,0,0,25,160,145,9,1,5
"G2102190","1980","A","3","6","Kentucky","21",,"Todd","219",,,,,,,,,,,,,"04",,,,,,,,"TODD COUNTY","0","0","0","0","1","0","0","0","0","0","0","0","0","1","1","0","0","0","0","0","1",10396,1439,17,0,0,0,0,1,0,11,0,0,0,0,10,113,89,17,1,6
"G2102210","1980","A","3","6","Kentucky","21",,"Trigg","221",,,,,,,,,,,,,"04",,,,,,,,"TRIGG COUNTY","0","0","0","1","1","0","0","1","0","0","0","0","0","1","1","0","0","0","0","0","1",8191,1175,5,0,0,1,1,1,1,1,1,0,0,0,7,80,52,24,0,4
"G2102230","1980","A","3","6","Kentucky","21",,"Trimble","223",,,,,,,,,,,,,"06",,,,,,,,"TRIMBLE COUNTY","0","0","1","1","1","0","1","0","0","0","1","1","0","0","0","0","0","0","0","0","0",6246,2,2,0,0,1,0,0,0,0,0,0,0,0,2,35,33,0,0,2
"G2102250","1980","A","3","6","Kentucky","21",,"Union","225",,,,,,,,,,,,,"02",,,,,,,,"UNION COUNTY","0","0","0","0","0","0","0","0","0","0","0","0","1","0","1","0","0","0","0","0","1",14449,3290,18,0,0,3,0,15,0,5,5,1,0,0,35,183,74,77,4,28
"G2102270","1980","A","3","6","Kentucky","21",,"Warren","227",,,,,,,,,,,,,"04",,,,,,,,"WARREN COUNTY","0","0","0","0","0","0","0","0","0","0","0","0","0","0","0","0","0","0","0","0","0",65363,5913,86,1,6,12,32,13,24,58,7,7,2,0,304,528,401,54,11,62
"G2102290","1980","A","3","6","Kentucky","21",,"Washington","229",,,,,,,,,,,,,"06",,,,,,,,"WASHINGTON COUNTY","0","0","0","1","1","0","0","1","0","0","0","0","1","1","1","0","0","0","0","0","1",9655,1082,5,0,0,2,0,0,5,3,1,0,0,0,11,93,77,7,5,4
"G2102310","1980","A","3","6","Kentucky","21",,"Wayne","231",,,,,,,,,,,,,"05",,,,,,,,"WAYNE COUNTY","0","0","0","0","1","0","0","1","0","0","0","0","0","1","1","0","0","0","0","1","1",16612,365,22,0,0,0,0,2,1,3,0,1,0,0,16,120,109,2,2,7
"G2102330","1980","A","3","6","Kentucky","21",,"Webster","233",,,,,,,,,,,,,"02",,,,,,,,"WEBSTER COUNTY","0","0","0","1","1","0","0","1","0","0","0","0","0","1","1","0","0","0","0","0","1",13925,871,12,0,0,2,0,5,0,2,0,0,1,0,14,67,50,14,1,2
"G2102350","1980","A","3","6","Kentucky","21",,"Whitley","235",,,,,,,,,,,,,"09",,,,,,,,"WHITLEY COUNTY","0","0","0","0","0","0","0","1","0","0","0","0","0","0","0","0","0","0","0","0","1",33106,205,19,0,0,8,2,1,8,13,0,5,0,0,29,196,181,3,1,11
"G2102370","1980","A","3","6","Kentucky","21",,"Wolfe","237",,,,,,,,,,,,,"08",,,,,,,,"WOLFE COUNTY","0","0","1","1","1","0","0","0","0","0","1","0","1","0","0","0","0","0","0","0","0",6686,2,4,0,0,0,0,0,2,1,0,0,0,0,3,48,48,0,0,0
"G2102390","1980","A","3","6","Kentucky","21","4280","Woodford","239",,,,,,,,,,,,,"07",,,,,,,,"WOODFORD COUNTY","0","0","0","1","0","0","0","1","0","0","0","0","1","1","1","0","0","0","0","0","1",16361,1375,10,0,0,5,6,0,1,3,2,2,0,0,13,110,91,13,1,5
"G2200010","1980","A","3","7","Louisiana","22",,"Acadia","001",,,,,,,,,,,,,"07",,,,,,,,"ACADIA PARISH","0","0","0","0","0","0","0","0","0","0","0","0","0","0","0","0","0","0","0","0","0",46403,9902,23,0,0,5,2,7,15,8,3,3,0,0,56,663,467,168,6,22
"G2200030","1980","A","3","7","Louisiana","22",,"Allen","003",,,,,,,,,,,,,"07",,,,,,,,"ALLEN PARISH","0","0","0","0","0","0","0","0","0","0","0","0","0","1","1","0","0","0","0","0","1",16720,4383,233,1,0,5,5,1,2,6,0,1,0,0,33,198,102,75,7,14
"G2200050","1980","A","3","7","Louisiana","22","0760","Ascension","005",,,,,,,,,,,,,"06",,,,,,,,"ASCENSION PARISH","0","0","0","0","0","0","0","0","0","0","0","0","0","0","0","0","0","0","0","0","0",38542,11262,76,0,0,17,14,14,5,19,7,3,0,3,106,1094,870,139,28,57
"G2200070","1980","A","3","7","Louisiana","22",,"Assumption","007",,,,,,,,,,,,,"06",,,,,,,,"ASSUMPTION PARISH","0","0","0","1","0","0","0","0","0","0","0","0","1","0","1","0","0","0","0","0","1",15031,6995,21,0,0,2,0,0,0,5,17,0,0,0,13,517,455,54,2,6
"G2200090","1980","A","3","7","Louisiana","22",,"Avoyelles","009",,,,,,,,,,,,,"03",,,,,,,,"AVOYELLES PARISH","0","0","0","0","0","0","0","0","0","0","0","0","0","1","1","0","0","0","0","0","0",30730,10532,46,0,0,5,0,2,0,9,2,0,0,0,67,572,412,116,4,40
"G2200110","1980","A","3","7","Louisiana","22",,"Beauregard","011",,,,,,,,,,,,,"08",,,,,,,,"BEAUREGARD PARISH","0","0","0","0","0","0","0","0","0","0","0","0","0","0","0","0","0","0","0","0","0",24755,4756,27,0,0,19,4,6,18,14,9,4,8,0,72,314,231,29,13,41
"G2200130","1980","A","3","7","Louisiana","22",,"Bienville","013",,,,,,,,,,,,,"04",,,,,,,,"BIENVILLE PARISH","0","0","0","1","0","0","1","0","0","0","0","0","1","0","1","0","0","0","0","1","0",9390,6939,21,0,0,0,2,3,1,1,8,10,0,0,12,176,69,103,4,0
"G2200150","1980","A","3","7","Louisiana","22","7680","Bossier","015",,,,,,,,,,,,,"A",,,,,,,,"BOSSIER PARISH","0","0","0","0","0","0","0","0","0","0","0","0","0","0","0","0","0","0","0","0","0",64229,15236,186,2,0,108,43,109,53,25,36,19,22,1,652,1710,1102,212,36,360
"G2200170","1980","A","3","7","Louisiana","22","7680","Caddo","017",,,,,,,,,,,,,"A",,,,,,,,"CADDO PARISH","0","0","0","0","0","0","0","0","0","0","0","0","0","0","0","0","0","0","0","0","0",155187,95242,382,4,1,55,156,48,102,85,355,39,1,3,698,3378,1720,1219,68,371
"G2200190","1980","A","3","7","Louisiana","22","3960","Calcasieu","019",,,,,,,,,,,,,"D",,,,,,,,"CALCASIEU PARISH","0","0","0","0","0","0","0","0","0","0","0","0","0","0","0","0","0","0","0","0","0",129934,36284,257,3,3,49,65,64,38,113,57,13,2,2,339,2233,1613,433,18,169
"G2200210","1980","A","3","7","Louisiana","22",,"Caldwell","021",,,,,,,,,,,,,"04",,,,,,,,"CALDWELL PARISH","0","0","0","1","1","0","0","1","0","0","0","0","0","1","1","0","0","0","0","0","1",8731,1969,0,1,0,0,0,0,7,0,4,2,0,0,47,161,103,11,0,47
"G2200230","1980","A","3","7","Louisiana","22",,"Cameron","023",,,,,,,,,,,,,"07",,,,,,,,"CAMERON PARISH","0","0","0","1","1","0","1","0","0","0","0","0","1","1","0","0","0","0","0","1","0",8782,524,7,0,0,0,1,1,0,1,0,0,0,0,20,177,163,0,0,14
"G2200250","1980","A","3","7","Louisiana","22",,"Catahoula","025",,,,,,,,,,,,,"02",,,,,,,,"CATAHOULA PARISH","0","0","0","1","1","0","0","1","0","0","0","1","1","0","0","0","0","0","0","0","0",9092,3175,17,0,0,1,0,0,1,0,0,0,0,1,0,69,40,27,2,0
"G2200270","1980","A","3","7","Louisiana","22",,"Claiborne","027",,,,,,,,,,,,,"04",,,,,,,,"CLAIBORNE PARISH","0","0","0","1","1","0","1","0","0","0","0","0","0","1","1","0","0","0","0","1","0",9063,8002,2,0,0,2,0,2,0,0,0,6,0,0,18,187,31,151,0,5
"G2200290","1980","A","3","7","Louisiana","22",,"Concordia","029",,,,,,,,,,,,,"02",,,,,,,,"CONCORDIA PARISH","0","0","0","0","0","0","0","0","0","0","0","0","0","1","1","0","0","0","0","0","0",14854,8056,23,0,0,1,9,2,1,2,0,1,1,0,31,164,95,47,1,21
"G2200310","1980","A","3","7","Louisiana","22",,"De Soto","031",,,,,,,,,,,,,"08",,,,,,,,"DE SOTO PARISH","0","0","0","0","0","0","0","0","0","0","0","0","0","1","1","0","0","0","0","0","0",14094,11556,24,0,3,5,8,2,2,0,0,3,1,0,29,375,201,141,7,26
"G2200330","1980","B","3","7","Louisiana","22","0760","East Baton Rouge","033",,,,,,,,,,,,,"C",,,,,,,,"EAST BATON ROUGE PARISH","0","0","0","0","0","0","0","0","0","0","0","0","0","0","0","0","0","0","0","0","0",246341,114741,505,3,8,169,654,163,139,579,664,37,12,5,2171,6306,4573,995,75,663
"G2200350","1980","A","3","7","Louisiana","22",,"East Carroll","035",,,,,,,,,,,,,"02",,,,,,,,"EAST CARROLL PARISH","0","0","0","1","0","0","0","0","0","0","0","0","1","0","1","0","0","0","0","0","0",4460,7201,1,0,0,0,37,0,1,2,0,0,0,0,70,275,113,96,0,66
"G2200370","1980","A","3","7","Louisiana","22",,"East Feliciana","037",,,,,,,,,,,,,"05",,,,,,,,"EAST FELICIANA PARISH","0","0","0","1","0","0","0","0","0","0","0","0","1","0","1","0","0","0","0","0","1",9689,9240,20,0,0,2,1,12,0,7,30,0,0,0,14,265,107,144,5,9
"G2200390","1980","A","3","7","Louisiana","22",,"Evangeline","039",,,,,,,,,,,,,"03",,,,,,,,"EVANGELINE PARISH","0","0","0","0","0","0","0","0","0","0","0","0","0","0","0","0","0","0","0","0","0",25201,8027,18,0,1,8,1,4,5,18,0,5,0,0,55,550,348,171,5,26
"G2200410","1980","A","3","7","Louisiana","22",,"Franklin","041",,,,,,,,,,,,,"02",,,,,,,,"FRANKLIN PARISH","0","0","0","1","0","0","1","0","0","0","0","0","1","0","1","0","0","0","0","0","1",16347,7735,6,0,0,10,14,0,0,3,2,2,0,0,22,158,54,90,0,14
"G2200430","1980","A","3","7","Louisiana","22","0220","Grant","043",,,,,,,,,,,,,"04",,,,,,,,"GRANT PARISH","0","0","0","1","0","0","0","0","0","0","0","0","0","1","1","0","0","0","0","0","1",13802,2840,24,0,0,3,3,5,6,6,0,1,2,0,11,152,87,58,2,5
"G2200450","1980","A","3","7","Louisiana","22",,"Iberia","045",,,,,,,,,,,,,"06",,,,,,,,"IBERIA PARISH","0","0","0","0","0","0","0","0","0","0","0","0","0","0","0","0","0","0","0","0","0",45770,17640,97,3,0,7,10,15,3,18,39,4,0,1,145,2331,2005,245,9,72
"G2200470","1980","A","3","7","Louisiana","22",,"Iberville","047",,,,,,,,,,,,,"06",,,,,,,,"IBERVILLE PARISH","0","0","0","0","0","0","0","0","0","0","0","0","0","1","1","0","0","0","0","0","0",16606,15414,24,0,0,4,9,21,2,5,5,7,0,2,60,789,588,161,4,36
"G2200490","1980","A","3","7","Louisiana","22",,"Jackson","049",,,,,,,,,,,,,"04",,,,,,,,"JACKSON PARISH","0","0","0","1","0","0","0","1","0","0","0","0","0","1","1","0","0","0","0","0","1",11751,5522,16,2,0,7,5,0,5,1,0,1,0,0,11,119,75,42,0,2
"G2200510","1980","A","3","7","Louisiana","22","5560","Jefferson","051",,,,,,,,,,,,,"B",,,,,,,,"JEFFERSON PARISH","0","0","0","0","0","0","0","0","0","0","0","0","0","0","0","0","0","0","0","0","0",380645,63001,1371,9,11,267,982,714,317,701,2603,67,21,9,3874,21772,17833,825,308,2806
"G2200530","1980","A","3","7","Louisiana","22",,"Jefferson Davis","053",,,,,,,,,,,,,"07",,,,,,,,"JEFFERSON DAVIS PARISH","0","0","0","0","0","0","0","0","0","0","0","0","0","0","0","0","0","0","0","0","0",25933,6146,34,0,0,2,1,5,8,3,1,4,1,0,30,483,371,85,4,23
"G2200550","1980","A","3","7","Louisiana","22","3880","Lafayette","055",,,,,,,,,,,,,"03",,,,,,,,"LAFAYETTE PARISH","0","0","0","0","0","0","0","0","0","0","0","0","0","0","0","0","0","0","0","0","0",117867,30334,209,4,1,44,155,36,38,127,266,9,5,1,921,3721,2945,371,54,351
"G2200570","1980","A","3","7","Louisiana","22",,"Lafourche","057",,,,,,,,,,,,,"06",,,,,,,,"LAFOURCHE PARISH","0","0","0","0","0","0","0","0","0","0","0","0","0","0","0","0","0","0","0","0","0",72039,9127,829,2,0,21,24,33,10,37,190,4,0,0,167,1644,1397,122,40,85
"G2200590","1980","A","3","7","Louisiana","22",,"La Salle","059",,,,,,,,,,,,,"04",,,,,,,,"LA SALLE PARISH","0","0","0","0","0","0","0","1","0","0","0","0","0","0","0","0","0","0","0","0","1",15227,1585,142,0,1,2,0,5,0,13,0,1,0,0,28,80,69,3,0,8
"G2200610","1980","A","3","7","Louisiana","22",,"Lincoln","061",,,,,,,,,,,,,"04",,,,,,,,"LINCOLN PARISH","0","0","0","0","0","0","0","0","0","0","0","0","0","0","0","0","0","0","0","0","0",24661,14590,35,1,0,9,49,2,4,84,16,8,1,0,303,444,208,130,3,103
"G2200630","1980","A","3","7","Louisiana","22","0760","Livingston","063",,,,,,,,,,,,,"05",,,,,,,,"LIVINGSTON PARISH","0","0","0","0","0","0","0","0","0","0","0","0","0","0","0","0","0","0","0","0","0",54640,3952,71,0,0,11,6,2,12,7,31,6,0,3,65,674,595,34,6,39
"G2200650","1980","A","3","7","Louisiana","22",,"Madison","065",,,,,,,,,,,,,"02",,,,,,,,"MADISON PARISH","0","0","0","1","0","0","0","0","0","0","0","0","1","0","1","0","0","0","0","0","0",6493,9364,5,0,0,1,2,0,0,4,6,0,0,2,98,293,140,71,4,78
"G2200670","1980","A","3","7","Louisiana","22",,"Morehouse","067",,,,,,,,,,,,,"02",,,,,,,,"MOREHOUSE PARISH","0","0","0","0","0","0","0","0","0","0","0","0","0","0","0","0","0","0","0","0","0",20731,13980,15,0,2,3,11,0,1,4,10,2,3,2,39,333,120,186,0,27
"G2200690","1980","A","3","7","Louisiana","22",,"Natchitoches","069",,,,,,,,,,,,,"01",,,,,,,,"NATCHITOCHES PARISH","0","0","0","0","0","0","0","0","0","0","0","0","0","0","0","0","0","0","0","0","0",24953,14450,122,0,2,6,27,6,15,27,2,4,3,0,246,755,341,320,13,81
"G2200710","1980","B","3","7","Louisiana","22","5560","Orleans","071",,,,,,,,,,,,,"B",,,,,,,,"ORLEANS PARISH","0","0","0","0","0","0","0","0","0","0","0","0","0","0","0","0","0","0","0","0","0",236987,308149,501,11,12,268,581,631,170,501,5030,101,32,18,4523,19226,12293,3476,287,3170
"G2200730","1980","A","3","7","Louisiana","22","5200","Ouachita","073",,,,,,,,,,,,,"E",,,,,,,,"OUACHITA PARISH","0","0","0","0","0","0","0","0","0","0","0","0","0","0","0","0","0","0","0","0","0",97843,40582,104,4,0,23,109,20,25,42,145,17,2,2,323,1276,783,277,19,197
"G2200750","1980","A","3","7","Louisiana","22",,"Plaquemines","075",,,,,,,,,,,,,"05",,,,,,,,"PLAQUEMINES PARISH","0","0","0","0","0","0","0","0","0","0","0","0","0","0","0","0","0","0","0","0","0",19918,5540,283,0,0,9,2,72,5,3,7,8,2,0,200,715,549,87,36,43
"G2200770","1980","A","3","7","Louisiana","22",,"Pointe Coupee","077",,,,,,,,,,,,,"03",,,,,,,,"POINTE COUPEE PARISH","0","0","0","1","0","0","0","0","0","0","0","0","1","1","0","0","0","0","0","0","1",13984,10001,10,0,0,3,0,0,1,4,14,0,0,0,28,412,254,147,2,9
"G2200790","1980","A","3","7","Louisiana","22","0220","Rapides","079",,,,,,,,,,,,,"01",,,,,,,,"RAPIDES PARISH","0","0","0","0","0","0","0","0","0","0","0","0","0","0","0","0","0","0","0","0","0",97459,36308,428,0,1,64,67,95,90,76,134,23,3,2,532,1629,1045,277,50,257
"G2200810","1980","A","3","7","Louisiana","22",,"Red River","081",,,,,,,,,,,,,"01",,,,,,,,"RED RIVER PARISH","0","0","0","1","1","0","1","0","0","0","0","0","0","0","0","0","0","0","0","1","0",6609,3797,13,0,0,2,0,0,1,0,0,0,0,0,11,137,53,78,0,6
"G2200830","1980","A","3","7","Louisiana","22",,"Richland","083",,,,,,,,,,,,,"02",,,,,,,,"RICHLAND PARISH","0","0","0","1","0","0","0","0","0","0","0","0","0","0","0","0","0","0","0","0","0",14250,7851,10,0,1,9,0,5,2,3,0,2,0,0,54,246,97,97,3,49
"G2200850","1980","A","3","7","Louisiana","22",,"Sabine","085",,,,,,,,,,,,,"08",,,,,,,,"SABINE PARISH","0","0","0","0","0","0","0","0","0","0","0","0","0","0","0","0","0","0","0","0","0",19691,4694,774,0,0,3,1,2,1,14,0,4,0,0,96,2028,1565,50,349,64
"G2200870","1980","A","3","7","Louisiana","22","5560","St Bernard","087",,,,,,,,,,,,,"B",,,,,,,,"ST. BERNARD PARISH","0","0","0","0","0","0","0","0","0","0","0","0","0","0","0","0","0","0","0","0","0",60868,2411,290,0,0,9,17,220,2,34,49,1,3,0,193,5162,4892,31,82,157
"G2200890","1980","A","3","7","Louisiana","22",,"St Charles","089",,,,,,,,,,,,,"05",,,,,,,,"ST. CHARLES PARISH","0","0","0","0","0","0","0","0","0","0","0","0","0","0","0","0","0","0","0","0","0",27437,9479,68,0,0,5,3,8,5,45,4,3,0,0,202,823,493,166,3,161
"G2200910","1980","A","3","7","Louisiana","22",,"St Helena","091",,,,,,,,,,,,,"05",,,,,,,,"ST. HELENA PARISH","0","0","0","1","1","0","0","0","0","0","0","0","1","1","1","0","0","0","0","0","0",4758,5059,4,0,0,1,1,0,0,0,2,1,0,0,1,110,27,83,0,0
"G2200930","1980","A","3","7","Louisiana","22",,"St James","093",,,,,,,,,,,,,"06",,,,,,,,"ST. JAMES PARISH","0","0","0","1","0","0","0","0","0","0","0","0","0","1","1","0","0","0","0","1","0",11299,10156,2,0,0,2,0,1,0,20,0,2,0,0,13,330,144,173,1,12
"G2200950","1980","A","3","7","Louisiana","22",,"St John The Baptist","095",,,,,,,,,,,,,"06",,,,,,,,"ST. JOHN THE BAPTIST PARISH","0","0","0","0","0","0","0","0","0","0","0","0","0","0","0","0","0","0","0","0","0",19595,12175,36,0,0,8,4,5,2,13,18,3,0,0,65,678,443,183,6,46
"G2200970","1980","A","3","7","Louisiana","22",,"St Landry","097",,,,,,,,,,,,,"03",,,,,,,,"ST. LANDRY PARISH","0","0","0","0","0","0","0","0","0","0","0","0","0","0","0","0","0","0","0","0","0",51827,31965,32,1,2,16,6,5,7,18,97,6,0,1,145,1212,707,430,6,69
"G2200990","1980","A","3","7","Louisiana","22",,"St Martin","099",,,,,,,,,,,,,"06",,,,,,,,"ST. MARTIN PARISH","0","0","0","0","0","0","0","0","0","0","0","0","0","0","0","0","0","0","0","0","0",26810,13185,26,0,0,4,1,0,3,4,116,3,0,0,62,631,488,115,1,27
"G2201010","1980","A","3","7","Louisiana","22",,"St Mary","101",,,,,,,,,,,,,"06",,,,,,,,"ST. MARY PARISH","0","0","0","0","0","0","0","0","0","0","0","0","0","0","0","0","0","0","0","0","0",44605,18515,385,3,0,11,19,21,24,15,428,4,0,6,217,1572,1125,274,30,143
"G2201030","1980","A","3","7","Louisiana","22","5560","St Tammany","103",,,,,,,,,,,,,"05",,,,,,,,"ST. TAMMANY PARISH","0","0","0","0","0","0","0","0","0","0","0","0","0","0","0","0","0","0","0","0","0",95921,13861,303,1,1,77,74,51,30,29,69,10,4,2,436,2255,1830,201,23,201
"G2201050","1980","A","3","7","Louisiana","22",,"Tangipahoa","105",,,,,,,,,,,,,"05",,,,,,,,"TANGIPAHOA PARISH","0","0","0","0","0","0","0","0","0","0","0","0","0","0","0","0","0","0","0","0","0",55990,24295,84,0,0,16,50,4,9,29,12,17,4,0,188,1054,615,350,8,81
"G2201070","1980","A","3","7","Louisiana","22",,"Tensas","107",,,,,,,,,,,,,"02",,,,,,,,"TENSAS PARISH","0","0","0","0","1","0","1","0","0","0","0","0","0","1","1","0","0","0","0","0","0",3856,4659,0,0,0,3,1,0,4,0,0,0,0,0,2,83,28,54,0,1
"G2201090","1980","A","3","7","Louisiana","22",,"Terrebonne","109",,,,,,,,,,,,,"06",,,,,,,,"TERREBONNE PARISH","0","0","0","0","0","0","0","0","0","0","0","0","0","0","0","0","0","0","0","0","0",76058,14598,3272,2,0,8,26,40,20,35,140,8,5,0,181,1606,1247,115,159,85
"G2201110","1980","A","3","7","Louisiana","22",,"Union","111",,,,,,,,,,,,,"04",,,,,,,,"UNION PARISH","0","0","0","0","1","0","0","0","0","0","0","0","0","1","1","0","0","0","0","0","0",14931,6166,18,0,0,0,2,2,0,1,3,5,1,0,38,164,77,54,4,29
"G2201130","1980","A","3","7","Louisiana","22",,"Vermilion","113",,,,,,,,,,,,,"07",,,,,,,,"VERMILION PARISH","0","0","0","0","0","0","0","0","0","0","0","0","0","0","0","0","0","0","0","0","0",41720,6425,34,0,1,10,0,7,15,10,172,2,0,0,62,826,715,60,14,37
"G2201150","1980","A","3","7","Louisiana","22",,"Vernon","115",,,,,,,,,,,,,"08",,,,,,,,"VERNON PARISH","0","0","0","0","0","0","0","0","0","0","0","0","0","0","0","0","0","0","0","0","0",41181,9764,232,2,4,56,16,123,482,18,35,48,70,45,1399,2239,886,123,99,1131
"G2201170","1980","A","3","7","Louisiana","22",,"Washington","117",,,,,,,,,,,,,"05",,,,,,,,"WASHINGTON PARISH","0","0","0","0","0","0","0","0","0","0","0","0","0","0","0","0","0","0","0","0","0",30753,13308,29,0,0,4,9,11,5,6,35,15,2,0,30,433,245,167,3,18
"G2201190","1980","A","3","7","Louisiana","22","7680","Webster","119",,,,,,,,,,,,,"04",,,,,,,,"WEBSTER PARISH","0","0","0","0","0","0","0","0","0","0","0","0","0","0","0","0","0","0","0","0","0",29555,13937,53,0,0,10,1,4,9,9,1,6,1,0,45,419,149,241,2,27
"G2201210","1980","A","3","7","Louisiana","22","0760","West Baton Rouge","121",,,,,,,,,,,,,"06",,,,,,,,"WEST BATON ROUGE PARISH","0","0","0","0","0","0","0","0","0","0","0","0","0","0","0","0","0","0","0","0","0",11384,7626,18,0,0,2,0,3,1,0,8,2,1,4,37,354,234,101,0,19
"G2201230","1980","A","3","7","Louisiana","22",,"West Carroll","123",,,,,,,,,,,,,"02",,,,,,,,"WEST CARROLL PARISH","0","0","0","0","1","0","0","1","0","0","0","0","1","1","1","0","0","0","0","0","1",10780,2099,16,0,0,1,1,0,2,3,0,1,0,0,19,78,56,5,0,17
"G2201250","1980","A","3","7","Louisiana","22",,"West Feliciana","125",,,,,,,,,,,,,"05",,,,,,,,"WEST FELICIANA PARISH","0","0","0","1","0","0","0","0","0","0","0","0","1","0","1","0","0","0","0","1","0",5079,7061,17,0,0,5,7,0,3,3,2,0,0,0,9,196,42,147,1,6
"G2201270","1980","A","3","7","Louisiana","22",,"Winn","127",,,,,,,,,,,,,"04",,,,,,,,"WINN PARISH","0","0","0","0","1","0","0","0","0","0","0","0","0","1","1","0","0","0","0","0","1",12331,4873,20,0,0,3,0,0,0,4,0,5,1,7,9,108,50,53,1,4
"G2300010","1980","A","1","1","Maine","23",,"Androscoggin","001",,,,,,,,,,,,,"04",,,,,,,,"ANDROSCOGGIN COUNTY","0","0","0","0","0","0","0","1","0","0","0","0","0","0","0","0","0","0","0","0","0",98785,238,118,0,0,28,45,35,30,50,42,1,0,2,283,525,435,6,9,75
"G2300030","1980","A","1","1","Maine","23",,"Aroostook","003",,,,,,,,,,,,,"01",,,,,,,,"AROOSTOOK COUNTY","0","0","0","0","0","0","0","1","0","0","0","0","0","0","0","0","0","0","0","0","0",87144,822,635,1,0,33,48,90,60,25,7,7,1,1,2457,535,368,13,31,123
"G2300050","1980","A","1","1","Maine","23",,"Cumberland","005",,,,,,,,,,,,,"A",,,,,,,,"CUMBERLAND COUNTY","0","0","0","0","0","0","0","0","0","0","0","0","0","0","0","0","0","0","0","0","0",212967,1003,328,4,8,63,132,249,111,115,187,14,27,3,578,1111,803,25,91,192
"G2300070","1980","A","1","1","Maine","23",,"Franklin","007",,,,,,,,,,,,,"02",,,,,,,,"FRANKLIN COUNTY","0","0","1","0","0","0","0","1","0","0","0","0","0","0","0","0","0","0","0","0","1",26979,13,36,0,0,8,1,4,5,6,3,4,1,0,38,110,93,1,5,11
"G2300090","1980","A","1","1","Maine","23",,"Hancock","009",,,,,,,,,,,,,"03",,,,,,,,"HANCOCK COUNTY","0","0","0","0","0","0","0","1","0","0","0","0","0","0","0","0","0","0","0","0","0",41531,43,73,0,0,22,16,18,12,4,2,2,0,0,58,175,154,1,4,16
"G2300110","1980","A","1","1","Maine","23",,"Kennebec","011",,,,,,,,,,,,,"04",,,,,,,,"KENNEBEC COUNTY","0","0","0","0","0","0","0","1","0","0","0","0","0","0","0","0","0","0","0","0","1",109053,122,200,1,1,25,84,34,58,35,65,5,1,1,204,432,362,6,10,54
"G2300130","1980","A","1","1","Maine","23",,"Knox","013",,,,,,,,,,,,,"03",,,,,,,,"KNOX COUNTY","0","0","0","0","0","0","0","1","0","0","0","0","0","0","0","0","0","0","0","1","0",32736,33,72,0,0,5,9,7,19,3,0,0,2,0,55,131,107,1,7,16
"G2300150","1980","A","1","1","Maine","23",,"Lincoln","015",,,,,,,,,,,,,"03",,,,,,,,"LINCOLN COUNTY","0","0","1","0","0","0","1","0","0","0","0","0","0","1","1","0","0","0","0","1","0",25624,9,26,0,0,8,0,4,1,2,1,6,0,0,10,66,60,0,0,6
"G2300170","1980","A","1","1","Maine","23",,"Oxford","017",,,,,,,,,,,,,"02",,,,,,,,"OXFORD COUNTY","0","0","0","0","0","0","0","1","0","0","0","0","0","0","0","0","0","0","0","0","1",48748,23,50,0,0,16,2,10,16,35,4,0,6,1,57,220,194,4,6,16
"G2300190","1980","A","1","1","Maine","23",,"Penobscot","019",,,,,,,,,,,,,"02",,,,,,,,"PENOBSCOT COUNTY","0","0","0","0","0","0","0","1","0","0","0","0","0","0","0","0","0","0","0","0","0",135004,278,1027,6,1,46,76,47,58,57,59,3,8,7,338,414,336,2,21,55
"G2300210","1980","A","1","1","Maine","23",,"Piscataquis","021",,,,,,,,,,,,,"02",,,,,,,,"PISCATAQUIS COUNTY","0","0","1","0","0","0","0","1","0","0","0","1","0","0","1","0","0","0","0","0","1",17512,7,63,0,0,3,0,9,5,2,13,0,0,0,20,80,72,1,3,4
"G2300230","1980","A","1","1","Maine","23",,"Sagadahoc","023",,,,,,,,,,,,,"04",,,,,,,,"SAGADAHOC COUNTY","0","0","0","0","0","0","0","1","0","0","0","0","0","0","0","0","0","0","0","0","0",28404,176,47,0,0,11,5,58,15,6,0,2,2,0,69,244,175,2,36,31
"G2300250","1980","A","1","1","Maine","23",,"Somerset","025",,,,,,,,,,,,,"02",,,,,,,,"SOMERSET COUNTY","0","0","0","0","0","0","0","1","0","0","0","0","0","0","0","0","0","0","0","0","1",44823,31,96,1,0,6,5,6,3,6,6,1,0,0,44,135,116,2,9,8
"G2300270","1980","A","1","1","Maine","23",,"Waldo","027",,,,,,,,,,,,,"03",,,,,,,,"WALDO COUNTY","0","0","0","0","0","0","0","1","0","0","0","0","0","0","0","0","0","0","0","1","0",28275,26,28,0,0,13,0,8,13,2,2,4,0,0,43,95,76,1,0,18
"G2300290","1980","A","1","1","Maine","23",,"Washington","029",,,,,,,,,,,,,"03",,,,,,,,"WASHINGTON COUNTY","0","0","0","0","0","0","0","0","0","0","0","0","0","0","0","0","0","0","0","1","0",33794,24,1026,1,1,9,14,15,9,2,4,2,0,0,62,74,59,0,8,7
"G2300310","1980","A","1","1","Maine","23",,"York","031",,,,,,,,,,,,,"04",,,,,,,,"YORK COUNTY","0","0","0","0","0","0","0","1","0","0","0","0","0","0","0","0","0","0","0","0","1",138471,280,232,3,2,40,47,72,66,42,70,7,1,1,332,658,580,3,23,52
"G2400010","1980","A","3","5","Maryland","24","1900","Allegany","001",,,,,,,,,,,,,"01",,,,,,,,"ALLEGANY COUNTY","0","0","0","0","0","0","0","1","0","0","0","0","0","0","0","0","0","0","0","0","0",78942,1299,30,1,0,11,21,44,29,54,13,2,1,0,101,345,313,3,5,24
"G2400030","1980","A","3","5","Maryland","24","0720","Anne Arundel","003",,,,,,,,,,,,,"A",,,,,,,,"ANNE ARUNDEL COUNTY","0","0","0","0","0","0","0","0","0","0","0","0","0","0","0","0","0","0","0","0","0",321203,42860,681,5,13,424,580,922,1362,485,267,88,59,9,1817,4595,3042,432,289,832
"G2400050","1980","A","3","5","Maryland","24","0720","Baltimore","005",,,,,,,,,,,,,"A",,,,,,,,"BALTIMORE COUNTY","0","0","0","0","0","0","0","0","0","0","0","0","0","0","0","0","0","0","0","0","0",590283,53955,755,7,11,367,1561,1584,2901,1826,216,55,11,3,2080,5394,4079,357,350,608
"G2400090","1980","A","3","5","Maryland","24",,"Calvert","009",,,,,,,,,,,,,"03",,,,,,,,"CALVERT COUNTY","0","0","0","0","0","0","0","0","0","0","0","0","0","0","0","0","0","0","0","0","0",26733,7689,45,0,0,6,26,61,6,6,0,1,0,0,65,260,169,48,19,24
"G2400110","1980","A","3","5","Maryland","24",,"Caroline","011",,,,,,,,,,,,,"04",,,,,,,,"CAROLINE COUNTY","0","0","0","0","0","0","0","0","0","0","0","0","0","0","0","0","0","0","0","0","0",19138,3915,25,1,0,5,11,6,4,3,1,0,0,0,34,172,106,49,0,17
"G2400130","1980","A","3","5","Maryland","24","0720","Carroll","013",,,,,,,,,,,,,"C",,,,,,,,"CARROLL COUNTY","0","0","0","0","0","0","0","0","0","0","0","0","0","0","0","0","0","0","0","0","0",92818,2840,72,3,0,37,66,78,112,87,26,6,0,2,209,545,404,31,25,85
"G2400150","1980","A","3","5","Maryland","24","9160","Cecil","015",,,,,,,,"77",,,,,"04",,,,,,,,"CECIL COUNTY","0","0","0","0","0","0","0","0","0","0","0","0","0","0","0","0","0","0","0","0","0",56825,3204,86,1,4,24,32,28,41,49,27,4,1,0,104,404,299,36,9,60
"G2400170","1980","A","3","5","Maryland","24","8840","Charles","017",,,,,,,,,,,,,"03",,,,,,,,"CHARLES COUNTY","0","0","0","0","0","0","0","0","0","0","0","0","0","0","0","0","0","0","0","0","0",56787,14736,477,1,0,66,29,183,77,84,30,8,10,4,259,940,625,180,49,86
"G2400190","1980","A","3","5","Maryland","24",,"Dorchester","019",,,,,,,,,,,,,"04",,,,,,,,"DORCHESTER COUNTY","0","0","0","0","0","0","0","0","0","0","0","0","0","0","0","0","0","0","0","0","0",21394,9086,16,0,0,9,12,15,2,28,4,1,0,0,56,293,87,160,2,44
"G2400210","1980","A","3","5","Maryland","24",,"Frederick","021",,,,,,,,,,,,,"02",,,,,,,,"FREDERICK COUNTY","0","0","0","0","0","0","0","0","0","0","0","0","0","0","0","0","0","0","0","0","0",107511,6344,104,2,1,70,90,104,145,80,35,12,3,7,284,826,611,51,42,122
"G2400230","1980","A","3","5","Maryland","24",,"Garrett","023",,,,,,,,,,,,,"01",,,,,,,,"GARRETT COUNTY","0","0","0","0","0","0","0","1","0","0","0","1","0","0","1","0","0","0","0","1","0",26340,61,22,0,0,3,0,3,7,24,9,3,3,0,23,101,87,2,5,7
"G2400250","1980","A","3","5","Maryland","24","0720","Harford","025",,,,,,,,,,,,,"02",,,,,,,,"HARFORD COUNTY","0","0","0","0","0","0","0","0","0","0","0","0","0","0","0","0","0","0","0","0","0",131347,12167,275,16,1,184,141,223,420,184,82,34,34,5,817,1751,1000,109,99,543
"G2400270","1980","A","3","5","Maryland","24","0720","Howard","027",,,,,,,,,,,,,"C",,,,,,,,"HOWARD COUNTY","0","0","0","0","0","0","0","0","0","0","0","0","0","0","0","0","0","0","0","0","0",101354,13899,183,3,1,178,579,225,625,537,129,9,3,0,847,1484,1043,158,38,245
"G2400290","1980","A","3","5","Maryland","24",,"Kent","029",,,,,,,,,,,,,"04",,,,,,,,"KENT COUNTY","0","0","0","0","0","0","0","0","0","0","0","0","1","0","1","0","0","0","0","0","1",12895,3683,21,0,0,2,14,3,9,2,0,0,1,0,65,182,75,41,8,58
"G2400310","1980","A","3","5","Maryland","24","8840","Montgomery","031",,,,,,,,,,,,,"B",,,,,,,,"MONTGOMERY COUNTY","0","0","0","0","0","0","0","0","0","0","0","0","0","0","0","0","0","0","0","0","0",495485,50756,936,26,18,2009,7121,1664,4287,5472,2085,86,49,17,9042,22790,17509,919,470,3892
"G2400330","1980","A","3","5","Maryland","24","8840","Prince Georges","033",,,,,,,,,,,,,"B",,,,,,,,"PRINCE GEORGE@S COUNTY","0","0","0","0","0","0","0","0","0","0","0","0","0","0","0","0","0","0","0","0","0",391427,247860,1641,26,18,865,2883,4440,3625,3625,773,111,176,17,7584,14421,8212,1776,1052,3381
"G2400350","1980","A","3","5","Maryland","24",,"Queen Anne's","035",,,,,,,,,,,,,"04",,,,,,,,"QUEEN ANNE@S COUNTY","0","0","0","0","0","0","0","0","0","0","0","0","1","0","1","0","0","0","0","0","0",21278,4080,15,0,0,5,0,3,13,17,2,2,0,0,93,227,109,45,0,73
"G2400370","1980","A","3","5","Maryland","24",,"St Mary's","037",,,,,,,,,,,,,"03",,,,,,,,"ST. MARY@S COUNTY","0","0","0","0","0","0","0","0","0","0","0","0","0","0","0","0","0","0","0","0","0",49357,9540,132,0,2,67,29,350,34,47,42,15,13,5,262,812,495,105,90,122
"G2400390","1980","A","3","5","Maryland","24",,"Somerset","039",,,,,,,,,,,,,"04",,,,,,,,"SOMERSET COUNTY","0","0","0","0","0","0","0","0","0","0","0","0","0","0","0","0","0","0","0","0","0",12433,6639,19,0,0,1,13,15,8,6,1,1,0,0,52,125,29,58,9,29
"G2400410","1980","A","3","5","Maryland","24",,"Talbot","041",,,,,,,,,,,,,"04",,,,,,,,"TALBOT COUNTY","0","0","0","1","0","0","0","1","0","0","0","0","1","0","1","0","0","0","0","0","1",20082,5449,11,0,0,2,9,9,2,3,25,2,0,0,10,133,79,51,0,3
"G2400430","1980","A","3","5","Maryland","24","3180","Washington","043",,,,,,,,,,,,,"02",,,,,,,,"WASHINGTON COUNTY","0","0","0","0","0","0","0","0","0","0","0","0","0","0","0","0","0","0","0","0","0",107555,4752,100,0,3,50,49,58,84,79,86,4,15,1,250,665,488,34,40,103
"G2400450","1980","A","3","5","Maryland","24",,"Wicomico","045",,,,,,,,,,,,,"04",,,,,,,,"WICOMICO COUNTY","0","0","0","0","0","0","0","0","0","0","0","0","0","0","0","0","0","0","0","0","0",49945,14085,65,0,2,43,64,31,67,95,33,7,0,4,99,408,266,100,12,30
"G2400470","1980","A","3","5","Maryland","24",,"Worcester","047",,,,,,,,,,,,,"04",,,,,,,,"WORCESTER COUNTY","0","0","0","0","0","0","0","0","0","0","0","0","0","0","0","0","0","0","0","0","0",22593,8100,34,1,1,4,11,8,17,16,16,7,0,0,81,235,137,69,3,26
"G2405100","1980","F","3","5","Maryland","24","0720","Baltimore City","510",,,,,,,,,,,,,"A",,,,,,,,"BALTIMORE CITY","0","0","0","0","0","0","0","0","0","0","0","0","0","0","0","0","0","0","0","0","0",345113,431151,2078,20,10,373,1144,908,1212,896,229,158,21,8,3454,7638,3414,2872,325,1027
"G2500010","1980","A","1","1","Massachusetts","25",,"Barnstable","001",,,,,,,,,,,,,"02",,,,,,,,"BARNSTABLE COUNTY","0","0","0","0","0","0","0","0","0","0","0","0","0","0","0","0","0","0","0","0","0",142967,1796,810,1,1,69,125,72,95,43,21,17,5,0,1903,1054,690,47,36,281
"G2500030","1980","A","1","1","Massachusetts","25",,"Berkshire","003",,,,,,,,,,,,,"F",,,,,,,,"BERKSHIRE COUNTY","0","0","0","0","0","0","0","0","0","0","0","0","0","0","0","0","0","0","0","0","0",142064,2036,111,3,2,58,99,54,88,123,31,2,2,1,436,874,669,36,17,152
"G2500050","1980","A","1","1","Massachusetts","25",,"Bristol","005",,,,,,,,,,,,,"E",,,,,,,,"BRISTOL COUNTY","0","0","0","0","0","0","0","0","0","0","0","0","0","0","0","0","0","0","0","0","0",457376,4795,589,4,5,129,498,208,220,324,63,25,21,1,10383,10435,7344,189,79,2823
"G2500070","1980","A","1","1","Massachusetts","25",,"Dukes","007",,,,,,,,,,,,,"02",,,,,,,,"DUKES COUNTY","0","0","0","0","0","0","0","1","0","0","0","0","0","0","0","0","0","0","0","0","1",8394,307,153,1,0,0,4,4,2,2,0,4,0,0,71,78,55,14,3,6
"G2500090","1980","A","1","1","Massachusetts","25",,"Essex","009",,,,,,,,,,,,,"C",,,,,,,,"ESSEX COUNTY","0","0","0","0","0","0","0","0","0","0","0","0","0","0","0","0","0","0","0","0","0",613580,6675,605,15,30,296,794,113,434,481,217,23,7,12,10350,16923,7227,750,132,8814
"G2500110","1980","A","1","1","Massachusetts","25",,"Franklin","011",,,,,,,,,,,,,"01",,,,,,,,"FRANKLIN COUNTY","0","0","0","0","0","0","0","1","0","0","0","0","0","0","0","0","0","0","0","0","1",63541,285,76,2,3,22,62,31,34,36,12,5,1,1,206,311,222,5,5,79
"G2500130","1980","A","1","1","Massachusetts","25",,"Hampden","013",,,,,,,,,,,,,"A",,,,,,,,"HAMPDEN COUNTY","0","0","0","0","0","0","0","0","0","0","0","0","0","0","0","0","0","0","0","0","0",396175,27794,464,3,5,165,336,187,321,282,210,35,7,22,17012,22742,6344,587,71,15740
"G2500150","1980","A","1","1","Massachusetts","25",,"Hampshire","015",,,,,,,,,,,,,"A",,,,,,,,"HAMPSHIRE COUNTY","0","0","0","0","0","0","0","0","0","0","0","0","0","0","0","0","0","0","0","0","0",134439,2013,129,4,5,183,463,64,137,189,74,15,4,4,1090,1733,1016,54,16,647
"G2500170","1980","A","1","1","Massachusetts","25",,"Middlesex","017",,,,,,,,,,,,,"C",,,,,,,,"MIDDLESEX COUNTY","0","0","0","0","0","0","0","0","0","0","0","0","0","0","0","0","0","0","0","0","0",1313206,25358,1193,37,25,1918,6781,875,1850,3797,640,85,49,40,11180,23537,16256,846,341,6094
"G2500190","1980","N","1","1","Massachusetts","25",,"Nantucket","019",,,,,,,,,,,,,"02",,,,,,,,"NANTUCKET COUNTY","0","0","0","1","1","0","0","0","0","0","0","0","0","0","0","0","0","0","0","1","0",4903,106,3,0,0,0,0,7,1,1,0,1,0,0,65,32,19,0,3,10
"G2500210","1980","A","1","1","Massachusetts","25",,"Norfolk","021",,,,,,,,,,,,,"C",,,,,,,,"NORFOLK COUNTY","0","0","0","0","0","0","0","0","0","0","0","0","0","0","0","0","0","0","0","0","0",591716,6014,486,11,9,501,3251,491,455,1023,234,24,12,10,2350,4617,3649,185,113,670
"G2500230","1980","A","1","1","Massachusetts","25",,"Plymouth","023",,,,,,,,,,,,,"D",,,,,,,,"PLYMOUTH COUNTY","0","0","0","0","0","0","0","0","0","0","0","0","0","0","0","0","0","0","0","0","0",389358,8144,674,1,3,125,402,184,223,287,171,16,14,3,5832,4429,2698,327,68,1336
"G2500250","1980","N","1","1","Massachusetts","25",,"Suffolk","025",,,,,,,,,,,,,"C",,,,,,,,"SUFFOLK COUNTY","0","0","0","0","0","0","0","0","0","0","0","0","0","0","0","0","0","0","0","0","0",478227,127232,1317,28,38,780,11595,601,335,1041,1004,67,46,32,27799,40061,14242,4319,347,21153
"G2500270","1980","A","1","1","Massachusetts","25",,"Worcester","027",,,,,,,,,,,,,"B",,,,,,,,"WORCESTER COUNTY","0","0","0","0","0","0","0","0","0","0","0","0","0","0","0","0","0","0","0","0","0",626890,8724,873,19,5,237,605,182,460,758,495,55,29,19,7001,14217,8254,305,146,5512
"G2600010","1980","A","2","3","Michigan","26",,"Alcona","001",,,,,,,,,,,,,"04",,,,,,,,"ALCONA COUNTY","0","0","1","0","0","0","0","0","0","0","0","1","0","1","1","0","0","0","0","1","0",9660,6,43,1,0,3,0,1,1,1,5,0,5,0,14,49,39,0,5,5
"G2600030","1980","A","2","3","Michigan","26",,"Alger","003",,,,,,,,,,,,,"02",,,,,,,,"ALGER COUNTY","0","0","0","0","1","0","0","0","0","0","0","0","0","1","1","0","0","0","1","1","0",8952,49,194,0,0,2,1,0,6,1,4,0,0,0,16,36,25,0,6,5
"G2600050","1980","A","2","3","Michigan","26",,"Allegan","005",,,,,,,,,,,,,"06",,,,,,,,"ALLEGAN COUNTY","0","0","0","0","0","0","0","0","0","0","0","0","0","0","0","0","0","0","0","0","1",78354,1471,399,0,9,15,9,40,72,25,16,5,7,1,1132,2011,914,21,37,1039
"G2600070","1980","A","2","3","Michigan","26",,"Alpena","007",,,,,,,,,,,,,"04",,,,,,,,"ALPENA COUNTY","0","0","0","0","0","0","0","1","0","0","0","1","0","0","1","0","0","0","0","0","0",32134,19,83,0,0,6,2,2,12,6,3,1,1,0,46,79,59,2,1,17
"G2600090","1980","A","2","3","Michigan","26",,"Antrim","009",,,,,,,,,,,,,"04",,,,,,,,"ANTRIM COUNTY","0","0","0","0","0","0","0","0","0","0","0","0","0","1","1","0","0","0","0","1","0",16019,15,119,0,0,0,0,0,4,2,13,1,0,0,21,65,50,0,1,14
"G2600110","1980","A","2","3","Michigan","26",,"Arenac","011",,,,,,,,,,,,,"04",,,,,,,,"ARENAC COUNTY","0","0","1","0","0","0","0","0","0","0","0","1","0","1","0","0","0","0","0","0","0",14529,7,87,0,0,4,2,3,5,5,1,0,0,0,63,160,100,0,4,56
"G2600130","1980","A","2","3","Michigan","26",,"Baraga","013",,,,,,,,,,,,,"01",,,,,,,,"BARAGA COUNTY","0","0","0","0","1","0","0","1","0","0","0","0","0","0","0","0","0","0","1","1","0",7656,58,754,0,0,0,0,4,1,2,2,0,0,0,7,37,27,2,2,6
"G2600150","1980","A","2","3","Michigan","26","0780","Barry","015",,,,,,,,,,,,,"09",,,,,,,,"BARRY COUNTY","0","0","0","0","0","0","0","0","0","0","0","0","0","0","0","0","0","0","0","0","0",45259,66,174,0,0,10,3,8,35,11,7,1,0,1,206,420,251,0,11,158
"G2600170","1980","A","2","3","Michigan","26","0800","Bay","017",,,,,,,,,,,,,"C",,,,,,,,"BAY COUNTY","0","0","0","0","0","0","0","1","0","0","0","0","0","0","0","0","0","0","0","0","0",116172,1023,602,0,2,39,33,46,97,32,20,9,5,8,1793,3162,1525,12,68,1557
"G2600190","1980","A","2","3","Michigan","26",,"Benzie","019",,,,,,,,,,,,,"03",,,,,,,,"BENZIE COUNTY","0","0","0","0","1","0","0","0","0","0","0","0","0","1","1","0","0","0","0","0","0",10970,36,143,0,0,1,0,5,3,3,1,0,0,0,43,105,76,0,2,27
"G2600210","1980","A","2","3","Michigan","26","0870","Berrien","021",,,,,,,,,,,,,"06",,,,,,,,"BERRIEN COUNTY","0","0","0","0","0","0","0","0","0","0","0","0","0","0","0","0","0","0","0","0","0",144007,24817,589,4,0,101,89,198,116,275,13,23,2,5,1037,2088,1186,223,63,616
"G2600230","1980","A","2","3","Michigan","26",,"Branch","023",,,,,,,,,,,,,"09",,,,,,,,"BRANCH COUNTY","0","0","0","0","0","0","0","1","0","0","0","0","0","0","0","0","0","0","0","0","1",39855,79,102,0,0,9,11,3,13,14,1,7,0,0,94,223,170,2,3,48
"G2600250","1980","A","2","3","Michigan","26","0780","Calhoun","025",,,,,,,,,,,,,"09",,,,,,,,"CALHOUN COUNTY","0","0","0","0","0","0","0","0","0","0","0","0","0","0","0","0","0","0","0","0","0",125616,13577,444,1,7,104,69,70,150,102,33,12,1,0,1371,2433,1263,108,33,1029
"G2600270","1980","A","2","3","Michigan","26",,"Cass","027",,,,,,,,,,,,,"09",,,,,,,,"CASS COUNTY","0","0","0","0","0","0","0","0","0","0","0","0","0","0","0","0","0","0","0","0","0",44740,4150,253,3,0,18,14,29,13,11,17,8,0,0,243,337,193,36,19,89
"G2600290","1980","A","2","3","Michigan","26",,"Charlevoix","029",,,,,,,,,,,,,"04",,,,,,,,"CHARLEVOIX COUNTY","0","0","0","0","0","0","0","0","0","0","0","1","0","0","1","0","0","0","0","1","0",19511,15,323,2,0,6,1,2,13,2,3,8,0,3,18,62,46,0,7,9
"G2600310","1980","A","2","3","Michigan","26",,"Cheboygan","031",,,,,,,,,,,,,"04",,,,,,,,"CHEBOYGAN COUNTY","0","0","1","0","0","0","0","0","0","0","0","1","0","0","1","0","0","0","0","1","0",20347,13,240,0,0,10,6,5,7,1,1,2,0,0,17,60,46,0,3,11
"G2600330","1980","A","2","3","Michigan","26",,"Chippewa","033",,,,,,,,,,,,,"02",,,,,,,,"CHIPPEWA COUNTY","0","0","0","0","0","0","0","0","0","0","0","0","0","0","0","0","0","0","0","1","0",26121,369,2394,1,0,13,0,9,10,18,2,0,0,0,92,91,65,0,3,23
"G2600350","1980","A","2","3","Michigan","26",,"Clare","035",,,,,,,,,,,,,"04",,,,,,,,"CLARE COUNTY","0","0","1","0","0","0","0","0","0","0","0","0","0","0","0","0","0","0","0","0","0",23620,8,138,0,1,5,0,2,4,5,3,0,0,1,35,96,77,0,5,14
"G2600370","1980","A","2","3","Michigan","26","4040","Clinton","037",,,,,,,,,,,,,"E",,,,,,,,"CLINTON COUNTY","0","0","0","0","0","0","0","1","0","0","0","0","0","0","0","0","0","0","0","0","0",54894,169,216,2,0,10,15,18,28,8,12,1,0,0,520,991,546,3,5,437
"G2600390","1980","A","2","3","Michigan","26",,"Crawford","039",,,,,,,,,,,,,"04",,,,,,,,"CRAWFORD COUNTY","0","0","0","0","0","0","1","0","0","0","0","0","0","1","1","0","0","0","0","0","0",9333,56,44,0,0,5,0,0,0,7,3,1,0,0,16,49,38,0,0,11
"G2600410","1980","A","2","3","Michigan","26",,"Delta","041",,,,,,,,,,,,,"02",,,,,,,,"DELTA COUNTY","0","0","1","0","0","0","0","0","0","0","0","1","0","0","1","0","0","0","0","1","0",38290,12,438,1,0,9,4,14,13,11,2,0,0,0,153,103,82,0,9,12
"G2600430","1980","A","2","3","Michigan","26",,"Dickinson","043",,,,,,,,,,,,,"01",,,,,,,,"DICKINSON COUNTY","0","0","1","0","0","0","0","0","0","0","0","1","0","0","1","0","0","0","0","0","0",25244,8,37,0,0,5,2,3,6,9,0,1,0,0,26,46,41,0,2,3
"G2600450","1980","A","2","3","Michigan","26","4040","Eaton","045",,,,,,,,,,,,,"E",,,,,,,,"EATON COUNTY","0","0","0","0","0","0","0","0","0","0","0","0","0","0","0","0","0","0","0","0","0",84846,1987,256,7,1,48,58,30,123,63,73,2,0,2,841,1616,932,20,24,640
"G2600470","1980","A","2","3","Michigan","26",,"Emmet","047",,,,,,,,,,,,,"04",,,,,,,,"EMMET COUNTY","0","0","0","0","0","0","0","1","0","0","0","0","0","1","1","0","0","0","0","1","0",22169,100,588,0,7,8,5,11,4,3,1,3,4,0,89,57,37,1,8,11
"G2600490","1980","A","2","3","Michigan","26","2640","Genesee","049",,,,,,,,,,,,,"D",,,,,,,,"GENESEE COUNTY","0","0","0","0","0","0","0","0","0","0","0","0","0","0","0","0","0","0","0","0","0",362824,78804,2685,7,4,171,332,380,357,467,145,72,7,5,4189,7649,3610,604,184,3251
"G2600510","1980","A","2","3","Michigan","26",,"Gladwin","051",,,,,,,,,,,,,"04",,,,,,,,"GLADWIN COUNTY","0","0","1","0","0","0","0","0","0","0","0","0","0","1","1","0","0","0","0","0","0",19812,11,95,0,1,1,0,4,1,9,3,1,0,0,19,117,102,0,5,10
"G2600530","1980","A","2","3","Michigan","26",,"Gogebic","053",,,,,,,,,,,,,"01",,,,,,,,"GOGEBIC COUNTY","0","0","0","0","0","0","0","0","0","0","0","0","0","1","1","0","0","0","0","0","0",19256,129,260,0,0,6,6,1,2,2,2,1,0,0,21,60,50,0,1,9
"G2600550","1980","A","2","3","Michigan","26",,"Grand Traverse","055",,,,,,,,,,,,,"03",,,,,,,,"GRAND TRAVERSE COUNTY","0","0","0","0","0","0","0","0","0","0","0","0","0","0","0","0","0","0","0","0","0",54062,163,389,5,0,15,13,55,22,12,24,1,0,0,138,297,217,0,10,70
"G2600570","1980","A","2","3","Michigan","26",,"Gratiot","057",,,,,,,,,,,,,"05",,,,,,,,"GRATIOT COUNTY","0","0","0","0","0","0","0","1","0","0","0","0","0","0","0","0","0","0","0","0","0",39482,36,124,1,1,13,9,4,13,14,4,2,0,0,745,1321,599,1,6,715
"G2600590","1980","A","2","3","Michigan","26",,"Hillsdale","059",,,,,,,,,,,,,"09",,,,,,,,"HILLSDALE COUNTY","0","0","0","0","0","0","0","0","0","0","0","0","0","0","0","0","0","0","0","0","0",41682,101,68,7,2,23,31,12,5,9,10,3,0,0,118,307,221,0,4,82
"G2600610","1980","A","2","3","Michigan","26",,"Houghton","061",,,,,,,,,,,,,"01",,,,,,,,"HOUGHTON COUNTY","0","0","0","0","0","0","0","1","0","0","0","0","0","0","0","0","0","0","0","0","0",37315,110,74,2,0,33,57,13,35,83,11,6,0,0,133,127,98,1,4,24
"G2600630","1980","A","2","3","Michigan","26",,"Huron","063",,,,,,,,,,,,,"05",,,,,,,,"HURON COUNTY","0","0","0","0","0","0","0","0","0","0","0","0","0","0","0","0","0","0","0","0","0",36096,25,77,1,0,10,19,7,5,14,1,0,0,0,204,396,223,0,9,164
"G2600650","1980","A","2","3","Michigan","26","4040","Ingham","065",,,,,,,,,,,,,"E",,,,,,,,"INGHAM COUNTY","0","0","0","0","0","0","0","0","0","0","0","0","0","0","0","0","0","0","0","0","0",242649,21282,1503,9,11,392,789,210,396,522,413,25,16,3,7300,10559,4724,278,184,5373
"G2600670","1980","A","2","3","Michigan","26","4040","Ionia","067",,,,,,,,,,,,,"07",,,,,,,,"IONIA COUNTY","0","0","0","0","0","0","0","0","0","0","0","0","0","0","0","0","0","0","0","0","0",49402,1642,188,0,0,11,6,9,34,42,2,0,0,0,479,907,472,32,27,376
"G2600690","1980","A","2","3","Michigan","26",,"Iosco","069",,,,,,,,,,,,,"04",,,,,,,,"IOSCO COUNTY","0","0","0","0","0","0","0","1","0","0","0","0","0","0","0","0","0","0","0","0","1",27219,654,156,1,1,28,17,64,18,8,2,1,1,1,178,259,154,5,14,86
"G2600710","1980","A","2","3","Michigan","26",,"Iron","071",,,,,,,,,,,,,"01",,,,,,,,"IRON COUNTY","0","0","1","0","0","0","1","0","0","0","0","0","0","1","1","0","0","0","0","0","0",13533,2,60,0,0,2,1,5,0,5,13,0,0,0,14,22,17,0,0,5
"G2600730","1980","A","2","3","Michigan","26",,"Isabella","073",,,,,,,,,,,,,"05",,,,,,,,"ISABELLA COUNTY","0","0","0","0","0","0","0","1","0","0","0","0","0","0","0","0","0","0","0","0","0",52326,488,678,2,1,21,54,9,24,42,7,3,2,1,452,662,352,8,40,262
"G2600750","1980","A","2","3","Michigan","26","3520","Jackson","075",,,,,,,,,,,,,"H",,,,,,,,"JACKSON COUNTY","0","0","0","0","0","0","0","0","0","0","0","0","0","0","0","0","0","0","0","0","0",138529,10840,494,0,2,40,61,72,58,223,58,7,3,0,1108,1807,926,110,19,752
"G2600770","1980","A","2","3","Michigan","26","3720","Kalamazoo","077",,,,,,,,,,,,,"G",,,,,,,,"KALAMAZOO COUNTY","0","0","0","0","0","0","0","0","0","0","0","0","0","0","0","0","0","0","0","0","0",192265,15846,644,9,5,223,285,140,193,344,196,23,9,4,2192,2605,1340,134,57,1074
"G2600790","1980","A","2","3","Michigan","26",,"Kalkaska","079",,,,,,,,,,,,,"04",,,,,,,,"KALKASKA COUNTY","0","0","1","0","0","0","0","0","0","0","0","1","0","1","0","0","0","0","0","1","0",10875,3,34,0,0,5,8,2,7,0,3,0,0,0,15,54,44,0,1,9
"G2600810","1980","A","2","3","Michigan","26","3000","Kent","081",,,,,,,,,,,,,"B",,,,,,,,"KENT COUNTY","0","0","0","0","0","0","0","0","0","0","0","0","0","0","0","0","0","0","0","0","0",403512,31460,2042,13,4,181,242,178,457,243,991,72,18,0,5093,8741,4140,392,183,4026
"G2600830","1980","A","2","3","Michigan","26",,"Keweenaw","083",,,,,,,,,,,,,"01",,,,,,,,"KEWEENAW COUNTY","0","0","1","1","1","1","1","0","0","0","0","1","1","0","1","0","0","0","0","0","0",1942,9,1,0,0,0,1,1,0,0,0,0,0,0,9,6,6,0,0,0
"G2600850","1980","A","2","3","Michigan","26",,"Lake","085",,,,,,,,,,,,,"04",,,,,,,,"LAKE COUNTY","0","0","0","0","1","0","0","1","0","0","0","0","0","1","1","0","0","0","0","0","1",6333,1285,50,0,0,1,0,0,1,4,0,0,1,0,36,50,33,4,0,13
"G2600870","1980","A","2","3","Michigan","26","2160","Lapeer","087",,,,,,,,"35",,,,,"07",,,,,,,,"LAPEER COUNTY","0","0","0","0","0","0","0","1","0","0","0","0","0","0","0","0","0","0","0","0","1",68767,163,165,0,3,27,6,28,36,13,71,1,1,1,756,1325,676,7,10,632
"G2600890","1980","A","2","3","Michigan","26",,"Leelanau","089",,,,,,,,,,,,,"03",,,,,,,,"LEELANAU COUNTY","0","0","0","0","0","0","0","0","0","0","0","1","0","1","0","0","0","0","0","1","0",13757,18,178,0,0,7,0,0,6,0,7,1,0,0,33,72,47,0,0,25
"G2600910","1980","A","2","3","Michigan","26",,"Lenawee","091",,,,,,,,,,,,,"09",,,,,,,,"LENAWEE COUNTY","0","0","0","0","0","0","0","0","0","0","0","0","0","0","0","0","0","0","0","0","0",86530,758,167,3,1,32,43,76,55,32,52,3,0,0,2196,4573,2438,36,27,2072
"G2600930","1980","A","2","3","Michigan","26","2160","Livingston","093",,,,,,,,"35",,,,,"07",,,,,,,,"LIVINGSTON COUNTY","0","0","0","0","0","0","0","1","0","0","0","0","0","0","0","0","0","0","0","0","0",98808,478,409,2,0,26,75,26,79,13,41,10,0,1,321,781,596,2,18,165
"G2600950","1980","A","2","3","Michigan","26",,"Luce","095",,,,,,,,,,,,,"02",,,,,,,,"LUCE COUNTY","0","0","1","0","1","0","1","0","0","0","0","0","0","1","1","0","0","0","1","1","0",6392,1,254,0,0,0,0,7,0,0,1,1,0,0,3,16,13,0,3,0
"G2600970","1980","A","2","3","Michigan","26",,"Mackinac","097",,,,,,,,,,,,,"02",,,,,,,,"MACKINAC COUNTY","0","0","1","0","1","0","0","0","0","0","0","1","0","1","0","0","0","0","0","1","0",9246,5,901,0,0,2,3,0,6,2,0,0,0,0,13,30,22,0,5,3
"G2600990","1980","A","2","3","Michigan","26","2160","Macomb","099",,,,,,,,"35",,,,,"F",,,,,,,,"MACOMB COUNTY","0","0","0","0","0","0","0","0","0","0","0","0","0","0","0","0","0","0","0","0","0",675135,9142,1928,10,4,339,1136,1531,785,1577,174,35,33,6,2765,6638,5044,81,328,1185
"G2601010","1980","A","2","3","Michigan","26",,"Manistee","101",,,,,,,,,,,,,"03",,,,,,,,"MANISTEE COUNTY","0","0","0","0","0","0","0","1","0","0","0","0","0","0","0","0","0","0","0","0","0",22615,47,202,0,0,5,0,9,18,7,10,2,0,0,104,316,213,1,15,87
"G2601030","1980","A","2","3","Michigan","26",,"Marquette","103",,,,,,,,,,,,,"01",,,,,,,,"MARQUETTE COUNTY","0","0","0","0","0","0","0","1","0","0","0","0","0","0","0","0","0","0","0","0","0",71570,1270,611,2,1,55,39,83,66,24,45,14,13,0,308,489,338,7,24,120
"G2601050","1980","A","2","3","Michigan","26",,"Mason","105",,,,,,,,,,,,,"03",,,,,,,,"MASON COUNTY","0","0","0","0","0","0","0","1","0","0","0","0","0","0","0","0","0","0","0","0","0",25727,178,167,2,0,9,21,18,33,3,8,0,0,1,198,370,193,1,10,166
"G2601070","1980","A","2","3","Michigan","26",,"Mecosta","107",,,,,,,,,,,,,"04",,,,,,,,"MECOSTA COUNTY","0","0","0","0","0","0","0","1","0","0","0","0","0","0","0","0","0","0","0","0","1",35780,782,148,5,1,13,16,10,25,19,33,3,1,0,125,202,155,3,4,40
"G2601090","1980","A","2","3","Michigan","26",,"Menominee","109",,,,,,,,,,,,,"02",,,,,,,,"MENOMINEE COUNTY","0","0","1","0","0","0","0","0","0","0","0","1","0","0","1","0","0","0","0","1","0",25827,6,307,0,0,8,9,4,7,8,0,0,0,0,25,58,50,0,1,7
"G2601110","1980","A","2","3","Michigan","26",,"Midland","111",,,,,,,,,,,,,"05",,,,,,,,"MIDLAND COUNTY","0","0","0","0","0","0","0","1","0","0","0","0","0","0","0","0","0","0","0","0","1",71844,566,186,4,0,80,178,22,79,185,32,7,1,3,391,810,544,13,9,244
"G2601130","1980","A","2","3","Michigan","26",,"Missaukee","113",,,,,,,,,,,,,"04",,,,,,,,"MISSAUKEE COUNTY","0","0","1","0","0","0","0","0","0","0","0","1","0","1","0","0","0","0","0","0","0",9925,2,32,1,1,1,0,8,5,1,0,0,0,0,33,26,22,0,3,1
"G2601150","1980","A","2","3","Michigan","26","8400","Monroe","115",,,,,,,,,,,,,"08",,,,,,,,"MONROE COUNTY","0","0","0","0","0","0","0","0","0","0","0","0","0","0","0","0","0","0","0","0","1",131025,2313,254,1,0,30,28,47,56,105,10,3,0,1,786,1803,1123,16,18,646
"G2601170","1980","A","2","3","Michigan","26",,"Montcalm","117",,,,,,,,,,,,,"05",,,,,,,,"MONTCALM COUNTY","0","0","0","0","0","0","0","0","0","0","0","0","0","0","0","0","0","0","0","0","0",46887,112,161,0,0,30,10,15,44,9,0,3,0,0,284,581,304,0,18,259
"G2601190","1980","A","2","3","Michigan","26",,"Montmorency","119",,,,,,,,,,,,,"04",,,,,,,,"MONTMORENCY COUNTY","0","0","1","0","1","0","0","0","0","0","0","0","0","1","1","0","0","0","0","1","0",7455,1,19,0,0,1,0,3,0,3,0,1,0,0,9,44,41,0,1,2
"G2601210","1980","A","2","3","Michigan","26","5320","Muskegon","121",,,,,,,,,,,,,"06",,,,,,,,"MUSKEGON COUNTY","0","0","0","0","0","0","0","0","0","0","0","0","0","0","0","0","0","0","0","0","0",135531,19175,1119,1,0,44,31,44,83,64,110,14,4,1,1368,2833,1467,136,101,1129
"G2601230","1980","A","2","3","Michigan","26",,"Newaygo","123",,,,,,,,,,,,,"04",,,,,,,,"NEWAYGO COUNTY","0","0","0","0","0","0","0","0","0","0","0","0","0","0","0","0","0","0","0","0","0",33808,555,142,0,0,8,12,10,12,6,11,0,0,0,353,680,339,0,9,332
"G2601250","1980","A","2","3","Michigan","26","2160","Oakland","125",,,,,,,,"35",,,,,"F",,,,,,,,"OAKLAND COUNTY","0","0","0","0","0","0","0","0","0","0","0","0","0","0","0","0","0","0","0","0","0",942067,47962,2704,21,12,1222,2571,2353,1672,3406,435,41,9,11,7307,14478,9262,333,517,4366
"G2601270","1980","A","2","3","Michigan","26","5320","Oceana","127",,,,,,,,,,,,,"03",,,,,,,,"OCEANA COUNTY","0","0","0","0","0","0","0","0","0","0","0","0","0","0","0","0","0","0","0","0","0",20901,42,205,13,3,6,3,7,8,1,8,0,0,0,805,1132,338,0,17,777
"G2601290","1980","A","2","3","Michigan","26",,"Ogemaw","129",,,,,,,,,,,,,"04",,,,,,,,"OGEMAW COUNTY","0","0","1","0","0","0","1","0","0","0","0","1","0","1","1","0","0","0","0","1","0",16337,9,63,0,0,7,0,5,4,0,0,0,0,0,11,53,49,0,0,4
"G2601310","1980","A","2","3","Michigan","26",,"Ontonagon","131",,,,,,,,,,,,,"01",,,,,,,,"ONTONAGON COUNTY","0","0","1","0","0","0","1","0","0","0","0","1","0","1","1","0","0","0","0","0","0",9773,3,62,0,0,5,1,0,1,0,9,0,0,0,7,16,15,0,0,1
"G2601330","1980","A","2","3","Michigan","26",,"Osceola","133",,,,,,,,,,,,,"04",,,,,,,,"OSCEOLA COUNTY","0","0","0","0","0","0","0","0","0","0","0","0","0","1","1","0","0","0","0","0","0",18774,17,77,0,0,3,2,16,11,2,0,0,0,1,25,106,92,0,3,11
"G2601350","1980","A","2","3","Michigan","26",,"Oscoda","135",,,,,,,,,,,,,"04",,,,,,,,"OSCODA COUNTY","0","0","1","0","1","1","1","0","0","0","1","0","1","0","0","0","0","0","1","1","0",6817,1,30,0,0,0,0,0,2,0,0,0,0,0,8,10,5,0,1,4
"G2601370","1980","A","2","3","Michigan","26",,"Otsego","137",,,,,,,,,,,,,"04",,,,,,,,"OTSEGO COUNTY","0","0","1","0","0","0","0","0","0","0","0","1","0","0","1","0","0","0","0","1","0",14889,6,29,0,0,8,0,9,35,3,1,0,0,0,13,49,41,0,1,7
"G2601390","1980","A","2","3","Michigan","26","3000","Ottawa","139",,,,,,,,,,,,,"06",,,,,,,,"OTTAWA COUNTY","0","0","0","0","0","0","0","1","0","0","0","0","0","0","0","0","0","0","0","0","0",152789,632,419,0,1,40,64,33,200,53,281,13,4,1,2644,5006,2644,5,48,2309
"G2601410","1980","A","2","3","Michigan","26",,"Presque Isle","141",,,,,,,,,,,,,"04",,,,,,,,"PRESQUE ISLE COUNTY","0","0","1","0","0","0","0","0","0","0","0","1","0","1","1","0","0","0","0","1","0",14177,6,40,0,0,5,0,12,7,6,0,0,0,0,14,38,31,0,4,3
"G2601430","1980","A","2","3","Michigan","26",,"Roscommon","143",,,,,,,,,,,,,"04",,,,,,,,"ROSCOMMON COUNTY","0","0","0","0","0","0","0","0","0","0","0","0","0","1","1","0","0","0","0","1","0",16290,0,51,0,0,5,1,3,1,2,3,0,0,0,18,64,51,0,3,10
"G2601450","1980","A","2","3","Michigan","26","6960","Saginaw","145",,,,,,,,,,,,,"A",,,,,,,,"SAGINAW COUNTY","0","0","0","0","0","0","0","0","0","0","0","0","0","0","0","0","0","0","0","0","0",182472,35841,907,3,6,84,124,191,197,157,36,10,10,2,8019,12356,4493,301,230,7332
"G2601470","1980","A","2","3","Michigan","26","2160","St Clair","147",,,,,,,,"35",,,,,"08",,,,,,,,"ST. CLAIR COUNTY","0","0","0","0","0","0","0","0","0","0","0","0","0","0","0","0","0","0","0","0","0",134109,2804,553,4,1,41,27,69,51,94,11,5,3,1,1029,2066,1132,43,35,856
"G2601490","1980","A","2","3","Michigan","26",,"St Joseph","149",,,,,,,,,,,,,"09",,,,,,,,"ST. JOSEPH COUNTY","0","0","0","0","0","0","0","0","0","0","0","0","0","0","0","0","0","0","0","0","1",54256,1360,142,1,0,10,5,20,83,19,28,1,1,0,157,386,262,22,11,91
"G2601510","1980","A","2","3","Michigan","26",,"Sanilac","151",,,,,,,,,,,,,"05",,,,,,,,"SANILAC COUNTY","0","0","0","0","0","0","0","0","0","0","0","0","0","0","0","0","0","0","0","0","0",40119,16,95,0,0,6,0,6,10,21,6,1,0,0,509,861,392,0,5,464
"G2601530","1980","A","2","3","Michigan","26",,"Schoolcraft","153",,,,,,,,,,,,,"02",,,,,,,,"SCHOOLCRAFT COUNTY","0","0","1","0","1","0","1","0","0","0","0","1","0","1","1","0","0","0","0","0","0",8203,3,350,1,0,0,3,2,2,1,5,0,0,0,5,20,19,0,0,1
"G2601550","1980","A","2","3","Michigan","26","2640","Shiawassee","155",,,,,,,,,,,,,"07",,,,,,,,"SHIAWASSEE COUNTY","0","0","0","0","0","0","0","0","0","0","0","0","0","0","0","0","0","0","0","0","0",70273,67,315,2,0,15,8,23,53,39,4,5,0,1,335,818,535,0,19,264
"G2601570","1980","A","2","3","Michigan","26",,"Tuscola","157",,,,,,,,,,,,,"05",,,,,,,,"TUSCOLA COUNTY","0","0","0","0","0","0","0","1","0","0","0","0","0","0","0","0","0","0","0","0","1",55838,323,181,2,1,17,5,15,40,25,10,3,0,1,500,1006,563,3,10,430
"G2601590","1980","A","2","3","Michigan","26","3720","Van Buren","159",,,,,,,,,,,,,"06",,,,,,,,"VAN BUREN COUNTY","0","0","0","0","0","0","0","0","0","0","0","0","0","0","0","0","0","0","0","0","0",60206,5041,467,0,1,30,2,27,33,15,4,7,1,0,980,1499,603,36,20,840
"G2601610","1980","A","2","3","Michigan","26","0440","Washtenaw","161",,,,,,,,"35",,,,,"J",,,,,,,,"WASHTENAW COUNTY","0","0","0","0","0","0","0","0","0","0","0","0","0","0","0","0","0","0","0","0","0",227091,28323,695,11,14,832,1677,509,950,1388,242,23,6,4,2983,4055,2579,205,139,1132
"G2601630","1980","A","2","3","Michigan","26","2160","Wayne","163",,,,,,,,"35",,,,,"F",,,,,,,,"WAYNE COUNTY","0","0","0","0","0","0","0","0","0","0","0","0","0","0","0","0","0","0","0","0","0",1457914,829983,6613,39,19,1208,2650,4252,1571,4722,393,290,57,34,28146,46318,24766,5091,1184,15277
"G2601650","1980","A","2","3","Michigan","26",,"Wexford","165",,,,,,,,,,,,,"04",,,,,,,,"WEXFORD COUNTY","0","0","1","0","0","0","0","0","0","0","0","0","0","0","0","0","0","0","0","0","0",24905,12,84,1,0,4,4,4,24,5,7,0,0,0,52,134,103,0,4,27
"G2700010","1980","A","2","4","Minnesota","27",,"Aitkin","001",,,,,,,,,,,,,"02",,,,,,,,"AITKIN COUNTY","0","0","1","0","0","0","0","0","0","0","0","1","0","1","1","0","0","0","0","1","0",13223,12,127,0,0,2,5,2,5,2,3,1,0,0,22,46,28,0,3,15
"G2700030","1980","A","2","4","Minnesota","27","5120","Anoka","003",,,,,,,,,,,,,"B",,,,,,,,"ANOKA COUNTY","0","0","0","0","0","0","0","1","0","0","0","0","0","0","0","0","0","0","0","0","0",192299,382,1110,2,0,130,233,203,526,149,230,11,9,5,709,1281,881,2,85,313
"G2700050","1980","A","2","4","Minnesota","27",,"Becker","005",,,,,,,,,,,,,"03",,,,,,,,"BECKER COUNTY","0","0","1","0","0","0","0","0","0","0","0","1","0","0","1","0","0","0","0","0","0",27487,10,1720,0,0,6,0,1,21,7,10,0,0,0,74,127,67,0,21,39
"G2700070","1980","A","2","4","Minnesota","27",,"Beltrami","007",,,,,,,,,,,,,"02",,,,,,,,"BELTRAMI COUNTY","0","0","0","0","0","0","0","0","0","0","0","0","0","0","0","0","0","0","0","1","0",26838,37,3915,2,0,7,7,5,14,9,8,1,0,0,139,130,79,0,24,27
"G2700090","1980","A","2","4","Minnesota","27","6980","Benton","009",,,,,,,,,,,,,"04",,,,,,,,"BENTON COUNTY","0","0","0","0","0","0","0","1","0","0","0","0","0","0","0","0","0","0","0","0","0",24976,35,55,0,0,13,4,7,17,3,16,0,0,0,61,112,89,1,3,19
"G2700110","1980","A","2","4","Minnesota","27",,"Big Stone","011",,,,,,,,,,,,,"05",,,,,,,,"BIG STONE COUNTY","0","0","0","0","0","0","1","0","0","0","0","0","1","0","1","0","0","0","0","1","0",7646,0,16,0,1,0,1,23,5,0,0,0,0,0,24,28,9,0,4,15
"G2700130","1980","A","2","4","Minnesota","27",,"Blue Earth","013",,,,,,,,,,,,,"07",,,,,,,,"BLUE EARTH COUNTY","0","0","0","0","0","0","0","1","0","0","0","0","0","0","0","0","0","0","0","0","1",51466,207,87,0,0,41,110,6,55,42,37,1,2,0,260,346,232,2,3,109
"G2700150","1980","A","2","4","Minnesota","27",,"Brown","015",,,,,,,,,,,,,"07",,,,,,,,"BROWN COUNTY","0","0","1","0","0","0","0","0","0","0","0","0","0","0","0","0","0","0","0","0","0",28502,3,27,0,0,3,0,15,32,2,40,0,0,0,21,73,55,0,8,10
"G2700170","1980","A","2","4","Minnesota","27",,"Carlton","017",,,,,,,,,,,,,"02",,,,,,,,"CARLTON COUNTY","0","0","0","0","0","0","0","0","0","0","0","0","0","1","1","0","0","0","0","1","0",29020,29,816,2,0,3,5,7,22,1,9,0,0,0,22,68,55,0,1,12
"G2700190","1980","A","2","4","Minnesota","27","5120","Carver","019",,,,,,,,,,,,,"06",,,,,,,,"CARVER COUNTY","0","0","0","0","0","0","0","0","0","0","0","0","0","0","0","0","0","0","0","0","0",36782,44,66,0,0,7,6,14,61,5,12,1,0,0,48,125,94,0,7,24
"G2700210","1980","A","2","4","Minnesota","27",,"Cass","021",,,,,,,,,,,,,"02",,,,,,,,"CASS COUNTY","0","0","1","0","0","0","0","0","0","0","0","1","0","1","0","0","0","0","0","0","0",19055,14,1894,1,0,5,0,2,24,7,3,1,0,0,44,106,67,0,22,17
"G2700230","1980","A","2","4","Minnesota","27",,"Chippewa","023",,,,,,,,,,,,,"05",,,,,,,,"CHIPPEWA COUNTY","0","0","1","0","0","0","0","0","0","0","0","1","0","0","1","0","0","0","0","0","0",14772,3,25,0,0,1,5,6,21,2,35,3,0,0,68,91,30,0,4,57
"G2700250","1980","A","2","4","Minnesota","27","5120","Chisago","025",,,,,,,,,,,,,"04",,,,,,,,"CHISAGO COUNTY","0","0","0","0","0","0","0","0","0","0","0","0","0","0","0","0","0","0","0","0","0",25501,28,76,0,0,5,7,2,21,5,17,0,1,1,53,91,78,0,2,11
"G2700270","1980","A","2","4","Minnesota","27","2520","Clay","027",,,,,,,,,,,,,"01",,,,,,,,"CLAY COUNTY","0","0","0","0","0","0","0","1","0","0","0","0","0","0","0","0","0","0","0","0","1",48453,148,202,0,0,14,40,10,41,20,42,2,1,1,353,484,243,3,9,229
"G2700290","1980","A","2","4","Minnesota","27",,"Clearwater","029",,,,,,,,,,,,,"02",,,,,,,,"CLEARWATER COUNTY","0","0","1","0","1","0","1","0","0","0","0","1","0","1","1","0","0","0","1","1","0",8117,2,627,0,0,2,0,1,4,0,0,0,0,0,8,16,10,0,6,0
"G2700310","1980","A","2","4","Minnesota","27",,"Cook","031",,,,,,,,,,,,,"02",,,,,,,,"COOK COUNTY","0","0","1","0","1","1","1","1","0","0","0","1","0","0","1","0","0","0","1","0","0",3780,11,276,0,2,3,0,3,3,0,0,0,0,0,14,6,2,1,0,3
"G2700330","1980","A","2","4","Minnesota","27",,"Cottonwood","033",,,,,,,,,,,,,"08",,,,,,,,"COTTONWOOD COUNTY","0","0","1","1","0","0","0","0","0","0","0","1","1","0","1","0","0","0","0","1","0",14785,8,12,0,0,0,0,5,17,3,7,3,0,0,14,41,29,0,3,9
"G2700350","1980","A","2","4","Minnesota","27",,"Crow Wing","035",,,,,,,,,,,,,"02",,,,,,,,"CROW WING COUNTY","0","0","0","0","0","0","0","0","0","0","0","0","0","0","0","0","0","0","0","1","0",41298,50,190,1,0,12,12,35,34,9,37,3,0,0,41,121,90,0,18,13
"G2700370","1980","A","2","4","Minnesota","27","5120","Dakota","037",,,,,,,,,,,,,"B",,,,,,,,"DAKOTA COUNTY","0","0","0","0","0","0","0","0","0","0","0","0","0","0","0","0","0","0","0","0","0",190054,1160,442,5,4,203,193,182,436,200,312,17,8,2,1061,1870,1239,23,51,557
"G2700390","1980","A","2","4","Minnesota","27",,"Dodge","039",,,,,,,,,,,,,"06",,,,,,,,"DODGE COUNTY","0","0","1","0","0","0","0","0","0","0","0","1","0","0","1","0","0","0","0","1","0",14686,10,22,0,0,3,11,2,17,2,0,0,0,0,20,90,75,0,3,12
"G2700410","1980","A","2","4","Minnesota","27",,"Douglas","041",,,,,,,,,,,,,"03",,,,,,,,"DOUGLAS COUNTY","0","0","1","0","0","0","0","0","0","0","0","1","0","0","1","0","0","0","0","1","0",27652,4,45,0,0,2,3,13,46,9,17,1,0,0,47,71,57,0,1,13
"G2700430","1980","A","2","4","Minnesota","27",,"Faribault","043",,,,,,,,,,,,,"08",,,,,,,,"FARIBAULT COUNTY","0","0","1","1","0","0","0","0","0","0","0","0","1","0","1","0","0","0","0","0","0",19468,4,8,0,0,1,2,5,13,11,29,0,0,0,173,278,117,0,1,160
"G2700450","1980","A","2","4","Minnesota","27",,"Fillmore","045",,,,,,,,,,,,,"07",,,,,,,,"FILLMORE COUNTY","0","0","1","0","0","0","0","0","0","0","0","1","1","0","0","0","0","0","0","0","0",21798,10,15,0,12,6,0,6,12,8,11,0,0,1,51,65,51,0,2,12
"G2700470","1980","A","2","4","Minnesota","27",,"Freeborn","047",,,,,,,,,,,,,"07",,,,,,,,"FREEBORN COUNTY","0","0","1","0","0","0","0","0","0","0","0","0","0","0","0","0","0","0","0","0","0",35816,2,35,0,0,8,5,18,11,13,21,0,0,0,400,951,564,0,8,379
"G2700490","1980","A","2","4","Minnesota","27",,"Goodhue","049",,,,,,,,,,,,,"06",,,,,,,,"GOODHUE COUNTY","0","0","0","0","0","0","0","0","0","0","0","1","0","0","1","0","0","0","0","0","0",38313,44,184,1,0,10,3,2,79,7,45,5,0,0,56,127,90,0,9,28
"G2700510","1980","A","2","4","Minnesota","27",,"Grant","051",,,,,,,,,,,,,"05",,,,,,,,"GRANT COUNTY","0","0","0","1","0","0","1","0","0","0","1","0","1","0","0","0","0","0","0","0","0",7144,0,8,0,0,1,2,2,9,1,1,0,0,0,3,25,24,0,0,1
"G2700530","1980","A","2","4","Minnesota","27","5120","Hennepin","053",,,,,,,,,,,,,"B",,,,,,,,"HENNEPIN COUNTY","0","0","0","0","0","0","0","0","0","0","0","0","0","0","0","0","0","0","0","0","0",880391,32986,10427,29,23,1202,2073,864,2107,1448,2016,90,19,20,7716,8027,4699,464,538,2326
"G2700550","1980","A","2","4","Minnesota","27",,"Houston","055",,,,,,,,,,,,,"07",,,,,,,,"HOUSTON COUNTY","0","0","1","0","0","0","0","0","0","0","0","1","0","1","0","0","0","0","0","0","0",18284,8,26,0,0,2,0,2,14,4,6,0,0,0,36,46,41,0,1,4
"G2700570","1980","A","2","4","Minnesota","27",,"Hubbard","057",,,,,,,,,,,,,"02",,,,,,,,"HUBBARD COUNTY","0","0","1","0","0","0","1","0","0","0","0","0","0","1","1","0","0","0","0","1","0",13781,8,243,5,0,2,16,2,15,0,12,3,0,1,10,43,38,0,0,5
"G2700590","1980","A","2","4","Minnesota","27",,"Isanti","059",,,,,,,,,,,,,"04",,,,,,,,"ISANTI COUNTY","0","0","0","0","0","0","0","1","0","0","0","0","0","0","0","0","0","0","0","0","0",23382,45,76,0,0,5,4,6,24,8,13,0,0,0,37,111,91,1,9,10
"G2700610","1980","A","2","4","Minnesota","27",,"Itasca","061",,,,,,,,,,,,,"02",,,,,,,,"ITASCA COUNTY","0","0","0","0","0","0","0","0","0","0","0","0","0","0","0","0","0","0","0","0","0",41771,29,1083,4,0,11,19,9,21,7,25,0,0,0,90,148,94,0,10,44
"G2700630","1980","A","2","4","Minnesota","27",,"Jackson","063",,,,,,,,,,,,,"08",,,,,,,,"JACKSON COUNTY","0","0","1","1","0","0","1","0","0","0","0","1","1","0","0","0","0","0","0","1","0",13625,3,5,0,0,0,7,6,7,2,10,0,0,0,25,33,22,0,0,11
"G2700650","1980","A","2","4","Minnesota","27",,"Kanabec","065",,,,,,,,,,,,,"04",,,,,,,,"KANABEC COUNTY","0","0","1","0","0","0","0","0","0","0","0","1","0","0","1","0","0","0","0","1","0",12065,7,17,0,0,3,0,3,20,11,14,0,0,0,21,45,36,0,2,7
"G2700670","1980","A","2","4","Minnesota","27",,"Kandiyohi","067",,,,,,,,,,,,,"05",,,,,,,,"KANDIYOHI COUNTY","0","0","0","0","0","0","0","0","0","0","0","0","0","0","0","0","0","0","0","0","0",36400,25,59,0,2,9,21,7,33,10,58,1,0,0,138,206,114,0,9,83
"G2700690","1980","A","2","4","Minnesota","27",,"Kittson","069",,,,,,,,,,,,,"01",,,,,,,,"KITTSON COUNTY","0","0","0","1","1","0","0","0","0","0","0","0","0","1","1","0","0","0","0","1","0",6640,0,5,1,0,1,0,1,1,0,4,0,0,0,19,41,22,0,0,19
"G2700710","1980","A","2","4","Minnesota","27",,"Koochiching","071",,,,,,,,,,,,,"02",,,,,,,,"KOOCHICHING COUNTY","0","0","1","0","0","0","0","1","0","0","0","1","0","0","1","0","0","0","0","1","0",17123,13,357,0,0,3,1,10,5,1,15,3,0,0,40,45,37,1,1,6
"G2700730","1980","A","2","4","Minnesota","27",,"Lac Qui Parle","073",,,,,,,,,,,,,"05",,,,,,,,"LAC QUI PARLE COUNTY","0","0","1","0","0","0","0","0","0","0","0","1","1","1","0","0","0","0","0","0","0",10539,4,17,0,0,7,1,2,11,4,6,0,0,0,1,22,20,0,1,1
"G2700750","1980","A","2","4","Minnesota","27",,"Lake","075",,,,,,,,,,,,,"02",,,,,,,,"LAKE COUNTY","0","0","1","0","0","0","0","0","0","0","0","0","0","1","1","0","0","0","0","0","0",12928,19,44,0,0,5,6,8,15,3,2,0,0,0,13,49,46,0,1,2
"G2700770","1980","A","2","4","Minnesota","27",,"Lake Of The Woods","077",,,,,,,,,,,,,"02",,,,,,,,"LAKE OF THE WOODS COUNTY","0","0","1","1","1","1","1","0","0","0","0","1","1","1","1","0","0","0","1","1","0",3739,2,9,0,0,1,0,0,0,4,4,0,0,0,5,7,7,0,0,0
"G2700790","1980","A","2","4","Minnesota","27",,"Le Sueur","079",,,,,,,,,,,,,"07",,,,,,,,"LE SUEUR COUNTY","0","0","1","0","0","0","0","0","0","0","0","1","0","0","1","0","0","0","0","0","0",23304,6,34,0,0,8,8,2,24,5,13,0,1,0,29,86,68,0,3,15
"G2700810","1980","A","2","4","Minnesota","27",,"Lincoln","081",,,,,,,,,,,,,"08",,,,,,,,"LINCOLN COUNTY","0","0","1","0","1","1","1","0","0","0","0","1","1","1","1","0","0","0","0","0","0",8173,1,19,0,0,0,0,3,2,2,4,0,0,0,3,11,11,0,0,0
"G2700830","1980","A","2","4","Minnesota","27",,"Lyon","083",,,,,,,,,,,,,"08",,,,,,,,"LYON COUNTY","0","0","0","0","0","0","0","0","0","0","0","0","0","0","0","0","0","0","0","0","0",24920,26,48,0,1,14,22,8,16,19,50,3,0,0,80,125,79,0,10,36
"G2700850","1980","A","2","4","Minnesota","27",,"McLeod","085",,,,,,,,,,,,,"06",,,,,,,,"MCLEOD COUNTY","0","0","0","0","0","0","0","1","0","0","0","1","1","0","0","0","0","0","0","0","1",29425,17,36,0,0,13,18,4,26,14,30,1,1,0,72,174,117,5,9,43
"G2700870","1980","A","2","4","Minnesota","27",,"Mahnomen","087",,,,,,,,,,,,,"03",,,,,,,,"MAHNOMEN COUNTY","0","0","1","0","1","0","1","0","0","0","0","0","0","1","1","0","0","0","1","0","0",4509,1,1003,0,0,1,0,7,0,0,0,1,0,0,13,27,1,0,16,10
"G2700890","1980","A","2","4","Minnesota","27",,"Marshall","089",,,,,,,,,,,,,"01",,,,,,,,"MARSHALL COUNTY","0","0","1","0","1","0","1","0","0","0","0","1","1","1","1","0","0","0","0","1","0",12975,3,24,0,0,0,0,3,5,3,1,0,0,0,13,51,39,0,0,12
"G2700910","1980","A","2","4","Minnesota","27",,"Martin","091",,,,,,,,,,,,,"08",,,,,,,,"MARTIN COUNTY","0","0","1","0","0","0","0","0","0","0","0","1","1","0","0","0","0","0","0","0","0",24526,9,15,0,0,6,11,11,27,17,30,0,1,0,34,79,56,0,0,23
"G2700930","1980","A","2","4","Minnesota","27",,"Meeker","093",,,,,,,,,,,,,"06",,,,,,,,"MEEKER COUNTY","0","0","1","0","0","0","0","0","0","0","0","1","0","0","1","0","0","0","0","0","0",20429,8,19,0,0,6,3,1,15,3,11,1,0,0,98,173,84,0,0,89
"G2700950","1980","A","2","4","Minnesota","27",,"Mille Lacs","095",,,,,,,,,,,,,"04",,,,,,,,"MILLE LACS COUNTY","0","0","0","0","0","0","0","0","0","0","0","1","0","0","1","0","0","0","0","1","0",17832,20,495,0,0,4,7,1,16,6,9,1,0,0,39,72,59,0,1,12
"G2700970","1980","A","2","4","Minnesota","27",,"Morrison","097",,,,,,,,,,,,,"04",,,,,,,,"MORRISON COUNTY","0","0","1","0","0","0","0","0","0","0","0","0","0","0","0","0","0","0","0","1","0",29177,5,54,0,0,1,0,14,16,6,5,0,0,0,33,61,52,0,2,7
"G2700990","1980","A","2","4","Minnesota","27",,"Mower","099",,,,,,,,,,,,,"07",,,,,,,,"MOWER COUNTY","0","0","0","0","0","0","0","0","0","0","0","0","0","0","0","0","0","0","0","0","0",40097,36,26,0,0,14,8,12,24,19,40,3,0,0,111,179,128,0,3,48
"G2701010","1980","A","2","4","Minnesota","27",,"Murray","101",,,,,,,,,,,,,"08",,,,,,,,"MURRAY COUNTY","0","0","1","1","0","0","0","0","0","0","0","0","1","1","1","0","0","0","0","0","0",11456,2,3,0,0,3,9,6,5,2,4,0,0,0,17,15,15,0,0,0
"G2701030","1980","A","2","4","Minnesota","27",,"Nicollet","103",,,,,,,,,,,,,"07",,,,,,,,"NICOLLET COUNTY","0","0","0","0","0","0","0","1","0","0","0","1","0","0","1","0","0","0","0","0","0",26637,52,51,0,0,14,23,9,37,10,24,1,0,0,71,135,75,1,5,54
"G2701050","1980","A","2","4","Minnesota","27",,"Nobles","105",,,,,,,,,,,,,"08",,,,,,,,"NOBLES COUNTY","0","0","0","0","0","0","0","0","0","0","0","0","0","0","0","0","0","0","0","0","0",21583,30,51,1,0,1,9,1,16,13,58,0,0,1,76,150,91,0,2,57
"G2701070","1980","A","2","4","Minnesota","27",,"Norman","107",,,,,,,,,,,,,"01",,,,,,,,"NORMAN COUNTY","0","0","0","0","0","0","0","0","0","0","0","0","0","1","1","0","0","0","1","1","0",9285,0,47,0,0,0,0,0,11,0,20,0,1,0,15,33,18,0,1,14
"G2701090","1980","A","2","4","Minnesota","27","6820","Olmsted","109",,,,,,,,,,,,,"06",,,,,,,,"OLMSTED COUNTY","0","0","0","0","0","0","0","1","0","0","0","0","0","0","0","0","0","0","0","0","1",90180,411,127,3,0,138,280,123,99,132,208,3,0,0,302,532,374,7,26,125
"G2701110","1980","A","2","4","Minnesota","27",,"Otter Tail","111",,,,,,,,,,,,,"03",,,,,,,,"OTTER TAIL COUNTY","0","0","0","0","0","0","0","1","0","0","0","0","0","0","0","0","0","0","0","1","0",51572,25,119,2,0,17,16,39,28,17,13,3,1,0,85,142,104,1,9,28
"G2701130","1980","A","2","4","Minnesota","27",,"Pennington","113",,,,,,,,,,,,,"01",,,,,,,,"PENNINGTON COUNTY","0","0","1","0","0","0","0","0","0","0","0","1","0","0","1","0","0","0","0","1","0",15117,12,61,0,0,3,3,8,21,1,6,0,0,0,26,70,53,0,3,14
"G2701150","1980","A","2","4","Minnesota","27",,"Pine","115",,,,,,,,,,,,,"04",,,,,,,,"PINE COUNTY","0","0","0","0","0","0","0","1","0","0","0","0","0","1","1","0","0","0","0","1","0",19300,146,273,0,0,7,10,9,30,1,45,0,3,0,47,84,46,3,4,31
"G2701170","1980","A","2","4","Minnesota","27",,"Pipestone","117",,,,,,,,,,,,,"08",,,,,,,,"PIPESTONE COUNTY","0","0","1","0","0","0","1","0","0","0","0","0","0","0","0","0","0","0","0","1","0",11562,5,80,0,0,1,0,4,3,4,11,0,0,0,20,37,33,0,0,4
"G2701190","1980","A","2","4","Minnesota","27","2985","Polk","119",,,,,,,,,,,,,"01",,,,,,,,"POLK COUNTY","0","0","0","0","0","0","0","0","0","0","0","0","0","0","0","0","0","0","0","0","0",34070,64,268,0,0,6,6,13,37,9,11,2,0,0,358,560,201,0,21,338
"G2701210","1980","A","2","4","Minnesota","27",,"Pope","121",,,,,,,,,,,,,"05",,,,,,,,"POPE COUNTY","0","0","1","1","0","0","1","0","0","0","0","0","1","1","1","0","0","0","0","1","0",11628,1,6,0,0,1,0,0,10,6,0,0,0,0,5,16,14,0,0,2
"G2701230","1980","A","2","4","Minnesota","27","5120","Ramsey","123",,,,,,,,,,,,,"B",,,,,,,,"RAMSEY COUNTY","0","0","0","0","0","0","0","0","0","0","0","0","0","0","0","0","0","0","0","0","0",427153,14720,2953,29,11,474,1036,504,988,1017,1314,42,22,5,9516,9310,4869,226,364,3851
"G2701250","1980","A","2","4","Minnesota","27",,"Red Lake","125",,,,,,,,,,,,,"01",,,,,,,,"RED LAKE COUNTY","0","0","0","1","1","1","1","0","0","0","0","0","1","1","0","0","0","0","1","1","0",5454,0,7,0,0,0,0,4,3,1,0,0,0,0,2,14,10,0,3,1
"G2701270","1980","A","2","4","Minnesota","27",,"Redwood","127",,,,,,,,,,,,,"05",,,,,,,,"REDWOOD COUNTY","0","0","1","0","0","0","0","0","0","0","0","1","0","0","1","0","0","0","0","1","0",19115,2,135,4,1,0,1,0,7,1,39,0,0,0,36,70,47,0,0,23
"G2701290","1980","A","2","4","Minnesota","27",,"Renville","129",,,,,,,,,,,,,"05",,,,,,,,"RENVILLE COUNTY","0","0","1","0","0","0","0","0","0","0","0","0","0","1","1","0","0","0","0","0","0",20274,4,51,1,0,1,1,0,23,2,0,0,4,0,40,117,73,0,9,35
"G2701310","1980","A","2","4","Minnesota","27",,"Rice","131",,,,,,,,,,,,,"06",,,,,,,,"RICE COUNTY","0","0","0","0","0","0","0","1","0","0","0","0","0","0","0","0","0","0","0","0","0",45529,118,59,3,0,29,52,10,65,16,41,1,5,0,159,225,153,1,11,60
"G2701330","1980","A","2","4","Minnesota","27",,"Rock","133",,,,,,,,,,,,,"08",,,,,,,,"ROCK COUNTY","0","0","1","1","0","0","1","0","0","0","0","1","1","0","1","0","0","0","1","1","0",10652,6,13,0,0,0,7,0,4,3,11,0,0,0,7,20,16,0,0,4
"G2701350","1980","A","2","4","Minnesota","27",,"Roseau","135",,,,,,,,,,,,,"01",,,,,,,,"ROSEAU COUNTY","0","0","1","0","0","0","1","0","0","0","0","0","0","1","1","0","0","0","0","0","0",12451,1,86,0,0,0,4,6,5,3,0,0,0,0,18,22,20,0,0,2
"G2701370","1980","A","2","4","Minnesota","27","2240","St Louis","137",,,,,,,,,,,,,"A",,,,,,,,"ST. LOUIS COUNTY","0","0","0","0","0","0","0","1","0","0","0","0","0","0","0","0","0","0","0","0","1",217231,961,2810,2,3,72,132,107,162,75,231,14,7,2,420,775,537,11,65,162
"G2701390","1980","A","2","4","Minnesota","27","5120","Scott","139",,,,,,,,,,,,,"06",,,,,,,,"SCOTT COUNTY","0","0","0","0","0","0","0","1","0","0","0","0","0","0","0","0","0","0","0","0","0",43262,63,194,0,0,21,5,6,86,13,27,1,0,0,106,203,124,2,12,65
"G2701410","1980","A","2","4","Minnesota","27","6980","Sherburne","141",,,,,,,,,,,,,"04",,,,,,,,"SHERBURNE COUNTY","0","0","0","0","0","0","0","1","0","0","0","0","0","0","0","0","0","0","0","0","0",29383,141,130,4,0,18,17,14,49,14,18,1,0,0,119,136,91,1,5,39
"G2701430","1980","A","2","4","Minnesota","27",,"Sibley","143",,,,,,,,,,,,,"07",,,,,,,,"SIBLEY COUNTY","0","0","1","0","0","0","0","0","0","0","0","0","1","0","1","0","0","0","0","0","0",15364,3,21,1,0,3,7,0,8,7,0,0,0,0,34,89,60,0,1,28
"G2701450","1980","A","2","4","Minnesota","27","6980","Stearns","145",,,,,,,,,,,,,"06",,,,,,,,"STEARNS COUNTY","0","0","0","0","0","0","0","1","0","0","0","0","0","0","0","0","0","0","0","0","1",107082,159,195,1,2,34,93,32,76,43,164,7,5,1,267,357,284,6,17,50
"G2701470","1980","A","2","4","Minnesota","27",,"Steele","147",,,,,,,,,,,,,"06",,,,,,,,"STEELE COUNTY","0","0","1","0","0","0","0","1","0","0","0","1","0","0","1","0","0","0","0","0","0",30077,13,26,0,0,12,1,4,30,19,51,0,0,0,95,253,161,2,6,84
"G2701490","1980","A","2","4","Minnesota","27",,"Stevens","149",,,,,,,,,,,,,"05",,,,,,,,"STEVENS COUNTY","0","0","0","1","0","0","0","1","0","0","0","0","1","0","1","0","0","0","0","1","0",11162,52,14,0,0,4,12,1,18,15,9,0,0,0,35,49,34,1,1,13
"G2701510","1980","A","2","4","Minnesota","27",,"Swift","151",,,,,,,,,,,,,"05",,,,,,,,"SWIFT COUNTY","0","0","1","0","0","0","1","0","0","0","0","0","1","0","1","0","0","0","0","1","0",12847,2,19,0,0,1,1,8,10,4,12,0,0,0,16,33,23,0,0,10
"G2701530","1980","A","2","4","Minnesota","27",,"Todd","153",,,,,,,,,,,,,"03",,,,,,,,"TODD COUNTY","0","0","1","0","0","0","0","0","0","0","0","0","0","1","1","0","0","0","0","1","0",24862,7,36,0,0,3,0,4,24,6,19,2,0,0,28,80,60,0,3,17
"G2701550","1980","A","2","4","Minnesota","27",,"Traverse","155",,,,,,,,,,,,,"05",,,,,,,,"TRAVERSE COUNTY","0","0","1","0","0","1","1","0","0","0","0","1","0","0","1","0","0","0","0","1","0",5436,4,78,0,0,0,0,5,4,7,0,0,0,0,8,9,7,0,1,1
"G2701570","1980","A","2","4","Minnesota","27",,"Wabasha","157",,,,,,,,,,,,,"06",,,,,,,,"WABASHA COUNTY","0","0","1","0","0","0","1","0","0","0","0","1","0","0","1","0","0","0","0","1","0",19252,5,24,0,0,2,1,7,15,3,9,0,1,0,16,55,48,0,0,7
"G2701590","1980","A","2","4","Minnesota","27",,"Wadena","159",,,,,,,,,,,,,"03",,,,,,,,"WADENA COUNTY","0","0","0","0","0","0","0","0","0","0","0","1","0","1","0","0","0","0","0","1","0",14070,24,56,1,0,0,2,3,12,6,2,0,0,0,16,31,24,0,1,6
"G2701610","1980","A","2","4","Minnesota","27",,"Waseca","161",,,,,,,,,,,,,"07",,,,,,,,"WASECA COUNTY","0","0","0","1","0","0","0","0","0","0","0","0","1","0","1","0","0","0","0","0","0",18346,22,7,0,0,2,2,0,20,11,10,0,0,0,28,141,117,0,2,22
"G2701630","1980","A","2","4","Minnesota","27","5120","Washington","163",,,,,,,,,,,,,"B",,,,,,,,"WASHINGTON COUNTY","0","0","0","0","0","0","0","1","0","0","0","0","0","0","0","0","0","0","0","0","1",111284,615,365,6,0,75,185,167,266,53,82,7,2,0,464,1050,705,7,63,275
"G2701650","1980","A","2","4","Minnesota","27",,"Watonwan","165",,,,,,,,,,,,,"08",,,,,,,,"WATONWAN COUNTY","0","0","1","1","0","0","0","0","0","0","0","1","1","0","0","0","0","0","0","0","0",12185,1,12,0,0,3,0,2,6,2,19,0,1,0,130,239,111,0,2,126
"G2701670","1980","A","2","4","Minnesota","27",,"Wilkin","167",,,,,,,,,,,,,"01",,,,,,,,"WILKIN COUNTY","0","0","1","0","0","1","1","0","0","0","0","0","0","1","1","0","0","0","0","0","0",8384,2,33,0,0,1,1,5,4,1,14,0,0,0,9,11,11,0,0,0
"G2701690","1980","A","2","4","Minnesota","27",,"Winona","169",,,,,,,,,,,,,"06",,,,,,,,"WINONA COUNTY","0","0","0","0","0","0","0","0","0","0","0","0","0","0","0","0","0","0","0","0","0",45771,105,69,4,0,24,19,6,34,19,59,0,2,0,144,196,145,0,12,39
"G2701710","1980","A","2","4","Minnesota","27","5120","Wright","171",,,,,,,,,,,,,"06",,,,,,,,"WRIGHT COUNTY","0","0","0","0","0","0","0","0","0","0","0","0","0","0","0","0","0","0","0","0","0",58289,28,115,3,5,11,14,7,101,17,10,2,0,0,79,170,130,0,10,30
"G2701730","1980","A","2","4","Minnesota","27",,"Yellow Medicine","173",,,,,,,,,,,,,"05",,,,,,,,"YELLOW MEDICINE COUNTY","0","0","0","0","0","0","0","0","0","0","0","0","0","1","1","0","0","0","0","0","0",13499,0,96,0,0,2,7,0,12,4,5,0,0,0,28,64,41,0,2,21
"G2800010","1980","A","3","6","Mississippi","28",,"Adams","001",,,,,,,,,,,,,"03",,,,,,,,"ADAMS COUNTY","0","0","0","1","0","0","0","0","0","0","0","0","1","0","1","0","0","0","0","0","0",19531,18429,13,0,0,1,8,20,9,5,0,0,1,0,18,276,78,189,1,8
"G2800030","1980","A","3","6","Mississippi","28",,"Alcorn","003",,,,,,,,,,,,,"04",,,,,,,,"ALCORN COUNTY","0","0","0","0","0","0","0","0","0","0","0","0","1","0","1","0","0","0","0","0","0",29460,3445,20,0,0,3,5,13,15,13,37,0,0,0,25,163,116,20,7,20
"G2800050","1980","A","3","6","Mississippi","28",,"Amite","005",,,,,,,,,,,,,"03",,,,,,,,"AMITE COUNTY","0","0","0","1","1","0","0","0","0","0","0","1","0","1","0","0","0","0","0","0","0",6996,6365,1,0,0,0,0,0,2,2,0,3,0,0,0,110,38,72,0,0
"G2800070","1980","A","3","6","Mississippi","28",,"Attala","007",,,,,,,,,,,,,"06",,,,,,,,"ATTALA COUNTY","0","0","0","0","1","0","1","0","0","0","0","0","0","1","1","0","0","0","0","0","0",12052,7775,21,0,2,3,0,3,0,2,0,0,0,1,6,116,35,80,0,1
"G2800090","1980","A","3","6","Mississippi","28",,"Benton","009",,,,,,,,,,,,,"02",,,,,,,,"BENTON COUNTY","0","0","0","1","1","0","0","0","0","0","0","1","1","0","0","0","0","0","0","0","0",5054,3093,3,0,0,0,0,0,0,1,0,0,0,0,2,66,27,39,0,0
"G2800110","1980","A","3","6","Mississippi","28",,"Bolivar","011",,,,,,,,,,,,,"01",,,,,,,,"BOLIVAR COUNTY","0","0","0","0","0","0","0","0","0","0","0","0","0","0","0","0","0","0","0","0","0",16986,28567,26,0,0,6,136,0,3,16,1,3,0,0,221,791,132,453,7,199
"G2800130","1980","A","3","6","Mississippi","28",,"Calhoun","013",,,,,,,,,,,,,"04",,,,,,,,"CALHOUN COUNTY","0","0","0","1","1","0","0","0","0","0","0","0","1","1","0","0","0","0","0","0","0",11650,3988,10,0,1,1,0,6,3,1,0,1,0,0,3,94,53,32,7,2
"G2800150","1980","A","3","6","Mississippi","28",,"Carroll","015",,,,,,,,,,,,,"02",,,,,,,,"CARROLL COUNTY","0","0","0","1","1","0","1","0","0","0","0","0","1","0","1","0","0","0","0","1","0",5332,4425,6,0,0,0,0,1,0,1,0,0,0,0,11,146,23,116,0,7
"G2800170","1980","A","3","6","Mississippi","28",,"Chickasaw","017",,,,,,,,,,,,,"05",,,,,,,,"CHICKASAW COUNTY","0","0","0","1","1","0","0","0","0","0","0","0","1","1","1","0","0","0","0","0","1",11383,6434,14,0,0,2,1,1,0,3,0,0,0,0,15,158,54,95,1,8
"G2800190","1980","A","3","6","Mississippi","28",,"Choctaw","019",,,,,,,,,,,,,"06",,,,,,,,"CHOCTAW COUNTY","0","0","0","1","1","0","1","0","0","0","0","0","1","1","1","0","0","0","0","0","0",6447,2530,1,0,0,0,0,0,1,2,0,0,0,0,15,89,25,61,0,3
"G2800210","1980","A","3","6","Mississippi","28",,"Claiborne","021",,,,,,,,,,,,,"03",,,,,,,,"CLAIBORNE COUNTY","0","0","0","1","0","0","1","0","0","0","0","0","1","0","1","0","0","0","0","0","1",3074,9151,1,0,0,2,0,0,0,20,6,1,0,0,24,81,5,70,0,6
"G2800230","1980","A","3","6","Mississippi","28",,"Clarke","023",,,,,,,,,,,,,"06",,,,,,,,"CLARKE COUNTY","0","0","0","0","1","0","0","0","0","0","0","0","1","1","0","0","0","0","0","0","0",11004,5898,27,0,0,3,0,4,0,6,0,1,0,0,2,107,42,65,0,0
"G2800250","1980","A","3","6","Mississippi","28",,"Clay","025",,,,,,,,,,,,,"05",,,,,,,,"CLAY COUNTY","0","0","0","1","0","0","0","0","0","0","0","0","1","0","1","0","0","0","0","0","0",10470,10540,4,0,0,2,0,0,2,25,9,5,0,0,25,164,50,94,0,20
"G2800270","1980","A","3","6","Mississippi","28",,"Coahoma","027",,,,,,,,,,,,,"01",,,,,,,,"COAHOMA COUNTY","0","0","0","1","0","0","0","0","0","0","0","0","1","0","1","0","0","0","0","0","0",13074,23631,13,0,0,2,130,1,6,3,3,6,2,1,46,427,58,325,3,41
"G2800290","1980","A","3","6","Mississippi","28",,"Copiah","029",,,,,,,,,,,,,"03",,,,,,,,"COPIAH COUNTY","0","0","0","1","1","0","0","0","0","0","0","0","1","1","1","0","0","0","0","0","0",13642,12822,10,0,0,2,3,1,2,3,0,3,0,0,15,276,102,166,3,5
"G2800310","1980","A","3","6","Mississippi","28",,"Covington","031",,,,,,,,,,,,,"06",,,,,,,,"COVINGTON COUNTY","0","0","0","1","1","0","1","0","0","0","0","0","1","1","1","0","0","0","0","1","0",10410,5503,1,0,0,0,0,1,1,3,0,4,0,0,4,114,27,84,0,3
"G2800330","1980","A","3","6","Mississippi","28","4920","DeSoto","033",,,,,,,,,,,,,"02",,,,,,,,"DE SOTO COUNTY","0","0","0","0","0","0","0","0","0","0","0","0","0","0","0","0","0","0","0","0","0",44203,9596,24,2,0,5,10,7,12,3,9,8,0,0,51,384,202,148,9,25
"G2800350","1980","A","3","6","Mississippi","28",,"Forrest","035",,,,,,,,,,,,,"07",,,,,,,,"FORREST COUNTY","0","0","0","0","0","0","0","0","0","0","0","0","0","0","0","0","0","0","0","0","0",47719,17695,54,2,0,49,69,18,36,42,42,7,3,1,281,747,401,151,17,178
"G2800370","1980","A","3","6","Mississippi","28",,"Franklin","037",,,,,,,,,,,,,"03",,,,,,,,"FRANKLIN COUNTY","0","0","0","0","1","0","1","0","0","0","0","1","0","0","1","0","0","0","0","1","0",5143,3053,0,0,0,8,0,1,0,0,0,2,0,0,1,25,8,15,1,1
"G2800390","1980","A","3","6","Mississippi","28",,"George","039",,,,,,,,,,,,,"07",,,,,,,,"GEORGE COUNTY","0","0","0","1","0","0","0","1","0","0","0","0","1","1","0","0","0","0","0","0","1",13808,1457,2,1,0,1,0,0,1,4,9,0,0,0,14,98,75,10,0,13
"G2800410","1980","A","3","6","Mississippi","28",,"Greene","041",,,,,,,,,,,,,"07",,,,,,,,"GREENE COUNTY","0","0","0","1","1","0","0","1","0","0","0","0","1","1","1","0","0","0","0","0","1",7836,1972,9,0,0,2,0,0,0,1,0,0,0,0,7,112,65,41,0,6
"G2800430","1980","A","3","6","Mississippi","28",,"Grenada","043",,,,,,,,,,,,,"02",,,,,,,,"GRENADA COUNTY","0","0","0","1","0","0","0","0","0","0","0","0","1","0","1","0","0","0","0","1","0",12203,8796,11,0,0,2,0,0,1,5,14,2,1,0,8,244,61,178,1,4
"G2800450","1980","A","3","6","Mississippi","28","0920","Hancock","045",,,,,,,,,,,,,"08",,,,,,,,"HANCOCK COUNTY","0","0","0","0","0","0","0","0","0","0","0","0","0","0","0","0","0","0","0","0","0",21892,2435,70,1,0,8,3,16,0,7,12,2,0,1,90,429,320,31,14,64
"G2800470","1980","A","3","6","Mississippi","28","0920","Harrison","047",,,,,,,,,,,,,"08",,,,,,,,"HARRISON COUNTY","0","0","0","0","0","0","0","0","0","0","0","0","0","0","0","0","0","0","0","0","0",124036,30406,369,2,4,191,76,626,128,65,715,61,33,6,947,3037,2054,277,195,511
"G2800490","1980","A","3","6","Mississippi","28","3560","Hinds","049",,,,,,,,,,,,,"A",,,,,,,,"HINDS COUNTY","0","0","0","0","0","0","0","0","0","0","0","0","0","0","0","0","0","0","0","0","0",136265,113301,158,2,1,65,168,35,68,265,74,42,4,0,550,1978,747,1103,28,100
"G2800510","1980","A","3","6","Mississippi","28",,"Holmes","051",,,,,,,,,,,,,"02",,,,,,,,"HOLMES COUNTY","0","0","0","1","0","0","1","0","0","0","0","0","1","0","1","0","0","0","0","1","0",6577,16339,4,0,0,5,29,0,0,3,0,4,0,0,9,306,21,281,0,4
"G2800530","1980","A","3","6","Mississippi","28",,"Humphreys","053",,,,,,,,,,,,,"01",,,,,,,,"HUMPHREYS COUNTY","0","0","0","1","0","0","0","0","0","0","0","0","1","0","1","0","0","0","0","0","0",4718,9145,10,0,0,0,50,0,0,0,0,2,0,0,6,192,18,170,3,1
"G2800550","1980","A","3","6","Mississippi","28",,"Issaquena","055",,,,,,,,,,,,,"01",,,,,,,,"ISSAQUENA COUNTY","0","0","0","0","1","0","1","0","0","0","0","0","0","1","1","0","0","0","0","1","0",1107,1397,0,0,0,0,2,0,0,0,0,1,0,0,6,35,6,23,0,6
"G2800570","1980","A","3","6","Mississippi","28",,"Itawamba","057",,,,,,,,,,,,,"04",,,,,,,,"ITAWAMBA COUNTY","0","0","0","1","0","0","0","0","0","0","0","0","1","0","1","0","0","0","0","0","1",19196,1264,7,0,0,6,0,9,3,2,9,0,0,0,22,118,87,23,1,7
"G2800590","1980","A","3","6","Mississippi","28","6025","Jackson","059",,,,,,,,,,,,,"08",,,,,,,,"JACKSON COUNTY","0","0","0","0","0","0","0","0","0","0","0","0","0","0","0","0","0","0","0","0","0",94710,22119,331,2,1,66,44,160,27,29,166,22,6,2,330,1487,1060,204,59,164
"G2800610","1980","A","3","6","Mississippi","28",,"Jasper","061",,,,,,,,,,,,,"06",,,,,,,,"JASPER COUNTY","0","0","0","1","1","0","1","0","0","0","0","0","1","1","1","0","0","0","0","1","0",8761,8487,8,0,0,2,0,0,0,0,0,3,0,0,4,151,39,109,0,3
"G2800630","1980","A","3","6","Mississippi","28",,"Jefferson","063",,,,,,,,,,,,,"03",,,,,,,,"JEFFERSON COUNTY","0","0","0","1","1","0","0","0","0","0","0","0","0","1","1","0","0","0","0","0","0",1645,7528,2,0,0,0,0,0,0,3,0,2,0,0,1,115,18,97,0,0
"G2800650","1980","A","3","6","Mississippi","28",,"Jefferson Davis","065",,,,,,,,,,,,,"06",,,,,,,,"JEFFERSON DAVIS COUNTY","0","0","0","1","1","0","1","0","0","0","0","0","1","1","1","0","0","0","0","0","0",6401,7421,5,0,0,1,1,0,2,6,0,3,0,0,6,73,20,52,1,0
"G2800670","1980","A","3","6","Mississippi","28",,"Jones","067",,,,,,,,,,,,,"06",,,,,,,,"JONES COUNTY","0","0","0","0","0","0","0","0","0","0","0","0","0","0","0","0","0","0","0","0","0",47315,14318,170,1,0,11,10,15,11,18,4,8,0,0,31,437,255,166,6,10
"G2800690","1980","A","3","6","Mississippi","28",,"Kemper","069",,,,,,,,,,,,,"06",,,,,,,,"KEMPER COUNTY","0","0","0","0","1","0","0","0","0","0","0","0","0","0","0","0","0","0","0","0","0",4557,5512,72,0,0,2,0,2,0,1,0,1,0,0,1,95,19,76,0,0
"G2800710","1980","A","3","6","Mississippi","28",,"Lafayette","071",,,,,,,,,,,,,"04",,,,,,,,"LAFAYETTE COUNTY","0","0","0","1","0","0","0","0","0","0","0","0","0","0","0","0","0","0","0","0","0",22541,8184,12,1,0,9,74,8,14,37,24,2,0,0,124,212,114,73,7,18
"G2800730","1980","A","3","6","Mississippi","28",,"Lamar","073",,,,,,,,,,,,,"07",,,,,,,,"LAMAR COUNTY","0","0","0","0","0","0","0","0","0","0","0","0","1","0","1","0","0","0","0","0","0",21125,2562,15,0,0,13,8,6,4,8,7,7,0,0,66,242,166,23,1,52
"G2800750","1980","A","3","6","Mississippi","28",,"Lauderdale","075",,,,,,,,,,,,,"06",,,,,,,,"LAUDERDALE COUNTY","0","0","0","0","0","0","0","0","0","0","0","0","0","0","0","0","0","0","0","0","0",52373,24233,81,1,0,22,14,255,21,19,41,9,7,1,208,714,332,225,39,118
"G2800770","1980","A","3","6","Mississippi","28",,"Lawrence","077",,,,,,,,,,,,,"06",,,,,,,,"LAWRENCE COUNTY","0","0","0","1","1","0","0","1","0","0","0","0","1","0","1","0","0","0","0","0","1",8632,3866,9,0,0,3,0,0,1,0,0,1,0,0,6,87,52,32,0,3
"G2800790","1980","A","3","6","Mississippi","28",,"Leake","079",,,,,,,,,,,,,"06",,,,,,,,"LEAKE COUNTY","0","0","0","0","1","0","0","0","0","0","0","0","1","0","1","0","0","0","0","1","0",11454,6556,770,0,0,1,0,0,1,1,0,0,0,0,7,99,35,56,6,2
"G2800810","1980","A","3","6","Mississippi","28",,"Lee","081",,,,,,,,,,,,,"05",,,,,,,,"LEE COUNTY","0","0","0","0","0","0","0","0","0","0","0","0","0","0","0","0","0","0","0","0","0",45227,11651,36,0,0,4,32,16,2,12,1,4,0,0,76,367,208,113,6,40
"G2800830","1980","A","3","6","Mississippi","28",,"Leflore","083",,,,,,,,,,,,,"01",,,,,,,,"LEFLORE COUNTY","0","0","0","0","0","0","0","0","0","0","0","0","1","0","1","0","0","0","0","1","0",16724,24553,17,1,0,3,117,4,8,51,7,6,1,0,33,412,89,301,1,21
"G2800850","1980","A","3","6","Mississippi","28",,"Lincoln","085",,,,,,,,,,,,,"03",,,,,,,,"LINCOLN COUNTY","0","0","0","1","0","0","0","0","0","0","0","0","1","0","1","0","0","0","0","1","0",21076,9043,8,0,0,3,0,1,3,14,1,5,2,0,18,176,60,113,1,2
"G2800870","1980","A","3","6","Mississippi","28",,"Lowndes","087",,,,,,,,,,,,,"05",,,,,,,,"LOWNDES COUNTY","0","0","0","0","0","0","0","0","0","0","0","0","0","0","0","0","0","0","0","0","0",37158,19583,65,6,0,35,48,70,44,18,30,9,1,4,233,521,248,158,17,98
"G2800890","1980","A","3","6","Mississippi","28",,"Madison","089",,,,,,,,,,,,,"02",,,,,,,,"MADISON COUNTY","0","0","0","1","0","0","1","0","0","0","0","0","0","0","0","0","0","0","0","0","0",18249,23255,11,0,0,2,25,0,0,27,0,3,2,0,39,391,70,320,0,1
"G2800910","1980","A","3","6","Mississippi","28",,"Marion","091",,,,,,,,,,,,,"06",,,,,,,,"MARION COUNTY","0","0","0","0","1","0","0","0","0","0","0","0","0","1","1","0","0","0","0","0","1",17968,7691,23,0,0,9,0,1,3,2,0,1,0,0,10,241,96,133,2,10
"G2800930","1980","A","3","6","Mississippi","28",,"Marshall","093",,,,,,,,,,,,,"02",,,,,,,,"MARSHALL COUNTY","0","0","0","1","0","0","0","0","0","0","0","0","1","0","1","0","0","0","0","0","0",13647,15577,13,0,0,3,0,2,5,12,0,6,0,0,31,226,64,156,3,3
"G2800950","1980","A","3","6","Mississippi","28",,"Monroe","095",,,,,,,,,,,,,"05",,,,,,,,"MONROE COUNTY","0","0","0","1","0","0","0","0","0","0","0","0","1","1","1","0","0","0","0","1","0",25544,10813,12,0,0,3,0,1,3,2,3,3,0,0,20,230,84,139,1,6
"G2800970","1980","A","3","6","Mississippi","28",,"Montgomery","097",,,,,,,,,,,,,"06",,,,,,,,"MONTGOMERY COUNTY","0","0","0","1","1","0","1","0","0","0","0","0","0","1","1","0","0","0","0","1","0",7883,5473,2,0,0,0,0,1,0,0,0,2,0,0,5,133,46,83,0,4
"G2800990","1980","A","3","6","Mississippi","28",,"Neshoba","099",,,,,,,,,,,,,"06",,,,,,,,"NESHOBA COUNTY","0","0","0","0","0","0","0","0","0","0","0","0","0","0","0","0","0","0","0","0","0",17074,4266,2385,1,0,3,1,13,3,2,10,1,0,1,29,138,100,19,15,4
"G2801010","1980","A","3","6","Mississippi","28",,"Newton","101",,,,,,,,,,,,,"06",,,,,,,,"NEWTON COUNTY","0","0","0","0","1","0","0","0","0","0","0","0","1","1","0","0","0","0","0","0","1",13998,5430,491,0,0,2,0,5,3,3,0,3,0,0,9,155,63,74,13,5
"G2801030","1980","A","3","6","Mississippi","28",,"Noxubee","103",,,,,,,,,,,,,"05",,,,,,,,"NOXUBEE COUNTY","0","0","0","0","1","0","1","0","0","0","0","0","1","1","0","0","0","0","0","1","1",4653,8534,20,0,0,0,0,0,0,2,1,1,0,0,1,143,11,131,0,1
"G2801050","1980","A","3","6","Mississippi","28",,"Oktibbeha","105",,,,,,,,,,,,,"05",,,,,,,,"OKTIBBEHA COUNTY","0","0","0","0","0","0","0","0","0","0","0","0","0","0","0","0","0","0","0","0","0",23138,12355,28,0,3,21,131,17,38,68,8,0,0,0,211,367,179,112,12,64
"G2801070","1980","A","3","6","Mississippi","28",,"Panola","107",,,,,,,,,,,,,"02",,,,,,,,"PANOLA COUNTY","0","0","0","1","0","0","0","0","0","0","0","0","1","0","1","0","0","0","0","1","0",14312,13785,3,2,1,2,1,0,2,21,1,2,1,0,31,283,74,186,0,23
"G2801090","1980","A","3","6","Mississippi","28",,"Pearl River","109",,,,,,,,,,,,,"07",,,,,,,,"PEARL RIVER COUNTY","0","0","0","0","0","0","0","0","0","0","0","0","0","0","0","0","0","0","0","0","0",28622,5032,52,1,0,5,10,5,5,6,2,8,0,1,46,283,231,21,14,17
"G2801110","1980","A","3","6","Mississippi","28",,"Perry","111",,,,,,,,,,,,,"07",,,,,,,,"PERRY COUNTY","0","0","0","1","1","0","0","1","0","0","0","0","1","1","0","0","0","0","0","0","0",7712,2141,5,0,0,1,0,1,0,1,0,2,0,0,1,87,46,40,0,1
"G2801130","1980","A","3","6","Mississippi","28",,"Pike","113",,,,,,,,,,,,,"03",,,,,,,,"PIKE COUNTY","0","0","0","0","0","0","0","0","0","0","0","0","1","0","1","0","0","0","0","0","0",20406,15666,21,0,0,13,0,11,3,11,0,0,2,0,40,380,103,251,3,23
"G2801150","1980","A","3","6","Mississippi","28",,"Pontotoc","115",,,,,,,,,,,,,"04",,,,,,,,"PONTOTOC COUNTY","0","0","0","1","0","0","0","1","0","0","0","0","0","1","1","0","0","0","0","0","1",17618,3259,2,0,0,1,1,5,3,17,0,0,1,0,11,170,109,56,0,5
"G2801170","1980","A","3","6","Mississippi","28",,"Prentiss","117",,,,,,,,,,,,,"04",,,,,,,,"PRENTISS COUNTY","0","0","0","0","1","0","0","0","0","0","0","0","0","1","1","0","0","0","0","0","1",21383,2590,23,0,0,0,0,7,4,5,3,1,0,0,9,130,73,47,4,6
"G2801190","1980","A","3","6","Mississippi","28",,"Quitman","119",,,,,,,,,,,,,"01",,,,,,,,"QUITMAN COUNTY","0","0","0","1","0","0","0","0","0","0","0","0","1","0","1","0","0","0","0","1","0",5530,7074,3,0,0,0,21,0,1,2,0,1,0,0,4,97,26,66,2,3
"G2801210","1980","A","3","6","Mississippi","28","3560","Rankin","121",,,,,,,,,,,,,"06",,,,,,,,"RANKIN COUNTY","0","0","0","0","0","0","0","0","0","0","0","0","0","0","0","0","0","0","0","0","0",56282,12901,50,0,0,16,32,10,10,32,1,4,0,0,89,453,292,88,9,64
"G2801230","1980","A","3","6","Mississippi","28",,"Scott","123",,,,,,,,,,,,,"06",,,,,,,,"SCOTT COUNTY","0","0","0","0","0","0","0","0","0","0","0","0","0","0","0","0","0","0","0","0","0",15850,8603,59,0,0,2,1,3,0,5,2,2,1,0,28,257,135,95,1,26
"G2801250","1980","A","3","6","Mississippi","28",,"Sharkey","125",,,,,,,,,,,,,"01",,,,,,,,"SHARKEY COUNTY","0","0","0","1","0","0","1","0","0","0","0","0","0","0","0","0","0","0","0","1","1",2700,5229,16,0,0,3,12,0,0,2,0,1,0,0,1,107,11,94,1,1
"G2801270","1980","A","3","6","Mississippi","28",,"Simpson","127",,,,,,,,,,,,,"06",,,,,,,,"SIMPSON COUNTY","0","0","0","0","1","0","0","0","0","0","0","0","1","1","1","0","0","0","0","0","1",16198,7207,15,0,0,5,0,1,0,0,0,3,0,0,12,181,98,72,1,10
"G2801290","1980","A","3","6","Mississippi","28",,"Smith","129",,,,,,,,,,,,,"06",,,,,,,,"SMITH COUNTY","0","0","0","1","1","0","0","1","0","0","0","0","1","1","1","0","0","0","0","0","0",11864,3189,7,0,0,4,0,0,2,1,0,1,0,0,9,141,94,43,0,4
"G2801310","1980","A","3","6","Mississippi","28","0920","Stone","131",,,,,,,,,,,,,"07",,,,,,,,"STONE COUNTY","0","0","0","1","0","0","0","0","0","0","0","0","1","1","1","0","0","0","0","0","1",7463,2195,11,0,2,8,2,3,2,2,2,1,0,0,25,87,33,33,2,19
"G2801330","1980","A","3","6","Mississippi","28",,"Sunflower","133",,,,,,,,,,,,,"01",,,,,,,,"SUNFLOWER COUNTY","0","0","0","0","0","0","0","0","0","0","0","0","0","0","0","0","0","0","0","0","0",13052,21611,30,0,0,4,96,14,1,0,0,5,0,0,31,495,88,375,5,27
"G2801350","1980","A","3","6","Mississippi","28",,"Tallahatchie","135",,,,,,,,,,,,,"01",,,,,,,,"TALLAHATCHIE COUNTY","0","0","0","1","0","0","0","0","0","0","0","0","0","1","1","0","0","0","0","1","0",7252,9823,3,0,0,0,52,2,0,4,0,3,0,0,18,257,53,196,3,5
"G2801370","1980","A","3","6","Mississippi","28",,"Tate","137",,,,,,,,,,,,,"02",,,,,,,,"TATE COUNTY","0","0","0","1","0","0","0","0","0","0","0","0","1","0","1","0","0","0","0","1","0",12339,7735,10,0,1,0,4,3,1,3,4,3,0,0,16,261,52,196,1,12
"G2801390","1980","A","3","6","Mississippi","28",,"Tippah","139",,,,,,,,,,,,,"04",,,,,,,,"TIPPAH COUNTY","0","0","0","1","1","0","0","0","0","0","0","0","1","1","0","0","0","0","0","0","0",15743,2978,5,0,1,0,3,0,6,3,0,0,0,0,0,118,101,17,0,0
"G2801410","1980","A","3","6","Mississippi","28",,"Tishomingo","141",,,,,,,,,,,,,"04",,,,,,,,"TISHOMINGO COUNTY","0","0","0","0","1","0","0","0","0","0","0","0","0","1","1","0","0","0","0","1","0",17676,683,55,0,3,0,0,2,4,3,1,0,0,0,7,79,72,0,3,4
"G2801430","1980","A","3","6","Mississippi","28",,"Tunica","143",,,,,,,,,,,,,"01",,,,,,,,"TUNICA COUNTY","0","0","0","1","1","0","1","0","0","0","0","0","1","1","1","0","0","0","0","0","1",2566,7050,5,0,0,0,5,0,0,0,0,0,0,0,26,107,2,83,1,21
"G2801450","1980","A","3","6","Mississippi","28",,"Union","145",,,,,,,,,,,,,"04",,,,,,,,"UNION COUNTY","0","0","0","0","1","0","0","0","0","0","0","0","0","1","1","0","0","0","0","0","1",18701,3000,18,0,0,1,0,1,0,7,0,1,0,0,12,140,106,26,3,5
"G2801470","1980","A","3","6","Mississippi","28",,"Walthall","147",,,,,,,,,,,,,"06",,,,,,,,"WALTHALL COUNTY","0","0","0","1","0","0","0","0","0","0","0","0","1","1","1","0","0","0","0","0","0",8095,5646,3,0,0,0,1,1,0,12,0,1,0,1,1,163,43,120,0,0
"G2801490","1980","A","3","6","Mississippi","28",,"Warren","149",,,,,,,,,,,,,"03",,,,,,,,"WARREN COUNTY","0","0","0","0","0","0","0","0","0","0","0","0","0","0","0","0","0","0","0","0","0",31878,19301,39,2,1,13,96,18,32,146,1,10,0,0,90,582,296,237,4,45
"G2801510","1980","A","3","6","Mississippi","28",,"Washington","151",,,,,,,,,,,,,"01",,,,,,,,"WASHINGTON COUNTY","0","0","0","0","0","0","0","0","0","0","0","0","0","0","0","0","0","0","0","0","0",31619,40216,21,0,0,11,279,10,8,23,19,14,4,0,120,719,238,427,1,53
"G2801530","1980","A","3","6","Mississippi","28",,"Wayne","153",,,,,,,,,,,,,"06",,,,,,,,"WAYNE COUNTY","0","0","0","1","1","0","0","0","0","0","0","0","0","1","1","0","0","0","0","1","0",12695,6405,9,0,0,1,0,1,1,7,0,1,0,1,14,149,44,92,3,10
"G2801550","1980","A","3","6","Mississippi","28",,"Webster","155",,,,,,,,,,,,,"06",,,,,,,,"WEBSTER COUNTY","0","0","0","1","1","0","0","1","0","0","0","0","1","1","1","0","0","0","0","0","0",8265,2014,5,0,0,2,0,0,0,2,0,1,0,0,11,103,52,44,0,7
"G2801570","1980","A","3","6","Mississippi","28",,"Wilkinson","157",,,,,,,,,,,,,"03",,,,,,,,"WILKINSON COUNTY","0","0","0","1","1","0","1","0","0","0","0","0","1","1","1","0","0","0","0","1","0",3292,6708,11,0,0,1,0,1,0,0,0,2,0,0,6,151,37,110,4,0
"G2801590","1980","A","3","6","Mississippi","28",,"Winston","159",,,,,,,,,,,,,"06",,,,,,,,"WINSTON COUNTY","0","0","0","0","1","0","1","0","0","0","0","0","0","0","0","0","0","0","0","1","0",11661,7637,155,0,0,3,11,0,2,2,0,0,0,0,3,117,38,77,2,0
"G2801610","1980","A","3","6","Mississippi","28",,"Yalobusha","161",,,,,,,,,,,,,"02",,,,,,,,"YALOBUSHA COUNTY","0","0","0","1","1","0","0","0","0","0","0","0","1","0","1","0","0","0","0","0","1",8098,5015,3,0,0,1,0,0,1,4,2,0,4,1,10,144,65,73,3,3
"G2801630","1980","A","3","6","Mississippi","28",,"Yazoo","163",,,,,,,,,,,,,"02",,,,,,,,"YAZOO COUNTY","0","0","0","0","0","0","0","0","0","0","0","0","0","0","0","0","0","0","0","0","0",13197,14051,17,0,0,3,13,3,2,4,0,3,0,0,56,395,66,296,2,31
"G2900010","1980","A","2","4","Missouri","29",,"Adair","001",,,,,,,,,,,,,"02",,,,,,,,"ADAIR COUNTY","0","0","0","0","0","0","0","1","0","0","0","0","0","0","0","0","0","0","0","0","0",24192,311,30,0,0,25,125,18,13,20,1,3,0,7,125,136,109,1,7,19
"G2900030","1980","A","2","4","Missouri","29","7000","Andrew","003",,,,,,,,,,,,,"01",,,,,,,,"ANDREW COUNTY","0","0","1","0","0","0","1","0","0","0","0","1","1","1","1","0","0","0","0","1","0",13916,9,14,1,1,2,0,2,7,1,7,0,1,1,18,70,67,0,0,3
"G2900050","1980","A","2","4","Missouri","29",,"Atchison","005",,,,,,,,,,,,,"01",,,,,,,,"ATCHISON COUNTY","0","0","0","1","1","0","0","0","0","0","0","1","1","1","0","0","0","0","0","0","0",8514,44,2,0,0,0,0,0,3,3,0,0,0,0,39,56,28,0,0,28
"G2900070","1980","A","2","4","Missouri","29",,"Audrain","007",,,,,,,,,,,,,"02",,,,,,,,"AUDRAIN COUNTY","0","0","0","1","0","0","0","0","0","0","0","0","0","0","0","0","0","0","0","0","1",24851,1486,12,0,2,4,7,16,9,13,4,3,0,0,51,273,231,15,8,19
"G2900090","1980","A","2","4","Missouri","29",,"Barry","009",,,,,,,,,,,,,"04",,,,,,,,"BARRY COUNTY","0","0","1","0","0","0","0","1","0","0","0","1","0","0","1","0","0","0","0","0","0",24157,5,111,0,1,7,2,37,3,11,9,1,0,0,64,117,81,1,17,18
"G2900110","1980","A","2","4","Missouri","29",,"Barton","011",,,,,,,,,,,,,"03",,,,,,,,"BARTON COUNTY","0","0","1","0","0","0","0","0","0","0","0","1","0","1","1","0","0","0","0","1","0",11223,2,45,0,0,4,0,3,2,5,1,0,0,0,7,41,35,0,1,5
"G2900130","1980","A","2","4","Missouri","29",,"Bates","013",,,,,,,,,,,,,"03",,,,,,,,"BATES COUNTY","0","0","0","0","0","0","0","0","0","0","0","0","0","0","0","0","0","0","0","1","0",15668,121,43,0,0,1,12,3,0,2,0,0,0,0,23,69,57,0,1,11
"G2900150","1980","A","2","4","Missouri","29",,"Benton","015",,,,,,,,,,,,,"05",,,,,,,,"BENTON COUNTY","0","0","1","0","0","0","0","0","0","0","0","0","0","1","1","0","0","0","0","1","0",12077,14,59,0,0,4,1,2,3,4,1,1,0,0,17,52,42,0,6,4
"G2900170","1980","A","2","4","Missouri","29",,"Bollinger","017",,,,,,,,,,,,,"06",,,,,,,,"BOLLINGER COUNTY","0","0","0","1","1","0","1","0","0","0","0","0","1","0","1","0","0","0","0","0","0",10265,0,9,0,0,1,1,0,1,1,3,0,0,0,20,24,23,0,0,1
"G2900190","1980","A","2","4","Missouri","29","1740","Boone","019",,,,,,,,,,,,,"02",,,,,,,,"BOONE COUNTY","0","0","0","0","0","0","0","0","0","0","0","0","0","0","0","0","0","0","0","0","0",91767,6401,181,4,3,131,377,102,161,191,110,9,2,7,930,973,681,24,46,222
"G2900210","1980","A","2","4","Missouri","29","7000","Buchanan","021",,,,,,,,,,,,,"01",,,,,,,,"BUCHANAN COUNTY","0","0","0","0","0","0","0","0","0","0","0","0","0","0","0","0","0","0","0","0","0",84418,2619,219,0,1,21,14,38,30,55,2,11,3,0,457,1548,1132,26,46,344
"G2900230","1980","A","2","4","Missouri","29",,"Butler","023",,,,,,,,,,,,,"09",,,,,,,,"BUTLER COUNTY","0","0","0","0","0","0","0","0","0","0","0","0","0","0","0","0","0","0","0","0","0",35564,1891,71,3,8,9,2,17,26,37,7,2,0,0,56,215,178,16,3,18
"G2900250","1980","A","2","4","Missouri","29",,"Caldwell","025",,,,,,,,,,,,,"02",,,,,,,,"CALDWELL COUNTY","0","0","1","1","1","0","0","0","0","0","0","1","1","1","0","0","0","0","0","1","0",8631,4,12,0,0,2,0,1,0,4,0,0,0,1,5,41,37,0,1,3
"G2900270","1980","A","2","4","Missouri","29",,"Callaway","027",,,,,,,,,,,,,"02",,,,,,,,"CALLAWAY COUNTY","0","0","0","0","0","0","0","1","0","0","0","0","0","0","0","0","0","0","0","0","1",30302,1689,90,2,2,11,7,24,8,17,20,2,1,0,77,178,144,3,7,24
"G2900290","1980","A","2","4","Missouri","29",,"Camden","029",,,,,,,,,,,,,"05",,,,,,,,"CAMDEN COUNTY","0","0","0","0","0","0","0","0","0","0","0","0","0","0","0","0","0","0","0","1","0",19864,30,61,0,0,4,17,5,8,2,0,0,0,0,26,131,115,0,5,11
"G2900310","1980","A","2","4","Missouri","29",,"Cape Girardeau","031",,,,,,,,,,,,,"06",,,,,,,,"CAPE GIRARDEAU COUNTY","0","0","0","0","0","0","0","1","0","0","0","0","0","0","0","0","0","0","0","0","1",56251,2231,77,0,1,71,33,12,38,21,7,2,1,0,92,298,237,8,13,40
"G2900330","1980","A","2","4","Missouri","29",,"Carroll","033",,,,,,,,,,,,,"01",,,,,,,,"CARROLL COUNTY","0","0","0","1","0","0","0","1","0","0","0","0","1","0","1","0","0","0","0","1","0",11818,268,12,0,0,1,0,0,3,12,0,0,0,1,16,75,65,1,0,9
"G2900350","1980","A","2","4","Missouri","29",,"Carter","035",,,,,,,,,,,,,"08",,,,,,,,"CARTER COUNTY","0","0","0","0","1","0","0","0","0","0","0","0","0","0","0","0","0","0","0","0","0",5386,0,20,0,0,1,0,0,0,0,0,0,0,0,21,32,18,0,7,7
"G2900370","1980","A","2","4","Missouri","29","3760","Cass","037",,,,,,,,,,,,,"03",,,,,,,,"CASS COUNTY","0","0","0","0","0","0","0","1","0","0","0","0","0","0","0","0","0","0","0","0","0",50141,404,173,1,0,30,8,30,37,4,33,5,2,0,161,402,292,1,5,104
"G2900390","1980","A","2","4","Missouri","29",,"Cedar","039",,,,,,,,,,,,,"03",,,,,,,,"CEDAR COUNTY","0","0","1","0","0","0","0","0","0","0","0","1","0","1","0","0","0","0","0","1","0",11790,1,68,1,0,1,1,1,3,6,9,0,0,0,13,81,69,0,1,11
"G2900410","1980","A","2","4","Missouri","29",,"Chariton","041",,,,,,,,,,,,,"02",,,,,,,,"CHARITON COUNTY","0","0","0","1","1","0","0","1","0","0","0","0","0","1","1","0","0","0","0","1","0",9945,517,12,0,0,2,0,0,3,2,0,0,0,0,8,30,22,4,3,1
"G2900430","1980","A","2","4","Missouri","29","7920","Christian","043",,,,,,,,,,,,,"07",,,,,,,,"CHRISTIAN COUNTY","0","0","1","0","0","0","0","0","0","0","0","1","0","0","1","0","0","0","0","1","0",22206,10,131,0,0,3,3,0,4,4,7,2,0,0,32,115,90,0,5,20
"G2900450","1980","A","2","4","Missouri","29",,"Clark","045",,,,,,,,,,,,,"02",,,,,,,,"CLARK COUNTY","0","0","1","1","1","0","1","0","0","0","0","0","1","1","1","0","0","0","0","0","0",8473,6,3,0,0,1,0,3,2,1,0,0,0,0,4,28,26,0,0,2
"G2900470","1980","A","2","4","Missouri","29","3760","Clay","047",,,,,,,,,,,,,"A",,,,,,,,"CLAY COUNTY","0","0","0","0","0","0","0","0","0","0","0","0","0","0","0","0","0","0","0","0","0",133050,1449,509,2,6,88,94,94,130,99,60,20,0,2,885,2157,1497,18,40,602
"G2900490","1980","A","2","4","Missouri","29",,"Clinton","049",,,,,,,,,,,,,"01",,,,,,,,"CLINTON COUNTY","0","0","0","0","0","0","0","0","0","0","0","0","0","0","0","0","0","0","0","0","0",15470,336,44,4,0,0,0,3,12,10,0,0,0,0,37,93,70,0,2,21
"G2900510","1980","A","2","4","Missouri","29",,"Cole","051",,,,,,,,,,,,,"06",,,,,,,,"COLE COUNTY","0","0","0","0","0","0","0","0","0","0","0","0","0","0","0","0","0","0","0","0","0",51997,4223,73,3,1,12,66,6,7,46,34,9,6,1,179,298,231,20,16,31
"G2900530","1980","A","2","4","Missouri","29",,"Cooper","053",,,,,,,,,,,,,"03",,,,,,,,"COOPER COUNTY","0","0","0","0","0","0","0","1","0","0","0","0","1","0","1","0","0","0","0","1","0",13652,891,31,0,0,6,2,4,2,7,4,12,5,1,26,96,83,2,2,9
"G2900550","1980","A","2","4","Missouri","29",,"Crawford","055",,,,,,,,,,,,,"05",,,,,,,,"CRAWFORD COUNTY","0","0","1","0","0","0","0","0","0","0","0","0","0","1","1","0","0","0","0","1","0",18219,3,46,1,0,3,0,0,3,12,1,0,0,0,12,88,76,0,6,6
"G2900570","1980","A","2","4","Missouri","29",,"Dade","057",,,,,,,,,,,,,"03",,,,,,,,"DADE COUNTY","0","0","0","0","1","0","0","0","0","0","0","0","1","0","1","0","0","0","0","1","0",7313,15,32,0,0,0,0,4,0,1,0,1,0,0,17,32,24,0,1,7
"G2900590","1980","A","2","4","Missouri","29",,"Dallas","059",,,,,,,,,,,,,"07",,,,,,,,"DALLAS COUNTY","0","0","0","0","1","0","0","0","0","0","0","1","0","1","1","0","0","0","0","1","0",11987,15,66,1,0,5,0,5,1,2,0,0,2,0,12,70,59,0,2,9
"G2900610","1980","A","2","4","Missouri","29",,"Daviess","061",,,,,,,,,,,,,"02",,,,,,,,"DAVIESS COUNTY","0","0","1","1","1","0","1","0","0","0","0","1","1","1","1","0","0","0","0","0","0",8877,6,10,0,0,0,2,1,1,1,0,0,0,0,7,46,45,0,0,1
"G2900630","1980","A","2","4","Missouri","29",,"DeKalb","063",,,,,,,,,,,,,"02",,,,,,,,"DE KALB COUNTY","0","0","0","1","1","0","1","0","0","0","0","0","1","1","0","0","0","0","0","1","0",8186,0,13,0,0,0,0,4,0,3,0,0,1,1,14,46,37,0,0,9
"G2900650","1980","A","2","4","Missouri","29",,"Dent","065",,,,,,,,,,,,,"08",,,,,,,,"DENT COUNTY","0","0","0","0","1","0","1","0","0","0","0","0","0","1","1","0","0","0","0","1","0",14471,0,21,0,0,1,1,9,0,6,0,0,0,0,8,66,65,0,0,1
"G2900670","1980","A","2","4","Missouri","29",,"Douglas","067",,,,,,,,,,,,,"07",,,,,,,,"DOUGLAS COUNTY","0","0","1","0","1","0","0","0","0","0","0","1","0","1","1","0","0","0","0","1","0",11508,4,58,0,0,4,3,1,3,1,0,0,0,0,12,66,62,0,2,2
"G2900690","1980","A","2","4","Missouri","29",,"Dunklin","069",,,,,,,,,,,,,"09",,,,,,,,"DUNKLIN COUNTY","0","0","0","0","0","0","0","0","0","0","0","0","0","0","0","0","0","0","0","0","0",33920,2293,36,0,0,4,7,6,6,8,0,1,1,0,42,212,166,18,9,19
"G2900710","1980","A","2","4","Missouri","29","7040","Franklin","071",,,,,,,,,,,,,"06",,,,,,,,"FRANKLIN COUNTY","0","0","0","0","0","0","0","0","0","0","0","0","0","0","0","0","0","0","0","0","0",70200,696,119,2,1,7,3,33,43,22,9,1,1,0,96,400,338,0,7,55
"G2900730","1980","A","2","4","Missouri","29",,"Gasconade","073",,,,,,,,,,,,,"06",,,,,,,,"GASCONADE COUNTY","0","0","1","1","0","0","1","0","0","0","0","1","1","1","1","0","0","0","0","0","0",13124,6,9,0,0,5,4,0,0,13,0,2,0,0,18,47,45,0,0,2
"G2900750","1980","A","2","4","Missouri","29",,"Gentry","075",,,,,,,,,,,,,"02",,,,,,,,"GENTRY COUNTY","0","0","0","1","1","0","0","0","0","0","0","0","1","1","0","0","0","0","0","1","0",7866,0,8,0,1,2,3,0,0,2,0,3,0,0,2,37,31,0,4,2
"G2900770","1980","A","2","4","Missouri","29","7920","Greene","077",,,,,,,,,,,,,"C",,,,,,,,"GREENE COUNTY","0","0","0","0","0","0","0","0","0","0","0","0","0","0","0","0","0","0","0","0","0",180103,3004,924,4,4,91,110,96,147,77,260,16,5,9,452,1255,991,19,40,205
"G2900790","1980","A","2","4","Missouri","29",,"Grundy","079",,,,,,,,,,,,,"02",,,,,,,,"GRUNDY COUNTY","0","0","1","0","1","0","1","0","0","0","0","1","0","1","1","0","0","0","0","1","0",11899,10,21,0,0,3,0,3,3,4,1,0,0,0,15,72,59,0,0,13
"G2900810","1980","A","2","4","Missouri","29",,"Harrison","081",,,,,,,,,,,,,"02",,,,,,,,"HARRISON COUNTY","0","0","0","1","0","0","1","0","0","0","0","0","0","1","1","0","0","0","0","0","0",9852,0,16,0,0,2,0,8,4,3,2,0,0,0,3,45,41,0,4,0
"G2900830","1980","A","2","4","Missouri","29",,"Henry","083",,,,,,,,,,,,,"03",,,,,,,,"HENRY COUNTY","0","0","0","0","0","0","1","0","0","0","0","0","0","0","0","0","0","0","0","1","0",19348,227,57,0,0,2,3,3,1,7,0,0,0,0,24,93,81,0,0,12
"G2900850","1980","A","2","4","Missouri","29",,"Hickory","085",,,,,,,,,,,,,"05",,,,,,,,"HICKORY COUNTY","0","0","1","0","1","0","0","0","0","0","0","1","0","1","1","0","0","0","0","1","0",6334,1,20,0,0,2,0,0,3,1,0,0,0,0,6,31,29,0,1,1
"G2900870","1980","A","2","4","Missouri","29",,"Holt","087",,,,,,,,,,,,,"01",,,,,,,,"HOLT COUNTY","0","0","1","0","1","0","0","0","0","0","0","0","1","1","1","0","0","0","0","0","0",6824,5,26,2,0,3,0,6,0,1,1,0,0,0,14,21,18,0,1,2
"G2900890","1980","A","2","4","Missouri","29",,"Howard","089",,,,,,,,,,,,,"02",,,,,,,,"HOWARD COUNTY","0","0","0","1","0","0","1","0","0","0","0","0","1","0","1","0","0","0","0","0","0",9130,835,10,0,0,6,0,1,6,2,4,4,0,1,9,28,26,0,0,2
"G2900910","1980","A","2","4","Missouri","29",,"Howell","091",,,,,,,,,,,,,"07",,,,,,,,"HOWELL COUNTY","0","0","0","0","0","0","0","0","0","0","0","0","0","0","0","0","0","0","0","1","0",28525,46,179,0,0,8,2,8,4,4,2,3,0,0,26,115,101,0,4,10
"G2900930","1980","A","2","4","Missouri","29",,"Iron","093",,,,,,,,,,,,,"08",,,,,,,,"IRON COUNTY","0","0","0","0","0","0","0","0","0","0","0","0","0","1","1","0","0","0","0","1","0",10966,44,26,0,0,3,0,2,11,5,0,2,0,0,25,74,55,0,1,18
"G2900950","1980","A","2","4","Missouri","29","3760","Jackson","095",,,,,,,,,,,,,"A",,,,,,,,"JACKSON COUNTY","0","0","0","0","0","0","0","0","0","0","0","0","0","0","0","0","0","0","0","0","0",488451,125779,2245,23,5,459,415,848,467,492,1261,134,45,355,8287,16492,8788,702,377,6625
"G2900970","1980","A","2","4","Missouri","29","3710","Jasper","097",,,,,,,,,,,,,"04",,,,,,,,"JASPER COUNTY","0","0","0","0","0","0","0","1","0","0","0","0","0","0","0","0","0","0","0","0","0",84733,1009,672,14,1,43,22,36,27,44,154,12,1,1,189,625,481,1,37,106
"G2900990","1980","A","2","4","Missouri","29","7040","Jefferson","099",,,,,,,,,,,,,"B",,,,,,,,"JEFFERSON COUNTY","0","0","0","0","0","0","0","1","0","0","0","0","0","0","0","0","0","0","0","0","1",144441,954,277,3,4,23,17,72,66,32,28,12,0,0,254,931,789,2,19,121
"G2901010","1980","A","2","4","Missouri","29",,"Johnson","101",,,,,,,,,,,,,"03",,,,,,,,"JOHNSON COUNTY","0","0","0","0","0","0","0","0","0","0","0","0","0","0","0","0","0","0","0","0","0",36357,1973,73,2,0,48,114,98,55,26,19,16,18,4,256,554,345,21,41,147
"G2901030","1980","A","2","4","Missouri","29",,"Knox","103",,,,,,,,,,,,,"02",,,,,,,,"KNOX COUNTY","0","0","1","1","1","1","1","0","0","0","0","1","1","1","0","0","0","0","1","1","0",5482,6,5,0,0,0,0,0,0,8,0,0,0,0,7,8,6,0,0,2
"G2901050","1980","A","2","4","Missouri","29",,"Laclede","105",,,,,,,,,,,,,"05",,,,,,,,"LACLEDE COUNTY","0","0","0","0","0","0","0","0","0","0","0","0","0","0","0","0","0","0","0","0","0",24078,100,81,3,0,5,1,16,4,7,0,0,1,0,27,152,130,0,6,16
"G2901070","1980","A","2","4","Missouri","29",,"Lafayette","107",,,,,,,,,,,,,"01",,,,,,,,"LAFAYETTE COUNTY","0","0","0","0","0","0","0","1","0","0","0","0","0","0","0","0","0","0","0","0","1",28893,852,46,1,0,10,8,11,4,10,10,3,1,0,76,135,95,4,1,35
"G2901090","1980","A","2","4","Missouri","29",,"Lawrence","109",,,,,,,,,,,,,"04",,,,,,,,"LAWRENCE COUNTY","0","0","1","0","0","0","0","0","0","0","0","1","0","0","1","0","0","0","0","1","0",28762,9,103,0,0,1,2,9,2,29,13,2,0,0,41,164,145,0,8,11
"G2901110","1980","A","2","4","Missouri","29",,"Lewis","111",,,,,,,,,,,,,"02",,,,,,,,"LEWIS COUNTY","0","0","0","1","0","0","1","0","0","0","0","0","1","0","1","0","0","0","0","1","0",10515,356,4,0,0,3,0,0,2,3,10,2,0,0,6,36,35,0,0,1
"G2901130","1980","A","2","4","Missouri","29",,"Lincoln","113",,,,,,,,,,,,,"02",,,,,,,,"LINCOLN COUNTY","0","0","0","0","0","0","0","1","0","0","0","0","0","1","1","0","0","0","0","0","1",21549,548,35,0,0,2,0,0,5,0,4,0,6,0,44,136,117,4,3,12
"G2901150","1980","A","2","4","Missouri","29",,"Linn","115",,,,,,,,,,,,,"02",,,,,,,,"LINN COUNTY","0","0","0","0","0","0","0","1","0","0","0","0","0","1","1","0","0","0","0","0","1",15275,163,18,1,0,7,1,5,0,1,6,0,0,0,18,115,94,8,2,11
"G2901170","1980","A","2","4","Missouri","29",,"Livingston","117",,,,,,,,,,,,,"02",,,,,,,,"LIVINGSTON COUNTY","0","0","0","0","0","0","0","0","0","0","0","0","0","0","0","0","0","0","0","1","0",15440,190,18,1,0,5,13,10,12,7,15,1,0,0,27,71,61,0,2,8
"G2901190","1980","A","2","4","Missouri","29",,"McDonald","119",,,,,,,,,,,,,"04",,,,,,,,"MCDONALD COUNTY","0","0","1","0","0","0","0","0","0","0","0","0","0","1","1","0","0","0","0","0","0",14681,2,189,3,0,6,0,0,3,3,2,1,0,0,27,118,97,0,10,11
"G2901210","1980","A","2","4","Missouri","29",,"Macon","121",,,,,,,,,,,,,"02",,,,,,,,"MACON COUNTY","0","0","0","1","0","0","0","0","0","0","0","0","1","0","1","0","0","0","0","1","0",15958,305,11,0,0,1,1,2,10,3,8,0,1,0,13,85,79,0,2,4
"G2901230","1980","A","2","4","Missouri","29",,"Madison","123",,,,,,,,,,,,,"08",,,,,,,,"MADISON COUNTY","0","0","1","1","0","0","0","0","0","0","0","1","0","1","1","0","0","0","0","1","0",10664,5,14,0,0,3,0,15,3,5,0,0,0,0,16,47,45,0,1,1
"G2901250","1980","A","2","4","Missouri","29",,"Maries","125",,,,,,,,,,,,,"05",,,,,,,,"MARIES COUNTY","0","0","1","0","1","0","1","0","0","0","0","1","0","1","1","0","0","0","0","0","0",7505,3,17,0,0,1,0,0,3,0,0,0,7,0,15,35,27,0,0,8
"G2901270","1980","A","2","4","Missouri","29",,"Marion","127",,,,,,,,,,,,,"02",,,,,,,,"MARION COUNTY","0","0","0","0","0","0","0","0","0","0","0","0","0","0","0","0","0","0","0","0","1",27119,1351,40,0,0,4,4,22,15,19,3,1,1,4,55,186,151,17,2,16
"G2901290","1980","A","2","4","Missouri","29",,"Mercer","129",,,,,,,,,,,,,"02",,,,,,,,"MERCER COUNTY","0","0","1","1","0","1","1","0","0","0","1","0","1","0","0","0","0","0","1","1","0",4674,2,9,0,0,0,0,0,0,0,0,0,0,0,0,12,12,0,0,0
"G2901310","1980","A","2","4","Missouri","29",,"Miller","131",,,,,,,,,,,,,"05",,,,,,,,"MILLER COUNTY","0","0","1","0","0","0","0","0","0","0","0","1","0","1","0","0","0","0","0","1","0",18401,8,65,0,2,11,0,7,2,2,0,1,2,0,31,117,100,0,6,11
"G2901330","1980","A","2","4","Missouri","29",,"Mississippi","133",,,,,,,,,,,,,"09",,,,,,,,"MISSISSIPPI COUNTY","0","0","0","1","1","0","0","0","0","0","0","0","1","1","1","0","0","0","0","0","1",12770,2934,2,2,0,1,0,7,0,0,0,0,0,0,10,98,59,31,3,5
"G2901350","1980","A","2","4","Missouri","29",,"Moniteau","135",,,,,,,,,,,,,"06",,,,,,,,"MONITEAU COUNTY","0","0","0","1","1","0","0","1","0","0","0","0","1","1","1","0","0","0","0","0","0",11818,212,12,0,0,4,2,1,2,3,0,0,0,0,14,63,59,1,0,3
"G2901370","1980","A","2","4","Missouri","29",,"Monroe","137",,,,,,,,,,,,,"02",,,,,,,,"MONROE COUNTY","0","0","0","0","0","0","1","1","0","0","0","0","1","0","1","0","0","0","0","1","1",9338,310,17,0,0,2,1,1,1,5,20,1,0,0,20,67,56,11,0,0
"G2901390","1980","A","2","4","Missouri","29",,"Montgomery","139",,,,,,,,,,,,,"02",,,,,,,,"MONTGOMERY COUNTY","0","0","0","0","1","0","0","1","0","0","0","0","0","1","1","0","0","0","0","1","0",11144,365,16,0,0,1,0,1,1,5,0,0,0,0,4,49,46,1,1,1
"G2901410","1980","A","2","4","Missouri","29",,"Morgan","141",,,,,,,,,,,,,"05",,,,,,,,"MORGAN COUNTY","0","0","0","0","1","0","1","0","0","0","0","0","0","1","1","0","0","0","0","1","0",13634,94,55,0,0,0,2,2,0,2,0,0,1,0,17,71,64,0,0,7
"G2901430","1980","A","2","4","Missouri","29",,"New Madrid","143",,,,,,,,,,,,,"09",,,,,,,,"NEW MADRID COUNTY","0","0","0","0","0","0","0","0","0","0","0","0","0","0","0","0","0","0","0","0","1",19260,3612,19,0,0,5,3,1,7,9,0,7,0,0,22,150,77,63,1,9
"G2901450","1980","A","2","4","Missouri","29","3710","Newton","145",,,,,,,,,,,,,"04",,,,,,,,"NEWTON COUNTY","0","0","0","0","0","0","0","0","0","0","0","0","0","0","0","0","0","0","0","0","0",39803,132,450,2,0,19,6,10,9,7,28,4,3,1,81,222,178,0,2,42
"G2901470","1980","A","2","4","Missouri","29",,"Nodaway","147",,,,,,,,,,,,,"01",,,,,,,,"NODAWAY COUNTY","0","0","0","0","0","0","0","1","0","0","0","0","0","0","0","0","0","0","0","1","0",21719,89,32,0,0,14,17,12,5,20,15,3,0,4,66,112,82,1,2,27
"G2901490","1980","A","2","4","Missouri","29",,"Oregon","149",,,,,,,,,,,,,"08",,,,,,,,"OREGON COUNTY","0","0","1","0","1","0","0","0","0","0","0","0","0","1","1","0","0","0","0","0","0",10206,1,17,0,0,1,0,0,0,5,0,0,1,0,7,49,47,0,1,1
"G2901510","1980","A","2","4","Missouri","29",,"Osage","151",,,,,,,,,,,,,"06",,,,,,,,"OSAGE COUNTY","0","0","1","0","1","0","1","0","0","0","0","1","0","1","1","0","0","0","0","0","0",11987,2,15,0,0,0,0,0,1,2,1,0,0,1,5,70,67,0,0,3
"G2901530","1980","A","2","4","Missouri","29",,"Ozark","153",,,,,,,,,,,,,"07",,,,,,,,"OZARK COUNTY","0","0","1","0","1","0","1","0","0","0","0","0","1","0","1","0","0","0","0","1","0",7907,1,41,0,0,2,0,0,0,3,0,1,0,0,6,53,51,0,0,2
"G2901550","1980","A","2","4","Missouri","29",,"Pemiscot","155",,,,,,,,,,,,,"09",,,,,,,,"PEMISCOT COUNTY","0","0","0","0","0","0","0","1","0","0","0","0","0","0","0","0","0","0","0","0","0",18339,6567,25,0,0,2,0,0,7,6,0,1,0,0,40,183,99,75,0,9
"G2901570","1980","A","2","4","Missouri","29",,"Perry","157",,,,,,,,,,,,,"06",,,,,,,,"PERRY COUNTY","0","0","0","1","0","0","0","0","0","0","0","1","1","0","1","0","0","0","0","1","0",16695,21,5,0,0,0,1,23,1,4,6,5,1,6,16,55,47,0,5,3
"G2901590","1980","A","2","4","Missouri","29",,"Pettis","159",,,,,,,,,,,,,"03",,,,,,,,"PETTIS COUNTY","0","0","0","0","0","0","0","1","0","0","0","0","0","0","0","0","0","0","0","0","1",34754,1382,86,0,1,16,11,12,7,26,9,2,5,0,67,223,163,8,16,36
"G2901610","1980","A","2","4","Missouri","29",,"Phelps","161",,,,,,,,,,,,,"05",,,,,,,,"PHELPS COUNTY","0","0","0","0","0","0","0","1","0","0","0","0","0","0","0","0","0","0","0","0","1",32684,301,77,3,1,29,111,12,42,88,60,4,1,0,220,293,196,5,10,82
"G2901630","1980","A","2","4","Missouri","29",,"Pike","163",,,,,,,,,,,,,"02",,,,,,,,"PIKE COUNTY","0","0","0","0","0","0","0","1","0","0","0","0","0","1","1","0","0","0","0","0","1",16487,1024,16,0,0,7,2,3,2,10,1,0,0,0,16,69,59,4,4,2
"G2901650","1980","A","2","4","Missouri","29","3760","Platte","165",,,,,,,,,,,,,"01",,,,,,,,"PLATTE COUNTY","0","0","0","0","0","0","0","1","0","0","0","0","0","0","0","0","0","0","0","0","1",45007,569,135,2,0,53,50,55,87,45,19,19,0,1,299,540,399,1,22,118
"G2901670","1980","A","2","4","Missouri","29",,"Polk","167",,,,,,,,,,,,,"07",,,,,,,,"POLK COUNTY","0","0","0","0","0","0","0","0","0","0","0","1","0","0","1","0","0","0","0","0","0",18634,33,83,0,0,3,2,2,5,6,0,0,2,1,51,108,74,0,4,30
"G2901690","1980","A","2","4","Missouri","29",,"Pulaski","169",,,,,,,,,,,,,"05",,,,,,,,"PULASKI COUNTY","0","0","0","0","0","0","0","0","0","0","0","0","0","0","0","0","0","0","0","0","1",35094,4649,304,2,0,98,23,117,402,24,37,53,54,43,1111,1719,635,70,72,942
"G2901710","1980","A","2","4","Missouri","29",,"Putnam","171",,,,,,,,,,,,,"02",,,,,,,,"PUTNAM COUNTY","0","0","0","1","1","0","1","0","0","0","0","0","1","1","1","0","0","0","0","1","0",6073,0,12,0,0,0,0,0,0,3,0,0,0,0,4,38,35,0,0,3
"G2901730","1980","A","2","4","Missouri","29",,"Ralls","173",,,,,,,,,,,,,"02",,,,,,,,"RALLS COUNTY","0","0","0","1","1","0","0","0","0","0","0","0","1","1","1","0","0","0","0","1","0",8730,164,8,0,0,1,0,1,1,0,0,2,0,0,4,26,24,0,1,1
"G2901750","1980","A","2","4","Missouri","29",,"Randolph","175",,,,,,,,,,,,,"02",,,,,,,,"RANDOLPH COUNTY","0","0","0","0","0","0","0","0","0","0","0","0","0","0","0","0","0","0","0","0","1",23658,1618,41,1,0,12,14,12,3,8,0,1,1,1,90,188,135,23,9,21
"G2901770","1980","A","2","4","Missouri","29","3760","Ray","177",,,,,,,,,,,,,"01",,,,,,,,"RAY COUNTY","0","0","0","0","0","0","0","1","0","0","0","0","0","1","1","0","0","0","0","0","0",20937,316,60,0,0,4,1,14,6,10,4,2,0,2,22,94,73,3,10,8
"G2901790","1980","A","2","4","Missouri","29",,"Reynolds","179",,,,,,,,,,,,,"08",,,,,,,,"REYNOLDS COUNTY","0","0","1","1","1","0","0","0","0","0","0","0","1","1","0","0","0","0","0","0","0",7208,2,11,0,0,1,0,0,0,4,0,0,0,0,4,41,41,0,0,0
"G2901810","1980","A","2","4","Missouri","29",,"Ripley","181",,,,,,,,,,,,,"08",,,,,,,,"RIPLEY COUNTY","0","0","1","0","1","0","0","1","0","0","0","1","0","1","1","0","0","0","0","1","0",12389,10,38,0,0,0,0,4,0,6,1,0,0,0,10,84,63,1,14,6
"G2901830","1980","A","2","4","Missouri","29","7040","St Charles","183",,,,,,,,,,,,,"B",,,,,,,,"ST. CHARLES COUNTY","0","0","0","0","0","0","0","1","0","0","0","0","0","0","0","0","0","0","0","0","1",141014,1921,268,1,5,84,46,131,104,93,40,8,1,3,388,949,773,10,24,142
"G2901850","1980","A","2","4","Missouri","29",,"St Clair","185",,,,,,,,,,,,,"03",,,,,,,,"ST. CLAIR COUNTY","0","0","0","0","1","0","0","0","0","0","0","1","0","1","0","0","0","0","0","1","0",8531,17,53,0,5,3,0,1,0,3,0,0,0,0,9,32,21,0,7,4
"G2901860","1980","A","2","4","Missouri","29",,"Ste Genevieve","186",,,,,,,,,,,,,"06",,,,,,,,"STE. GENEVIEVE COUNTY","0","0","0","0","1","0","0","0","0","0","0","0","1","1","0","0","0","0","0","0","0",15091,47,20,0,0,0,4,2,5,6,0,0,0,0,5,70,68,0,1,1
"G2901870","1980","A","2","4","Missouri","29",,"St Francois","187",,,,,,,,,,,,,"08",,,,,,,,"ST. FRANCOIS COUNTY","0","0","0","0","0","0","0","0","0","0","0","0","0","0","0","0","0","0","0","0","0",42322,107,32,0,1,4,12,17,24,22,0,11,0,1,47,219,195,0,8,16
"G2901890","1980","A","2","4","Missouri","29","7040","St Louis","189",,,,,,,,,,,,,"B",,,,,,,,"ST. LOUIS COUNTY","0","0","0","0","0","0","0","0","0","0","0","0","0","0","0","0","0","0","0","0","0",852104,109684,1080,14,10,830,1894,1486,1146,1869,577,90,20,4,3088,8277,6104,700,358,1115
"G2901950","1980","A","2","4","Missouri","29",,"Saline","195",,,,,,,,,,,,,"01",,,,,,,,"SALINE COUNTY","0","0","0","0","0","0","0","1","0","0","0","0","0","0","0","0","0","0","0","0","0",23557,1236,28,2,1,7,2,5,12,13,2,0,3,4,47,137,102,1,3,31
"G2901970","1980","A","2","4","Missouri","29",,"Schuyler","197",,,,,,,,,,,,,"02",,,,,,,,"SCHUYLER COUNTY","0","0","1","1","1","0","1","0","0","0","0","0","0","1","1","0","0","0","0","1","0",4964,3,3,0,0,0,0,0,0,2,0,0,1,0,6,36,31,0,0,5
"G2901990","1980","A","2","4","Missouri","29",,"Scotland","199",,,,,,,,,,,,,"02",,,,,,,,"SCOTLAND COUNTY","0","0","1","1","1","0","1","0","0","0","0","1","0","1","1","0","0","0","0","1","0",5400,2,1,0,0,0,0,1,0,5,1,0,0,0,5,24,23,0,0,1
"G2902010","1980","A","2","4","Missouri","29",,"Scott","201",,,,,,,,,,,,,"09",,,,,,,,"SCOTT COUNTY","0","0","0","0","0","0","0","0","0","0","0","0","0","0","0","0","0","0","0","0","1",36306,3176,46,1,0,7,15,0,9,12,8,0,0,0,67,213,152,17,3,41
"G2902030","1980","A","2","4","Missouri","29",,"Shannon","203",,,,,,,,,,,,,"08",,,,,,,,"SHANNON COUNTY","0","0","1","1","1","0","1","0","0","0","0","1","1","0","1","0","0","0","0","0","0",7859,1,7,0,0,0,0,4,3,3,0,1,2,0,5,33,30,0,0,3
"G2902050","1980","A","2","4","Missouri","29",,"Shelby","205",,,,,,,,,,,,,"02",,,,,,,,"SHELBY COUNTY","0","0","0","1","1","0","0","0","0","0","0","0","1","0","1","0","0","0","0","1","0",7737,72,6,0,0,2,0,1,1,1,0,0,0,0,6,23,16,0,2,5
"G2902070","1980","A","2","4","Missouri","29",,"Stoddard","207",,,,,,,,,,,,,"09",,,,,,,,"STODDARD COUNTY","0","0","0","0","0","0","0","1","0","0","0","0","0","1","1","0","0","0","0","0","1",28258,646,50,1,0,6,0,2,6,6,0,3,0,0,31,133,100,8,0,25
"G2902090","1980","A","2","4","Missouri","29",,"Stone","209",,,,,,,,,,,,,"07",,,,,,,,"STONE COUNTY","0","0","0","0","0","0","1","0","0","0","0","0","0","1","1","0","0","0","0","0","0",15444,0,108,0,0,11,4,0,1,1,0,3,0,0,15,49,42,0,0,7
"G2902110","1980","A","2","4","Missouri","29",,"Sullivan","211",,,,,,,,,,,,,"02",,,,,,,,"SULLIVAN COUNTY","0","0","1","0","1","0","0","0","0","0","0","0","0","1","1","0","0","0","0","1","0",7398,5,20,0,0,1,0,0,0,3,0,1,0,0,6,41,38,0,2,1
"G2902130","1980","A","2","4","Missouri","29",,"Taney","213",,,,,,,,,,,,,"07",,,,,,,,"TANEY COUNTY","0","0","0","0","0","0","0","1","0","0","0","0","0","0","0","0","0","0","0","0","0",20270,29,99,0,0,9,1,1,5,9,6,1,0,0,37,97,75,1,3,18
"G2902150","1980","A","2","4","Missouri","29",,"Texas","215",,,,,,,,,,,,,"07",,,,,,,,"TEXAS COUNTY","0","0","1","0","0","0","1","0","0","0","0","1","0","0","1","0","0","0","0","1","0",20970,7,45,0,0,1,1,10,11,4,4,0,0,0,17,98,90,0,0,8
"G2902170","1980","A","2","4","Missouri","29",,"Vernon","217",,,,,,,,,,,,,"03",,,,,,,,"VERNON COUNTY","0","0","0","0","0","0","0","0","0","0","0","1","0","0","1","0","0","0","0","0","0",19550,37,103,0,0,7,11,23,10,22,10,3,0,0,30,106,85,0,3,18
"G2902190","1980","A","2","4","Missouri","29",,"Warren","219",,,,,,,,,,,,,"06",,,,,,,,"WARREN COUNTY","0","0","0","1","0","0","0","1","0","0","0","0","1","1","1","0","0","0","0","0","1",14360,494,8,0,0,1,3,0,3,8,2,0,0,0,21,72,57,6,0,9
"G2902210","1980","A","2","4","Missouri","29",,"Washington","221",,,,,,,,,,,,,"05",,,,,,,,"WASHINGTON COUNTY","0","0","0","0","1","0","1","0","0","0","0","0","0","1","1","0","0","0","0","0","0",17807,107,33,0,0,1,8,2,1,3,6,1,0,0,14,75,74,0,0,1
"G2902230","1980","A","2","4","Missouri","29",,"Wayne","223",,,,,,,,,,,,,"08",,,,,,,,"WAYNE COUNTY","0","0","1","0","1","0","1","0","0","0","0","1","0","1","0","0","0","0","0","0","0",11217,5,42,0,0,3,0,0,1,2,0,0,0,0,7,56,51,0,0,5
"G2902250","1980","A","2","4","Missouri","29",,"Webster","225",,,,,,,,,,,,,"07",,,,,,,,"WEBSTER COUNTY","0","0","0","0","0","0","1","0","0","0","0","1","0","1","1","0","0","0","0","1","0",20246,62,72,0,0,1,0,0,2,3,5,2,1,1,19,102,90,0,0,12
"G2902270","1980","A","2","4","Missouri","29",,"Worth","227",,,,,,,,,,,,,"02",,,,,,,,"WORTH COUNTY","0","0","1","0","1","1","1","0","0","0","0","1","0","0","1","0","0","0","1","1","0",3004,1,0,0,0,1,0,1,0,0,0,0,0,0,1,5,5,0,0,0
"G2902290","1980","A","2","4","Missouri","29",,"Wright","229",,,,,,,,,,,,,"07",,,,,,,,"WRIGHT COUNTY","0","0","0","0","0","0","0","0","0","0","0","0","0","0","0","0","0","0","0","0","0",16043,36,64,2,0,3,1,3,1,7,2,8,0,0,18,118,108,0,1,9
"G2905100","1980","F","2","4","Missouri","29","7040","St Louis City","510",,,,,,,,,,,,,"B",,,,,,,,"ST. LOUIS CITY","0","0","0","0","0","0","0","0","0","0","0","0","0","0","0","0","0","0","0","0","0",242576,206386,633,4,5,167,524,287,154,257,183,96,19,9,1785,5531,3156,1416,154,805
"G3000010","1980","A","4","8","Montana","30",,"Beaverhead","001",,,,,,,,,,,,,"01",,,,,,,,"BEAVERHEAD COUNTY","0","0","1","0","0","0","0","0","0","0","0","1","0","0","1","0","0","0","0","1","0",8050,4,97,0,3,4,2,4,2,1,2,0,0,1,16,54,40,0,5,9
"G3000030","1980","A","4","8","Montana","30",,"Big Horn","003",,,,,,,,,,,,,"03",,,,,,,,"BIG HORN COUNTY","0","0","1","0","0","0","0","0","0","0","0","1","0","0","1","0","0","0","0","0","0",5781,5,5125,1,0,32,2,1,3,6,2,2,0,1,135,298,73,0,99,126
"G3000050","1980","A","4","8","Montana","30",,"Blaine","005",,,,,,,,,,,,,"02",,,,,,,,"BLAINE COUNTY","0","0","1","0","1","0","1","0","0","0","0","1","0","1","1","0","0","0","0","1","0",4764,2,2214,0,6,4,0,0,0,0,1,0,0,0,8,50,15,0,31,4
"G3000070","1980","A","4","8","Montana","30",,"Broadwater","007",,,,,,,,,,,,,"01",,,,,,,,"BROADWATER COUNTY","0","0","1","0","1","0","0","0","0","0","0","1","0","0","1","0","0","0","0","1","0",3224,2,27,0,0,3,0,3,0,0,0,0,0,0,8,28,24,0,2,2
"G3000090","1980","A","4","8","Montana","30",,"Carbon","009",,,,,,,,,,,,,"03",,,,,,,,"CARBON COUNTY","0","0","1","0","0","0","0","0","0","0","0","1","0","1","0","0","0","0","0","0","0",8019,3,32,0,0,20,0,0,0,0,0,0,0,0,25,46,26,0,1,19
"G3000110","1980","A","4","8","Montana","30",,"Carter","011",,,,,,,,,,,,,"04",,,,,,,,"CARTER COUNTY","0","0","0","1","0","0","1","0","0","0","0","0","1","0","1","0","0","0","1","1","0",1792,0,6,0,0,0,0,0,0,0,0,0,0,0,1,20,19,0,0,1
"G3000130","1980","A","4","8","Montana","30","3040","Cascade","013",,,,,,,,,,,,,"02",,,,,,,,"CASCADE COUNTY","0","0","0","0","0","0","0","0","0","0","0","0","0","0","0","0","0","0","0","0","0",76013,981,2656,11,3,119,35,159,53,20,32,31,32,0,551,1336,772,40,169,355
"G3000150","1980","A","4","8","Montana","30",,"Chouteau","015",,,,,,,,,,,,,"02",,,,,,,,"CHOUTEAU COUNTY","0","0","1","0","1","1","1","0","0","0","0","0","0","1","1","0","0","0","1","1","0",5883,1,203,0,0,1,0,0,0,0,0,0,1,0,3,14,12,0,1,1
"G3000170","1980","A","4","8","Montana","30",,"Custer","017",,,,,,,,,,,,,"04",,,,,,,,"CUSTER COUNTY","0","0","1","0","0","0","0","0","0","0","0","0","0","0","0","0","0","0","0","0","0",12818,4,180,1,4,7,2,8,7,3,2,2,0,0,71,204,131,0,10,63
"G3000190","1980","A","4","8","Montana","30",,"Daniels","019",,,,,,,,,,,,,"02",,,,,,,,"DANIELS COUNTY","0","0","0","0","1","1","1","0","0","0","0","0","1","1","0","0","0","0","0","0","0",2806,0,16,0,0,1,0,0,0,0,0,8,0,0,4,8,7,0,0,1
"G3000210","1980","A","4","8","Montana","30",,"Dawson","021",,,,,,,,,,,,,"02",,,,,,,,"DAWSON COUNTY","0","0","1","0","0","0","0","0","0","0","0","1","0","0","1","0","0","0","0","0","0",11662,5,77,1,0,3,2,8,2,8,0,0,0,0,37,72,39,0,3,30
"G3000230","1980","N","4","8","Montana","30",,"Deer Lodge","023",,,,,,,,,,,,,"01",,,,,,,,"DEER LODGE COUNTY","0","0","0","0","0","0","0","1","0","0","0","0","0","1","1","0","0","0","0","0","1",12170,40,245,0,2,2,4,10,2,1,1,1,1,2,37,136,92,4,15,25
"G3000250","1980","A","4","8","Montana","30",,"Fallon","025",,,,,,,,,,,,,"02",,,,,,,,"FALLON COUNTY","0","0","0","1","1","0","1","0","0","0","0","0","1","1","1","0","0","0","1","1","0",3739,0,10,0,0,3,0,0,2,0,0,1,0,0,8,17,13,0,0,4
"G3000270","1980","A","4","8","Montana","30",,"Fergus","027",,,,,,,,,,,,,"02",,,,,,,,"FERGUS COUNTY","0","0","1","0","0","0","0","0","0","0","0","1","0","1","1","0","0","0","0","0","0",12905,8,124,1,0,7,1,1,6,2,0,0,0,0,21,62,46,0,4,12
"G3000290","1980","A","4","8","Montana","30",,"Flathead","029",,,,,,,,,,,,,"01",,,,,,,,"FLATHEAD COUNTY","0","0","0","0","0","0","0","1","0","0","0","0","0","0","0","0","0","0","0","0","1",51086,37,543,9,0,52,9,16,21,7,24,10,0,0,152,367,274,2,14,77
"G3000310","1980","A","4","8","Montana","30",,"Gallatin","031",,,,,,,,,,,,,"01",,,,,,,,"GALLATIN COUNTY","0","0","0","0","0","0","0","0","0","0","0","0","0","0","0","0","0","0","0","0","0",42023,36,451,5,2,44,45,26,32,27,16,1,0,1,156,328,219,0,35,74
"G3000330","1980","A","4","8","Montana","30",,"Garfield","033",,,,,,,,,,,,,"04",,,,,,,,"GARFIELD COUNTY","0","1","0","1","0","0","0","0","0","0","1","0","1","0","0","0","0","0","0","0","0",1650,0,6,0,0,0,0,0,0,0,0,0,0,0,0,0,0,0,0,0
"G3000350","1980","A","4","8","Montana","30",,"Glacier","035",,,,,,,,,,,,,"02",,,,,,,,"GLACIER COUNTY","0","0","1","0","1","0","1","0","0","0","0","1","0","1","0","0","0","0","0","1","0",5703,3,4880,0,2,2,1,2,0,1,0,0,0,0,34,58,16,0,37,5
"G3000370","1980","A","4","8","Montana","30",,"Golden Valley","037",,,,,,,,,,,,,"04",,,,,,,,"GOLDEN VALLEY COUNTY","0","0","1","1","1","1","0","0","0","0","1","0","1","0","0","0","0","0","0","0","0",1010,5,3,0,0,0,1,0,0,0,0,0,0,0,7,7,0,0,0,7
"G3000390","1980","A","4","8","Montana","30",,"Granite","039",,,,,,,,,,,,,"01",,,,,,,,"GRANITE COUNTY","0","0","0","0","1","1","1","0","0","0","0","0","0","1","1","0","0","0","1","1","0",2660,0,27,0,0,1,0,0,0,1,0,0,0,0,11,14,8,0,2,4
"G3000410","1980","A","4","8","Montana","30",,"Hill","041",,,,,,,,,,,,,"02",,,,,,,,"HILL COUNTY","0","0","1","0","0","0","0","0","0","0","0","0","0","0","0","0","0","0","0","0","0",15539,9,2283,8,2,48,4,8,1,1,12,0,3,0,67,138,69,0,49,20
"G3000430","1980","A","4","8","Montana","30",,"Jefferson","043",,,,,,,,,,,,,"01",,,,,,,,"JEFFERSON COUNTY","0","0","1","0","0","0","0","0","0","0","0","0","0","0","0","0","0","0","0","0","0",6869,2,114,0,1,2,2,11,7,0,1,0,0,0,20,69,51,0,6,12
"G3000450","1980","A","4","8","Montana","30",,"Judith Basin","045",,,,,,,,,,,,,"02",,,,,,,,"JUDITH BASIN COUNTY","0","0","0","1","0","0","1","0","0","0","0","0","1","0","1","0","0","0","1","1","0",2629,0,10,0,0,0,0,0,0,0,0,0,0,0,7,16,9,0,0,7
"G3000470","1980","A","4","8","Montana","30",,"Lake","047",,,,,,,,,,,,,"01",,,,,,,,"LAKE COUNTY","0","0","0","0","0","0","0","0","0","0","0","1","0","1","0","0","0","0","0","0","0",15803,20,3157,3,2,3,3,2,8,1,0,2,1,0,51,206,83,0,88,35
"G3000490","1980","A","4","8","Montana","30",,"Lewis And Clark","049",,,,,,,,,,,,,"01",,,,,,,,"LEWIS AND CLARK COUNTY","0","0","0","0","0","0","0","0","0","0","0","0","0","0","0","0","0","0","0","0","0",41839,57,767,4,0,35,49,23,21,10,6,3,0,8,217,366,237,0,23,106
"G3000510","1980","A","4","8","Montana","30",,"Liberty","051",,,,,,,,,,,,,"02",,,,,,,,"LIBERTY COUNTY","0","0","0","1","1","1","1","0","0","0","0","0","1","1","0","0","0","0","1","1","0",2309,0,13,0,0,0,0,2,0,0,0,2,0,0,3,6,6,0,0,0
"G3000530","1980","A","4","8","Montana","30",,"Lincoln","053",,,,,,,,,,,,,"01",,,,,,,,"LINCOLN COUNTY","0","0","1","0","0","0","0","0","0","0","0","0","0","0","0","0","0","0","0","0","0",17374,7,228,4,0,9,6,8,8,1,4,7,4,1,91,176,106,0,5,65
"G3000550","1980","A","4","8","Montana","30",,"McCone","055",,,,,,,,,,,,,"02",,,,,,,,"MCCONE COUNTY","0","0","0","1","1","1","1","0","0","0","0","0","0","0","0","0","0","0","0","0","0",2690,0,8,0,0,0,0,1,1,0,0,0,0,0,2,1,1,0,0,0
"G3000570","1980","A","4","8","Montana","30",,"Madison","057",,,,,,,,,,,,,"01",,,,,,,,"MADISON COUNTY","0","0","0","0","1","0","1","0","0","0","0","0","0","1","1","0","0","0","0","1","0",5394,0,30,0,0,3,2,2,0,0,0,0,0,0,17,44,38,0,0,6
"G3000590","1980","A","4","8","Montana","30",,"Meagher","059",,,,,,,,,,,,,"01",,,,,,,,"MEAGHER COUNTY","0","0","0","1","1","1","1","0","0","0","0","0","1","0","1","0","0","0","1","0","0",2140,0,10,0,0,0,0,1,0,0,0,0,0,0,3,7,4,0,0,3
"G3000610","1980","A","4","8","Montana","30",,"Mineral","061",,,,,,,,,,,,,"01",,,,,,,,"MINERAL COUNTY","0","0","0","0","0","0","0","0","0","0","0","0","0","1","1","0","0","0","0","0","0",3599,0,44,1,0,7,1,6,0,0,0,0,1,0,16,36,20,0,3,13
"G3000630","1980","A","4","8","Montana","30",,"Missoula","063",,,,,,,,,,,,,"01",,,,,,,,"MISSOULA COUNTY","0","0","0","0","0","0","0","1","0","0","0","0","0","0","0","0","0","0","0","0","0",73532,139,1349,7,2,71,60,38,29,20,59,20,1,4,685,644,481,1,48,114
"G3000650","1980","A","4","8","Montana","30",,"Musselshell","065",,,,,,,,,,,,,"04",,,,,,,,"MUSSELSHELL COUNTY","0","0","1","1","1","0","1","0","0","0","0","1","1","0","0","0","0","0","1","1","0",4399,2,13,0,0,1,0,0,0,0,2,0,0,0,11,23,12,0,1,10
"G3000670","1980","A","4","8","Montana","30",,"Park","067",,,,,,,,,,,,,"01",,,,,,,,"PARK COUNTY","0","0","1","0","0","0","0","0","0","0","0","1","0","1","0","0","0","0","0","1","0",12561,2,62,0,0,6,2,1,4,0,4,0,1,0,17,71,57,0,2,12
"G3000690","1980","A","4","8","Montana","30",,"Petroleum","069",,,,,,,,,,,,,"04",,,,,,,,"PETROLEUM COUNTY","0","0","1","1","1","0","0","0","0","0","1","0","1","0","0","0","0","0","0","0","0",645,1,5,0,0,0,0,0,0,0,0,4,0,0,0,0,0,0,0,0
"G3000710","1980","A","4","8","Montana","30",,"Phillips","071",,,,,,,,,,,,,"02",,,,,,,,"PHILLIPS COUNTY","0","0","0","0","1","0","1","0","0","0","0","0","0","1","1","0","0","0","0","0","0",4971,0,362,0,0,2,5,0,1,5,0,0,0,0,21,28,12,0,3,13
"G3000730","1980","A","4","8","Montana","30",,"Pondera","073",,,,,,,,,,,,,"02",,,,,,,,"PONDERA COUNTY","0","0","1","0","1","0","0","0","0","0","0","0","0","1","1","0","0","0","0","1","0",6050,1,655,0,0,1,0,4,2,0,0,0,0,0,18,63,38,0,10,15
"G3000750","1980","A","4","8","Montana","30",,"Powder River","075",,,,,,,,,,,,,"04",,,,,,,,"POWDER RIVER COUNTY","0","0","0","0","1","0","1","0","0","0","0","0","0","1","1","0","0","0","1","0","0",2475,0,33,0,0,0,0,0,0,2,3,1,0,0,6,15,10,0,0,5
"G3000770","1980","A","4","8","Montana","30",,"Powell","077",,,,,,,,,,,,,"01",,,,,,,,"POWELL COUNTY","0","0","1","0","0","0","0","0","0","0","0","0","0","0","0","0","0","0","0","1","0",6735,12,169,0,0,7,0,5,1,1,0,1,0,0,27,58,41,0,5,12
"G3000790","1980","A","4","8","Montana","30",,"Prairie","079",,,,,,,,,,,,,"02",,,,,,,,"PRAIRIE COUNTY","0","0","0","0","1","0","1","0","0","0","0","0","1","0","1","0","0","0","0","1","0",1799,0,24,0,0,6,0,0,0,0,0,0,0,0,7,29,22,0,0,7
"G3000810","1980","A","4","8","Montana","30",,"Ravalli","081",,,,,,,,,,,,,"01",,,,,,,,"RAVALLI COUNTY","0","0","0","0","0","0","0","1","0","0","0","0","0","0","0","0","0","0","0","0","0",21996,37,155,5,0,12,7,4,3,3,25,2,1,0,243,305,219,2,4,80
"G3000830","1980","A","4","8","Montana","30",,"Richland","083",,,,,,,,,,,,,"02",,,,,,,,"RICHLAND COUNTY","0","0","1","0","0","0","0","0","0","0","0","1","0","1","0","0","0","0","0","0","0",11949,5,114,0,0,8,0,3,0,4,1,0,0,0,159,266,120,0,8,138
"G3000850","1980","A","4","8","Montana","30",,"Roosevelt","085",,,,,,,,,,,,,"02",,,,,,,,"ROOSEVELT COUNTY","0","0","0","0","0","0","0","0","0","0","0","0","0","0","0","0","0","0","0","0","0",6527,0,3865,0,0,27,1,1,2,2,2,0,0,1,39,67,22,0,20,25
"G3000870","1980","A","4","8","Montana","30",,"Rosebud","087",,,,,,,,,,,,,"04",,,,,,,,"ROSEBUD COUNTY","0","0","1","0","0","0","0","1","0","0","0","1","0","0","1","0","0","0","0","0","1",7377,8,2433,0,0,4,13,5,4,4,1,1,0,3,46,157,99,1,24,33
"G3000890","1980","A","4","8","Montana","30",,"Sanders","089",,,,,,,,,,,,,"01",,,,,,,,"SANDERS COUNTY","0","0","1","0","0","0","0","0","0","0","0","0","0","1","1","0","0","0","0","0","0",8241,6,392,1,0,10,1,5,1,1,2,1,0,0,14,81,54,0,16,11
"G3000910","1980","A","4","8","Montana","30",,"Sheridan","091",,,,,,,,,,,,,"02",,,,,,,,"SHERIDAN COUNTY","0","0","1","0","0","0","1","0","0","0","0","1","0","1","0","0","0","0","0","0","0",5346,5,38,0,0,1,1,0,1,0,15,0,1,0,6,30,24,0,0,6
"G3000930","1980","N","4","8","Montana","30",,"Silver Bow","093",,,,,,,,,,,,,"01",,,,,,,,"SILVER BOW COUNTY","0","0","0","0","0","0","0","1","0","0","0","0","0","0","0","0","0","0","0","0","1",37106,42,538,0,1,24,30,33,19,6,8,15,0,0,270,827,537,2,61,227
"G3000950","1980","A","4","8","Montana","30",,"Stillwater","095",,,,,,,,,,,,,"03",,,,,,,,"STILLWATER COUNTY","0","0","0","1","0","0","1","0","0","0","0","0","1","0","1","0","0","0","1","1","0",5558,0,31,0,0,0,0,0,0,0,0,0,0,0,9,17,9,0,0,8
"G3000970","1980","A","4","8","Montana","30",,"Sweet Grass","097",,,,,,,,,,,,,"04",,,,,,,,"SWEET GRASS COUNTY","0","0","0","1","1","1","1","0","0","0","0","0","1","1","1","0","0","0","1","1","0",3195,0,14,0,0,3,0,1,0,0,2,0,0,0,1,5,4,0,1,0
"G3000990","1980","A","4","8","Montana","30",,"Teton","099",,,,,,,,,,,,,"02",,,,,,,,"TETON COUNTY","0","0","0","0","1","0","0","0","0","0","0","0","1","0","1","0","0","0","1","1","0",6398,0,81,0,0,0,0,1,2,0,0,1,0,0,8,26,21,0,1,4
"G3001010","1980","A","4","8","Montana","30",,"Toole","101",,,,,,,,,,,,,"02",,,,,,,,"TOOLE COUNTY","0","0","1","0","1","0","0","0","0","0","0","1","0","1","0","0","0","0","1","1","0",5468,1,83,0,0,1,0,1,1,0,0,0,0,0,4,33,29,0,1,3
"G3001030","1980","A","4","8","Montana","30",,"Treasure","103",,,,,,,,,,,,,"04",,,,,,,,"TREASURE COUNTY","0","0","0","1","1","0","0","0","0","0","0","0","0","0","0","0","0","0","0","0","0",958,0,4,0,0,1,0,0,0,0,0,0,0,0,18,34,16,0,0,18
"G3001050","1980","A","4","8","Montana","30",,"Valley","105",,,,,,,,,,,,,"02",,,,,,,,"VALLEY COUNTY","0","0","1","0","0","0","0","1","0","0","0","1","0","0","1","0","0","0","0","0","0",9292,5,889,1,0,9,1,6,10,2,8,0,0,0,27,98,72,1,7,18
"G3001070","1980","A","4","8","Montana","30",,"Wheatland","107",,,,,,,,,,,,,"04",,,,,,,,"WHEATLAND COUNTY","0","0","0","1","1","1","1","0","0","0","0","0","1","1","0","0","0","0","1","1","0",2345,0,8,0,0,2,0,0,0,1,0,0,0,0,3,14,14,0,0,0
"G3001090","1980","A","4","8","Montana","30",,"Wibaux","109",,,,,,,,,,,,,"02",,,,,,,,"WIBAUX COUNTY","0","0","0","1","0","1","1","0","0","0","0","0","1","0","1","0","0","0","0","0","0",1466,0,5,0,0,0,0,0,0,0,0,0,0,0,5,7,6,0,0,1
"G3001110","1980","A","4","8","Montana","30","0880","Yellowstone","111",,,,,,,,,,,,,"03",,,,,,,,"YELLOWSTONE COUNTY","0","0","0","0","0","0","0","0","0","0","0","0","0","0","0","0","0","0","0","0","0",103546,289,2244,16,8,146,54,48,45,21,37,18,1,2,1560,2891,1368,20,126,1377
"G3001130","1980","N","4","8","Montana","30",,"Yellowstone National Park","113",,,,,,,,,,,,,"01",,,,,,,,"YELLOWSTONE NATIONAL PARK","0","0","0","1","1","1","1","0","0","0","0","0","1","1","0","0","0","0","1","1","0",270,0,1,0,0,0,0,0,0,0,3,1,0,0,0,1,1,0,0,0
"G3100010","1980","A","2","4","Nebraska","31",,"Adams","001",,,,,,,,,,,,,"05",,,,,,,,"ADAMS COUNTY","0","0","0","0","0","0","0","1","0","0","0","0","0","0","0","0","0","0","0","0","0",30228,125,65,1,0,19,20,2,6,14,25,3,0,0,148,264,151,2,5,106
"G3100030","1980","A","2","4","Nebraska","31",,"Antelope","003",,,,,,,,,,,,,"03",,,,,,,,"ANTELOPE COUNTY","0","0","1","0","1","0","1","0","0","0","0","1","1","1","1","0","0","0","0","1","0",8647,3,15,0,0,4,0,0,1,1,0,0,0,0,4,15,13,0,0,2
"G3100050","1980","A","2","4","Nebraska","31",,"Arthur","005",,,,,,,,,,,,,"01",,,,,,,,"ARTHUR COUNTY","0","0","0","0","0","0","0","0","0","0","0","0","0","0","0","0","0","0","0","0","0",513,0,0,0,0,0,0,0,0,0,0,0,0,0,0,0,0,0,0,0
"G3100070","1980","A","2","4","Nebraska","31",,"Banner","007",,,,,,,,,,,,,"02",,,,,,,,"BANNER COUNTY","0","0","0","1","0","1","1","0","0","0","0","0","1","0","1","0","0","0","1","0","0",909,0,4,0,0,0,0,0,0,0,0,0,0,0,5,11,6,0,0,5
"G3100090","1980","A","2","4","Nebraska","31",,"Blaine","009",,,,,,,,,,,,,"01",,,,,,,,"BLAINE COUNTY","0","0","0","1","0","1","1","0","0","0","0","0","1","0","1","0","0","0","1","0","0",862,0,4,0,0,0,0,0,0,0,0,0,0,0,1,2,1,0,0,1
"G3100110","1980","A","2","4","Nebraska","31",,"Boone","011",,,,,,,,,,,,,"03",,,,,,,,"BOONE COUNTY","0","0","0","1","1","0","1","0","0","0","0","0","1","1","1","0","0","0","1","1","0",7377,0,4,0,0,1,0,0,3,0,0,0,0,0,6,15,13,0,0,2
"G3100130","1980","A","2","4","Nebraska","31",,"Box Butte","013",,,,,,,,,,,,,"02",,,,,,,,"BOX BUTTE COUNTY","0","0","0","0","0","0","0","0","0","0","0","0","0","0","0","0","0","0","0","0","0",13058,47,227,0,0,37,0,2,4,0,0,3,0,0,318,514,185,0,29,300
"G3100150","1980","A","2","4","Nebraska","31",,"Boyd","015",,,,,,,,,,,,,"03",,,,,,,,"BOYD COUNTY","0","0","0","1","1","1","1","0","0","0","0","0","1","1","0","0","0","0","1","1","0",3319,0,7,0,0,0,0,1,4,0,0,0,0,0,0,9,9,0,0,0
"G3100170","1980","A","2","4","Nebraska","31",,"Brown","017",,,,,,,,,,,,,"01",,,,,,,,"BROWN COUNTY","0","0","0","1","1","1","1","0","0","0","0","0","1","1","0","0","0","0","1","1","0",4357,0,7,0,0,5,0,0,4,1,0,0,0,0,3,14,14,0,0,0
"G3100190","1980","A","2","4","Nebraska","31",,"Buffalo","019",,,,,,,,,,,,,"03",,,,,,,,"BUFFALO COUNTY","0","0","0","0","0","0","0","0","0","0","0","0","0","0","0","0","0","0","0","0","0",34159,51,70,0,0,9,13,6,19,18,37,2,0,0,413,790,414,0,24,352
"G3100210","1980","A","2","4","Nebraska","31",,"Burt","021",,,,,,,,,,,,,"06",,,,,,,,"BURT COUNTY","0","0","1","0","0","0","0","0","0","0","0","1","0","1","0","0","0","0","0","1","0",8718,1,58,0,0,0,0,1,14,4,1,0,0,0,16,30,20,0,1,9
"G3100230","1980","A","2","4","Nebraska","31",,"Butler","023",,,,,,,,,,,,,"05",,,,,,,,"BUTLER COUNTY","0","0","1","1","1","1","1","0","0","0","0","1","1","1","1","0","0","0","1","1","0",9306,1,11,0,0,1,0,0,2,4,1,0,0,0,4,12,12,0,0,0
"G3100250","1980","A","2","4","Nebraska","31",,"Cass","025",,,,,,,,,,,,,"07",,,,,,,,"CASS COUNTY","0","0","0","0","0","0","0","0","0","0","0","0","0","1","1","0","0","0","0","0","0",20124,38,41,0,0,9,9,12,8,1,2,1,0,0,52,128,91,0,6,31
"G3100270","1980","A","2","4","Nebraska","31",,"Cedar","027",,,,,,,,,,,,,"06",,,,,,,,"CEDAR COUNTY","0","0","1","1","1","0","0","0","0","0","0","0","1","1","0","0","0","0","0","1","0",11342,1,12,0,1,0,0,0,4,0,7,0,0,0,8,38,31,0,1,6
"G3100290","1980","A","2","4","Nebraska","31",,"Chase","029",,,,,,,,,,,,,"02",,,,,,,,"CHASE COUNTY","0","0","1","0","1","0","1","0","0","0","0","1","1","1","0","0","0","0","0","1","0",4701,1,17,0,0,0,0,2,0,0,4,0,0,0,33,47,13,0,1,33
"G3100310","1980","A","2","4","Nebraska","31",,"Cherry","031",,,,,,,,,,,,,"01",,,,,,,,"CHERRY COUNTY","0","0","1","0","1","0","0","0","0","0","0","0","0","1","1","0","0","0","0","1","0",6645,1,90,0,0,4,1,4,0,0,0,1,0,0,12,22,18,0,1,3
"G3100330","1980","A","2","4","Nebraska","31",,"Cheyenne","033",,,,,,,,,,,,,"02",,,,,,,,"CHEYENNE COUNTY","0","0","1","0","0","0","0","0","0","0","0","0","0","0","0","0","0","0","0","0","0",9850,13,74,0,0,14,1,1,2,1,1,0,0,0,100,246,152,0,19,75
"G3100350","1980","A","2","4","Nebraska","31",,"Clay","035",,,,,,,,,,,,,"05",,,,,,,,"CLAY COUNTY","0","0","1","1","1","0","0","0","0","0","0","0","1","1","0","0","0","0","0","0","0",8044,1,10,0,0,2,0,3,1,0,5,0,0,0,40,55,22,0,0,33
"G3100370","1980","A","2","4","Nebraska","31",,"Colfax","037",,,,,,,,,,,,,"03",,,,,,,,"COLFAX COUNTY","0","0","1","1","1","0","0","0","0","0","0","1","0","1","0","0","0","0","0","1","0",9848,2,7,0,0,1,0,1,0,1,2,0,0,0,28,79,57,0,0,22
"G3100390","1980","A","2","4","Nebraska","31",,"Cuming","039",,,,,,,,,,,,,"06",,,,,,,,"CUMING COUNTY","0","0","1","1","1","0","1","0","0","0","0","1","0","1","0","0","0","0","0","0","0",11642,4,1,0,0,1,0,5,1,1,4,0,0,0,5,44,39,0,0,5
"G3100410","1980","A","2","4","Nebraska","31",,"Custer","041",,,,,,,,,,,,,"03",,,,,,,,"CUSTER COUNTY","0","0","0","0","1","0","0","0","0","0","0","0","0","1","1","0","0","0","0","1","0",13825,0,29,0,0,3,0,1,4,2,0,0,0,0,13,47,35,0,1,11
"G3100430","1980","A","2","4","Nebraska","31","7720","Dakota","043",,,,,,,,,,,,,"06",,,,,,,,"DAKOTA COUNTY","0","0","0","0","0","0","0","0","0","0","0","0","0","0","0","0","0","0","0","0","0",16026,51,177,0,0,3,4,5,29,2,4,0,1,0,271,485,212,0,12,261
"G3100450","1980","A","2","4","Nebraska","31",,"Dawes","045",,,,,,,,,,,,,"01",,,,,,,,"DAWES COUNTY","0","0","0","0","0","0","0","1","0","0","0","0","0","0","0","0","0","0","0","0","0",9300,81,127,0,0,11,13,2,5,4,1,1,2,0,62,156,103,2,10,41
"G3100470","1980","A","2","4","Nebraska","31",,"Dawson","047",,,,,,,,,,,,,"03",,,,,,,,"DAWSON COUNTY","0","0","1","0","0","0","0","1","0","0","0","1","0","0","1","0","0","0","0","0","1",21890,14,32,0,3,14,1,1,8,9,19,2,0,0,311,587,315,1,1,270
"G3100490","1980","A","2","4","Nebraska","31",,"Deuel","049",,,,,,,,,,,,,"02",,,,,,,,"DEUEL COUNTY","0","0","0","1","1","0","0","0","0","0","0","0","1","1","0","0","0","0","0","0","0",2385,0,6,0,0,4,0,2,2,0,5,0,0,0,58,110,55,0,3,52
"G3100510","1980","A","2","4","Nebraska","31",,"Dixon","051",,,,,,,,,,,,,"06",,,,,,,,"DIXON COUNTY","0","0","1","1","0","0","0","0","0","0","0","1","0","1","0","0","0","0","0","0","0",7098,2,5,0,0,2,0,0,5,0,24,0,0,0,1,26,24,0,1,1
"G3100530","1980","A","2","4","Nebraska","31",,"Dodge","053",,,,,,,,,,,,,"06",,,,,,,,"DODGE COUNTY","0","0","0","0","0","0","0","1","0","0","0","0","0","0","0","0","0","0","0","0","0",35558,56,77,0,0,11,2,15,5,9,42,0,0,1,71,157,108,1,10,38
"G3100550","1980","A","2","4","Nebraska","31","5920","Douglas","055",,,,,,,,,,,,,"B",,,,,,,,"DOUGLAS COUNTY","0","0","0","0","0","0","0","0","0","0","0","0","0","0","0","0","0","0","0","0","0",348459,39832,1925,9,11,410,443,271,309,384,301,54,34,5,4591,8236,4190,306,252,3488
"G3100570","1980","A","2","4","Nebraska","31",,"Dundy","057",,,,,,,,,,,,,"04",,,,,,,,"DUNDY COUNTY","0","0","0","1","1","1","1","0","0","0","0","0","1","1","1","0","0","0","1","0","0",2841,0,3,0,0,0,0,1,7,0,0,0,0,0,9,10,4,0,1,5
"G3100590","1980","A","2","4","Nebraska","31",,"Fillmore","059",,,,,,,,,,,,,"05",,,,,,,,"FILLMORE COUNTY","0","0","1","1","1","0","1","0","0","0","0","0","1","1","1","0","0","0","0","0","0",7885,7,13,0,0,1,0,0,0,5,0,0,0,0,9,22,18,0,0,4
"G3100610","1980","A","2","4","Nebraska","31",,"Franklin","061",,,,,,,,,,,,,"04",,,,,,,,"FRANKLIN COUNTY","0","0","1","1","1","0","1","0","0","0","0","0","0","1","1","0","0","0","1","1","0",4355,3,4,0,0,1,0,0,2,2,1,0,0,0,9,16,8,0,0,8
"G3100630","1980","A","2","4","Nebraska","31",,"Frontier","063",,,,,,,,,,,,,"04",,,,,,,,"FRONTIER COUNTY","0","0","1","1","1","0","1","0","0","0","0","0","0","1","1","0","0","0","1","1","0",3626,1,2,0,0,0,2,0,1,0,7,0,0,0,8,21,14,0,0,7
"G3100650","1980","A","2","4","Nebraska","31",,"Furnas","065",,,,,,,,,,,,,"04",,,,,,,,"FURNAS COUNTY","0","0","0","1","1","0","1","0","0","0","0","0","0","1","1","0","0","0","0","1","0",6472,0,4,0,0,0,0,0,2,3,0,0,0,0,5,29,25,0,0,4
"G3100670","1980","A","2","4","Nebraska","31",,"Gage","067",,,,,,,,,,,,,"07",,,,,,,,"GAGE COUNTY","0","0","0","0","0","0","0","0","0","0","0","0","0","0","0","0","0","0","0","0","0",24270,30,41,0,0,8,5,3,1,5,8,0,1,0,84,139,103,0,1,35
"G3100690","1980","A","2","4","Nebraska","31",,"Garden","069",,,,,,,,,,,,,"01",,,,,,,,"GARDEN COUNTY","0","1","0","1","0","1","1","0","0","0","1","0","1","0","0","0","0","0","0","0","0",2793,0,9,0,0,0,0,0,0,0,0,0,0,0,0,8,8,0,0,0
"G3100710","1980","A","2","4","Nebraska","31",,"Garfield","071",,,,,,,,,,,,,"01",,,,,,,,"GARFIELD COUNTY","0","0","0","0","1","1","1","0","0","0","0","0","0","0","0","0","0","0","0","0","0",2357,0,0,0,0,0,0,0,2,0,0,0,0,0,4,6,2,0,0,4
"G3100730","1980","A","2","4","Nebraska","31",,"Gosper","073",,,,,,,,,,,,,"04",,,,,,,,"GOSPER COUNTY","0","0","0","0","1","1","0","0","0","0","0","0","0","0","0","0","0","0","0","0","0",2125,0,0,0,0,4,0,3,0,0,0,0,0,0,8,8,0,0,0,8
"G3100750","1980","A","2","4","Nebraska","31",,"Grant","075",,,,,,,,,,,,,"01",,,,,,,,"GRANT COUNTY","0","0","0","1","1","1","1","0","0","0","0","0","0","0","0","0","0","0","0","0","0",873,0,1,0,0,1,0,0,1,0,0,0,0,0,1,3,2,0,1,0
"G3100770","1980","A","2","4","Nebraska","31",,"Greeley","077",,,,,,,,,,,,,"03",,,,,,,,"GREELEY COUNTY","0","0","0","1","1","1","1","0","0","0","1","0","0","1","0","0","0","0","1","1","0",3455,0,2,0,0,0,0,0,0,4,0,0,0,0,1,8,7,0,0,1
"G3100790","1980","A","2","4","Nebraska","31",,"Hall","079",,,,,,,,,,,,,"03",,,,,,,,"HALL COUNTY","0","0","0","0","0","0","0","0","0","0","0","0","0","0","0","0","0","0","0","0","0",46788,120,109,5,0,11,11,14,11,15,24,15,2,0,565,1355,810,0,23,522
"G3100810","1980","A","2","4","Nebraska","31",,"Hamilton","081",,,,,,,,,,,,,"05",,,,,,,,"HAMILTON COUNTY","0","0","1","1","1","0","1","0","0","0","0","0","1","1","1","0","0","0","0","1","0",9270,2,6,0,0,2,0,5,2,0,0,0,0,0,14,57,46,0,0,11
"G3100830","1980","A","2","4","Nebraska","31",,"Harlan","083",,,,,,,,,,,,,"04",,,,,,,,"HARLAN COUNTY","0","0","1","1","1","1","1","0","0","0","0","0","1","1","0","0","0","0","0","0","0",4288,1,1,0,0,0,0,0,0,1,0,0,0,0,1,4,3,0,0,1
"G3100850","1980","A","2","4","Nebraska","31",,"Hayes","085",,,,,,,,,,,,,"04",,,,,,,,"HAYES COUNTY","0","1","0","0","1","0","0","0","0","0","0","0","0","0","0","0","0","0","0","0","0",1354,0,0,0,0,2,0,0,0,0,0,0,0,0,0,0,0,0,0,0
"G3100870","1980","A","2","4","Nebraska","31",,"Hitchcock","087",,,,,,,,,,,,,"04",,,,,,,,"HITCHCOCK COUNTY","0","0","1","1","1","0","1","0","0","0","0","1","0","1","1","0","0","0","1","1","0",4050,2,8,0,0,0,0,7,3,3,0,0,0,0,6,19,13,0,0,6
"G3100890","1980","A","2","4","Nebraska","31",,"Holt","089",,,,,,,,,,,,,"01",,,,,,,,"HOLT COUNTY","0","0","1","0","1","0","1","0","0","0","0","0","0","1","1","0","0","0","0","1","0",13524,1,15,0,0,0,0,4,2,1,0,0,0,0,5,40,37,0,0,3
"G3100910","1980","A","2","4","Nebraska","31",,"Hooker","091",,,,,,,,,,,,,"01",,,,,,,,"HOOKER COUNTY","0","0","0","1","1","0","1","0","0","0","0","0","0","1","1","0","0","0","1","0","0",974,0,3,0,0,0,0,5,0,0,0,0,0,0,8,19,13,0,0,6
"G3100930","1980","A","2","4","Nebraska","31",,"Howard","093",,,,,,,,,,,,,"03",,,,,,,,"HOWARD COUNTY","0","0","1","0","1","0","0","0","0","0","0","0","1","0","1","0","0","0","0","1","0",6729,2,21,0,0,0,0,2,1,0,0,3,0,0,15,32,15,0,2,15
"G3100950","1980","A","2","4","Nebraska","31",,"Jefferson","095",,,,,,,,,,,,,"05",,,,,,,,"JEFFERSON COUNTY","0","0","1","1","1","0","0","0","0","0","0","0","0","1","1","0","0","0","0","0","0",9735,7,11,0,0,2,0,0,3,1,1,0,1,1,55,81,46,0,2,33
"G3100970","1980","A","2","4","Nebraska","31",,"Johnson","097",,,,,,,,,,,,,"07",,,,,,,,"JOHNSON COUNTY","0","0","0","1","1","1","1","0","0","0","1","0","0","1","0","0","0","0","1","1","0",5274,0,2,0,0,0,0,3,0,0,2,0,0,0,4,13,11,0,0,2
"G3100990","1980","A","2","4","Nebraska","31",,"Kearney","099",,,,,,,,,,,,,"04",,,,,,,,"KEARNEY COUNTY","0","0","1","1","1","0","0","0","0","0","0","0","1","0","1","0","0","0","0","0","0",6987,6,3,0,0,0,0,0,3,1,2,0,0,0,51,97,50,0,0,47
"G3101010","1980","A","2","4","Nebraska","31",,"Keith","101",,,,,,,,,,,,,"02",,,,,,,,"KEITH COUNTY","0","0","1","0","0","0","0","0","0","0","0","1","0","0","1","0","0","0","0","0","0",9161,2,40,0,0,1,0,1,2,1,30,2,0,0,124,363,228,0,12,123
"G3101030","1980","A","2","4","Nebraska","31",,"Keya Paha","103",,,,,,,,,,,,,"01",,,,,,,,"KEYA PAHA COUNTY","0","1","0","0","0","1","1","0","0","0","1","0","0","0","1","0","0","0","0","0","0",1300,0,0,0,0,0,0,0,0,0,0,0,0,0,1,2,2,0,0,0
"G3101050","1980","A","2","4","Nebraska","31",,"Kimball","105",,,,,,,,,,,,,"02",,,,,,,,"KIMBALL COUNTY","0","0","1","0","1","0","0","0","0","0","0","0","0","1","1","0","0","0","0","0","0",4793,1,16,0,0,0,0,3,0,0,5,0,0,0,64,150,86,0,6,58
"G3101070","1980","A","2","4","Nebraska","31",,"Knox","107",,,,,,,,,,,,,"03",,,,,,,,"KNOX COUNTY","0","0","1","0","1","0","0","1","0","0","0","1","1","0","0","0","0","0","0","0","1",10985,1,461,0,0,2,0,0,0,1,3,0,0,0,4,31,20,1,9,1
"G3101090","1980","A","2","4","Nebraska","31","4360","Lancaster","109",,,,,,,,,,,,,"A",,,,,,,,"LANCASTER COUNTY","0","0","0","0","0","0","0","0","0","0","0","0","0","0","0","0","0","0","0","0","0",184902,3521,942,3,7,217,449,71,138,266,543,16,20,3,1786,2879,1648,49,95,1087
"G3101110","1980","A","2","4","Nebraska","31",,"Lincoln","111",,,,,,,,,,,,,"03",,,,,,,,"LINCOLN COUNTY","0","0","0","0","0","0","0","1","0","0","0","0","0","0","0","0","0","0","0","0","1",35175,100,91,0,1,71,21,13,7,8,14,2,0,2,950,1519,578,2,27,912
"G3101130","1980","A","2","4","Nebraska","31",,"Logan","113",,,,,,,,,,,,,"01",,,,,,,,"LOGAN COUNTY","0","1","0","0","0","1","1","0","0","0","1","0","0","0","1","0","0","0","1","1","0",980,0,0,0,0,0,0,0,0,0,0,0,0,0,3,5,3,0,0,2
"G3101150","1980","A","2","4","Nebraska","31",,"Loup","115",,,,,,,,,,,,,"01",,,,,,,,"LOUP COUNTY","0","1","1","0","0","1","1","0","0","0","0","0","0","0","0","0","0","0","0","0","0",858,1,0,0,0,0,0,0,0,0,0,0,0,0,0,2,2,0,0,0
"G3101170","1980","A","2","4","Nebraska","31",,"McPherson","117",,,,,,,,,,,,,"01",,,,,,,,"MCPHERSON COUNTY","0","1","0","0","1","0","0","0","0","0","1","0","0","1","0","0","0","0","0","0","0",592,0,0,0,0,0,0,0,0,0,0,1,0,0,0,0,0,0,0,0
"G3101190","1980","A","2","4","Nebraska","31",,"Madison","119",,,,,,,,,,,,,"03",,,,,,,,"MADISON COUNTY","0","0","0","0","0","0","0","1","0","0","0","0","0","0","0","0","0","0","0","0","0",31038,29,179,0,0,2,0,16,23,21,12,0,1,1,60,154,104,1,12,37
"G3101210","1980","A","2","4","Nebraska","31",,"Merrick","121",,,,,,,,,,,,,"03",,,,,,,,"MERRICK COUNTY","0","0","1","1","0","0","0","0","0","0","0","1","0","1","1","0","0","0","0","1","0",8888,4,14,0,0,4,0,1,6,1,3,0,0,1,23,58,43,0,1,14
"G3101230","1980","A","2","4","Nebraska","31",,"Morrill","123",,,,,,,,,,,,,"02",,,,,,,,"MORRILL COUNTY","0","0","1","0","1","0","0","0","0","0","0","0","0","1","1","0","0","0","0","0","0",5850,2,32,0,0,0,1,1,0,0,1,0,0,0,198,358,190,0,5,163
"G3101250","1980","A","2","4","Nebraska","31",,"Nance","125",,,,,,,,,,,,,"03",,,,,,,,"NANCE COUNTY","0","0","0","1","1","0","1","0","0","0","0","0","1","1","1","0","0","0","1","1","0",4718,0,2,0,0,2,3,0,0,0,0,0,0,0,15,20,12,0,0,8
"G3101270","1980","A","2","4","Nebraska","31",,"Nemaha","127",,,,,,,,,,,,,"07",,,,,,,,"NEMAHA COUNTY","0","0","0","1","1","0","0","1","0","0","0","0","1","1","0","0","0","0","0","0","0",8240,84,9,0,0,3,0,3,1,0,0,0,0,1,26,56,31,1,4,20
"G3101290","1980","A","2","4","Nebraska","31",,"Nuckolls","129",,,,,,,,,,,,,"04",,,,,,,,"NUCKOLLS COUNTY","0","0","1","1","1","1","1","0","0","0","0","0","1","1","1","0","0","0","1","1","0",6700,1,9,0,0,0,1,0,2,5,2,0,0,0,6,10,7,0,0,3
"G3101310","1980","A","2","4","Nebraska","31",,"Otoe","131",,,,,,,,,,,,,"07",,,,,,,,"OTOE COUNTY","0","0","1","0","0","0","0","0","0","0","0","0","1","0","1","0","0","0","0","0","0",15105,9,21,0,0,9,1,1,1,2,8,0,0,0,26,74,52,0,0,22
"G3101330","1980","A","2","4","Nebraska","31",,"Pawnee","133",,,,,,,,,,,,,"07",,,,,,,,"PAWNEE COUNTY","0","0","0","1","1","0","1","0","0","0","1","0","0","1","0","0","0","0","0","1","0",3930,0,4,0,0,0,0,0,1,0,2,0,0,0,0,15,14,0,1,0
"G3101350","1980","A","2","4","Nebraska","31",,"Perkins","135",,,,,,,,,,,,,"02",,,,,,,,"PERKINS COUNTY","0","0","0","1","1","0","0","0","0","0","0","0","1","1","1","0","0","0","0","1","0",3605,0,6,0,0,1,0,0,0,0,0,0,0,0,25,65,43,0,0,22
"G3101370","1980","A","2","4","Nebraska","31",,"Phelps","137",,,,,,,,,,,,,"04",,,,,,,,"PHELPS COUNTY","0","0","1","1","1","0","0","0","0","0","0","0","1","1","0","0","0","0","0","0","0",9715,1,14,0,0,0,0,4,5,1,0,0,0,0,29,87,58,0,0,29
"G3101390","1980","A","2","4","Nebraska","31",,"Pierce","139",,,,,,,,,,,,,"03",,,,,,,,"PIERCE COUNTY","0","0","1","1","1","1","1","0","0","0","0","0","1","1","0","0","0","0","0","0","0",8463,1,11,0,0,2,0,0,0,1,0,0,0,0,3,12,12,0,0,0
"G3101410","1980","A","2","4","Nebraska","31",,"Platte","141",,,,,,,,,,,,,"03",,,,,,,,"PLATTE COUNTY","0","0","1","0","0","0","0","1","0","0","0","1","0","0","1","0","0","0","0","1","0",28728,4,24,1,0,3,7,12,7,15,16,0,0,0,35,83,62,1,6,14
"G3101430","1980","A","2","4","Nebraska","31",,"Polk","143",,,,,,,,,,,,,"05",,,,,,,,"POLK COUNTY","0","0","1","1","1","1","1","0","0","0","0","1","0","1","0","0","0","0","1","1","0",6302,1,9,0,0,0,1,0,1,3,0,3,0,0,0,9,9,0,0,0
"G3101450","1980","A","2","4","Nebraska","31",,"Red Willow","145",,,,,,,,,,,,,"04",,,,,,,,"RED WILLOW COUNTY","0","0","0","0","0","0","0","0","0","0","0","1","0","0","1","0","0","0","0","0","0",12429,16,39,0,0,9,0,0,2,5,10,1,0,3,101,170,104,0,1,65
"G3101470","1980","A","2","4","Nebraska","31",,"Richardson","147",,,,,,,,,,,,,"07",,,,,,,,"RICHARDSON COUNTY","0","0","1","0","0","0","0","1","0","0","0","1","0","0","1","0","0","0","0","1","0",11117,2,153,0,0,0,0,1,0,5,13,1,0,0,23,62,49,1,0,12
"G3101490","1980","A","2","4","Nebraska","31",,"Rock","149",,,,,,,,,,,,,"01",,,,,,,,"ROCK COUNTY","0","0","0","1","1","1","1","0","0","0","0","0","1","0","1","0","0","0","1","1","0",2375,0,2,0,0,0,1,0,1,0,0,0,0,0,4,8,4,0,0,4
"G3101510","1980","A","2","4","Nebraska","31",,"Saline","151",,,,,,,,,,,,,"05",,,,,,,,"SALINE COUNTY","0","0","0","1","0","0","0","0","0","0","0","1","1","0","1","0","0","0","0","1","0",13001,43,17,0,0,4,0,8,5,2,37,0,0,1,13,60,49,0,6,5
"G3101530","1980","A","2","4","Nebraska","31","5920","Sarpy","153",,,,,,,,,,,,,"B",,,,,,,,"SARPY COUNTY","0","0","0","0","0","0","0","0","0","0","0","0","0","0","0","0","0","0","0","0","0",79546,3756,265,3,1,268,74,302,249,37,150,43,40,4,1277,2318,1302,69,100,847
"G3101550","1980","A","2","4","Nebraska","31",,"Saunders","155",,,,,,,,,,,,,"07",,,,,,,,"SAUNDERS COUNTY","0","0","0","0","0","0","0","0","0","0","0","1","0","0","1","0","0","0","0","0","0",18601,15,33,0,0,5,1,6,4,6,6,0,1,2,36,83,54,0,2,27
"G3101570","1980","A","2","4","Nebraska","31",,"Scotts Bluff","157",,,,,,,,,,,,,"02",,,,,,,,"SCOTTS BLUFF COUNTY","0","0","0","0","0","0","0","1","0","0","0","0","0","0","0","0","0","0","0","0","0",35278,62,454,1,0,152,2,11,10,6,7,4,0,1,2356,4714,2370,2,49,2293
"G3101590","1980","A","2","4","Nebraska","31",,"Seward","159",,,,,,,,,,,,,"05",,,,,,,,"SEWARD COUNTY","0","0","0","0","0","0","0","0","0","0","0","1","0","0","1","0","0","0","0","1","0",15625,52,37,0,0,5,9,7,3,3,17,2,0,0,29,85,69,0,2,14
"G3101610","1980","A","2","4","Nebraska","31",,"Sheridan","161",,,,,,,,,,,,,"01",,,,,,,,"SHERIDAN COUNTY","0","0","1","0","0","0","0","0","0","0","0","1","0","0","1","0","0","0","0","0","0",7054,4,392,0,0,7,4,5,12,4,1,0,0,0,61,89,29,0,19,41
"G3101630","1980","A","2","4","Nebraska","31",,"Sherman","163",,,,,,,,,,,,,"03",,,,,,,,"SHERMAN COUNTY","0","0","1","0","1","1","1","0","0","0","0","1","0","0","1","0","0","0","1","0","0",4214,1,0,0,0,0,0,0,1,0,0,0,0,0,10,6,4,0,0,2
"G3101650","1980","A","2","4","Nebraska","31",,"Sioux","165",,,,,,,,,,,,,"01",,,,,,,,"SIOUX COUNTY","0","0","1","1","1","0","0","0","0","0","0","1","1","1","0","0","0","0","0","1","0",1803,2,2,0,0,4,0,0,0,1,0,0,0,0,33,74,46,0,1,27
"G3101670","1980","A","2","4","Nebraska","31",,"Stanton","167",,,,,,,,,,,,,"03",,,,,,,,"STANTON COUNTY","0","0","0","1","1","0","1","0","0","0","0","0","1","1","1","0","0","0","0","1","0",6512,0,14,0,0,1,0,2,0,8,0,0,0,0,12,18,11,0,0,7
"G3101690","1980","A","2","4","Nebraska","31",,"Thayer","169",,,,,,,,,,,,,"05",,,,,,,,"THAYER COUNTY","0","0","1","0","1","0","0","1","0","0","0","1","0","1","0","0","0","0","0","1","0",7536,3,19,0,0,0,2,0,1,1,0,0,1,0,19,32,19,1,0,12
"G3101710","1980","A","2","4","Nebraska","31",,"Thomas","171",,,,,,,,,,,,,"01",,,,,,,,"THOMAS COUNTY","0","0","0","1","1","0","0","0","0","0","0","0","0","0","0","0","0","0","0","0","0",971,0,1,0,0,0,0,0,0,1,0,0,0,0,0,0,0,0,0,0
"G3101730","1980","A","2","4","Nebraska","31",,"Thurston","173",,,,,,,,,,,,,"06",,,,,,,,"THURSTON COUNTY","0","0","1","0","1","0","1","1","0","0","0","0","0","1","1","0","0","0","0","1","1",4759,12,2405,1,0,0,0,0,1,0,0,0,1,0,7,41,5,3,30,3
"G3101750","1980","A","2","4","Nebraska","31",,"Valley","175",,,,,,,,,,,,,"03",,,,,,,,"VALLEY COUNTY","0","0","1","1","1","0","1","0","0","0","1","0","0","0","1","0","0","0","1","1","0",5618,2,3,0,0,2,0,0,4,0,0,0,0,0,4,21,17,0,0,4
"G3101770","1980","A","2","4","Nebraska","31",,"Washington","177",,,,,,,,,,,,,"06",,,,,,,,"WASHINGTON COUNTY","0","0","0","0","0","0","0","0","0","0","0","0","0","1","1","0","0","0","0","1","0",15361,60,28,0,0,0,0,1,6,3,22,0,0,0,27,55,41,0,8,6
"G3101790","1980","A","2","4","Nebraska","31",,"Wayne","179",,,,,,,,,,,,,"06",,,,,,,,"WAYNE COUNTY","0","0","0","1","0","0","0","1","0","0","0","0","0","0","0","0","0","0","0","0","0",9776,38,15,0,0,1,1,3,0,14,1,0,0,0,9,50,45,2,2,1
"G3101810","1980","A","2","4","Nebraska","31",,"Webster","181",,,,,,,,,,,,,"04",,,,,,,,"WEBSTER COUNTY","0","0","1","1","1","1","1","0","0","0","0","0","1","1","0","0","0","0","0","0","0",4843,1,1,0,0,1,0,6,1,5,0,0,0,0,0,1,1,0,0,0
"G3101830","1980","A","2","4","Nebraska","31",,"Wheeler","183",,,,,,,,,,,,,"01",,,,,,,,"WHEELER COUNTY","0","0","0","1","1","1","1","0","0","0","1","0","1","0","0","0","0","0","0","0","0",1051,0,0,1,0,0,2,0,3,0,3,0,0,0,0,1,1,0,0,0
"G3101850","1980","A","2","4","Nebraska","31",,"York","185",,,,,,,,,,,,,"05",,,,,,,,"YORK COUNTY","0","0","0","0","0","0","0","1","0","0","0","0","1","0","1","0","0","0","0","1","0",14668,52,21,1,0,5,1,5,15,5,2,0,0,1,22,59,43,1,3,12
"G3200010","1980","A","4","8","Nevada","32",,"Churchill","001",,,,,,,,,,,,,"01",,,,,,,,"CHURCHILL COUNTY","0","0","0","0","0","0","0","1","0","0","0","0","0","0","0","0","0","0","0","0","0",12654,95,662,4,0,30,1,230,5,0,0,13,21,4,198,606,378,8,72,148
"G3200030","1980","A","4","8","Nevada","32","4120","Clark","003",,,,,,,,,,,,,"A",,,,,,,,"CLARK COUNTY","0","0","0","0","0","0","0","0","0","0","0","0","0","0","0","0","0","0","0","0","0",390959,46268,2994,35,12,1576,1725,2743,1550,366,603,390,176,78,13612,35086,22806,466,1038,10776
"G3200050","1980","A","4","8","Nevada","32",,"Douglas","005",,,,,,,,,,,,,"01",,,,,,,,"DOUGLAS COUNTY","0","0","0","0","0","0","0","0","0","0","0","0","0","0","0","0","0","0","0","0","0",18737,34,345,2,2,28,24,24,5,2,23,13,1,1,180,694,522,0,21,151
"G3200070","1980","A","4","8","Nevada","32",,"Elko","007",,,,,,,,,,,,,"01",,,,,,,,"ELKO COUNTY","0","0","0","0","0","0","0","0","0","0","0","0","0","0","0","0","0","0","0","0","0",14747,81,1464,1,3,19,34,20,3,19,0,9,2,0,867,1842,948,0,91,803
"G3200090","1980","A","4","8","Nevada","32",,"Esmeralda","009",,,,,,,,,,,,,"01",,,,,,,,"ESMERALDA COUNTY","0","0","1","0","1","0","1","0","0","0","0","1","0","1","0","0","0","0","0","1","0",728,3,20,0,0,0,0,3,0,1,0,1,0,0,21,30,10,0,0,20
"G3200110","1980","A","4","8","Nevada","32",,"Eureka","011",,,,,,,,,,,,,"01",,,,,,,,"EUREKA COUNTY","0","0","0","0","1","0","0","0","0","0","0","0","0","1","1","0","0","0","0","0","0",1113,0,37,0,0,0,7,0,0,0,0,0,0,0,41,68,30,0,0,38
"G3200130","1980","A","4","8","Nevada","32",,"Humboldt","013",,,,,,,,,,,,,"01",,,,,,,,"HUMBOLDT COUNTY","0","0","0","0","0","0","0","0","0","0","0","0","0","0","0","0","0","0","0","0","0",7796,36,659,1,0,11,3,6,2,0,0,1,0,0,919,1362,494,0,15,853
"G3200150","1980","A","4","8","Nevada","32",,"Lander","015",,,,,,,,,,,,,"01",,,,,,,,"LANDER COUNTY","0","0","1","0","1","0","0","1","0","0","0","1","0","0","1","0","0","0","0","0","0",3711,4,132,0,0,0,1,4,2,3,0,3,0,0,216,412,202,1,11,198
"G3200170","1980","A","4","8","Nevada","32",,"Lincoln","017",,,,,,,,,,,,,"01",,,,,,,,"LINCOLN COUNTY","0","0","1","0","0","0","0","1","0","0","0","1","0","1","0","0","0","0","0","0","0",3517,13,65,0,0,4,5,12,1,2,0,0,0,0,113,281,163,1,6,111
"G3200190","1980","A","4","8","Nevada","32",,"Lyon","019",,,,,,,,,,,,,"01",,,,,,,,"LYON COUNTY","0","0","0","0","0","0","0","0","0","0","0","0","0","0","0","0","0","0","0","0","0",12746,17,526,0,0,8,15,15,3,1,8,7,1,12,235,668,449,0,33,186
"G3200210","1980","A","4","8","Nevada","32",,"Mineral","021",,,,,,,,,,,,,"01",,,,,,,,"MINERAL COUNTY","0","0","0","0","0","0","0","1","0","0","0","0","0","0","0","0","0","0","0","0","0",4928,384,644,0,1,9,2,14,12,9,0,0,11,0,203,503,241,2,71,189
"G3200230","1980","A","4","8","Nevada","32",,"Nye","023",,,,,,,,,,,,,"01",,,,,,,,"NYE COUNTY","0","0","0","0","0","0","0","1","0","0","0","0","0","0","0","0","0","0","0","0","0",8414,55,352,1,1,7,10,24,8,6,1,0,1,0,168,508,343,1,24,140
"G3200270","1980","A","4","8","Nevada","32",,"Pershing","027",,,,,,,,,,,,,"01",,,,,,,,"PERSHING COUNTY","0","0","1","0","1","0","0","0","0","0","0","1","0","0","1","0","0","0","0","0","0",3072,3,188,2,0,12,1,0,0,1,0,0,0,0,129,385,269,0,7,109
"G3200290","1980","A","4","8","Nevada","32",,"Storey","029",,,,,,,,,,,,,"01",,,,,,,,"STOREY COUNTY","0","0","1","0","0","0","0","0","0","0","0","0","0","1","1","0","0","0","0","1","0",1438,5,36,0,1,6,1,2,5,0,0,0,1,1,7,43,40,0,1,2
"G3200310","1980","A","4","8","Nevada","32","6720","Washoe","031",,,,,,,,,,,,,"01",,,,,,,,"WASHOE COUNTY","0","0","0","0","0","0","0","0","0","0","0","0","0","0","0","0","0","0","0","0","0",178793,3552,3377,25,8,518,1089,923,402,196,453,155,28,39,4065,9352,5763,55,525,3009
"G3200330","1980","A","4","8","Nevada","32",,"White Pine","033",,,,,,,,,,,,,"01",,,,,,,,"WHITE PINE COUNTY","0","0","1","0","0","0","0","0","0","0","0","1","0","0","1","0","0","0","0","0","0",7617,12,227,0,0,23,11,3,3,6,1,2,0,0,262,764,513,0,24,227
"G3205100","1980","F","4","8","Nevada","32",,"Carson City","510",,,,,,,,,,,,,"01",,,,,,,,"CARSON CITY","0","0","0","0","0","0","0","1","0","0","0","0","0","0","0","0","0","0","0","0","0",29375,437,1477,3,1,64,50,41,56,10,35,15,17,0,441,1275,820,2,90,363
"G3300010","1980","A","1","1","New Hampshire","33",,"Belknap","001",,,,,,,,,,,,,"01",,,,,,,,"BELKNAP COUNTY","0","0","0","0","0","0","0","0","0","0","0","0","0","0","0","0","0","0","0","0","0",42545,55,94,7,0,18,37,11,19,29,5,6,0,0,58,189,162,0,6,21
"G3300030","1980","A","1","1","New Hampshire","33",,"Carroll","003",,,,,,,,,,,,,"01",,,,,,,,"CARROLL COUNTY","0","0","1","0","0","0","0","0","0","0","0","1","0","0","1","0","0","0","0","0","0",27843,11,31,1,0,5,2,1,5,8,1,0,0,0,23,107,95,0,5,7
"G3300050","1980","A","1","1","New Hampshire","33",,"Cheshire","005",,,,,,,,,,,,,"02",,,,,,,,"CHESHIRE COUNTY","0","0","0","0","0","0","0","1","0","0","0","0","0","0","0","0","0","0","0","0","1",61657,132,93,6,0,14,15,10,28,13,13,7,0,0,128,258,216,5,7,30
"G3300070","1980","A","1","1","New Hampshire","33",,"Coos","007",,,,,,,,,,,,,"01",,,,,,,,"COOS COUNTY","0","0","0","0","0","0","0","0","0","0","0","0","0","0","0","0","0","0","0","1","0",34975,26,34,0,0,5,12,13,8,8,2,0,0,0,64,100,96,0,1,3
"G3300090","1980","A","1","1","New Hampshire","33",,"Grafton","009",,,,,,,,,,,,,"01",,,,,,,,"GRAFTON COUNTY","0","0","0","0","0","0","0","1","0","0","0","0","0","0","0","0","0","0","0","0","1",64816,412,134,3,3,56,84,29,38,45,20,5,1,1,159,364,307,9,16,32
"G3300110","1980","A","1","1","New Hampshire","33",,"Hillsborough","011",,,,,,,,,,,,,"A",,,,,,,,"HILLSBOROUGH COUNTY","0","0","0","0","0","0","0","0","0","0","0","0","0","0","0","0","0","0","0","0","0",273099,1388,353,15,3,103,348,77,148,189,102,28,2,0,753,2224,1806,66,36,316
"G3300130","1980","A","1","1","New Hampshire","33",,"Merrimack","013",,,,,,,,,,,,,"02",,,,,,,,"MERRIMACK COUNTY","0","0","0","0","0","0","0","1","0","0","0","0","0","0","0","0","0","0","0","0","0",97509,214,134,1,2,41,35,17,41,62,6,0,1,2,237,459,401,3,4,51
"G3300150","1980","A","1","1","New Hampshire","33",,"Rockingham","015",,,,,,,,,,,,,"02",,,,,,,,"ROCKINGHAM COUNTY","0","0","0","0","0","0","0","0","0","0","0","0","0","0","0","0","0","0","0","0","0",187320,1469,272,4,4,126,156,109,174,153,33,13,4,4,504,1226,989,38,40,159
"G3300170","1980","A","1","1","New Hampshire","33",,"Strafford","017",,,,,,,,,,,,,"02",,,,,,,,"STRAFFORD COUNTY","0","0","0","0","0","0","0","1","0","0","0","0","0","0","0","0","0","0","0","0","1",84483,241,102,4,2,64,98,32,39,49,24,3,5,6,256,530,405,7,16,102
"G3300190","1980","A","1","1","New Hampshire","33",,"Sullivan","019",,,,,,,,,,,,,"01",,,,,,,,"SULLIVAN COUNTY","0","0","0","0","0","0","0","1","0","0","0","0","0","0","0","0","0","0","0","0","1",35852,42,50,0,0,16,3,15,15,7,3,2,0,0,58,130,118,3,1,8
"G3400010","1980","A","1","2","New Jersey","34","0560","Atlantic","001",,,,,,,,,,,,,"E",,,,,,,,"ATLANTIC COUNTY","0","0","0","0","0","0","0","0","0","0","0","0","0","0","0","0","0","0","0","0","0",154831,34134,254,8,9,105,270,223,118,173,21,35,12,1,3925,7590,3559,497,52,3482
"G3400030","1980","A","1","2","New Jersey","34","5600","Bergen","003",,,,,,,,"70",,,,,"G",,,,,,,,"BERGEN COUNTY","0","0","0","0","0","0","0","0","0","0","0","0","0","0","0","0","0","0","0","0","0",784834,33043,676,14,16,4745,4126,3384,3087,4069,251,35,15,11,7079,28514,23341,761,376,4036
"G3400050","1980","A","1","2","New Jersey","34","6160","Burlington","005",,,,,,,,"77",,,,,"D",,,,,,,,"BURLINGTON COUNTY","0","0","0","0","0","0","0","0","0","0","0","0","0","0","0","0","0","0","0","0","0",306987,45471,510,5,1,700,699,844,1165,801,158,89,46,11,5055,8658,4501,713,207,3237
"G3400070","1980","A","1","2","New Jersey","34","6160","Camden","007",,,,,,,,"77",,,,,"D",,,,,,,,"CAMDEN COUNTY","0","0","0","0","0","0","0","0","0","0","0","0","0","0","0","0","0","0","0","0","0",383245,67232,538,10,1,261,1021,1279,689,1503,222,49,8,4,15588,20626,5356,735,231,14304
"G3400090","1980","A","1","2","New Jersey","34",,"Cape May","009",,,,,,,,,,,,,"02",,,,,,,,"CAPE MAY COUNTY","0","0","0","0","0","0","0","0","0","0","0","0","0","0","0","0","0","0","0","0","0",76138,5157,96,2,2,20,45,109,30,56,11,14,0,4,582,1190,600,109,42,439
"G3400110","1980","A","1","2","New Jersey","34","8760","Cumberland","011",,,,,,,,,,,,,"02",,,,,,,,"CUMBERLAND COUNTY","0","0","0","0","0","0","0","0","0","0","0","0","0","0","0","0","0","0","0","0","0",103712,19868,743,1,1,411,45,141,72,141,12,22,6,0,7691,12525,4977,419,70,7059
"G3400130","1980","A","1","2","New Jersey","34","5640","Essex","013",,,,,,,,"70",,,,,"B",,,,,,,,"ESSEX COUNTY","0","0","0","0","0","0","0","0","0","0","0","0","0","0","0","0","0","0","0","0","0",482193,316440,1018,19,13,478,2495,3440,798,3341,283,130,43,11,40414,76584,37800,4252,525,34007
"G3400150","1980","A","1","2","New Jersey","34","6160","Gloucester","015",,,,,,,,"77",,,,,"D",,,,,,,,"GLOUCESTER COUNTY","0","0","0","0","0","0","0","0","0","0","0","0","0","0","0","0","0","0","0","0","0",180281,16936,291,8,4,104,172,365,139,234,17,21,0,0,1345,2407,1423,167,47,770
"G3400170","1980","A","1","2","New Jersey","34","3640","Hudson","017",,,,,,,,"70",,,,,"H",,,,,,,,"HUDSON COUNTY","0","0","0","0","0","0","0","0","0","0","0","0","0","0","0","0","0","0","0","0","0",425291,70050,552,6,10,345,1754,6451,1394,4798,411,27,24,9,45850,145163,99707,3682,893,40881
"G3400190","1980","A","1","2","New Jersey","34",,"Hunterdon","019",,,,,,,,,,,,,"01",,,,,,,,"HUNTERDON COUNTY","0","0","0","0","0","0","0","0","0","0","0","0","0","0","0","0","0","0","0","0","1",85402,1123,57,0,0,39,138,31,90,163,29,8,0,0,281,908,720,16,14,158
"G3400210","1980","A","1","2","New Jersey","34","8480","Mercer","021",,,,,,,,"77",,,,,"C",,,,,,,,"MERCER COUNTY","0","0","0","0","0","0","0","0","0","0","0","0","0","0","0","0","0","0","0","0","0",242097,55545,267,1,3,348,1337,363,571,1059,90,21,4,2,6155,10580,4757,669,77,5077
"G3400230","1980","A","1","2","New Jersey","34","5460","Middlesex","023",,,,,,,,"70",,,,,"01",,,,,,,,"MIDDLESEX COUNTY","0","0","0","0","0","0","0","0","0","0","0","0","0","0","0","0","0","0","0","0","0",533974,35768,536,15,3,482,3328,2042,1267,4773,327,36,16,4,13322,34138,21773,827,313,11225
"G3400250","1980","A","1","2","New Jersey","34","4410","Monmouth","025",,,,,,,,"70",,,,,"01",,,,,,,,"MONMOUTH COUNTY","0","0","0","0","0","0","0","0","0","0","0","0","0","0","0","0","0","0","0","0","0",449259,42985,506,9,4,397,1784,961,716,1142,241,56,21,16,5076,12915,8494,700,200,3521
"G3400270","1980","A","1","2","New Jersey","34","5640","Morris","027",,,,,,,,"70",,,,,"B",,,,,,,,"MORRIS COUNTY","0","0","0","0","0","0","0","0","0","0","0","0","0","0","0","0","0","0","0","0","0",388099,10017,211,8,3,354,2362,844,720,2239,243,11,6,3,2510,10952,9242,206,93,1411
"G3400290","1980","A","1","2","New Jersey","34",,"Ocean","029",,,,,,,,,,,,,"02",,,,,,,,"OCEAN COUNTY","0","0","0","0","0","0","0","0","0","0","0","0","0","0","0","0","0","0","0","0","0",331977,9439,384,4,3,164,330,620,215,266,77,20,8,8,2523,8444,6043,273,134,1994
"G3400310","1980","A","1","2","New Jersey","34","6040","Passaic","031",,,,,,,,"70",,,,,"G",,,,,,,,"PASSAIC COUNTY","0","0","0","0","0","0","0","0","0","0","0","0","0","0","0","0","0","0","0","0","0",353796,59171,655,4,0,223,729,1261,413,1919,82,22,6,0,29304,62123,33291,1969,271,26592
"G3400330","1980","A","1","2","New Jersey","34","9160","Salem","033",,,,,,,,"77",,,,,"F",,,,,,,,"SALEM COUNTY","0","0","0","0","0","0","0","0","0","0","0","0","0","0","0","0","0","0","0","0","0",53989,9744,124,5,0,52,16,36,24,34,27,2,0,0,623,1005,386,110,5,504
"G3400350","1980","A","1","2","New Jersey","34","5640","Somerset","035",,,,,,,,"70",,,,,"01",,,,,,,,"SOMERSET COUNTY","0","0","0","0","0","0","0","0","0","0","0","0","0","0","0","0","0","0","0","0","0",188544,10123,143,1,7,180,939,398,315,799,164,2,16,4,1494,4080,3104,123,35,818
"G3400370","1980","A","1","2","New Jersey","34",,"Sussex","037",,,,,,,,,,,,,"01",,,,,,,,"SUSSEX COUNTY","0","0","0","0","0","0","0","0","0","0","0","0","0","0","0","0","0","0","0","0","0",114470,680,107,1,0,33,143,94,106,131,25,1,0,0,328,1764,1563,32,4,165
"G3400390","1980","A","1","2","New Jersey","34","5640","Union","039",,,,,,,,"70",,,,,"B",,,,,,,,"UNION COUNTY","0","0","0","0","0","0","0","0","0","0","0","0","0","0","0","0","0","0","0","0","0",405560,81207,449,9,8,431,1564,1435,799,1788,185,30,3,3,10623,40756,30528,1228,275,8725
"G3400410","1980","A","1","2","New Jersey","34","0240","Warren","041",,,,,,,,,,,,,"A",,,,,,,,"WARREN COUNTY","0","0","0","0","0","0","0","0","0","0","0","0","0","0","0","0","0","0","0","0","1",82788,933,59,0,0,33,72,56,117,81,8,1,0,1,280,961,764,24,4,169
"G3500010","1980","A","4","8","New Mexico","35","0200","Bernalillo","001",,,,,,,,,,,,,"A",,,,,,,,"BERNALILLO COUNTY","0","0","0","0","0","0","0","0","0","0","0","0","0","0","0","0","0","0","0","0","0",334490,9795,11228,36,25,587,827,516,316,334,840,86,23,30,60567,154620,95675,467,1288,57190
"G3500030","1980","A","4","8","New Mexico","35",,"Catron","003",,,,,,,,,,,,,"01",,,,,,,,"CATRON COUNTY","0","0","1","0","1","0","0","0","0","0","0","1","0","1","0","0","0","0","0","0","0",2423,10,40,0,0,0,0,2,0,0,0,0,0,1,244,780,534,0,9,237
"G3500050","1980","A","4","8","New Mexico","35",,"Chaves","005",,,,,,,,,,,,,"03",,,,,,,,"CHAVES COUNTY","0","0","0","0","0","0","0","0","0","0","0","0","0","0","0","0","0","0","0","0","0",43846,1137,324,4,0,26,28,26,17,16,26,14,10,2,5627,15622,10084,37,60,5441
"G3500070","1980","A","4","8","New Mexico","35",,"Colfax","007",,,,,,,,,,,,,"02",,,,,,,,"COLFAX COUNTY","0","0","0","0","0","0","0","1","0","0","0","0","0","0","0","0","0","0","0","0","0",11763,56,73,0,0,3,0,0,3,10,0,5,0,0,1754,6481,4758,2,17,1704
"G3500090","1980","A","4","8","New Mexico","35",,"Curry","009",,,,,,,,,,,,,"02",,,,,,,,"CURRY COUNTY","0","0","0","0","0","0","0","0","0","0","0","0","0","0","0","0","0","0","0","0","0",33785,2873,170,1,0,74,23,116,65,35,20,11,8,6,4832,8203,3685,75,50,4393
"G3500110","1980","A","4","8","New Mexico","35",,"De Baca","011",,,,,,,,,,,,,"02",,,,,,,,"DE BACA COUNTY","0","0","1","1","1","0","0","0","0","0","0","0","1","1","0","0","0","0","0","0","0",2230,1,2,0,0,0,0,1,0,0,0,0,0,0,220,759,548,0,0,211
"G3500130","1980","A","4","8","New Mexico","35","4100","Dona Ana","013",,,,,,,,,,,,,"03",,,,,,,,"DONA ANA COUNTY","0","0","0","0","0","0","0","0","0","0","0","0","0","0","0","0","0","0","0","0","0",75301,1597,759,5,1,103,131,98,93,108,21,23,12,5,18083,50204,32439,43,284,17438
"G3500150","1980","A","4","8","New Mexico","35",,"Eddy","015",,,,,,,,,,,,,"03",,,,,,,,"EDDY COUNTY","0","0","0","0","0","0","0","0","0","0","0","0","0","0","0","0","0","0","0","0","0",38917,866,167,0,1,15,10,22,11,22,11,2,0,0,7811,14707,6917,29,41,7720
"G3500170","1980","A","4","8","New Mexico","35",,"Grant","017",,,,,,,,,,,,,"03",,,,,,,,"GRANT COUNTY","0","0","0","0","0","0","0","0","0","0","0","0","0","0","0","0","0","0","0","0","1",22077,132,119,3,2,4,20,3,3,6,1,6,1,0,3827,13452,9659,15,16,3762
"G3500190","1980","A","4","8","New Mexico","35",,"Guadalupe","019",,,,,,,,,,,,,"02",,,,,,,,"GUADALUPE COUNTY","0","0","1","1","0","0","0","1","0","0","0","1","1","1","0","0","0","0","0","0","0",3712,5,11,0,0,0,4,3,0,11,0,0,0,0,750,3716,2971,2,8,735
"G3500210","1980","A","4","8","New Mexico","35",,"Harding","021",,,,,,,,,,,,,"02",,,,,,,,"HARDING COUNTY","0","0","0","1","0","0","0","0","0","0","0","0","1","0","1","0","0","0","0","0","0",1024,0,1,0,0,0,0,0,0,0,0,0,0,0,65,483,423,0,0,60
"G3500230","1980","A","4","8","New Mexico","35",,"Hidalgo","023",,,,,,,,,,,,,"03",,,,,,,,"HIDALGO COUNTY","0","0","1","1","0","0","0","1","0","0","0","0","1","0","1","0","0","0","0","0","0",5763,13,6,0,0,0,31,0,1,5,1,1,0,0,228,2849,2619,3,1,226
"G3500250","1980","A","4","8","New Mexico","35",,"Lea","025",,,,,,,,,,,,,"03",,,,,,,,"LEA COUNTY","0","0","0","0","0","0","0","0","0","0","0","0","0","0","0","0","0","0","0","0","0",46584,2700,295,6,0,15,12,12,28,26,6,3,1,2,6303,11900,5667,21,17,6195
"G3500270","1980","A","4","8","New Mexico","35",,"Lincoln","027",,,,,,,,,,,,,"03",,,,,,,,"LINCOLN COUNTY","0","0","0","0","1","0","0","1","0","0","0","0","0","0","0","0","0","0","0","0","0",9873,52,66,0,0,1,1,3,1,2,2,3,0,0,993,2927,1960,6,8,953
"G3500280","1980","A","4","8","New Mexico","35",,"Los Alamos","028",,,,,,,,,,,,,"01",,,,,,,,"LOS ALAMOS COUNTY","0","0","0","0","0","0","0","0","0","0","0","0","0","0","0","0","0","0","0","0","0",16727,73,95,3,1,52,85,15,12,16,9,2,0,0,509,2022,1576,0,8,438
"G3500290","1980","A","4","8","New Mexico","35",,"Luna","029",,,,,,,,,,,,,"03",,,,,,,,"LUNA COUNTY","0","0","0","0","0","0","0","0","0","0","0","0","0","1","1","0","0","0","0","0","1",13335,254,77,1,0,5,5,9,1,8,3,0,0,0,1887,6148,4251,21,22,1854
"G3500310","1980","A","4","8","New Mexico","35",,"McKinley","031",,,,,,,,,,,,,"01",,,,,,,,"MCKINLEY COUNTY","0","0","0","0","0","0","0","1","0","0","0","0","0","0","0","0","0","0","0","0","1",14617,319,37092,4,0,69,27,39,11,50,6,6,0,1,4208,7638,3166,14,551,3907
"G3500330","1980","A","4","8","New Mexico","35",,"Mora","033",,,,,,,,,,,,,"02",,,,,,,,"MORA COUNTY","0","0","1","1","1","0","0","0","0","0","0","1","0","1","0","0","0","0","0","0","0",2616,2,7,0,0,1,0,0,0,0,1,0,0,0,1578,3640,2072,0,6,1562
"G3500350","1980","A","4","8","New Mexico","35",,"Otero","035",,,,,,,,,,,,,"03",,,,,,,,"OTERO COUNTY","0","0","0","0","0","0","0","0","0","0","0","0","0","0","0","0","0","0","0","0","1",35649,2162,2151,3,3,127,66,174,71,13,17,12,16,3,4198,9713,5727,28,158,3800
"G3500370","1980","A","4","8","New Mexico","35",,"Quay","037",,,,,,,,,,,,,"02",,,,,,,,"QUAY COUNTY","0","0","0","0","0","0","0","1","0","0","0","0","0","0","0","0","0","0","0","0","1",8752,136,39,0,0,0,3,2,1,11,8,0,0,1,1624,3753,2168,10,8,1567
"G3500390","1980","A","4","8","New Mexico","35",,"Rio Arriba","039",,,,,,,,,,,,,"01",,,,,,,,"RIO ARRIBA COUNTY","0","0","0","0","0","0","0","0","0","0","0","0","0","1","1","0","0","0","0","0","0",13012,35,3331,0,0,2,1,6,3,1,1,0,1,0,12889,21786,8764,0,324,12698
"G3500410","1980","A","4","8","New Mexico","35",,"Roosevelt","041",,,,,,,,,,,,,"02",,,,,,,,"ROOSEVELT COUNTY","0","0","0","0","0","0","0","1","0","0","0","0","0","0","0","0","0","0","0","0","1",13033,210,108,0,0,14,46,4,4,14,0,1,0,0,2261,3378,1222,14,10,2132
"G3500430","1980","A","4","8","New Mexico","35","0200","Sandoval","043",,,,,,,,,,,,,"01",,,,,,,,"SANDOVAL COUNTY","0","0","0","0","0","0","0","1","0","0","0","0","0","0","0","0","0","0","0","0","0",20521,300,9493,2,4,14,11,14,14,4,2,6,0,0,4414,9580,5249,10,78,4243
"G3500450","1980","A","4","8","New Mexico","35",,"San Juan","045",,,,,,,,,,,,,"01",,,,,,,,"SAN JUAN COUNTY","0","0","0","0","0","0","0","1","0","0","0","0","0","0","0","0","0","0","0","0","1",49305,333,26889,3,1,40,19,31,22,6,21,11,0,4,4748,9602,4841,6,284,4471
"G3500470","1980","A","4","8","New Mexico","35",,"San Miguel","047",,,,,,,,,,,,,"02",,,,,,,,"SAN MIGUEL COUNTY","0","0","0","0","0","0","0","1","0","0","0","0","0","0","0","0","0","0","0","0","1",16937,88,90,0,0,7,19,3,5,2,0,3,0,0,5597,18524,12997,8,26,5493
"G3500490","1980","A","4","8","New Mexico","35",,"Santa Fe","049",,,,,,,,,,,,,"01",,,,,,,,"SANTA FE COUNTY","0","0","0","0","0","0","0","0","0","0","0","0","0","0","0","0","0","0","0","0","1",59287,402,2117,11,10,70,29,18,15,50,21,15,4,1,13310,41865,28525,29,388,12923
"G3500510","1980","A","4","8","New Mexico","35",,"Sierra","051",,,,,,,,,,,,,"03",,,,,,,,"SIERRA COUNTY","0","0","1","0","1","0","0","1","0","0","0","1","0","1","0","0","0","0","0","0","0",8082,12,49,0,0,1,0,0,2,3,0,0,0,1,304,2142,1836,1,11,294
"G3500530","1980","A","4","8","New Mexico","35",,"Socorro","053",,,,,,,,,,,,,"03",,,,,,,,"SOCORRO COUNTY","0","0","0","0","0","0","0","1","0","0","0","0","0","0","0","0","0","0","0","0","1",10291,53,1246,0,1,11,19,9,1,27,14,1,1,2,890,5873,5028,7,31,807
"G3500550","1980","A","4","8","New Mexico","35",,"Taos","055",,,,,,,,,,,,,"01",,,,,,,,"TAOS COUNTY","0","0","0","0","0","0","0","1","0","0","0","0","0","1","1","0","0","0","0","0","1",10268,45,1246,1,4,7,3,2,4,1,0,1,0,1,7873,13442,5617,5,56,7764
"G3500570","1980","A","4","8","New Mexico","35",,"Torrance","057",,,,,,,,,,,,,"02",,,,,,,,"TORRANCE COUNTY","0","0","0","0","0","0","0","1","0","0","0","0","0","1","1","0","0","0","0","0","1",5507,15,39,0,0,9,0,2,0,5,0,2,0,0,1912,3076,1212,1,2,1861
"G3500590","1980","A","4","8","New Mexico","35",,"Union","059",,,,,,,,,,,,,"02",,,,,,,,"UNION COUNTY","0","0","0","0","1","0","0","0","0","0","0","0","0","1","1","0","0","0","0","0","0",4534,0,15,0,0,2,1,2,0,1,0,0,0,0,170,1476,1309,0,3,164
"G3500610","1980","A","4","8","New Mexico","35",,"Valencia","061",,,,,,,,,,,,,"01",,,,,,,,"VALENCIA COUNTY","0","0","0","0","0","0","0","1","0","0","0","0","0","0","0","0","0","0","0","0","0",43326,344,8631,5,2,27,21,50,2,19,12,3,5,1,8667,26861,18132,12,255,8462
"G3600010","1980","A","1","2","New York","36","0160","Albany","001",,,,,,,,,,,,,"F",,,,,,,,"ALBANY COUNTY","0","0","0","0","0","0","0","0","0","0","0","0","0","0","0","0","0","0","0","0","0",262779,18839,320,4,3,143,764,258,297,716,203,21,1,4,1557,3025,1920,299,79,727
"G3600030","1980","A","1","2","New York","36",,"Allegany","003",,,,,,,,,,,,,"03",,,,,,,,"ALLEGANY COUNTY","0","0","0","0","0","0","0","0","0","0","0","0","0","0","0","0","0","0","0","0","0",51210,161,120,1,1,19,32,10,17,32,5,4,0,1,129,189,155,0,6,28
"G3600050","1980","B","1","2","New York","36","5600","Bronx","005",,,,,,,,"70",,,,,"G",,,,,,,,"BRONX COUNTY","0","0","0","0","0","0","0","0","0","0","0","0","0","0","0","0","0","0","0","0","0",554046,371926,2343,47,19,1615,5081,1384,2017,4327,404,169,142,24,225428,396353,157210,23182,1440,214521
"G3600070","1980","A","1","2","New York","36","0960","Broome","007",,,,,,,,,,,,,"E",,,,,,,,"BROOME COUNTY","0","0","0","0","0","0","0","0","0","0","0","0","0","0","0","0","0","0","0","0","0",207791,3131,248,3,1,103,458,127,237,368,135,8,2,1,1035,1551,1094,66,42,349
"G3600090","1980","A","1","2","New York","36",,"Cattaraugus","009",,,,,,,,,,,,,"03",,,,,,,,"CATTARAUGUS COUNTY","0","0","0","0","0","0","0","0","0","0","0","0","0","0","0","0","0","0","0","0","0",83094,615,1645,4,0,18,56,13,35,77,5,3,1,0,131,336,249,16,17,54
"G3600110","1980","A","1","2","New York","36",,"Cayuga","011",,,,,,,,,,,,,"04",,,,,,,,"CAYUGA COUNTY","0","0","0","0","0","0","0","0","0","0","0","0","0","0","0","0","0","0","0","0","0",77157,1941,147,0,0,48,21,28,29,42,9,1,6,1,464,633,305,30,6,292
"G3600130","1980","A","1","2","New York","36",,"Chautauqua","013",,,,,,,,,,,,,"03",,,,,,,,"CHAUTAUQUA COUNTY","0","0","0","0","0","0","0","0","0","0","0","0","0","0","0","0","0","0","0","0","0",142928,1901,356,1,0,25,43,48,105,93,46,0,10,4,1365,2266,1049,32,21,1164
"G3600150","1980","A","1","2","New York","36","2335","Chemung","015",,,,,,,,,,,,,"03",,,,,,,,"CHEMUNG COUNTY","0","0","0","0","0","0","0","0","0","0","0","0","0","0","0","0","0","0","0","0","0",92636,3939,149,0,0,44,76,31,67,131,34,7,5,2,535,868,440,56,23,349
"G3600170","1980","A","1","2","New York","36",,"Chenango","017",,,,,,,,,,,,,"06",,,,,,,,"CHENANGO COUNTY","0","0","0","0","0","0","0","0","0","0","0","0","0","0","0","0","0","0","0","0","0",48819,235,66,0,0,17,33,32,13,43,1,0,0,0,85,247,195,0,23,29
"G3600190","1980","A","1","2","New York","36",,"Clinton","019",,,,,,,,,,,,,"07",,,,,,,,"CLINTON COUNTY","0","0","0","0","0","0","0","0","0","0","0","0","0","0","0","0","0","0","0","0","0",76991,2330,173,1,5,58,83,63,70,57,23,15,7,0,874,1435,693,77,39,626
"G3600210","1980","A","1","2","New York","36",,"Columbia","021",,,,,,,,,,,,,"09",,,,,,,,"COLUMBIA COUNTY","0","0","0","0","0","0","0","0","0","0","0","0","0","0","0","0","0","0","0","0","0",57038,2010,87,1,0,13,18,8,28,33,23,9,6,0,213,538,401,18,1,118
"G3600230","1980","A","1","2","New York","36",,"Cortland","023",,,,,,,,,,,,,"04",,,,,,,,"CORTLAND COUNTY","0","0","0","0","0","0","0","0","0","0","0","0","0","0","0","0","0","0","0","0","0",48133,314,89,0,0,16,44,20,43,35,6,1,0,0,119,385,285,23,18,59
"G3600250","1980","A","1","2","New York","36",,"Delaware","025",,,,,,,,,,,,,"06",,,,,,,,"DELAWARE COUNTY","0","0","0","0","0","0","0","1","0","0","0","0","0","0","0","0","0","0","0","0","1",46206,285,88,0,0,26,18,26,12,23,11,8,0,0,121,293,231,6,12,44
"G3600270","1980","A","1","2","New York","36","6460","Dutchess","027",,,,,,,,,,,,,"09",,,,,,,,"DUTCHESS COUNTY","0","0","0","0","0","0","0","0","0","0","0","0","0","0","0","0","0","0","0","0","0",221833,17131,381,3,9,218,1063,165,306,940,134,17,6,1,2848,5853,3288,405,45,2115
"G3600290","1980","A","1","2","New York","36","1280","Erie","029",,,,,,,,,,,,,"A",,,,,,,,"ERIE COUNTY","0","0","0","0","0","0","0","0","0","0","0","0","0","0","0","0","0","0","0","0","0",893195,102947,5046,6,12,492,1393,450,884,1851,282,56,12,4,8842,14390,6738,978,287,6387
"G3600310","1980","A","1","2","New York","36",,"Essex","031",,,,,,,,,,,,,"07",,,,,,,,"ESSEX COUNTY","0","0","0","0","0","0","0","0","0","0","0","0","0","0","0","0","0","0","0","1","0",35857,137,63,0,1,12,3,4,14,10,0,2,0,0,73,233,178,0,3,52
"G3600330","1980","A","1","2","New York","36",,"Franklin","033",,,,,,,,,,,,,"07",,,,,,,,"FRANKLIN COUNTY","0","0","0","0","0","0","0","1","0","0","0","0","0","0","0","0","0","0","0","0","1",42640,88,2083,0,0,13,5,17,12,18,5,0,1,0,47,178,158,6,7,7
"G3600350","1980","A","1","2","New York","36",,"Fulton","035",,,,,,,,,,,,,"05",,,,,,,,"FULTON COUNTY","0","0","0","0","0","0","0","1","0","0","0","0","0","0","0","0","0","0","0","0","1",54369,473,77,0,0,20,16,8,24,33,31,7,3,1,91,305,263,6,6,30
"G3600370","1980","A","1","2","New York","36",,"Genesee","037",,,,,,,,,,,,,"02",,,,,,,,"GENESEE COUNTY","0","0","0","0","0","0","0","0","0","0","0","0","0","0","0","0","0","0","0","0","1",57414,1122,613,0,0,20,7,8,31,31,3,0,0,1,150,325,223,20,3,79
"G3600390","1980","A","1","2","New York","36",,"Greene","039",,,,,,,,,,,,,"09",,,,,,,,"GREENE COUNTY","0","0","0","0","0","0","0","0","0","0","0","0","0","0","0","0","0","0","0","0","1",39259,1225,64,2,1,8,10,8,10,14,10,2,3,0,245,560,357,20,2,181
"G3600410","1980","A","1","2","New York","36",,"Hamilton","041",,,,,,,,,,,,,"05",,,,,,,,"HAMILTON COUNTY","0","0","0","1","1","1","1","0","0","0","0","0","1","1","1","0","0","0","1","1","0",5011,0,12,0,0,1,0,0,1,2,0,0,0,0,7,12,11,0,0,1
"G3600430","1980","A","1","2","New York","36","8680","Herkimer","043",,,,,,,,,,,,,"D",,,,,,,,"HERKIMER COUNTY","0","0","0","0","0","0","0","1","0","0","0","0","0","0","0","0","0","0","0","0","1",66327,118,82,1,0,23,11,16,10,31,1,7,1,1,85,259,208,4,13,34
"G3600450","1980","A","1","2","New York","36",,"Jefferson","045",,,,,,,,,,,,,"07",,,,,,,,"JEFFERSON COUNTY","0","0","0","0","0","0","0","1","0","0","0","0","0","0","0","0","0","0","0","0","0",87318,274,206,0,2,16,41,57,49,24,15,6,4,1,138,375,326,3,7,39
"G3600470","1980","B","1","2","New York","36","5600","Kings","047",,,,,,,,"70",,,,,"G",,,,,,,,"KINGS COUNTY","0","0","0","0","0","0","0","0","0","0","0","0","0","0","0","0","0","0","0","0","0",1249486,722812,3113,28,41,720,26880,3939,2827,7258,859,231,218,33,212491,392118,164253,33186,1923,192756
"G3600490","1980","A","1","2","New York","36",,"Lewis","049",,,,,,,,,,,,,"07",,,,,,,,"LEWIS COUNTY","0","0","0","0","0","0","0","1","0","0","0","1","0","0","1","0","0","0","0","0","0",24918,15,32,0,0,2,0,21,3,5,4,0,0,0,35,80,59,1,11,9
"G3600510","1980","A","1","2","New York","36","6840","Livingston","051",,,,,,,,,,,,,"02",,,,,,,,"LIVINGSTON COUNTY","0","0","0","0","0","0","0","0","0","0","0","0","0","0","0","0","0","0","0","0","0",55887,666,129,2,1,13,20,19,25,45,22,1,0,0,176,347,219,16,18,94
"G3600530","1980","A","1","2","New York","36","8160","Madison","053",,,,,,,,,,,,,"C",,,,,,,,"MADISON COUNTY","0","0","0","0","0","0","0","1","0","0","0","0","0","0","0","0","0","0","0","0","0",64236,472,157,3,1,13,40,16,33,14,23,10,5,1,126,336,239,13,12,72
"G3600550","1980","A","1","2","New York","36","6840","Monroe","055",,,,,,,,,,,,,"B",,,,,,,,"MONROE COUNTY","0","0","0","0","0","0","0","0","0","0","0","0","0","0","0","0","0","0","0","0","0",613525,71041,1633,13,11,465,1436,352,720,1696,653,52,13,10,10618,16738,7083,1112,160,8383
"G3600570","1980","A","1","2","New York","36","0160","Montgomery","057",,,,,,,,,,,,,"05",,,,,,,,"MONTGOMERY COUNTY","0","0","0","0","0","0","0","0","0","0","0","0","0","0","0","0","0","0","0","0","0",52424,262,65,0,0,11,23,16,21,30,2,2,2,0,581,1590,1027,68,2,493
"G3600590","1980","A","1","2","New York","36","5380","Nassau","059",,,,,,,,"70",,,,,"G",,,,,,,,"NASSAU COUNTY","0","0","0","0","0","0","0","0","0","0","0","0","0","0","0","0","0","0","0","0","0",1204208,90743,872,15,5,1460,5226,2317,1886,3251,259,41,22,10,11267,43286,32891,2329,458,7608
"G3600610","1980","B","1","2","New York","36","5600","New York","061",,,,,,,,"70",,,,,"G",,,,,,,,"NEW YORK COUNTY","0","0","0","0","0","0","0","0","0","0","0","0","0","0","0","0","0","0","0","0","0",841204,309854,2922,49,65,5737,51846,5373,2791,6037,570,369,72,89,201307,336247,127350,19636,2761,186500
"G3600630","1980","A","1","2","New York","36","1280","Niagara","063",,,,,,,,,,,,,"A",,,,,,,,"NIAGARA COUNTY","0","0","0","0","0","0","0","0","0","0","0","0","0","0","0","0","0","0","0","0","0",212873,11028,2325,1,3,74,70,44,99,144,42,10,3,0,638,1816,1395,102,37,282
"G3600650","1980","A","1","2","New York","36","8680","Oneida","065",,,,,,,,,,,,,"D",,,,,,,,"ONEIDA COUNTY","0","0","0","0","0","0","0","0","0","0","0","0","0","0","0","0","0","0","0","0","0",243022,7719,375,4,4,131,170,129,148,180,28,32,19,4,1501,2619,1591,131,31,866
"G3600670","1980","A","1","2","New York","36","8160","Onondaga","067",,,,,,,,,,,,,"C",,,,,,,,"ONONDAGA COUNTY","0","0","0","0","0","0","0","0","0","0","0","0","0","0","0","0","0","0","0","0","0",424786,30117,3257,12,5,265,712,365,425,774,233,24,11,5,2929,4730,2922,448,157,1203
"G3600690","1980","A","1","2","New York","36","6840","Ontario","069",,,,,,,,,,,,,"02",,,,,,,,"ONTARIO COUNTY","0","0","0","0","0","0","0","0","0","0","0","0","0","0","0","0","0","0","0","0","0",86629,1458,141,0,0,26,39,20,44,48,10,4,1,1,488,958,578,38,6,336
"G3600710","1980","A","1","2","New York","36","5660","Orange","071",,,,,,,,,,,,,"09",,,,,,,,"ORANGE COUNTY","0","0","0","0","0","0","0","0","0","0","0","0","0","0","0","0","0","0","0","0","0",237359,16225,426,6,1,162,350,209,265,275,38,28,4,1,4254,11260,7258,496,106,3400
"G3600730","1980","A","1","2","New York","36","6840","Orleans","073",,,,,,,,,,,,,"01",,,,,,,,"ORLEANS COUNTY","0","0","0","0","0","0","0","0","0","0","0","0","0","0","0","0","0","0","0","0","0",36023,1988,156,0,3,9,3,14,12,19,16,6,0,0,247,405,187,26,2,190
"G3600750","1980","A","1","2","New York","36","8160","Oswego","075",,,,,,,,,,,,,"C",,,,,,,,"OSWEGO COUNTY","0","0","0","0","0","0","0","1","0","0","0","0","0","0","0","0","0","0","0","0","0",112603,434,306,1,1,67,62,27,41,123,26,2,1,0,207,596,457,11,12,116
"G3600770","1980","A","1","2","New York","36",,"Otsego","077",,,,,,,,,,,,,"06",,,,,,,,"OTSEGO COUNTY","0","0","0","0","0","0","0","1","0","0","0","0","0","0","0","0","0","0","0","0","1",58283,355,65,3,2,31,45,21,34,68,2,4,0,2,160,414,345,12,7,50
"G3600790","1980","A","1","2","New York","36","5600","Putnam","079",,,,,,,,"70",,,,,"09",,,,,,,,"PUTNAM COUNTY","0","0","0","0","0","0","0","1","0","0","0","0","0","0","0","0","0","0","0","0","1",76091,417,33,1,0,50,117,43,64,105,7,0,3,0,262,1272,1077,9,8,178
"G3600810","1980","B","1","2","New York","36","5600","Queens","081",,,,,,,,"70",,,,,"G",,,,,,,,"QUEENS COUNTY","0","0","0","0","0","0","0","0","0","0","0","0","0","0","0","0","0","0","0","0","0",1335805,354129,2748,34,32,5487,39135,11196,14486,21736,1418,192,92,38,104797,262422,163294,13070,2474,83584
"G3600830","1980","A","1","2","New York","36","0160","Rensselaer","083",,,,,,,,,,,,,"F",,,,,,,,"RENSSELAER COUNTY","0","0","0","0","0","0","0","0","0","0","0","0","0","0","0","0","0","0","0","0","0",146213,4117,170,4,1,103,251,88,114,228,31,1,0,2,643,1152,823,79,36,214
"G3600850","1980","B","1","2","New York","36","5600","Richmond","085",,,,,,,,"70",,,,,"G",,,,,,,,"RICHMOND COUNTY","0","0","0","0","0","0","0","0","0","0","0","0","0","0","0","0","0","0","0","0","0",313534,25616,374,5,4,171,1822,1918,1136,1587,32,23,12,8,5879,18884,13023,1136,282,4443
"G3600870","1980","A","1","2","New York","36","5600","Rockland","087",,,,,,,,"70",,,,,"G",,,,,,,,"ROCKLAND COUNTY","0","0","0","0","0","0","0","0","0","0","0","0","0","0","0","0","0","0","0","0","0",232666,18016,538,12,6,225,1042,1497,408,966,134,16,10,3,3991,11772,8137,559,151,2925
"G3600890","1980","A","1","2","New York","36",,"St Lawrence","089",,,,,,,,,,,,,"07",,,,,,,,"ST. LAWRENCE COUNTY","0","0","0","0","0","0","0","1","0","0","0","0","0","0","0","0","0","0","0","0","1",112997,230,441,1,1,39,93,30,57,148,12,13,3,0,189,562,507,11,8,36
"G3600910","1980","A","1","2","New York","36","0160","Saratoga","091",,,,,,,,,,,,,"F",,,,,,,,"SARATOGA COUNTY","0","0","0","0","0","0","0","0","0","0","0","0","0","0","0","0","0","0","0","0","0",151277,1409,184,0,0,40,148,76,88,181,29,10,2,2,313,1002,825,46,23,108
"G3600930","1980","A","1","2","New York","36","0160","Schenectady","093",,,,,,,,,,,,,"F",,,,,,,,"SCHENECTADY COUNTY","0","0","0","0","0","0","0","0","0","0","0","0","0","0","0","0","0","0","0","0","0",143439,4682,195,2,0,63,344,87,160,297,65,5,1,0,606,1377,1067,51,41,218
"G3600950","1980","A","1","2","New York","36",,"Schoharie","095",,,,,,,,,,,,,"06",,,,,,,,"SCHOHARIE COUNTY","0","0","0","0","0","0","0","1","0","0","0","0","0","0","0","0","0","0","0","0","1",29247,252,50,1,2,6,6,8,17,17,2,2,1,0,99,323,246,6,7,64
"G3600970","1980","A","1","2","New York","36",,"Schuyler","097",,,,,,,,,,,,,"03",,,,,,,,"SCHUYLER COUNTY","0","0","0","0","0","0","0","0","0","0","0","0","0","0","0","0","0","0","0","1","0",17508,72,34,1,3,6,2,6,6,3,0,0,1,0,44,69,47,0,2,20
"G3600990","1980","A","1","2","New York","36",,"Seneca","099",,,,,,,,,,,,,"02",,,,,,,,"SENECA COUNTY","0","0","0","0","0","0","0","1","0","0","0","0","0","0","0","0","0","0","0","0","0",33113,337,48,0,2,25,26,13,30,30,9,0,5,4,91,283,214,3,7,59
"G3601010","1980","A","1","2","New York","36",,"Steuben","101",,,,,,,,,,,,,"03",,,,,,,,"STEUBEN COUNTY","0","0","0","0","0","0","0","1","0","0","0","0","0","0","0","0","0","0","0","0","1",97635,893,142,0,0,30,79,37,31,129,9,3,3,0,226,385,294,11,12,68
"G3601030","1980","A","1","2","New York","36","5380","Suffolk","103",,,,,,,,"70",,,,,"G",,,,,,,,"SUFFOLK COUNTY","0","0","0","0","0","0","0","0","0","0","0","0","0","0","0","0","0","0","0","0","0",1185109,71741,1925,23,18,862,3711,1710,1608,2013,310,44,21,18,15118,58689,44109,2183,399,11998
"G3601050","1980","A","1","2","New York","36",,"Sullivan","105",,,,,,,,,,,,,"09",,,,,,,,"SULLIVAN COUNTY","0","0","0","0","0","0","0","0","0","0","0","0","0","0","0","0","0","0","0","0","0",59071,4446,122,0,0,23,204,40,24,74,12,4,1,1,1133,2656,1540,136,24,956
"G3601070","1980","A","1","2","New York","36","0960","Tioga","107",,,,,,,,,,,,,"03",,,,,,,,"TIOGA COUNTY","0","0","0","0","0","0","0","0","0","0","0","0","0","0","0","0","0","0","0","0","0",49192,277,59,1,0,14,48,22,39,34,43,3,1,0,79,264,195,0,16,53
"G3601090","1980","A","1","2","New York","36",,"Tompkins","109",,,,,,,,,,,,,"03",,,,,,,,"TOMPKINS COUNTY","0","0","0","0","0","0","0","0","0","0","0","0","0","0","0","0","0","0","0","0","0",81455,2721,121,8,4,321,843,70,236,351,65,9,4,7,870,1285,862,74,33,316
"G3601110","1980","A","1","2","New York","36",,"Ulster","111",,,,,,,,,,,,,"09",,,,,,,,"ULSTER COUNTY","0","0","0","0","0","0","0","0","0","0","0","0","0","0","0","0","0","0","0","0","0",148634,6474,277,2,1,96,385,89,113,126,55,15,4,4,1883,4931,3382,206,43,1300
"G3601130","1980","A","1","2","New York","36","2975","Warren","113",,,,,,,,,,,,,"08",,,,,,,,"WARREN COUNTY","0","0","0","0","0","0","0","1","0","0","0","0","0","0","0","0","0","0","0","0","1",54343,240,65,1,0,9,21,18,33,37,4,2,6,0,75,365,325,3,5,32
"G3601150","1980","A","1","2","New York","36","2975","Washington","115",,,,,,,,,,,,,"08",,,,,,,,"WASHINGTON COUNTY","0","0","0","0","0","0","0","0","0","0","0","0","0","0","0","0","0","0","0","0","1",53429,913,58,0,1,10,9,15,25,14,1,0,0,0,320,604,297,20,6,281
"G3601170","1980","A","1","2","New York","36","6840","Wayne","117",,,,,,,,,,,,,"01",,,,,,,,"WAYNE COUNTY","0","0","0","0","0","0","0","0","0","0","0","0","0","0","0","0","0","0","0","0","0",81035,2728,168,6,0,16,30,17,43,28,22,2,0,0,486,880,492,20,2,366
"G3601190","1980","A","1","2","New York","36","5600","Westchester","119",,,,,,,,"70",,,,,"G",,,,,,,,"WESTCHESTER COUNTY","0","0","0","0","0","0","0","0","0","0","0","0","0","0","0","0","0","0","0","0","0",729831,104815,693,16,13,4762,3566,1299,1715,3484,211,60,22,7,16105,45566,31368,2372,305,11521
"G3601210","1980","A","1","2","New York","36",,"Wyoming","121",,,,,,,,,,,,,"02",,,,,,,,"WYOMING COUNTY","0","0","0","0","0","0","0","1","0","0","0","0","0","0","0","0","0","0","0","1","0",38499,1020,70,1,0,10,15,14,29,15,0,3,0,0,219,293,100,10,9,174
"G3601230","1980","A","1","2","New York","36",,"Yates","123",,,,,,,,,,,,,"02",,,,,,,,"YATES COUNTY","0","0","0","0","0","0","0","1","0","0","0","0","0","0","0","0","0","0","0","0","1",21228,130,20,0,0,2,10,0,10,4,0,0,0,0,55,115,79,2,3,31
"G3700010","1980","A","3","5","North Carolina","37","1300","Alamance","001",,,,,,,,,,,,,"03",,,,,,,,"ALAMANCE COUNTY","0","0","0","0","0","0","0","0","0","0","0","0","0","0","0","0","0","0","0","0","0",79775,19113,143,0,1,23,19,7,40,39,19,9,2,2,127,581,357,163,3,58
"G3700030","1980","A","3","5","North Carolina","37","3290","Alexander","003",,,,,,,,,,,,,"02",,,,,,,,"ALEXANDER COUNTY","0","0","0","0","0","0","0","0","0","0","0","0","0","0","0","0","0","0","0","0","0",23250,1668,25,0,0,2,2,4,16,8,1,1,3,0,19,160,122,17,8,13
"G3700050","1980","A","3","5","North Carolina","37",,"Alleghany","005",,,,,,,,,,,,,"01",,,,,,,,"ALLEGHANY COUNTY","0","0","0","1","1","0","1","0","0","0","0","0","1","1","1","0","0","0","0","0","0",9367,203,3,0,0,1,0,0,0,4,0,1,0,0,8,77,75,0,0,2
"G3700070","1980","A","3","5","North Carolina","37",,"Anson","007",,,,,,,,,,,,,"05",,,,,,,,"ANSON COUNTY","0","0","0","0","0","0","0","0","0","0","0","0","0","1","1","0","0","0","0","1","0",13616,11935,60,0,0,3,3,2,1,1,4,2,0,0,22,272,61,194,6,11
"G3700090","1980","A","3","5","North Carolina","37",,"Ashe","009",,,,,,,,,,,,,"01",,,,,,,,"ASHE COUNTY","0","0","0","0","0","0","0","1","0","0","0","0","0","1","1","0","0","0","0","0","1",22097,182,15,0,0,1,1,2,6,5,0,1,0,0,15,95,84,4,6,1
"G3700110","1980","A","3","5","North Carolina","37",,"Avery","011",,,,,,,,,,,,,"01",,,,,,,,"AVERY COUNTY","0","0","0","0","1","0","0","0","0","0","0","0","0","1","1","0","0","0","0","1","0",14226,136,33,0,0,0,1,0,0,1,6,0,0,0,6,110,101,0,6,3
"G3700130","1980","A","3","5","North Carolina","37",,"Beaufort","013",,,,,,,,,,,,,"10",,,,,,,,"BEAUFORT COUNTY","0","0","0","0","0","0","0","0","0","0","0","0","0","0","0","0","0","0","0","1","0",27501,12783,16,0,0,5,10,1,1,2,7,6,1,0,22,229,88,134,2,5
"G3700150","1980","A","3","5","North Carolina","37",,"Bertie","015",,,,,,,,,,,,,"07",,,,,,,,"BERTIE COUNTY","0","0","0","1","0","0","1","0","0","0","0","0","1","0","1","0","0","0","0","1","0",8544,12441,11,1,0,6,0,5,0,6,0,4,0,0,6,295,43,248,0,4
"G3700170","1980","A","3","5","North Carolina","37",,"Bladen","017",,,,,,,,,,,,,"11",,,,,,,,"BLADEN COUNTY","0","0","0","0","0","0","0","0","0","0","0","0","0","0","0","0","0","0","0","1","0",18299,11801,321,0,0,2,5,7,1,4,4,10,0,0,37,312,104,185,2,21
"G3700190","1980","A","3","5","North Carolina","37","9200","Brunswick","019",,,,,,,,,,,,,"11",,,,,,,,"BRUNSWICK COUNTY","0","0","0","0","0","0","0","0","0","0","0","0","0","0","0","0","0","0","0","0","0",27281,8287,113,0,0,5,6,15,7,9,9,5,0,4,36,309,164,126,6,13
"G3700210","1980","A","3","5","North Carolina","37","0480","Buncombe","021",,,,,,,,,,,,,"A",,,,,,,,"BUNCOMBE COUNTY","0","0","0","0","0","0","0","0","0","0","0","0","0","0","0","0","0","0","0","0","0",145990,13997,295,3,1,47,47,51,66,63,30,20,3,8,313,1036,747,145,24,120
"G3700230","1980","A","3","5","North Carolina","37",,"Burke","023",,,,,,,,,,,,,"02",,,,,,,,"BURKE COUNTY","0","0","0","0","0","0","0","0","0","0","0","0","0","0","0","0","0","0","0","0","0",66953,5213,95,0,0,22,4,13,31,59,9,6,1,0,98,357,295,42,2,18
"G3700250","1980","A","3","5","North Carolina","37","7140","Cabarrus","025",,,,,,,,,,,,,"04",,,,,,,,"CABARRUS COUNTY","0","0","0","0","0","0","0","0","0","0","0","0","0","0","0","0","0","0","0","0","0",73342,12201,134,1,0,12,16,12,44,30,23,7,4,0,69,485,364,85,2,34
"G3700270","1980","A","3","5","North Carolina","37",,"Caldwell","027",,,,,,,,,,,,,"02",,,,,,,,"CALDWELL COUNTY","0","0","0","0","0","0","0","0","0","0","0","0","0","0","0","0","0","0","0","0","1",63739,3874,47,0,1,11,9,5,1,22,0,5,0,0,32,265,234,18,8,5
"G3700290","1980","A","3","5","North Carolina","37",,"Camden","029",,,,,,,,,,,,,"10",,,,,,,,"CAMDEN COUNTY","0","0","0","1","1","0","1","0","0","0","0","0","1","1","0","0","0","0","0","1","1",3932,1876,3,0,0,3,0,1,3,1,1,0,0,0,9,37,9,27,0,1
"G3700310","1980","A","3","5","North Carolina","37",,"Carteret","031",,,,,,,,,,,,,"11",,,,,,,,"CARTERET COUNTY","0","0","0","0","0","0","0","0","0","0","0","0","0","0","0","0","0","0","0","0","0",36871,3859,124,0,1,53,0,43,5,22,10,8,0,1,95,297,198,33,11,55
"G3700330","1980","A","3","5","North Carolina","37",,"Caswell","033",,,,,,,,,,,,,"03",,,,,,,,"CASWELL COUNTY","0","0","0","1","0","0","0","0","0","0","0","0","1","0","1","0","0","0","0","1","0",11645,9016,13,0,0,6,0,0,0,4,2,8,0,0,11,159,54,95,7,3
"G3700350","1980","A","3","5","North Carolina","37","3290","Catawba","035",,,,,,,,,,,,,"04",,,,,,,,"CATAWBA COUNTY","0","0","0","0","0","0","0","0","0","0","0","0","0","0","0","0","0","0","0","0","0",94974,9746,105,0,1,20,44,24,25,31,122,4,1,0,111,578,442,88,8,40
"G3700370","1980","A","3","5","North Carolina","37",,"Chatham","037",,,,,,,,,,,,,"04",,,,,,,,"CHATHAM COUNTY","0","0","0","0","0","0","0","0","0","0","0","0","0","0","0","0","0","0","0","0","0",24316,8987,32,0,0,4,10,6,2,13,0,0,0,0,45,266,158,79,2,27
"G3700390","1980","A","3","5","North Carolina","37",,"Cherokee","039",,,,,,,,,,,,,"01",,,,,,,,"CHEROKEE COUNTY","0","0","0","0","1","0","0","1","0","0","0","0","0","1","1","0","0","0","0","0","1",18275,401,189,0,0,3,5,6,2,35,1,5,0,0,11,116,97,10,3,6
"G3700410","1980","A","3","5","North Carolina","37",,"Chowan","041",,,,,,,,,,,,,"07",,,,,,,,"CHOWAN COUNTY","0","0","0","1","0","0","0","0","0","0","0","0","1","1","0","0","0","0","0","0","0",7294,5210,19,0,0,1,5,2,4,15,1,2,0,0,5,74,24,46,1,3
"G3700430","1980","A","3","5","North Carolina","37",,"Clay","043",,,,,,,,,,,,,"01",,,,,,,,"CLAY COUNTY","0","0","0","1","1","0","0","0","0","0","0","1","1","0","0","0","0","0","0","0","0",6569,34,10,0,0,1,0,0,0,0,2,0,0,1,2,38,38,0,0,0
"G3700450","1980","A","3","5","North Carolina","37",,"Cleveland","045",,,,,,,,,,,,,"05",,,,,,,,"CLEVELAND COUNTY","0","0","0","0","0","0","0","0","0","0","0","0","0","0","0","0","0","0","0","0","1",65803,17400,62,0,0,14,19,6,15,32,9,4,2,0,69,473,259,195,3,16
"G3700470","1980","A","3","5","North Carolina","37",,"Columbus","047",,,,,,,,,,,,,"11",,,,,,,,"COLUMBUS COUNTY","0","0","0","0","0","0","0","0","0","0","0","0","0","0","0","0","0","0","0","0","0",34406,15394,1175,0,0,5,4,1,4,15,4,3,0,0,26,475,236,203,29,7
"G3700490","1980","A","3","5","North Carolina","37",,"Craven","049",,,,,,,,,,,,,"11",,,,,,,,"CRAVEN COUNTY","0","0","0","0","0","0","0","0","0","0","0","0","0","0","0","0","0","0","0","0","0",50408,19287,182,0,2,183,10,189,26,16,1,13,34,12,680,1351,572,176,61,542
"G3700510","1980","A","3","5","North Carolina","37","2560","Cumberland","051",,,,,,,,,,,,,"09",,,,,,,,"CUMBERLAND COUNTY","0","0","0","0","0","0","0","0","0","0","0","0","0","0","0","0","0","0","0","0","0",158237,75726,3644,9,7,686,236,505,1394,200,412,228,272,109,5495,9120,3598,926,412,4184
"G3700530","1980","A","3","5","North Carolina","37","5720","Currituck","053",,,,,,,,,,,,,"10",,,,,,,,"CURRITUCK COUNTY","0","0","0","0","0","0","0","0","0","0","0","0","1","0","1","0","0","0","0","0","1",9256,1758,23,0,3,6,2,13,0,2,1,1,0,0,24,95,55,26,6,8
"G3700550","1980","A","3","5","North Carolina","37",,"Dare","055",,,,,,,,,,,,,"10",,,,,,,,"DARE COUNTY","0","0","0","0","0","0","0","1","0","0","0","0","0","0","0","0","0","0","0","0","1",12468,827,18,0,0,5,1,15,10,2,6,0,1,0,24,56,40,10,1,5
"G3700570","1980","A","3","5","North Carolina","37","3120","Davidson","057",,,,,,,,,,,,,"04",,,,,,,,"DAVIDSON COUNTY","0","0","0","0","0","0","0","0","0","0","0","0","0","0","0","0","0","0","0","0","0",101392,11319,205,0,1,13,16,17,21,39,29,3,3,0,104,622,473,110,12,27
"G3700590","1980","A","3","5","North Carolina","37",,"Davie","059",,,,,,,,,,,,,"04",,,,,,,,"DAVIE COUNTY","0","0","0","0","0","0","0","0","0","0","0","0","0","1","1","0","0","0","0","0","0",21959,2556,47,1,0,2,2,3,4,2,2,0,0,0,21,127,89,16,8,14
"G3700610","1980","A","3","5","North Carolina","37",,"Duplin","061",,,,,,,,,,,,,"11",,,,,,,,"DUPLIN COUNTY","0","0","0","0","0","0","0","0","0","0","0","0","0","0","0","0","0","0","0","0","0",26835,14003,51,0,0,6,1,1,1,8,0,2,0,0,44,281,102,151,0,28
"G3700630","1980","A","3","5","North Carolina","37","6640","Durham","063",,,,,,,,,,,,,"F",,,,,,,,"DURHAM COUNTY","0","0","0","0","0","0","0","0","0","0","0","0","0","0","0","0","0","0","0","0","0",95818,55424,170,4,1,154,253,89,118,309,39,14,0,3,389,1279,732,407,33,107
"G3700650","1980","A","3","5","North Carolina","37",,"Edgecombe","065",,,,,,,,,,,,,"08",,,,,,,,"EDGECOMBE COUNTY","0","0","0","0","0","0","0","0","0","0","0","0","0","0","0","0","0","0","0","1","0",27428,28433,29,0,1,8,1,7,10,24,3,6,1,0,37,484,154,317,6,7
"G3700670","1980","A","3","5","North Carolina","37","3120","Forsyth","067",,,,,,,,,,,,,"B",,,,,,,,"FORSYTH COUNTY","0","0","0","0","0","0","0","0","0","0","0","0","0","0","0","0","0","0","0","0","0",182647,59403,451,1,0,109,119,50,96,169,91,26,0,0,521,1575,923,465,34,153
"G3700690","1980","A","3","5","North Carolina","37",,"Franklin","069",,,,,,,,,,,,,"06",,,,,,,,"FRANKLIN COUNTY","0","0","0","0","0","0","0","0","0","0","0","0","0","1","1","0","0","0","0","1","0",17648,12301,38,0,0,6,2,0,1,3,31,0,0,0,25,330,103,214,1,12
"G3700710","1980","A","3","5","North Carolina","37","1520","Gaston","071",,,,,,,,,,,,,"05",,,,,,,,"GASTON COUNTY","0","0","0","0","0","0","0","0","0","0","0","0","0","0","0","0","0","0","0","0","0",141827,19868,257,1,1,40,40,9,20,177,28,9,16,0,275,991,706,167,25,93
"G3700730","1980","A","3","5","North Carolina","37",,"Gates","073",,,,,,,,,,,,,"07",,,,,,,,"GATES COUNTY","0","0","0","1","1","0","1","0","0","0","0","0","1","1","0","0","0","0","0","1","1",4192,4664,4,0,0,2,0,8,0,3,1,0,0,0,1,75,8,65,1,1
"G3700750","1980","A","3","5","North Carolina","37",,"Graham","075",,,,,,,,,,,,,"01",,,,,,,,"GRAHAM COUNTY","0","0","1","0","1","0","0","0","0","0","0","0","0","1","1","0","0","0","0","1","0",6826,1,379,0,0,0,0,1,0,1,0,0,0,0,9,39,25,0,7,7
"G3700770","1980","A","3","5","North Carolina","37",,"Granville","077",,,,,,,,,,,,,"03",,,,,,,,"GRANVILLE COUNTY","0","0","0","0","0","0","0","0","0","0","0","0","0","0","0","0","0","0","0","0","0",18917,14941,53,0,0,2,5,9,1,35,6,4,0,0,70,385,146,192,2,45
"G3700790","1980","A","3","5","North Carolina","37",,"Greene","079",,,,,,,,,,,,,"08",,,,,,,,"GREENE COUNTY","0","0","0","1","1","0","0","0","0","0","0","0","1","1","1","0","0","0","0","1","0",8785,7298,2,0,0,4,0,2,1,1,0,1,0,0,23,137,35,80,0,22
"G3700810","1980","A","3","5","North Carolina","37","3120","Guilford","081",,,,,,,,,,,,,"C",,,,,,,,"GUILFORD COUNTY","0","0","0","0","0","0","0","0","0","0","0","0","0","0","0","0","0","0","0","0","0",234579,79374,1348,0,0,110,209,52,302,263,113,44,8,6,746,2404,1408,700,69,227
"G3700830","1980","A","3","5","North Carolina","37",,"Halifax","083",,,,,,,,,,,,,"07",,,,,,,,"HALIFAX COUNTY","0","0","0","0","0","0","0","0","0","0","0","0","0","0","0","0","0","0","0","0","0",27559,26053,1217,0,0,7,5,12,4,21,21,16,0,0,371,461,113,310,11,27
"G3700850","1980","A","3","5","North Carolina","37",,"Harnett","085",,,,,,,,,,,,,"06",,,,,,,,"HARNETT COUNTY","0","0","0","0","0","0","0","0","0","0","0","0","0","0","0","0","0","0","0","0","0",44861,13850,487,0,1,48,13,11,41,16,7,9,4,3,219,669,324,239,15,91
"G3700870","1980","A","3","5","North Carolina","37",,"Haywood","087",,,,,,,,,,,,,"01",,,,,,,,"HAYWOOD COUNTY","0","0","0","0","0","0","0","1","0","0","0","0","0","0","0","0","0","0","0","1","0",45550,743,121,0,1,4,3,4,4,20,5,0,0,0,40,236,220,1,0,15
"G3700890","1980","A","3","5","North Carolina","37",,"Henderson","089",,,,,,,,,,,,,"01",,,,,,,,"HENDERSON COUNTY","0","0","0","0","0","0","0","0","0","0","0","0","0","0","0","0","0","0","0","0","1",56226,2122,71,0,0,12,12,11,18,18,1,0,0,0,89,344,279,15,8,42
"G3700910","1980","A","3","5","North Carolina","37",,"Hertford","091",,,,,,,,,,,,,"07",,,,,,,,"HERTFORD COUNTY","0","0","0","0","0","0","0","0","0","0","0","0","0","0","0","0","0","0","0","0","0",10285,12810,148,0,0,12,5,0,2,10,0,5,1,0,90,237,37,164,21,15
"G3700930","1980","A","3","5","North Carolina","37",,"Hoke","093",,,,,,,,,,,,,"09",,,,,,,,"HOKE COUNTY","0","0","0","0","0","0","0","0","0","0","0","0","0","0","0","0","0","0","0","0","0",8838,8875,2578,0,0,6,4,0,12,8,5,1,0,1,55,205,47,105,30,23
"G3700950","1980","A","3","5","North Carolina","37",,"Hyde","095",,,,,,,,,,,,,"10",,,,,,,,"HYDE COUNTY","0","0","0","0","1","0","0","0","0","0","0","0","0","1","1","0","0","0","0","0","0",3777,2088,0,0,0,0,0,0,0,2,0,0,0,0,6,54,23,31,0,0
"G3700970","1980","A","3","5","North Carolina","37",,"Iredell","097",,,,,,,,,,,,,"04",,,,,,,,"IREDELL COUNTY","0","0","0","0","0","0","0","0","0","0","0","0","0","0","0","0","0","0","0","0","0",67942,14264,129,0,0,20,15,11,43,22,6,0,0,0,86,554,402,100,7,45
"G3700990","1980","A","3","5","North Carolina","37",,"Jackson","099",,,,,,,,,,,,,"01",,,,,,,,"JACKSON COUNTY","0","0","0","0","0","0","0","1","0","0","0","0","0","0","0","0","0","0","0","0","1",22797,520,2411,1,0,4,3,5,10,18,4,0,0,0,38,715,199,3,502,11
"G3701010","1980","A","3","5","North Carolina","37",,"Johnston","101",,,,,,,,,,,,,"06",,,,,,,,"JOHNSTON COUNTY","0","0","0","0","0","0","0","0","0","0","0","0","0","0","0","0","0","0","0","0","0",56436,13915,94,1,0,11,4,5,19,37,1,2,0,2,72,610,370,185,8,47
"G3701030","1980","A","3","5","North Carolina","37",,"Jones","103",,,,,,,,,,,,,"11",,,,,,,,"JONES COUNTY","0","0","0","0","1","0","0","0","0","0","0","0","1","0","1","0","0","0","0","0","1",5462,4212,20,0,0,1,0,3,0,0,1,0,1,0,5,79,38,33,3,5
"G3701050","1980","A","3","5","North Carolina","37",,"Lee","105",,,,,,,,,,,,,"06",,,,,,,,"LEE COUNTY","0","0","0","0","0","0","0","0","0","0","0","0","0","0","0","0","0","0","0","0","0",28468,8098,60,0,0,4,14,9,13,13,7,1,0,0,31,300,193,80,7,20
"G3701070","1980","A","3","5","North Carolina","37",,"Lenoir","107",,,,,,,,,,,,,"08",,,,,,,,"LENOIR COUNTY","0","0","0","0","0","0","0","0","0","0","0","0","0","0","0","0","0","0","0","0","0",36811,22795,56,0,0,7,20,14,9,25,7,9,0,1,65,470,187,240,11,32
"G3701090","1980","A","3","5","North Carolina","37",,"Lincoln","109",,,,,,,,,,,,,"05",,,,,,,,"LINCOLN COUNTY","0","0","0","0","0","0","0","0","0","0","0","0","0","0","0","0","0","0","0","0","0",38374,3832,30,0,7,3,17,0,12,17,13,0,0,1,66,306,218,39,7,42
"G3701110","1980","A","3","5","North Carolina","37",,"McDowell","111",,,,,,,,,,,,,"02",,,,,,,,"MCDOWELL COUNTY","0","0","0","0","0","0","0","0","0","0","0","0","0","0","0","0","0","0","0","0","1",33415,1549,34,0,0,4,3,8,17,32,5,3,0,0,65,138,104,27,2,5
"G3701130","1980","A","3","5","North Carolina","37",,"Macon","113",,,,,,,,,,,,,"01",,,,,,,,"MACON COUNTY","0","0","0","0","0","0","0","1","0","0","0","0","0","1","1","0","0","0","0","1","0",19730,382,25,0,0,5,3,1,2,6,1,1,0,0,22,111,101,1,2,7
"G3701150","1980","A","3","5","North Carolina","37","0480","Madison","115",,,,,,,,,,,,,"01",,,,,,,,"MADISON COUNTY","0","0","0","0","1","0","0","0","0","0","0","0","0","1","1","0","0","0","0","1","0",16640,135,35,1,1,3,0,0,1,3,1,0,0,0,7,82,73,0,2,7
"G3701170","1980","A","3","5","North Carolina","37",,"Martin","117",,,,,,,,,,,,,"07",,,,,,,,"MARTIN COUNTY","0","0","0","1","0","0","0","0","0","0","0","0","0","0","0","0","0","0","0","1","0",14334,11555,2,0,0,2,5,8,5,12,0,2,0,0,23,223,57,157,5,4
"G3701190","1980","A","3","5","North Carolina","37","1520","Mecklenburg","119",,,,,,,,,,,,,"D",,,,,,,,"MECKLENBURG COUNTY","0","0","0","0","0","0","0","0","0","0","0","0","0","0","0","0","0","0","0","0","0",291442,107006,1404,3,5,225,507,157,191,1245,425,31,18,5,1606,3962,2184,1114,87,577
"G3701210","1980","A","3","5","North Carolina","37",,"Mitchell","121",,,,,,,,,,,,,"01",,,,,,,,"MITCHELL COUNTY","0","0","0","0","0","0","1","0","0","0","0","0","0","1","1","0","0","0","0","1","0",14351,18,21,0,0,4,10,2,0,7,0,0,0,0,15,81,74,0,0,7
"G3701230","1980","A","3","5","North Carolina","37",,"Montgomery","123",,,,,,,,,,,,,"04",,,,,,,,"MONTGOMERY COUNTY","0","0","0","0","1","0","0","0","0","0","0","0","1","0","1","0","0","0","0","0","1",16854,5517,60,4,0,5,0,0,0,4,1,0,0,0,24,196,99,77,0,20
"G3701250","1980","A","3","5","North Carolina","37",,"Moore","125",,,,,,,,,,,,,"09",,,,,,,,"MOORE COUNTY","0","0","0","0","0","0","0","0","0","0","0","0","0","0","0","0","0","0","0","0","0",39393,10693,316,0,0,5,3,0,4,17,2,3,1,0,68,338,196,115,1,26
"G3701270","1980","A","3","5","North Carolina","37",,"Nash","127",,,,,,,,,,,,,"08",,,,,,,,"NASH COUNTY","0","0","0","0","0","0","0","0","0","0","0","0","0","0","0","0","0","0","0","0","0",44745,22089,84,0,1,12,12,8,21,78,8,9,1,0,85,587,196,317,20,54
"G3701290","1980","A","3","5","North Carolina","37","9200","New Hanover","129",,,,,,,,,,,,,"11",,,,,,,,"NEW HANOVER COUNTY","0","0","0","0","0","0","0","0","0","0","0","0","0","0","0","0","0","0","0","0","0",80353,22371,258,0,2,44,43,63,48,58,26,13,2,14,176,779,491,179,23,86
"G3701310","1980","A","3","5","North Carolina","37",,"Northampton","131",,,,,,,,,,,,,"07",,,,,,,,"NORTHAMPTON COUNTY","0","0","0","0","1","0","0","0","0","0","0","0","0","1","1","0","0","0","0","1","0",8824,13709,33,1,0,1,0,3,1,3,0,0,1,0,8,279,52,223,1,3
"G3701330","1980","A","3","5","North Carolina","37","3605","Onslow","133",,,,,,,,,,,,,"11",,,,,,,,"ONSLOW COUNTY","0","0","0","0","0","0","0","0","0","0","0","0","0","0","0","0","0","0","0","0","0",85498,22775,589,3,5,461,69,492,63,53,40,96,89,54,2497,4373,1757,365,188,2063
"G3701350","1980","A","3","5","North Carolina","37","6640","Orange","135",,,,,,,,,,,,,"03",,,,,,,,"ORANGE COUNTY","0","0","0","0","0","0","0","0","0","0","0","0","0","0","0","0","0","0","0","0","0",62522,13326,157,1,5,116,254,26,79,123,118,10,1,8,309,683,454,132,7,90
"G3701370","1980","A","3","5","North Carolina","37",,"Pamlico","137",,,,,,,,,,,,,"11",,,,,,,,"PAMLICO COUNTY","0","0","0","0","1","0","0","0","0","0","0","0","0","1","1","0","0","0","0","1","0",7100,3238,35,0,0,2,0,1,2,3,1,1,0,0,15,54,26,23,1,4
"G3701390","1980","A","3","5","North Carolina","37",,"Pasquotank","139",,,,,,,,,,,,,"10",,,,,,,,"PASQUOTANK COUNTY","0","0","0","0","0","0","0","0","0","0","0","0","0","0","0","0","0","0","0","0","0",17847,10383,22,1,0,8,7,44,23,42,17,7,0,0,61,189,80,61,26,22
"G3701410","1980","A","3","5","North Carolina","37",,"Pender","141",,,,,,,,,,,,,"11",,,,,,,,"PENDER COUNTY","0","0","0","0","0","0","0","0","0","0","0","0","0","0","0","0","0","0","0","1","0",13531,8623,24,0,0,2,4,5,0,5,0,3,0,0,18,201,64,121,7,9
"G3701430","1980","A","3","5","North Carolina","37",,"Perquimans","143",,,,,,,,,,,,,"07",,,,,,,,"PERQUIMANS COUNTY","0","0","0","1","1","0","1","0","0","0","0","0","1","1","0","0","0","0","0","1","0",5888,3581,12,0,0,0,0,3,0,0,1,1,0,0,0,82,33,48,1,0
"G3701450","1980","A","3","5","North Carolina","37",,"Person","145",,,,,,,,,,,,,"03",,,,,,,,"PERSON COUNTY","0","0","0","0","0","0","0","1","0","0","0","0","0","0","0","0","0","0","0","0","1",19785,9159,169,0,0,6,0,5,1,13,1,5,0,1,19,236,127,106,0,3
"G3701470","1980","A","3","5","North Carolina","37",,"Pitt","147",,,,,,,,,,,,,"08",,,,,,,,"PITT COUNTY","0","0","0","0","0","0","0","0","0","0","0","0","0","0","0","0","0","0","0","0","0",58587,30966,86,1,3,36,74,18,44,94,33,11,4,0,189,851,317,464,13,57
"G3701490","1980","A","3","5","North Carolina","37",,"Polk","149",,,,,,,,,,,,,"05",,,,,,,,"POLK COUNTY","0","0","0","0","1","0","0","1","0","0","0","0","0","1","1","0","0","0","0","0","1",11748,1191,18,0,0,2,1,1,1,8,1,1,1,1,10,107,79,23,0,5
"G3701510","1980","A","3","5","North Carolina","37","3120","Randolph","151",,,,,,,,,,,,,"04",,,,,,,,"RANDOLPH COUNTY","0","0","0","0","0","0","0","0","0","0","0","0","0","0","0","0","0","0","0","0","0",85479,5755,252,1,0,13,3,15,32,46,25,3,1,1,102,488,380,55,9,44
"G3701530","1980","A","3","5","North Carolina","37",,"Richmond","153",,,,,,,,,,,,,"09",,,,,,,,"RICHMOND COUNTY","0","0","0","0","0","0","0","0","0","0","0","0","0","0","0","0","0","0","0","0","0",32812,12104,443,0,0,1,9,11,6,28,2,0,0,0,65,363,166,154,19,24
"G3701550","1980","A","3","5","North Carolina","37",,"Robeson","155",,,,,,,,,,,,,"09",,,,,,,,"ROBESON COUNTY","0","0","0","0","0","0","0","0","0","0","0","0","0","0","0","0","0","0","0","0","0",39994,25600,35528,1,0,10,18,13,15,118,13,5,0,0,295,1214,216,339,604,55
"G3701570","1980","A","3","5","North Carolina","37",,"Rockingham","157",,,,,,,,,,,,,"03",,,,,,,,"ROCKINGHAM COUNTY","0","0","0","0","0","0","0","0","0","0","0","0","0","0","0","0","0","0","0","0","0",65995,17186,66,1,1,5,12,4,3,18,0,5,1,1,128,639,388,172,1,78
"G3701590","1980","A","3","5","North Carolina","37","7140","Rowan","159",,,,,,,,,,,,,"04",,,,,,,,"ROWAN COUNTY","0","0","0","0","0","0","0","0","0","0","0","0","0","0","0","0","0","0","0","0","0",83058,15607,164,1,0,14,41,45,29,41,37,5,1,0,143,552,351,127,14,60
"G3701610","1980","A","3","5","North Carolina","37",,"Rutherford","161",,,,,,,,,,,,,"05",,,,,,,,"RUTHERFORD COUNTY","0","0","0","0","0","0","0","0","0","0","0","0","0","0","0","0","0","0","0","0","0",47102,6550,38,0,0,6,1,8,2,23,18,3,0,0,36,395,276,89,6,24
"G3701630","1980","A","3","5","North Carolina","37",,"Sampson","163",,,,,,,,,,,,,"06",,,,,,,,"SAMPSON COUNTY","0","0","0","0","0","0","0","0","0","0","0","0","0","0","0","0","0","0","0","0","0",31865,16735,884,0,0,4,2,5,11,7,0,5,0,0,169,461,200,119,11,131
"G3701650","1980","A","3","5","North Carolina","37",,"Scotland","165",,,,,,,,,,,,,"09",,,,,,,,"SCOTLAND COUNTY","0","0","0","0","0","0","0","0","0","0","0","0","0","0","0","0","0","0","0","0","0",18746,11361,2062,0,0,9,3,7,8,15,11,0,0,0,51,292,107,141,15,29
"G3701670","1980","A","3","5","North Carolina","37",,"Stanly","167",,,,,,,,,,,,,"04",,,,,,,,"STANLY COUNTY","0","0","0","0","0","0","0","0","0","0","0","0","0","0","0","0","0","0","0","0","1",42702,5649,41,0,0,5,41,12,7,22,0,1,0,0,37,250,186,40,2,22
"G3701690","1980","A","3","5","North Carolina","37","3120","Stokes","169",,,,,,,,,,,,,"03",,,,,,,,"STOKES COUNTY","0","0","0","0","0","0","0","0","0","0","0","0","0","0","0","0","0","0","0","0","0",30574,2373,34,1,0,1,4,22,6,2,4,4,0,0,61,240,187,20,1,32
"G3701710","1980","A","3","5","North Carolina","37",,"Surry","171",,,,,,,,,,,,,"03",,,,,,,,"SURRY COUNTY","0","0","0","0","0","0","0","0","0","0","0","0","0","0","0","0","0","0","0","0","0",56321,2929,56,2,0,5,14,3,3,23,2,5,0,0,86,440,353,34,4,49
"G3701730","1980","A","3","5","North Carolina","37",,"Swain","173",,,,,,,,,,,,,"01",,,,,,,,"SWAIN COUNTY","0","0","0","0","1","0","0","0","0","0","0","0","0","1","1","0","0","0","0","1","0",7662,105,2502,0,0,2,1,0,1,3,1,2,0,0,4,40,25,0,13,2
"G3701750","1980","A","3","5","North Carolina","37",,"Transylvania","175",,,,,,,,,,,,,"01",,,,,,,,"TRANSYLVANIA COUNTY","0","0","0","0","0","0","0","1","0","0","0","0","0","1","1","0","0","0","0","0","1",22066,1240,31,0,0,22,6,3,2,3,16,1,1,0,26,96,85,4,1,6
"G3701770","1980","A","3","5","North Carolina","37",,"Tyrrell","177",,,,,,,,,,,,,"10",,,,,,,,"TYRRELL COUNTY","0","0","0","1","0","1","1","1","0","0","0","0","1","0","1","0","0","0","0","1","1",2418,1550,3,0,0,0,0,0,0,0,0,0,0,0,4,14,9,3,0,2
"G3701790","1980","A","3","5","North Carolina","37","1520","Union","179",,,,,,,,,,,,,"05",,,,,,,,"UNION COUNTY","0","0","0","0","0","0","0","0","0","0","0","0","0","0","0","0","0","0","0","0","0",58151,11787,176,0,1,23,13,5,25,23,66,3,2,0,105,561,329,175,9,48
"G3701810","1980","A","3","5","North Carolina","37",,"Vance","181",,,,,,,,,,,,,"03",,,,,,,,"VANCE COUNTY","0","0","0","0","0","0","1","0","0","0","0","0","0","0","0","0","0","0","0","0","1",20716,15926,31,0,0,6,1,0,8,24,13,3,0,0,20,227,96,121,0,10
"G3701830","1980","A","3","5","North Carolina","37","6640","Wake","183",,,,,,,,,,,,,"E",,,,,,,,"WAKE COUNTY","0","0","0","0","0","0","0","0","0","0","0","0","0","0","0","0","0","0","0","0","0",231543,65573,505,10,2,268,718,155,311,495,319,46,3,0,1379,2385,1449,520,62,354
"G3701850","1980","A","3","5","North Carolina","37",,"Warren","185",,,,,,,,,,,,,"06",,,,,,,,"WARREN COUNTY","0","0","0","0","0","0","1","0","0","0","0","0","0","0","0","0","0","0","0","1","0",5896,9653,640,0,0,3,0,2,0,8,0,9,0,1,20,110,23,86,0,1
"G3701870","1980","A","3","5","North Carolina","37",,"Washington","187",,,,,,,,,,,,,"07",,,,,,,,"WASHINGTON COUNTY","0","0","0","1","0","0","1","0","0","0","0","0","0","1","1","0","0","0","0","0","0",8346,6410,6,0,0,6,1,1,14,1,1,0,0,0,15,137,29,106,0,2
"G3701890","1980","A","3","5","North Carolina","37",,"Watauga","189",,,,,,,,,,,,,"01",,,,,,,,"WATAUGA COUNTY","0","0","0","0","0","0","0","0","0","0","0","0","0","0","0","0","0","0","0","1","0",31098,425,22,0,1,11,19,5,14,10,17,2,0,1,41,178,162,0,3,13
"G3701910","1980","A","3","5","North Carolina","37",,"Wayne","191",,,,,,,,,,,,,"08",,,,,,,,"WAYNE COUNTY","0","0","0","0","0","0","0","0","0","0","0","0","0","0","0","0","0","0","0","0","0",64409,31620,176,2,0,80,33,99,85,59,27,28,15,0,421,1006,451,302,51,202
"G3701930","1980","A","3","5","North Carolina","37",,"Wilkes","193",,,,,,,,,,,,,"02",,,,,,,,"WILKES COUNTY","0","0","0","0","0","0","0","0","0","0","0","0","0","0","0","0","0","0","0","0","0",55681,2804,56,0,1,8,5,5,9,4,12,1,0,0,71,441,355,44,4,38
"G3701950","1980","A","3","5","North Carolina","37",,"Wilson","195",,,,,,,,,,,,,"08",,,,,,,,"WILSON COUNTY","0","0","0","0","0","0","0","0","0","0","0","0","0","0","0","0","0","0","0","0","0",39943,22981,37,0,0,7,13,5,16,30,21,6,0,0,73,584,168,370,5,41
"G3701970","1980","A","3","5","North Carolina","37","3120","Yadkin","197",,,,,,,,,,,,,"03",,,,,,,,"YADKIN COUNTY","0","0","0","1","0","0","0","0","0","0","0","0","1","0","1","0","0","0","0","0","1",26969,1354,13,0,0,8,0,4,3,4,0,0,0,0,84,245,143,19,2,81
"G3701990","1980","A","3","5","North Carolina","37",,"Yancey","199",,,,,,,,,,,,,"01",,,,,,,,"YANCEY COUNTY","0","0","0","0","1","0","1","0","0","0","0","0","1","1","0","0","0","0","0","0","0",14701,197,20,0,1,1,1,0,2,5,0,0,0,0,6,70,69,0,0,1
"G3800010","1980","A","2","4","North Dakota","38",,"Adams","001",,,,,,,,,,,,,"01",,,,,,,,"ADAMS COUNTY","0","0","1","1","1","1","1","0","0","0","0","1","1","1","0","0","0","0","1","1","0",3568,1,8,0,0,0,0,0,0,0,7,0,0,0,0,9,9,0,0,0
"G3800030","1980","A","2","4","North Dakota","38",,"Barnes","003",,,,,,,,,,,,,"03",,,,,,,,"BARNES COUNTY","0","0","1","0","0","0","1","0","0","0","0","1","0","1","0","0","0","0","1","1","0",13868,17,47,0,0,0,0,2,2,2,13,0,0,0,9,28,22,0,0,6
"G3800050","1980","A","2","4","North Dakota","38",,"Benson","005",,,,,,,,,,,,,"03",,,,,,,,"BENSON COUNTY","0","0","1","0","1","0","1","0","0","0","0","0","1","0","1","0","0","0","0","1","0",5615,1,2316,0,0,0,0,1,0,0,0,0,0,0,11,27,9,0,12,6
"G3800070","1980","A","2","4","North Dakota","38",,"Billings","007",,,,,,,,,,,,,"01",,,,,,,,"BILLINGS COUNTY","0","1","0","1","0","1","0","0","0","0","1","0","1","0","0","0","0","0","1","0","0",1134,0,4,0,0,0,0,0,0,0,0,0,0,0,0,2,0,0,2,0
"G3800090","1980","A","2","4","North Dakota","38",,"Bottineau","009",,,,,,,,,,,,,"03",,,,,,,,"BOTTINEAU COUNTY","0","0","1","0","0","0","1","0","0","0","0","0","0","1","1","0","0","0","1","1","0",9138,1,75,1,0,2,0,1,10,1,3,0,0,0,7,17,16,0,0,1
"G3800110","1980","A","2","4","North Dakota","38",,"Bowman","011",,,,,,,,,,,,,"01",,,,,,,,"BOWMAN COUNTY","0","0","0","1","1","1","0","0","0","0","0","0","1","1","1","0","0","0","1","0","0",4210,0,10,0,0,0,0,0,1,1,0,0,0,0,7,6,0,0,0,6
"G3800130","1980","A","2","4","North Dakota","38",,"Burke","013",,,,,,,,,,,,,"02",,,,,,,,"BURKE COUNTY","0","0","1","1","1","0","1","0","0","0","0","1","1","1","1","0","0","0","0","0","0",3803,3,5,0,0,0,0,5,1,0,1,0,1,0,3,15,9,0,5,1
"G3800150","1980","A","2","4","North Dakota","38","1010","Burleigh","015",,,,,,,,,,,,,"02",,,,,,,,"BURLEIGH COUNTY","0","0","0","0","0","0","0","0","0","0","0","0","0","0","0","0","0","0","0","0","0",53377,46,1027,1,0,13,32,22,28,37,59,0,2,0,167,203,128,0,27,48
"G3800170","1980","A","2","4","North Dakota","38","2520","Cass","017",,,,,,,,,,,,,"04",,,,,,,,"CASS COUNTY","0","0","0","0","0","0","0","1","0","0","0","0","0","0","0","0","0","0","0","0","1",86842,142,499,1,1,31,82,39,75,80,70,6,9,0,370,515,320,1,19,175
"G3800190","1980","A","2","4","North Dakota","38",,"Cavalier","019",,,,,,,,,,,,,"03",,,,,,,,"CAVALIER COUNTY","0","0","1","0","1","0","1","0","0","0","0","1","1","0","1","0","0","0","1","1","0",7587,1,38,0,0,1,1,1,3,0,0,0,0,0,4,16,15,0,0,1
"G3800210","1980","A","2","4","North Dakota","38",,"Dickey","021",,,,,,,,,,,,,"05",,,,,,,,"DICKEY COUNTY","0","0","1","1","0","0","0","1","0","0","0","1","1","0","1","0","0","0","0","1","1",7151,1,11,0,0,0,0,12,1,9,0,2,0,3,17,22,17,1,2,2
"G3800230","1980","A","2","4","North Dakota","38",,"Divide","023",,,,,,,,,,,,,"02",,,,,,,,"DIVIDE COUNTY","0","0","0","1","1","1","1","0","0","0","0","0","1","0","1","0","0","0","0","0","0",3481,0,8,0,1,1,0,0,0,0,0,0,0,0,3,1,1,0,0,0
"G3800250","1980","A","2","4","North Dakota","38",,"Dunn","025",,,,,,,,,,,,,"01",,,,,,,,"DUNN COUNTY","0","0","1","0","1","0","0","0","0","0","0","1","0","0","1","0","0","0","0","1","0",4168,1,451,1,0,1,0,0,0,0,0,0,0,0,5,34,24,0,6,4
"G3800270","1980","A","2","4","North Dakota","38",,"Eddy","027",,,,,,,,,,,,,"03",,,,,,,,"EDDY COUNTY","0","0","1","0","1","1","1","0","0","0","0","1","0","1","0","0","0","0","1","1","0",3526,1,26,0,0,1,0,0,0,0,0,0,0,0,0,3,3,0,0,0
"G3800290","1980","A","2","4","North Dakota","38",,"Emmons","029",,,,,,,,,,,,,"02",,,,,,,,"EMMONS COUNTY","0","0","1","1","1","0","0","0","0","0","0","1","1","0","0","0","0","0","0","0","0",5868,1,6,0,0,0,0,0,1,0,0,0,0,0,1,18,18,0,0,0
"G3800310","1980","A","2","4","North Dakota","38",,"Foster","031",,,,,,,,,,,,,"03",,,,,,,,"FOSTER COUNTY","0","0","1","0","1","1","1","0","0","0","0","0","1","1","1","0","0","0","1","1","0",4583,1,18,0,0,0,0,0,3,2,0,0,0,0,4,11,7,0,1,3
"G3800330","1980","A","2","4","North Dakota","38",,"Golden Valley","033",,,,,,,,,,,,,"01",,,,,,,,"GOLDEN VALLEY COUNTY","0","0","1","1","0","1","1","0","0","0","1","1","0","0","0","0","0","0","1","1","0",2380,2,6,0,0,0,0,0,0,0,0,0,0,0,3,3,3,0,0,0
"G3800350","1980","A","2","4","North Dakota","38","2985","Grand Forks","035",,,,,,,,,,,,,"04",,,,,,,,"GRAND FORKS COUNTY","0","0","0","0","0","0","0","1","0","0","0","0","0","0","0","0","0","0","0","0","1",63034,1127,791,5,2,61,87,140,77,65,54,11,5,6,635,953,510,10,64,369
"G3800370","1980","A","2","4","North Dakota","38",,"Grant","037",,,,,,,,,,,,,"01",,,,,,,,"GRANT COUNTY","0","0","1","0","1","1","1","0","0","0","0","0","1","0","1","0","0","0","1","1","0",4230,1,28,0,0,0,0,0,0,0,1,0,0,0,14,13,2,0,0,11
"G3800390","1980","A","2","4","North Dakota","38",,"Griggs","039",,,,,,,,,,,,,"03",,,,,,,,"GRIGGS COUNTY","0","0","0","1","1","1","1","0","0","0","0","0","1","0","1","0","0","0","0","0","0",3697,0,13,0,0,0,1,0,0,0,0,0,0,0,3,2,2,0,0,0
"G3800410","1980","A","2","4","North Dakota","38",,"Hettinger","041",,,,,,,,,,,,,"01",,,,,,,,"HETTINGER COUNTY","0","0","0","1","1","1","1","0","0","0","0","0","1","1","0","0","0","0","1","0","0",4261,0,2,0,0,0,0,8,2,1,1,0,0,0,0,10,2,0,8,0
"G3800430","1980","A","2","4","North Dakota","38",,"Kidder","043",,,,,,,,,,,,,"02",,,,,,,,"KIDDER COUNTY","0","0","0","1","1","1","1","0","0","0","0","0","0","0","0","0","0","0","0","0","0",3827,0,2,0,0,2,0,0,0,0,1,0,0,0,1,6,6,0,0,0
"G3800450","1980","A","2","4","North Dakota","38",,"LaMoure","045",,,,,,,,,,,,,"03",,,,,,,,"LA MOURE COUNTY","0","0","1","1","1","1","1","0","0","0","0","1","0","0","1","0","0","0","1","1","0",6446,2,14,0,0,0,0,1,1,0,2,0,0,0,7,6,4,0,0,2
"G3800470","1980","A","2","4","North Dakota","38",,"Logan","047",,,,,,,,,,,,,"02",,,,,,,,"LOGAN COUNTY","0","1","0","0","0","1","1","0","0","0","0","0","0","0","0","0","0","0","1","1","0",3492,0,0,0,0,0,0,0,0,0,0,0,0,0,1,10,9,0,0,1
"G3800490","1980","A","2","4","North Dakota","38",,"McHenry","049",,,,,,,,,,,,,"03",,,,,,,,"MCHENRY COUNTY","0","0","1","0","1","1","1","0","0","0","0","1","1","0","1","0","0","0","1","1","0",7823,4,16,0,0,1,0,4,3,0,0,3,0,0,4,9,9,0,0,0
"G3800510","1980","A","2","4","North Dakota","38",,"McIntosh","051",,,,,,,,,,,,,"02",,,,,,,,"MCINTOSH COUNTY","0","0","0","1","0","1","1","0","0","0","0","0","1","0","1","0","0","0","1","1","0",4786,0,3,0,0,0,0,0,0,0,0,0,0,0,11,12,10,0,2,0
"G3800530","1980","A","2","4","North Dakota","38",,"McKenzie","053",,,,,,,,,,,,,"01",,,,,,,,"MCKENZIE COUNTY","0","0","1","0","1","0","0","0","0","0","0","0","0","1","1","0","0","0","0","1","0",6164,1,915,0,0,1,1,2,1,0,1,1,0,0,45,64,21,0,15,28
"G3800550","1980","A","2","4","North Dakota","38",,"McLean","055",,,,,,,,,,,,,"02",,,,,,,,"MCLEAN COUNTY","0","0","1","0","1","0","0","0","0","0","0","1","0","1","1","0","0","0","0","1","0",11787,2,548,0,0,0,0,13,0,0,0,0,0,0,33,65,46,0,10,9
"G3800570","1980","A","2","4","North Dakota","38",,"Mercer","057",,,,,,,,,,,,,"01",,,,,,,,"MERCER COUNTY","0","0","1","0","0","0","0","0","0","0","0","1","0","0","1","0","0","0","0","1","0",9121,10,207,0,0,2,1,0,2,10,4,0,0,0,47,45,31,0,1,13
"G3800590","1980","A","2","4","North Dakota","38","1010","Morton","059",,,,,,,,,,,,,"01",,,,,,,,"MORTON COUNTY","0","0","1","0","0","0","0","1","0","0","0","1","0","0","1","0","0","0","0","1","0",24888,7,226,4,0,4,2,7,8,0,4,0,0,0,27,84,67,2,7,8
"G3800610","1980","A","2","4","North Dakota","38",,"Mountrail","061",,,,,,,,,,,,,"02",,,,,,,,"MOUNTRAIL COUNTY","0","0","1","0","0","0","1","0","0","0","0","0","0","1","1","0","0","0","1","1","0",6738,1,916,1,0,4,0,2,3,1,4,0,0,1,8,19,14,0,3,2
"G3800630","1980","A","2","4","North Dakota","38",,"Nelson","063",,,,,,,,,,,,,"03",,,,,,,,"NELSON COUNTY","0","0","1","1","1","1","1","0","0","0","1","0","1","0","0","0","0","0","1","1","0",5220,1,8,0,0,0,0,0,0,2,0,0,0,0,2,10,8,0,0,2
"G3800650","1980","A","2","4","North Dakota","38",,"Oliver","065",,,,,,,,,,,,,"01",,,,,,,,"OLIVER COUNTY","0","0","1","0","1","1","1","0","0","0","0","0","0","0","0","0","0","0","1","1","0",2456,2,36,0,0,0,0,0,0,1,0,0,0,0,0,4,4,0,0,0
"G3800670","1980","A","2","4","North Dakota","38",,"Pembina","067",,,,,,,,,,,,,"04",,,,,,,,"PEMBINA COUNTY","0","0","1","0","0","0","0","0","0","0","0","1","0","1","0","0","0","0","0","0","0",10273,5,50,0,0,1,8,3,2,6,0,1,2,0,48,126,85,0,3,38
"G3800690","1980","A","2","4","North Dakota","38",,"Pierce","069",,,,,,,,,,,,,"03",,,,,,,,"PIERCE COUNTY","0","0","0","0","0","0","1","0","0","0","0","0","1","1","1","0","0","0","0","1","0",6101,0,20,0,0,0,7,11,1,3,6,0,0,0,17,25,22,0,0,3
"G3800710","1980","A","2","4","North Dakota","38",,"Ramsey","071",,,,,,,,,,,,,"03",,,,,,,,"RAMSEY COUNTY","0","0","1","0","0","0","0","0","0","0","0","1","0","1","1","0","0","0","1","1","0",12684,5,331,0,0,3,0,6,5,0,0,1,0,0,13,29,22,0,4,3
"G3800730","1980","A","2","4","North Dakota","38",,"Ransom","073",,,,,,,,,,,,,"05",,,,,,,,"RANSOM COUNTY","0","0","1","1","1","1","1","0","0","0","0","1","0","1","1","0","0","0","1","1","0",6661,3,7,0,0,1,0,10,1,1,1,0,0,0,13,14,12,0,0,2
"G3800750","1980","A","2","4","North Dakota","38",,"Renville","075",,,,,,,,,,,,,"03",,,,,,,,"RENVILLE COUNTY","0","0","0","1","1","1","1","0","0","0","0","0","1","1","0","0","0","0","1","1","0",3589,0,7,0,0,1,2,3,1,2,0,0,0,0,3,11,8,0,3,0
"G3800770","1980","A","2","4","North Dakota","38",,"Richland","077",,,,,,,,,,,,,"05",,,,,,,,"RICHLAND COUNTY","0","0","1","0","0","0","0","0","0","0","0","1","0","1","0","0","0","0","0","0","0",18869,9,249,0,0,3,3,0,8,0,5,2,0,0,59,68,37,0,0,31
"G3800790","1980","A","2","4","North Dakota","38",,"Rolette","079",,,,,,,,,,,,,"03",,,,,,,,"ROLETTE COUNTY","0","0","1","0","0","0","1","0","0","0","0","0","0","1","1","0","0","0","0","1","0",5097,8,7018,1,1,1,2,12,1,2,0,0,0,0,34,37,6,0,12,19
"G3800810","1980","A","2","4","North Dakota","38",,"Sargent","081",,,,,,,,,,,,,"05",,,,,,,,"SARGENT COUNTY","0","0","1","1","0","1","1","0","0","0","0","1","1","0","1","0","0","0","1","1","0",5495,8,5,0,0,0,0,0,0,0,0,0,0,0,4,7,3,0,0,4
"G3800830","1980","A","2","4","North Dakota","38",,"Sheridan","083",,,,,,,,,,,,,"02",,,,,,,,"SHERIDAN COUNTY","0","0","0","1","1","1","0","0","0","0","0","0","0","0","0","0","0","0","0","0","0",2812,0,5,0,0,0,0,0,0,0,0,1,0,0,1,1,0,0,0,1
"G3800850","1980","A","2","4","North Dakota","38",,"Sioux","085",,,,,,,,,,,,,"01",,,,,,,,"SIOUX COUNTY","0","0","0","0","1","0","1","0","0","0","0","0","0","1","1","0","0","0","1","0","0",1269,0,2341,0,0,0,0,0,2,0,3,0,0,0,5,21,4,0,15,2
"G3800870","1980","A","2","4","North Dakota","38",,"Slope","087",,,,,,,,,,,,,"01",,,,,,,,"SLOPE COUNTY","0","1","0","1","0","0","0","0","0","0","1","0","1","0","0","0","0","0","0","0","0",1153,0,4,0,0,0,0,0,0,0,0,0,0,0,0,0,0,0,0,0
"G3800890","1980","A","2","4","North Dakota","38",,"Stark","089",,,,,,,,,,,,,"01",,,,,,,,"STARK COUNTY","0","0","1","0","0","0","0","0","0","0","0","0","0","0","0","0","0","0","0","0","0",23440,13,134,0,1,5,1,9,9,13,2,7,0,0,63,82,50,0,3,29
"G3800910","1980","A","2","4","North Dakota","38",,"Steele","091",,,,,,,,,,,,,"03",,,,,,,,"STEELE COUNTY","0","0","1","1","1","1","1","0","0","0","0","1","0","1","0","0","0","0","1","1","0",3097,2,1,0,0,3,0,0,3,0,0,0,0,0,0,3,3,0,0,0
"G3800930","1980","A","2","4","North Dakota","38",,"Stutsman","093",,,,,,,,,,,,,"03",,,,,,,,"STUTSMAN COUNTY","0","0","0","0","0","0","0","1","0","0","0","0","0","0","0","0","0","0","0","0","0",23848,31,134,0,0,1,7,25,9,10,11,0,0,0,78,76,49,1,0,26
"G3800950","1980","A","2","4","North Dakota","38",,"Towner","095",,,,,,,,,,,,,"03",,,,,,,,"TOWNER COUNTY","0","0","1","0","1","1","1","0","0","0","0","0","1","1","0","0","0","0","1","1","0",4005,3,41,0,0,1,0,0,2,0,0,0,0,0,0,2,1,0,1,0
"G3800970","1980","A","2","4","North Dakota","38",,"Traill","097",,,,,,,,,,,,,"04",,,,,,,,"TRAILL COUNTY","0","0","1","0","1","0","0","0","0","0","0","1","1","1","0","0","0","0","0","1","0",9510,6,24,0,0,1,0,3,4,1,0,0,0,0,75,88,23,0,3,62
"G3800990","1980","A","2","4","North Dakota","38",,"Walsh","099",,,,,,,,,,,,,"04",,,,,,,,"WALSH COUNTY","0","0","1","0","0","0","0","1","0","0","0","0","0","0","0","0","0","0","0","0","0",15147,4,94,3,0,3,0,3,10,4,1,0,0,2,100,224,142,1,5,76
"G3801010","1980","A","2","4","North Dakota","38",,"Ward","101",,,,,,,,,,,,,"03",,,,,,,,"WARD COUNTY","0","0","0","0","0","0","0","0","0","0","0","0","0","0","0","0","0","0","0","0","0",55851,1091,654,13,0,71,58,90,58,26,16,9,1,1,453,756,471,17,44,224
"G3801030","1980","A","2","4","North Dakota","38",,"Wells","103",,,,,,,,,,,,,"03",,,,,,,,"WELLS COUNTY","0","0","0","1","1","0","1","0","0","0","1","0","1","0","0","0","0","0","1","1","0",6963,0,7,0,0,0,0,0,2,1,0,0,0,0,6,19,14,0,0,5
"G3801050","1980","A","2","4","North Dakota","38",,"Williams","105",,,,,,,,,,,,,"02",,,,,,,,"WILLIAMS COUNTY","0","0","1","0","0","0","0","0","0","0","0","1","0","0","1","0","0","0","0","1","0",21424,3,714,1,0,10,10,11,2,13,13,2,0,0,34,71,58,0,2,11
"G3900010","1980","A","2","3","Ohio","39",,"Adams","001",,,,,,,,,,,,,"07",,,,,,,,"ADAMS COUNTY","0","0","0","0","1","0","0","0","0","0","0","0","0","0","0","0","0","0","0","0","0",24228,36,26,0,0,1,8,10,4,1,0,1,0,0,13,195,184,0,6,5
"G3900030","1980","A","2","3","Ohio","39","4320","Allen","003",,,,,,,,,,,,,"O",,,,,,,,"ALLEN COUNTY","0","0","0","0","0","0","0","0","0","0","0","0","0","0","0","0","0","0","0","0","0",100306,10975,135,0,0,37,63,42,93,108,27,4,2,0,449,928,534,97,24,273
"G3900050","1980","A","2","3","Ohio","39",,"Ashland","005",,,,,,,,,,,,,"04",,,,,,,,"ASHLAND COUNTY","0","0","0","0","0","0","0","1","0","0","0","0","0","0","0","0","0","0","0","0","0",45584,312,39,0,1,18,9,9,25,49,2,3,16,0,111,189,162,1,5,21
"G3900070","1980","A","2","3","Ohio","39",,"Ashtabula","007",,,,,,,,,,,,,"05",,,,,,,,"ASHTABULA COUNTY","0","0","0","0","0","0","0","0","0","0","0","0","0","0","0","0","0","0","0","0","0",100129,3060,157,3,0,23,31,43,143,59,11,3,1,3,549,1119,691,45,21,362
"G3900090","1980","A","2","3","Ohio","39",,"Athens","009",,,,,,,,,,,,,"08",,,,,,,,"ATHENS COUNTY","0","0","0","0","0","0","0","0","0","0","0","0","0","0","0","0","0","0","0","0","1",53321,1653,84,1,0,59,139,47,39,148,17,6,0,3,882,480,325,23,28,104
"G3900110","1980","A","2","3","Ohio","39","4320","Auglaize","011",,,,,,,,,,,,,"02",,,,,,,,"AUGLAIZE COUNTY","0","0","0","0","0","0","0","0","0","0","0","0","0","0","0","0","0","0","0","0","0",42383,37,13,1,1,2,9,11,21,10,15,0,0,0,51,151,129,0,1,21
"G3900130","1980","A","2","3","Ohio","39","9000","Belmont","013",,,,,,,,,,,,,"J",,,,,,,,"BELMONT COUNTY","0","0","0","0","0","0","0","1","0","0","0","0","0","0","0","0","0","0","0","0","1",80681,1592,42,0,0,9,6,36,24,86,6,2,0,1,84,284,262,2,8,12
"G3900150","1980","A","2","3","Ohio","39",,"Brown","015",,,,,,,,,,,,,"07",,,,,,,,"BROWN COUNTY","0","0","0","0","0","0","1","0","0","0","0","0","0","0","0","0","0","0","0","1","0",31425,411,20,0,0,9,1,7,11,6,9,0,0,0,21,119,107,0,0,12
"G3900170","1980","A","2","3","Ohio","39","3200","Butler","017",,,,,,,,"21",,,,,"D",,,,,,,,"BUTLER COUNTY","0","0","0","0","0","0","0","0","0","0","0","0","0","0","0","0","0","0","0","0","0",244979,12072,250,2,5,101,239,232,105,291,69,9,1,4,428,1497,1180,100,88,129
"G3900190","1980","A","2","3","Ohio","39","1320","Carroll","019",,,,,,,,,,,,,"06",,,,,,,,"CARROLL COUNTY","0","0","0","0","0","0","0","0","0","0","0","0","0","1","1","0","0","0","0","0","0",25370,115,29,0,0,6,3,1,6,8,4,0,1,0,55,117,93,0,0,24
"G3900210","1980","A","2","3","Ohio","39","7960","Champaign","021",,,,,,,,"32",,,,,"03",,,,,,,,"CHAMPAIGN COUNTY","0","0","0","0","0","0","0","1","0","0","0","0","0","0","0","0","0","0","0","0","0",32498,979,26,0,0,5,12,5,15,25,2,0,1,0,81,238,183,5,7,43
"G3900230","1980","A","2","3","Ohio","39","7960","Clark","023",,,,,,,,"32",,,,,"N",,,,,,,,"CLARK COUNTY","0","0","0","0","0","0","0","0","0","0","0","0","0","0","0","0","0","0","0","0","0",136008,13173,196,1,4,95,41,47,94,123,32,14,0,2,406,876,656,73,22,125
"G3900250","1980","A","2","3","Ohio","39","1640","Clermont","025",,,,,,,,"21",,,,,"07",,,,,,,,"CLERMONT COUNTY","0","0","0","0","0","0","0","1","0","0","0","0","0","0","0","0","0","0","0","0","1",126940,921,117,1,0,32,22,43,45,166,8,6,0,2,180,586,488,7,19,72
"G3900270","1980","A","2","3","Ohio","39",,"Clinton","027",,,,,,,,,,,,,"03",,,,,,,,"CLINTON COUNTY","0","0","0","0","0","0","0","1","0","0","0","0","0","0","0","0","0","0","0","0","1",33755,714,29,0,0,4,8,10,6,9,7,3,5,0,53,230,208,6,6,10
"G3900290","1980","A","2","3","Ohio","39",,"Columbiana","029",,,,,,,,,,,,,"05",,,,,,,,"COLUMBIANA COUNTY","0","0","0","0","0","0","0","1","0","0","0","0","0","0","0","0","0","0","0","0","1",111677,1409,130,2,0,23,7,45,26,61,24,13,1,0,154,413,355,9,7,42
"G3900310","1980","A","2","3","Ohio","39",,"Coshocton","031",,,,,,,,,,,,,"06",,,,,,,,"COSHOCTON COUNTY","0","0","0","0","0","0","0","0","0","0","0","0","0","0","0","0","0","0","0","1","0",35465,414,28,0,0,1,0,8,59,11,6,0,4,0,28,131,120,0,1,10
"G3900330","1980","A","2","3","Ohio","39",,"Crawford","033",,,,,,,,,,,,,"02",,,,,,,,"CRAWFORD COUNTY","0","0","0","0","0","0","0","1","0","0","0","0","0","0","0","0","0","0","0","0","1",49556,301,40,1,0,16,18,8,30,15,1,0,1,0,88,350,300,3,2,45
"G3900350","1980","A","2","3","Ohio","39","1680","Cuyahoga","035",,,,,,,,"28",,,,,"E",,,,,,,,"CUYAHOGA COUNTY","0","0","0","0","0","0","0","0","0","0","0","0","0","0","0","0","0","0","0","0","0",1129966,341003,1603,28,13,1245,2425,2198,1241,3373,756,150,49,33,14317,24028,11677,2412,469,9470
"G3900370","1980","A","2","3","Ohio","39",,"Darke","037",,,,,,,,,,,,,"03",,,,,,,,"DARKE COUNTY","0","0","0","0","0","0","0","1","0","0","0","0","0","0","0","0","0","0","0","0","1",54593,170,63,1,0,7,4,17,22,13,3,3,0,0,200,379,221,3,10,145
"G3900390","1980","A","2","3","Ohio","39",,"Defiance","039",,,,,,,,,,,,,"01",,,,,,,,"DEFIANCE COUNTY","0","0","0","0","0","0","0","1","0","0","0","0","0","0","0","0","0","0","0","0","1",38236,219,47,0,0,7,14,31,19,25,5,0,0,0,1384,2401,1058,12,8,1323
"G3900410","1980","A","2","3","Ohio","39","1840","Delaware","041",,,,,,,,,,,,,"03",,,,,,,,"DELAWARE COUNTY","0","0","0","0","0","0","0","1","0","0","0","0","0","0","0","0","0","0","0","0","0",52143,1259,53,0,0,25,26,12,28,19,6,2,4,1,262,310,223,5,4,78
"G3900430","1980","A","2","3","Ohio","39",,"Erie","043",,,,,,,,,,,,,"04",,,,,,,,"ERIE COUNTY","0","0","0","0","0","0","0","0","0","0","0","0","0","0","0","0","0","0","0","0","0",73038,5888,63,0,0,19,7,26,42,41,12,5,1,0,513,1027,564,44,11,408
"G3900450","1980","A","2","3","Ohio","39","1840","Fairfield","045",,,,,,,,,,,,,"06",,,,,,,,"FAIRFIELD COUNTY","0","0","0","0","0","0","0","1","0","0","0","0","0","0","0","0","0","0","0","0","0",92935,319,81,0,0,37,11,30,56,62,10,7,4,0,126,399,337,1,21,40
"G3900470","1980","A","2","3","Ohio","39",,"Fayette","047",,,,,,,,,,,,,"03",,,,,,,,"FAYETTE COUNTY","0","0","0","0","0","0","0","1","0","0","0","0","0","0","0","0","0","0","0","0","1",26631,724,20,0,0,6,12,2,10,13,3,4,0,0,42,136,112,6,5,13
"G3900490","1980","A","2","3","Ohio","39","1840","Franklin","049",,,,,,,,,,,,,"B",,,,,,,,"FRANKLIN COUNTY","0","0","0","0","0","0","0","0","0","0","0","0","0","0","0","0","0","0","0","0","0",725721,131016,1223,23,9,791,1872,616,1062,1469,593,71,25,11,4630,6508,4292,826,241,1149
"G3900510","1980","A","2","3","Ohio","39","8400","Fulton","051",,,,,,,,,,,,,"01",,,,,,,,"FULTON COUNTY","0","0","0","0","0","0","0","1","0","0","0","0","0","0","0","0","0","0","0","0","1",36794,40,22,0,0,8,5,22,8,10,29,0,0,0,813,1732,940,4,10,778
"G3900530","1980","A","2","3","Ohio","39",,"Gallia","053",,,,,,,,,,,,,"08",,,,,,,,"GALLIA COUNTY","0","0","0","0","0","0","0","1","0","0","0","0","0","0","0","0","0","0","0","0","1",28975,913,66,0,0,20,6,37,4,32,7,1,0,1,36,189,162,7,9,11
"G3900550","1980","A","2","3","Ohio","39","1680","Geauga","055",,,,,,,,"28",,,,,"05",,,,,,,,"GEAUGA COUNTY","0","0","0","0","0","0","0","1","0","0","0","0","0","0","0","0","0","0","0","0","1",73133,990,31,1,2,31,28,57,39,60,23,0,0,1,78,305,256,10,18,21
"G3900570","1980","A","2","3","Ohio","39","2000","Greene","057",,,,,,,,"32",,,,,"C",,,,,,,,"GREENE COUNTY","0","0","0","0","0","0","0","0","0","0","0","0","0","0","0","0","0","0","0","0","0",119065,8792,208,1,3,194,211,116,190,345,72,21,14,1,536,1013,678,56,62,217
"G3900590","1980","A","2","3","Ohio","39",,"Guernsey","059",,,,,,,,,,,,,"06",,,,,,,,"GUERNSEY COUNTY","0","0","0","0","0","0","0","0","0","0","0","0","0","0","0","0","0","0","0","1","0",41148,637,29,1,0,6,14,23,12,75,1,2,1,0,75,165,146,0,3,16
"G3900610","1980","A","2","3","Ohio","39","1640","Hamilton","061",,,,,,,,"21",,,,,"K",,,,,,,,"HAMILTON COUNTY","0","0","0","0","0","0","0","0","0","0","0","0","0","0","0","0","0","0","0","0","0",699409,165994,737,9,17,522,1223,674,544,1434,333,103,11,2,2212,5516,3451,1250,175,640
"G3900630","1980","A","2","3","Ohio","39",,"Hancock","063",,,,,,,,,,,,,"02",,,,,,,,"HANCOCK COUNTY","0","0","0","0","0","0","0","1","0","0","0","0","0","0","0","0","0","0","0","0","1",63002,523,62,0,0,19,19,24,35,63,29,2,0,0,803,1432,703,13,19,697
"G3900650","1980","A","2","3","Ohio","39",,"Hardin","065",,,,,,,,,,,,,"02",,,,,,,,"HARDIN COUNTY","0","0","0","0","0","0","0","1","0","0","0","0","0","0","0","0","0","0","0","0","1",32366,211,25,0,0,17,10,3,9,19,0,0,1,1,57,130,98,7,1,24
"G3900670","1980","A","2","3","Ohio","39",,"Harrison","067",,,,,,,,,,,,,"06",,,,,,,,"HARRISON COUNTY","0","0","0","1","0","0","1","1","0","0","0","0","1","0","1","0","0","0","0","1","1",17639,470,14,0,0,10,0,2,2,7,1,0,0,0,7,54,51,3,0,0
"G3900690","1980","A","2","3","Ohio","39",,"Henry","069",,,,,,,,,,,,,"01",,,,,,,,"HENRY COUNTY","0","0","0","0","0","0","0","1","0","0","0","0","0","0","0","0","0","0","0","0","1",27494,101,23,0,0,4,5,15,7,10,1,1,0,1,721,1232,542,8,1,681
"G3900710","1980","A","2","3","Ohio","39",,"Highland","071",,,,,,,,,,,,,"07",,,,,,,,"HIGHLAND COUNTY","0","0","0","0","0","0","0","1","0","0","0","0","0","1","1","0","0","0","0","1","0",32638,683,70,4,0,0,12,25,20,3,2,2,0,0,18,114,106,1,6,1
"G3900730","1980","A","2","3","Ohio","39",,"Hocking","073",,,,,,,,,,,,,"08",,,,,,,,"HOCKING COUNTY","0","0","0","1","0","0","0","0","0","0","0","0","1","0","1","0","0","0","0","1","0",24106,117,13,0,0,1,2,17,5,5,5,3,0,0,30,86,80,0,2,4
"G3900750","1980","A","2","3","Ohio","39",,"Holmes","075",,,,,,,,,,,,,"04",,,,,,,,"HOLMES COUNTY","0","0","1","0","0","0","0","1","0","0","0","1","0","0","1","0","0","0","0","1","0",29334,10,34,0,0,0,0,1,7,5,8,0,0,0,17,141,133,1,0,7
"G3900770","1980","A","2","3","Ohio","39",,"Huron","077",,,,,,,,,,,,,"04",,,,,,,,"HURON COUNTY","0","0","0","0","0","0","0","1","0","0","0","0","0","0","0","0","0","0","0","0","1",53591,577,43,0,0,8,19,8,17,19,11,11,1,0,303,681,400,6,6,269
"G3900790","1980","A","2","3","Ohio","39",,"Jackson","079",,,,,,,,,,,,,"08",,,,,,,,"JACKSON COUNTY","0","0","0","0","0","0","0","0","0","0","0","0","0","0","0","0","0","0","0","1","0",30309,207,24,0,0,9,0,4,3,5,0,0,1,0,30,110,104,0,2,4
"G3900810","1980","A","2","3","Ohio","39","8080","Jefferson","081",,,,,,,,,,,,,"06",,,,,,,,"JEFFERSON COUNTY","0","0","0","0","0","0","0","1","0","0","0","0","0","0","0","0","0","0","0","0","1",85984,5047,111,0,3,25,6,121,38,25,17,2,0,2,183,490,427,8,14,41
"G3900830","1980","A","2","3","Ohio","39",,"Knox","083",,,,,,,,,,,,,"06",,,,,,,,"KNOX COUNTY","0","0","0","0","0","0","0","1","0","0","0","0","0","0","0","0","0","0","0","0","1",45771,294,38,1,1,22,9,18,12,22,5,2,0,0,109,211,175,3,5,28
"G3900850","1980","A","2","3","Ohio","39","1680","Lake","085",,,,,,,,"28",,,,,"E",,,,,,,,"LAKE COUNTY","0","0","0","0","0","0","0","0","0","0","0","0","0","0","0","0","0","0","0","0","0",207995,2944,198,3,1,198,232,116,192,345,59,7,3,0,508,1098,855,24,38,181
"G3900870","1980","A","2","3","Ohio","39","3400","Lawrence","087",,,,,,,,,,,,,"L",,,,,,,,"LAWRENCE COUNTY","0","0","0","0","0","0","0","1","0","0","0","0","0","0","0","0","0","0","0","0","1",62056,1541,105,0,0,11,9,27,11,7,9,1,0,0,72,312,286,5,6,15
"G3900890","1980","A","2","3","Ohio","39","5645","Licking","089",,,,,,,,,,,,,"06",,,,,,,,"LICKING COUNTY","0","0","0","0","0","0","0","0","0","0","0","0","0","0","0","0","0","0","0","0","0",118252,2036,167,1,0,57,86,30,67,72,9,8,2,0,194,536,447,15,9,65
"G3900910","1980","A","2","3","Ohio","39",,"Logan","091",,,,,,,,,,,,,"02",,,,,,,,"LOGAN COUNTY","0","0","0","0","0","0","0","0","0","0","0","0","0","0","0","0","0","0","0","0","0",38299,711,30,0,0,6,5,7,22,9,6,4,0,0,56,148,124,0,5,19
"G3900930","1980","A","2","3","Ohio","39","4440","Lorain","093",,,,,,,,"28",,,,,"M",,,,,,,,"LORAIN COUNTY","0","0","0","0","0","0","0","0","0","0","0","0","0","0","0","0","0","0","0","0","0",246516,19813,449,1,1,114,137,290,168,217,34,10,2,0,7157,13124,6295,264,62,6503
"G3900950","1980","A","2","3","Ohio","39","8400","Lucas","095",,,,,,,,,,,,,"A",,,,,,,,"LUCAS COUNTY","0","0","0","0","0","0","0","0","0","0","0","0","0","0","0","0","0","0","0","0","0",396864,63901,778,8,5,221,640,369,338,674,196,23,4,2,7718,12483,5927,407,148,6001
"G3900970","1980","A","2","3","Ohio","39","1840","Madison","097",,,,,,,,,,,,,"03",,,,,,,,"MADISON COUNTY","0","0","0","0","0","0","0","1","0","0","0","0","0","0","0","0","0","0","0","0","1",31293,1523,31,0,0,12,12,12,24,13,0,2,0,0,82,166,124,7,0,35
"G3900990","1980","A","2","3","Ohio","39","9320","Mahoning","099",,,,,,,,,,,,,"H",,,,,,,,"MAHONING COUNTY","0","0","0","0","0","0","0","0","0","0","0","0","0","0","0","0","0","0","0","0","0",244598,41075,322,3,0,51,139,96,103,249,26,29,3,5,2788,5382,2892,297,43,2150
"G3901010","1980","A","2","3","Ohio","39",,"Marion","101",,,,,,,,,,,,,"02",,,,,,,,"MARION COUNTY","0","0","0","0","0","0","0","0","0","0","0","0","0","0","0","0","0","0","0","0","0",65206,2241,87,4,0,17,34,41,36,94,16,5,1,1,191,408,300,27,9,72
"G3901030","1980","A","2","3","Ohio","39","1680","Medina","103",,,,,,,,"28",,,,,"04",,,,,,,,"MEDINA COUNTY","0","0","0","0","0","0","0","1","0","0","0","0","0","0","0","0","0","0","0","0","0",111815,709,126,7,1,31,75,80,44,59,13,5,3,0,182,489,413,1,16,59
"G3901050","1980","A","2","3","Ohio","39",,"Meigs","105",,,,,,,,,,,,,"08",,,,,,,,"MEIGS COUNTY","0","0","0","0","0","0","1","0","0","0","0","0","0","0","0","0","0","0","0","1","0",23362,206,26,1,0,6,0,6,1,17,0,0,0,0,16,138,132,0,0,6
"G3901070","1980","A","2","3","Ohio","39",,"Mercer","107",,,,,,,,,,,,,"02",,,,,,,,"MERCER COUNTY","0","0","0","0","0","0","0","1","0","0","0","0","0","0","0","0","0","0","0","0","0",38081,17,22,0,2,10,1,15,11,12,2,1,1,0,159,314,184,1,6,123
"G3901090","1980","A","2","3","Ohio","39","2000","Miami","109",,,,,,,,"32",,,,,"C",,,,,,,,"MIAMI COUNTY","0","0","0","0","0","0","0","1","0","0","0","0","0","0","0","0","0","0","0","0","1",88168,1768,77,4,0,19,28,20,57,70,21,1,1,0,147,386,303,3,15,65
"G3901110","1980","A","2","3","Ohio","39",,"Monroe","111",,,,,,,,,,,,,"08",,,,,,,,"MONROE COUNTY","0","0","1","1","1","0","0","0","0","0","0","1","1","1","0","0","0","0","0","1","0",17355,6,7,0,0,1,3,1,1,1,0,0,0,0,7,42,38,0,1,3
"G3901130","1980","A","2","3","Ohio","39","2000","Montgomery","113",,,,,,,,"32",,,,,"C",,,,,,,,"MONTGOMERY COUNTY","0","0","0","0","0","0","0","0","0","0","0","0","0","0","0","0","0","0","0","0","0",471237,94561,661,6,2,471,507,458,548,730,410,65,21,4,2016,4159,2816,536,136,671
"G3901150","1980","A","2","3","Ohio","39",,"Morgan","115",,,,,,,,,,,,,"08",,,,,,,,"MORGAN COUNTY","0","0","0","0","1","0","0","1","0","0","0","0","0","0","0","0","0","0","0","0","1",13589,554,42,0,0,2,0,5,1,2,2,1,0,0,43,63,47,7,6,3
"G3901170","1980","A","2","3","Ohio","39",,"Morrow","117",,,,,,,,,,,,,"06",,,,,,,,"MORROW COUNTY","0","0","0","0","0","0","0","0","0","0","0","0","0","0","0","0","0","0","0","1","0",26362,32,22,0,0,2,5,0,11,10,0,1,0,0,35,99,77,0,0,22
"G3901190","1980","A","2","3","Ohio","39",,"Muskingum","119",,,,,,,,,,,,,"06",,,,,,,,"MUSKINGUM COUNTY","0","0","0","0","0","0","0","0","0","0","0","0","0","0","0","0","0","0","0","0","0",79446,3514,105,9,1,17,15,27,14,29,29,5,1,0,128,299,239,24,11,25
"G3901210","1980","A","2","3","Ohio","39",,"Noble","121",,,,,,,,,,,,,"08",,,,,,,,"NOBLE COUNTY","0","0","1","1","1","0","0","0","0","0","0","1","1","0","1","0","0","0","0","0","0",11277,3,14,0,0,1,1,0,0,4,0,1,2,0,7,35,35,0,0,0
"G3901230","1980","A","2","3","Ohio","39","8400","Ottawa","123",,,,,,,,,,,,,"01",,,,,,,,"OTTAWA COUNTY","0","0","0","0","0","0","0","1","0","0","0","0","0","0","0","0","0","0","0","0","0",39110,245,41,2,0,7,12,8,8,9,2,1,4,3,624,1393,797,2,22,572
"G3901250","1980","A","2","3","Ohio","39",,"Paulding","125",,,,,,,,,,,,,"01",,,,,,,,"PAULDING COUNTY","0","0","0","0","0","0","0","0","0","0","0","0","0","1","1","0","0","0","0","0","0",20672,238,21,0,0,2,1,1,10,2,0,0,0,0,355,507,178,0,1,328
"G3901270","1980","A","2","3","Ohio","39",,"Perry","127",,,,,,,,,,,,,"06",,,,,,,,"PERRY COUNTY","0","0","0","0","0","0","1","0","0","0","0","0","0","0","0","0","0","0","0","0","0",30894,64,16,0,0,5,0,4,2,6,1,0,1,0,39,121,110,0,0,11
"G3901290","1980","A","2","3","Ohio","39","1840","Pickaway","129",,,,,,,,,,,,,"03",,,,,,,,"PICKAWAY COUNTY","0","0","0","0","0","0","0","0","0","0","0","0","0","0","0","0","0","0","0","1","0",42945,569,45,2,2,10,1,12,8,15,1,1,1,0,50,189,176,0,7,6
"G3901310","1980","A","2","3","Ohio","39",,"Pike","131",,,,,,,,,,,,,"08",,,,,,,,"PIKE COUNTY","0","0","0","0","0","0","0","0","0","0","0","0","0","0","0","0","0","0","0","1","0",22469,242,34,0,0,6,3,14,3,8,0,1,0,0,22,109,104,0,1,4
"G3901330","1980","A","2","3","Ohio","39","0080","Portage","133",,,,,,,,"28",,,,,"05",,,,,,,,"PORTAGE COUNTY","0","0","0","0","0","0","0","0","0","0","0","0","0","0","0","0","0","0","0","0","0",131026,3571,171,11,3,71,200,97,92,164,33,9,5,1,402,768,576,42,34,116
"G3901350","1980","A","2","3","Ohio","39","2000","Preble","135",,,,,,,,"32",,,,,"03",,,,,,,,"PREBLE COUNTY","0","0","0","0","0","0","0","1","0","0","0","0","0","0","0","0","0","0","0","1","0",37983,140,30,0,0,7,2,6,9,4,3,0,0,2,37,95,87,1,1,6
"G3901370","1980","A","2","3","Ohio","39","4320","Putnam","137",,,,,,,,,,,,,"01",,,,,,,,"PUTNAM COUNTY","0","0","0","0","0","0","0","1","0","0","0","0","1","1","0","0","0","0","0","0","1",32216,22,16,0,0,2,0,1,8,3,0,3,0,0,720,1194,474,6,6,708
"G3901390","1980","A","2","3","Ohio","39","4800","Richland","139",,,,,,,,,,,,,"04",,,,,,,,"RICHLAND COUNTY","0","0","0","0","0","0","0","0","0","0","0","0","0","0","0","0","0","0","0","0","0",121010,9373,133,1,1,35,42,39,121,85,36,1,4,2,322,990,684,128,30,148
"G3901410","1980","A","2","3","Ohio","39",,"Ross","141",,,,,,,,,,,,,"07",,,,,,,,"ROSS COUNTY","0","0","0","0","0","0","0","1","0","0","0","0","0","0","0","0","0","0","0","0","1",61240,3416,61,2,0,15,6,20,25,89,4,4,0,1,121,290,237,12,15,26
"G3901430","1980","A","2","3","Ohio","39",,"Sandusky","143",,,,,,,,,,,,,"01",,,,,,,,"SANDUSKY COUNTY","0","0","0","0","0","0","0","0","0","0","0","0","0","0","0","0","0","0","0","0","0",60272,1322,74,0,1,12,3,18,40,23,5,0,0,0,1497,3267,1804,16,23,1424
"G3901450","1980","A","2","3","Ohio","39",,"Scioto","145",,,,,,,,,,,,,"08",,,,,,,,"SCIOTO COUNTY","0","0","0","0","0","0","0","0","0","0","0","0","0","0","0","0","0","0","0","0","1",81816,2389,112,1,0,17,30,31,28,34,1,5,1,0,80,422,355,18,17,32
"G3901470","1980","A","2","3","Ohio","39",,"Seneca","147",,,,,,,,,,,,,"02",,,,,,,,"SENECA COUNTY","0","0","0","0","0","0","0","0","0","0","0","0","0","0","0","0","0","0","0","0","1",59830,1168,41,0,1,12,5,64,33,19,4,0,0,0,724,1403,737,17,8,641
"G3901490","1980","A","2","3","Ohio","39",,"Shelby","149",,,,,,,,,,,,,"03",,,,,,,,"SHELBY COUNTY","0","0","0","1","0","0","0","1","0","0","0","0","0","0","0","0","0","0","0","0","0",42419,503,13,0,0,4,3,17,23,19,5,0,3,0,80,181,134,3,9,35
"G3901510","1980","A","2","3","Ohio","39","1320","Stark","151",,,,,,,,,,,,,"G",,,,,,,,"STARK COUNTY","0","0","0","0","0","0","0","0","0","0","0","0","0","0","0","0","0","0","0","0","0",352173,24111,523,7,1,113,157,161,211,292,87,20,7,1,959,3379,2790,273,53,263
"G3901530","1980","A","2","3","Ohio","39","0080","Summit","153",,,,,,,,"28",,,,,"F",,,,,,,,"SUMMIT COUNTY","0","0","0","0","0","0","0","0","0","0","0","0","0","0","0","0","0","0","0","0","0",463033,56831,593,6,3,184,601,311,322,691,165,52,1,14,1665,2732,1911,413,73,335
"G3901550","1980","A","2","3","Ohio","39","9320","Trumbull","155",,,,,,,,,,,,,"H",,,,,,,,"TRUMBULL COUNTY","0","0","0","0","0","0","0","0","0","0","0","0","0","0","0","0","0","0","0","0","0",225709,14605,199,0,2,64,178,96,171,238,23,20,11,5,542,1374,1117,88,30,139
"G3901570","1980","A","2","3","Ohio","39",,"Tuscarawas","157",,,,,,,,,,,,,"06",,,,,,,,"TUSCARAWAS COUNTY","0","0","0","0","0","0","0","1","0","0","0","0","0","0","0","0","0","0","0","0","0",83628,654,81,2,0,9,7,53,19,72,14,0,0,1,74,252,215,7,9,21
"G3901590","1980","A","2","3","Ohio","39",,"Union","159",,,,,,,,,,,,,"02",,,,,,,,"UNION COUNTY","0","0","0","0","0","0","0","1","0","0","0","0","0","0","0","0","0","0","0","1","0",28811,565,40,0,1,35,5,7,13,11,3,1,3,0,41,127,98,9,4,16
"G3901610","1980","A","2","3","Ohio","39","4320","Van Wert","161",,,,,,,,,,,,,"01",,,,,,,,"VAN WERT COUNTY","0","0","0","0","0","0","0","0","0","0","0","0","0","0","0","0","0","0","0","0","0",30068,113,24,1,0,8,4,5,22,11,12,0,0,0,190,376,201,0,3,172
"G3901630","1980","A","2","3","Ohio","39",,"Vinton","163",,,,,,,,,,,,,"08",,,,,,,,"VINTON COUNTY","0","0","1","1","1","0","1","0","0","0","0","1","1","1","1","0","0","0","0","0","0",11558,9,7,0,0,0,0,1,3,1,0,0,0,0,5,61,60,0,0,1
"G3901650","1980","A","2","3","Ohio","39","1640","Warren","165",,,,,,,,"21",,,,,"03",,,,,,,,"WARREN COUNTY","0","0","0","0","0","0","0","1","0","0","0","0","0","0","0","0","0","0","0","0","1",97178,1711,79,0,0,26,15,29,49,37,7,4,2,0,139,378,317,11,6,44
"G3901670","1980","A","2","3","Ohio","39","6020","Washington","167",,,,,,,,,,,,,"08",,,,,,,,"WASHINGTON COUNTY","0","0","0","0","0","0","0","1","0","0","0","0","0","0","0","0","0","0","0","0","1",63161,780,53,0,0,31,35,30,42,41,12,10,0,0,71,261,242,4,2,13
"G3901690","1980","A","2","3","Ohio","39",,"Wayne","169",,,,,,,,,,,,,"04",,,,,,,,"WAYNE COUNTY","0","0","0","0","0","0","0","1","0","0","0","0","0","0","0","0","0","0","0","0","0",95620,1244,62,0,0,23,39,23,29,78,46,5,0,0,239,474,413,14,14,33
"G3901710","1980","A","2","3","Ohio","39",,"Williams","171",,,,,,,,,,,,,"01",,,,,,,,"WILLIAMS COUNTY","0","0","1","0","0","0","0","1","0","0","0","1","0","0","1","0","0","0","0","0","0",35932,9,46,3,0,3,4,11,13,29,2,1,0,0,316,674,388,2,3,281
"G3901730","1980","A","2","3","Ohio","39","8400","Wood","173",,,,,,,,,,,,,"01",,,,,,,,"WOOD COUNTY","0","0","0","0","0","0","0","1","0","0","0","0","0","0","0","0","0","0","0","0","1",104087,1308,110,1,0,54,79,63,121,170,39,5,0,6,1329,2329,1201,13,24,1091
"G3901750","1980","A","2","3","Ohio","39",,"Wyandot","175",,,,,,,,,,,,,"02",,,,,,,,"WYANDOT COUNTY","0","0","1","0","0","0","0","0","0","0","0","1","0","0","1","0","0","0","0","0","0",22501,13,27,0,0,3,0,10,5,11,0,0,0,0,81,164,91,0,2,71
"G4000010","1980","A","3","7","Oklahoma","40",,"Adair","001",,,,,,,,,,,,,"10",,,,,,,,"ADAIR COUNTY","0","0","0","0","0","0","0","0","0","0","0","0","0","1","1","0","0","0","0","0","0",12243,21,6209,1,0,4,0,2,0,12,1,0,0,0,82,154,46,0,48,60
"G4000030","1980","A","3","7","Oklahoma","40",,"Alfalfa","003",,,,,,,,,,,,,"02",,,,,,,,"ALFALFA COUNTY","0","0","0","0","0","0","0","1","0","0","0","1","0","0","1","0","0","0","0","1","0",6956,39,56,0,0,0,0,0,0,0,0,0,0,0,26,83,56,2,1,24
"G4000050","1980","A","3","7","Oklahoma","40",,"Atoka","005",,,,,,,,,,,,,"09",,,,,,,,"ATOKA COUNTY","0","0","0","0","0","0","0","1","0","0","0","0","0","1","1","0","0","0","0","0","0",10707,658,1345,0,0,2,0,6,0,7,1,1,2,0,19,73,46,6,8,13
"G4000070","1980","A","3","7","Oklahoma","40",,"Beaver","007",,,,,,,,,,,,,"01",,,,,,,,"BEAVER COUNTY","0","0","0","0","1","0","0","0","0","0","0","0","0","1","1","0","0","0","0","0","0",6674,0,71,0,0,1,0,0,0,1,0,1,0,0,58,129,82,0,0,47
"G4000090","1980","A","3","7","Oklahoma","40",,"Beckham","009",,,,,,,,,,,,,"04",,,,,,,,"BECKHAM COUNTY","0","0","0","0","0","0","0","1","0","0","0","0","0","0","0","0","0","0","0","0","0",18341,357,202,0,0,2,9,8,2,8,0,4,0,0,310,568,306,1,9,252
"G4000110","1980","A","3","7","Oklahoma","40",,"Blaine","011",,,,,,,,,,,,,"02",,,,,,,,"BLAINE COUNTY","0","0","0","0","1","0","0","1","0","0","0","0","0","0","0","0","0","0","0","0","1",11752,595,961,0,0,0,0,1,0,8,1,4,0,0,121,194,66,2,20,106
"G4000130","1980","A","3","7","Oklahoma","40",,"Bryan","013",,,,,,,,,,,,,"07",,,,,,,,"BRYAN COUNTY","0","0","0","0","0","0","0","1","0","0","0","0","0","0","0","0","0","0","0","0","1",27330,491,2289,0,0,14,11,7,0,52,49,2,0,0,290,396,238,2,34,122
"G4000150","1980","A","3","7","Oklahoma","40",,"Caddo","015",,,,,,,,,,,,,"04",,,,,,,,"CADDO COUNTY","0","0","0","0","0","0","0","1","0","0","0","0","0","0","0","0","0","0","0","0","1",23965,893,5546,1,1,24,2,16,3,10,17,3,0,0,424,977,257,7,310,403
"G4000170","1980","A","3","7","Oklahoma","40","5880","Canadian","017",,,,,,,,,,,,,"D",,,,,,,,"CANADIAN COUNTY","0","0","0","0","0","0","0","0","0","0","0","0","0","0","0","0","0","0","0","0","1",52827,1241,1679,0,1,16,9,12,24,79,125,7,4,1,427,1003,582,23,64,334
"G4000190","1980","A","3","7","Oklahoma","40",,"Carter","019",,,,,,,,,,,,,"07",,,,,,,,"CARTER COUNTY","0","0","0","0","0","0","0","0","0","0","0","0","0","0","0","0","0","0","0","0","0",37183,3677,2369,0,2,6,1,7,4,30,69,3,0,0,259,515,234,43,35,203
"G4000210","1980","A","3","7","Oklahoma","40",,"Cherokee","021",,,,,,,,,,,,,"10",,,,,,,,"CHEROKEE COUNTY","0","0","0","0","0","0","0","1","0","0","0","0","0","0","0","0","0","0","0","0","1",22110,380,7984,0,3,7,6,8,3,8,13,1,0,0,161,255,117,2,78,58
"G4000230","1980","A","3","7","Oklahoma","40",,"Choctaw","023",,,,,,,,,,,,,"07",,,,,,,,"CHOCTAW COUNTY","0","0","0","0","1","0","0","1","0","0","0","0","0","1","1","0","0","0","0","0","1",13201,2281,1658,2,0,1,0,3,0,4,0,1,0,0,52,192,98,14,44,36
"G4000250","1980","A","3","7","Oklahoma","40",,"Cimarron","025",,,,,,,,,,,,,"01",,,,,,,,"CIMARRON COUNTY","0","0","1","0","1","0","0","0","0","0","0","1","0","1","0","0","0","0","0","0","0",3439,2,32,0,0,0,0,0,0,10,0,0,0,0,165,299,123,0,12,164
"G4000270","1980","A","3","7","Oklahoma","40","5880","Cleveland","027",,,,,,,,,,,,,"B",,,,,,,,"CLEVELAND COUNTY","0","0","0","0","0","0","0","0","0","0","0","0","0","0","0","0","0","0","0","0","0",123254,2132,4066,8,3,169,377,188,204,325,256,12,21,1,2157,2622,1481,30,189,922
"G4000290","1980","A","3","7","Oklahoma","40",,"Coal","029",,,,,,,,,,,,,"06",,,,,,,,"COAL COUNTY","0","0","0","0","1","0","0","0","0","0","0","0","0","1","1","0","0","0","0","0","0",5235,61,719,0,0,0,0,0,1,3,0,0,0,0,22,46,26,0,9,11
"G4000310","1980","A","3","7","Oklahoma","40","4200","Comanche","031",,,,,,,,,,,,,"04",,,,,,,,"COMANCHE COUNTY","0","0","0","0","0","0","0","0","0","0","0","0","0","0","0","0","0","0","0","0","0",83435,17861,4612,8,5,328,76,285,993,47,190,91,159,46,4320,5990,2163,243,438,3146
"G4000330","1980","A","3","7","Oklahoma","40",,"Cotton","033",,,,,,,,,,,,,"04",,,,,,,,"COTTON COUNTY","0","0","0","0","1","0","0","0","0","0","0","0","0","1","1","0","0","0","0","0","0",6609,153,490,0,0,1,0,0,6,1,0,0,0,0,78,178,80,0,26,72
"G4000350","1980","A","3","7","Oklahoma","40",,"Craig","035",,,,,,,,,,,,,"03",,,,,,,,"CRAIG COUNTY","0","0","0","0","0","0","0","0","0","0","0","0","0","0","0","0","0","0","0","0","0",12611,503,1834,0,0,12,1,6,1,10,0,0,0,0,36,113,46,18,28,21
"G4000370","1980","A","3","7","Oklahoma","40","8560","Creek","037",,,,,,,,,,,,,"C",,,,,,,,"CREEK COUNTY","0","0","0","0","0","0","0","1","0","0","0","0","0","0","0","0","0","0","0","0","0",53068,2129,3500,1,0,15,3,9,18,19,10,17,1,0,226,518,294,13,50,161
"G4000390","1980","A","3","7","Oklahoma","40",,"Custer","039",,,,,,,,,,,,,"01",,,,,,,,"CUSTER COUNTY","0","0","0","0","0","0","0","1","0","0","0","0","0","0","0","0","0","0","0","0","1",23166,886,1218,3,0,9,40,17,6,22,42,2,0,0,584,878,301,4,46,527
"G4000410","1980","A","3","7","Oklahoma","40",,"Delaware","041",,,,,,,,,,,,,"10",,,,,,,,"DELAWARE COUNTY","0","0","1","0","0","0","0","0","0","0","0","1","0","0","1","0","0","0","0","0","0",18879,9,4960,0,0,6,0,2,4,7,6,6,1,0,66,213,84,0,104,25
"G4000430","1980","A","3","7","Oklahoma","40",,"Dewey","043",,,,,,,,,,,,,"01",,,,,,,,"DEWEY COUNTY","0","0","1","0","1","0","0","0","0","0","0","1","0","0","1","0","0","0","0","0","0",5564,5,302,0,0,0,3,0,1,3,0,0,0,0,44,62,20,0,7,35
"G4000450","1980","A","3","7","Oklahoma","40",,"Ellis","045",,,,,,,,,,,,,"01",,,,,,,,"ELLIS COUNTY","0","0","0","0","1","0","0","0","0","0","0","0","0","0","0","0","0","0","0","0","0",5542,0,35,0,0,0,0,0,0,1,0,0,0,0,18,71,53,0,2,16
"G4000470","1980","A","3","7","Oklahoma","40","2340","Garfield","047",,,,,,,,,,,,,"02",,,,,,,,"GARFIELD COUNTY","0","0","0","0","0","0","0","0","0","0","0","0","0","0","0","0","0","0","0","0","0",59173,2084,655,4,0,55,61,28,31,48,111,11,2,0,557,712,386,23,42,261
"G4000490","1980","A","3","7","Oklahoma","40",,"Garvin","049",,,,,,,,,,,,,"05",,,,,,,,"GARVIN COUNTY","0","0","0","0","0","0","0","1","0","0","0","0","0","0","0","0","0","0","0","0","1",25916,761,1035,0,1,7,8,14,8,14,2,3,0,1,86,233,155,4,9,65
"G4000510","1980","A","3","7","Oklahoma","40",,"Grady","051",,,,,,,,,,,,,"04",,,,,,,,"GRADY COUNTY","0","0","0","0","0","0","0","1","0","0","0","0","0","0","0","0","0","0","0","0","1",36544,1519,1000,1,5,9,10,8,9,22,2,15,0,1,345,533,230,12,60,231
"G4000530","1980","A","3","7","Oklahoma","40",,"Grant","053",,,,,,,,,,,,,"02",,,,,,,,"GRANT COUNTY","0","0","1","0","1","0","1","0","0","0","0","1","0","1","1","0","0","0","0","1","0",6467,1,38,0,0,0,0,0,0,3,0,0,0,0,9,44,37,0,0,7
"G4000550","1980","A","3","7","Oklahoma","40",,"Greer","055",,,,,,,,,,,,,"04",,,,,,,,"GREER COUNTY","0","0","0","0","1","0","0","1","0","0","0","0","0","1","1","0","0","0","0","0","0",6424,362,72,0,0,2,0,0,0,7,0,1,1,0,159,248,85,1,5,157
"G4000570","1980","A","3","7","Oklahoma","40",,"Harmon","057",,,,,,,,,,,,,"04",,,,,,,,"HARMON COUNTY","0","0","0","0","1","0","0","1","0","0","0","0","0","0","0","0","0","0","0","0","0",3810,308,30,0,0,0,0,0,0,1,0,0,0,0,370,451,87,2,0,362
"G4000590","1980","A","3","7","Oklahoma","40",,"Harper","059",,,,,,,,,,,,,"01",,,,,,,,"HARPER COUNTY","0","0","1","0","1","0","1","0","0","0","0","1","0","0","1","0","0","0","0","1","0",4656,3,26,0,0,0,0,0,1,0,0,1,0,0,28,28,14,0,0,14
"G4000610","1980","A","3","7","Oklahoma","40",,"Haskell","061",,,,,,,,,,,,,"08",,,,,,,,"HASKELL COUNTY","0","0","0","0","1","0","0","0","0","0","0","0","0","1","1","0","0","0","0","0","0",9918,80,990,0,0,1,2,0,3,5,0,0,0,0,11,72,50,0,16,6
"G4000630","1980","A","3","7","Oklahoma","40",,"Hughes","063",,,,,,,,,,,,,"06",,,,,,,,"HUGHES COUNTY","0","0","0","0","0","0","0","1","0","0","0","0","0","1","1","0","0","0","0","0","1",11897,441,1944,0,0,4,0,2,2,5,0,2,0,0,41,113,63,3,23,24
"G4000650","1980","A","3","7","Oklahoma","40",,"Jackson","065",,,,,,,,,,,,,"04",,,,,,,,"JACKSON COUNTY","0","0","0","0","0","0","0","0","0","0","0","0","0","0","0","0","0","0","0","0","0",25236,2772,286,0,0,51,29,67,45,18,13,8,5,2,1824,2770,986,60,30,1694
"G4000670","1980","A","3","7","Oklahoma","40",,"Jefferson","067",,,,,,,,,,,,,"07",,,,,,,,"JEFFERSON COUNTY","0","0","0","0","1","0","0","1","0","0","0","0","0","1","1","0","0","0","0","0","1",7680,63,211,0,0,0,1,2,0,5,4,1,0,0,216,338,129,1,3,205
"G4000690","1980","A","3","7","Oklahoma","40",,"Johnston","069",,,,,,,,,,,,,"07",,,,,,,,"JOHNSTON COUNTY","0","0","0","0","0","0","0","1","0","0","0","0","0","0","0","0","0","0","0","0","0",8837,280,1181,0,0,7,0,1,0,4,4,2,0,0,40,105,49,1,27,28
"G4000710","1980","A","3","7","Oklahoma","40",,"Kay","071",,,,,,,,,,,,,"02",,,,,,,,"KAY COUNTY","0","0","0","0","0","0","0","1","0","0","0","0","0","0","0","0","0","0","0","0","0",45790,845,2662,4,0,25,36,25,28,41,15,5,1,1,374,738,365,2,58,313
"G4000730","1980","A","3","7","Oklahoma","40",,"Kingfisher","073",,,,,,,,,,,,,"02",,,,,,,,"KINGFISHER COUNTY","0","0","0","0","0","0","0","0","0","0","0","0","0","0","0","0","0","0","0","0","0",13322,389,308,0,0,1,9,0,2,14,1,0,0,0,141,193,55,0,5,133
"G4000750","1980","A","3","7","Oklahoma","40",,"Kiowa","075",,,,,,,,,,,,,"04",,,,,,,,"KIOWA COUNTY","0","0","0","0","1","0","0","1","0","0","0","0","0","1","1","0","0","0","0","0","1",11142,608,560,0,0,0,0,0,0,6,0,0,0,0,395,528,129,3,11,385
"G4000770","1980","A","3","7","Oklahoma","40",,"Latimer","077",,,,,,,,,,,,,"09",,,,,,,,"LATIMER COUNTY","0","0","0","0","0","0","0","1","0","0","0","0","0","0","0","0","0","0","0","0","1",8266,111,1385,0,0,2,5,4,0,8,3,2,0,0,54,73,34,1,14,24
"G4000790","1980","A","3","7","Oklahoma","40","2720","Le Flore","079",,,,,,,,,,,,,"09",,,,,,,,"LE FLORE COUNTY","0","0","0","0","0","0","0","1","0","0","0","0","0","0","0","0","0","0","0","0","0",36340,983,3057,1,0,16,1,12,11,18,14,5,0,0,240,321,170,1,43,107
"G4000810","1980","A","3","7","Oklahoma","40",,"Lincoln","081",,,,,,,,,,,,,"05",,,,,,,,"LINCOLN COUNTY","0","0","0","0","0","0","0","1","0","0","0","0","0","1","1","0","0","0","0","0","1",24756,800,906,1,0,9,0,4,4,4,1,3,0,0,113,251,145,9,19,78
"G4000830","1980","A","3","7","Oklahoma","40",,"Logan","083",,,,,,,,,,,,,"05",,,,,,,,"LOGAN COUNTY","0","0","0","0","0","0","0","0","0","0","0","0","0","0","0","0","0","0","0","0","0",22472,3754,332,0,1,8,1,4,10,21,11,2,3,5,257,377,155,32,11,179
"G4000850","1980","A","3","7","Oklahoma","40",,"Love","085",,,,,,,,,,,,,"07",,,,,,,,"LOVE COUNTY","0","0","0","0","1","0","0","0","0","0","0","0","0","0","0","0","0","0","0","0","0",6750,288,362,0,0,1,3,3,2,1,2,0,0,0,57,90,32,0,4,54
"G4000870","1980","A","3","7","Oklahoma","40","5880","McClain","087",,,,,,,,,,,,,"05",,,,,,,,"MCCLAIN COUNTY","0","0","0","0","0","0","0","0","0","0","0","0","0","0","0","0","0","0","0","0","0",19235,216,693,1,2,4,0,4,0,5,4,3,0,0,124,231,109,0,11,111
"G4000890","1980","A","3","7","Oklahoma","40",,"McCurtain","089",,,,,,,,,,,,,"09",,,,,,,,"MCCURTAIN COUNTY","0","0","0","0","0","0","0","0","0","0","0","0","0","0","0","0","0","0","0","0","0",28402,3849,3637,1,0,9,4,8,3,13,20,3,2,0,200,424,177,21,50,176
"G4000910","1980","A","3","7","Oklahoma","40",,"McIntosh","091",,,,,,,,,,,,,"08",,,,,,,,"MCINTOSH COUNTY","0","0","0","0","0","0","0","1","0","0","0","0","0","1","1","0","0","0","0","0","1",12612,1016,1891,0,0,5,0,0,6,1,0,3,0,0,28,51,28,3,14,6
"G4000930","1980","A","3","7","Oklahoma","40",,"Major","093",,,,,,,,,,,,,"02",,,,,,,,"MAJOR COUNTY","0","0","1","0","0","0","0","0","0","0","0","1","0","0","1","0","0","0","0","0","0",8609,2,116,0,0,1,0,1,2,6,12,0,0,0,23,75,48,0,5,22
"G4000950","1980","A","3","7","Oklahoma","40",,"Marshall","095",,,,,,,,,,,,,"07",,,,,,,,"MARSHALL COUNTY","0","0","0","0","1","0","0","1","0","0","0","0","0","1","1","0","0","0","0","0","1",9582,181,745,0,0,3,0,0,6,3,0,1,0,0,29,73,38,1,13,21
"G4000970","1980","A","3","7","Oklahoma","40","8560","Mayes","097",,,,,,,,,,,,,"03",,,,,,,,"MAYES COUNTY","0","0","0","0","0","0","0","0","0","0","0","0","0","0","0","0","0","0","0","0","0",27673,74,4363,0,0,0,1,10,6,5,8,7,0,0,114,310,189,0,49,72
"G4000990","1980","A","3","7","Oklahoma","40",,"Murray","099",,,,,,,,,,,,,"07",,,,,,,,"MURRAY COUNTY","0","0","0","0","0","0","0","1","0","0","0","0","0","1","1","0","0","0","0","0","1",11121,181,801,0,0,1,4,7,8,1,0,2,2,0,19,73,42,1,12,18
"G4001010","1980","A","3","7","Oklahoma","40",,"Muskogee","101",,,,,,,,,,,,,"08",,,,,,,,"MUSKOGEE COUNTY","0","0","0","0","0","0","0","0","0","0","0","0","0","0","0","0","0","0","0","0","0",51461,9486,5549,1,6,22,25,5,9,33,38,8,8,1,287,662,340,106,51,165
"G4001030","1980","A","3","7","Oklahoma","40",,"Noble","103",,,,,,,,,,,,,"02",,,,,,,,"NOBLE COUNTY","0","0","0","0","0","0","0","1","0","0","0","0","0","0","0","0","0","0","0","0","1",10544,241,703,0,0,3,6,0,3,3,4,0,0,0,66,94,27,6,10,51
"G4001050","1980","A","3","7","Oklahoma","40",,"Nowata","105",,,,,,,,,,,,,"03",,,,,,,,"NOWATA COUNTY","0","0","0","0","1","0","0","1","0","0","0","0","0","0","0","0","0","0","0","1","0",9868,485,1106,0,0,4,1,2,0,0,0,0,0,0,20,50,28,1,6,15
"G4001070","1980","A","3","7","Oklahoma","40",,"Okfuskee","107",,,,,,,,,,,,,"06",,,,,,,,"OKFUSKEE COUNTY","0","0","0","0","0","0","0","1","0","0","0","0","0","1","1","0","0","0","0","1","1",8021,1387,1620,0,0,2,0,2,6,3,2,0,0,0,82,59,22,10,16,11
"G4001090","1980","A","3","7","Oklahoma","40","5880","Oklahoma","109",,,,,,,,,,,,,"B",,,,,,,,"OKLAHOMA COUNTY","0","0","0","0","0","0","0","0","0","0","0","0","0","0","0","0","0","0","0","0","0",469295,70274,14247,18,20,585,751,488,659,710,2260,126,42,10,9448,14008,6710,428,715,6155
"G4001110","1980","A","3","7","Oklahoma","40",,"Okmulgee","111",,,,,,,,,,,,,"08",,,,,,,,"OKMULGEE COUNTY","0","0","0","0","0","0","0","0","0","0","0","0","0","0","0","0","0","0","0","0","0",30476,4911,3470,1,0,12,3,17,6,16,11,6,0,0,240,478,239,30,67,142
"G4001130","1980","A","3","7","Oklahoma","40","8560","Osage","113",,,,,,,,,,,,,"A",,,,,,,,"OSAGE COUNTY","0","0","0","0","0","0","0","1","0","0","0","0","0","0","0","0","0","0","0","0","0",31349,2927,4749,1,0,14,15,2,5,16,60,3,0,0,186,470,238,10,87,135
"G4001150","1980","A","3","7","Oklahoma","40",,"Ottawa","115",,,,,,,,,,,,,"03",,,,,,,,"OTTAWA COUNTY","0","0","0","0","0","0","0","1","0","0","0","0","0","0","0","0","0","0","0","0","0",28263,104,4192,6,0,10,8,12,12,12,13,5,2,0,231,262,117,1,43,101
"G4001170","1980","A","3","7","Oklahoma","40",,"Pawnee","117",,,,,,,,,,,,,"05",,,,,,,,"PAWNEE COUNTY","0","0","0","0","0","0","0","0","0","0","0","0","0","0","0","0","0","0","0","0","0",14094,155,996,2,0,5,4,9,5,2,1,1,0,0,36,90,65,0,5,20
"G4001190","1980","A","3","7","Oklahoma","40",,"Payne","119",,,,,,,,,,,,,"05",,,,,,,,"PAYNE COUNTY","0","0","0","0","0","0","0","0","0","0","0","0","0","0","0","0","0","0","0","0","0",57220,1867,1587,2,3,110,213,35,39,200,76,10,3,4,1066,1010,530,17,32,431
"G4001210","1980","A","3","7","Oklahoma","40",,"Pittsburg","121",,,,,,,,,,,,,"09",,,,,,,,"PITTSBURG COUNTY","0","0","0","0","0","0","0","0","0","0","0","0","0","0","0","0","0","0","0","0","1",35320,1774,3120,1,0,15,8,23,7,13,16,2,0,1,224,419,211,15,66,127
"G4001230","1980","A","3","7","Oklahoma","40",,"Pontotoc","123",,,,,,,,,,,,,"06",,,,,,,,"PONTOTOC COUNTY","0","0","0","0","0","0","0","1","0","0","0","0","0","0","0","0","0","0","0","0","1",29082,884,2442,6,0,10,11,8,5,17,22,0,0,1,110,246,142,2,30,72
"G4001250","1980","A","3","7","Oklahoma","40","5880","Pottawatomie","125",,,,,,,,,,,,,"05",,,,,,,,"POTTAWATOMIE COUNTY","0","0","0","0","0","0","0","0","0","0","0","0","0","0","0","0","0","0","0","0","0",49608,1097,4010,3,1,8,21,17,27,55,36,12,7,0,337,658,326,17,88,227
"G4001270","1980","A","3","7","Oklahoma","40",,"Pushmataha","127",,,,,,,,,,,,,"09",,,,,,,,"PUSHMATAHA COUNTY","0","0","0","0","1","0","0","0","0","0","0","0","0","0","0","0","0","0","0","0","0",10400,101,1222,0,0,2,0,0,4,7,1,0,0,0,36,92,48,0,19,25
"G4001290","1980","A","3","7","Oklahoma","40",,"Roger Mills","129",,,,,,,,,,,,,"01",,,,,,,,"ROGER MILLS COUNTY","0","0","1","0","1","0","0","0","0","0","0","0","0","0","0","0","0","0","0","0","0",4451,1,319,0,0,0,0,3,0,1,2,0,0,0,22,77,49,0,8,20
"G4001310","1980","A","3","7","Oklahoma","40","8560","Rogers","131",,,,,,,,,,,,,"03",,,,,,,,"ROGERS COUNTY","0","0","0","0","0","0","0","1","0","0","0","0","0","0","0","0","0","0","0","0","1",41563,463,4082,1,0,10,1,19,17,21,12,5,4,0,238,457,300,5,35,117
"G4001330","1980","A","3","7","Oklahoma","40",,"Seminole","133",,,,,,,,,,,,,"06",,,,,,,,"SEMINOLE COUNTY","0","0","0","0","0","0","0","0","0","0","0","0","0","0","0","0","0","0","0","0","0",21453,2162,3718,0,1,7,1,10,0,12,6,3,0,0,100,227,107,26,48,46
"G4001350","1980","A","3","7","Oklahoma","40","2720","Sequoyah","135",,,,,,,,,,,,,"08",,,,,,,,"SEQUOYAH COUNTY","0","0","0","0","0","0","0","0","0","0","0","0","0","0","0","0","0","0","0","0","0",25407,771,4461,0,0,19,1,1,2,14,1,0,0,1,71,190,110,0,47,33
"G4001370","1980","A","3","7","Oklahoma","40",,"Stephens","137",,,,,,,,,,,,,"07",,,,,,,,"STEPHENS COUNTY","0","0","0","0","0","0","0","0","0","0","0","0","0","0","0","0","0","0","0","0","0",40893,1025,918,5,0,7,11,7,9,54,64,5,0,0,421,603,199,0,13,391
"G4001390","1980","A","3","7","Oklahoma","40",,"Texas","139",,,,,,,,,,,,,"01",,,,,,,,"TEXAS COUNTY","0","0","0","0","0","0","0","0","0","0","0","0","0","0","0","0","0","0","0","0","0",16828,52,129,0,0,1,1,5,0,37,2,1,0,0,671,1360,708,0,27,625
"G4001410","1980","A","3","7","Oklahoma","40",,"Tillman","141",,,,,,,,,,,,,"04",,,,,,,,"TILLMAN COUNTY","0","0","0","0","0","0","0","1","0","0","0","0","0","0","0","0","0","0","0","0","1",9669,1263,317,0,0,3,1,2,2,21,3,0,0,0,1117,1298,203,6,13,1076
"G4001430","1980","A","3","7","Oklahoma","40","8560","Tulsa","143",,,,,,,,,,,,,"A",,,,,,,,"TULSA COUNTY","0","0","0","0","0","0","0","0","0","0","0","0","0","0","0","0","0","0","0","0","0",400523,43647,19037,17,5,254,559,194,380,614,956,84,27,11,4285,7615,4211,335,467,2602
"G4001450","1980","A","3","7","Oklahoma","40","8560","Wagoner","145",,,,,,,,,,,,,"08",,,,,,,,"WAGONER COUNTY","0","0","0","0","0","0","0","0","0","0","0","0","0","0","0","0","0","0","0","0","0",36949,1858,2732,1,0,8,10,11,11,10,10,0,1,0,200,483,285,26,42,130
"G4001470","1980","A","3","7","Oklahoma","40",,"Washington","147",,,,,,,,,,,,,"03",,,,,,,,"WASHINGTON COUNTY","0","0","0","0","0","0","0","1","0","0","0","0","0","0","0","0","0","0","0","0","0",43652,1220,2716,2,0,19,64,18,22,43,45,4,0,0,308,647,355,3,41,248
"G4001490","1980","A","3","7","Oklahoma","40",,"Washita","149",,,,,,,,,,,,,"04",,,,,,,,"WASHITA COUNTY","0","0","0","0","0","0","0","0","0","0","0","0","0","0","0","0","0","0","0","0","0",13377,65,158,2,0,0,4,2,1,4,12,0,0,0,173,348,184,0,8,156
"G4001510","1980","A","3","7","Oklahoma","40",,"Woods","151",,,,,,,,,,,,,"01",,,,,,,,"WOODS COUNTY","0","0","0","0","0","0","0","0","0","0","0","0","0","0","0","0","0","0","0","0","0",10615,54,61,1,0,4,18,0,2,9,0,4,0,0,155,187,83,0,8,96
"G4001530","1980","A","3","7","Oklahoma","40",,"Woodward","153",,,,,,,,,,,,,"01",,,,,,,,"WOODWARD COUNTY","0","0","0","0","0","0","0","0","0","0","0","1","0","0","1","0","0","0","0","0","0",20689,55,208,0,0,3,11,14,8,7,11,1,3,0,162,345,182,0,12,151
"G4100010","1980","A","4","9","Oregon","41",,"Baker","001",,,,,,,,,,,,,"04",,,,,,,,"BAKER COUNTY","0","0","1","0","0","0","0","0","0","0","0","0","0","0","0","0","0","0","0","0","0",15904,11,84,0,4,9,3,4,9,3,1,2,1,2,97,206,152,0,4,50
"G4100030","1980","A","4","9","Oregon","41",,"Benton","003",,,,,,,,,,,,,"02",,,,,,,,"BENTON COUNTY","0","0","0","0","0","0","0","1","0","0","0","0","0","0","0","0","0","0","0","0","1",64738,441,363,3,14,497,594,113,184,140,109,47,9,12,947,1223,825,6,59,333
"G4100050","1980","A","4","9","Oregon","41","6440","Clackamas","005",,,,,,,,,,,,,"A",,,,,,,,"CLACKAMAS COUNTY","0","0","0","0","0","0","0","1","0","0","0","0","0","0","0","0","0","0","0","0","1",235687,768,1197,12,16,740,380,337,411,160,198,120,24,6,1863,3624,2466,11,193,954
"G4100070","1980","A","4","9","Oregon","41",,"Clatsop","007",,,,,,,,,,,,,"01",,,,,,,,"CLATSOP COUNTY","0","0","0","0","0","0","0","1","0","0","0","0","0","0","0","0","0","0","0","0","0",31344,173,220,8,19,39,116,157,39,12,41,30,3,5,283,446,266,6,51,123
"G4100090","1980","A","4","9","Oregon","41",,"Columbia","009",,,,,,,,,,,,,"01",,,,,,,,"COLUMBIA COUNTY","0","0","0","0","0","0","0","0","0","0","0","0","0","0","0","0","0","0","0","0","0",34943,35,276,4,1,25,37,18,27,6,12,11,0,0,251,528,382,0,14,132
"G4100110","1980","A","4","9","Oregon","41",,"Coos","011",,,,,,,,,,,,,"01",,,,,,,,"COOS COUNTY","0","0","0","0","0","0","0","1","0","0","0","0","0","0","0","0","0","0","0","0","1",61719,74,1273,12,23,82,46,84,85,64,41,44,5,4,491,1124,716,2,98,308
"G4100130","1980","A","4","9","Oregon","41",,"Crook","013",,,,,,,,,,,,,"04",,,,,,,,"CROOK COUNTY","0","0","1","0","0","0","0","1","0","0","0","1","0","0","1","0","0","0","0","0","1",12831,3,119,0,0,1,2,11,12,3,6,0,0,0,103,181,90,1,8,82
"G4100150","1980","A","4","9","Oregon","41",,"Curry","015",,,,,,,,,,,,,"01",,,,,,,,"CURRY COUNTY","0","0","1","0","0","0","0","1","0","0","0","0","0","0","0","0","0","0","0","0","1",16499,13,328,2,2,11,7,6,9,5,3,4,6,0,97,225,139,1,15,70
"G4100170","1980","A","4","9","Oregon","41",,"Deschutes","017",,,,,,,,,,,,,"04",,,,,,,,"DESCHUTES COUNTY","0","0","0","0","0","0","0","0","0","0","0","0","0","0","0","0","0","0","0","0","0",61005,38,481,8,4,60,56,31,47,8,17,28,5,5,349,1052,778,0,45,229
"G4100190","1980","A","4","9","Oregon","41",,"Douglas","019",,,,,,,,,,,,,"01",,,,,,,,"DOUGLAS COUNTY","0","0","0","0","0","0","0","1","0","0","0","0","0","0","0","0","0","0","0","0","0",91408,130,1093,16,13,96,97,64,89,21,18,48,8,12,635,1747,1165,3,109,470
"G4100210","1980","A","4","9","Oregon","41",,"Gilliam","021",,,,,,,,,,,,,"03",,,,,,,,"GILLIAM COUNTY","0","0","0","1","1","0","0","0","0","0","0","0","1","0","1","0","0","0","0","0","0",1978,0,9,0,0,0,0,0,3,0,0,0,0,0,67,53,17,0,0,36
"G4100230","1980","A","4","9","Oregon","41",,"Grant","023",,,,,,,,,,,,,"04",,,,,,,,"GRANT COUNTY","0","0","1","0","0","0","0","0","0","0","0","1","0","1","0","0","0","0","0","1","0",8077,4,80,1,0,5,1,3,7,2,1,2,0,0,27,81,64,0,10,7
"G4100250","1980","A","4","9","Oregon","41",,"Harney","025",,,,,,,,,,,,,"04",,,,,,,,"HARNEY COUNTY","0","0","1","0","0","0","0","0","0","0","0","0","0","0","0","0","0","0","0","0","0",7958,4,217,1,2,12,15,3,1,5,3,0,1,0,92,256,191,0,5,60
"G4100270","1980","A","4","9","Oregon","41",,"Hood River","027",,,,,,,,,,,,,"02",,,,,,,,"HOOD RIVER COUNTY","0","0","0","0","0","0","0","1","0","0","0","0","0","0","0","0","0","0","0","0","0",14485,39,158,0,0,230,18,1,8,18,2,20,0,0,856,1042,207,1,14,820
"G4100290","1980","A","4","9","Oregon","41","4890","Jackson","029",,,,,,,,,,,,,"01",,,,,,,,"JACKSON COUNTY","0","0","0","0","0","0","0","1","0","0","0","0","0","0","0","0","0","0","0","0","1",128093,173,1152,16,21,186,164,123,97,54,73,72,22,7,2203,3954,2004,10,109,1831
"G4100310","1980","A","4","9","Oregon","41",,"Jefferson","031",,,,,,,,,,,,,"04",,,,,,,,"JEFFERSON COUNTY","0","0","0","0","0","0","0","0","0","0","0","0","0","0","0","0","0","0","0","0","0",8999,35,1987,0,3,3,3,4,8,4,15,5,0,4,529,735,155,0,75,505
"G4100330","1980","A","4","9","Oregon","41",,"Josephine","033",,,,,,,,,,,,,"01",,,,,,,,"JOSEPHINE COUNTY","0","0","0","0","0","0","0","1","0","0","0","0","0","0","0","0","0","0","0","0","0",57642,48,580,12,5,62,40,21,28,18,16,29,2,2,350,1183,910,1,50,222
"G4100350","1980","A","4","9","Oregon","41",,"Klamath","035",,,,,,,,,,,,,"04",,,,,,,,"KLAMATH COUNTY","0","0","0","0","0","0","0","1","0","0","0","0","0","0","0","0","0","0","0","0","1",55633,344,1905,13,6,80,83,61,22,23,71,18,8,5,845,1753,944,7,162,640
"G4100370","1980","A","4","9","Oregon","41",,"Lake","037",,,,,,,,,,,,,"04",,,,,,,,"LAKE COUNTY","0","0","1","0","0","0","0","0","0","0","0","1","0","0","1","0","0","0","0","0","0",7325,3,80,2,1,4,1,12,6,0,25,0,6,0,67,152,83,0,16,53
"G4100390","1980","A","4","9","Oregon","41","2400","Lane","039",,,,,,,,,,,,,"B",,,,,,,,"LANE COUNTY","0","0","0","0","0","0","0","0","0","0","0","0","0","0","0","0","0","0","0","0","0",264599,1618,2382,43,46,796,789,278,383,203,204,177,60,29,3619,5581,3094,52,287,2148
"G4100410","1980","A","4","9","Oregon","41",,"Lincoln","041",,,,,,,,,,,,,"01",,,,,,,,"LINCOLN COUNTY","0","0","0","0","0","0","0","1","0","0","0","0","0","0","0","0","0","0","0","0","0",34323,44,528,5,5,34,29,12,26,22,14,16,1,5,200,397,309,1,9,78
"G4100430","1980","A","4","9","Oregon","41",,"Linn","043",,,,,,,,,,,,,"02",,,,,,,,"LINN COUNTY","0","0","0","0","0","0","0","1","0","0","0","0","0","0","0","0","0","0","0","0","0",87296,135,723,11,8,78,107,58,112,22,49,35,12,1,848,1625,1012,8,68,537
"G4100450","1980","A","4","9","Oregon","41",,"Malheur","045",,,,,,,,,,,,,"04",,,,,,,,"MALHEUR COUNTY","0","0","0","0","0","0","0","1","0","0","0","0","0","0","0","0","0","0","0","0","0",23133,77,134,0,0,726,33,10,27,10,12,6,0,0,2728,3801,1200,2,11,2588
"G4100470","1980","A","4","9","Oregon","41","7080","Marion","047",,,,,,,,,,,,,"02",,,,,,,,"MARION COUNTY","0","0","0","0","0","0","0","0","0","0","0","0","0","0","0","0","0","0","0","0","1",193250,1258,1923,37,17,328,307,298,159,112,612,122,16,21,6232,9702,4375,25,230,5072
"G4100490","1980","A","4","9","Oregon","41",,"Morrow","049",,,,,,,,,,,,,"03",,,,,,,,"MORROW COUNTY","0","0","1","0","0","0","0","1","0","0","0","1","0","1","0","0","0","0","0","0","0",7188,11,41,0,0,8,3,3,8,1,0,0,0,0,256,363,127,2,1,233
"G4100510","1980","A","4","9","Oregon","41","6440","Multnomah","051",,,,,,,,,,,,,"A",,,,,,,,"MULTNOMAH COUNTY","0","0","0","0","0","0","0","0","0","0","0","0","0","0","0","0","0","0","0","0","0",504113,29844,4819,111,68,2921,4012,1682,1250,584,3122,363,134,95,9522,11239,6798,358,774,3309
"G4100530","1980","A","4","9","Oregon","41","7080","Polk","053",,,,,,,,,,,,,"02",,,,,,,,"POLK COUNTY","0","0","0","0","0","0","0","1","0","0","0","0","0","0","0","0","0","0","0","0","1",43152,164,504,35,3,72,29,29,54,14,15,15,14,1,1102,1588,713,9,38,828
"G4100550","1980","A","4","9","Oregon","41",,"Sherman","055",,,,,,,,,,,,,"03",,,,,,,,"SHERMAN COUNTY","0","0","1","1","1","0","1","0","0","0","0","0","1","1","1","0","0","0","0","1","0",2143,3,5,0,0,5,3,3,0,0,0,0,0,0,10,31,25,0,0,6
"G4100570","1980","A","4","9","Oregon","41",,"Tillamook","057",,,,,,,,,,,,,"01",,,,,,,,"TILLAMOOK COUNTY","0","0","0","0","0","0","0","0","0","0","0","0","0","0","0","0","0","0","0","0","0",20732,35,183,4,7,24,22,11,13,7,0,16,1,3,106,209,159,0,4,46
"G4100590","1980","A","4","9","Oregon","41",,"Umatilla","059",,,,,,,,,,,,,"03",,,,,,,,"UMATILLA COUNTY","0","0","0","0","0","0","0","1","0","0","0","0","0","0","0","0","0","0","0","0","0",54955,134,1488,10,2,64,73,57,36,20,51,18,12,0,1941,2682,790,2,51,1839
"G4100610","1980","A","4","9","Oregon","41",,"Union","061",,,,,,,,,,,,,"04",,,,,,,,"UNION COUNTY","0","0","0","0","0","0","0","0","0","0","0","0","0","0","0","0","0","0","0","0","0",23354,104,169,0,1,32,13,5,29,6,6,11,2,2,187,274,184,0,12,78
"G4100630","1980","A","4","9","Oregon","41",,"Wallowa","063",,,,,,,,,,,,,"04",,,,,,,,"WALLOWA COUNTY","0","0","1","0","1","0","0","0","0","0","0","1","1","1","0","0","0","0","0","1","0",7220,5,24,0,0,0,2,3,3,0,0,0,0,0,16,47,36,0,1,10
"G4100650","1980","A","4","9","Oregon","41",,"Wasco","065",,,,,,,,,,,,,"03",,,,,,,,"WASCO COUNTY","0","0","0","0","0","0","0","1","0","0","0","0","0","0","0","0","0","0","0","0","0",20676,65,614,0,3,26,20,19,12,5,23,9,0,0,260,486,242,2,26,216
"G4100670","1980","A","4","9","Oregon","41","6440","Washington","067",,,,,,,,,,,,,"A",,,,,,,,"WASHINGTON COUNTY","0","0","0","0","0","0","0","0","0","0","0","0","0","0","0","0","0","0","0","0","0",233622,1091,1035,31,21,1094,876,695,1165,364,709,183,34,18,4870,6419,3283,27,248,2861
"G4100690","1980","A","4","9","Oregon","41",,"Wheeler","069",,,,,,,,,,,,,"04",,,,,,,,"WHEELER COUNTY","0","0","0","1","1","1","1","0","0","0","0","0","1","1","0","0","0","0","1","1","0",1503,0,4,0,0,1,0,0,1,0,0,0,0,0,4,7,3,0,0,4
"G4100710","1980","A","4","9","Oregon","41",,"Yamhill","071",,,,,,,,,,,,,"02",,,,,,,,"YAMHILL COUNTY","0","0","0","0","0","0","0","1","0","0","0","0","0","0","0","0","0","0","0","0","0",53083,136,413,10,1,82,55,41,58,22,95,37,1,5,1293,1831,694,1,67,1069
"G4200010","1980","A","1","2","Pennsylvania","42","9280","Adams","001",,,,,,,,,,,,,"07",,,,,,,,"ADAMS COUNTY","0","0","0","0","0","0","0","0","0","0","0","0","0","0","0","0","0","0","0","0","0",67077,705,45,2,0,22,25,45,39,12,44,3,2,0,271,613,394,30,12,177
"G4200030","1980","A","1","2","Pennsylvania","42","6280","Allegheny","003",,,,,,,,,,,,,"D",,,,,,,,"ALLEGHENY COUNTY","0","0","0","0","0","0","0","0","0","0","0","0","0","0","0","0","0","0","0","0","0",1286603,150246,975,21,7,608,1996,715,981,2669,618,114,20,16,4496,8175,5931,974,193,1077
"G4200050","1980","A","1","2","Pennsylvania","42",,"Armstrong","005",,,,,,,,,,,,,"01",,,,,,,,"ARMSTRONG COUNTY","0","0","0","0","0","0","0","1","0","0","0","0","0","0","0","0","0","0","0","0","1",76869,713,28,0,0,7,0,18,24,15,2,1,4,1,86,203,173,9,10,11
"G4200070","1980","A","1","2","Pennsylvania","42","6280","Beaver","007",,,,,,,,,,,,,"D",,,,,,,,"BEAVER COUNTY","0","0","0","0","0","0","0","0","0","0","0","0","0","0","0","0","0","0","0","0","0",192145,11393,125,4,0,27,102,48,78,105,32,8,7,2,365,1096,882,92,6,116
"G4200090","1980","A","1","2","Pennsylvania","42",,"Bedford","009",,,,,,,,,,,,,"05",,,,,,,,"BEDFORD COUNTY","0","0","0","0","0","0","0","0","0","0","0","0","0","0","0","0","0","0","0","1","0",46523,154,24,0,0,14,4,22,8,5,0,0,0,0,30,150,141,0,1,8
"G4200110","1980","A","1","2","Pennsylvania","42","6680","Berks","011",,,,,,,,,,,,,"L",,,,,,,,"BERKS COUNTY","0","0","0","0","0","0","0","0","0","0","0","0","0","0","0","0","0","0","0","0","0",297637,7722,159,1,4,107,141,109,231,336,308,6,7,2,5739,9013,3588,214,35,5176
"G4200130","1980","A","1","2","Pennsylvania","42","0280","Blair","013",,,,,,,,,,,,,"F",,,,,,,,"BLAIR COUNTY","0","0","0","0","0","0","0","1","0","0","0","0","0","0","0","0","0","0","0","0","1",135189,956,71,0,1,28,24,21,40,97,27,3,3,0,161,405,345,4,14,42
"G4200150","1980","A","1","2","Pennsylvania","42",,"Bradford","015",,,,,,,,,,,,,"02",,,,,,,,"BRADFORD COUNTY","0","0","0","0","0","0","0","1","0","0","0","0","0","0","0","0","0","0","0","0","1",62590,83,63,1,0,10,11,17,20,52,6,1,0,2,63,223,192,4,1,26
"G4200170","1980","A","1","2","Pennsylvania","42","6160","Bucks","017",,,,,,,,"77",,,,,"B",,,,,,,,"BUCKS COUNTY","0","0","0","0","0","0","0","0","0","0","0","0","0","0","0","0","0","0","0","0","0",460493,11950,479,15,5,269,537,603,907,864,342,35,11,4,2697,5684,3547,118,162,1857
"G4200190","1980","A","1","2","Pennsylvania","42",,"Butler","019",,,,,,,,,,,,,"01",,,,,,,,"BUTLER COUNTY","0","0","0","0","0","0","0","1","0","0","0","0","0","0","0","0","0","0","0","0","0",146518,731,89,1,0,37,38,81,50,86,71,5,2,5,198,509,421,3,10,75
"G4200210","1980","A","1","2","Pennsylvania","42","3680","Cambria","021",,,,,,,,,,,,,"E",,,,,,,,"CAMBRIA COUNTY","0","0","0","0","0","0","0","0","0","0","0","0","0","0","0","0","0","0","0","0","0",179132,3398,91,2,1,17,54,59,54,142,42,14,1,0,256,955,801,21,18,115
"G4200230","1980","A","1","2","Pennsylvania","42",,"Cameron","023",,,,,,,,,,,,,"03",,,,,,,,"CAMERON COUNTY","0","0","1","0","1","0","1","0","0","0","0","1","0","1","0","0","0","0","0","0","0",6640,6,23,0,0,1,0,0,0,1,0,0,0,0,3,21,18,0,0,3
"G4200250","1980","A","1","2","Pennsylvania","42","0240","Carbon","025",,,,,,,,,,,,,"06",,,,,,,,"CARBON COUNTY","0","0","0","1","0","0","0","1","0","0","0","0","0","0","0","0","0","0","0","0","1",53067,30,12,0,0,5,22,30,9,24,11,6,0,0,69,331,294,1,3,33
"G4200270","1980","A","1","2","Pennsylvania","42","8050","Centre","027",,,,,,,,,,,,,"05",,,,,,,,"CENTRE COUNTY","0","0","0","0","0","0","0","0","0","0","0","0","0","0","0","0","0","0","0","0","0",109340,1468,104,6,3,161,370,77,207,289,85,3,5,4,638,830,650,29,23,128
"G4200290","1980","A","1","2","Pennsylvania","42","6160","Chester","029",,,,,,,,"77",,,,,"B",,,,,,,,"CHESTER COUNTY","0","0","0","0","0","0","0","0","0","0","0","0","0","0","0","0","0","0","0","0","0",288302,23085,242,11,10,146,394,178,295,451,283,22,11,7,3223,5738,2935,288,60,2455
"G4200310","1980","A","1","2","Pennsylvania","42",,"Clarion","031",,,,,,,,,,,,,"04",,,,,,,,"CLARION COUNTY","0","0","0","0","0","0","0","1","0","0","0","0","1","0","1","0","0","0","0","0","0",42930,246,35,1,0,13,14,2,15,26,8,0,0,0,72,166,130,8,1,27
"G4200330","1980","A","1","2","Pennsylvania","42",,"Clearfield","033",,,,,,,,,,,,,"04",,,,,,,,"CLEARFIELD COUNTY","0","0","0","0","0","0","0","0","0","0","0","0","0","0","0","0","0","0","0","0","0",83162,165,57,0,0,16,11,27,40,41,0,1,5,0,53,216,188,0,11,17
"G4200350","1980","A","1","2","Pennsylvania","42",,"Clinton","035",,,,,,,,,,,,,"03",,,,,,,,"CLINTON COUNTY","0","0","0","0","0","0","0","1","0","0","0","0","0","0","0","0","0","0","0","0","1",38718,129,26,0,0,10,15,8,3,18,5,2,0,1,36,139,125,3,1,10
"G4200370","1980","A","1","2","Pennsylvania","42",,"Columbia","037",,,,,,,,,,,,,"06",,,,,,,,"COLUMBIA COUNTY","0","0","0","0","0","0","0","1","0","0","0","0","0","0","0","0","0","0","0","0","0",61493,198,20,1,0,23,13,36,20,66,26,0,1,0,70,198,168,1,5,24
"G4200390","1980","A","1","2","Pennsylvania","42",,"Crawford","039",,,,,,,,,,,,,"01",,,,,,,,"CRAWFORD COUNTY","0","0","0","0","0","0","0","0","0","0","0","0","0","0","0","0","0","0","0","0","1",87376,1091,110,5,0,19,30,35,42,46,6,8,0,0,101,331,275,15,19,22
"G4200410","1980","A","1","2","Pennsylvania","42","3240","Cumberland","041",,,,,,,,,,,,,"H",,,,,,,,"CUMBERLAND COUNTY","0","0","0","0","0","0","0","0","0","0","0","0","0","0","0","0","0","0","0","0","0",174166,2457,124,6,1,96,147,102,287,347,309,12,3,1,483,867,672,25,16,154
"G4200430","1980","A","1","2","Pennsylvania","42","3240","Dauphin","043",,,,,,,,,,,,,"H",,,,,,,,"DAUPHIN COUNTY","0","0","0","0","0","0","0","0","0","0","0","0","0","0","0","0","0","0","0","0","0",197463,31275,217,6,3,99,158,73,141,352,539,24,0,5,1962,3585,1944,314,49,1278
"G4200450","1980","A","1","2","Pennsylvania","42","6160","Delaware","045",,,,,,,,"77",,,,,"B",,,,,,,,"DELAWARE COUNTY","0","0","0","0","0","0","0","0","0","0","0","0","0","0","0","0","0","0","0","0","0",498447,49989,370,5,4,389,762,453,1104,1074,391,34,8,5,1972,4206,2812,445,90,859
"G4200470","1980","A","1","2","Pennsylvania","42",,"Elk","047",,,,,,,,,,,,,"03",,,,,,,,"ELK COUNTY","0","0","1","0","0","0","0","1","0","0","0","0","0","0","0","0","0","0","0","1","0",38219,13,19,0,0,7,17,8,8,16,3,1,0,0,27,63,52,1,7,3
"G4200490","1980","A","1","2","Pennsylvania","42","2360","Erie","049",,,,,,,,,,,,,"A",,,,,,,,"ERIE COUNTY","0","0","0","0","0","0","0","0","0","0","0","0","0","0","0","0","0","0","0","0","0",264959,12414,326,2,4,57,175,117,180,239,190,13,3,0,1101,2050,1256,116,52,626
"G4200510","1980","A","1","2","Pennsylvania","42",,"Fayette","051",,,,,,,,,,,,,"04",,,,,,,,"FAYETTE COUNTY","0","0","0","0","0","0","0","0","0","0","0","0","0","0","0","0","0","0","0","0","0",152891,6041,109,1,3,19,27,57,53,53,32,7,0,1,123,605,539,34,16,16
"G4200530","1980","A","1","2","Pennsylvania","42",,"Forest","053",,,,,,,,,,,,,"03",,,,,,,,"FOREST COUNTY","0","0","1","1","1","0","1","1","0","0","0","1","1","1","1","0","0","0","1","1","0",5033,11,13,0,0,2,0,0,3,2,0,0,0,0,8,15,9,1,0,5
"G4200550","1980","A","1","2","Pennsylvania","42",,"Franklin","055",,,,,,,,,,,,,"07",,,,,,,,"FRANKLIN COUNTY","0","0","0","0","0","0","0","0","0","0","0","0","0","0","0","0","0","0","0","0","0",110755,2086,78,1,0,48,22,63,107,49,58,6,4,0,352,646,449,32,16,149
"G4200570","1980","A","1","2","Pennsylvania","42",,"Fulton","057",,,,,,,,,,,,,"05",,,,,,,,"FULTON COUNTY","0","0","0","1","1","0","0","0","0","0","0","0","1","0","1","0","0","0","0","1","0",12716,96,10,0,3,1,0,1,2,2,1,1,0,0,9,61,54,0,1,6
"G4200590","1980","A","1","2","Pennsylvania","42",,"Greene","059",,,,,,,,,,,,,"04",,,,,,,,"GREENE COUNTY","0","0","0","0","0","0","0","1","0","0","0","0","0","0","0","0","0","0","0","0","1",40027,316,51,1,0,4,9,12,1,18,6,7,0,0,24,238,216,5,12,5
"G4200610","1980","A","1","2","Pennsylvania","42",,"Huntingdon","061",,,,,,,,,,,,,"05",,,,,,,,"HUNTINGDON COUNTY","0","0","0","0","0","0","0","1","0","0","0","0","1","0","1","0","0","0","0","1","0",41125,969,40,0,0,13,7,7,9,15,1,1,0,0,66,133,100,10,5,18
"G4200630","1980","A","1","2","Pennsylvania","42",,"Indiana","063",,,,,,,,,,,,,"04",,,,,,,,"INDIANA COUNTY","0","0","0","0","0","0","0","1","0","0","0","0","0","0","0","0","0","0","0","0","1",90908,952,43,0,1,25,49,25,35,50,30,0,1,0,162,331,282,13,6,30
"G4200650","1980","A","1","2","Pennsylvania","42",,"Jefferson","065",,,,,,,,,,,,,"04",,,,,,,,"JEFFERSON COUNTY","0","0","0","0","0","0","0","0","0","0","0","0","0","0","0","0","0","0","0","1","0",48112,37,24,0,0,4,12,15,10,22,6,1,0,0,60,142,126,0,1,15
"G4200670","1980","A","1","2","Pennsylvania","42",,"Juniata","067",,,,,,,,,,,,,"05",,,,,,,,"JUNIATA COUNTY","0","0","0","1","1","0","0","0","0","0","0","1","1","1","1","0","0","0","0","1","0",19125,17,8,0,0,0,1,1,1,2,4,0,0,1,28,77,69,0,2,6
"G4200690","1980","A","1","2","Pennsylvania","42","5745","Lackawanna","069",,,,,,,,,,,,,"C",,,,,,,,"LACKAWANNA COUNTY","0","0","0","0","0","0","0","0","0","0","0","0","0","0","0","0","0","0","0","0","0",225619,1109,68,0,0,47,109,55,136,337,75,5,0,1,347,802,680,29,17,76
"G4200710","1980","A","1","2","Pennsylvania","42","4000","Lancaster","071",,,,,,,,,,,,,"K",,,,,,,,"LANCASTER COUNTY","0","0","0","0","0","0","0","0","0","0","0","0","0","0","0","0","0","0","0","0","0",347282,6972,275,2,2,103,249,74,219,244,1272,18,5,2,5627,9104,3874,231,68,4931
"G4200730","1980","A","1","2","Pennsylvania","42",,"Lawrence","073",,,,,,,,,,,,,"01",,,,,,,,"LAWRENCE COUNTY","0","0","0","0","0","0","0","1","0","0","0","0","0","0","0","0","0","0","0","0","1",103720,3042,41,2,2,16,15,35,43,49,9,1,6,0,169,374,322,5,5,42
"G4200750","1980","A","1","2","Pennsylvania","42",,"Lebanon","075",,,,,,,,,,,,,"07",,,,,,,,"LEBANON COUNTY","0","0","0","0","0","0","0","0","0","0","0","0","0","0","0","0","0","0","0","0","0",106749,462,50,1,4,29,42,60,76,81,243,4,1,0,780,1605,957,22,20,606
"G4200770","1980","A","1","2","Pennsylvania","42","0240","Lehigh","077",,,,,,,,,,,,,"M",,,,,,,,"LEHIGH COUNTY","0","0","0","0","0","0","0","0","0","0","0","0","0","0","0","0","0","0","0","0","0",262974,4134,145,2,0,102,291,117,251,428,248,12,0,0,3645,7028,3952,173,65,2838
"G4200790","1980","A","1","2","Pennsylvania","42","5745","Luzerne","079",,,,,,,,,,,,,"G",,,,,,,,"LUZERNE COUNTY","0","0","0","0","0","0","0","0","0","0","0","0","0","0","0","0","0","0","0","0","1",339369,2311,143,2,2,93,87,93,128,242,168,19,11,0,411,1306,1073,31,46,156
"G4200810","1980","A","1","2","Pennsylvania","42","9140","Lycoming","081",,,,,,,,,,,,,"03",,,,,,,,"LYCOMING COUNTY","0","0","0","0","0","0","0","1","0","0","0","0","0","0","0","0","0","0","0","0","1",116063,1749,89,2,0,22,64,54,63,77,36,4,0,1,192,400,327,10,11,52
"G4200830","1980","A","1","2","Pennsylvania","42",,"McKean","083",,,,,,,,,,,,,"01",,,,,,,,"MCKEAN COUNTY","0","0","0","0","0","0","0","1","0","0","0","0","0","0","0","0","0","0","0","0","0",50299,96,92,0,0,8,26,11,20,34,14,1,0,0,34,160,148,2,1,9
"G4200850","1980","A","1","2","Pennsylvania","42","7610","Mercer","085",,,,,,,,,,,,,"01",,,,,,,,"MERCER COUNTY","0","0","0","0","0","0","0","0","0","0","0","0","0","0","0","0","0","0","0","0","0",122358,5447,87,2,5,26,53,37,46,46,15,9,5,5,158,391,284,55,12,40
"G4200870","1980","A","1","2","Pennsylvania","42",,"Mifflin","087",,,,,,,,,,,,,"05",,,,,,,,"MIFFLIN COUNTY","0","0","0","0","0","0","1","0","0","0","0","0","0","0","0","0","0","0","0","1","0",46714,96,18,0,7,6,3,7,10,15,2,0,0,0,30,122,113,0,0,9
"G4200890","1980","A","1","2","Pennsylvania","42","5745","Monroe","089",,,,,,,,,,,,,"06",,,,,,,,"MONROE COUNTY","0","0","0","0","0","0","0","0","0","0","0","0","0","0","0","0","0","0","0","0","0",67944,982,46,2,0,16,36,18,73,66,30,7,0,4,185,552,455,18,8,71
"G4200910","1980","A","1","2","Pennsylvania","42","6160","Montgomery","091",,,,,,,,"77",,,,,"B",,,,,,,,"MONTGOMERY COUNTY","0","0","0","0","0","0","0","0","0","0","0","0","0","0","0","0","0","0","0","0","0",602543,30864,475,6,5,542,1284,587,2639,1576,744,36,9,21,2290,5391,4015,347,126,903
"G4200930","1980","A","1","2","Pennsylvania","42",,"Montour","093",,,,,,,,,,,,,"06",,,,,,,,"MONTOUR COUNTY","0","0","0","1","0","0","1","0","0","0","0","0","1","0","1","0","0","0","0","0","0",16537,21,14,0,0,1,5,28,10,36,3,0,0,0,20,49,45,0,0,4
"G4200950","1980","A","1","2","Pennsylvania","42","0240","Northampton","095",,,,,,,,,,,,,"M",,,,,,,,"NORTHAMPTON COUNTY","0","0","0","0","0","0","0","0","0","0","0","0","0","0","0","0","0","0","0","0","0",217303,3974,108,2,2,89,224,92,146,337,271,6,3,3,2858,7059,4482,99,50,2428
"G4200970","1980","A","1","2","Pennsylvania","42",,"Northumberland","097",,,,,,,,,,,,,"06",,,,,,,,"NORTHUMBERLAND COUNTY","0","0","0","0","0","0","0","1","0","0","0","0","0","0","0","0","0","0","0","1","0",99956,162,44,1,1,20,4,25,16,26,29,1,4,0,92,301,276,1,3,21
"G4200990","1980","A","1","2","Pennsylvania","42","3240","Perry","099",,,,,,,,,,,,,"05",,,,,,,,"PERRY COUNTY","0","0","0","0","0","0","0","0","0","0","0","0","1","0","1","0","0","0","0","1","0",35607,28,15,0,0,9,2,2,7,11,1,0,0,0,36,138,119,0,0,19
"G4201010","1980","B","1","2","Pennsylvania","42","6160","Philadelphia","101",,,,,,,,"77",,,,,"B",,,,,,,,"PHILADELPHIA COUNTY","0","0","0","0","0","0","0","0","0","0","0","0","0","0","0","0","0","0","0","0","0",983084,638878,2271,20,34,891,4987,3480,2904,3074,2038,306,35,49,46159,63570,19615,5393,948,37614
"G4201030","1980","A","1","2","Pennsylvania","42",,"Pike","103",,,,,,,,,,,,,"06",,,,,,,,"PIKE COUNTY","0","0","0","0","0","0","0","0","0","0","0","0","0","0","0","0","0","0","0","0","0",18103,55,18,0,0,12,11,3,9,4,1,0,0,0,55,245,220,0,0,25
"G4201050","1980","A","1","2","Pennsylvania","42",,"Potter","105",,,,,,,,,,,,,"02",,,,,,,,"POTTER COUNTY","0","0","0","0","0","0","0","0","0","0","0","1","0","0","1","0","0","0","0","1","0",17604,30,27,0,0,7,7,8,5,9,2,0,0,0,27,63,48,0,2,13
"G4201070","1980","A","1","2","Pennsylvania","42",,"Schuylkill","107",,,,,,,,,,,,,"06",,,,,,,,"SCHUYLKILL COUNTY","0","0","0","0","0","0","0","0","0","0","0","0","0","0","0","0","0","0","0","0","1",159776,310,67,4,0,21,70,25,86,77,38,1,0,0,155,480,412,24,6,38
"G4201090","1980","A","1","2","Pennsylvania","42",,"Snyder","109",,,,,,,,,,,,,"05",,,,,,,,"SNYDER COUNTY","0","0","0","0","0","0","0","0","0","0","0","0","0","0","0","0","0","0","0","1","0",33316,145,24,1,0,5,2,2,7,15,19,1,0,0,47,115,101,0,4,10
"G4201110","1980","A","1","2","Pennsylvania","42","3680","Somerset","111",,,,,,,,,,,,,"E",,,,,,,,"SOMERSET COUNTY","0","0","0","0","0","0","0","0","0","0","0","0","0","0","0","0","0","0","0","1","0",81024,57,30,1,0,7,30,20,8,15,8,0,1,0,42,234,226,0,2,6
"G4201130","1980","A","1","2","Pennsylvania","42",,"Sullivan","113",,,,,,,,,,,,,"03",,,,,,,,"SULLIVAN COUNTY","0","0","0","1","1","0","1","0","0","0","0","1","1","0","0","0","0","0","0","0","0",6290,40,6,0,0,2,0,0,0,1,0,0,0,0,10,35,29,0,0,6
"G4201150","1980","A","1","2","Pennsylvania","42","0960","Susquehanna","115",,,,,,,,,,,,,"02",,,,,,,,"SUSQUEHANNA COUNTY","0","0","0","0","0","0","0","1","0","0","0","0","0","0","0","0","0","0","0","1","0",37693,46,44,0,0,7,2,6,12,22,1,1,1,0,41,151,142,1,2,6
"G4201170","1980","A","1","2","Pennsylvania","42",,"Tioga","117",,,,,,,,,,,,,"02",,,,,,,,"TIOGA COUNTY","0","0","0","0","0","0","0","1","0","0","0","0","0","0","0","0","0","0","0","0","0",40662,177,26,1,0,8,1,5,21,9,2,2,3,0,56,162,141,3,2,16
"G4201190","1980","A","1","2","Pennsylvania","42",,"Union","119",,,,,,,,,,,,,"05",,,,,,,,"UNION COUNTY","0","0","0","0","0","0","0","1","0","0","0","0","1","0","1","0","0","0","0","0","0",31685,919,27,0,0,13,24,13,21,15,17,4,0,2,130,221,138,12,6,65
"G4201210","1980","A","1","2","Pennsylvania","42",,"Venango","121",,,,,,,,,,,,,"01",,,,,,,,"VENANGO COUNTY","0","0","0","0","0","0","0","1","0","0","0","0","0","0","0","0","0","0","0","0","0",63875,316,47,1,0,21,0,11,19,45,54,4,1,0,50,210,189,2,1,18
"G4201230","1980","A","1","2","Pennsylvania","42",,"Warren","123",,,,,,,,,,,,,"01",,,,,,,,"WARREN COUNTY","0","0","0","0","0","0","0","1","0","0","0","0","0","0","0","0","0","0","0","1","0",47201,47,65,1,0,11,10,11,20,44,3,0,0,0,36,107,88,1,7,11
"G4201250","1980","A","1","2","Pennsylvania","42","6280","Washington","125",,,,,,,,,,,,,"D",,,,,,,,"WASHINGTON COUNTY","0","0","0","0","0","0","0","0","0","0","0","0","0","0","0","0","0","0","0","0","0",208710,7525,125,5,8,40,43,64,95,95,21,18,0,1,324,1364,1233,31,21,79
"G4201270","1980","A","1","2","Pennsylvania","42",,"Wayne","127",,,,,,,,,,,,,"02",,,,,,,,"WAYNE COUNTY","0","0","0","0","0","0","0","1","0","0","0","0","1","0","1","0","0","0","0","1","0",35057,82,23,1,0,6,3,5,16,14,4,0,0,1,25,161,146,4,3,8
"G4201290","1980","A","1","2","Pennsylvania","42","6280","Westmoreland","129",,,,,,,,,,,,,"D",,,,,,,,"WESTMORELAND COUNTY","0","0","0","0","0","0","0","0","0","0","0","0","0","0","0","0","0","0","0","0","0",384011,6439,240,0,8,93,271,156,171,298,129,11,6,3,458,1246,1028,48,31,139
"G4201310","1980","A","1","2","Pennsylvania","42",,"Wyoming","131",,,,,,,,,,,,,"02",,,,,,,,"WYOMING COUNTY","0","0","0","1","0","0","0","1","0","0","0","0","1","0","1","0","0","0","0","1","0",26291,74,6,0,0,6,4,2,13,11,1,0,1,0,24,100,93,3,1,3
"G4201330","1980","A","1","2","Pennsylvania","42","9280","York","133",,,,,,,,,,,,,"J",,,,,,,,"YORK COUNTY","0","0","0","0","0","0","0","0","0","0","0","0","0","0","0","0","0","0","0","0","0",301151,9079,213,1,3,82,148,96,208,273,273,16,15,1,1404,2700,1744,111,31,814
"G4400010","1980","N","1","1","Rhode Island","44",,"Bristol","001",,,,,,,,,,,,,"A",,,,,,,,"BRISTOL COUNTY","0","0","0","0","0","0","0","1","0","0","0","0","0","0","0","0","0","0","0","0","0",46413,117,39,0,0,14,81,35,24,20,13,1,2,0,183,743,701,1,11,30
"G4400030","1980","N","1","1","Rhode Island","44",,"Kent","003",,,,,,,,,,,,,"A",,,,,,,,"KENT COUNTY","0","0","0","0","0","0","0","1","0","0","0","0","0","0","0","0","0","0","0","0","1",152458,605,143,2,0,54,184,159,97,136,8,10,0,0,307,1067,938,12,16,101
"G4400050","1980","N","1","1","Rhode Island","44",,"Newport","005",,,,,,,,,,,,,"01",,,,,,,,"NEWPORT COUNTY","0","0","0","0","0","0","0","0","0","0","0","0","0","0","0","0","0","0","0","0","0",76730,3012,277,2,3,63,61,423,67,26,16,16,14,1,672,1265,906,66,92,201
"G4400070","1980","N","1","1","Rhode Island","44",,"Providence","007",,,,,,,,,,,,,"A",,,,,,,,"PROVIDENCE COUNTY","0","0","0","0","0","0","0","0","0","0","0","0","0","0","0","0","0","0","0","0","0",530459,23056,1542,5,6,275,1179,504,352,529,251,39,35,11,13106,15935,8985,786,225,5939
"G4400090","1980","N","1","1","Rhode Island","44",,"Washington","009",,,,,,,,,,,,,"01",,,,,,,,"WASHINGTON COUNTY","0","0","0","0","0","0","0","1","0","0","0","0","0","0","0","0","0","0","0","0","1",90632,794,871,5,3,68,213,97,52,140,26,5,0,2,409,697,479,9,25,184
"G4500010","1980","A","3","5","South Carolina","45",,"Abbeville","001",,,,,,,,,,,,,"04",,,,,,,,"ABBEVILLE COUNTY","0","0","0","1","0","0","0","0","0","0","0","0","1","0","1","0","0","0","0","1","0",15103,7456,14,0,0,11,4,6,4,8,0,2,1,0,18,177,60,98,6,13
"G4500030","1980","A","3","5","South Carolina","45","0600","Aiken","003",,,,,,,,,,,,,"B",,,,,,,,"AIKEN COUNTY","0","0","0","0","0","0","0","0","0","0","0","0","0","0","0","0","0","0","0","0","0",78965,26152,117,0,0,23,38,9,29,58,31,18,2,1,182,735,393,294,8,40
"G4500050","1980","A","3","5","South Carolina","45",,"Allendale","005",,,,,,,,,,,,,"06",,,,,,,,"ALLENDALE COUNTY","0","0","0","1","0","0","1","0","0","0","0","0","1","0","1","0","0","0","0","0","0",3951,6690,4,0,0,6,12,0,2,10,0,1,0,0,24,172,28,131,0,13
"G4500070","1980","A","3","5","South Carolina","45","0405","Anderson","007",,,,,,,,,,,,,"02",,,,,,,,"ANDERSON COUNTY","0","0","0","0","0","0","0","0","0","0","0","0","0","0","0","0","0","0","0","0","0",109823,22895,109,4,0,23,42,23,36,65,52,8,0,1,154,825,503,270,6,46
"G4500090","1980","A","3","5","South Carolina","45",,"Bamberg","009",,,,,,,,,,,,,"06",,,,,,,,"BAMBERG COUNTY","0","0","0","1","0","0","1","0","0","0","0","0","1","0","1","0","0","0","0","1","0",7696,10371,6,0,0,2,3,0,2,27,4,0,0,0,7,189,48,137,0,4
"G4500110","1980","A","3","5","South Carolina","45",,"Barnwell","011",,,,,,,,,,,,,"06",,,,,,,,"BARNWELL COUNTY","0","0","0","0","0","0","0","0","0","0","0","0","0","0","0","0","0","0","0","0","1",11564,8236,21,0,0,1,1,7,1,11,0,1,0,0,25,271,126,132,5,8
"G4500130","1980","A","3","5","South Carolina","45",,"Beaufort","013",,,,,,,,,,,,,"08",,,,,,,,"BEAUFORT COUNTY","0","0","0","0","0","0","0","0","0","0","0","0","0","0","0","0","0","0","0","0","0",42454,21504,126,2,1,112,29,144,18,54,14,32,22,19,833,1889,809,313,79,688
"G4500150","1980","A","3","5","South Carolina","45","1440","Berkeley","015",,,,,,,,,,,,,"08",,,,,,,,"BERKELEY COUNTY","0","0","0","0","0","0","0","0","0","0","0","0","0","0","0","0","0","0","0","0","0",68741,23362,170,1,1,104,41,1513,20,39,45,18,14,2,656,1887,948,298,307,334
"G4500170","1980","A","3","5","South Carolina","45",,"Calhoun","017",,,,,,,,,,,,,"06",,,,,,,,"CALHOUN COUNTY","0","0","0","1","1","0","1","0","0","0","0","0","1","1","1","0","0","0","0","0","0",5484,6702,1,0,0,2,0,2,2,0,0,6,0,0,7,103,21,80,2,0
"G4500190","1980","A","3","5","South Carolina","45","1440","Charleston","019",,,,,,,,,,,,,"C",,,,,,,,"CHARLESTON COUNTY","0","0","0","0","0","0","0","0","0","0","0","0","0","0","0","0","0","0","0","0","0",178132,95251,394,12,5,179,172,993,145,157,170,53,15,8,1288,3705,1762,1005,198,740
"G4500210","1980","A","3","5","South Carolina","45",,"Cherokee","021",,,,,,,,,,,,,"03",,,,,,,,"CHEROKEE COUNTY","0","0","0","0","0","0","0","0","0","0","0","0","0","0","0","0","0","0","0","0","0",32800,7988,37,1,0,41,0,0,5,35,2,2,0,0,72,312,161,94,2,55
"G4500230","1980","A","3","5","South Carolina","45",,"Chester","023",,,,,,,,,,,,,"03",,,,,,,,"CHESTER COUNTY","0","0","0","1","0","0","0","0","0","0","0","0","1","0","1","0","0","0","0","1","0",18455,11630,27,0,0,2,0,1,8,17,2,1,0,0,5,212,89,117,5,1
"G4500250","1980","A","3","5","South Carolina","45",,"Chesterfield","025",,,,,,,,,,,,,"05",,,,,,,,"CHESTERFIELD COUNTY","0","0","0","0","1","0","0","0","0","0","0","0","0","1","1","0","0","0","0","0","0",25641,12456,37,0,0,2,1,6,0,1,0,3,0,0,14,404,173,215,11,5
"G4500270","1980","A","3","5","South Carolina","45",,"Clarendon","027",,,,,,,,,,,,,"06",,,,,,,,"CLARENDON COUNTY","0","0","0","1","0","0","1","0","0","0","0","0","0","1","1","0","0","0","0","1","0",11650,15778,5,0,0,1,0,0,2,12,7,3,0,0,6,490,74,414,0,2
"G4500290","1980","A","3","5","South Carolina","45",,"Colleton","029",,,,,,,,,,,,,"08",,,,,,,,"COLLETON COUNTY","0","0","0","0","0","0","0","0","0","0","0","0","0","1","1","0","0","0","0","1","0",17141,14436,147,0,0,6,2,3,4,2,10,6,0,0,19,473,84,378,3,8
"G4500310","1980","A","3","5","South Carolina","45",,"Darlington","031",,,,,,,,,,,,,"06",,,,,,,,"DARLINGTON COUNTY","0","0","0","0","0","0","0","0","0","0","0","0","0","0","0","0","0","0","0","0","0",37448,25152,16,0,0,6,0,3,3,20,3,2,3,0,61,619,188,402,4,25
"G4500330","1980","A","3","5","South Carolina","45",,"Dillon","033",,,,,,,,,,,,,"07",,,,,,,,"DILLON COUNTY","0","0","0","0","1","0","0","0","0","0","0","0","0","1","1","0","0","0","0","0","0",17570,13018,412,0,0,7,0,23,3,32,1,5,0,0,12,341,103,212,22,4
"G4500350","1980","A","3","5","South Carolina","45","1440","Dorchester","035",,,,,,,,,,,,,"08",,,,,,,,"DORCHESTER COUNTY","0","0","0","0","0","0","0","0","0","0","0","0","0","0","0","0","0","0","0","0","0",43010,14865,375,4,0,67,25,165,21,31,17,6,4,0,171,723,377,260,14,72
"G4500370","1980","A","3","5","South Carolina","45",,"Edgefield","037",,,,,,,,,,,,,"04",,,,,,,,"EDGEFIELD COUNTY","0","0","0","0","0","0","1","0","0","0","0","0","0","0","0","0","0","0","0","1","0",8753,8725,15,0,0,3,9,1,1,0,0,1,0,0,20,211,42,158,0,11
"G4500390","1980","A","3","5","South Carolina","45",,"Fairfield","039",,,,,,,,,,,,,"04",,,,,,,,"FAIRFIELD COUNTY","0","0","0","1","1","0","1","0","0","0","0","0","1","1","1","0","0","0","0","1","0",8580,12083,9,0,0,4,2,0,1,1,0,1,0,0,19,189,14,165,1,9
"G4500410","1980","A","3","5","South Carolina","45","2655","Florence","041",,,,,,,,,,,,,"07",,,,,,,,"FLORENCE COUNTY","0","0","0","0","0","0","0","0","0","0","0","0","0","0","0","0","0","0","0","0","0",68508,41306,96,1,0,9,22,20,44,23,7,14,0,0,113,864,332,513,3,16
"G4500430","1980","A","3","5","South Carolina","45",,"Georgetown","043",,,,,,,,,,,,,"08",,,,,,,,"GEORGETOWN COUNTY","0","0","0","0","0","0","0","0","0","0","0","0","0","0","0","0","0","0","0","1","0",23332,19030,20,0,0,8,1,16,10,5,0,4,1,0,34,505,114,378,2,11
"G4500450","1980","A","3","5","South Carolina","45","3160","Greenville","045",,,,,,,,,,,,,"D",,,,,,,,"GREENVILLE COUNTY","0","0","0","0","0","0","0","0","0","0","0","0","0","0","0","0","0","0","0","0","0",235210,50842,277,4,4,94,163,64,59,326,113,41,15,3,698,2215,1433,422,59,301
"G4500470","1980","A","3","5","South Carolina","45",,"Greenwood","047",,,,,,,,,,,,,"02",,,,,,,,"GREENWOOD COUNTY","0","0","0","0","0","0","0","0","0","0","0","0","0","0","0","0","0","0","0","0","0",40904,16714,38,0,1,8,14,14,20,32,21,13,0,1,67,417,182,204,9,22
"G4500490","1980","A","3","5","South Carolina","45",,"Hampton","049",,,,,,,,,,,,,"06",,,,,,,,"HAMPTON COUNTY","0","0","0","1","1","0","0","0","0","0","0","0","0","1","1","0","0","0","0","1","0",8577,9545,5,2,0,8,0,0,0,1,0,5,0,0,16,197,34,159,1,3
"G4500510","1980","A","3","5","South Carolina","45",,"Horry","051",,,,,,,,,,,,,"07",,,,,,,,"HORRY COUNTY","0","0","0","0","0","0","0","0","0","0","0","0","0","0","0","0","0","0","0","0","0",78185,22443,110,3,2,72,53,86,37,27,57,10,6,2,326,1138,632,368,29,109
"G4500530","1980","A","3","5","South Carolina","45",,"Jasper","053",,,,,,,,,,,,,"08",,,,,,,,"JASPER COUNTY","0","0","0","1","1","0","1","0","0","0","0","0","0","0","0","0","0","0","0","1","0",6176,8289,13,0,1,6,2,0,0,2,0,0,1,0,14,137,11,120,1,5
"G4500550","1980","A","3","5","South Carolina","45",,"Kershaw","055",,,,,,,,,,,,,"05",,,,,,,,"KERSHAW COUNTY","0","0","0","0","0","0","0","0","0","0","0","0","0","0","0","0","0","0","0","0","0",26734,12163,22,0,1,13,6,3,10,5,3,4,0,0,51,358,174,164,2,18
"G4500570","1980","A","3","5","South Carolina","45",,"Lancaster","057",,,,,,,,,,,,,"03",,,,,,,,"LANCASTER COUNTY","0","0","0","0","0","0","0","0","0","0","0","0","0","0","0","0","0","0","0","0","1",40317,12923,47,0,1,8,4,4,8,13,0,4,0,0,32,349,222,108,6,13
"G4500590","1980","A","3","5","South Carolina","45",,"Laurens","059",,,,,,,,,,,,,"02",,,,,,,,"LAURENS COUNTY","0","0","0","0","0","0","1","0","0","0","0","0","0","0","0","0","0","0","0","0","0",36956,15165,26,0,1,14,11,2,5,5,4,3,0,0,22,352,158,187,0,7
"G4500610","1980","A","3","5","South Carolina","45",,"Lee","061",,,,,,,,,,,,,"06",,,,,,,,"LEE COUNTY","0","0","0","1","1","0","0","0","0","0","0","0","1","1","0","0","0","0","0","0","0",7320,11586,12,0,0,0,0,0,1,7,0,1,1,0,1,255,25,230,0,0
"G4500630","1980","A","3","5","South Carolina","45","1760","Lexington","063",,,,,,,,,,,,,"A",,,,,,,,"LEXINGTON COUNTY","0","0","0","0","0","0","0","0","0","0","0","0","0","0","0","0","0","0","0","0","0",125463,13856,188,4,0,44,154,54,63,238,76,9,0,1,203,954,706,147,28,73
"G4500650","1980","A","3","5","South Carolina","45",,"McCormick","065",,,,,,,,,,,,,"04",,,,,,,,"MCCORMICK COUNTY","0","0","0","1","1","0","1","1","0","0","0","0","1","1","1","0","0","0","0","1","1",3044,4729,12,0,0,2,0,0,0,3,0,1,0,0,6,84,11,73,0,0
"G4500670","1980","A","3","5","South Carolina","45",,"Marion","067",,,,,,,,,,,,,"07",,,,,,,,"MARION COUNTY","0","0","0","0","0","0","0","0","0","0","0","0","0","1","1","0","0","0","0","0","0",16276,17775,53,0,0,6,4,4,4,28,0,2,0,1,26,329,85,223,9,12
"G4500690","1980","A","3","5","South Carolina","45",,"Marlboro","069",,,,,,,,,,,,,"06",,,,,,,,"MARLBORO COUNTY","0","0","0","0","1","0","0","0","0","0","0","0","0","1","1","0","0","0","0","1","0",16462,14649,487,2,0,2,0,0,6,12,1,4,0,0,9,285,107,168,7,3
"G4500710","1980","A","3","5","South Carolina","45",,"Newberry","071",,,,,,,,,,,,,"04",,,,,,,,"NEWBERRY COUNTY","0","0","0","0","0","0","0","0","0","0","0","0","1","0","1","0","0","0","0","1","0",21272,9884,18,0,0,5,1,3,3,13,17,0,1,0,25,187,78,95,3,11
"G4500730","1980","A","3","5","South Carolina","45",,"Oconee","073",,,,,,,,,,,,,"01",,,,,,,,"OCONEE COUNTY","0","0","0","0","0","0","0","0","0","0","0","0","0","0","0","0","0","0","0","0","0",43656,4837,43,0,0,9,1,5,8,4,7,3,1,0,37,336,237,83,3,13
"G4500750","1980","A","3","5","South Carolina","45",,"Orangeburg","075",,,,,,,,,,,,,"06",,,,,,,,"ORANGEBURG COUNTY","0","0","0","0","0","0","0","0","0","0","0","0","0","0","0","0","0","0","0","0","0",35775,46082,148,0,2,47,39,17,3,73,7,8,3,0,72,1049,200,805,10,34
"G4500770","1980","A","3","5","South Carolina","45","3160","Pickens","077",,,,,,,,,,,,,"01",,,,,,,,"PICKENS COUNTY","0","0","0","0","0","0","0","0","0","0","0","0","0","0","0","0","0","0","0","0","0",72974,5849,73,3,1,29,87,15,42,66,7,9,2,4,131,487,412,24,12,39
"G4500790","1980","A","3","5","South Carolina","45","1760","Richland","079",,,,,,,,,,,,,"A",,,,,,,,"RICHLAND COUNTY","0","0","0","0","0","0","0","0","0","0","0","0","0","0","0","0","0","0","0","0","0",161130,104050,408,23,0,269,326,270,606,317,260,88,67,28,1893,4328,2087,995,122,1124
"G4500810","1980","A","3","5","South Carolina","45",,"Saluda","081",,,,,,,,,,,,,"04",,,,,,,,"SALUDA COUNTY","0","0","0","1","1","0","0","0","0","0","0","0","0","1","1","0","0","0","0","1","0",10424,5702,4,1,0,6,0,5,1,0,0,1,0,0,6,121,32,85,1,3
"G4500830","1980","A","3","5","South Carolina","45","3160","Spartanburg","083",,,,,,,,,,,,,"02",,,,,,,,"SPARTANBURG COUNTY","0","0","0","0","0","0","0","0","0","0","0","0","0","0","0","0","0","0","0","0","0",159872,40870,136,0,0,45,59,43,53,268,52,13,5,2,443,1616,852,609,11,144
"G4500850","1980","A","3","5","South Carolina","45",,"Sumter","085",,,,,,,,,,,,,"06",,,,,,,,"SUMTER COUNTY","0","0","0","0","0","0","0","0","0","0","0","0","0","0","0","0","0","0","0","0","0",48277,38966,101,0,1,89,41,155,62,56,31,19,13,1,431,1339,494,632,48,165
"G4500870","1980","A","3","5","South Carolina","45",,"Union","087",,,,,,,,,,,,,"03",,,,,,,,"UNION COUNTY","0","0","0","1","0","0","1","0","0","0","0","0","0","1","1","0","0","0","0","0","1",21627,9057,24,0,0,3,3,4,1,17,0,1,8,0,6,234,95,132,7,0
"G4500890","1980","A","3","5","South Carolina","45",,"Williamsburg","089",,,,,,,,,,,,,"07",,,,,,,,"WILLIAMSBURG COUNTY","0","0","0","1","0","0","0","0","0","0","0","0","0","1","1","0","0","0","0","1","0",14374,23806,11,0,0,3,0,0,4,8,0,7,0,0,13,757,76,667,6,8
"G4500910","1980","A","3","5","South Carolina","45","6885","York","091",,,,,,,,,,,,,"03",,,,,,,,"YORK COUNTY","0","0","0","0","0","0","0","0","0","0","0","0","0","0","0","0","0","0","0","0","0",81418,23755,1251,3,0,14,32,13,33,23,51,6,4,3,114,606,332,235,6,33
"G4600030","1980","A","2","4","South Dakota","46",,"Aurora","003",,,,,,,,,,,,,"03",,,,,,,,"AURORA COUNTY","0","0","1","0","1","1","1","0","0","0","0","1","1","0","1","0","0","0","1","0","0",3597,1,22,0,0,0,0,1,0,0,0,0,0,0,7,7,2,0,0,5
"G4600050","1980","A","2","4","South Dakota","46",,"Beadle","005",,,,,,,,,,,,,"02",,,,,,,,"BEADLE COUNTY","0","0","0","0","0","0","0","0","0","0","0","0","0","1","1","0","0","0","0","1","0",18968,50,100,0,0,4,8,0,12,8,22,0,1,1,21,39,29,0,1,9
"G4600070","1980","A","2","4","South Dakota","46",,"Bennett","007",,,,,,,,,,,,,"01",,,,,,,,"BENNETT COUNTY","0","0","0","1","0","0","1","0","0","0","0","0","1","0","1","0","0","0","1","0","0",1858,0,1174,0,0,0,0,0,0,0,0,0,0,0,12,17,6,0,8,3
"G4600090","1980","A","2","4","South Dakota","46",,"Bon Homme","009",,,,,,,,,,,,,"03",,,,,,,,"BON HOMME COUNTY","0","0","0","0","1","0","1","0","0","0","0","1","0","1","0","0","0","0","1","1","0",7878,18,134,0,0,1,0,7,1,1,1,0,0,0,18,19,18,0,1,0
"G4600110","1980","A","2","4","South Dakota","46",,"Brookings","011",,,,,,,,,,,,,"04",,,,,,,,"BROOKINGS COUNTY","0","0","0","0","0","0","0","1","0","0","0","0","0","0","0","0","0","0","0","0","1",23990,59,79,0,0,11,27,6,16,11,37,1,0,0,95,59,43,1,3,12
"G4600130","1980","A","2","4","South Dakota","46",,"Brown","013",,,,,,,,,,,,,"02",,,,,,,,"BROWN COUNTY","0","0","0","0","0","0","0","0","0","0","0","0","0","0","0","0","0","0","0","0","0",35946,23,824,2,0,10,31,11,11,23,27,1,2,1,50,121,94,0,16,11
"G4600150","1980","A","2","4","South Dakota","46",,"Brule","015",,,,,,,,,,,,,"03",,,,,,,,"BRULE COUNTY","0","0","1","0","1","0","0","0","0","0","0","1","0","1","1","0","0","0","1","1","0",5119,4,113,0,0,0,0,0,0,1,0,0,0,1,7,23,16,0,6,1
"G4600170","1980","A","2","4","South Dakota","46",,"Buffalo","017",,,,,,,,,,,,,"03",,,,,,,,"BUFFALO COUNTY","0","1","0","0","0","1","0","0","0","0","1","0","0","0","1","0","0","0","1","0","0",523,0,1270,0,0,0,0,0,0,0,0,0,0,0,2,11,0,0,9,2
"G4600190","1980","A","2","4","South Dakota","46",,"Butte","019",,,,,,,,,,,,,"01",,,,,,,,"BUTTE COUNTY","0","0","1","0","1","0","0","0","0","0","0","1","0","1","0","0","0","0","0","0","0",8160,1,88,0,0,6,0,0,3,0,0,0,0,0,114,307,180,0,14,113
"G4600210","1980","A","2","4","South Dakota","46",,"Campbell","021",,,,,,,,,,,,,"02",,,,,,,,"CAMPBELL COUNTY","0","0","0","1","0","0","0","0","0","0","1","0","0","0","1","0","0","0","0","0","0",2237,0,1,0,0,0,0,0,0,0,0,0,0,0,5,0,0,0,0,0
"G4600230","1980","A","2","4","South Dakota","46",,"Charles Mix","023",,,,,,,,,,,,,"03",,,,,,,,"CHARLES MIX COUNTY","0","0","1","0","1","0","1","0","0","0","0","1","0","1","1","0","0","0","1","1","0",7974,1,1692,0,0,0,0,0,4,1,0,0,0,0,8,21,7,0,10,4
"G4600250","1980","A","2","4","South Dakota","46",,"Clark","025",,,,,,,,,,,,,"02",,,,,,,,"CLARK COUNTY","0","0","1","1","1","1","1","0","0","0","0","0","1","0","1","0","0","0","1","0","0",4872,1,11,0,0,0,0,2,0,1,0,0,0,0,7,7,3,0,1,3
"G4600270","1980","A","2","4","South Dakota","46",,"Clay","027",,,,,,,,,,,,,"05",,,,,,,,"CLAY COUNTY","0","0","0","0","0","0","0","0","0","0","0","0","0","0","0","0","0","0","0","0","0",13214,23,344,0,0,10,13,11,9,2,19,1,0,1,42,54,29,0,7,18
"G4600290","1980","A","2","4","South Dakota","46",,"Codington","029",,,,,,,,,,,,,"04",,,,,,,,"CODINGTON COUNTY","0","0","1","0","0","0","0","0","0","0","0","1","0","0","1","0","0","0","0","1","0",20631,10,180,0,0,2,5,4,3,2,23,0,0,0,25,40,36,0,1,3
"G4600310","1980","A","2","4","South Dakota","46",,"Corson","031",,,,,,,,,,,,,"01",,,,,,,,"CORSON COUNTY","0","0","0","0","1","0","1","0","0","0","0","0","0","1","1","0","0","0","1","1","0",2726,0,2459,0,0,1,0,4,0,0,0,0,0,0,6,18,3,0,15,0
"G4600330","1980","A","2","4","South Dakota","46",,"Custer","033",,,,,,,,,,,,,"01",,,,,,,,"CUSTER COUNTY","0","0","1","0","1","0","0","0","0","0","0","1","0","1","0","0","0","0","0","1","0",5804,4,163,0,0,0,1,0,0,1,0,0,0,0,27,41,30,0,2,9
"G4600350","1980","A","2","4","South Dakota","46",,"Davison","035",,,,,,,,,,,,,"03",,,,,,,,"DAVISON COUNTY","0","0","0","0","0","0","0","0","0","0","0","0","0","0","0","0","0","0","0","1","0",17602,22,125,0,0,4,7,11,10,4,2,2,0,0,31,40,18,0,6,16
"G4600370","1980","A","2","4","South Dakota","46",,"Day","037",,,,,,,,,,,,,"02",,,,,,,,"DAY COUNTY","0","0","1","0","1","0","1","0","0","0","0","1","0","1","1","0","0","0","1","1","0",7669,1,455,0,0,0,0,1,2,1,1,0,0,0,3,18,5,0,11,2
"G4600390","1980","A","2","4","South Dakota","46",,"Deuel","039",,,,,,,,,,,,,"04",,,,,,,,"DEUEL COUNTY","0","0","1","1","1","1","1","0","0","0","0","1","1","1","1","0","0","0","1","1","0",5261,8,5,0,0,4,0,0,3,0,0,0,0,0,8,8,4,0,0,4
"G4600410","1980","A","2","4","South Dakota","46",,"Dewey","041",,,,,,,,,,,,,"01",,,,,,,,"DEWEY COUNTY","0","0","1","0","1","0","1","0","0","0","0","1","0","0","1","0","0","0","0","1","0",2227,4,3107,0,0,1,0,0,3,0,0,0,0,0,24,19,3,0,3,13
"G4600430","1980","A","2","4","South Dakota","46",,"Douglas","043",,,,,,,,,,,,,"03",,,,,,,,"DOUGLAS COUNTY","0","0","0","1","0","1","1","0","0","0","1","0","0","0","1","0","0","0","1","1","0",4166,0,13,0,0,0,0,0,0,0,0,0,0,0,2,12,11,0,0,1
"G4600450","1980","A","2","4","South Dakota","46",,"Edmunds","045",,,,,,,,,,,,,"02",,,,,,,,"EDMUNDS COUNTY","0","0","1","1","1","1","1","0","0","0","0","0","1","1","0","0","0","0","1","1","0",5142,1,6,0,0,0,0,6,2,0,0,0,1,0,1,6,6,0,0,0
"G4600470","1980","A","2","4","South Dakota","46",,"Fall River","047",,,,,,,,,,,,,"01",,,,,,,,"FALL RIVER COUNTY","0","0","1","0","0","0","0","0","0","0","0","0","0","0","0","0","0","0","0","0","0",7912,14,432,1,0,3,4,10,2,3,0,0,1,1,56,124,58,0,23,43
"G4600490","1980","A","2","4","South Dakota","46",,"Faulk","049",,,,,,,,,,,,,"02",,,,,,,,"FAULK COUNTY","0","0","0","1","1","1","1","0","0","0","1","0","1","0","0","0","0","0","1","1","0",3314,0,11,0,0,1,0,1,0,0,0,0,0,0,0,6,5,0,1,0
"G4600510","1980","A","2","4","South Dakota","46",,"Grant","051",,,,,,,,,,,,,"04",,,,,,,,"GRANT COUNTY","0","0","1","0","0","1","1","0","0","0","0","1","0","1","1","0","0","0","1","1","0",8937,11,33,0,0,0,1,6,6,0,11,0,0,0,8,12,10,0,0,2
"G4600530","1980","A","2","4","South Dakota","46",,"Gregory","053",,,,,,,,,,,,,"03",,,,,,,,"GREGORY COUNTY","0","0","0","0","1","1","1","0","0","0","0","0","0","1","1","0","0","0","1","1","0",5768,0,236,0,0,2,0,0,0,2,1,0,0,0,6,9,7,0,1,1
"G4600550","1980","A","2","4","South Dakota","46",,"Haakon","055",,,,,,,,,,,,,"01",,,,,,,,"HAAKON COUNTY","0","0","1","0","1","1","1","0","0","0","0","1","1","1","1","0","0","0","1","1","0",2753,1,31,0,0,4,0,0,0,1,0,0,0,0,4,9,8,0,0,1
"G4600570","1980","A","2","4","South Dakota","46",,"Hamlin","057",,,,,,,,,,,,,"04",,,,,,,,"HAMLIN COUNTY","0","0","1","0","1","1","1","0","0","0","0","1","1","0","0","0","0","0","1","1","0",5228,2,26,0,0,0,0,2,2,1,0,0,0,0,0,5,4,0,1,0
"G4600590","1980","A","2","4","South Dakota","46",,"Hand","059",,,,,,,,,,,,,"02",,,,,,,,"HAND COUNTY","0","0","1","1","1","0","1","0","0","0","0","1","0","1","1","0","0","0","0","0","0",4933,2,1,0,0,3,0,0,2,0,0,0,0,0,7,18,16,0,0,2
"G4600610","1980","A","2","4","South Dakota","46",,"Hanson","061",,,,,,,,,,,,,"03",,,,,,,,"HANSON COUNTY","0","0","0","1","1","1","0","0","0","0","0","0","1","0","1","0","0","0","0","0","0",3397,0,11,0,0,0,0,1,0,1,0,0,0,0,5,2,0,0,1,1
"G4600630","1980","A","2","4","South Dakota","46",,"Harding","063",,,,,,,,,,,,,"01",,,,,,,,"HARDING COUNTY","0","0","0","1","0","1","1","0","0","0","1","0","1","0","0","0","0","0","1","1","0",1678,0,17,0,0,0,0,0,0,0,0,0,0,0,5,11,8,0,0,3
"G4600650","1980","A","2","4","South Dakota","46",,"Hughes","065",,,,,,,,,,,,,"02",,,,,,,,"HUGHES COUNTY","0","0","1","0","0","0","0","0","0","0","0","1","0","0","1","0","0","0","0","0","0",13243,11,889,0,0,9,3,3,15,12,6,6,0,0,23,80,35,0,29,16
"G4600670","1980","A","2","4","South Dakota","46",,"Hutchinson","067",,,,,,,,,,,,,"03",,,,,,,,"HUTCHINSON COUNTY","0","0","1","0","1","0","1","0","0","0","0","0","1","1","1","0","0","0","1","1","0",9299,7,22,0,0,0,0,2,1,3,1,0,1,0,14,23,20,0,0,3
"G4600690","1980","A","2","4","South Dakota","46",,"Hyde","069",,,,,,,,,,,,,"02",,,,,,,,"HYDE COUNTY","0","0","1","0","1","1","1","0","0","0","0","1","0","0","1","0","0","0","1","0","0",1975,1,89,0,0,0,0,3,0,0,0,0,0,0,1,3,2,0,0,1
"G4600710","1980","A","2","4","South Dakota","46",,"Jackson","071",,,,,,,,,,,,,"01",,,,,,,,"JACKSON COUNTY","0","0","1","0","1","0","1","0","0","0","0","1","0","0","1","0","0","0","0","1","0",1935,2,1491,0,0,1,0,0,0,0,0,0,0,0,8,36,11,0,24,1
"G4600730","1980","A","2","4","South Dakota","46",,"Jerauld","073",,,,,,,,,,,,,"03",,,,,,,,"JERAULD COUNTY","0","0","0","1","1","0","0","0","0","0","0","0","0","0","0","0","0","0","0","0","0",2925,0,2,0,0,0,0,0,1,1,0,0,0,0,0,0,0,0,0,0
"G4600750","1980","A","2","4","South Dakota","46",,"Jones","075",,,,,,,,,,,,,"01",,,,,,,,"JONES COUNTY","0","0","0","1","1","1","1","0","0","0","0","0","1","1","0","0","0","0","0","0","0",1451,0,9,0,0,0,0,0,0,1,0,2,0,0,0,4,1,0,3,0
"G4600770","1980","A","2","4","South Dakota","46",,"Kingsbury","077",,,,,,,,,,,,,"04",,,,,,,,"KINGSBURY COUNTY","0","0","1","1","0","1","1","0","0","0","0","0","0","1","1","0","0","0","0","0","0",6654,3,3,0,0,1,11,0,2,0,1,0,0,0,4,2,2,0,0,0
"G4600790","1980","A","2","4","South Dakota","46",,"Lake","079",,,,,,,,,,,,,"05",,,,,,,,"LAKE COUNTY","0","0","1","0","1","0","1","0","0","0","0","0","0","1","1","0","0","0","0","1","0",10646,5,35,0,0,1,10,2,0,1,0,0,0,0,24,26,13,0,2,11
"G4600810","1980","A","2","4","South Dakota","46",,"Lawrence","081",,,,,,,,,,,,,"01",,,,,,,,"LAWRENCE COUNTY","0","0","0","0","0","0","0","0","0","0","0","0","0","0","0","0","0","0","0","0","0",17885,27,329,2,0,9,2,4,5,1,7,1,0,0,67,197,151,0,8,38
"G4600830","1980","A","2","4","South Dakota","46",,"Lincoln","083",,,,,,,,,,,,,"05",,,,,,,,"LINCOLN COUNTY","0","0","1","0","0","0","0","0","0","0","0","1","1","0","1","0","0","0","1","1","0",13854,2,41,0,0,7,0,6,2,3,14,0,0,0,13,26,20,0,1,5
"G4600850","1980","A","2","4","South Dakota","46",,"Lyman","085",,,,,,,,,,,,,"01",,,,,,,,"LYMAN COUNTY","0","0","1","0","1","0","0","0","0","0","0","0","0","0","0","0","0","0","1","0","0",2958,1,903,0,0,1,0,0,0,0,0,0,0,0,1,15,0,0,15,0
"G4600870","1980","A","2","4","South Dakota","46",,"McCook","087",,,,,,,,,,,,,"03",,,,,,,,"MCCOOK COUNTY","0","0","1","1","1","1","1","0","0","0","0","1","0","0","1","0","0","0","1","1","0",6428,4,2,0,0,1,0,0,1,0,0,0,0,0,8,10,5,0,0,5
"G4600890","1980","A","2","4","South Dakota","46",,"McPherson","089",,,,,,,,,,,,,"02",,,,,,,,"MCPHERSON COUNTY","0","0","0","0","1","1","0","0","0","0","1","0","0","0","1","0","0","0","0","0","0",4020,0,0,0,0,0,0,0,1,0,0,0,0,0,6,2,0,0,0,2
"G4600910","1980","A","2","4","South Dakota","46",,"Marshall","091",,,,,,,,,,,,,"02",,,,,,,,"MARSHALL COUNTY","0","0","0","1","0","1","1","0","0","0","0","0","1","0","1","0","0","0","1","1","0",5115,0,287,0,0,0,0,0,0,0,0,0,0,0,2,3,3,0,0,0
"G4600930","1980","A","2","4","South Dakota","46",,"Meade","093",,,,,,,,,,,,,"01",,,,,,,,"MEADE COUNTY","0","0","0","0","0","0","0","1","0","0","0","0","0","0","0","0","0","0","0","0","0",19570,528,284,1,0,32,9,39,17,7,10,6,5,8,201,289,136,3,24,126
"G4600950","1980","A","2","4","South Dakota","46",,"Mellette","095",,,,,,,,,,,,,"01",,,,,,,,"MELLETTE COUNTY","0","0","0","0","1","1","0","0","0","0","0","0","0","1","1","0","0","0","1","0","0",1364,0,872,0,0,0,0,1,3,0,2,0,0,0,7,8,0,0,4,4
"G4600970","1980","A","2","4","South Dakota","46",,"Miner","097",,,,,,,,,,,,,"03",,,,,,,,"MINER COUNTY","0","1","0","1","0","1","1","0","0","0","1","0","1","0","0","0","0","0","0","0","0",3732,0,7,0,0,0,0,0,0,0,0,0,0,0,0,2,2,0,0,0
"G4600990","1980","A","2","4","South Dakota","46","7760","Minnehaha","099",,,,,,,,,,,,,"05",,,,,,,,"MINNEHAHA COUNTY","0","0","0","0","0","0","0","1","0","0","0","0","0","0","0","0","0","0","0","0","1",107308,276,1115,3,0,59,76,35,43,25,92,7,3,5,388,468,276,8,50,134
"G4601010","1980","A","2","4","South Dakota","46",,"Moody","101",,,,,,,,,,,,,"05",,,,,,,,"MOODY COUNTY","0","0","1","0","1","1","1","0","0","0","0","1","0","1","1","0","0","0","1","1","0",6334,4,336,0,0,0,0,3,0,1,0,3,0,0,11,12,10,0,0,2
"G4601030","1980","A","2","4","South Dakota","46",,"Pennington","103",,,,,,,,,,,,,"01",,,,,,,,"PENNINGTON COUNTY","0","0","0","0","0","0","0","0","0","0","0","0","0","0","0","0","0","0","0","0","0",64791,901,3637,4,2,58,51,83,53,43,44,11,14,3,666,1244,643,26,182,393
"G4601050","1980","A","2","4","South Dakota","46",,"Perkins","105",,,,,,,,,,,,,"01",,,,,,,,"PERKINS COUNTY","0","0","0","0","1","0","1","0","0","0","0","0","1","0","1","0","0","0","1","1","0",4645,0,44,0,0,1,0,2,3,0,0,0,0,0,5,16,13,0,1,2
"G4601070","1980","A","2","4","South Dakota","46",,"Potter","107",,,,,,,,,,,,,"02",,,,,,,,"POTTER COUNTY","0","0","0","1","1","1","1","0","0","0","1","0","0","1","0","0","0","0","1","1","0",3651,0,21,0,0,0,0,0,0,0,0,0,0,2,0,7,5,0,2,0
"G4601090","1980","A","2","4","South Dakota","46",,"Roberts","109",,,,,,,,,,,,,"04",,,,,,,,"ROBERTS COUNTY","0","0","1","0","1","1","1","0","0","0","0","0","0","1","1","0","0","0","1","1","0",8770,2,2119,0,0,0,3,5,0,1,1,0,0,0,10,11,3,0,2,6
"G4601110","1980","A","2","4","South Dakota","46",,"Sanborn","111",,,,,,,,,,,,,"03",,,,,,,,"SANBORN COUNTY","0","0","1","1","1","1","1","0","0","0","0","1","0","1","0","0","0","0","0","0","0",3198,1,1,0,0,0,0,0,2,0,11,0,0,0,0,5,5,0,0,0
"G4601130","1980","A","2","4","South Dakota","46",,"Shannon","113",,,,,,,,,,,,,"01",,,,,,,,"SHANNON COUNTY","0","0","1","0","1","0","1","0","0","0","0","0","0","1","1","0","0","0","0","1","0",717,4,10574,1,0,0,0,0,1,0,0,2,0,1,23,176,4,0,164,8
"G4601150","1980","A","2","4","South Dakota","46",,"Spink","115",,,,,,,,,,,,,"02",,,,,,,,"SPINK COUNTY","0","0","0","0","1","1","1","0","0","0","0","0","0","1","1","0","0","0","1","1","0",9105,0,78,0,0,4,0,0,0,1,2,0,0,0,11,8,5,0,0,3
"G4601170","1980","A","2","4","South Dakota","46",,"Stanley","117",,,,,,,,,,,,,"01",,,,,,,,"STANLEY COUNTY","0","0","0","1","0","1","1","0","0","0","0","0","1","0","1","0","0","0","1","0","0",2434,0,95,0,0,0,0,0,0,0,0,0,0,0,4,10,7,0,1,2
"G4601190","1980","A","2","4","South Dakota","46",,"Sully","119",,,,,,,,,,,,,"02",,,,,,,,"SULLY COUNTY","0","0","1","0","1","1","1","0","0","0","0","1","1","1","0","0","0","0","1","1","0",1970,1,15,0,0,1,0,0,0,2,0,0,0,0,1,7,6,0,1,0
"G4601210","1980","A","2","4","South Dakota","46",,"Todd","121",,,,,,,,,,,,,"01",,,,,,,,"TODD COUNTY","0","0","1","0","1","0","1","0","0","0","0","1","0","1","0","0","0","0","0","0","0",1588,10,5688,0,0,0,0,0,1,1,0,0,0,0,40,32,1,0,21,10
"G4601230","1980","A","2","4","South Dakota","46",,"Tripp","123",,,,,,,,,,,,,"03",,,,,,,,"TRIPP COUNTY","0","0","1","0","1","1","1","0","0","0","0","0","1","1","0","0","0","0","1","1","0",6687,1,569,0,0,0,0,0,2,0,9,0,0,0,0,10,4,0,6,0
"G4601250","1980","A","2","4","South Dakota","46",,"Turner","125",,,,,,,,,,,,,"05",,,,,,,,"TURNER COUNTY","0","0","0","0","1","0","1","0","0","0","0","0","1","1","0","0","0","0","1","1","0",9218,0,31,0,0,0,1,0,0,3,0,0,0,0,2,20,19,0,0,1
"G4601270","1980","A","2","4","South Dakota","46",,"Union","127",,,,,,,,,,,,,"05",,,,,,,,"UNION COUNTY","0","0","1","0","0","0","0","0","0","0","0","1","0","0","1","0","0","0","0","0","0",10803,13,57,0,0,0,0,0,4,3,30,0,0,0,28,52,23,0,5,24
"G4601290","1980","A","2","4","South Dakota","46",,"Walworth","129",,,,,,,,,,,,,"02",,,,,,,,"WALWORTH COUNTY","0","0","1","0","1","0","0","0","0","0","0","0","0","0","0","0","0","0","0","1","0",6581,1,411,0,0,3,0,0,5,0,1,1,0,0,8,24,15,0,1,8
"G4601350","1980","A","2","4","South Dakota","46",,"Yankton","135",,,,,,,,,,,,,"05",,,,,,,,"YANKTON COUNTY","0","0","0","0","0","0","0","1","0","0","0","0","0","0","0","0","0","0","0","0","0",18371,78,387,3,1,7,8,10,5,8,11,1,0,0,62,94,58,2,6,28
"G4601370","1980","A","2","4","South Dakota","46",,"Ziebach","137",,,,,,,,,,,,,"01",,,,,,,,"ZIEBACH COUNTY","0","0","0","0","1","0","1","0","0","0","0","0","0","1","1","0","0","0","1","0","0",960,0,1342,0,0,0,0,0,0,1,0,0,0,0,5,18,1,0,13,4
"G4700010","1980","A","3","6","Tennessee","47","3840","Anderson","001",,,,,,,,,,,,,"D",,,,,,,,"ANDERSON COUNTY","0","0","0","0","0","0","0","0","0","0","0","0","0","0","0","0","0","0","0","0","0",64043,2594,164,0,0,73,109,44,51,80,64,4,0,0,120,426,329,38,30,29
"G4700030","1980","A","3","6","Tennessee","47",,"Bedford","003",,,,,,,,,,,,,"05",,,,,,,,"BEDFORD COUNTY","0","0","0","1","0","0","0","0","0","0","0","0","0","1","1","0","0","0","0","0","1",24860,3008,14,0,0,2,1,2,0,12,1,0,0,0,16,171,129,37,2,3
"G4700050","1980","A","3","6","Tennessee","47",,"Benton","005",,,,,,,,,,,,,"02",,,,,,,,"BENTON COUNTY","0","0","0","1","0","0","0","1","0","0","0","0","1","1","1","0","0","0","0","0","1",14490,368,9,0,0,6,0,3,2,8,0,3,0,0,12,86,78,1,1,6
"G4700070","1980","A","3","6","Tennessee","47",,"Bledsoe","007",,,,,,,,,,,,,"07",,,,,,,,"BLEDSOE COUNTY","0","0","0","1","1","0","0","0","0","0","0","0","0","1","1","0","0","0","0","1","0",9125,320,8,0,0,0,0,1,0,12,0,0,0,0,12,90,75,0,8,7
"G4700090","1980","A","3","6","Tennessee","47","3840","Blount","009",,,,,,,,,,,,,"D",,,,,,,,"BLOUNT COUNTY","0","0","0","0","0","0","0","0","0","0","0","0","0","0","0","0","0","0","0","0","0",74859,2582,99,1,4,28,22,15,30,23,17,0,0,0,90,421,369,16,7,29
"G4700110","1980","A","3","6","Tennessee","47",,"Bradley","011",,,,,,,,,,,,,"08",,,,,,,,"BRADLEY COUNTY","0","0","0","0","0","0","0","1","0","0","0","0","0","0","0","0","0","0","0","0","1",64392,2668,168,0,0,12,17,15,29,74,8,8,0,0,156,574,492,6,7,69
"G4700130","1980","A","3","6","Tennessee","47",,"Campbell","013",,,,,,,,,,,,,"08",,,,,,,,"CAMPBELL COUNTY","0","0","0","0","0","0","0","0","0","0","0","0","0","0","0","0","0","0","0","1","0",34643,170,57,0,0,7,0,1,2,11,0,2,1,0,29,197,184,0,2,11
"G4700150","1980","A","3","6","Tennessee","47",,"Cannon","015",,,,,,,,,,,,,"06",,,,,,,,"CANNON COUNTY","0","0","0","1","1","0","1","0","0","0","0","0","1","0","1","0","0","0","0","1","0",10022,187,6,0,0,0,0,1,6,2,0,0,0,0,10,62,59,0,3,0
"G4700170","1980","A","3","6","Tennessee","47",,"Carroll","017",,,,,,,,,,,,,"02",,,,,,,,"CARROLL COUNTY","0","0","0","0","0","0","0","0","0","0","0","0","0","0","0","0","0","0","0","0","1",24956,3243,23,0,0,3,4,1,1,8,0,2,0,0,44,167,118,40,1,8
"G4700190","1980","A","3","6","Tennessee","47","3660","Carter","019",,,,,,,,,,,,,"08",,,,,,,,"CARTER COUNTY","0","0","0","0","0","0","0","1","0","0","0","0","0","0","0","0","0","0","0","0","1",49647,426,42,0,1,18,2,15,5,8,2,2,0,0,37,220,202,3,7,8
"G4700210","1980","A","3","6","Tennessee","47","5360","Cheatham","021",,,,,,,,,,,,,"04",,,,,,,,"CHEATHAM COUNTY","0","0","0","0","1","0","0","1","0","0","0","0","0","1","1","0","0","0","0","0","1",20971,595,23,0,0,4,1,7,4,2,0,1,0,0,8,128,119,1,3,5
"G4700230","1980","A","3","6","Tennessee","47",,"Chester","023",,,,,,,,,,,,,"02",,,,,,,,"CHESTER COUNTY","0","0","0","1","1","0","0","1","0","0","0","0","1","1","0","0","0","0","0","0","1",11330,1367,5,0,0,1,4,0,4,4,0,0,0,0,12,62,39,22,0,1
"G4700250","1980","A","3","6","Tennessee","47",,"Claiborne","025",,,,,,,,,,,,,"08",,,,,,,,"CLAIBORNE COUNTY","0","0","0","0","1","0","0","1","0","0","0","0","0","1","1","0","0","0","0","0","1",24202,314,46,0,0,2,0,1,0,3,2,0,0,0,25,148,128,5,7,8
"G4700270","1980","A","3","6","Tennessee","47",,"Clay","027",,,,,,,,,,,,,"06",,,,,,,,"CLAY COUNTY","0","0","0","1","1","0","0","0","0","0","0","0","1","1","0","0","0","0","0","0","0",7545,112,8,0,0,0,0,6,0,5,0,0,0,0,0,35,35,0,0,0
"G4700290","1980","A","3","6","Tennessee","47",,"Cocke","029",,,,,,,,,,,,,"08",,,,,,,,"COCKE COUNTY","0","0","0","0","0","0","0","1","0","0","0","0","0","1","1","0","0","0","0","0","1",28020,668,25,1,0,1,0,5,3,4,1,1,0,0,63,228,192,1,4,31
"G4700310","1980","A","3","6","Tennessee","47",,"Coffee","031",,,,,,,,,,,,,"06",,,,,,,,"COFFEE COUNTY","0","0","0","0","0","0","0","1","0","0","0","0","0","0","0","0","0","0","0","0","1",36725,1340,29,0,0,19,41,16,11,72,4,1,0,0,53,217,191,9,7,10
"G4700330","1980","A","3","6","Tennessee","47",,"Crockett","033",,,,,,,,,,,,,"01",,,,,,,,"CROCKETT COUNTY","0","0","0","1","1","0","0","0","0","0","0","0","0","1","1","0","0","0","0","0","1",12084,2828,10,0,0,0,0,2,1,3,2,0,0,0,11,95,57,34,3,1
"G4700350","1980","A","3","6","Tennessee","47",,"Cumberland","035",,,,,,,,,,,,,"07",,,,,,,,"CUMBERLAND COUNTY","0","0","1","0","0","0","1","0","0","0","0","1","0","0","1","0","0","0","0","1","0",28600,6,22,0,0,3,1,10,2,7,1,2,0,0,22,169,165,0,0,4
"G4700370","1980","B","3","6","Tennessee","47","5360","Davidson","037",,,,,,,,,,,,,"B",,,,,,,,"DAVIDSON COUNTY","0","0","0","0","0","0","0","0","0","0","0","0","0","0","0","0","0","0","0","0","0",366448,106369,533,8,5,210,325,359,439,659,239,60,16,9,2132,3741,2389,727,122,503
"G4700390","1980","A","3","6","Tennessee","47",,"Decatur","039",,,,,,,,,,,,,"02",,,,,,,,"DECATUR COUNTY","0","0","0","1","1","0","0","1","0","0","0","0","0","1","1","0","0","0","0","0","1",10350,481,12,0,0,1,0,0,5,1,0,0,2,0,5,90,87,1,2,0
"G4700410","1980","A","3","6","Tennessee","47",,"DeKalb","041",,,,,,,,,,,,,"06",,,,,,,,"DE KALB COUNTY","0","0","0","1","1","0","0","1","0","0","0","0","0","1","1","0","0","0","0","0","1",13282,268,9,0,0,5,3,1,1,4,0,0,0,0,16,80,72,3,2,3
"G4700430","1980","A","3","6","Tennessee","47","5360","Dickson","043",,,,,,,,,,,,,"03",,,,,,,,"DICKSON COUNTY","0","0","0","0","0","0","0","1","0","0","0","0","0","0","0","0","0","0","0","0","1",28307,1672,17,0,0,4,0,0,6,8,0,1,0,0,22,190,173,5,0,12
"G4700450","1980","A","3","6","Tennessee","47",,"Dyer","045",,,,,,,,,,,,,"01",,,,,,,,"DYER COUNTY","0","0","0","0","0","0","0","0","0","0","0","0","0","1","1","0","0","0","0","0","0",30482,4101,38,0,0,0,0,2,6,6,0,2,1,0,25,216,153,37,7,19
"G4700470","1980","A","3","6","Tennessee","47",,"Fayette","047",,,,,,,,,,,,,"01",,,,,,,,"FAYETTE COUNTY","0","0","0","1","1","0","1","0","0","0","0","0","0","1","1","0","0","0","0","1","0",12465,12804,14,0,0,3,0,3,0,2,1,0,0,0,13,377,53,319,0,5
"G4700490","1980","A","3","6","Tennessee","47",,"Fentress","049",,,,,,,,,,,,,"07",,,,,,,,"FENTRESS COUNTY","0","0","1","1","0","0","0","0","0","0","0","1","0","1","0","0","0","0","0","0","0",14795,2,11,0,0,2,5,0,1,9,0,0,0,0,1,106,106,0,0,0
"G4700510","1980","A","3","6","Tennessee","47",,"Franklin","051",,,,,,,,,,,,,"06",,,,,,,,"FRANKLIN COUNTY","0","0","0","0","0","0","0","1","0","0","0","0","0","0","0","0","0","0","0","0","1",29587,2279,21,0,1,13,6,2,5,22,1,1,3,0,42,227,201,11,2,13
"G4700530","1980","A","3","6","Tennessee","47",,"Gibson","053",,,,,,,,,,,,,"01",,,,,,,,"GIBSON COUNTY","0","0","0","0","0","0","0","0","0","0","0","0","0","0","0","0","0","0","0","0","0",39908,9450,26,0,0,1,3,8,10,19,1,1,1,0,39,391,206,156,11,18
"G4700550","1980","A","3","6","Tennessee","47",,"Giles","055",,,,,,,,,,,,,"05",,,,,,,,"GILES COUNTY","0","0","0","1","0","0","0","0","0","0","0","0","1","0","1","0","0","0","0","0","1",21106,3452,6,0,0,1,0,22,10,4,3,1,1,0,19,215,157,43,10,5
"G4700570","1980","A","3","6","Tennessee","47",,"Grainger","057",,,,,,,,,,,,,"08",,,,,,,,"GRAINGER COUNTY","0","0","0","1","1","0","1","0","0","0","0","0","1","0","1","0","0","0","0","1","0",16595,136,8,0,0,0,0,0,1,1,0,0,0,0,10,122,112,0,0,10
"G4700590","1980","A","3","6","Tennessee","47",,"Greene","059",,,,,,,,,,,,,"08",,,,,,,,"GREENE COUNTY","0","0","0","0","0","0","0","1","0","0","0","0","0","0","0","0","0","0","0","0","1",53010,1233,53,0,0,2,5,7,5,27,8,1,0,0,71,310,297,4,1,8
"G4700610","1980","A","3","6","Tennessee","47",,"Grundy","061",,,,,,,,,,,,,"07",,,,,,,,"GRUNDY COUNTY","0","0","1","1","1","0","1","0","0","0","0","1","1","0","0","0","0","0","0","0","0",13772,2,5,0,0,0,0,0,1,4,0,0,0,0,3,115,112,0,0,3
"G4700630","1980","A","3","6","Tennessee","47",,"Hamblen","063",,,,,,,,,,,,,"08",,,,,,,,"HAMBLEN COUNTY","0","0","0","0","0","0","0","0","0","0","0","0","0","0","0","0","0","0","0","0","0",46747,2341,67,0,0,7,8,19,14,18,5,2,6,0,66,332,283,16,9,24
"G4700650","1980","A","3","6","Tennessee","47","1560","Hamilton","065",,,,,,,,,,,,,"C",,,,,,,,"HAMILTON COUNTY","0","0","0","0","0","0","0","0","0","0","0","0","0","0","0","0","0","0","0","0","0",229976,55840,308,1,3,74,208,171,129,229,121,29,10,0,641,2123,1326,530,77,190
"G4700670","1980","A","3","6","Tennessee","47",,"Hancock","067",,,,,,,,,,,,,"08",,,,,,,,"HANCOCK COUNTY","0","0","0","1","1","0","0","0","0","0","0","0","1","1","1","0","0","0","0","1","0",6833,38,3,0,0,0,0,0,1,3,0,0,0,0,9,78,73,0,1,4
"G4700690","1980","A","3","6","Tennessee","47",,"Hardeman","069",,,,,,,,,,,,,"01",,,,,,,,"HARDEMAN COUNTY","0","0","0","1","0","0","0","0","0","0","0","0","1","0","1","0","0","0","0","1","0",15069,8725,17,0,0,5,1,29,0,12,0,3,0,0,12,387,105,264,13,5
"G4700710","1980","A","3","6","Tennessee","47",,"Hardin","071",,,,,,,,,,,,,"02",,,,,,,,"HARDIN COUNTY","0","0","0","1","0","0","0","0","0","0","0","0","1","0","1","0","0","0","0","0","0",21246,986,6,0,0,2,0,2,0,6,9,1,1,0,21,195,137,44,1,13
"G4700730","1980","A","3","6","Tennessee","47","3660","Hawkins","073",,,,,,,,,,,,,"08",,,,,,,,"HAWKINS COUNTY","0","0","0","0","0","0","0","0","0","0","0","0","0","0","0","0","0","0","0","0","1",42778,826,61,0,0,7,8,0,10,19,1,1,4,0,36,212,174,17,6,15
"G4700750","1980","A","3","6","Tennessee","47",,"Haywood","075",,,,,,,,,,,,,"01",,,,,,,,"HAYWOOD COUNTY","0","0","0","1","1","0","1","0","0","0","0","0","0","1","1","0","0","0","0","1","0",9876,10420,3,0,0,1,0,0,1,2,0,3,0,0,12,268,51,207,0,10
"G4700770","1980","A","3","6","Tennessee","47",,"Henderson","077",,,,,,,,,,,,,"02",,,,,,,,"HENDERSON COUNTY","0","0","0","1","1","0","0","0","0","0","0","0","0","1","1","0","0","0","0","0","0",19450,1901,10,0,0,0,0,5,1,1,0,0,0,0,22,172,120,32,2,18
"G4700790","1980","A","3","6","Tennessee","47",,"Henry","079",,,,,,,,,,,,,"02",,,,,,,,"HENRY COUNTY","0","0","0","1","0","0","0","0","0","0","0","0","0","0","0","0","0","0","0","0","1",25425,3148,31,0,0,8,1,3,8,17,1,0,0,0,14,171,114,51,1,5
"G4700810","1980","A","3","6","Tennessee","47",,"Hickman","081",,,,,,,,,,,,,"03",,,,,,,,"HICKMAN COUNTY","0","0","0","1","0","0","0","1","0","0","0","0","0","0","0","0","0","0","0","0","1",14311,817,16,0,0,0,0,0,0,0,0,0,0,0,7,67,54,5,4,4
"G4700830","1980","A","3","6","Tennessee","47",,"Houston","083",,,,,,,,,,,,,"03",,,,,,,,"HOUSTON COUNTY","0","0","0","1","1","0","0","1","0","0","0","0","1","1","1","0","0","0","0","0","1",6524,331,5,0,0,1,0,0,0,1,0,0,0,1,8,41,32,5,0,4
"G4700850","1980","A","3","6","Tennessee","47",,"Humphreys","085",,,,,,,,,,,,,"03",,,,,,,,"HUMPHREYS COUNTY","0","0","0","1","0","0","1","0","0","0","0","0","1","1","0","0","0","0","0","0","0",15284,629,11,0,0,3,11,2,3,10,2,0,0,1,1,61,60,0,0,1
"G4700870","1980","A","3","6","Tennessee","47",,"Jackson","087",,,,,,,,,,,,,"06",,,,,,,,"JACKSON COUNTY","0","0","0","1","1","0","1","0","0","0","0","0","0","1","1","0","0","0","0","1","0",9367,21,1,0,0,0,0,0,6,2,0,0,0,0,1,42,41,0,0,1
"G4700890","1980","A","3","6","Tennessee","47",,"Jefferson","089",,,,,,,,,,,,,"08",,,,,,,,"JEFFERSON COUNTY","0","0","0","0","0","0","0","1","0","0","0","0","0","1","1","0","0","0","0","0","1",30259,922,46,0,0,3,1,0,6,3,10,0,0,0,34,162,145,2,1,14
"G4700910","1980","A","3","6","Tennessee","47",,"Johnson","091",,,,,,,,,,,,,"08",,,,,,,,"JOHNSON COUNTY","0","0","0","1","0","0","1","0","0","0","0","0","1","1","1","0","0","0","0","1","0",13623,86,8,0,0,3,7,1,3,4,2,1,0,0,7,81,79,0,0,2
"G4700930","1980","A","3","6","Tennessee","47","3840","Knox","093",,,,,,,,,,,,,"D",,,,,,,,"KNOX COUNTY","0","0","0","0","0","0","0","0","0","0","0","0","0","0","0","0","0","0","0","0","0",288675,28006,426,9,2,134,524,91,185,412,193,25,9,7,996,1973,1547,138,54,234
"G4700950","1980","A","3","6","Tennessee","47",,"Lake","095",,,,,,,,,,,,,"01",,,,,,,,"LAKE COUNTY","0","0","0","1","1","0","1","1","0","0","0","0","1","1","0","0","0","0","0","0","0",6013,1437,2,0,0,0,0,0,0,2,0,1,0,0,0,36,7,29,0,0
"G4700970","1980","A","3","6","Tennessee","47",,"Lauderdale","097",,,,,,,,,,,,,"01",,,,,,,,"LAUDERDALE COUNTY","0","0","0","0","0","0","0","0","0","0","0","0","0","1","1","0","0","0","0","0","1",16769,7597,133,0,0,3,9,1,0,2,0,3,0,0,38,174,76,72,4,22
"G4700990","1980","A","3","6","Tennessee","47",,"Lawrence","099",,,,,,,,,,,,,"03",,,,,,,,"LAWRENCE COUNTY","0","0","0","0","0","0","0","1","0","0","0","0","1","0","1","0","0","0","0","0","1",33518,508,21,1,0,5,2,10,3,10,0,1,0,0,31,257,241,3,3,10
"G4701010","1980","A","3","6","Tennessee","47",,"Lewis","101",,,,,,,,,,,,,"03",,,,,,,,"LEWIS COUNTY","0","0","0","0","1","0","0","1","0","0","0","0","1","1","1","0","0","0","0","1","0",9473,156,16,0,0,0,0,4,0,8,0,0,0,0,43,110,85,2,6,17
"G4701030","1980","A","3","6","Tennessee","47",,"Lincoln","103",,,,,,,,,,,,,"05",,,,,,,,"LINCOLN COUNTY","0","0","0","0","0","0","0","1","0","0","0","0","1","0","1","0","0","0","0","0","1",23765,2637,21,0,0,1,0,6,3,23,11,0,1,0,15,161,128,27,6,0
"G4701050","1980","A","3","6","Tennessee","47",,"Loudon","105",,,,,,,,,,,,,"08",,,,,,,,"LOUDON COUNTY","0","0","0","0","1","0","0","1","0","0","0","0","0","1","1","0","0","0","0","1","0",28055,421,32,2,1,4,2,5,4,6,10,2,0,0,9,142,132,2,5,3
"G4701070","1980","A","3","6","Tennessee","47",,"McMinn","107",,,,,,,,,,,,,"08",,,,,,,,"MCMINN COUNTY","0","0","0","0","0","0","0","1","0","0","0","0","0","0","0","0","0","0","0","0","1",39629,2043,68,0,0,9,3,7,21,33,5,0,1,4,55,225,201,4,3,17
"G4701090","1980","A","3","6","Tennessee","47",,"McNairy","109",,,,,,,,,,,,,"02",,,,,,,,"MCNAIRY COUNTY","0","0","0","1","0","0","0","0","0","0","0","0","1","0","1","0","0","0","0","0","1",21036,1434,15,0,0,0,2,8,3,12,4,1,0,0,10,142,104,23,6,9
"G4701110","1980","A","3","6","Tennessee","47",,"Macon","111",,,,,,,,,,,,,"06",,,,,,,,"MACON COUNTY","0","0","0","1","1","0","1","0","0","0","0","0","1","1","1","0","0","0","0","1","0",15608,70,9,0,0,0,0,0,0,1,0,0,0,0,12,102,92,0,0,10
"G4701130","1980","A","3","6","Tennessee","47",,"Madison","113",,,,,,,,,,,,,"01",,,,,,,,"MADISON COUNTY","0","0","0","0","0","0","0","0","0","0","0","0","0","0","0","0","0","0","0","0","0",51955,22322,28,0,1,26,8,5,25,43,25,14,2,0,92,543,258,266,3,16
"G4701150","1980","A","3","6","Tennessee","47","1560","Marion","115",,,,,,,,,,,,,"07",,,,,,,,"MARION COUNTY","0","0","0","0","1","0","0","1","0","0","0","0","0","1","1","0","0","0","0","0","1",23262,1102,25,2,0,7,1,3,4,3,0,1,0,0,6,135,131,1,2,1
"G4701170","1980","A","3","6","Tennessee","47",,"Marshall","117",,,,,,,,,,,,,"05",,,,,,,,"MARSHALL COUNTY","0","0","0","1","0","0","0","0","0","0","0","0","1","1","1","0","0","0","0","0","0",17704,1960,13,0,0,2,0,5,1,8,0,0,0,0,5,133,99,34,0,0
"G4701190","1980","A","3","6","Tennessee","47",,"Maury","119",,,,,,,,,,,,,"05",,,,,,,,"MAURY COUNTY","0","0","0","0","0","0","0","0","0","0","0","0","0","0","0","0","0","0","0","0","0",42500,8464,43,0,0,12,5,7,1,20,0,8,0,1,34,335,215,93,8,19
"G4701210","1980","A","3","6","Tennessee","47",,"Meigs","121",,,,,,,,,,,,,"08",,,,,,,,"MEIGS COUNTY","0","0","0","1","1","0","0","1","0","0","0","0","1","1","0","0","0","0","0","1","1",7279,138,8,0,1,0,0,0,3,1,0,0,0,0,1,46,39,6,0,1
"G4701230","1980","A","3","6","Tennessee","47",,"Monroe","123",,,,,,,,,,,,,"08",,,,,,,,"MONROE COUNTY","0","0","0","1","0","0","0","1","0","0","0","0","1","0","1","0","0","0","0","0","1",27745,888,11,0,0,6,1,1,8,7,1,0,0,0,32,162,154,5,1,2
"G4701250","1980","A","3","6","Tennessee","47","1660","Montgomery","125",,,,,,,,,,,,,"04",,,,,,,,"MONTGOMERY COUNTY","0","0","0","0","0","0","0","0","0","0","0","0","0","0","0","0","0","0","0","0","0",66415,14684,191,3,2,138,34,83,491,47,70,67,54,21,1042,1928,929,154,72,773
"G4701270","1980","A","3","6","Tennessee","47",,"Moore","127",,,,,,,,,,,,,"05",,,,,,,,"MOORE COUNTY","0","0","0","1","0","0","1","0","0","0","0","0","1","0","1","0","0","0","0","1","0",4293,209,5,0,0,0,0,0,0,0,0,0,0,0,3,16,13,0,1,2
"G4701290","1980","A","3","6","Tennessee","47",,"Morgan","129",,,,,,,,,,,,,"07",,,,,,,,"MORGAN COUNTY","0","0","0","0","0","0","0","0","0","0","0","1","0","1","1","0","0","0","0","0","0",16430,118,17,0,0,1,0,5,9,2,0,2,0,0,20,61,52,0,1,8
"G4701310","1980","A","3","6","Tennessee","47",,"Obion","131",,,,,,,,,,,,,"01",,,,,,,,"OBION COUNTY","0","0","0","0","0","0","0","1","0","0","0","0","0","0","0","0","0","0","0","0","1",29583,3107,33,0,0,1,0,4,2,16,0,1,2,0,32,256,189,53,0,14
"G4701330","1980","A","3","6","Tennessee","47",,"Overton","133",,,,,,,,,,,,,"06",,,,,,,,"OVERTON COUNTY","0","0","0","0","1","0","1","0","0","0","0","0","0","1","1","0","0","0","0","1","0",17493,44,28,0,0,1,0,0,0,5,0,1,0,0,3,129,128,0,1,0
"G4701350","1980","A","3","6","Tennessee","47",,"Perry","135",,,,,,,,,,,,,"03",,,,,,,,"PERRY COUNTY","0","0","0","1","1","0","1","0","0","0","0","1","1","0","0","0","0","0","0","0","0",5954,143,7,0,0,2,0,0,1,1,0,0,1,0,2,43,41,0,0,2
"G4701370","1980","A","3","6","Tennessee","47",,"Pickett","137",,,,,,,,,,,,,"06",,,,,,,,"PICKETT COUNTY","0","0","1","0","1","0","0","0","0","0","0","0","1","1","0","0","0","0","0","0","0",4340,1,16,0,0,0,0,0,1,0,0,0,0,0,0,33,33,0,0,0
"G4701390","1980","A","3","6","Tennessee","47",,"Polk","139",,,,,,,,,,,,,"08",,,,,,,,"POLK COUNTY","0","0","1","1","1","0","1","0","0","0","0","0","0","1","1","0","0","0","0","1","0",13566,5,13,0,0,2,0,0,0,6,0,0,0,2,8,48,47,0,0,1
"G4701410","1980","A","3","6","Tennessee","47",,"Putnam","141",,,,,,,,,,,,,"06",,,,,,,,"PUTNAM COUNTY","0","0","0","0","0","0","0","1","0","0","0","0","0","0","0","0","0","0","0","0","1",46359,768,42,1,0,30,66,12,21,76,32,2,0,0,281,404,329,1,11,63
"G4701430","1980","A","3","6","Tennessee","47",,"Rhea","143",,,,,,,,,,,,,"08",,,,,,,,"RHEA COUNTY","0","0","0","0","0","0","0","0","0","0","0","0","0","0","0","0","0","0","0","0","0",23485,611,45,0,0,4,22,2,2,8,22,6,1,0,27,158,134,0,3,21
"G4701450","1980","A","3","6","Tennessee","47",,"Roane","145",,,,,,,,,,,,,"08",,,,,,,,"ROANE COUNTY","0","0","0","0","0","0","0","0","0","0","0","0","0","0","0","0","0","0","0","0","1",46731,1526,34,5,0,12,34,20,16,14,8,0,1,2,22,282,252,16,7,7
"G4701470","1980","A","3","6","Tennessee","47","5360","Robertson","147",,,,,,,,,,,,,"04",,,,,,,,"ROBERTSON COUNTY","0","0","0","0","0","0","0","0","0","0","0","0","0","0","0","0","0","0","0","0","0",31970,4960,29,0,0,2,0,13,3,19,2,2,0,0,21,220,121,69,17,13
"G4701490","1980","A","3","6","Tennessee","47","5360","Rutherford","149",,,,,,,,,,,,,"05",,,,,,,,"RUTHERFORD COUNTY","0","0","0","0","0","0","0","0","0","0","0","0","0","0","0","0","0","0","0","0","0",74671,8593,90,2,0,43,42,15,37,34,3,5,5,1,517,521,369,80,10,62
"G4701510","1980","A","3","6","Tennessee","47",,"Scott","151",,,,,,,,,,,,,"07",,,,,,,,"SCOTT COUNTY","0","0","1","0","1","0","0","0","0","0","0","0","0","1","1","0","0","0","0","1","0",19161,6,69,0,0,3,0,2,1,5,0,3,0,0,9,159,153,0,1,5
"G4701530","1980","A","3","6","Tennessee","47","1560","Sequatchie","153",,,,,,,,,,,,,"07",,,,,,,,"SEQUATCHIE COUNTY","0","0","0","0","1","0","1","0","0","0","0","1","1","1","1","0","0","0","0","1","0",8548,18,17,0,0,0,0,0,6,0,0,0,0,0,16,39,35,0,0,4
"G4701550","1980","A","3","6","Tennessee","47",,"Sevier","155",,,,,,,,,,,,,"08",,,,,,,,"SEVIER COUNTY","0","0","0","0","0","0","0","0","0","0","0","0","0","0","0","0","0","0","0","1","0",41112,162,46,0,0,7,7,15,15,9,1,2,1,5,36,234,226,0,3,5
"G4701570","1980","A","3","6","Tennessee","47","4920","Shelby","157",,,,,,,,,,,,,"A",,,,,,,,"SHELBY COUNTY","0","0","0","0","0","0","0","0","0","0","0","0","0","0","0","0","0","0","0","0","0",445458,324664,747,13,6,486,1139,672,409,579,427,110,25,15,2363,6921,2978,2907,177,859
"G4701590","1980","A","3","6","Tennessee","47",,"Smith","159",,,,,,,,,,,,,"05",,,,,,,,"SMITH COUNTY","0","0","0","1","1","0","0","0","0","0","0","0","1","1","0","0","0","0","0","0","0",14308,600,12,0,0,0,0,5,0,6,0,0,0,0,4,127,96,27,1,3
"G4701610","1980","A","3","6","Tennessee","47",,"Stewart","161",,,,,,,,,,,,,"03",,,,,,,,"STEWART COUNTY","0","0","0","0","1","0","1","0","0","0","0","0","1","1","0","0","0","0","0","1","0",8501,133,14,2,0,5,0,1,1,2,0,0,1,3,2,60,59,0,1,0
"G4701630","1980","A","3","6","Tennessee","47","3660","Sullivan","163",,,,,,,,,,,,,"08",,,,,,,,"SULLIVAN COUNTY","0","0","0","0","0","0","0","1","0","0","0","0","0","0","0","0","0","0","0","0","0",140855,2607,145,1,0,13,84,26,10,63,34,8,6,0,116,625,549,13,20,43
"G4701650","1980","A","3","6","Tennessee","47","5360","Sumner","165",,,,,,,,,,,,,"04",,,,,,,,"SUMNER COUNTY","0","0","0","0","0","0","0","0","0","0","0","0","0","0","0","0","0","0","0","0","0",80348,5084,99,1,0,19,19,15,35,41,5,11,0,1,112,511,423,40,4,44
"G4701670","1980","A","3","6","Tennessee","47","4920","Tipton","167",,,,,,,,,,,,,"01",,,,,,,,"TIPTON COUNTY","0","0","0","0","0","0","0","0","0","0","0","0","0","0","0","0","0","0","0","0","0",24021,8786,30,1,0,10,11,7,7,7,0,6,1,0,43,245,96,128,4,17
"G4701690","1980","A","3","6","Tennessee","47",,"Trousdale","169",,,,,,,,,,,,,"05",,,,,,,,"TROUSDALE COUNTY","0","0","0","1","0","0","0","1","0","0","0","0","1","0","1","0","0","0","0","0","1",5227,898,7,0,0,0,0,0,0,0,0,0,0,0,5,91,65,22,0,4
"G4701710","1980","A","3","6","Tennessee","47","3660","Unicoi","171",,,,,,,,,,,,,"08",,,,,,,,"UNICOI COUNTY","0","0","1","0","0","0","0","0","0","0","0","1","0","0","1","0","0","0","0","1","0",16300,4,18,0,1,4,0,0,1,12,7,0,0,0,15,100,87,0,6,7
"G4701730","1980","A","3","6","Tennessee","47","3840","Union","173",,,,,,,,,,,,,"08",,,,,,,,"UNION COUNTY","0","0","1","0","1","0","1","0","0","0","0","1","0","0","1","0","0","0","0","1","0",11681,1,17,0,0,2,0,0,1,0,1,0,1,0,3,132,125,0,7,0
"G4701750","1980","A","3","6","Tennessee","47",,"Van Buren","175",,,,,,,,,,,,,"07",,,,,,,,"VAN BUREN COUNTY","0","0","1","1","1","0","0","0","0","0","0","1","1","1","0","0","0","0","0","1","0",4714,4,4,0,0,0,0,2,0,2,0,1,0,0,1,31,29,0,1,1
"G4701770","1980","A","3","6","Tennessee","47",,"Warren","177",,,,,,,,,,,,,"06",,,,,,,,"WARREN COUNTY","0","0","0","0","0","0","0","0","0","0","0","0","0","0","0","0","0","0","0","0","1",31351,1199,30,0,0,3,5,0,4,15,0,2,0,0,44,237,189,17,4,27
"G4701790","1980","A","3","6","Tennessee","47","3660","Washington","179",,,,,,,,,,,,,"08",,,,,,,,"WASHINGTON COUNTY","0","0","0","0","0","0","0","1","0","0","0","0","0","0","0","0","0","0","0","0","0",85269,3004,89,0,0,39,48,17,40,73,14,8,0,0,154,464,407,13,4,40
"G4701810","1980","A","3","6","Tennessee","47",,"Wayne","181",,,,,,,,,,,,,"03",,,,,,,,"WAYNE COUNTY","0","0","0","1","1","0","1","0","0","0","0","0","0","1","1","0","0","0","0","1","0",13760,168,5,0,0,0,0,6,1,0,0,0,0,0,6,104,98,0,0,6
"G4701830","1980","A","3","6","Tennessee","47",,"Weakley","183",,,,,,,,,,,,,"02",,,,,,,,"WEAKLEY COUNTY","0","0","0","0","0","0","0","1","0","0","0","0","0","0","0","0","0","0","0","0","1",30485,2070,29,0,0,27,20,7,7,34,0,1,0,10,206,367,274,7,1,85
"G4701850","1980","A","3","6","Tennessee","47",,"White","185",,,,,,,,,,,,,"06",,,,,,,,"WHITE COUNTY","0","0","0","1","0","0","0","1","0","0","0","0","1","0","1","0","0","0","0","1","0",19097,431,9,0,0,4,2,4,2,7,1,0,0,0,10,125,115,1,7,2
"G4701870","1980","A","3","6","Tennessee","47","5360","Williamson","187",,,,,,,,,,,,,"05",,,,,,,,"WILLIAMSON COUNTY","0","0","0","0","0","0","0","0","0","0","0","0","0","0","0","0","0","0","0","0","0",52657,5202,40,3,0,16,22,4,15,57,3,1,0,0,88,381,250,90,11,30
"G4701890","1980","A","3","6","Tennessee","47","5360","Wilson","189",,,,,,,,,,,,,"05",,,,,,,,"WILSON COUNTY","0","0","0","0","0","0","0","0","0","0","0","0","0","0","0","0","0","0","0","0","0",50934,4873,61,5,1,39,3,30,15,33,6,4,0,0,60,281,230,36,3,12
"G4800010","1980","A","3","7","Texas","48",,"Anderson","001",,,,,,,,,,,,,"12",,,,,,,,"ANDERSON COUNTY","0","0","0","0","0","0","0","0","0","0","0","0","0","0","0","0","0","0","0","0","0",29399,8164,87,0,0,8,0,6,7,16,28,17,2,0,647,1796,1116,49,18,613
"G4800030","1980","A","3","7","Texas","48",,"Andrews","003",,,,,,,,,,,,,"05",,,,,,,,"ANDREWS COUNTY","0","0","0","0","0","0","0","1","0","0","0","0","0","0","0","0","0","0","0","0","1",11420,282,63,0,0,4,2,17,0,30,71,1,0,0,1433,2904,1478,6,26,1394
"G4800050","1980","A","3","7","Texas","48",,"Angelina","005",,,,,,,,,,,,,"13",,,,,,,,"ANGELINA COUNTY","0","0","0","0","0","0","0","0","0","0","0","0","0","0","0","0","0","0","0","0","0",51806,9625,83,0,1,3,12,17,15,48,32,8,2,0,2520,4047,1542,42,15,2448
"G4800070","1980","A","3","7","Texas","48",,"Aransas","007",,,,,,,,,,,,,"11",,,,,,,,"ARANSAS COUNTY","0","0","0","0","0","0","0","1","0","0","0","0","0","0","0","0","0","0","0","0","1",12526,277,48,1,0,14,3,2,0,2,217,1,0,0,1169,2722,1576,2,17,1127
"G4800090","1980","A","3","7","Texas","48",,"Archer","009",,,,,,,,,,,,,"K",,,,,,,,"ARCHER COUNTY","0","0","0","0","1","0","0","1","0","0","0","0","0","1","1","0","0","0","0","0","1",7123,18,38,0,0,0,0,0,0,3,1,0,2,0,81,138,56,1,1,80
"G4800110","1980","A","3","7","Texas","48",,"Armstrong","011",,,,,,,,,,,,,"04",,,,,,,,"ARMSTRONG COUNTY","0","0","1","1","1","0","0","0","0","0","0","1","1","1","1","0","0","0","0","1","0",1968,4,6,0,0,0,0,0,1,4,0,0,1,1,9,53,41,0,3,9
"G4800130","1980","A","3","7","Texas","48",,"Atascosa","013",,,,,,,,,,,,,"11",,,,,,,,"ATASCOSA COUNTY","0","0","0","0","0","0","0","0","0","0","0","0","0","0","0","0","0","0","0","0","1",22374,122,47,0,1,6,16,2,12,6,9,3,0,1,2456,11983,9557,18,4,2404
"G4800150","1980","A","3","7","Texas","48",,"Austin","015",,,,,,,,,,,,,"14",,,,,,,,"AUSTIN COUNTY","0","0","0","0","1","0","0","0","0","0","0","0","0","0","0","0","0","0","0","0","0",14449,2580,40,0,0,3,4,0,0,4,0,1,2,0,643,989,358,16,2,613
"G4800170","1980","A","3","7","Texas","48",,"Bailey","017",,,,,,,,,,,,,"05",,,,,,,,"BAILEY COUNTY","0","0","0","1","1","0","0","1","0","0","0","0","1","1","0","0","0","0","0","0","1",6301,181,5,0,0,0,0,0,0,8,1,0,0,0,1672,2770,1117,4,1,1648
"G4800190","1980","A","3","7","Texas","48",,"Bandera","019",,,,,,,,,,,,,"02",,,,,,,,"BANDERA COUNTY","0","0","0","0","1","0","0","0","0","0","0","0","0","1","1","0","0","0","0","0","0",6906,20,18,1,1,1,2,2,2,1,2,0,0,0,128,863,748,0,3,112
"G4800210","1980","A","3","7","Texas","48",,"Bastrop","021",,,,,,,,,,,,,"09",,,,,,,,"BASTROP COUNTY","0","0","0","0","0","0","0","0","0","0","0","0","0","0","0","0","0","0","0","0","0",18518,4259,58,1,4,2,0,2,1,6,13,3,0,1,1858,3402,1481,76,24,1821
"G4800230","1980","A","3","7","Texas","48",,"Baylor","023",,,,,,,,,,,,,"06",,,,,,,,"BAYLOR COUNTY","0","0","0","1","1","0","0","0","0","0","0","0","1","1","0","0","0","0","0","0","0",4543,179,12,1,0,2,0,0,0,5,0,0,0,0,177,306,135,0,6,165
"G4800250","1980","A","3","7","Texas","48",,"Bee","025",,,,,,,,,,,,,"11",,,,,,,,"BEE COUNTY","0","0","0","0","0","0","0","0","0","0","0","0","0","0","0","0","0","0","0","0","1",21211,673,89,2,0,26,7,224,8,10,1,3,1,0,3775,11914,8165,17,62,3670
"G4800270","1980","A","3","7","Texas","48","3810","Bell","027",,,,,,,,,,,,,"08",,,,,,,,"BELL COUNTY","0","0","0","0","0","0","0","0","0","0","0","0","0","0","0","0","0","0","0","0","0",117710,25873,571,17,2,353,135,436,1606,141,146,176,245,114,10364,17407,7161,440,329,9477
"G4800290","1980","A","3","7","Texas","48","7240","Bexar","029",,,,,,,,,,,,,"F",,,,,,,,"BEXAR COUNTY","0","0","0","0","0","0","0","0","0","0","0","0","0","0","0","0","0","0","0","0","0",796201,69201,2278,33,21,1157,1593,1393,1107,656,1227,207,120,40,113566,460911,349661,1171,1338,108741
"G4800310","1980","A","3","7","Texas","48",,"Blanco","031",,,,,,,,,,,,,"02",,,,,,,,"BLANCO COUNTY","0","0","0","1","1","0","0","0","0","0","0","0","0","0","0","0","0","0","0","0","0",4391,77,3,0,0,0,0,0,0,1,0,0,1,0,208,432,232,0,1,199
"G4800330","1980","A","3","7","Texas","48",,"Borden","033",,,,,,,,,,,,,"06",,,,,,,,"BORDEN COUNTY","0","0","1","1","0","0","0","0","0","0","0","1","0","0","1","0","0","0","0","0","0",794,3,4,0,0,0,0,0,0,0,0,0,0,0,58,127,69,0,0,58
"G4800350","1980","A","3","7","Texas","48",,"Bosque","035",,,,,,,,,,,,,"07",,,,,,,,"BOSQUE COUNTY","0","0","0","0","0","0","0","1","0","0","0","0","0","0","0","0","0","0","0","0","1",12714,296,37,0,0,2,0,21,2,7,0,1,0,0,321,701,394,2,4,301
"G4800370","1980","A","3","7","Texas","48","8360","Bowie","037",,,,,,,,,,,,,"12",,,,,,,,"BOWIE COUNTY","0","0","0","0","0","0","0","0","0","0","0","0","0","0","0","0","0","0","0","0","0",58123,16498,172,0,0,22,17,15,39,47,34,16,0,9,309,993,558,176,15,244
"G4800390","1980","A","3","7","Texas","48","3360","Brazoria","039",,,,,,,,"42",,,,,"14",,,,,,,,"BRAZORIA COUNTY","0","0","0","0","0","0","0","0","0","0","0","0","0","0","0","0","0","0","0","0","0",144239,13152,509,3,0,82,119,112,67,130,225,17,6,0,10926,22679,11907,139,83,10550
"G4800410","1980","A","3","7","Texas","48","1260","Brazos","041",,,,,,,,,,,,,"09",,,,,,,,"BRAZOS COUNTY","0","0","0","0","0","0","0","0","0","0","0","0","0","0","0","0","0","0","0","0","0",77544,10350,161,5,2,168,478,41,94,234,70,12,2,0,4427,9455,5555,83,25,3792
"G4800430","1980","A","3","7","Texas","48",,"Brewster","043",,,,,,,,,,,,,"01",,,,,,,,"BREWSTER COUNTY","0","0","0","0","0","0","0","1","0","0","0","0","0","0","0","0","0","0","0","0","0",6137,58,19,1,0,1,17,5,3,7,0,1,0,0,1324,3262,1966,1,2,1293
"G4800450","1980","A","3","7","Texas","48",,"Briscoe","045",,,,,,,,,,,,,"04",,,,,,,,"BRISCOE COUNTY","0","0","0","1","1","0","0","0","0","0","0","0","1","1","0","0","0","0","0","0","0",2211,120,3,1,0,0,1,0,0,1,0,0,0,0,242,418,177,0,0,241
"G4800470","1980","A","3","7","Texas","48",,"Brooks","047",,,,,,,,,,,,,"03",,,,,,,,"BROOKS COUNTY","0","0","1","1","1","0","0","1","0","0","0","1","1","1","0","0","0","0","0","0","1",7108,6,5,0,0,0,0,2,0,1,0,0,0,0,1306,7247,5985,1,4,1257
"G4800490","1980","A","3","7","Texas","48",,"Brown","049",,,,,,,,,,,,,"06",,,,,,,,"BROWN COUNTY","0","0","0","0","0","0","0","0","0","0","0","0","0","0","0","0","0","0","0","0","1",29703,1571,60,0,0,7,18,13,8,12,11,0,1,0,1653,2608,985,16,6,1601
"G4800510","1980","A","3","7","Texas","48",,"Burleson","051",,,,,,,,,,,,,"09",,,,,,,,"BURLESON COUNTY","0","0","0","1","1","0","0","0","0","0","0","0","1","1","0","0","0","0","0","0","0",8869,2693,10,0,0,0,0,0,0,2,0,0,0,0,739,1274,522,50,4,698
"G4800530","1980","A","3","7","Texas","48",,"Burnet","053",,,,,,,,,,,,,"07",,,,,,,,"BURNET COUNTY","0","0","0","0","0","0","0","1","0","0","0","0","0","0","0","0","0","0","0","0","1",16911,277,37,1,0,7,3,1,1,28,2,0,0,0,535,1258,733,8,5,512
"G4800550","1980","A","3","7","Texas","48",,"Caldwell","055",,,,,,,,,,,,,"10",,,,,,,,"CALDWELL COUNTY","0","0","0","0","0","0","0","0","0","0","0","0","0","0","0","0","0","0","0","0","0",17017,3867,54,1,2,4,13,11,2,13,121,1,2,0,2529,7790,5249,56,13,2472
"G4800570","1980","A","3","7","Texas","48",,"Calhoun","057",,,,,,,,,,,,,"14",,,,,,,,"CALHOUN COUNTY","0","0","0","0","0","0","0","0","0","0","0","0","0","0","0","0","0","0","0","0","0",16553,629,44,0,2,3,19,6,4,5,106,2,2,0,2199,6651,4411,21,41,2178
"G4800590","1980","A","3","7","Texas","48","0040","Callahan","059",,,,,,,,,,,,,"06",,,,,,,,"CALLAHAN COUNTY","0","0","1","0","0","0","0","0","0","0","0","1","0","0","1","0","0","0","0","0","0",10708,4,21,0,0,3,0,42,0,5,0,0,0,0,209,371,165,0,4,202
"G4800610","1980","A","3","7","Texas","48","1240","Cameron","061",,,,,,,,,,,,,"15",,,,,,,,"CAMERON COUNTY","0","0","0","0","0","0","0","0","0","0","0","0","0","0","0","0","0","0","0","0","0",161409,722,301,0,2,108,54,70,11,62,19,7,10,1,46951,161654,114921,131,204,46398
"G4800630","1980","A","3","7","Texas","48",,"Camp","063",,,,,,,,,,,,,"12",,,,,,,,"CAMP COUNTY","0","0","0","1","1","0","0","1","0","0","0","0","0","1","1","0","0","0","0","0","0",6834,2369,13,0,0,0,0,0,0,1,0,2,0,5,51,125,72,4,0,49
"G4800650","1980","A","3","7","Texas","48",,"Carson","065",,,,,,,,,,,,,"04",,,,,,,,"CARSON COUNTY","0","0","0","0","0","0","0","0","0","0","0","0","0","0","0","0","0","0","0","0","0",6510,20,47,0,0,0,1,1,0,15,1,0,0,0,77,264,192,0,3,69
"G4800670","1980","A","3","7","Texas","48",,"Cass","067",,,,,,,,,,,,,"12",,,,,,,,"CASS COUNTY","0","0","0","0","0","0","0","0","0","0","0","0","0","0","0","0","0","0","0","0","0",22795,6460,51,0,0,3,0,0,3,6,0,3,0,0,109,336,134,102,2,98
"G4800690","1980","A","3","7","Texas","48",,"Castro","069",,,,,,,,,,,,,"04",,,,,,,,"CASTRO COUNTY","0","0","0","0","1","0","0","1","0","0","0","0","0","1","1","0","0","0","0","0","1",7689,336,30,0,0,1,2,0,0,10,0,0,0,0,2488,4071,1577,4,19,2471
"G4800710","1980","A","3","7","Texas","48",,"Chambers","071",,,,,,,,,,,,,"14",,,,,,,,"CHAMBERS COUNTY","0","0","0","0","0","0","0","0","0","0","0","0","0","0","0","0","0","0","0","0","0",15504,2658,86,3,0,9,1,2,0,4,0,4,0,0,267,627,339,24,10,254
"G4800730","1980","A","3","7","Texas","48",,"Cherokee","073",,,,,,,,,,,,,"12",,,,,,,,"CHEROKEE COUNTY","0","0","0","0","0","0","0","0","0","0","0","0","0","0","0","0","0","0","0","0","0",29887,7039,64,0,1,15,23,44,7,30,8,3,1,0,1005,1294,304,60,12,918
"G4800750","1980","A","3","7","Texas","48",,"Childress","075",,,,,,,,,,,,,"06",,,,,,,,"CHILDRESS COUNTY","0","0","0","0","0","0","0","1","0","0","0","0","0","0","0","0","0","0","0","0","0",6372,364,17,0,0,0,0,1,1,12,0,0,0,3,180,683,500,5,1,177
"G4800770","1980","A","3","7","Texas","48","9080","Clay","077",,,,,,,,,,,,,"06",,,,,,,,"CLAY COUNTY","0","0","0","0","1","0","0","1","0","0","0","0","0","1","1","0","0","0","0","0","0",9439,67,34,0,0,1,0,0,0,3,0,0,0,0,38,83,47,1,0,35
"G4800790","1980","A","3","7","Texas","48",,"Cochran","079",,,,,,,,,,,,,"05",,,,,,,,"COCHRAN COUNTY","0","0","0","1","1","0","0","0","0","0","0","0","1","0","1","0","0","0","0","0","0",3307,281,4,0,0,0,0,0,0,2,0,0,0,0,1231,1679,462,0,0,1217
"G4800810","1980","A","3","7","Texas","48",,"Coke","081",,,,,,,,,,,,,"02",,,,,,,,"COKE COUNTY","0","0","0","0","1","0","0","0","0","0","0","0","1","1","0","0","0","0","0","0","0",2848,0,20,0,0,1,0,0,8,1,0,4,0,0,314,397,84,0,0,313
"G4800830","1980","A","3","7","Texas","48",,"Coleman","083",,,,,,,,,,,,,"06",,,,,,,,"COLEMAN COUNTY","0","0","0","0","0","0","0","0","0","0","0","0","0","0","0","0","0","0","0","0","0",9380,397,24,0,0,1,1,18,0,3,0,0,1,0,614,945,315,30,0,600
"G4800850","1980","A","3","7","Texas","48","1920","Collin","085",,,,,,,,,,,,,"C",,,,,,,,"COLLIN COUNTY","0","0","0","0","0","0","0","0","0","0","0","0","0","0","0","0","0","0","0","0","0",133760,6260,452,0,0,98,354,108,127,234,98,7,6,0,3072,7186,4319,70,42,2755
"G4800870","1980","A","3","7","Texas","48",,"Collingsworth","087",,,,,,,,,,,,,"06",,,,,,,,"COLLINGSWORTH COUNTY","0","0","0","0","1","0","0","0","0","0","0","0","0","1","1","0","0","0","0","0","0",3989,341,34,0,0,0,0,0,0,2,6,0,0,0,276,554,285,0,4,265
"G4800890","1980","A","3","7","Texas","48",,"Colorado","089",,,,,,,,,,,,,"14",,,,,,,,"COLORADO COUNTY","0","0","0","0","0","0","0","0","0","0","0","0","0","0","0","0","0","0","0","0","0",13978,3436,18,3,0,0,2,0,0,1,13,1,1,0,1370,2656,1256,41,11,1348
"G4800910","1980","A","3","7","Texas","48","7240","Comal","091",,,,,,,,,,,,,"02",,,,,,,,"COMAL COUNTY","0","0","0","0","0","0","0","1","0","0","0","0","0","0","0","0","0","0","0","0","1",33862,383,76,2,1,8,5,1,4,6,6,3,0,0,2089,8728,6679,10,21,2018
"G4800930","1980","A","3","7","Texas","48",,"Comanche","093",,,,,,,,,,,,,"07",,,,,,,,"COMANCHE COUNTY","0","0","1","0","1","0","0","0","0","0","0","1","0","0","1","0","0","0","0","0","0",11761,3,18,0,0,2,0,0,2,4,3,0,0,0,824,1343,541,0,6,796
"G4800950","1980","A","3","7","Texas","48",,"Concho","095",,,,,,,,,,,,,"02",,,,,,,,"CONCHO COUNTY","0","0","0","1","1","0","0","0","0","0","0","0","1","1","0","0","0","0","0","0","0",2411,0,3,0,0,0,0,0,0,2,0,0,0,0,499,806,319,0,0,487
"G4800970","1980","A","3","7","Texas","48",,"Cooke","097",,,,,,,,,,,,,"07",,,,,,,,"COOKE COUNTY","0","0","0","0","0","0","0","1","0","0","0","0","0","0","0","0","0","0","0","0","1",25846,1204,140,6,0,7,5,7,3,30,16,2,6,0,384,559,262,2,6,289
"G4800990","1980","A","3","7","Texas","48","3810","Coryell","099",,,,,,,,,,,,,"07",,,,,,,,"CORYELL COUNTY","0","0","0","0","0","0","0","0","0","0","0","0","0","0","0","0","0","0","0","0","0",41230,10774,337,3,2,145,35,165,603,16,81,93,86,37,3160,4663,1621,165,145,2732
"G4801010","1980","A","3","7","Texas","48",,"Cottle","101",,,,,,,,,,,,,"06",,,,,,,,"COTTLE COUNTY","0","0","0","1","1","0","0","1","0","0","0","0","1","1","0","0","0","0","0","0","1",2658,201,2,0,0,0,0,0,0,6,0,0,0,0,80,420,337,3,0,80
"G4801030","1980","A","3","7","Texas","48",,"Crane","103",,,,,,,,,,,,,"05",,,,,,,,"CRANE COUNTY","0","0","0","1","1","0","0","1","0","0","0","0","1","1","0","0","0","0","0","0","0",3934,128,7,0,0,0,0,0,0,9,3,0,0,0,519,1128,615,2,0,511
"G4801050","1980","A","3","7","Texas","48",,"Crockett","105",,,,,,,,,,,,,"06",,,,,,,,"CROCKETT COUNTY","0","0","0","0","1","0","0","1","0","0","0","0","1","1","0","0","0","0","0","0","1",3238,51,20,0,0,0,0,3,0,0,0,0,0,0,1296,2053,759,1,4,1289
"G4801070","1980","A","3","7","Texas","48",,"Crosby","107",,,,,,,,,,,,,"05",,,,,,,,"CROSBY COUNTY","0","0","0","1","1","0","0","1","0","0","0","0","1","1","0","0","0","0","0","0","1",6264,530,5,0,0,0,0,0,0,4,0,0,0,0,2056,3279,1249,5,0,2025
"G4801090","1980","A","3","7","Texas","48",,"Culberson","109",,,,,,,,,,,,,"01",,,,,,,,"CULBERSON COUNTY","0","0","0","1","1","0","0","0","0","0","0","0","1","1","0","0","0","0","0","0","0",2787,0,6,0,0,1,1,0,0,1,5,0,0,0,514,2101,1591,0,0,510
"G4801110","1980","A","3","7","Texas","48",,"Dallam","111",,,,,,,,,,,,,"04",,,,,,,,"DALLAM COUNTY","0","0","0","0","0","0","0","1","0","0","0","0","0","0","0","0","0","0","0","0","1",5853,165,43,0,0,0,0,0,2,26,0,0,0,0,442,1090,642,10,13,425
"G4801130","1980","A","3","7","Texas","48","1920","Dallas","113",,,,,,,,,,,,,"C",,,,,,,,"DALLAS COUNTY","0","0","0","0","0","0","0","0","0","0","0","0","0","0","0","0","0","0","0","0","0",1153892,287541,6386,64,37,1403,2904,1869,2161,3139,3155,249,107,47,93436,154561,64237,1754,1241,87329
"G4801150","1980","A","3","7","Texas","48",,"Dawson","115",,,,,,,,,,,,,"05",,,,,,,,"DAWSON COUNTY","0","0","0","1","0","0","0","1","0","0","0","0","0","0","0","0","0","0","0","0","1",13455,637,11,0,0,1,0,1,1,15,17,1,0,0,2045,6098,4055,12,6,2025
"G4801170","1980","A","3","7","Texas","48",,"Deaf Smith","117",,,,,,,,,,,,,"04",,,,,,,,"DEAF SMITH COUNTY","0","0","0","0","0","0","0","1","0","0","0","0","0","0","0","0","0","0","0","0","1",17741,395,35,0,1,2,1,8,0,22,1,1,2,0,2956,8607,5646,9,16,2936
"G4801190","1980","A","3","7","Texas","48",,"Delta","119",,,,,,,,,,,,,"08",,,,,,,,"DELTA COUNTY","0","0","0","0","1","0","0","1","0","0","0","0","1","1","1","0","0","0","0","0","1",4412,397,22,0,0,0,0,0,1,3,0,0,0,0,4,20,16,1,0,3
"G4801210","1980","A","3","7","Texas","48","1920","Denton","121",,,,,,,,,,,,,"O",,,,,,,,"DENTON COUNTY","0","0","0","0","0","0","0","0","0","0","0","0","0","0","0","0","0","0","0","0","0",131531,6173,577,7,2,134,384,117,264,376,206,22,1,3,3329,6402,3801,45,100,2456
"G4801230","1980","A","3","7","Texas","48",,"DeWitt","123",,,,,,,,,,,,,"11",,,,,,,,"DE WITT COUNTY","0","0","0","1","1","0","0","0","0","0","0","0","0","1","1","0","0","0","0","0","0",15250,2054,9,0,0,2,0,2,0,3,0,1,0,0,1582,4363,2783,29,2,1549
"G4801250","1980","A","3","7","Texas","48",,"Dickens","125",,,,,,,,,,,,,"06",,,,,,,,"DICKENS COUNTY","0","0","0","1","1","0","0","0","0","0","0","0","0","1","1","0","0","0","0","0","0",2985,163,2,0,0,0,0,2,0,1,0,0,0,0,386,587,214,0,0,373
"G4801270","1980","A","3","7","Texas","48",,"Dimmit","127",,,,,,,,,,,,,"03",,,,,,,,"DIMMIT COUNTY","0","0","0","0","1","0","0","1","0","0","0","0","0","1","1","0","0","0","0","0","1",9605,67,20,0,0,1,0,1,1,11,0,0,0,0,1661,8845,7189,5,11,1640
"G4801290","1980","A","3","7","Texas","48",,"Donley","129",,,,,,,,,,,,,"06",,,,,,,,"DONLEY COUNTY","0","0","0","1","1","0","0","1","0","0","0","0","1","0","1","0","0","0","0","0","1",3810,174,8,0,0,0,0,0,1,0,1,0,0,0,81,150,70,4,0,76
"G4801310","1980","A","3","7","Texas","48",,"Duval","131",,,,,,,,,,,,,"03",,,,,,,,"DUVAL COUNTY","0","0","1","1","1","0","0","1","0","0","0","0","0","0","0","0","0","0","0","0","0",11559,10,12,0,0,0,1,0,0,1,0,0,0,0,934,10735,9806,2,9,918
"G4801330","1980","A","3","7","Texas","48",,"Eastland","133",,,,,,,,,,,,,"07",,,,,,,,"EASTLAND COUNTY","0","0","0","0","0","0","0","1","0","0","0","0","0","0","0","0","0","0","0","0","1",18622,371,46,0,0,5,0,19,0,7,1,0,1,0,408,929,517,6,12,394
"G4801350","1980","A","3","7","Texas","48","5800","Ector","135",,,,,,,,,,,,,"05",,,,,,,,"ECTOR COUNTY","0","0","0","0","0","0","0","0","0","0","0","0","0","0","0","0","0","0","0","0","0",98726,5154,534,1,0,39,74,42,83,140,41,21,4,0,10515,24831,14364,127,148,10192
"G4801370","1980","A","3","7","Texas","48",,"Edwards","137",,,,,,,,,,,,,"16",,,,,,,,"EDWARDS COUNTY","0","0","1","1","1","0","0","1","0","0","0","1","1","0","0","0","0","0","0","0","0",1588,2,12,0,0,1,0,0,0,0,0,1,0,0,429,967,542,1,6,418
"G4801390","1980","A","3","7","Texas","48","1920","Ellis","139",,,,,,,,,,,,,"C",,,,,,,,"ELLIS COUNTY","0","0","0","0","0","0","0","0","0","0","0","0","0","0","0","0","0","0","0","0","0",48691,7433,132,1,1,9,1,19,8,10,9,6,6,5,3412,5774,2370,88,17,3299
"G4801410","1980","A","3","7","Texas","48","2320","El Paso","141",,,,,,,,,,,,,"A",,,,,,,,"EL PASO COUNTY","0","0","0","0","0","0","0","0","0","0","0","0","0","0","0","0","0","0","0","0","0",281031,18151,1484,22,9,837,536,671,1271,249,176,169,94,50,175149,297001,123189,561,682,172569
"G4801430","1980","A","3","7","Texas","48",,"Erath","143",,,,,,,,,,,,,"07",,,,,,,,"ERATH COUNTY","0","0","0","0","0","0","0","1","0","0","0","0","0","0","0","0","0","0","0","0","1",21675,181,30,1,2,7,19,11,3,19,1,2,8,0,601,920,416,5,2,497
"G4801450","1980","A","3","7","Texas","48",,"Falls","145",,,,,,,,,,,,,"08",,,,,,,,"FALLS COUNTY","0","0","0","0","0","0","0","0","0","0","0","0","0","0","0","0","0","0","0","0","0",11969,4883,26,0,0,3,0,5,4,5,0,4,0,0,1047,1690,606,53,11,1020
"G4801470","1980","A","3","7","Texas","48",,"Fannin","147",,,,,,,,,,,,,"08",,,,,,,,"FANNIN COUNTY","0","0","0","0","0","0","0","0","0","0","0","0","0","0","0","0","0","0","0","0","0",22220,1824,61,0,0,8,3,2,0,7,0,1,5,0,154,324,152,42,1,129
"G4801490","1980","A","3","7","Texas","48",,"Fayette","149",,,,,,,,,,,,,"10",,,,,,,,"FAYETTE COUNTY","0","0","0","0","1","0","0","1","0","0","0","0","0","0","0","0","0","0","0","0","1",16798,1687,26,0,0,1,0,4,0,5,0,2,0,0,309,968,660,5,9,294
"G4801510","1980","A","3","7","Texas","48",,"Fisher","151",,,,,,,,,,,,,"06",,,,,,,,"FISHER COUNTY","0","0","0","1","1","0","0","1","0","0","0","0","1","1","0","0","0","0","0","0","1",4975,246,10,0,0,0,0,3,0,3,0,0,0,0,654,1107,471,2,1,633
"G4801530","1980","A","3","7","Texas","48",,"Floyd","153",,,,,,,,,,,,,"04",,,,,,,,"FLOYD COUNTY","0","0","0","0","1","0","0","1","0","0","0","0","0","0","0","0","0","0","0","0","0",7389,401,23,0,0,0,0,0,4,7,0,0,0,1,2009,3333,1343,2,10,1978
"G4801550","1980","A","3","7","Texas","48",,"Foard","155",,,,,,,,,,,,,"06",,,,,,,,"FOARD COUNTY","0","0","0","1","1","0","0","0","0","0","0","0","1","1","0","0","0","0","0","0","0",1907,132,4,0,0,0,0,0,0,0,2,0,0,0,113,238,129,0,0,109
"G4801570","1980","A","3","7","Texas","48","3360","Fort Bend","157",,,,,,,,"42",,,,,"14",,,,,,,,"FORT BEND COUNTY","0","0","0","0","0","0","0","0","0","0","0","0","0","0","0","0","0","0","0","0","0",92729,20420,273,2,1,61,925,696,203,1320,489,23,7,1,13696,26656,13180,288,151,13037
"G4801590","1980","A","3","7","Texas","48",,"Franklin","159",,,,,,,,,,,,,"12",,,,,,,,"FRANKLIN COUNTY","0","0","0","0","1","0","0","0","0","0","0","0","0","0","0","0","0","0","0","0","0",6410,409,18,0,0,0,4,0,0,2,2,2,0,0,46,78,36,0,2,40
"G4801610","1980","A","3","7","Texas","48",,"Freestone","161",,,,,,,,,,,,,"09",,,,,,,,"FREESTONE COUNTY","0","0","0","0","0","0","0","1","0","0","0","0","1","0","1","0","0","0","0","0","0",11437,3198,22,0,0,2,0,16,0,8,6,3,0,0,138,301,151,11,7,132
"G4801630","1980","A","3","7","Texas","48",,"Frio","163",,,,,,,,,,,,,"11",,,,,,,,"FRIO COUNTY","0","0","0","0","0","0","0","1","0","0","0","0","0","0","0","0","0","0","0","0","1",11151,62,22,0,1,0,2,6,0,8,0,0,1,0,2532,9427,6874,14,24,2515
"G4801650","1980","A","3","7","Texas","48",,"Gaines","165",,,,,,,,,,,,,"05",,,,,,,,"GAINES COUNTY","0","0","0","0","0","0","0","0","0","0","0","0","0","1","1","0","0","0","0","0","0",11427,357,30,0,0,3,0,2,1,9,1,1,0,0,1319,4028,2703,23,0,1302
"G4801670","1980","A","3","7","Texas","48","2920","Galveston","167",,,,,,,,"42",,,,,"M",,,,,,,,"GALVESTON COUNTY","0","0","0","0","0","0","0","0","0","0","0","0","0","0","0","0","0","0","0","0","0",148261,36328,516,1,8,117,271,364,76,305,579,43,4,3,9064,23557,14363,433,168,8593
"G4801690","1980","A","3","7","Texas","48",,"Garza","169",,,,,,,,,,,,,"06",,,,,,,,"GARZA COUNTY","0","0","0","0","1","0","0","0","0","0","0","0","0","1","1","0","0","0","0","0","0",4111,326,22,0,0,0,6,5,0,2,0,0,0,0,864,1298,400,22,22,854
"G4801710","1980","A","3","7","Texas","48",,"Gillespie","171",,,,,,,,,,,,,"02",,,,,,,,"GILLESPIE COUNTY","0","0","0","0","1","0","0","0","0","0","0","0","0","1","1","0","0","0","0","0","0",13084,21,19,0,0,0,0,0,1,1,1,0,1,0,404,1359,964,0,2,393
"G4801730","1980","A","3","7","Texas","48",,"Glasscock","173",,,,,,,,,,,,,"16",,,,,,,,"GLASSCOCK COUNTY","0","0","1","1","1","0","0","0","0","0","0","1","1","0","0","0","0","0","0","0","0",1057,1,2,0,0,0,0,0,0,1,0,0,0,0,243,376,140,0,1,235
"G4801750","1980","A","3","7","Texas","48",,"Goliad","175",,,,,,,,,,,,,"11",,,,,,,,"GOLIAD COUNTY","0","0","0","1","1","0","0","1","0","0","0","0","1","1","0","0","0","0","0","0","0",3857,475,4,0,0,1,0,1,1,1,0,0,0,0,853,1849,993,13,0,843
"G4801770","1980","A","3","7","Texas","48",,"Gonzales","177",,,,,,,,,,,,,"10",,,,,,,,"GONZALES COUNTY","0","0","0","1","1","0","0","1","0","0","0","0","0","1","1","0","0","0","0","0","1",13416,1962,13,0,0,0,1,1,1,5,0,0,0,4,1480,4863,3372,12,13,1466
"G4801790","1980","A","3","7","Texas","48",,"Gray","179",,,,,,,,,,,,,"04",,,,,,,,"GRAY COUNTY","0","0","0","0","0","0","0","1","0","0","0","0","0","0","0","0","0","0","0","0","1",24700,992,150,4,1,1,15,22,9,25,14,0,0,0,453,1163,712,7,19,425
"G4801810","1980","A","3","7","Texas","48","7640","Grayson","181",,,,,,,,,,,,,"08",,,,,,,,"GRAYSON COUNTY","0","0","0","0","0","0","0","0","0","0","0","0","0","0","0","0","0","0","0","0","0",82078,6312,625,3,1,21,18,31,14,54,40,6,1,0,592,1349,813,26,24,486
"G4801830","1980","A","3","7","Texas","48","4420","Gregg","183",,,,,,,,,,,,,"12",,,,,,,,"GREGG COUNTY","0","0","0","0","0","0","0","0","0","0","0","0","0","0","0","0","0","0","0","0","0",79806,17807,354,1,1,26,84,45,29,58,127,19,1,1,1128,2011,784,178,18,1031
"G4801850","1980","A","3","7","Texas","48",,"Grimes","185",,,,,,,,,,,,,"10",,,,,,,,"GRIMES COUNTY","0","0","0","1","1","0","0","0","0","0","0","0","1","1","0","0","0","0","0","0","0",9327,3769,4,0,0,3,1,1,7,1,0,0,0,0,467,1232,765,26,0,441
"G4801870","1980","A","3","7","Texas","48","7240","Guadalupe","187",,,,,,,,,,,,,"10",,,,,,,,"GUADALUPE COUNTY","0","0","0","0","0","0","0","0","0","0","0","0","0","0","0","0","0","0","0","0","0",39614,3155,109,0,1,40,22,21,28,10,77,6,4,0,3621,11872,8330,61,52,3429
"G4801890","1980","A","3","7","Texas","48",,"Hale","189",,,,,,,,,,,,,"04",,,,,,,,"HALE COUNTY","0","0","0","0","0","0","0","0","0","0","0","0","0","0","0","0","0","0","0","0","0",28759,2046,91,0,1,5,12,4,6,27,39,3,0,0,6599,12683,6093,62,28,6500
"G4801910","1980","A","3","7","Texas","48",,"Hall","191",,,,,,,,,,,,,"06",,,,,,,,"HALL COUNTY","0","0","0","1","1","0","0","1","0","0","0","0","1","1","0","0","0","0","0","0","1",4783,507,7,0,0,0,2,0,1,0,0,1,0,0,293,842,539,9,3,291
"G4801930","1980","A","3","7","Texas","48",,"Hamilton","193",,,,,,,,,,,,,"07",,,,,,,,"HAMILTON COUNTY","0","0","0","1","0","0","0","0","0","0","0","0","1","1","0","0","0","0","0","0","0",8133,0,13,0,0,1,4,0,1,10,0,0,0,0,135,177,54,0,0,123
"G4801950","1980","A","3","7","Texas","48",,"Hansford","195",,,,,,,,,,,,,"04",,,,,,,,"HANSFORD COUNTY","0","0","1","0","0","0","0","0","0","0","0","0","0","0","0","0","0","0","0","0","0",5753,2,25,0,0,0,0,6,4,4,1,0,0,0,414,742,343,0,2,397
"G4801970","1980","A","3","7","Texas","48",,"Hardeman","197",,,,,,,,,,,,,"06",,,,,,,,"HARDEMAN COUNTY","0","0","0","0","1","0","0","0","0","0","0","0","0","1","1","0","0","0","0","0","0",5586,520,28,0,0,1,0,0,0,1,3,0,0,0,229,510,286,0,6,218
"G4801990","1980","A","3","7","Texas","48","0840","Hardin","199",,,,,,,,,,,,,"13",,,,,,,,"HARDIN COUNTY","0","0","0","0","0","0","0","0","0","0","0","0","0","0","0","0","0","0","0","0","0",36360,4138,40,0,0,6,1,7,2,12,1,5,1,1,147,572,407,41,4,120
"G4802010","1980","A","3","7","Texas","48","3360","Harris","201",,,,,,,,"42",,,,,"G",,,,,,,,"HARRIS COUNTY","0","0","0","0","0","0","0","0","0","0","0","0","0","0","0","0","0","0","0","0","0",1701711,473695,5205,63,78,2715,12048,4573,3476,9745,13216,386,124,72,182440,369077,192281,4405,2641,169750
"G4802030","1980","A","3","7","Texas","48","4420","Harrison","203",,,,,,,,,,,,,"12",,,,,,,,"HARRISON COUNTY","0","0","0","0","0","0","0","0","0","0","0","0","0","0","0","0","0","0","0","0","0",35271,16447,92,1,0,12,9,2,8,32,1,0,0,0,390,802,279,195,4,324
"G4802050","1980","A","3","7","Texas","48",,"Hartley","205",,,,,,,,,,,,,"04",,,,,,,,"HARTLEY COUNTY","0","0","0","1","1","0","0","0","0","0","0","1","1","1","0","0","0","0","0","0","0",3882,20,8,0,0,0,0,0,0,1,0,0,0,0,76,178,103,0,0,75
"G4802070","1980","A","3","7","Texas","48",,"Haskell","207",,,,,,,,,,,,,"06",,,,,,,,"HASKELL COUNTY","0","0","0","0","1","0","0","1","0","0","0","0","0","1","1","0","0","0","0","0","0",6528,345,17,0,0,1,1,0,0,8,2,0,0,0,823,1195,379,1,7,808
"G4802090","1980","A","3","7","Texas","48","0640","Hays","209",,,,,,,,,,,,,"02",,,,,,,,"HAYS COUNTY","0","0","0","0","0","0","0","0","0","0","0","0","0","0","0","0","0","0","0","0","0",34108,1102,79,1,0,26,42,7,9,21,6,10,2,0,5181,12386,7272,34,10,5070
"G4802110","1980","A","3","7","Texas","48",,"Hemphill","211",,,,,,,,,,,,,"04",,,,,,,,"HEMPHILL COUNTY","0","0","1","0","1","0","0","0","0","0","0","1","0","1","0","0","0","0","0","0","0",4956,8,26,0,0,0,3,2,0,0,1,0,0,0,308,545,240,0,2,303
"G4802130","1980","A","3","7","Texas","48",,"Henderson","213",,,,,,,,,,,,,"12",,,,,,,,"HENDERSON COUNTY","0","0","0","0","0","0","0","0","0","0","0","0","0","0","0","0","0","0","0","0","0",37515,4620,92,0,0,14,4,8,4,10,16,4,0,0,319,619,274,58,9,278
"G4802150","1980","A","3","7","Texas","48","4880","Hidalgo","215",,,,,,,,,,,,,"15",,,,,,,,"HIDALGO COUNTY","0","0","0","0","0","0","0","0","0","0","0","0","0","0","0","0","0","0","0","0","0",238621,544,256,4,11,93,51,81,45,117,5,22,5,0,43374,230212,186902,122,229,42959
"G4802170","1980","A","3","7","Texas","48",,"Hill","217",,,,,,,,,,,,,"08",,,,,,,,"HILL COUNTY","0","0","0","0","0","0","0","0","0","0","0","0","0","0","0","0","0","0","0","0","0",21501,2551,45,0,0,2,10,17,2,8,1,1,0,0,886,1414,502,54,3,855
"G4802190","1980","A","3","7","Texas","48",,"Hockley","219",,,,,,,,,,,,,"05",,,,,,,,"HOCKLEY COUNTY","0","0","0","0","1","0","0","0","0","0","0","0","0","1","1","0","0","0","0","0","1",19488,929,71,0,1,1,1,1,0,4,0,0,5,0,2729,6279,3571,17,22,2669
"G4802210","1980","A","3","7","Texas","48","1920","Hood","221",,,,,,,,,,,,,"07",,,,,,,,"HOOD COUNTY","0","0","0","0","0","0","0","0","0","0","0","0","0","0","0","0","0","0","0","0","0",17426,18,60,1,0,5,1,4,17,4,2,2,0,1,173,475,312,0,4,159
"G4802230","1980","A","3","7","Texas","48",,"Hopkins","223",,,,,,,,,,,,,"12",,,,,,,,"HOPKINS COUNTY","0","0","0","0","0","0","0","1","0","0","0","0","0","0","0","0","0","0","0","0","1",22407,2552,35,0,1,1,0,4,3,8,11,0,0,1,224,397,161,14,15,207
"G4802250","1980","A","3","7","Texas","48",,"Houston","225",,,,,,,,,,,,,"12",,,,,,,,"HOUSTON COUNTY","0","0","0","0","0","0","0","0","0","0","0","0","0","0","0","0","0","0","0","0","0",14411,7213,36,0,0,2,4,1,2,10,0,5,0,0,615,809,134,62,1,612
"G4802270","1980","A","3","7","Texas","48",,"Howard","227",,,,,,,,,,,,,"05",,,,,,,,"HOWARD COUNTY","0","0","0","0","0","0","0","0","0","0","0","0","0","0","0","0","0","0","0","0","0",26965,1330,120,0,0,7,1,44,17,57,33,0,5,0,4563,6977,2446,25,27,4479
"G4802290","1980","A","3","7","Texas","48",,"Hudspeth","229",,,,,,,,,,,,,"01",,,,,,,,"HUDSPETH COUNTY","0","0","1","1","1","0","0","1","0","0","0","1","0","1","0","0","0","0","0","0","0",2491,11,12,0,0,0,3,0,0,0,0,1,0,0,210,1589,1377,3,4,205
"G4802310","1980","A","3","7","Texas","48",,"Hunt","231",,,,,,,,,,,,,"08",,,,,,,,"HUNT COUNTY","0","0","0","0","0","0","0","0","0","0","0","0","0","0","0","0","0","0","0","0","0",47105,7006,173,0,1,12,65,16,16,30,6,3,4,0,811,1321,554,88,27,652
"G4802330","1980","A","3","7","Texas","48",,"Hutchinson","233",,,,,,,,,,,,,"04",,,,,,,,"HUTCHINSON COUNTY","0","0","0","0","0","0","0","1","0","0","0","0","0","0","0","0","0","0","0","0","0",24842,687,219,0,0,9,3,35,13,11,14,1,0,0,470,1262,814,1,4,443
"G4802350","1980","A","3","7","Texas","48",,"Irion","235",,,,,,,,,,,,,"16",,,,,,,,"IRION COUNTY","0","0","0","1","0","0","0","0","0","0","0","0","1","0","1","0","0","0","0","0","0",1303,0,2,0,0,0,0,0,0,0,0,0,0,0,81,257,176,0,0,81
"G4802370","1980","A","3","7","Texas","48",,"Jack","237",,,,,,,,,,,,,"07",,,,,,,,"JACK COUNTY","0","0","0","0","1","0","0","0","0","0","0","0","0","1","1","0","0","0","0","0","0",7214,71,33,0,0,0,0,1,0,11,0,0,0,1,77,97,30,0,0,67
"G4802390","1980","A","3","7","Texas","48",,"Jackson","239",,,,,,,,,,,,,"14",,,,,,,,"JACKSON COUNTY","0","0","0","1","1","0","0","0","0","0","0","0","1","0","1","0","0","0","0","0","1",11028,1376,9,2,0,0,0,0,4,1,0,1,0,0,931,2494,1566,19,0,909
"G4802410","1980","A","3","7","Texas","48",,"Jasper","241",,,,,,,,,,,,,"13",,,,,,,,"JASPER COUNTY","0","0","0","0","0","0","0","0","0","0","0","0","0","0","0","0","0","0","0","0","0",24641,5942,30,0,0,3,6,8,0,0,1,1,3,0,146,382,217,38,2,125
"G4802430","1980","A","3","7","Texas","48",,"Jeff Davis","243",,,,,,,,,,,,,"01",,,,,,,,"JEFF DAVIS COUNTY","0","0","1","1","1","0","0","1","0","0","0","0","1","0","1","0","0","0","0","0","0",1496,2,3,0,0,0,0,0,1,0,0,0,0,0,145,777,630,1,2,144
"G4802450","1980","A","3","7","Texas","48","0840","Jefferson","245",,,,,,,,,,,,,"H",,,,,,,,"JEFFERSON COUNTY","0","0","0","0","0","0","0","0","0","0","0","0","0","0","0","0","0","0","0","0","0",173821,70810,446,3,0,56,178,198,68,197,1917,32,1,5,3206,10279,6836,667,212,2564
"G4802470","1980","A","3","7","Texas","48",,"Jim Hogg","247",,,,,,,,,,,,,"03",,,,,,,,"JIM HOGG COUNTY","0","0","0","0","1","0","0","0","0","0","0","0","0","0","0","0","0","0","0","0","0",4785,0,0,0,0,0,0,0,1,0,0,0,0,0,382,4679,4299,0,1,379
"G4802490","1980","A","3","7","Texas","48",,"Jim Wells","249",,,,,,,,,,,,,"11",,,,,,,,"JIM WELLS COUNTY","0","0","0","0","0","0","0","0","0","0","0","0","0","0","0","0","0","0","0","0","0",32408,214,37,1,0,0,2,23,6,6,1,2,1,0,3797,24519,20724,20,24,3751
"G4802510","1980","A","3","7","Texas","48","1920","Johnson","251",,,,,,,,,,,,,"B",,,,,,,,"JOHNSON COUNTY","0","0","0","0","0","0","0","1","0","0","0","0","0","0","0","0","0","0","0","0","1",64201,1923,128,0,1,17,13,68,20,10,2,3,0,0,1263,2771,1561,13,33,1164
"G4802530","1980","A","3","7","Texas","48","0040","Jones","253",,,,,,,,,,,,,"P",,,,,,,,"JONES COUNTY","0","0","0","0","0","0","0","1","0","0","0","0","0","0","0","0","0","0","0","0","0",14687,758,41,0,0,6,8,0,1,26,16,1,0,0,1724,2532,822,2,10,1698
"G4802550","1980","A","3","7","Texas","48",,"Karnes","255",,,,,,,,,,,,,"11",,,,,,,,"KARNES COUNTY","0","0","0","1","0","0","0","1","0","0","0","0","1","1","0","0","0","0","0","0","1",11108,387,9,0,0,2,1,0,0,13,0,0,0,0,2073,5844,3836,5,12,1991
"G4802570","1980","A","3","7","Texas","48","1920","Kaufman","257",,,,,,,,,,,,,"08",,,,,,,,"KAUFMAN COUNTY","0","0","0","0","0","0","0","0","0","0","0","0","0","0","0","0","0","0","0","0","0",30577,7393,66,0,0,12,13,18,4,27,10,1,1,0,893,1654,717,79,10,848
"G4802590","1980","A","3","7","Texas","48",,"Kendall","259",,,,,,,,,,,,,"02",,,,,,,,"KENDALL COUNTY","0","0","0","0","0","0","0","0","0","0","0","0","0","0","0","0","0","0","0","0","0",9954,24,26,0,0,11,1,3,0,2,3,0,0,0,611,1406,823,0,1,582
"G4802610","1980","A","3","7","Texas","48",,"Kenedy","261",,,,,,,,,,,,,"03",,,,,,,,"KENEDY COUNTY","0","0","0","1","0","0","0","0","0","0","0","0","1","0","1","0","0","0","0","0","0",489,0,4,0,0,0,0,0,0,0,0,0,0,0,50,450,397,0,4,49
"G4802630","1980","A","3","7","Texas","48",,"Kent","263",,,,,,,,,,,,,"06",,,,,,,,"KENT COUNTY","0","0","1","0","1","0","0","0","0","0","0","0","0","1","1","0","0","0","0","0","0",1095,13,0,0,0,0,0,0,0,1,0,0,0,0,36,89,54,0,0,35
"G4802650","1980","A","3","7","Texas","48",,"Kerr","265",,,,,,,,,,,,,"02",,,,,,,,"KERR COUNTY","0","0","0","0","0","0","0","0","0","0","0","0","0","0","0","0","0","0","0","0","0",26441,757,61,0,1,10,25,12,7,8,1,2,0,1,1454,3878,2448,16,15,1399
"G4802670","1980","A","3","7","Texas","48",,"Kimble","267",,,,,,,,,,,,,"16",,,,,,,,"KIMBLE COUNTY","0","0","1","1","1","0","0","0","0","0","0","0","1","0","1","0","0","0","0","0","0",3700,2,2,0,0,1,0,0,0,0,0,0,0,0,358,707,350,0,0,357
"G4802690","1980","A","3","7","Texas","48",,"King","269",,,,,,,,,,,,,"06",,,,,,,,"KING COUNTY","0","0","1","1","0","0","1","0","0","0","0","1","1","0","0","0","0","0","0","1","0",382,11,1,0,0,0,0,0,0,0,0,0,0,0,31,41,10,0,0,31
"G4802710","1980","A","3","7","Texas","48",,"Kinney","271",,,,,,,,,,,,,"16",,,,,,,,"KINNEY COUNTY","0","0","0","1","1","0","0","1","0","0","0","0","1","1","0","0","0","0","0","0","1",1765,90,12,0,0,0,0,0,0,0,3,0,0,0,409,1310,889,9,6,406
"G4802730","1980","A","3","7","Texas","48",,"Kleberg","273",,,,,,,,,,,,,"03",,,,,,,,"KLEBERG COUNTY","0","0","0","0","0","0","0","0","0","0","0","0","0","0","0","0","0","0","0","0","0",27617,1291,70,2,1,36,167,212,16,22,5,4,3,4,3908,17408,13741,31,53,3583
"G4802750","1980","A","3","7","Texas","48",,"Knox","275",,,,,,,,,,,,,"06",,,,,,,,"KNOX COUNTY","0","0","0","1","1","0","0","1","0","0","0","0","1","1","0","0","0","0","0","0","0",4204,385,6,0,0,0,0,0,0,3,0,0,1,0,730,943,227,1,2,713
"G4802770","1980","A","3","7","Texas","48",,"Lamar","277",,,,,,,,,,,,,"08",,,,,,,,"LAMAR COUNTY","0","0","0","0","0","0","0","0","0","0","0","0","0","0","0","0","0","0","0","0","0",35386,6291,215,0,0,28,9,11,13,13,11,7,1,0,171,379,215,65,12,87
"G4802790","1980","A","3","7","Texas","48",,"Lamb","279",,,,,,,,,,,,,"05",,,,,,,,"LAMB COUNTY","0","0","0","0","0","0","0","1","0","0","0","0","0","0","0","0","0","0","0","0","1",14131,1145,54,0,0,6,0,0,2,4,4,0,0,2,3321,5673,2342,12,37,3282
"G4802810","1980","A","3","7","Texas","48",,"Lampasas","281",,,,,,,,,,,,,"07",,,,,,,,"LAMPASAS COUNTY","0","0","0","0","0","0","0","1","0","0","0","0","0","0","0","0","0","0","0","0","1",11037,166,27,2,0,11,9,3,42,6,14,8,8,0,672,1284,624,8,9,643
"G4802830","1980","A","3","7","Texas","48",,"La Salle","283",,,,,,,,,,,,,"03",,,,,,,,"LA SALLE COUNTY","0","0","1","1","1","0","0","0","0","0","0","1","1","1","0","0","0","0","0","0","0",4477,4,4,0,0,0,0,5,0,0,1,0,0,0,1023,4064,3046,0,0,1018
"G4802850","1980","A","3","7","Texas","48",,"Lavaca","285",,,,,,,,,,,,,"10",,,,,,,,"LAVACA COUNTY","0","0","0","0","0","0","0","1","0","0","0","0","0","0","0","0","0","0","0","0","1",16832,1447,33,0,0,1,0,9,2,18,3,1,0,0,658,1316,676,13,20,607
"G4802870","1980","A","3","7","Texas","48",,"Lee","287",,,,,,,,,,,,,"09",,,,,,,,"LEE COUNTY","0","0","0","0","0","0","0","1","0","0","0","0","1","0","1","0","0","0","0","0","1",8829,1764,26,0,0,2,6,3,0,7,0,2,0,0,313,659,347,7,4,301
"G4802890","1980","A","3","7","Texas","48",,"Leon","289",,,,,,,,,,,,,"09",,,,,,,,"LEON COUNTY","0","0","0","1","1","0","0","0","0","0","0","0","1","0","1","0","0","0","0","0","0",7629,1907,6,1,0,2,0,0,2,2,0,0,0,0,45,174,86,44,1,43
"G4802910","1980","A","3","7","Texas","48","3360","Liberty","291",,,,,,,,"42",,,,,"14",,,,,,,,"LIBERTY COUNTY","0","0","0","0","0","0","0","0","0","0","0","0","0","0","0","0","0","0","0","0","0",39737,6751,109,1,3,11,6,13,6,19,0,1,0,1,430,1053,620,71,6,356
"G4802930","1980","A","3","7","Texas","48",,"Limestone","293",,,,,,,,,,,,,"08",,,,,,,,"LIMESTONE COUNTY","0","0","0","0","0","0","0","0","0","0","0","0","0","0","0","0","0","0","0","0","0",15062,4699,28,0,0,0,1,5,4,25,0,2,0,0,398,696,272,30,0,394
"G4802950","1980","A","3","7","Texas","48",,"Lipscomb","295",,,,,,,,,,,,,"04",,,,,,,,"LIPSCOMB COUNTY","0","0","1","0","1","0","0","0","0","0","0","1","0","1","0","0","0","0","0","0","0",3634,1,24,0,0,1,0,1,1,6,0,0,0,0,98,275,184,0,5,86
"G4802970","1980","A","3","7","Texas","48",,"Live Oak","297",,,,,,,,,,,,,"11",,,,,,,,"LIVE OAK COUNTY","0","0","1","0","1","0","0","1","0","0","0","1","0","1","0","0","0","0","0","0","0",9055,5,20,0,0,0,0,0,6,6,0,0,0,0,514,3077,2573,1,3,500
"G4802990","1980","A","3","7","Texas","48",,"Llano","299",,,,,,,,,,,,,"02",,,,,,,,"LLANO COUNTY","0","0","0","0","0","0","0","0","0","0","0","0","0","0","0","0","0","0","0","0","0",9911,39,38,0,0,5,0,3,1,5,0,2,0,0,140,265,130,0,0,135
"G4803010","1980","A","3","7","Texas","48",,"Loving","301",,,,,,,,,,,,,"01",,,,,,,,"LOVING COUNTY","0","1","0","0","0","0","1","0","0","0","1","0","0","0","1","0","0","0","0","1","0",80,0,0,0,0,0,0,0,0,0,0,0,0,0,11,16,5,0,0,11
"G4803030","1980","A","3","7","Texas","48","4600","Lubbock","303",,,,,,,,,,,,,"L",,,,,,,,"LUBBOCK COUNTY","0","0","0","0","0","0","0","0","0","0","0","0","0","0","0","0","0","0","0","0","0",172229,15780,528,9,9,123,470,198,207,368,245,17,12,6,21450,41428,20375,222,147,20684
"G4803050","1980","A","3","7","Texas","48",,"Lynn","305",,,,,,,,,,,,,"05",,,,,,,,"LYNN COUNTY","0","0","0","0","1","0","0","1","0","0","0","0","1","0","1","0","0","0","0","0","1",6561,301,20,0,0,0,0,1,2,1,0,0,0,0,1719,3264,1557,2,1,1704
"G4803070","1980","A","3","7","Texas","48",,"McCulloch","307",,,,,,,,,,,,,"02",,,,,,,,"MCCULLOCH COUNTY","0","0","0","0","0","0","0","1","0","0","0","0","0","0","0","0","0","0","0","0","1",7609,219,16,0,0,2,10,0,2,3,0,0,0,0,874,1666,808,9,5,844
"G4803090","1980","A","3","7","Texas","48","8800","McLennan","309",,,,,,,,,,,,,"D",,,,,,,,"MCLENNAN COUNTY","0","0","0","0","0","0","0","0","0","0","0","0","0","0","0","0","0","0","0","0","0",134911,27254,299,4,2,65,101,48,93,124,102,15,3,1,7733,14988,7326,186,53,7423
"G4803110","1980","A","3","7","Texas","48",,"McMullen","311",,,,,,,,,,,,,"03",,,,,,,,"MCMULLEN COUNTY","0","0","1","0","0","0","0","1","0","0","1","0","0","0","1","0","0","0","0","1","0",779,1,0,0,0,0,0,0,0,0,0,0,0,0,9,272,262,1,0,9
"G4803130","1980","A","3","7","Texas","48",,"Madison","313",,,,,,,,,,,,,"09",,,,,,,,"MADISON COUNTY","0","0","0","0","0","0","0","0","0","0","0","0","1","0","1","0","0","0","0","0","0",7349,2639,29,0,1,2,2,9,2,11,0,1,0,0,604,802,181,31,0,590
"G4803150","1980","A","3","7","Texas","48",,"Marion","315",,,,,,,,,,,,,"12",,,,,,,,"MARION COUNTY","0","0","0","0","1","0","0","0","0","0","0","0","0","1","1","0","0","0","0","1","0",6699,3597,28,0,0,2,0,2,0,1,0,4,0,0,27,99,24,53,4,18
"G4803170","1980","A","3","7","Texas","48",,"Martin","317",,,,,,,,,,,,,"05",,,,,,,,"MARTIN COUNTY","0","0","0","1","1","0","0","1","0","0","0","0","1","0","1","0","0","0","0","0","1",3642,118,6,0,0,0,0,0,1,0,0,0,0,0,917,1620,702,3,0,915
"G4803190","1980","A","3","7","Texas","48",,"Mason","319",,,,,,,,,,,,,"02",,,,,,,,"MASON COUNTY","0","0","1","1","1","0","0","0","0","0","0","1","1","1","0","0","0","0","0","0","0",3296,11,2,0,0,0,0,0,0,3,0,0,0,0,371,598,227,0,3,368
"G4803210","1980","A","3","7","Texas","48",,"Matagorda","321",,,,,,,,,,,,,"14",,,,,,,,"MATAGORDA COUNTY","0","0","0","0","0","0","0","0","0","0","0","0","0","0","0","0","0","0","0","0","0",28002,5507,63,0,0,8,17,15,15,94,308,5,2,2,3790,7965,4218,72,10,3665
"G4803230","1980","A","3","7","Texas","48",,"Maverick","323",,,,,,,,,,,,,"03",,,,,,,,"MAVERICK COUNTY","0","0","1","0","0","0","0","1","0","0","0","1","0","0","1","0","0","0","0","0","1",24459,11,737,0,2,8,9,7,0,8,1,0,1,0,6155,28366,22184,7,41,6134
"G4803250","1980","A","3","7","Texas","48",,"Medina","325",,,,,,,,,,,,,"02",,,,,,,,"MEDINA COUNTY","0","0","0","0","0","0","0","0","0","0","0","0","0","0","0","0","0","0","0","0","0",20847,99,61,0,0,1,2,4,0,6,0,0,20,0,2124,10042,7951,23,20,2048
"G4803270","1980","A","3","7","Texas","48",,"Menard","327",,,,,,,,,,,,,"16",,,,,,,,"MENARD COUNTY","0","0","1","1","1","0","0","0","0","0","0","1","0","1","0","0","0","0","0","0","0",2070,5,7,0,0,0,0,0,0,0,0,1,0,0,263,672,409,0,3,260
"G4803290","1980","A","3","7","Texas","48","5040","Midland","329",,,,,,,,,,,,,"05",,,,,,,,"MIDLAND COUNTY","0","0","0","0","0","0","0","0","0","0","0","0","0","0","0","0","0","0","0","0","0",68462,7119,207,3,1,17,79,25,27,54,62,8,0,0,6572,12323,5812,119,22,6370
"G4803310","1980","A","3","7","Texas","48",,"Milam","331",,,,,,,,,,,,,"08",,,,,,,,"MILAM COUNTY","0","0","0","0","0","0","0","1","0","0","0","0","0","1","1","0","0","0","0","0","1",18146,3061,28,0,0,7,0,1,3,10,2,2,0,0,1472,2390,936,14,9,1431
"G4803330","1980","A","3","7","Texas","48",,"Mills","333",,,,,,,,,,,,,"07",,,,,,,,"MILLS COUNTY","0","0","1","1","0","0","0","0","0","0","0","0","1","0","1","0","0","0","0","0","0",4222,5,9,0,0,0,0,0,0,18,0,0,0,0,223,326,110,0,2,214
"G4803350","1980","A","3","7","Texas","48",,"Mitchell","335",,,,,,,,,,,,,"06",,,,,,,,"MITCHELL COUNTY","0","0","0","0","1","0","0","1","0","0","0","0","0","1","1","0","0","0","0","0","0",7259,471,15,0,0,2,0,6,0,0,0,0,0,0,1335,2285,960,1,1,1323
"G4803370","1980","A","3","7","Texas","48",,"Montague","337",,,,,,,,,,,,,"07",,,,,,,,"MONTAGUE COUNTY","0","0","1","0","1","0","0","0","0","0","0","0","0","1","1","0","0","0","0","0","0",17169,2,68,0,0,1,1,0,1,7,0,0,0,0,161,239,83,0,2,154
"G4803390","1980","A","3","7","Texas","48","3360","Montgomery","339",,,,,,,,"42",,,,,"13",,,,,,,,"MONTGOMERY COUNTY","0","0","0","0","0","0","0","0","0","0","0","0","0","0","0","0","0","0","0","0","0",120271,6167,262,0,0,51,92,37,19,68,71,15,4,1,1429,4289,2981,50,26,1232
"G4803410","1980","A","3","7","Texas","48",,"Moore","341",,,,,,,,,,,,,"04",,,,,,,,"MOORE COUNTY","0","0","0","0","0","0","0","0","0","0","0","0","0","0","0","0","0","0","0","0","0",15288,37,87,0,0,0,9,10,0,20,143,0,0,0,981,3253,2398,0,4,851
"G4803430","1980","A","3","7","Texas","48",,"Morris","343",,,,,,,,,,,,,"12",,,,,,,,"MORRIS COUNTY","0","0","0","0","0","0","0","0","0","0","0","0","0","1","1","0","0","0","0","0","0",11247,3189,49,4,1,4,0,0,4,1,3,5,0,1,121,247,93,46,0,108
"G4803450","1980","A","3","7","Texas","48",,"Motley","345",,,,,,,,,,,,,"06",,,,,,,,"MOTLEY COUNTY","0","0","0","1","1","0","0","0","0","0","0","0","1","1","0","0","0","0","0","0","0",1769,99,3,0,0,0,0,0,0,1,0,0,0,0,78,154,76,0,1,77
"G4803470","1980","A","3","7","Texas","48",,"Nacogdoches","347",,,,,,,,,,,,,"12",,,,,,,,"NACOGDOCHES COUNTY","0","0","0","0","0","0","0","0","0","0","0","0","0","0","0","0","0","0","0","0","0",37976,8024,81,1,3,25,39,40,15,24,35,6,1,0,516,1320,758,104,14,444
"G4803490","1980","A","3","7","Texas","48",,"Navarro","349",,,,,,,,,,,,,"08",,,,,,,,"NAVARRO COUNTY","0","0","0","0","0","0","0","0","0","0","0","0","0","0","0","0","0","0","0","0","0",27021,7117,63,0,0,5,3,9,1,20,15,1,1,7,1060,1462,436,38,4,984
"G4803510","1980","A","3","7","Texas","48",,"Newton","351",,,,,,,,,,,,,"13",,,,,,,,"NEWTON COUNTY","0","0","0","1","1","0","0","0","0","0","0","0","1","1","0","0","0","0","0","0","0",10030,3197,6,0,0,5,0,0,0,2,0,1,0,0,13,109,56,45,1,7
"G4803530","1980","A","3","7","Texas","48",,"Nolan","353",,,,,,,,,,,,,"06",,,,,,,,"NOLAN COUNTY","0","0","0","0","0","0","0","1","0","0","0","0","0","1","1","0","0","0","0","0","1",14676,810,22,0,0,1,0,11,1,1,7,1,0,0,1829,3394,1587,7,0,1800
"G4803550","1980","A","3","7","Texas","48","1880","Nueces","355",,,,,,,,,,,,,"N",,,,,,,,"NUECES COUNTY","0","0","0","0","0","0","0","0","0","0","0","0","0","0","0","0","0","0","0","0","0",218355,12338,719,6,9,119,141,636,92,192,98,24,13,3,35470,131247,96012,307,357,34571
"G4803570","1980","A","3","7","Texas","48",,"Ochiltree","357",,,,,,,,,,,,,"04",,,,,,,,"OCHILTREE COUNTY","0","0","1","0","0","0","0","0","0","0","0","0","0","1","1","0","0","0","0","0","0",9201,2,102,0,0,6,0,0,1,6,2,0,0,0,268,897,631,0,4,262
"G4803590","1980","A","3","7","Texas","48",,"Oldham","359",,,,,,,,,,,,,"04",,,,,,,,"OLDHAM COUNTY","0","0","1","1","1","0","0","1","0","0","0","0","1","1","0","0","0","0","0","0","0",2218,13,13,0,0,0,0,0,1,10,0,1,0,0,27,117,90,1,0,26
"G4803610","1980","A","3","7","Texas","48","0840","Orange","361",,,,,,,,,,,,,"H",,,,,,,,"ORANGE COUNTY","0","0","0","0","0","0","0","0","0","0","0","0","0","0","0","0","0","0","0","0","0",75881,6860,195,0,0,38,32,16,46,36,262,6,4,2,460,1762,1286,54,35,387
"G4803630","1980","A","3","7","Texas","48",,"Palo Pinto","363",,,,,,,,,,,,,"07",,,,,,,,"PALO PINTO COUNTY","0","0","0","0","0","0","0","0","0","0","0","0","0","0","0","0","0","0","0","0","1",22058,827,67,0,0,10,46,12,4,29,8,0,0,1,1000,1363,457,16,12,878
"G4803650","1980","A","3","7","Texas","48",,"Panola","365",,,,,,,,,,,,,"12",,,,,,,,"PANOLA COUNTY","0","0","0","0","0","0","0","0","0","0","0","0","0","0","0","0","0","0","0","0","0",16383,4125,22,0,0,2,0,8,7,1,1,0,0,0,175,343,110,81,2,150
"G4803670","1980","A","3","7","Texas","48","1920","Parker","367",,,,,,,,,,,,,"07",,,,,,,,"PARKER COUNTY","0","0","0","0","0","0","0","1","0","0","0","0","0","0","0","0","0","0","0","0","1",43006,393,152,2,0,21,5,15,22,39,9,2,0,0,943,1355,480,3,4,868
"G4803690","1980","A","3","7","Texas","48",,"Parmer","369",,,,,,,,,,,,,"04",,,,,,,,"PARMER COUNTY","0","0","0","0","1","0","0","1","0","0","0","0","0","1","1","0","0","0","0","0","1",9086,203,17,0,0,1,1,0,0,1,0,0,1,0,1728,3606,1864,9,10,1723
"G4803710","1980","A","3","7","Texas","48",,"Pecos","371",,,,,,,,,,,,,"01",,,,,,,,"PECOS COUNTY","0","0","0","0","0","0","0","1","0","0","0","0","0","0","0","0","0","0","0","0","1",11797,68,25,0,0,1,19,4,0,9,1,1,0,0,2693,7099,4411,1,12,2675
"G4803730","1980","A","3","7","Texas","48",,"Polk","373",,,,,,,,,,,,,"13",,,,,,,,"POLK COUNTY","0","0","0","0","1","0","0","0","0","0","0","0","0","1","1","0","0","0","0","0","0",19429,3861,603,0,0,3,0,1,0,4,1,1,0,0,504,903,359,45,27,472
"G4803750","1980","A","3","7","Texas","48","0320","Potter","375",,,,,,,,,,,,,"J",,,,,,,,"POTTER COUNTY","0","0","0","0","0","0","0","0","0","0","0","0","0","0","0","0","0","0","0","0","0",83085,7895,538,2,2,38,54,25,40,167,928,7,2,0,5854,11538,6429,71,80,4958
"G4803770","1980","A","3","7","Texas","48",,"Presidio","377",,,,,,,,,,,,,"01",,,,,,,,"PRESIDIO COUNTY","0","0","1","1","1","0","0","0","0","0","0","1","1","0","0","0","0","0","0","0","0",4074,1,8,0,0,0,0,0,1,0,0,0,0,0,1104,3989,2886,0,1,1102
"G4803790","1980","A","3","7","Texas","48",,"Rains","379",,,,,,,,,,,,,"12",,,,,,,,"RAINS COUNTY","0","0","0","0","1","0","0","1","0","0","0","0","0","1","1","0","0","0","0","0","0",4529,270,19,0,0,0,0,0,0,1,0,0,0,0,20,58,38,2,0,18
"G4803810","1980","A","3","7","Texas","48","0320","Randall","381",,,,,,,,,,,,,"J",,,,,,,,"RANDALL COUNTY","0","0","0","0","0","0","0","0","0","0","0","0","0","0","0","0","0","0","0","0","1",72338,634,205,1,1,30,110,49,14,46,66,3,13,1,1551,3359,1919,15,46,1379
"G4803830","1980","A","3","7","Texas","48",,"Reagan","383",,,,,,,,,,,,,"16",,,,,,,,"REAGAN COUNTY","0","0","0","0","1","0","0","1","0","0","0","0","0","0","0","0","0","0","0","0","1",3267,163,17,1,0,0,0,1,0,1,0,0,0,0,685,1301,614,10,1,676
"G4803850","1980","A","3","7","Texas","48",,"Real","385",,,,,,,,,,,,,"16",,,,,,,,"REAL COUNTY","0","0","1","1","1","0","0","0","0","0","0","0","1","0","1","0","0","0","0","0","0",2334,1,12,0,1,0,0,0,0,1,0,0,0,0,120,552,433,0,1,118
"G4803870","1980","A","3","7","Texas","48",,"Red River","387",,,,,,,,,,,,,"12",,,,,,,,"RED RIVER COUNTY","0","0","0","0","0","0","0","0","0","0","0","0","0","0","0","0","0","0","0","0","0",12654,3263,72,0,0,1,0,0,1,10,0,5,0,0,95,280,149,42,1,88
"G4803890","1980","A","3","7","Texas","48",,"Reeves","389",,,,,,,,,,,,,"01",,,,,,,,"REEVES COUNTY","0","0","0","0","0","0","0","0","0","0","0","0","0","0","0","0","0","0","0","0","0",10149,375,23,0,0,0,9,4,4,16,0,0,0,0,5221,9790,4588,17,6,5179
"G4803910","1980","A","3","7","Texas","48",,"Refugio","391",,,,,,,,,,,,,"11",,,,,,,,"REFUGIO COUNTY","0","0","0","1","1","0","0","1","0","0","0","0","1","1","0","0","0","0","0","0","0",7648,777,6,1,0,2,0,3,0,2,0,0,0,0,850,3556,2696,14,4,842
"G4803930","1980","A","3","7","Texas","48",,"Roberts","393",,,,,,,,,,,,,"04",,,,,,,,"ROBERTS COUNTY","0","0","0","1","1","0","1","0","0","0","0","0","1","0","1","0","0","0","0","1","0",1171,0,3,0,0,1,0,0,0,1,0,0,0,0,11,26,15,0,0,11
"G4803950","1980","A","3","7","Texas","48",,"Robertson","395",,,,,,,,,,,,,"09",,,,,,,,"ROBERTSON COUNTY","0","0","0","1","1","0","0","0","0","0","0","0","1","0","1","0","0","0","0","0","0",9112,4699,12,0,0,1,0,2,1,3,0,6,0,0,817,1372,495,73,3,801
"G4803970","1980","A","3","7","Texas","48","1920","Rockwall","397",,,,,,,,,,,,,"08",,,,,,,,"ROCKWALL COUNTY","0","0","0","0","0","0","0","0","0","0","0","0","0","0","0","0","0","0","0","0","0",13498,731,20,1,0,3,6,7,1,22,7,1,0,0,231,488,257,19,5,207
"G4803990","1980","A","3","7","Texas","48",,"Runnels","399",,,,,,,,,,,,,"06",,,,,,,,"RUNNELS COUNTY","0","0","0","0","0","0","0","1","0","0","0","0","1","0","1","0","0","0","0","0","1",10385,206,15,0,0,0,1,0,10,8,2,1,0,0,1244,2301,1062,6,5,1228
"G4804010","1980","A","3","7","Texas","48",,"Rusk","401",,,,,,,,,,,,,"12",,,,,,,,"RUSK COUNTY","0","0","0","0","0","0","0","0","0","0","0","0","0","0","0","0","0","0","0","0","0",31851,8998,74,3,0,12,3,5,4,11,5,10,0,0,406,830,348,102,6,374
"G4804030","1980","A","3","7","Texas","48",,"Sabine","403",,,,,,,,,,,,,"13",,,,,,,,"SABINE COUNTY","0","0","0","0","1","0","0","1","0","0","0","0","1","1","0","0","0","0","0","0","1",7271,1374,19,0,0,0,0,0,1,0,0,0,1,0,36,111,75,3,1,32
"G4804050","1980","A","3","7","Texas","48",,"San Augustine","405",,,,,,,,,,,,,"13",,,,,,,,"SAN AUGUSTINE COUNTY","0","0","0","0","1","0","0","1","0","0","0","0","1","1","0","0","0","0","0","0","1",6142,2601,15,2,0,1,0,0,0,0,1,2,0,0,21,80,49,13,0,18
"G4804070","1980","A","3","7","Texas","48",,"San Jacinto","407",,,,,,,,,,,,,"13",,,,,,,,"SAN JACINTO COUNTY","0","0","0","0","1","0","0","1","0","0","0","0","0","1","1","0","0","0","0","0","0",8952,2402,41,0,0,1,0,0,1,1,0,2,0,0,34,111,69,11,1,30
"G4804090","1980","A","3","7","Texas","48","1880","San Patricio","409",,,,,,,,,,,,,"11",,,,,,,,"SAN PATRICIO COUNTY","0","0","0","0","0","0","0","0","0","0","0","0","0","0","0","0","0","0","0","0","0",48770,866,133,0,0,9,30,23,11,40,1,4,0,4,8122,26872,18839,29,62,7942
"G4804110","1980","A","3","7","Texas","48",,"San Saba","411",,,,,,,,,,,,,"02",,,,,,,,"SAN SABA COUNTY","0","0","0","1","1","0","0","0","0","0","0","0","1","0","1","0","0","0","0","0","1",5434,44,13,0,0,1,0,0,1,8,0,0,0,0,703,968,268,15,0,685
"G4804130","1980","A","3","7","Texas","48",,"Schleicher","413",,,,,,,,,,,,,"16",,,,,,,,"SCHLEICHER COUNTY","0","0","0","1","1","0","0","1","0","0","0","0","1","0","1","0","0","0","0","0","1",2586,46,6,0,0,1,0,0,1,1,0,0,1,0,178,733,551,5,2,175
"G4804150","1980","A","3","7","Texas","48",,"Scurry","415",,,,,,,,,,,,,"06",,,,,,,,"SCURRY COUNTY","0","0","0","0","1","0","0","1","0","0","0","0","0","1","1","0","0","0","0","0","1",15230,606,33,0,0,0,0,1,0,11,0,0,0,0,2311,3399,1123,9,4,2263
"G4804170","1980","A","3","7","Texas","48",,"Shackelford","417",,,,,,,,,,,,,"06",,,,,,,,"SHACKELFORD COUNTY","0","0","0","1","1","0","0","1","0","0","0","0","1","0","1","0","0","0","0","0","1",3761,36,6,0,0,0,0,2,0,2,0,0,0,0,108,211,102,6,0,103
"G4804190","1980","A","3","7","Texas","48",,"Shelby","419",,,,,,,,,,,,,"12",,,,,,,,"SHELBY COUNTY","0","0","0","0","0","0","0","0","0","0","0","0","0","0","0","0","0","0","0","0","0",18021,4905,75,0,0,2,0,1,6,3,6,0,1,0,64,260,137,52,21,50
"G4804210","1980","A","3","7","Texas","48",,"Sherman","421",,,,,,,,,,,,,"04",,,,,,,,"SHERMAN COUNTY","0","0","1","1","0","0","0","0","0","0","0","1","0","0","1","0","0","0","0","0","0",3000,4,1,0,0,0,0,0,0,0,0,0,0,0,169,364,209,0,0,155
"G4804230","1980","A","3","7","Texas","48","8640","Smith","423",,,,,,,,,,,,,"12",,,,,,,,"SMITH COUNTY","0","0","0","0","0","0","0","0","0","0","0","0","0","0","0","0","0","0","0","0","0",97135,28215,231,2,0,25,58,83,54,86,35,11,1,0,2430,4037,1550,156,29,2302
"G4804250","1980","A","3","7","Texas","48",,"Somervell","425",,,,,,,,,,,,,"07",,,,,,,,"SOMERVELL COUNTY","0","0","1","0","1","0","0","0","0","0","0","1","0","1","0","0","0","0","0","0","0",4021,3,26,0,0,1,0,1,2,1,0,5,0,0,94,287,200,0,0,87
"G4804270","1980","A","3","7","Texas","48",,"Starr","427",,,,,,,,,,,,,"03",,,,,,,,"STARR COUNTY","0","0","1","0","1","0","0","1","0","0","0","0","1","1","0","0","0","0","0","0","0",24345,3,26,0,0,2,0,10,1,1,0,0,0,0,2878,26428,23533,2,27,2866
"G4804290","1980","A","3","7","Texas","48",,"Stephens","429",,,,,,,,,,,,,"06",,,,,,,,"STEPHENS COUNTY","0","0","0","1","0","0","0","1","0","0","0","0","0","0","0","0","0","0","0","0","1",9176,349,11,1,0,2,0,1,0,5,2,0,6,0,373,562,240,8,0,314
"G4804310","1980","A","3","7","Texas","48",,"Sterling","431",,,,,,,,,,,,,"16",,,,,,,,"STERLING COUNTY","0","0","1","1","0","0","0","1","0","0","0","1","1","0","0","0","0","0","0","0","0",1127,5,3,0,0,0,0,0,0,0,0,0,0,0,71,279,209,1,0,69
"G4804330","1980","A","3","7","Texas","48",,"Stonewall","433",,,,,,,,,,,,,"06",,,,,,,,"STONEWALL COUNTY","0","0","0","1","1","0","0","1","0","0","0","0","1","1","0","0","0","0","0","0","1",2215,73,4,0,0,0,0,2,0,3,0,0,0,0,109,196,92,1,0,103
"G4804350","1980","A","3","7","Texas","48",,"Sutton","435",,,,,,,,,,,,,"16",,,,,,,,"SUTTON COUNTY","0","0","1","0","1","0","0","0","0","0","0","1","0","1","0","0","0","0","0","0","0",4827,3,12,4,0,0,0,0,0,2,1,0,0,0,281,2071,1788,0,5,278
"G4804370","1980","A","3","7","Texas","48",,"Swisher","437",,,,,,,,,,,,,"04",,,,,,,,"SWISHER COUNTY","0","0","0","1","1","0","0","1","0","0","0","0","1","1","0","0","0","0","0","0","1",7700,465,9,0,0,1,0,0,1,5,0,0,0,0,1542,2678,1142,9,0,1527
"G4804390","1980","A","3","7","Texas","48","1920","Tarrant","439",,,,,,,,,,,,,"B",,,,,,,,"TARRANT COUNTY","0","0","0","0","0","0","0","0","0","0","0","0","0","0","0","0","0","0","0","0","0",711965,101183,3019,20,11,612,1466,533,499,1141,2010,134,55,15,38217,67632,32082,646,385,34519
"G4804410","1980","A","3","7","Texas","48","0040","Taylor","441",,,,,,,,,,,,,"P",,,,,,,,"TAYLOR COUNTY","0","0","0","0","0","0","0","0","0","0","0","0","0","0","0","0","0","0","0","0","0",95730,6707,291,6,10,114,85,250,103,70,90,22,15,2,7437,13203,6027,117,89,6970
"G4804430","1980","A","3","7","Texas","48",,"Terrell","443",,,,,,,,,,,,,"16",,,,,,,,"TERRELL COUNTY","0","0","1","1","1","0","0","0","0","0","0","1","1","0","0","0","0","0","0","0","0",1474,2,2,0,0,0,0,0,0,1,0,0,0,0,116,691,575,0,1,115
"G4804450","1980","A","3","7","Texas","48",,"Terry","445",,,,,,,,,,,,,"05",,,,,,,,"TERRY COUNTY","0","0","0","0","0","0","0","1","0","0","0","0","0","1","1","0","0","0","0","0","1",11969,535,31,1,0,0,0,0,0,8,14,0,0,0,2023,4956,2934,3,13,2006
"G4804470","1980","A","3","7","Texas","48",,"Throckmorton","447",,,,,,,,,,,,,"06",,,,,,,,"THROCKMORTON COUNTY","0","0","0","1","1","0","0","0","0","0","0","0","1","1","0","0","0","0","0","0","0",1938,0,7,0,0,0,0,0,0,4,1,0,0,0,103,115,19,0,0,96
"G4804490","1980","A","3","7","Texas","48",,"Titus","449",,,,,,,,,,,,,"12",,,,,,,,"TITUS COUNTY","0","0","0","0","0","0","0","0","0","0","0","0","0","0","0","0","0","0","0","0","0",18025,2994,33,0,0,4,1,8,5,5,0,0,1,6,360,608,233,29,4,342
"G4804510","1980","A","3","7","Texas","48","7200","Tom Green","451",,,,,,,,,,,,,"02",,,,,,,,"TOM GREEN COUNTY","0","0","0","0","0","0","0","0","0","0","0","0","0","0","0","0","0","0","0","0","0",71904,3386,221,4,1,104,91,59,68,44,54,13,8,1,8826,17953,9208,57,71,8617
"G4804530","1980","A","3","7","Texas","48","0640","Travis","453",,,,,,,,,,,,,"E",,,,,,,,"TRAVIS COUNTY","0","0","0","0","0","0","0","0","0","0","0","0","0","0","0","0","0","0","0","0","0",327702,44988,1186,29,26,522,1171,312,569,504,858,78,66,25,41537,72288,32653,566,475,38594
"G4804550","1980","A","3","7","Texas","48",,"Trinity","455",,,,,,,,,,,,,"13",,,,,,,,"TRINITY COUNTY","0","0","0","0","1","0","0","1","0","0","0","0","1","1","0","0","0","0","0","0","1",7483,1909,15,0,0,1,0,0,2,1,0,1,0,0,38,84,44,5,0,35
"G4804570","1980","A","3","7","Texas","48",,"Tyler","457",,,,,,,,,,,,,"13",,,,,,,,"TYLER COUNTY","0","0","0","0","1","0","0","1","0","0","0","0","0","1","1","0","0","0","0","0","1",14056,2097,37,0,0,2,0,4,1,5,0,0,0,1,20,134,120,3,2,9
"G4804590","1980","A","3","7","Texas","48",,"Upshur","459",,,,,,,,,,,,,"12",,,,,,,,"UPSHUR COUNTY","0","0","0","0","0","0","0","0","0","0","0","0","0","0","0","0","0","0","0","0","0",24015,4403,84,0,2,2,1,2,1,4,1,4,1,0,75,215,111,36,2,66
"G4804610","1980","A","3","7","Texas","48",,"Upton","461",,,,,,,,,,,,,"16",,,,,,,,"UPTON COUNTY","0","0","0","1","0","0","0","1","0","0","0","0","1","0","1","0","0","0","0","0","1",3807,92,6,0,2,0,0,0,0,0,0,0,0,0,712,1295,581,6,1,707
"G4804630","1980","A","3","7","Texas","48",,"Uvalde","463",,,,,,,,,,,,,"16",,,,,,,,"UVALDE COUNTY","0","0","0","0","0","0","0","1","0","0","0","0","0","0","0","0","0","0","0","0","1",18584,78,24,4,0,13,0,1,2,9,0,1,1,0,3724,12394,8708,9,4,3673
"G4804650","1980","A","3","7","Texas","48",,"Val Verde","465",,,,,,,,,,,,,"16",,,,,,,,"VAL VERDE COUNTY","0","0","0","0","0","0","0","0","0","0","0","0","0","0","0","0","0","0","0","0","0",29329,748,65,0,0,24,19,52,31,8,12,12,1,0,5609,22601,17092,39,17,5453
"G4804670","1980","A","3","7","Texas","48",,"Van Zandt","467",,,,,,,,,,,,,"12",,,,,,,,"VAN ZANDT COUNTY","0","0","0","0","0","0","0","1","0","0","0","0","0","0","0","0","0","0","0","0","0",29740,1284,48,0,0,3,0,5,3,5,3,0,1,0,334,558,237,2,0,319
"G4804690","1980","A","3","7","Texas","48","8750","Victoria","469",,,,,,,,,,,,,"14",,,,,,,,"VICTORIA COUNTY","0","0","0","0","0","0","0","0","0","0","0","0","0","0","0","0","0","0","0","0","0",55788,4710,137,0,0,32,23,43,16,33,26,1,2,0,7996,20944,12973,91,72,7808
"G4804710","1980","A","3","7","Texas","48",,"Walker","471",,,,,,,,,,,,,"13",,,,,,,,"WALKER COUNTY","0","0","0","0","0","0","0","0","0","0","0","0","0","0","0","0","0","0","0","0","0",29007,10089,129,2,2,16,49,30,15,31,51,5,0,3,2360,2972,816,42,15,2099
"G4804730","1980","A","3","7","Texas","48","3360","Waller","473",,,,,,,,"42",,,,,"14",,,,,,,,"WALLER COUNTY","0","0","0","0","0","0","0","0","0","0","0","0","0","0","0","0","0","0","0","0","0",10788,8325,19,0,0,2,4,1,7,9,9,7,2,0,625,1149,503,85,2,559
"G4804750","1980","A","3","7","Texas","48",,"Ward","475",,,,,,,,,,,,,"01",,,,,,,,"WARD COUNTY","0","0","0","0","1","0","0","1","0","0","0","0","0","1","1","0","0","0","0","0","1",11581,444,45,0,0,2,1,4,0,1,0,0,0,0,1898,3751,1856,8,11,1876
"G4804770","1980","A","3","7","Texas","48",,"Washington","477",,,,,,,,,,,,,"10",,,,,,,,"WASHINGTON COUNTY","0","0","0","0","0","0","0","0","0","0","0","0","0","0","0","0","0","0","0","0","0",16791,4860,15,0,0,5,4,3,1,4,55,1,0,0,259,663,400,66,3,194
"G4804790","1980","A","3","7","Texas","48","4080","Webb","479",,,,,,,,,,,,,"03",,,,,,,,"WEBB COUNTY","0","0","0","0","0","0","0","0","0","0","0","0","0","0","0","0","0","0","0","0","0",90348,98,110,1,0,14,9,10,1,55,0,3,2,0,8607,90842,82224,23,76,8519
"G4804810","1980","A","3","7","Texas","48",,"Wharton","481",,,,,,,,,,,,,"14",,,,,,,,"WHARTON COUNTY","0","0","0","0","0","0","0","0","0","0","0","0","0","0","0","0","0","0","0","0","0",30127,6672,53,1,1,5,3,3,0,13,14,2,0,0,3348,8753,5485,67,34,3167
"G4804830","1980","A","3","7","Texas","48",,"Wheeler","483",,,,,,,,,,,,,"06",,,,,,,,"WHEELER COUNTY","0","0","0","0","0","0","0","1","0","0","0","0","0","0","0","0","0","0","0","0","1",6711,176,31,0,0,1,0,5,1,34,0,0,0,0,178,298,114,2,6,176
"G4804850","1980","A","3","7","Texas","48","9080","Wichita","485",,,,,,,,,,,,,"K",,,,,,,,"WICHITA COUNTY","0","0","0","0","0","0","0","0","0","0","0","0","0","0","0","0","0","0","0","0","0",103906,10873,543,2,10,142,139,202,122,112,538,40,16,1,4436,7793,3606,100,101,3986
"G4804870","1980","A","3","7","Texas","48",,"Wilbarger","487",,,,,,,,,,,,,"06",,,,,,,,"WILBARGER COUNTY","0","0","0","0","0","0","0","1","0","0","0","0","0","0","0","0","0","0","0","0","1",13483,1398,71,0,0,7,27,6,0,3,1,2,0,0,933,1491,559,10,8,914
"G4804890","1980","A","3","7","Texas","48",,"Willacy","489",,,,,,,,,,,,,"15",,,,,,,,"WILLACY COUNTY","0","0","0","0","1","0","0","1","0","0","0","0","1","1","0","0","0","0","0","0","1",11778,92,15,0,0,0,0,0,1,4,1,0,1,0,5603,14049,8468,8,5,5568
"G4804910","1980","A","3","7","Texas","48","0640","Williamson","491",,,,,,,,,,,,,"08",,,,,,,,"WILLIAMSON COUNTY","0","0","0","0","0","0","0","0","0","0","0","0","0","0","0","0","0","0","0","0","0",65966,4111,113,1,0,44,85,21,51,144,37,17,21,4,5906,9693,3904,78,46,5665
"G4804930","1980","A","3","7","Texas","48",,"Wilson","493",,,,,,,,,,,,,"11",,,,,,,,"WILSON COUNTY","0","0","0","0","1","0","0","1","0","0","0","0","0","0","0","0","0","0","0","0","0",14791,157,21,0,1,1,1,4,6,1,1,0,0,0,1772,6112,4403,3,7,1699
"G4804950","1980","A","3","7","Texas","48",,"Winkler","495",,,,,,,,,,,,,"05",,,,,,,,"WINKLER COUNTY","0","0","0","0","1","0","0","1","0","0","0","0","0","0","0","0","0","0","0","0","1",7828,243,21,0,0,2,0,0,0,3,0,1,0,0,1846,2567,747,4,3,1813
"G4804970","1980","A","3","7","Texas","48","1920","Wise","497",,,,,,,,,,,,,"07",,,,,,,,"WISE COUNTY","0","0","0","0","0","0","0","0","0","0","0","0","0","1","1","0","0","0","0","0","0",25411,152,84,2,0,9,1,3,3,4,4,1,0,0,901,1316,426,0,7,883
"G4804990","1980","A","3","7","Texas","48",,"Wood","499",,,,,,,,,,,,,"12",,,,,,,,"WOOD COUNTY","0","0","0","0","0","0","0","1","0","0","0","0","0","0","0","0","0","0","0","0","0",21930,2564,52,1,0,4,6,2,0,11,3,2,1,0,121,283,155,11,6,111
"G4805010","1980","A","3","7","Texas","48",,"Yoakum","501",,,,,,,,,,,,,"05",,,,,,,,"YOAKUM COUNTY","0","0","0","0","1","0","0","0","0","0","0","0","0","1","1","0","0","0","0","0","0",7139,100,57,0,0,1,0,0,0,6,0,0,0,0,996,2306,1332,0,22,952
"G4805030","1980","A","3","7","Texas","48",,"Young","503",,,,,,,,,,,,,"06",,,,,,,,"YOUNG COUNTY","0","0","0","0","0","0","0","0","0","0","0","0","0","0","0","0","0","0","0","0","0",18313,264,70,0,0,6,1,12,12,9,27,1,0,0,368,760,391,0,11,358
"G4805050","1980","A","3","7","Texas","48",,"Zapata","505",,,,,,,,,,,,,"03",,,,,,,,"ZAPATA COUNTY","0","0","1","1","1","0","0","0","0","0","0","0","0","1","1","0","0","0","0","0","0",5979,1,5,0,0,2,0,1,0,1,0,0,0,0,639,5042,4407,0,2,633
"G4805070","1980","A","3","7","Texas","48",,"Zavala","507",,,,,,,,,,,,,"03",,,,,,,,"ZAVALA COUNTY","0","0","0","1","1","0","0","1","0","0","0","0","1","1","0","0","0","0","0","0","0",9208,20,9,0,0,2,0,0,1,0,0,0,0,0,2426,10386,7962,1,8,2415
"G4900010","1980","A","4","8","Utah","49",,"Beaver","001",,,,,,,,,,,,,"03",,,,,,,,"BEAVER COUNTY","0","0","0","0","1","0","0","0","0","0","0","0","0","1","1","0","0","0","0","1","0",4316,0,27,0,0,3,16,0,1,2,0,2,0,0,11,85,71,0,4,10
"G4900030","1980","A","4","8","Utah","49",,"Box Elder","003",,,,,,,,,,,,,"01",,,,,,,,"BOX ELDER COUNTY","0","0","1","0","0","0","0","0","0","0","0","1","0","0","1","0","0","0","0","0","0",30863,11,1289,3,2,297,4,6,14,12,28,13,0,1,679,1299,612,0,64,623
"G4900050","1980","A","4","8","Utah","49",,"Cache","005",,,,,,,,,,,,,"01",,,,,,,,"CACHE COUNTY","0","0","0","0","0","0","0","1","0","0","0","0","0","0","0","0","0","0","0","0","1",55449,213,206,0,0,193,204,15,55,64,140,12,1,3,621,708,426,4,18,260
"G4900070","1980","A","4","8","Utah","49",,"Carbon","007",,,,,,,,,,,,,"03",,,,,,,,"CARBON COUNTY","0","0","0","0","0","0","0","1","0","0","0","0","0","0","0","0","0","0","0","0","0",21231,78,137,0,0,44,0,10,3,5,1,4,0,7,659,2423,1794,5,21,603
"G4900090","1980","A","4","8","Utah","49",,"Daggett","009",,,,,,,,,,,,,"03",,,,,,,,"DAGGETT COUNTY","0","0","0","1","1","1","1","0","0","0","1","0","1","0","0","0","0","0","1","1","0",767,0,1,0,0,1,0,0,0,0,0,0,0,0,0,13,13,0,0,0
"G4900110","1980","A","4","8","Utah","49","7160","Davis","011",,,,,,,,,,,,,"02",,,,,,,,"DAVIS COUNTY","0","0","0","0","0","0","0","0","0","0","0","0","0","0","0","0","0","0","0","0","1",138365,2235,741,11,2,673,158,282,196,36,219,43,20,82,3477,5436,2606,17,193,2620
"G4900130","1980","A","4","8","Utah","49",,"Duchesne","013",,,,,,,,,,,,,"03",,,,,,,,"DUCHESNE COUNTY","0","0","1","0","0","0","0","0","0","0","0","1","0","1","0","0","0","0","0","0","0",12175,2,292,0,0,6,0,0,1,2,9,10,0,1,67,177,103,0,24,50
"G4900150","1980","A","4","8","Utah","49",,"Emery","015",,,,,,,,,,,,,"03",,,,,,,,"EMERY COUNTY","0","0","0","0","0","0","0","0","0","0","0","0","0","1","1","0","0","0","0","0","0",11214,0,120,0,0,11,7,1,1,3,4,2,0,28,60,233,183,0,2,48
"G4900170","1980","A","4","8","Utah","49",,"Garfield","017",,,,,,,,,,,,,"03",,,,,,,,"GARFIELD COUNTY","0","0","1","0","1","0","1","0","0","0","0","1","0","0","1","0","0","0","0","1","0",3589,1,66,0,0,4,0,0,3,0,0,1,0,1,8,36,32,0,0,4
"G4900190","1980","A","4","8","Utah","49",,"Grand","019",,,,,,,,,,,,,"03",,,,,,,,"GRAND COUNTY","0","0","1","0","0","0","0","1","0","0","0","1","0","0","1","0","0","0","0","0","0",7966,2,163,1,0,3,23,4,0,3,4,0,0,0,72,353,293,1,2,57
"G4900210","1980","A","4","8","Utah","49",,"Iron","021",,,,,,,,,,,,,"03",,,,,,,,"IRON COUNTY","0","0","0","0","0","0","0","1","0","0","0","0","0","0","0","0","0","0","0","0","1",16782,18,372,0,0,23,11,10,3,10,0,2,0,2,116,239,148,1,11,79
"G4900230","1980","A","4","8","Utah","49",,"Juab","023",,,,,,,,,,,,,"03",,,,,,,,"JUAB COUNTY","0","0","1","0","1","0","0","0","0","0","0","0","0","1","1","0","0","0","0","0","0",5461,1,47,0,0,2,0,1,0,1,0,0,0,0,17,55,46,0,1,8
"G4900250","1980","A","4","8","Utah","49",,"Kane","025",,,,,,,,,,,,,"03",,,,,,,,"KANE COUNTY","0","0","1","0","1","0","0","0","0","0","0","1","0","1","1","0","0","0","0","1","0",3963,1,38,0,0,1,0,1,0,2,0,1,0,0,17,46,31,0,0,15
"G4900270","1980","A","4","8","Utah","49",,"Millard","027",,,,,,,,,,,,,"03",,,,,,,,"MILLARD COUNTY","0","0","1","0","0","0","0","0","0","0","0","1","0","0","1","0","0","0","0","0","0",8557,1,137,0,0,2,70,1,5,0,57,0,0,0,140,157,98,0,2,57
"G4900290","1980","A","4","8","Utah","49",,"Morgan","029",,,,,,,,,,,,,"01",,,,,,,,"MORGAN COUNTY","0","0","0","0","0","0","0","0","0","0","0","0","0","1","1","0","0","0","0","0","0",4845,0,22,0,0,2,7,3,4,0,4,0,0,0,30,49,30,0,0,19
"G4900310","1980","A","4","8","Utah","49",,"Piute","031",,,,,,,,,,,,,"03",,,,,,,,"PIUTE COUNTY","0","0","0","1","1","0","1","0","0","0","1","0","1","0","0","0","0","0","1","1","0",1321,0,5,0,0,0,0,0,0,1,0,0,0,0,2,17,15,0,0,2
"G4900330","1980","A","4","8","Utah","49",,"Rich","033",,,,,,,,,,,,,"01",,,,,,,,"RICH COUNTY","0","0","0","1","1","0","1","0","0","0","0","0","1","0","1","0","0","0","1","1","0",2074,0,8,0,0,4,0,0,3,0,0,0,0,0,11,16,6,0,0,10
"G4900350","1980","A","4","8","Utah","49","7160","Salt Lake","035",,,,,,,,,,,,,"A",,,,,,,,"SALT LAKE COUNTY","0","0","0","0","0","0","0","0","0","0","0","0","0","0","0","0","0","0","0","0","0",583962,4056,4285,34,5,2893,1554,358,683,514,1190,326,35,468,18703,30867,16322,140,632,13773
"G4900370","1980","A","4","8","Utah","49",,"San Juan","037",,,,,,,,,,,,,"03",,,,,,,,"SAN JUAN COUNTY","0","0","1","0","0","0","0","0","0","0","0","1","0","0","1","0","0","0","0","0","0",6425,11,5599,1,0,3,9,6,7,1,1,13,0,0,177,433,233,0,35,165
"G4900390","1980","A","4","8","Utah","49",,"Sanpete","039",,,,,,,,,,,,,"01",,,,,,,,"SANPETE COUNTY","0","0","0","0","0","0","0","0","0","0","0","0","0","0","0","0","0","0","0","0","0",14192,24,148,0,0,27,12,2,7,1,1,6,0,4,196,268,121,0,6,141
"G4900410","1980","A","4","8","Utah","49",,"Sevier","041",,,,,,,,,,,,,"01",,,,,,,,"SEVIER COUNTY","0","0","0","0","0","0","0","0","0","0","0","0","0","1","1","0","0","0","0","0","0",14452,0,178,0,0,4,0,0,8,7,0,1,0,0,77,175,109,0,3,63
"G4900430","1980","A","4","8","Utah","49",,"Summit","043",,,,,,,,,,,,,"01",,,,,,,,"SUMMIT COUNTY","0","0","1","0","0","0","0","1","0","0","0","1","0","0","1","0","0","0","0","0","0",10073,7,43,1,1,17,4,2,2,0,0,2,0,0,46,204,160,2,8,34
"G4900450","1980","A","4","8","Utah","49","7160","Tooele","045",,,,,,,,,,,,,"03",,,,,,,,"TOOELE COUNTY","0","0","0","0","0","0","0","1","0","0","0","0","0","0","0","0","0","0","0","0","1",23878,168,367,3,0,45,26,20,25,11,5,6,3,1,1475,2395,986,6,25,1378
"G4900470","1980","A","4","8","Utah","49",,"Uintah","047",,,,,,,,,,,,,"03",,,,,,,,"UINTAH COUNTY","0","0","1","0","0","0","0","0","0","0","0","1","0","0","1","0","0","0","0","0","0",18319,6,1950,2,0,8,13,9,10,2,5,0,0,0,182,565,353,0,74,138
"G4900490","1980","A","4","8","Utah","49","6520","Utah","049",,,,,,,,,,,,,"02",,,,,,,,"UTAH COUNTY","0","0","0","0","0","0","0","1","0","0","0","0","0","0","0","0","0","0","0","0","1",211320,148,1863,10,6,406,456,66,170,91,350,310,14,116,2780,5040,3032,3,187,1818
"G4900510","1980","A","4","8","Utah","49",,"Wasatch","051",,,,,,,,,,,,,"01",,,,,,,,"WASATCH COUNTY","0","0","1","0","1","0","0","0","0","0","0","1","0","1","0","0","0","0","0","0","0",8422,3,54,7,0,3,1,1,4,0,0,4,0,0,24,121,90,0,9,22
"G4900530","1980","A","4","8","Utah","49",,"Washington","053",,,,,,,,,,,,,"03",,,,,,,,"WASHINGTON COUNTY","0","0","1","0","0","0","0","0","0","0","0","1","0","0","1","0","0","0","0","0","0",25629,12,255,0,0,34,9,7,2,5,3,12,0,3,94,298,225,0,11,62
"G4900550","1980","A","4","8","Utah","49",,"Wayne","055",,,,,,,,,,,,,"03",,,,,,,,"WAYNE COUNTY","0","0","1","0","1","0","0","0","0","0","1","0","1","0","0","0","0","0","1","1","0",1886,2,17,1,0,0,0,0,1,1,0,0,0,0,3,24,18,0,3,3
"G4900570","1980","A","4","8","Utah","49","7160","Weber","057",,,,,,,,,,,,,"B",,,,,,,,"WEBER COUNTY","0","0","0","0","0","0","0","0","0","0","0","0","0","0","0","0","0","0","0","0","0",135054,2225,728,7,1,765,146,123,111,56,87,74,7,46,5186,8570,3932,66,116,4456
"G5000010","1980","A","1","1","Vermont","50",,"Addison","001",,,,,,,,,,,,,"01",,,,,,,,"ADDISON COUNTY","0","0","0","0","0","0","0","1","0","0","0","0","0","1","1","0","0","0","0","0","1",29207,67,29,0,0,7,4,7,21,8,3,0,0,0,53,175,152,2,1,20
"G5000030","1980","A","1","1","Vermont","50",,"Bennington","003",,,,,,,,,,,,,"02",,,,,,,,"BENNINGTON COUNTY","0","0","0","0","0","0","0","1","0","0","0","0","0","0","0","0","0","0","0","0","0",33064,92,37,0,1,22,15,12,19,13,7,0,5,0,58,158,132,6,6,14
"G5000050","1980","A","1","1","Vermont","50",,"Caledonia","005",,,,,,,,,,,,,"02",,,,,,,,"CALEDONIA COUNTY","0","0","0","0","0","0","0","1","0","0","0","0","0","1","1","0","0","0","0","1","0",25716,25,16,0,0,5,2,1,12,5,1,0,0,0,25,102,95,1,1,5
"G5000070","1980","A","1","1","Vermont","50",,"Chittenden","007",,,,,,,,,,,,,"01",,,,,,,,"CHITTENDEN COUNTY","0","0","0","0","0","0","0","1","0","0","0","0","0","0","0","0","0","0","0","0","1",113901,466,154,1,1,84,153,26,88,217,48,9,0,3,383,882,709,13,15,145
"G5000090","1980","A","1","1","Vermont","50",,"Essex","009",,,,,,,,,,,,,"02",,,,,,,,"ESSEX COUNTY","0","0","1","1","1","0","0","0","0","0","0","1","1","1","1","0","0","0","1","1","0",6271,5,7,0,0,5,0,0,3,3,0,0,0,0,19,19,19,0,0,0
"G5000110","1980","A","1","1","Vermont","50",,"Franklin","011",,,,,,,,,,,,,"01",,,,,,,,"FRANKLIN COUNTY","0","0","0","0","0","0","0","0","0","0","0","0","0","1","1","0","0","0","0","1","0",34197,45,419,2,1,4,9,5,5,10,0,0,0,1,90,97,87,0,5,5
"G5000130","1980","A","1","1","Vermont","50",,"Grand Isle","013",,,,,,,,,,,,,"01",,,,,,,,"GRAND ISLE COUNTY","0","0","1","0","1","0","0","0","0","0","0","1","0","1","1","0","0","0","0","0","0",4571,6,25,0,0,0,0,0,0,1,1,0,1,0,8,16,16,0,0,0
"G5000150","1980","A","1","1","Vermont","50",,"Lamoille","015",,,,,,,,,,,,,"02",,,,,,,,"LAMOILLE COUNTY","0","0","0","0","0","0","0","1","0","0","0","0","1","1","1","0","0","0","0","1","0",16677,24,15,0,0,3,3,4,4,2,0,2,0,0,33,101,77,1,3,20
"G5000170","1980","A","1","1","Vermont","50",,"Orange","017",,,,,,,,,,,,,"02",,,,,,,,"ORANGE COUNTY","0","0","0","0","0","0","0","1","0","0","0","0","0","0","0","0","0","0","0","1","0",22602,36,29,0,0,15,5,2,12,3,5,0,0,0,30,117,108,1,2,6
"G5000190","1980","A","1","1","Vermont","50",,"Orleans","019",,,,,,,,,,,,,"01",,,,,,,,"ORLEANS COUNTY","0","0","1","0","0","0","0","0","0","0","0","1","0","1","0","0","0","0","0","1","0",23350,13,22,0,0,0,1,3,16,6,0,0,0,0,29,75,66,0,2,7
"G5000210","1980","A","1","1","Vermont","50",,"Rutland","021",,,,,,,,,,,,,"02",,,,,,,,"RUTLAND COUNTY","0","0","0","0","0","0","0","1","0","0","0","0","0","0","0","0","0","0","0","0","0",57978,84,56,2,1,20,14,15,39,16,6,2,2,3,109,273,223,3,7,40
"G5000230","1980","A","1","1","Vermont","50",,"Washington","023",,,,,,,,,,,,,"02",,,,,,,,"WASHINGTON COUNTY","0","0","0","0","0","0","0","1","0","0","0","0","0","0","0","0","0","0","0","0","0",51921,104,62,0,0,15,16,13,35,16,8,3,1,0,199,831,794,5,10,22
"G5000250","1980","A","1","1","Vermont","50",,"Windham","025",,,,,,,,,,,,,"02",,,,,,,,"WINDHAM COUNTY","0","0","0","0","0","0","0","1","0","0","0","0","0","0","0","0","0","0","0","0","1",36606,62,33,1,3,30,23,7,8,17,4,2,0,0,137,266,219,1,3,43
"G5000270","1980","A","1","1","Vermont","50",,"Windsor","027",,,,,,,,,,,,,"02",,,,,,,,"WINDSOR COUNTY","0","0","0","0","0","0","0","1","0","0","0","0","0","0","0","0","0","0","0","0","0",50675,106,64,2,1,17,26,6,26,26,2,0,5,1,73,192,168,2,10,12
"G5100010","1980","A","3","5","Virginia","51",,"Accomack","001",,,,,,,,,,,,,"09",,,,,,,,"ACCOMACK COUNTY","0","0","0","0","0","0","0","0","0","0","0","0","0","0","0","0","0","0","0","0","0",19753,11401,42,1,0,8,5,16,0,3,0,6,3,3,27,419,109,288,8,14
"G5100030","1980","A","3","5","Virginia","51","1540","Albemarle","003",,,,,,,,,,,,,"05",,,,,,,,"ALBEMARLE COUNTY","0","0","0","0","0","0","0","0","0","0","0","0","0","0","0","0","0","0","0","0","0",48917,6183,38,2,1,57,170,30,119,92,29,0,3,4,138,419,335,38,7,39
"G5100050","1980","A","3","5","Virginia","51",,"Alleghany","005",,,,,,,,,,,,,"03",,,,,,,,"ALLEGHANY COUNTY","0","0","0","1","0","0","0","0","0","0","0","0","1","1","0","0","0","0","0","1","0",13923,356,12,0,0,2,4,6,0,8,1,0,3,0,18,80,71,0,3,6
"G5100070","1980","A","3","5","Virginia","51",,"Amelia","007",,,,,,,,,,,,,"06",,,,,,,,"AMELIA COUNTY","0","0","0","1","0","0","0","0","0","0","0","0","0","1","1","0","0","0","0","0","0",5144,3215,4,0,0,5,1,0,0,15,1,0,0,0,20,90,36,51,2,1
"G5100090","1980","A","3","5","Virginia","51","4640","Amherst","009",,,,,,,,,,,,,"F",,,,,,,,"AMHERST COUNTY","0","0","0","0","0","0","0","0","0","0","0","0","0","1","1","0","0","0","0","0","1",22925,5963,157,0,0,7,9,14,4,10,1,2,1,0,29,213,107,83,11,12
"G5100110","1980","A","3","5","Virginia","51","4640","Appomattox","011",,,,,,,,,,,,,"06",,,,,,,,"APPOMATTOX COUNTY","0","0","0","1","1","0","0","1","0","0","0","0","0","1","1","0","0","0","0","0","1",9167,2778,9,1,0,3,1,0,0,1,0,1,3,0,7,76,50,25,0,1
"G5100130","1980","A","3","5","Virginia","51","8840","Arlington","013",,,,,,,,,,,,,"B",,,,,,,,"ARLINGTON COUNTY","0","0","0","0","0","0","0","0","0","0","0","0","0","0","0","0","0","0","0","0","0",126121,14028,368,12,4,457,1033,788,1004,1231,2027,31,17,43,5435,8863,5871,176,223,2593
"G5100150","1980","A","3","5","Virginia","51",,"Augusta","015",,,,,,,,,,,,,"04",,,,,,,,"AUGUSTA COUNTY","0","0","0","0","0","0","0","0","0","0","0","0","0","0","0","0","0","0","0","0","0",51478,2031,34,1,0,14,21,9,12,17,55,2,1,0,57,300,259,15,7,19
"G5100170","1980","A","3","5","Virginia","51",,"Bath","017",,,,,,,,,,,,,"03",,,,,,,,"BATH COUNTY","0","0","0","1","1","0","0","1","0","0","0","0","1","1","1","0","0","0","0","1","0",5284,553,1,0,0,0,0,6,1,2,0,1,0,0,12,37,28,5,3,1
"G5100190","1980","A","3","5","Virginia","51",,"Bedford","019",,,,,,,,,,,,,"06",,,,,,,,"BEDFORD COUNTY","0","0","0","1","0","0","0","0","0","0","0","0","1","0","1","0","0","0","0","0","1",30867,3971,10,0,0,7,16,14,4,15,0,1,0,0,22,220,159,48,6,7
"G5100210","1980","A","3","5","Virginia","51",,"Bland","021",,,,,,,,,,,,,"02",,,,,,,,"BLAND COUNTY","0","0","0","1","1","0","0","1","0","0","0","0","1","0","1","0","0","0","0","1","0",6131,198,9,1,0,1,0,0,0,0,0,0,0,0,9,21,15,1,0,5
"G5100230","1980","A","3","5","Virginia","51","6800","Botetourt","023",,,,,,,,,,,,,"03",,,,,,,,"BOTETOURT COUNTY","0","0","0","1","0","0","0","0","0","0","0","0","0","0","0","0","0","0","0","1","0",22093,1124,13,0,0,3,0,1,5,10,0,2,0,0,19,128,115,0,1,12
"G5100250","1980","A","3","5","Virginia","51",,"Brunswick","025",,,,,,,,,,,,,"07",,,,,,,,"BRUNSWICK COUNTY","0","0","0","1","1","0","0","0","0","0","0","0","1","1","1","0","0","0","0","1","0",6631,8972,4,0,0,2,0,0,0,6,0,1,0,0,16,109,31,70,3,5
"G5100270","1980","A","3","5","Virginia","51",,"Buchanan","027",,,,,,,,,,,,,"01",,,,,,,,"BUCHANAN COUNTY","0","0","0","0","0","0","0","1","0","0","0","1","1","0","1","0","0","0","0","0","1",37839,21,14,1,0,1,0,14,2,24,2,0,0,0,71,336,260,2,14,60
"G5100290","1980","A","3","5","Virginia","51",,"Buckingham","029",,,,,,,,,,,,,"06",,,,,,,,"BUCKINGHAM COUNTY","0","0","0","1","0","0","0","0","0","0","0","0","1","1","0","0","0","0","0","0","0",6749,4979,2,0,0,2,0,9,5,0,0,0,0,0,5,133,67,66,0,0
"G5100310","1980","A","3","5","Virginia","51","4640","Campbell","031",,,,,,,,,,,,,"F",,,,,,,,"CAMPBELL COUNTY","0","0","0","0","0","0","0","0","0","0","0","0","0","0","0","0","0","0","0","0","1",38313,6861,27,1,1,9,47,10,15,67,17,2,0,0,54,254,158,81,7,8
"G5100330","1980","A","3","5","Virginia","51",,"Caroline","033",,,,,,,,,,,,,"08",,,,,,,,"CAROLINE COUNTY","0","0","0","0","0","0","0","0","0","0","0","0","0","0","0","0","0","0","0","0","0",9917,7693,190,0,1,2,5,3,11,5,3,7,3,0,64,128,60,49,1,18
"G5100350","1980","A","3","5","Virginia","51",,"Carroll","035",,,,,,,,,,,,,"02",,,,,,,,"CARROLL COUNTY","0","0","0","1","1","0","0","0","0","0","0","0","1","1","1","0","0","0","0","1","0",27126,94,9,0,1,6,0,3,0,3,0,0,0,0,28,148,140,0,1,7
"G5100360","1980","A","3","5","Virginia","51","6760","Charles City","036",,,,,,,,,,,,,"08",,,,,,,,"CHARLES CITY COUNTY","0","0","0","0","1","0","1","0","0","0","0","0","0","1","1","0","0","0","0","1","0",1397,4726,552,0,0,2,0,0,0,0,0,1,0,0,14,98,7,79,8,4
"G5100370","1980","A","3","5","Virginia","51",,"Charlotte","037",,,,,,,,,,,,,"07",,,,,,,,"CHARLOTTE COUNTY","0","0","0","1","1","0","0","0","0","0","0","0","0","1","1","0","0","0","0","0","0",7516,4737,5,0,0,2,0,0,1,2,0,1,0,0,2,118,27,91,0,0
"G5100410","1980","A","3","5","Virginia","51","6760","Chesterfield","041",,,,,,,,,,,,,"C",,,,,,,,"CHESTERFIELD COUNTY","0","0","0","0","0","0","0","0","0","0","0","0","0","0","0","0","0","0","0","0","0",125841,13910,249,2,0,64,197,148,266,264,134,14,2,5,276,995,775,91,35,94
"G5100430","1980","A","3","5","Virginia","51",,"Clarke","043",,,,,,,,,,,,,"04",,,,,,,,"CLARKE COUNTY","0","0","0","1","0","0","0","1","0","0","0","0","1","1","1","0","0","0","0","1","1",8787,1144,6,0,0,2,0,13,2,4,0,1,0,0,6,40,22,17,1,0
"G5100450","1980","A","3","5","Virginia","51","6800","Craig","045",,,,,,,,,,,,,"03",,,,,,,,"CRAIG COUNTY","0","0","1","0","0","0","0","0","0","0","0","1","0","0","1","0","0","0","0","0","0",3938,8,0,0,0,0,0,0,0,0,0,0,0,0,2,21,21,0,0,0
"G5100470","1980","A","3","5","Virginia","51",,"Culpeper","047",,,,,,,,,,,,,"05",,,,,,,,"CULPEPER COUNTY","0","0","0","0","0","0","0","0","0","0","0","0","0","0","0","0","0","0","0","0","0",17834,4653,48,0,0,4,13,4,3,14,11,2,0,0,34,158,107,35,7,9
"G5100490","1980","A","3","5","Virginia","51",,"Cumberland","049",,,,,,,,,,,,,"06",,,,,,,,"CUMBERLAND COUNTY","0","0","0","1","1","0","0","0","0","0","0","0","1","1","0","0","0","0","0","1","0",4466,3393,4,0,0,0,0,2,1,0,0,2,0,0,13,72,21,43,2,6
"G5100510","1980","A","3","5","Virginia","51",,"Dickenson","051",,,,,,,,,,,,,"01",,,,,,,,"DICKENSON COUNTY","0","0","0","1","0","0","0","1","0","0","0","0","1","1","0","0","0","0","0","0","1",19673,94,3,1,0,6,0,2,2,3,3,0,1,0,18,143,131,2,0,10
"G5100530","1980","A","3","5","Virginia","51","6140","Dinwiddie","053",,,,,,,,,,,,,"06",,,,,,,,"DINWIDDIE COUNTY","0","0","0","0","0","0","0","0","0","0","0","0","0","1","1","0","0","0","0","0","0",12867,9653,15,0,1,13,6,8,4,13,2,1,1,0,18,176,76,82,6,12
"G5100570","1980","A","3","5","Virginia","51",,"Essex","057",,,,,,,,,,,,,"08",,,,,,,,"ESSEX COUNTY","0","0","0","0","0","0","1","0","0","0","0","0","0","0","0","0","0","0","0","1","0",5224,3543,35,0,0,1,1,33,3,2,0,2,1,0,19,74,28,45,1,0
"G5100590","1980","A","3","5","Virginia","51","8840","Fairfax","059",,,,,,,,,,,,,"B",,,,,,,,"FAIRFAX COUNTY","0","0","0","0","0","0","0","0","0","0","0","0","0","0","0","0","0","0","0","0","0",529325,34994,1195,20,20,1710,3479,2918,6660,3456,4240,139,86,37,8622,19535,14995,376,741,3423
"G5100610","1980","A","3","5","Virginia","51",,"Fauquier","061",,,,,,,,,,,,,"05",,,,,,,,"FAUQUIER COUNTY","0","0","0","0","0","0","0","0","0","0","0","0","0","0","0","0","0","0","0","0","0",29994,5635,43,0,0,21,20,15,24,14,12,5,3,8,95,259,158,56,4,41
"G5100630","1980","A","3","5","Virginia","51",,"Floyd","063",,,,,,,,,,,,,"03",,,,,,,,"FLOYD COUNTY","0","0","0","1","1","0","1","1","0","0","0","0","1","0","1","0","0","0","0","1","1",11152,384,6,0,0,2,0,1,3,2,0,0,0,0,13,53,47,6,0,0
"G5100650","1980","A","3","5","Virginia","51","1540","Fluvanna","065",,,,,,,,,,,,,"06",,,,,,,,"FLUVANNA COUNTY","0","0","0","1","1","0","1","0","0","0","0","0","1","1","1","0","0","0","0","0","1",7204,3013,12,0,0,2,0,3,1,1,0,0,0,0,8,52,20,26,0,6
"G5100670","1980","A","3","5","Virginia","51",,"Franklin","067",,,,,,,,,,,,,"07",,,,,,,,"FRANKLIN COUNTY","0","0","0","0","0","0","0","1","0","0","0","0","1","1","1","0","0","0","0","0","1",31350,4324,19,0,0,4,5,2,6,2,4,0,1,0,23,212,163,41,0,8
"G5100690","1980","A","3","5","Virginia","51",,"Frederick","069",,,,,,,,,,,,,"04",,,,,,,,"FREDERICK COUNTY","0","0","0","0","0","0","0","1","0","0","0","0","1","0","1","0","0","0","0","1","0",33559,484,18,0,0,7,18,4,9,25,0,3,0,1,22,129,118,1,9,1
"G5100710","1980","A","3","5","Virginia","51",,"Giles","071",,,,,,,,,,,,,"03",,,,,,,,"GILES COUNTY","0","0","0","1","0","0","1","0","0","0","0","0","1","0","1","0","0","0","0","1","0",17400,354,5,0,0,0,0,18,2,6,11,3,0,0,11,97,94,0,0,3
"G5100730","1980","A","3","5","Virginia","51","5680","Gloucester","073",,,,,,,,,,,,,"08",,,,,,,,"GLOUCESTER COUNTY","0","0","0","0","0","0","0","0","0","0","0","0","1","0","1","0","0","0","0","0","0",16888,3088,17,0,1,3,17,8,2,3,5,3,1,0,71,116,67,22,3,24
"G5100750","1980","A","3","5","Virginia","51","6760","Goochland","075",,,,,,,,,,,,,"06",,,,,,,,"GOOCHLAND COUNTY","0","0","0","1","0","0","0","0","0","0","0","0","1","1","0","0","0","0","0","0","1",7455,4275,6,0,0,3,7,4,0,1,0,0,0,0,10,57,28,24,1,4
"G5100770","1980","A","3","5","Virginia","51",,"Grayson","077",,,,,,,,,,,,,"02",,,,,,,,"GRAYSON COUNTY","0","0","0","1","1","0","0","1","0","0","0","0","1","1","1","0","0","0","0","1","1",16002,550,10,0,0,5,0,0,3,2,0,0,0,0,7,73,68,4,0,1
"G5100790","1980","A","3","5","Virginia","51","1540","Greene","079",,,,,,,,,,,,,"05",,,,,,,,"GREENE COUNTY","0","0","0","1","1","0","1","0","0","0","0","0","1","1","1","0","0","0","0","0","1",7023,576,5,0,0,5,0,3,1,1,0,0,0,0,11,58,25,30,0,3
"G5100810","1980","A","3","5","Virginia","51",,"Greensville","081",,,,,,,,,,,,,"10",,,,,,,,"GREENSVILLE COUNTY","0","0","0","1","0","0","1","0","0","0","0","0","1","0","1","0","0","0","0","0","0",4697,6175,3,0,0,0,0,3,0,13,1,5,0,0,6,116,17,98,0,1
"G5100830","1980","A","3","5","Virginia","51",,"Halifax","083",,,,,,,,,,,,,"07",,,,,,,,"HALIFAX COUNTY","0","0","0","0","0","0","0","0","0","0","0","0","0","0","0","0","0","0","0","1","0",18220,12268,50,0,1,10,0,7,0,6,0,1,0,0,36,189,67,114,2,6
"G5100850","1980","A","3","5","Virginia","51","6760","Hanover","085",,,,,,,,,,,,,"08",,,,,,,,"HANOVER COUNTY","0","0","0","0","0","0","0","0","0","0","0","0","0","0","0","0","0","0","0","0","0",43615,6558,60,2,1,16,18,14,3,22,20,1,0,0,68,260,146,81,6,27
"G5100870","1980","A","3","5","Virginia","51","6760","Henrico","087",,,,,,,,,,,,,"C",,,,,,,,"HENRICO COUNTY","0","0","0","0","0","0","0","0","0","0","0","0","0","0","0","0","0","0","0","0","0",151187,27096,426,8,2,70,341,141,212,249,433,17,3,2,548,1415,1047,158,42,168
"G5100890","1980","A","3","5","Virginia","51",,"Henry","089",,,,,,,,,,,,,"07",,,,,,,,"HENRY COUNTY","0","0","0","0","0","0","0","0","0","0","0","0","0","0","0","0","0","0","0","0","1",44068,13478,25,0,0,5,5,3,8,10,0,1,0,0,51,343,158,172,2,11
"G5100910","1980","A","3","5","Virginia","51",,"Highland","091",,,,,,,,,,,,,"03",,,,,,,,"HIGHLAND COUNTY","0","0","1","1","1","0","1","0","0","0","0","1","1","1","1","0","0","0","0","1","0",2919,6,3,0,0,0,0,1,0,2,0,0,3,0,3,20,18,0,0,2
"G5100930","1980","A","3","5","Virginia","51",,"Isle Of Wight","093",,,,,,,,,,,,,"10",,,,,,,,"ISLE OF WIGHT COUNTY","0","0","0","0","1","0","0","0","0","0","0","0","0","1","1","0","0","0","0","0","0",12653,8875,28,0,0,5,1,1,2,2,0,3,0,0,33,199,71,110,2,16
"G5100950","1980","A","3","5","Virginia","51","5680","James City","095",,,,,,,,,,,,,"08",,,,,,,,"JAMES CITY COUNTY","0","0","0","0","0","0","0","0","0","0","0","0","0","0","0","0","0","0","0","0","0",16035,6439,45,3,1,14,15,39,73,14,9,1,5,0,70,230,125,68,3,34
"G5100970","1980","A","3","5","Virginia","51",,"King And Queen","097",,,,,,,,,,,,,"08",,,,,,,,"KING AND QUEEN COUNTY","0","0","0","0","1","0","1","1","0","0","0","0","1","0","1","0","0","0","0","1","1",3152,2764,44,0,0,1,0,0,1,3,0,0,0,0,3,29,3,26,0,0
"G5100990","1980","A","3","5","Virginia","51",,"King George","099",,,,,,,,,,,,,"08",,,,,,,,"KING GEORGE COUNTY","0","0","0","1","0","0","0","1","0","0","0","0","1","0","1","0","0","0","0","0","0",8044,2385,11,2,0,7,5,27,16,3,10,0,0,1,32,76,46,1,7,22
"G5101010","1980","A","3","5","Virginia","51",,"King William","101",,,,,,,,,,,,,"08",,,,,,,,"KING WILLIAM COUNTY","0","0","0","0","1","0","0","0","0","0","0","0","0","1","1","0","0","0","0","1","0",5866,3219,210,0,0,0,7,5,1,0,13,0,0,0,13,78,22,50,1,5
"G5101030","1980","A","3","5","Virginia","51",,"Lancaster","103",,,,,,,,,,,,,"08",,,,,,,,"LANCASTER COUNTY","0","0","0","1","1","0","1","1","0","0","0","0","1","0","1","0","0","0","0","0","0",6740,3360,9,0,0,1,0,4,0,6,0,3,0,0,6,53,13,40,0,0
"G5101050","1980","A","3","5","Virginia","51",,"Lee","105",,,,,,,,,,,,,"01",,,,,,,,"LEE COUNTY","0","0","0","0","1","0","0","0","0","0","0","0","0","1","1","0","0","0","0","1","0",25804,89,44,0,0,0,0,0,5,9,2,1,0,0,2,123,117,0,5,1
"G5101070","1980","A","3","5","Virginia","51","8840","Loudoun","107",,,,,,,,,,,,,"05",,,,,,,,"LOUDOUN COUNTY","0","0","0","0","0","0","0","0","0","0","0","0","0","0","0","0","0","0","0","0","0",51529,5018,90,4,0,47,109,52,64,97,55,6,0,0,356,853,653,54,27,119
"G5101090","1980","A","3","5","Virginia","51",,"Louisa","109",,,,,,,,,,,,,"06",,,,,,,,"LOUISA COUNTY","0","0","0","0","1","0","0","0","0","0","0","0","1","1","0","0","0","0","0","0","0",11959,5801,16,0,0,2,1,2,0,5,0,0,0,0,39,160,100,34,4,22
"G5101110","1980","A","3","5","Virginia","51",,"Lunenburg","111",,,,,,,,,,,,,"07",,,,,,,,"LUNENBURG COUNTY","0","0","0","1","1","0","0","0","0","0","0","0","1","1","0","0","0","0","0","0","1",7329,4764,6,2,0,2,0,0,0,1,2,2,0,0,16,124,46,70,2,6
"G5101130","1980","A","3","5","Virginia","51",,"Madison","113",,,,,,,,,,,,,"05",,,,,,,,"MADISON COUNTY","0","0","0","1","1","0","0","1","0","0","0","0","0","1","1","0","0","0","0","0","0",8368,1831,7,0,0,1,0,1,3,1,0,0,0,1,19,119,88,26,0,5
"G5101150","1980","A","3","5","Virginia","51",,"Mathews","115",,,,,,,,,,,,,"08",,,,,,,,"MATHEWS COUNTY","0","0","0","1","1","0","1","0","0","0","0","0","1","0","1","0","0","0","0","1","0",6551,1432,1,0,0,4,0,0,1,0,0,0,0,0,6,35,14,17,0,4
"G5101170","1980","A","3","5","Virginia","51",,"Mecklenburg","117",,,,,,,,,,,,,"07",,,,,,,,"MECKLENBURG COUNTY","0","0","0","1","0","0","0","0","0","0","0","0","1","0","1","0","0","0","0","1","0",17522,11867,6,0,0,3,3,10,0,6,3,3,0,0,21,312,73,227,1,11
"G5101190","1980","A","3","5","Virginia","51",,"Middlesex","119",,,,,,,,,,,,,"08",,,,,,,,"MIDDLESEX COUNTY","0","0","0","1","1","0","1","0","0","0","0","0","0","1","1","0","0","0","0","0","1",5455,2244,4,0,0,1,0,1,0,1,0,0,0,0,13,41,16,19,0,6
"G5101210","1980","A","3","5","Virginia","51",,"Montgomery","121",,,,,,,,,,,,,"03",,,,,,,,"MONTGOMERY COUNTY","0","0","0","0","0","0","0","1","0","0","0","0","0","0","0","0","0","0","0","0","1",60540,1897,69,2,2,49,287,36,91,152,92,2,0,2,295,511,433,11,3,64
"G5101250","1980","A","3","5","Virginia","51",,"Nelson","125",,,,,,,,,,,,,"06",,,,,,,,"NELSON COUNTY","0","0","0","1","1","0","0","0","0","0","0","0","1","1","1","0","0","0","0","0","1",9261,2916,7,1,0,0,2,0,2,0,0,2,0,0,13,99,56,34,3,6
"G5101270","1980","A","3","5","Virginia","51","6760","New Kent","127",,,,,,,,,,,,,"08",,,,,,,,"NEW KENT COUNTY","0","0","0","0","1","0","0","1","0","0","0","0","0","1","1","0","0","0","0","0","1",6379,2287,83,0,0,1,2,0,0,1,0,1,0,0,27,48,26,3,0,19
"G5101310","1980","A","3","5","Virginia","51",,"Northampton","131",,,,,,,,,,,,,"09",,,,,,,,"NORTHAMPTON COUNTY","0","0","0","1","0","0","0","0","0","0","0","0","1","1","0","0","0","0","0","0","0",7267,7289,9,0,0,4,0,6,2,0,3,1,0,0,44,194,45,110,0,39
"G5101330","1980","A","3","5","Virginia","51",,"Northumberland","133",,,,,,,,,,,,,"08",,,,,,,,"NORTHUMBERLAND COUNTY","0","0","0","1","1","0","0","0","0","0","0","0","1","1","1","0","0","0","0","1","0",6506,3306,6,0,0,2,0,1,0,1,0,2,0,0,4,119,25,92,1,1
"G5101350","1980","A","3","5","Virginia","51",,"Nottoway","135",,,,,,,,,,,,,"06",,,,,,,,"NOTTOWAY COUNTY","0","0","0","1","0","0","0","0","0","0","0","0","0","0","0","0","0","0","0","1","0",8900,5725,6,0,0,3,0,3,4,6,2,4,0,0,13,142,44,88,2,8
"G5101370","1980","A","3","5","Virginia","51",,"Orange","137",,,,,,,,,,,,,"05",,,,,,,,"ORANGE COUNTY","0","0","0","1","0","0","0","0","0","0","0","0","1","0","1","0","0","0","0","0","1",14775,3235,11,2,0,8,1,1,9,4,4,1,0,0,12,83,59,21,2,1
"G5101390","1980","A","3","5","Virginia","51",,"Page","139",,,,,,,,,,,,,"04",,,,,,,,"PAGE COUNTY","0","0","0","1","0","0","0","1","0","0","0","0","1","0","1","0","0","0","0","0","1",18833,499,9,1,0,2,23,5,2,6,2,2,0,0,17,110,91,8,1,10
"G5101410","1980","A","3","5","Virginia","51",,"Patrick","141",,,,,,,,,,,,,"07",,,,,,,,"PATRICK COUNTY","0","0","0","1","0","0","0","0","0","0","0","0","1","0","1","0","0","0","0","0","0",16238,1344,4,2,0,1,2,19,10,5,0,5,0,0,17,158,116,24,9,9
"G5101430","1980","A","3","5","Virginia","51","1950","Pittsylvania","143",,,,,,,,,,,,,"07",,,,,,,,"PITTSYLVANIA COUNTY","0","0","0","0","0","0","0","0","0","0","0","0","0","0","0","0","0","0","0","0","1",46052,19988,25,0,0,12,0,17,6,13,1,4,0,0,29,483,208,268,2,5
"G5101450","1980","A","3","5","Virginia","51","6760","Powhatan","145",,,,,,,,,,,,,"06",,,,,,,,"POWHATAN COUNTY","0","0","0","1","1","0","0","1","0","0","0","0","0","1","1","0","0","0","0","0","1",9709,3320,9,0,0,2,0,2,5,1,0,1,0,0,13,49,39,4,1,5
"G5101470","1980","A","3","5","Virginia","51",,"Prince Edward","147",,,,,,,,,,,,,"06",,,,,,,,"PRINCE EDWARD COUNTY","0","0","0","1","0","0","0","0","0","0","0","0","0","0","0","0","0","0","0","1","0",10194,6169,9,0,0,5,12,11,3,7,2,4,0,0,40,126,44,69,2,11
"G5101490","1980","A","3","5","Virginia","51","6140","Prince George","149",,,,,,,,,,,,,"10",,,,,,,,"PRINCE GEORGE COUNTY","0","0","0","0","0","0","0","0","0","0","0","0","0","0","0","0","0","0","0","0","0",16965,7481,74,1,1,64,37,81,195,23,28,15,31,10,727,930,268,126,26,510
"G5101530","1980","A","3","5","Virginia","51","8840","Prince William","153",,,,,,,,,,,,,"05",,,,,,,,"PRINCE WILLIAM COUNTY","0","0","0","0","0","0","0","0","0","0","0","0","0","0","0","0","0","0","0","0","0",128947,11918,353,4,1,326,312,556,378,168,230,71,32,7,1400,3272,2282,137,144,709
"G5101550","1980","A","3","5","Virginia","51",,"Pulaski","155",,,,,,,,,,,,,"03",,,,,,,,"PULASKI COUNTY","0","0","0","0","0","0","0","0","0","0","0","0","0","0","0","0","0","0","0","0","1",33211,1867,52,1,0,12,21,2,16,7,4,2,0,0,34,182,147,24,1,10
"G5101570","1980","A","3","5","Virginia","51",,"Rappahannock","157",,,,,,,,,,,,,"05",,,,,,,,"RAPPAHANNOCK COUNTY","0","0","0","0","1","0","0","1","0","0","0","0","0","1","1","0","0","0","0","0","1",5388,689,0,0,0,0,2,2,3,1,1,0,0,0,7,54,30,20,0,4
"G5101590","1980","A","3","5","Virginia","51",,"Richmond","159",,,,,,,,,,,,,"08",,,,,,,,"RICHMOND COUNTY","0","0","0","1","1","0","1","0","0","0","0","0","1","1","1","0","0","0","0","1","0",4720,2218,2,0,0,0,0,2,0,0,0,1,0,0,9,50,14,31,2,3
"G5101610","1980","A","3","5","Virginia","51","6800","Roanoke","161",,,,,,,,,,,,,"A",,,,,,,,"ROANOKE COUNTY","0","0","0","0","0","0","0","1","0","0","0","0","0","0","0","0","0","0","0","0","1",70877,1685,35,1,0,16,27,62,46,82,16,0,0,1,97,354,306,8,13,27
"G5101630","1980","A","3","5","Virginia","51",,"Rockbridge","163",,,,,,,,,,,,,"03",,,,,,,,"ROCKBRIDGE COUNTY","0","0","0","1","0","0","0","1","0","0","0","0","1","0","1","0","0","0","0","1","1",17294,581,10,0,0,0,4,0,2,9,1,0,0,0,10,108,100,7,0,1
"G5101650","1980","A","3","5","Virginia","51",,"Rockingham","165",,,,,,,,,,,,,"04",,,,,,,,"ROCKINGHAM COUNTY","0","0","0","0","0","0","0","1","0","0","0","0","0","0","0","0","0","0","0","0","1",55976,788,33,0,0,30,23,10,15,7,54,2,3,0,97,415,347,10,7,51
"G5101670","1980","A","3","5","Virginia","51",,"Russell","167",,,,,,,,,,,,,"02",,,,,,,,"RUSSELL COUNTY","0","0","0","0","1","0","0","0","0","0","0","0","0","1","1","0","0","0","0","1","0",31412,300,28,0,0,1,1,0,2,5,1,0,4,0,7,157,150,0,6,1
"G5101690","1980","A","3","5","Virginia","51","3660","Scott","169",,,,,,,,,,,,,"02",,,,,,,,"SCOTT COUNTY","0","0","0","1","1","0","1","0","0","0","0","0","1","0","1","0","0","0","0","0","0",24887,157,14,0,0,1,0,1,1,2,0,0,0,0,5,122,121,0,1,0
"G5101710","1980","A","3","5","Virginia","51",,"Shenandoah","171",,,,,,,,,,,,,"04",,,,,,,,"SHENANDOAH COUNTY","0","0","0","0","0","0","0","0","0","0","0","0","0","0","0","0","0","0","0","0","0",27103,374,32,0,1,13,4,2,6,1,1,0,0,0,22,191,171,0,4,16
"G5101730","1980","A","3","5","Virginia","51",,"Smyth","173",,,,,,,,,,,,,"02",,,,,,,,"SMYTH COUNTY","0","0","0","0","0","0","0","1","0","0","0","0","0","0","0","0","0","0","0","1","0",32669,594,22,0,0,5,0,29,0,13,11,0,0,0,23,160,143,6,1,10
"G5101750","1980","A","3","5","Virginia","51",,"Southampton","175",,,,,,,,,,,,,"10",,,,,,,,"SOUTHAMPTON COUNTY","0","0","0","0","0","0","0","0","0","0","0","0","1","0","1","0","0","0","0","1","0",9667,8999,18,0,0,3,5,10,0,2,0,2,2,0,23,162,55,93,3,11
"G5101770","1980","A","3","5","Virginia","51",,"Spotsylvania","177",,,,,,,,,,,,,"05",,,,,,,,"SPOTSYLVANIA COUNTY","0","0","0","0","0","0","0","0","0","0","0","0","0","0","0","0","0","0","0","0","0",29013,5082,64,1,1,24,9,75,67,7,9,2,2,3,76,292,200,52,4,36
"G5101790","1980","A","3","5","Virginia","51",,"Stafford","179",,,,,,,,,,,,,"05",,,,,,,,"STAFFORD COUNTY","0","0","0","0","0","0","0","0","0","0","0","0","0","0","0","0","0","0","0","0","1",37115,2905,91,0,0,47,20,32,60,5,26,12,6,0,151,502,387,29,8,78
"G5101810","1980","A","3","5","Virginia","51",,"Surry","181",,,,,,,,,,,,,"10",,,,,,,,"SURRY COUNTY","0","0","0","1","1","0","1","1","0","0","1","0","1","0","0","0","0","0","0","0","0",2264,3779,1,0,0,0,0,0,0,0,0,1,0,0,1,113,2,111,0,0
"G5101830","1980","A","3","5","Virginia","51",,"Sussex","183",,,,,,,,,,,,,"10",,,,,,,,"SUSSEX COUNTY","0","0","0","1","1","0","1","0","0","0","1","0","0","1","0","0","0","0","0","0","0",4233,6635,1,0,0,1,0,0,0,3,0,1,0,0,0,182,11,170,1,0
"G5101850","1980","A","3","5","Virginia","51",,"Tazewell","185",,,,,,,,,,,,,"01",,,,,,,,"TAZEWELL COUNTY","0","0","0","0","0","0","0","0","0","0","0","0","0","0","0","0","0","0","0","0","1",48990,1304,39,0,0,10,13,56,10,36,2,0,0,0,51,274,239,21,5,9
"G5101870","1980","A","3","5","Virginia","51",,"Warren","187",,,,,,,,,,,,,"04",,,,,,,,"WARREN COUNTY","0","0","0","0","0","0","0","1","0","0","0","0","0","0","0","0","0","0","0","0","1",19887,1189,21,2,0,6,16,7,2,6,2,17,0,0,45,194,161,7,9,17
"G5101910","1980","A","3","5","Virginia","51","3660","Washington","191",,,,,,,,,,,,,"02",,,,,,,,"WASHINGTON COUNTY","0","0","0","0","0","0","0","1","0","0","0","0","0","0","0","0","0","0","0","0","1",45555,798,19,0,0,7,13,8,9,12,15,1,4,0,46,186,163,4,5,14
"G5101930","1980","A","3","5","Virginia","51",,"Westmoreland","193",,,,,,,,,,,,,"08",,,,,,,,"WESTMORELAND COUNTY","0","0","0","1","0","0","0","0","0","0","0","0","1","0","1","0","0","0","0","1","0",8646,5335,14,0,0,8,4,6,8,5,0,5,0,0,10,118,22,93,1,2
"G5101950","1980","A","3","5","Virginia","51",,"Wise","195",,,,,,,,,,,,,"01",,,,,,,,"WISE COUNTY","0","0","0","0","0","0","0","1","0","0","0","0","0","0","0","0","0","0","0","0","1",42836,857,38,0,0,6,3,19,7,62,0,2,0,0,33,204,183,7,2,12
"G5101970","1980","A","3","5","Virginia","51",,"Wythe","197",,,,,,,,,,,,,"02",,,,,,,,"WYTHE COUNTY","0","0","0","1","0","0","0","1","0","0","0","0","1","0","1","0","0","0","0","1","0",24541,910,11,0,0,3,10,7,8,1,14,1,0,0,16,101,96,1,2,2
"G5101990","1980","A","3","5","Virginia","51","5680","York","199",,,,,,,,,,,,,"E",,,,,,,,"YORK COUNTY","0","0","0","0","0","0","0","0","0","0","0","0","0","0","0","0","0","0","0","0","0",28636,6118,48,0,1,52,61,85,50,20,22,14,6,0,350,572,291,101,23,157
"G5105100","1980","F","3","5","Virginia","51","8840","Alexandria City","510",,,,,,,,,,,,,"B",,,,,,,,"ALEXANDRIA CITY","0","0","0","0","0","0","0","0","0","0","0","0","0","0","0","0","0","0","0","0","0",74726,23006,262,1,6,197,560,409,651,473,535,18,34,11,2328,4042,2665,242,143,992
"G5105150","1980","F","3","5","Virginia","51",,"Bedford City","515",,,,,,,,,,,,,"06",,,,,,,,"BEDFORD CITY","0","0","0","1","1","0","0","1","0","0","0","0","1","1","1","0","0","0","0","0","1",4810,1159,2,0,0,0,1,0,4,0,0,0,0,0,15,66,38,25,0,3
"G5105200","1980","F","3","5","Virginia","51","3660","Bristol City","520",,,,,,,,,,,,,"02",,,,,,,,"BRISTOL CITY","0","0","0","0","0","0","0","1","0","0","0","0","0","0","0","0","0","0","0","0","1",17803,1122,22,0,0,4,14,4,12,14,2,3,4,0,38,93,71,13,2,7
"G5105300","1980","F","3","5","Virginia","51",,"Buena Vista City","530",,,,,,,,,,,,,"03",,,,,,,,"BUENA VISTA CITY","0","0","0","1","1","0","0","1","0","0","0","0","0","0","0","0","0","0","0","1","1",6439,265,1,0,0,2,0,0,2,1,1,0,0,0,6,42,37,2,0,3
"G5105400","1980","F","3","5","Virginia","51","1540","Charlottesville City","540",,,,,,,,,,,,,"05",,,,,,,,"CHARLOTTESVILLE CITY","0","0","0","0","0","0","0","0","0","0","0","0","0","0","0","0","0","0","0","0","0",32131,7229,19,1,6,45,80,47,14,94,95,2,2,0,151,376,265,76,5,30
"G5105500","1980","F","3","5","Virginia","51","5720","Chesapeake City","550",,,,,,,,,,,,,"D",,,,,,,,"CHESAPEAKE CITY","0","0","0","0","0","0","0","0","0","0","0","0","0","0","0","0","0","0","0","0","0",81351,31600,244,2,2,59,91,610,39,43,66,25,22,3,329,1059,542,227,138,152
"G5105600","1980","F","3","5","Virginia","51",,"Clifton Forge City","560",,,,,,,,,,,,,"03",,,,,,,,"CLIFTON FORGE CITY","0","0","0","1","1","0","0","1","0","0","0","0","1","1","1","0","0","0","0","0","1",4224,797,9,0,0,0,0,6,1,2,0,0,0,0,7,35,23,5,6,1
"G5105700","1980","F","3","5","Virginia","51","6140","Colonial Heights City","570",,,,,,,,,,,,,"06",,,,,,,,"COLONIAL HEIGHTS CITY","0","0","0","0","0","0","0","0","0","0","0","0","0","0","0","0","0","0","0","0","0",16169,52,19,0,0,31,46,15,46,65,13,4,0,1,48,127,100,0,11,16
"G5105800","1980","F","3","5","Virginia","51",,"Covington City","580",,,,,,,,,,,,,"03",,,,,,,,"COVINGTON CITY","0","0","0","1","0","0","0","0","0","0","0","0","1","1","1","0","0","0","0","0","1",7824,1209,6,0,0,0,1,4,2,8,5,0,0,0,4,100,83,15,1,1
"G5105900","1980","F","3","5","Virginia","51","1950","Danville City","590",,,,,,,,,,,,,"07",,,,,,,,"DANVILLE CITY","0","0","0","0","0","0","0","0","0","0","0","0","0","0","0","0","0","0","0","0","0",31846,13573,37,0,0,16,27,55,9,18,2,5,0,0,54,305,152,129,8,16
"G5105950","1980","F","3","5","Virginia","51",,"Emporia City","595",,,,,,,,,,,,,"05",,,,,,,,"EMPORIA CITY","0","0","0","1","1","0","1","0","0","0","0","0","1","1","1","0","0","0","0","1","0",2874,1953,2,0,0,0,0,3,2,0,0,0,0,0,6,53,10,40,0,3
"G5106000","1980","F","3","5","Virginia","51","8840","Fairfax City","600",,,,,,,,,,,,,"B",,,,,,,,"FAIRFAX CITY","0","0","0","0","0","0","0","1","0","0","0","0","0","0","0","0","0","0","0","0","1",18099,585,43,5,1,35,83,43,145,81,88,2,1,1,178,379,300,11,17,51
"G5106100","1980","F","3","5","Virginia","51","8840","Falls Church City","610",,,,,,,,,,,,,"B",,,,,,,,"FALLS CHURCH CITY","0","0","0","1","0","0","0","1","0","0","0","0","1","0","1","0","0","0","0","0","1",8846,223,10,0,0,25,62,53,43,32,63,3,1,0,154,315,269,3,14,29
"G5106200","1980","F","3","5","Virginia","51",,"Franklin City","620",,,,,,,,,,,,,"10",,,,,,,,"FRANKLIN CITY","0","0","0","1","1","0","1","0","0","0","0","0","1","1","0","0","0","0","0","1","0",3246,4045,3,2,0,1,0,8,0,0,0,0,0,0,3,85,13,63,7,2
"G5106300","1980","F","3","5","Virginia","51",,"Fredericksburg City","630",,,,,,,,,,,,,"05",,,,,,,,"FREDERICKSBURG CITY","0","0","0","0","0","0","0","0","0","0","0","0","0","0","0","0","0","0","0","0","0",12089,3104,28,1,1,6,9,3,13,11,14,1,0,0,42,128,80,29,3,16
"G5106400","1980","F","3","5","Virginia","51",,"Galax City","640",,,,,,,,,,,,,"02",,,,,,,,"GALAX CITY","0","0","0","1","1","0","0","1","0","0","0","0","0","1","1","0","0","0","0","0","1",6197,307,11,0,0,3,0,0,1,1,0,0,0,0,4,59,55,2,0,2
"G5106500","1980","F","3","5","Virginia","51","5680","Hampton City","650",,,,,,,,,,,,,"E",,,,,,,,"HAMPTON CITY","0","0","0","0","0","0","0","0","0","0","0","0","0","0","0","0","0","0","0","0","0",78338,42072,238,1,2,175,156,263,274,118,167,52,14,4,743,1703,895,362,76,370
"G5106600","1980","F","3","5","Virginia","51",,"Harrisonburg City","660",,,,,,,,,,,,,"04",,,,,,,,"HARRISONBURG CITY","0","0","0","1","0","0","0","1","0","0","0","0","1","0","1","0","0","0","0","0","0",18622,874,13,0,0,16,23,17,10,20,38,3,2,0,33,134,112,1,5,16
"G5106700","1980","F","3","5","Virginia","51","6140","Hopewell City","670",,,,,,,,,,,,,"10",,,,,,,,"HOPEWELL CITY","0","0","0","0","0","0","0","0","0","0","0","0","0","0","0","0","0","0","0","0","0",18427,4661,31,0,0,16,6,23,72,11,17,2,14,1,116,230,129,39,2,60
"G5106780","1980","F","3","5","Virginia","51",,"Lexington City","678",,,,,,,,,,,,,"03",,,,,,,,"LEXINGTON CITY","0","0","0","1","0","0","0","1","0","0","0","0","1","1","1","0","0","0","0","0","1",6322,896,4,0,0,3,8,5,7,6,8,2,0,0,31,60,47,4,1,8
"G5106800","1980","F","3","5","Virginia","51","4640","Lynchburg City","680",,,,,,,,,,,,,"F",,,,,,,,"LYNCHBURG CITY","0","0","0","0","0","0","0","0","0","0","0","0","0","0","0","0","0","0","0","0","0",50354,15807,43,2,2,22,72,44,44,83,90,1,0,1,178,452,229,138,25,60
"G5106830","1980","F","3","5","Virginia","51","8840","Manassas City","683",,,,,,,,,,,,,"05",,,,,,,,"MANASSAS CITY","0","0","0","0","0","0","0","1","0","0","0","0","0","0","0","0","0","0","0","0","0",13736,1403,21,1,0,11,30,7,29,42,52,3,0,0,103,194,153,13,3,25
"G5106850","1980","F","3","5","Virginia","51","8840","Manassas Park City","685",,,,,,,,,,,,,"05",,,,,,,,"MANASSAS PARK CITY","0","0","0","0","0","0","0","0","0","0","0","0","0","1","1","0","0","0","0","0","0",6138,286,17,0,0,5,0,5,5,6,5,1,0,0,56,97,60,0,0,37
"G5106900","1980","F","3","5","Virginia","51",,"Martinsville City","690",,,,,,,,,,,,,"07",,,,,,,,"MARTINSVILLE CITY","0","0","0","1","0","0","0","0","0","0","0","0","0","1","1","0","0","0","0","0","1",12351,5728,1,0,0,3,18,4,3,1,24,1,0,0,15,113,52,44,12,5
"G5107000","1980","F","3","5","Virginia","51","5680","Newport News City","700",,,,,,,,,,,,,"E",,,,,,,,"NEWPORT NEWS CITY","0","0","0","0","0","0","0","0","0","0","0","0","0","0","0","0","0","0","0","0","0",95941,45584,312,10,1,265,164,308,716,108,216,50,56,23,1149,2587,1308,407,137,735
"G5107100","1980","F","3","5","Virginia","51","5720","Norfolk City","710",,,,,,,,,,,,,"D",,,,,,,,"NORFOLK CITY","0","0","0","0","0","0","0","0","0","0","0","0","0","0","0","0","0","0","0","0","0",162300,93987,850,27,8,309,418,5714,138,163,206,95,69,37,2658,6074,2400,926,1156,1592
"G5107200","1980","F","3","5","Virginia","51",,"Norton City","720",,,,,,,,,,,,,"01",,,,,,,,"NORTON CITY","0","0","0","1","0","0","1","0","0","0","0","0","0","1","1","0","0","0","0","1","0",4469,249,1,0,0,0,0,20,0,5,0,0,0,0,13,37,33,0,0,4
"G5107300","1980","F","3","5","Virginia","51","6140","Petersburg City","730",,,,,,,,,,,,,"06",,,,,,,,"PETERSBURG CITY","0","0","0","0","0","0","0","0","0","0","0","0","0","0","0","0","0","0","0","0","0",15437,25080,45,0,0,41,34,53,90,44,38,6,2,1,184,462,165,204,16,77
"G5107350","1980","F","3","5","Virginia","51","5680","Poquoson City","735",,,,,,,,,,,,,"E",,,,,,,,"POQUOSON CITY","0","0","0","1","0","0","0","0","0","0","0","0","1","0","1","0","0","0","0","1","0",8623,25,8,0,0,12,15,1,9,14,0,1,1,0,17,46,43,0,1,2
"G5107400","1980","F","3","5","Virginia","51","5720","Portsmouth City","740",,,,,,,,,,,,,"D",,,,,,,,"PORTSMOUTH CITY","0","0","0","0","0","0","0","0","0","0","0","0","0","0","0","0","0","0","0","0","0",56190,47185,172,1,0,51,88,455,29,35,35,18,4,3,311,1042,426,343,110,163
"G5107500","1980","F","3","5","Virginia","51",,"Radford City","750",,,,,,,,,,,,,"03",,,,,,,,"RADFORD CITY","0","0","0","1","0","0","0","1","0","0","0","0","1","0","1","0","0","0","0","1","0",12250,860,8,1,1,5,16,10,5,19,2,0,0,1,47,92,79,1,0,12
"G5107600","1980","F","3","5","Virginia","51","6760","Richmond City","760",,,,,,,,,,,,,"C",,,,,,,,"RICHMOND CITY","0","0","0","0","0","0","0","0","0","0","0","0","0","0","0","0","0","0","0","0","0",104743,112357,352,3,2,75,264,81,146,139,226,34,2,9,781,2210,839,1114,54,203
"G5107700","1980","F","3","5","Virginia","51","6800","Roanoke City","770",,,,,,,,,,,,,"A",,,,,,,,"ROANOKE CITY","0","0","0","0","0","0","0","0","0","0","0","0","0","0","0","0","0","0","0","0","0",77494,22040,73,0,0,24,44,90,33,41,62,14,2,2,301,681,413,179,31,58
"G5107750","1980","F","3","5","Virginia","51","6800","Salem City","775",,,,,,,,,,,,,"A",,,,,,,,"SALEM CITY","0","0","0","0","0","0","0","1","0","0","0","0","0","0","0","0","0","0","0","0","1",22770,1063,24,0,0,3,20,8,24,14,4,1,0,0,27,99,85,3,6,5
"G5107800","1980","F","3","5","Virginia","51",,"South Boston City","780",,,,,,,,,,,,,"07",,,,,,,,"SOUTH BOSTON CITY","0","0","0","1","0","0","1","0","0","0","0","0","1","0","1","0","0","0","0","0","0",4479,2562,5,0,0,7,0,14,9,6,3,0,0,0,8,53,22,28,0,3
"G5107900","1980","F","3","5","Virginia","51",,"Staunton City","790",,,,,,,,,,,,,"04",,,,,,,,"STAUNTON CITY","0","0","0","0","0","0","0","0","0","0","0","0","0","0","0","0","0","0","0","0","1",19295,2461,26,0,0,3,8,13,8,12,2,1,1,0,27,116,89,18,5,4
"G5108000","1980","F","3","5","Virginia","51","5720","Suffolk City","800",,,,,,,,,,,,,"10",,,,,,,,"SUFFOLK CITY","0","0","0","0","0","0","0","0","0","0","0","0","0","0","0","0","0","0","0","0","0",24735,22682,57,0,0,8,21,28,12,30,1,7,1,1,38,349,117,214,3,15
"G5108100","1980","F","3","5","Virginia","51","5720","Virginia Beach City","810",,,,,,,,,,,,,"D",,,,,,,,"VIRGINIA BEACH CITY","0","0","0","0","0","0","0","0","0","0","0","0","0","0","0","0","0","0","0","0","0",226788,26291,606,14,13,334,412,4878,271,239,234,87,72,43,1917,5160,2928,325,868,1039
"G5108200","1980","F","3","5","Virginia","51",,"Waynesboro City","820",,,,,,,,,,,,,"04",,,,,,,,"WAYNESBORO CITY","0","0","0","1","0","0","0","0","0","0","0","0","0","0","0","0","0","0","0","0","1",13964,1294,12,0,0,3,14,4,3,7,4,2,0,0,22,91,68,20,2,1
"G5108300","1980","F","3","5","Virginia","51","5680","Williamsburg City","830",,,,,,,,,,,,,"08",,,,,,,,"WILLIAMSBURG CITY","0","0","0","1","0","0","0","1","0","0","0","0","1","0","1","0","0","0","0","0","1",8624,1031,10,2,0,28,44,20,16,21,4,2,0,0,68,106,78,6,4,18
"G5108400","1980","F","3","5","Virginia","51",,"Winchester City","840",,,,,,,,,,,,,"04",,,,,,,,"WINCHESTER CITY","0","0","0","1","0","0","0","1","0","0","0","0","0","0","0","0","0","0","0","0","1",18262,1795,13,0,0,9,17,3,30,9,29,2,0,0,48,114,88,7,3,16
"G5300010","1980","A","4","9","Washington","53",,"Adams","001",,,,,,,,,,,,,"07",,,,,,,,"ADAMS COUNTY","0","0","0","0","0","0","0","1","0","0","0","0","0","0","0","0","0","0","0","0","0",11339,36,59,2,0,29,10,15,9,3,2,2,0,0,1761,2953,1206,4,18,1725
"G5300030","1980","A","4","9","Washington","53",,"Asotin","003",,,,,,,,,,,,,"07",,,,,,,,"ASOTIN COUNTY","0","0","0","0","0","0","0","0","0","0","0","1","0","0","1","0","0","0","0","0","0",16514,20,156,5,4,3,14,8,17,1,3,7,0,0,71,157,109,0,5,43
"G5300050","1980","A","4","9","Washington","53","6740","Benton","005",,,,,,,,,,,,,"06",,,,,,,,"BENTON COUNTY","0","0","0","0","0","0","0","1","0","0","0","0","0","0","0","0","0","0","0","0","1",103107,857,763,15,1,231,317,233,114,337,161,45,9,11,3243,4598,1672,6,77,2843
"G5300070","1980","A","4","9","Washington","53",,"Chelan","007",,,,,,,,,,,,,"05",,,,,,,,"CHELAN COUNTY","0","0","0","0","0","0","0","1","0","0","0","0","0","0","0","0","0","0","0","0","0",43701,47,347,8,3,31,25,27,19,14,40,36,10,2,751,1368,657,2,41,668
"G5300090","1980","A","4","9","Washington","53",,"Clallam","009",,,,,,,,,,,,,"01",,,,,,,,"CLALLAM COUNTY","0","0","0","0","0","0","0","1","0","0","0","0","0","0","0","0","0","0","0","0","0",48674,114,2067,24,22,53,41,98,86,21,81,21,3,2,341,647,434,2,47,164
"G5300110","1980","A","4","9","Washington","53","6440","Clark","011",,,,,,,,,,,,,"C",,,,,,,,"CLARK COUNTY","0","0","0","0","0","0","0","1","0","0","0","0","0","0","0","0","0","0","0","0","1",184827,1682,1460,23,38,301,323,405,463,126,402,118,123,33,1903,3059,1904,12,213,930
"G5300130","1980","A","4","9","Washington","53",,"Columbia","013",,,,,,,,,,,,,"07",,,,,,,,"COLUMBIA COUNTY","0","0","0","0","0","0","0","0","0","0","0","0","0","1","1","0","0","0","0","0","0",3937,0,29,0,0,3,5,3,2,3,2,0,1,0,72,113,39,0,8,66
"G5300150","1980","A","4","9","Washington","53",,"Cowlitz","015",,,,,,,,,,,,,"04",,,,,,,,"COWLITZ COUNTY","0","0","0","0","0","0","0","1","0","0","0","0","0","0","0","0","0","0","0","0","1",76964,191,942,13,9,83,72,148,66,25,368,42,6,1,618,1067,682,3,105,277
"G5300170","1980","A","4","9","Washington","53",,"Douglas","017",,,,,,,,,,,,,"07",,,,,,,,"DOUGLAS COUNTY","0","0","0","0","0","0","0","0","0","0","0","0","0","0","0","0","0","0","0","0","0",21538,20,168,5,5,34,6,20,12,3,10,6,1,0,316,652,377,0,9,266
"G5300190","1980","A","4","9","Washington","53",,"Ferry","019",,,,,,,,,,,,,"08",,,,,,,,"FERRY COUNTY","0","0","0","0","1","0","0","0","0","0","0","1","0","1","0","0","0","0","0","1","0",4759,32,978,3,2,1,1,0,4,0,0,0,0,0,31,61,37,0,8,16
"G5300210","1980","A","4","9","Washington","53","6740","Franklin","021",,,,,,,,,,,,,"07",,,,,,,,"FRANKLIN COUNTY","0","0","0","0","0","0","0","1","0","0","0","0","0","0","0","0","0","0","0","0","1",30025,1452,232,0,2,66,31,66,31,35,87,12,2,0,2984,5412,2523,11,27,2851
"G5300230","1980","A","4","9","Washington","53",,"Garfield","023",,,,,,,,,,,,,"07",,,,,,,,"GARFIELD COUNTY","0","0","0","1","1","1","1","0","0","0","0","0","1","1","1","0","0","0","1","1","0",2451,0,2,0,0,1,0,0,2,0,0,0,2,5,5,6,3,0,0,3
"G5300250","1980","A","4","9","Washington","53",,"Grant","025",,,,,,,,,,,,,"07",,,,,,,,"GRANT COUNTY","0","0","0","0","0","0","0","1","0","0","0","0","0","0","0","0","0","0","0","0","1",43684,539,416,5,2,355,36,30,33,14,39,21,5,1,3342,5469,2207,14,62,3186
"G5300270","1980","A","4","9","Washington","53",,"Grays Harbor","027",,,,,,,,,,,,,"01",,,,,,,,"GRAYS HARBOR COUNTY","0","0","0","0","0","0","0","1","0","0","0","0","0","0","0","0","0","0","0","0","1",63108,77,2246,15,32,52,103,141,49,24,32,49,7,8,371,870,533,4,109,224
"G5300290","1980","A","4","9","Washington","53",,"Island","029",,,,,,,,,,,,,"02",,,,,,,,"ISLAND COUNTY","0","0","0","0","0","0","0","1","0","0","0","0","0","0","0","0","0","0","0","0","1",41049,677,352,6,22,199,45,901,29,4,8,66,113,11,566,1124,536,13,266,309
"G5300310","1980","A","4","9","Washington","53",,"Jefferson","031",,,,,,,,,,,,,"01",,,,,,,,"JEFFERSON COUNTY","0","0","0","0","0","0","0","1","0","0","0","0","0","0","0","0","0","0","0","0","1",15284,40,425,12,3,52,11,7,15,3,10,3,1,2,97,204,136,2,21,45
"G5300330","1980","A","4","9","Washington","53","7600","King","033",,,,,,,,"91",,,,,"A",,,,,,,,"KING COUNTY","0","0","0","0","0","0","0","0","0","0","0","0","0","0","0","0","0","0","0","0","0",1122011,55950,11363,483,591,16391,13864,14030,5125,2167,4757,966,265,1147,20639,26631,14286,725,3097,8523
"G5300350","1980","A","4","9","Washington","53","1150","Kitsap","035",,,,,,,,,,,,,"03",,,,,,,,"KITSAP COUNTY","0","0","0","0","0","0","0","0","0","0","0","0","0","0","0","0","0","0","0","0","0",135946,2704,1947,35,48,701,207,2324,240,48,258,132,552,100,1910,3781,1931,50,730,1070
"G5300370","1980","A","4","9","Washington","53",,"Kittitas","037",,,,,,,,,,,,,"06",,,,,,,,"KITTITAS COUNTY","0","0","0","0","0","0","0","1","0","0","0","0","0","0","0","0","0","0","0","0","1",24096,139,199,10,2,63,30,27,17,13,17,10,2,2,250,314,180,10,19,105
"G5300390","1980","A","4","9","Washington","53",,"Klickitat","039",,,,,,,,,,,,,"06",,,,,,,,"KLICKITAT COUNTY","0","0","0","0","0","0","0","0","0","0","0","0","0","0","0","0","0","0","0","0","0",14969,19,461,6,0,44,3,20,8,9,5,5,4,0,269,474,229,0,13,232
"G5300410","1980","A","4","9","Washington","53",,"Lewis","041",,,,,,,,,,,,,"04",,,,,,,,"LEWIS COUNTY","0","0","0","0","0","0","0","1","0","0","0","0","0","0","0","0","0","0","0","0","0",54826,81,475,3,16,35,34,45,80,23,43,28,2,7,327,680,437,3,44,196
"G5300430","1980","A","4","9","Washington","53",,"Lincoln","043",,,,,,,,,,,,,"07",,,,,,,,"LINCOLN COUNTY","0","0","1","0","0","0","0","0","0","0","0","0","0","1","1","0","0","0","0","0","0",9418,4,134,0,1,7,5,4,1,1,0,7,0,0,22,74,46,0,14,14
"G5300450","1980","A","4","9","Washington","53",,"Mason","045",,,,,,,,,,,,,"01",,,,,,,,"MASON COUNTY","0","0","0","0","0","0","0","0","0","0","0","0","0","0","0","0","0","0","0","0","0",29548,126,988,2,18,49,34,35,20,10,10,7,28,39,270,432,236,0,42,154
"G5300470","1980","A","4","9","Washington","53",,"Okanogan","047",,,,,,,,,,,,,"05",,,,,,,,"OKANOGAN COUNTY","0","0","0","0","0","0","0","0","0","0","0","0","0","0","0","0","0","0","0","0","0",26852,31,3217,10,6,12,5,26,14,1,3,8,0,1,453,626,207,0,54,365
"G5300490","1980","A","4","9","Washington","53",,"Pacific","049",,,,,,,,,,,,,"01",,,,,,,,"PACIFIC COUNTY","0","0","0","0","0","0","0","0","0","0","0","0","0","0","0","0","0","0","0","0","0",16601,35,353,0,4,38,8,24,10,6,2,2,0,4,150,172,85,0,22,65
"G5300510","1980","A","4","9","Washington","53",,"Pend Oreille","051",,,,,,,,,,,,,"08",,,,,,,,"PEND OREILLE COUNTY","0","0","1","0","0","0","0","1","0","0","0","1","0","0","1","0","0","0","0","0","1",8329,6,192,0,0,10,1,4,0,0,0,3,1,0,34,102,74,1,10,17
"G5300530","1980","A","4","9","Washington","53","8200","Pierce","053",,,,,,,,"91",,,,,"B",,,,,,,,"PIERCE COUNTY","0","0","0","0","0","0","0","0","0","0","0","0","0","0","0","0","0","0","0","0","0",425951,29827,5619,193,107,3480,811,2938,4360,228,1109,754,569,373,9324,12892,5940,493,1336,5123
"G5300550","1980","A","4","9","Washington","53",,"San Juan","055",,,,,,,,,,,,,"02",,,,,,,,"SAN JUAN COUNTY","0","0","1","0","0","0","0","0","0","0","0","1","0","0","1","0","0","0","0","1","0",7702,8,49,2,2,11,13,5,3,2,1,0,0,0,40,50,42,0,1,7
"G5300570","1980","A","4","9","Washington","53",,"Skagit","057",,,,,,,,,,,,,"02",,,,,,,,"SKAGIT COUNTY","0","0","0","0","0","0","0","0","0","0","0","0","0","0","0","0","0","0","0","0","0",61112,92,1095,10,33,113,26,58,47,24,65,9,5,0,1449,2008,715,0,41,1252
"G5300590","1980","A","4","9","Washington","53",,"Skamania","059",,,,,,,,,,,,,"04",,,,,,,,"SKAMANIA COUNTY","0","0","1","0","0","0","0","0","0","0","0","1","0","1","0","0","0","0","0","0","0",7751,7,93,0,1,4,2,7,8,1,5,0,0,0,40,81,54,0,5,22
"G5300610","1980","A","4","9","Washington","53","7600","Snohomish","061",,,,,,,,"91",,,,,"E",,,,,,,,"SNOHOMISH COUNTY","0","0","0","0","0","0","0","0","0","0","0","0","0","0","0","0","0","0","0","0","0",323080,2199,3799,153,207,1144,569,1124,915,267,549,273,63,17,3361,5440,3328,71,376,1665
"G5300630","1980","A","4","9","Washington","53","7840","Spokane","063",,,,,,,,,,,,,"D",,,,,,,,"SPOKANE COUNTY","0","0","0","0","0","0","0","0","0","0","0","0","0","0","0","0","0","0","0","0","0",326221,4305,4085,76,32,1516,471,459,387,166,688,142,64,18,3205,4811,3051,67,299,1394
"G5300650","1980","A","4","9","Washington","53",,"Stevens","065",,,,,,,,,,,,,"08",,,,,,,,"STEVENS COUNTY","0","0","0","0","0","0","0","0","0","0","0","0","0","0","0","0","0","0","0","0","0",27165,27,1492,7,5,22,10,14,18,5,26,8,0,1,179,310,143,0,53,114
"G5300670","1980","A","4","9","Washington","53","5910","Thurston","067",,,,,,,,,,,,,"04",,,,,,,,"THURSTON COUNTY","0","0","0","0","0","0","0","0","0","0","0","0","0","0","0","0","0","0","0","0","0",117327,1019,1664,21,41,346,216,380,535,121,684,95,47,15,1753,2577,1459,17,225,876
"G5300690","1980","A","4","9","Washington","53",,"Wahkiakum","069",,,,,,,,,,,,,"01",,,,,,,,"WAHKIAKUM COUNTY","0","0","0","0","0","0","0","0","0","0","0","0","0","1","1","0","0","0","0","0","0",3717,0,53,1,0,4,5,2,0,2,0,2,0,0,46,78,33,0,1,44
"G5300710","1980","A","4","9","Washington","53",,"Walla Walla","071",,,,,,,,,,,,,"07",,,,,,,,"WALLA WALLA COUNTY","0","0","0","0","0","0","0","1","0","0","0","0","0","0","0","0","0","0","0","0","1",44051,722,298,9,8,123,95,28,37,20,13,14,11,4,2002,2572,690,7,39,1836
"G5300730","1980","A","4","9","Washington","53","0860","Whatcom","073",,,,,,,,,,,,,"02",,,,,,,,"WHATCOM COUNTY","0","0","0","0","0","0","0","1","0","0","0","0","0","0","0","0","0","0","0","0","0",100895,328,3127,56,69,204,141,127,147,48,180,27,31,4,1317,2065,1050,9,126,880
"G5300750","1980","A","4","9","Washington","53",,"Whitman","075",,,,,,,,,,,,,"07",,,,,,,,"WHITMAN COUNTY","0","0","0","0","0","0","0","1","0","0","0","0","0","0","0","0","0","0","0","0","1",37600,560,241,9,4,268,341,64,103,164,120,27,8,12,582,631,360,6,37,228
"G5300770","1980","A","4","9","Washington","53","9260","Yakima","077",,,,,,,,,,,,,"06",,,,,,,,"YAKIMA COUNTY","0","0","0","0","0","0","0","0","0","0","0","0","0","0","0","0","0","0","0","0","0",143041,1601,6600,31,25,299,183,527,57,63,58,29,7,10,19977,25455,5661,43,423,19328
"G5400010","1980","A","3","5","West Virginia","54",,"Barbour","001",,,,,,,,,,,,,"03",,,,,,,,"BARBOUR COUNTY","0","0","0","0","0","0","0","1","0","0","0","0","0","0","0","0","0","0","0","1","0",16416,154,22,0,0,0,3,6,6,5,0,0,1,0,26,109,100,1,2,6
"G5400030","1980","A","3","5","West Virginia","54",,"Berkeley","003",,,,,,,,,,,,,"06",,,,,,,,"BERKELEY COUNTY","0","0","0","0","0","0","0","0","0","0","0","0","0","0","0","0","0","0","0","0","0",44764,1701,45,0,0,22,19,30,9,44,3,0,3,3,132,341,276,19,5,41
"G5400050","1980","A","3","5","West Virginia","54",,"Boone","005",,,,,,,,,,,,,"04",,,,,,,,"BOONE COUNTY","0","0","0","0","0","0","0","1","0","0","0","0","0","0","0","0","0","0","0","0","1",30064,297,16,0,2,1,6,11,3,15,4,0,0,0,28,164,151,7,3,3
"G5400070","1980","A","3","5","West Virginia","54",,"Braxton","007",,,,,,,,,,,,,"02",,,,,,,,"BRAXTON COUNTY","0","0","0","1","1","0","1","0","0","0","0","0","0","1","1","0","0","0","0","1","0",13795,75,11,1,0,5,0,3,0,0,0,1,0,0,3,79,78,0,1,0
"G5400090","1980","A","3","5","West Virginia","54","8080","Brooke","009",,,,,,,,,,,,,"01",,,,,,,,"BROOKE COUNTY","0","0","0","0","0","0","1","0","0","0","0","0","0","0","0","0","0","0","0","0","0",30792,248,20,0,0,8,7,3,2,6,1,1,0,0,29,113,107,0,0,6
"G5400110","1980","A","3","5","West Virginia","54","3400","Cabell","011",,,,,,,,,,,,,"B",,,,,,,,"CABELL COUNTY","0","0","0","0","0","0","0","0","0","0","0","0","0","0","0","0","0","0","0","0","0",101627,4488,70,1,1,22,80,98,35,138,10,4,1,0,260,520,424,35,26,35
"G5400130","1980","A","3","5","West Virginia","54",,"Calhoun","013",,,,,,,,,,,,,"02",,,,,,,,"CALHOUN COUNTY","0","0","1","1","0","0","1","0","0","0","0","1","1","0","0","0","0","0","0","1","0",8187,12,4,0,0,5,0,33,1,7,0,0,0,0,1,66,58,0,8,0
"G5400150","1980","A","3","5","West Virginia","54",,"Clay","015",,,,,,,,,,,,,"02",,,,,,,,"CLAY COUNTY","0","0","1","1","1","0","1","0","0","0","0","1","1","1","1","0","0","0","0","0","0",11246,4,3,0,0,0,0,1,0,2,0,0,0,0,9,74,73,0,1,0
"G5400170","1980","A","3","5","West Virginia","54",,"Doddridge","017",,,,,,,,,,,,,"02",,,,,,,,"DODDRIDGE COUNTY","0","0","1","1","1","0","1","0","0","0","0","0","1","0","1","0","0","0","0","0","0",7406,4,8,0,0,3,0,0,0,1,0,0,0,0,11,45,43,0,0,2
"G5400190","1980","A","3","5","West Virginia","54",,"Fayette","019",,,,,,,,,,,,,"04",,,,,,,,"FAYETTE COUNTY","0","0","0","0","0","0","0","0","0","0","0","0","0","0","0","0","0","0","0","0","1",53276,4321,41,1,2,5,18,64,6,30,8,3,4,0,84,465,429,16,4,16
"G5400210","1980","A","3","5","West Virginia","54",,"Gilmer","021",,,,,,,,,,,,,"02",,,,,,,,"GILMER COUNTY","0","0","0","0","1","0","0","0","0","0","0","0","0","1","1","0","0","0","0","0","0",8256,37,19,0,0,5,1,0,5,1,0,0,0,0,10,41,39,0,1,1
"G5400230","1980","A","3","5","West Virginia","54",,"Grant","023",,,,,,,,,,,,,"05",,,,,,,,"GRANT COUNTY","0","0","0","1","1","0","0","1","0","0","0","0","1","1","1","0","0","0","0","1","1",10059,121,5,0,0,0,1,0,0,10,0,0,0,0,14,89,83,5,1,0
"G5400250","1980","A","3","5","West Virginia","54",,"Greenbrier","025",,,,,,,,,,,,,"05",,,,,,,,"GREENBRIER COUNTY","0","0","0","0","0","0","0","1","0","0","0","0","0","0","0","0","0","0","0","0","1",35992,1539,25,0,0,4,9,18,4,10,6,0,1,0,57,208,171,13,4,20
"G5400270","1980","A","3","5","West Virginia","54",,"Hampshire","027",,,,,,,,,,,,,"05",,,,,,,,"HAMPSHIRE COUNTY","0","0","0","1","0","0","0","0","0","0","0","0","1","0","1","0","0","0","0","1","0",14714,107,10,1,0,3,0,2,7,3,7,0,3,0,10,64,54,0,3,7
"G5400290","1980","A","3","5","West Virginia","54","8080","Hancock","029",,,,,,,,,,,,,"01",,,,,,,,"HANCOCK COUNTY","0","0","0","0","0","0","0","1","0","0","0","0","0","0","0","0","0","0","0","0","1",39183,1035,38,0,0,3,7,33,8,50,6,3,0,0,52,236,218,4,2,12
"G5400310","1980","A","3","5","West Virginia","54",,"Hardy","031",,,,,,,,,,,,,"05",,,,,,,,"HARDY COUNTY","0","0","0","1","1","0","1","1","0","0","0","0","1","1","1","0","0","0","0","1","1",9816,203,8,0,0,0,0,0,0,2,0,0,0,0,1,71,68,3,0,0
"G5400330","1980","A","3","5","West Virginia","54",,"Harrison","033",,,,,,,,,,,,,"03",,,,,,,,"HARRISON COUNTY","0","0","0","0","0","0","0","1","0","0","0","0","0","0","0","0","0","0","0","0","1",76384,1014,45,4,0,8,1,41,21,59,3,3,0,1,126,909,850,4,17,38
"G5400350","1980","A","3","5","West Virginia","54",,"Jackson","035",,,,,,,,,,,,,"02",,,,,,,,"JACKSON COUNTY","0","0","0","0","0","0","0","0","0","0","0","0","1","0","1","0","0","0","0","0","0",25711,16,15,0,0,2,2,5,1,14,2,1,1,1,23,111,106,0,1,4
"G5400370","1980","A","3","5","West Virginia","54",,"Jefferson","037",,,,,,,,,,,,,"06",,,,,,,,"JEFFERSON COUNTY","0","0","0","0","0","0","0","0","0","0","0","0","0","0","0","0","0","0","0","0","0",27389,2733,40,0,0,9,1,30,11,15,2,1,1,0,70,245,184,23,4,34
"G5400390","1980","A","3","5","West Virginia","54","1480","Kanawha","039",,,,,,,,,,,,,"C",,,,,,,,"KANAWHA COUNTY","0","0","0","0","0","0","0","0","0","0","0","0","0","0","0","0","0","0","0","0","0",215953,13776,155,8,1,45,192,228,86,397,52,11,1,2,507,1210,992,64,50,104
"G5400410","1980","A","3","5","West Virginia","54",,"Lewis","041",,,,,,,,,,,,,"02",,,,,,,,"LEWIS COUNTY","0","0","0","1","0","0","0","0","0","0","0","0","1","0","1","0","0","0","0","1","0",18672,61,9,0,0,1,0,43,7,5,4,0,0,0,11,96,79,0,16,1
"G5400430","1980","A","3","5","West Virginia","54",,"Lincoln","043",,,,,,,,,,,,,"02",,,,,,,,"LINCOLN COUNTY","0","0","1","1","1","0","1","0","0","0","0","1","1","1","1","0","0","0","0","0","0",23632,4,14,0,0,2,0,1,1,6,1,0,0,0,14,161,158,0,0,3
"G5400450","1980","A","3","5","West Virginia","54",,"Logan","045",,,,,,,,,,,,,"04",,,,,,,,"LOGAN COUNTY","0","0","0","0","0","0","0","0","0","0","0","0","0","0","0","0","0","0","0","0","0",48290,2149,40,2,0,1,5,69,8,27,0,2,1,0,85,561,476,23,18,44
"G5400470","1980","A","3","5","West Virginia","54",,"McDowell","047",,,,,,,,,,,,,"04",,,,,,,,"MCDOWELL COUNTY","0","0","0","0","0","0","0","0","0","0","0","0","0","0","0","0","0","0","0","0","0",42401,7378,25,0,0,2,0,11,1,17,6,9,0,0,49,499,416,72,4,7
"G5400490","1980","A","3","5","West Virginia","54",,"Marion","049",,,,,,,,,,,,,"03",,,,,,,,"MARION COUNTY","0","0","0","0","0","0","0","0","0","0","0","0","0","0","0","0","0","0","0","0","0",63186,2263,91,2,0,15,50,15,9,59,0,1,2,1,95,463,405,28,10,20
"G5400510","1980","A","3","5","West Virginia","54","9000","Marshall","051",,,,,,,,,,,,,"A",,,,,,,,"MARSHALL COUNTY","0","0","0","0","0","0","0","1","0","0","0","0","0","0","0","0","0","0","0","0","1",41198,247,29,0,0,10,3,27,14,23,6,2,0,0,49,400,381,6,3,10
"G5400530","1980","A","3","5","West Virginia","54",,"Mason","053",,,,,,,,,,,,,"02",,,,,,,,"MASON COUNTY","0","0","0","1","0","0","0","1","0","0","0","0","1","0","1","0","0","0","0","0","1",26799,135,11,0,0,4,8,44,13,8,0,4,0,0,19,109,102,1,2,4
"G5400550","1980","A","3","5","West Virginia","54",,"Mercer","055",,,,,,,,,,,,,"04",,,,,,,,"MERCER COUNTY","0","0","0","0","0","0","0","1","0","0","0","0","0","0","0","0","0","0","0","0","1",68483,5030,65,1,0,7,21,63,43,81,33,1,1,0,113,526,480,10,10,26
"G5400570","1980","A","3","5","West Virginia","54","1900","Mineral","057",,,,,,,,,,,,,"05",,,,,,,,"MINERAL COUNTY","0","0","0","0","0","0","0","0","0","0","0","0","0","1","1","0","0","0","0","0","0",26334,804,24,1,1,5,0,12,11,17,6,1,0,0,18,93,75,0,5,13
"G5400590","1980","A","3","5","West Virginia","54",,"Mingo","059",,,,,,,,,,,,,"04",,,,,,,,"MINGO COUNTY","0","0","0","1","0","0","0","1","0","0","0","0","0","0","0","0","0","0","0","0","1",36162,1100,11,0,0,1,4,18,3,7,5,0,0,0,25,272,248,1,9,14
"G5400610","1980","A","3","5","West Virginia","54",,"Monongalia","061",,,,,,,,,,,,,"03",,,,,,,,"MONONGALIA COUNTY","0","0","0","0","0","0","0","0","0","0","0","0","0","0","0","0","0","0","0","0","0",72270,1536,82,0,2,105,266,49,77,217,31,1,1,1,386,556,458,17,18,63
"G5400630","1980","A","3","5","West Virginia","54",,"Monroe","063",,,,,,,,,,,,,"05",,,,,,,,"MONROE COUNTY","0","0","0","0","0","0","0","1","0","0","0","0","0","0","0","0","0","0","0","0","1",12611,204,17,0,0,1,2,7,1,4,2,0,0,0,24,116,105,1,2,8
"G5400650","1980","A","3","5","West Virginia","54",,"Morgan","065",,,,,,,,,,,,,"06",,,,,,,,"MORGAN COUNTY","0","0","0","1","1","0","0","0","0","0","0","0","1","1","1","0","0","0","0","0","0",10583,104,8,0,0,1,0,5,3,1,1,0,0,0,5,49,49,0,0,0
"G5400670","1980","A","3","5","West Virginia","54",,"Nicholas","067",,,,,,,,,,,,,"02",,,,,,,,"NICHOLAS COUNTY","0","0","1","0","0","0","1","0","0","0","0","1","0","0","1","0","0","0","0","0","0",28051,3,15,0,0,9,9,1,6,10,0,0,0,0,22,136,134,0,0,2
"G5400690","1980","A","3","5","West Virginia","54","9000","Ohio","069",,,,,,,,,,,,,"A",,,,,,,,"OHIO COUNTY","0","0","0","0","0","0","0","1","0","0","0","0","0","0","0","0","0","0","0","0","1",58876,2126,44,2,3,6,50,61,29,57,11,9,2,3,110,309,252,10,31,16
"G5400710","1980","A","3","5","West Virginia","54",,"Pendleton","071",,,,,,,,,,,,,"05",,,,,,,,"PENDLETON COUNTY","0","0","0","1","0","0","1","0","0","0","0","0","1","1","1","0","0","0","0","0","0",7713,171,4,0,0,2,2,12,0,0,0,1,0,0,5,62,61,0,1,0
"G5400730","1980","A","3","5","West Virginia","54",,"Pleasants","073",,,,,,,,,,,,,"01",,,,,,,,"PLEASANTS COUNTY","0","0","0","1","1","0","0","0","0","0","0","1","1","0","0","0","0","0","0","0","0",8207,25,1,1,0,0,0,0,0,2,0,0,0,0,0,39,39,0,0,0
"G5400750","1980","A","3","5","West Virginia","54",,"Pocahontas","075",,,,,,,,,,,,,"05",,,,,,,,"POCAHONTAS COUNTY","0","0","0","0","1","0","0","1","0","0","0","0","0","1","1","0","0","0","0","0","1",9814,70,15,0,0,3,4,3,0,2,0,0,0,1,7,56,50,2,0,4
"G5400770","1980","A","3","5","West Virginia","54",,"Preston","077",,,,,,,,,,,,,"03",,,,,,,,"PRESTON COUNTY","0","0","0","0","1","0","1","0","0","0","0","0","0","1","1","0","0","0","0","0","0",30322,55,45,2,0,0,10,0,9,7,1,2,0,0,7,205,202,0,0,3
"G5400790","1980","A","3","5","West Virginia","54","1480","Putnam","079",,,,,,,,,,,,,"02",,,,,,,,"PUTNAM COUNTY","0","0","0","0","0","0","0","1","0","0","0","0","0","0","0","0","0","0","0","0","0",38012,52,25,6,0,5,6,11,12,15,8,1,0,0,28,195,174,2,4,15
"G5400810","1980","A","3","5","West Virginia","54",,"Raleigh","081",,,,,,,,,,,,,"04",,,,,,,,"RALEIGH COUNTY","0","0","0","0","0","0","0","0","0","0","0","0","0","0","0","0","0","0","0","0","0",79408,6862,59,2,1,19,30,127,48,105,13,4,0,0,143,546,485,24,16,21
"G5400830","1980","A","3","5","West Virginia","54",,"Randolph","083",,,,,,,,,,,,,"05",,,,,,,,"RANDOLPH COUNTY","0","0","0","0","0","0","0","1","0","0","0","0","0","0","0","0","0","0","0","0","1",28385,216,37,0,0,6,7,2,23,13,2,0,0,0,43,224,192,8,3,21
"G5400850","1980","A","3","5","West Virginia","54",,"Ritchie","085",,,,,,,,,,,,,"02",,,,,,,,"RITCHIE COUNTY","0","0","1","1","1","0","1","0","0","0","0","1","0","1","0","0","0","0","0","0","0",11422,4,8,0,0,1,0,0,2,0,2,0,0,0,3,62,61,0,0,1
"G5400870","1980","A","3","5","West Virginia","54",,"Roane","087",,,,,,,,,,,,,"02",,,,,,,,"ROANE COUNTY","0","0","1","0","0","0","1","0","0","0","0","0","0","1","1","0","0","0","0","1","0",15806,25,67,0,0,2,1,32,1,5,0,1,0,0,12,118,109,0,9,0
"G5400890","1980","A","3","5","West Virginia","54",,"Summers","089",,,,,,,,,,,,,"05",,,,,,,,"SUMMERS COUNTY","0","0","0","0","0","0","0","0","0","0","0","0","1","1","0","0","0","0","0","0","1",14634,1097,23,0,0,1,2,1,8,11,0,0,0,0,98,207,110,38,2,57
"G5400910","1980","A","3","5","West Virginia","54",,"Taylor","091",,,,,,,,,,,,,"03",,,,,,,,"TAYLOR COUNTY","0","0","0","0","1","0","0","1","0","0","0","0","0","1","1","0","0","0","0","0","1",16411,109,29,0,0,5,0,9,0,5,5,0,0,0,11,124,114,2,2,6
"G5400930","1980","A","3","5","West Virginia","54",,"Tucker","093",,,,,,,,,,,,,"05",,,,,,,,"TUCKER COUNTY","0","0","1","1","1","0","0","0","0","0","0","1","1","1","0","0","0","0","0","1","0",8648,8,7,0,0,2,0,1,0,3,0,0,0,1,5,72,65,0,3,4
"G5400950","1980","A","3","5","West Virginia","54",,"Tyler","095",,,,,,,,,,,,,"01",,,,,,,,"TYLER COUNTY","0","0","1","1","1","0","0","0","0","0","0","1","1","1","1","0","0","0","0","1","0",11297,3,4,0,0,0,0,2,1,4,0,0,0,0,9,30,23,0,1,6
"G5400970","1980","A","3","5","West Virginia","54",,"Upshur","097",,,,,,,,,,,,,"02",,,,,,,,"UPSHUR COUNTY","0","0","0","0","0","0","0","0","0","0","0","0","0","0","0","0","0","0","0","1","0",23245,91,18,0,1,6,1,5,10,18,2,2,0,0,28,138,124,0,6,8
"G5400990","1980","A","3","5","West Virginia","54","3400","Wayne","099",,,,,,,,,,,,,"B",,,,,,,,"WAYNE COUNTY","0","0","0","0","0","0","0","1","0","0","0","0","0","0","0","0","0","0","0","0","1",45902,21,22,0,0,7,17,7,11,18,0,0,0,0,16,195,186,1,5,3
"G5401010","1980","A","3","5","West Virginia","54",,"Webster","101",,,,,,,,,,,,,"02",,,,,,,,"WEBSTER COUNTY","0","0","0","1","1","0","0","0","0","0","0","0","1","1","0","0","0","0","0","1","0",12228,0,9,0,0,0,0,1,1,3,0,2,0,0,1,69,66,0,2,1
"G5401030","1980","A","3","5","West Virginia","54",,"Wetzel","103",,,,,,,,,,,,,"01",,,,,,,,"WETZEL COUNTY","0","0","1","1","0","0","0","0","0","0","0","1","0","0","1","0","0","0","0","1","0",21800,5,13,0,0,1,3,6,6,23,0,2,0,0,15,102,90,0,4,8
"G5401050","1980","A","3","5","West Virginia","54","6020","Wirt","105",,,,,,,,,,,,,"02",,,,,,,,"WIRT COUNTY","0","0","1","1","1","0","0","0","0","0","0","1","0","0","1","0","0","0","0","0","0",4905,3,1,0,0,0,1,0,2,1,0,0,0,0,9,35,33,0,1,1
"G5401070","1980","A","3","5","West Virginia","54","6020","Wood","107",,,,,,,,,,,,,"01",,,,,,,,"WOOD COUNTY","0","0","0","0","0","0","0","1","0","0","0","0","0","0","0","0","0","0","0","0","1",92510,823,49,2,2,22,32,43,21,42,5,1,3,0,93,406,355,8,6,37
"G5401090","1980","A","3","5","West Virginia","54",,"Wyoming","109",,,,,,,,,,,,,"04",,,,,,,,"WYOMING COUNTY","0","0","0","0","0","0","0","0","0","0","0","0","0","0","0","0","0","0","0","1","0",35504,382,34,0,2,2,0,19,1,16,5,0,1,0,27,316,293,0,11,12
"G5500010","1980","A","2","3","Wisconsin","55",,"Adams","001",,,,,,,,,,,,,"05",,,,,,,,"ADAMS COUNTY","0","0","0","0","0","0","0","1","0","0","0","0","0","1","1","0","0","0","0","0","0",13049,261,88,1,1,5,1,2,1,10,0,0,0,0,38,105,76,5,1,23
"G5500030","1980","A","2","3","Wisconsin","55",,"Ashland","003",,,,,,,,,,,,,"01",,,,,,,,"ASHLAND COUNTY","0","0","0","0","0","0","0","1","0","0","0","1","0","0","1","0","0","0","0","0","1",15618,25,1075,2,0,2,9,0,7,4,20,0,0,0,21,49,25,1,12,11
"G5500050","1980","A","2","3","Wisconsin","55",,"Barron","005",,,,,,,,,,,,,"02",,,,,,,,"BARRON COUNTY","0","0","1","0","0","0","0","0","0","0","0","1","0","0","1","0","0","0","0","1","0",38464,11,151,1,0,6,5,7,14,8,1,0,0,0,62,131,113,0,1,17
"G5500070","1980","A","2","3","Wisconsin","55",,"Bayfield","007",,,,,,,,,,,,,"01",,,,,,,,"BAYFIELD COUNTY","0","0","1","0","0","0","0","0","0","0","0","1","0","1","1","0","0","0","0","1","0",12855,4,922,1,0,6,2,2,1,0,17,1,0,0,11,47,31,0,13,3
"G5500090","1980","A","2","3","Wisconsin","55","3080","Brown","009",,,,,,,,,,,,,"G",,,,,,,,"BROWN COUNTY","0","0","0","0","0","0","0","1","0","0","0","0","0","0","0","0","0","0","0","0","1",171224,506,2429,1,4,69,52,48,102,106,175,8,4,4,548,906,619,9,64,214
"G5500110","1980","A","2","3","Wisconsin","55",,"Buffalo","011",,,,,,,,,,,,,"02",,,,,,,,"BUFFALO COUNTY","0","0","1","0","0","0","0","0","0","0","0","0","1","1","1","0","0","0","0","0","0",14258,2,17,0,1,1,0,0,9,8,1,0,0,0,12,22,22,0,0,0
"G5500130","1980","A","2","3","Wisconsin","55",,"Burnett","013",,,,,,,,,,,,,"01",,,,,,,,"BURNETT COUNTY","0","0","1","0","0","0","0","0","0","0","0","1","0","1","0","0","0","0","0","1","0",11883,11,396,0,3,5,2,2,3,1,0,2,0,0,32,24,17,0,1,6
"G5500150","1980","A","2","3","Wisconsin","55","0460","Calumet","015",,,,,,,,,,,,,"07",,,,,,,,"CALUMET COUNTY","0","0","1","0","0","0","0","0","0","0","0","1","0","0","1","0","0","0","0","0","0",30635,9,103,1,0,4,19,29,6,12,6,0,4,0,39,105,78,0,8,19
"G5500170","1980","A","2","3","Wisconsin","55","2290","Chippewa","017",,,,,,,,,,,,,"04",,,,,,,,"CHIPPEWA COUNTY","0","0","0","0","0","0","0","1","0","0","0","0","0","0","0","0","0","0","0","0","1",51843,27,88,1,0,10,15,43,22,5,3,0,2,0,68,143,103,3,14,23
"G5500190","1980","A","2","3","Wisconsin","55",,"Clark","019",,,,,,,,,,,,,"04",,,,,,,,"CLARK COUNTY","0","0","0","0","0","0","0","0","0","0","0","0","0","0","0","0","0","0","0","1","0",32715,31,66,0,0,5,0,10,8,13,3,2,2,0,55,103,80,0,0,23
"G5500210","1980","A","2","3","Wisconsin","55",,"Columbia","021",,,,,,,,,,,,,"08",,,,,,,,"COLUMBIA COUNTY","0","0","0","0","0","0","0","0","0","0","0","0","0","0","0","0","0","0","0","0","0",42892,29,106,0,0,11,6,32,3,14,8,9,0,0,112,216,137,0,5,74
"G5500230","1980","A","2","3","Wisconsin","55",,"Crawford","023",,,,,,,,,,,,,"03",,,,,,,,"CRAWFORD COUNTY","0","0","1","0","0","0","1","0","0","0","0","1","0","1","1","0","0","0","0","1","0",16486,14,20,0,0,6,2,4,1,5,0,0,0,0,18,43,34,0,0,9
"G5500250","1980","A","2","3","Wisconsin","55","4720","Dane","025",,,,,,,,,,,,,"B",,,,,,,,"DANE COUNTY","0","0","0","0","0","0","0","0","0","0","0","0","0","0","0","0","0","0","0","0","0",311203,5688,705,20,14,523,1155,207,389,613,283,119,12,9,2605,3280,2069,40,83,1088
"G5500270","1980","A","2","3","Wisconsin","55",,"Dodge","027",,,,,,,,,,,,,"08",,,,,,,,"DODGE COUNTY","0","0","0","0","0","0","0","1","0","0","0","0","0","0","0","0","0","0","0","0","1",73635,829,148,1,0,14,16,22,45,45,2,2,3,2,300,677,436,7,9,225
"G5500290","1980","A","2","3","Wisconsin","55",,"Door","029",,,,,,,,,,,,,"06",,,,,,,,"DOOR COUNTY","0","0","0","0","0","0","0","0","0","0","0","0","0","0","0","0","0","0","0","0","0",24737,36,171,0,1,6,3,16,6,7,10,0,1,0,35,130,95,0,8,27
"G5500310","1980","A","2","3","Wisconsin","55","2240","Douglas","031",,,,,,,,,,,,,"A",,,,,,,,"DOUGLAS COUNTY","0","0","0","0","0","0","0","0","0","0","0","0","0","0","0","0","0","0","0","0","0",43481,114,578,3,1,18,12,24,21,20,3,6,0,2,138,139,100,0,1,38
"G5500330","1980","A","2","3","Wisconsin","55",,"Dunn","033",,,,,,,,,,,,,"02",,,,,,,,"DUNN COUNTY","0","0","0","0","0","0","0","0","0","0","0","0","0","0","0","0","0","0","0","1","0",33821,170,85,0,0,16,27,10,10,39,18,1,1,2,114,93,73,0,8,12
"G5500350","1980","A","2","3","Wisconsin","55","2290","Eau Claire","035",,,,,,,,,,,,,"04",,,,,,,,"EAU CLAIRE COUNTY","0","0","0","0","0","0","0","1","0","0","0","0","0","0","0","0","0","0","0","0","0",77891,140,281,3,0,59,70,23,30,39,54,2,3,1,209,261,172,1,10,78
"G5500370","1980","A","2","3","Wisconsin","55",,"Florence","037",,,,,,,,,,,,,"01",,,,,,,,"FLORENCE COUNTY","0","0","1","1","1","1","1","0","0","0","0","1","1","1","0","0","0","0","1","1","0",4138,9,13,1,0,1,0,6,1,0,0,0,0,0,3,14,10,0,1,3
"G5500390","1980","A","2","3","Wisconsin","55",,"Fond du Lac","039",,,,,,,,,,,,,"07",,,,,,,,"FOND DU LAC COUNTY","0","0","0","0","0","0","0","1","0","0","0","0","0","0","0","0","0","0","0","0","0",88181,125,183,1,0,25,36,19,17,21,11,4,5,0,336,752,484,1,14,253
"G5500410","1980","A","2","3","Wisconsin","55",,"Forest","041",,,,,,,,,,,,,"01",,,,,,,,"FOREST COUNTY","0","0","0","0","1","0","0","1","0","0","0","0","0","1","1","0","0","0","0","0","0",8426,89,499,0,0,2,0,1,4,1,5,3,0,0,14,25,19,1,1,4
"G5500430","1980","A","2","3","Wisconsin","55",,"Grant","043",,,,,,,,,,,,,"03",,,,,,,,"GRANT COUNTY","0","0","0","0","0","0","0","0","0","0","0","0","0","0","0","0","0","0","0","1","0",51419,106,52,0,1,12,12,10,9,38,13,2,3,1,58,167,138,0,6,23
"G5500450","1980","A","2","3","Wisconsin","55",,"Green","045",,,,,,,,,,,,,"03",,,,,,,,"GREEN COUNTY","0","0","1","0","0","0","0","0","0","0","0","1","0","0","1","0","0","0","0","1","0",29881,12,25,0,0,6,16,3,7,19,9,0,1,0,33,85,80,0,1,4
"G5500470","1980","A","2","3","Wisconsin","55",,"Green Lake","047",,,,,,,,,,,,,"08",,,,,,,,"GREEN LAKE COUNTY","0","0","1","0","0","0","0","0","0","0","0","0","1","0","1","0","0","0","0","0","0",18242,14,20,0,2,3,7,1,3,9,0,0,0,0,69,194,125,0,2,67
"G5500490","1980","A","2","3","Wisconsin","55",,"Iowa","049",,,,,,,,,,,,,"03",,,,,,,,"IOWA COUNTY","0","0","1","0","0","0","0","0","0","0","0","1","0","0","1","0","0","0","0","1","0",19724,10,29,0,0,2,0,0,12,9,4,0,0,0,12,51,44,0,2,5
"G5500510","1980","A","2","3","Wisconsin","55",,"Iron","051",,,,,,,,,,,,,"01",,,,,,,,"IRON COUNTY","0","0","0","1","1","0","1","1","0","0","0","1","1","1","1","0","0","0","0","1","0",6681,20,12,0,0,3,0,1,2,0,7,0,0,0,4,16,12,1,0,3
"G5500530","1980","A","2","3","Wisconsin","55",,"Jackson","053",,,,,,,,,,,,,"05",,,,,,,,"JACKSON COUNTY","0","0","0","0","1","0","0","1","0","0","0","0","0","1","1","0","0","0","0","0","0",16266,35,494,0,0,5,0,0,6,1,1,0,0,0,23,43,34,1,2,6
"G5500550","1980","A","2","3","Wisconsin","55",,"Jefferson","055",,,,,,,,,,,,,"08",,,,,,,,"JEFFERSON COUNTY","0","0","0","0","0","0","0","1","0","0","0","0","0","0","0","0","0","0","0","0","0",65272,106,105,1,0,20,20,40,39,43,4,6,2,0,494,889,511,1,7,370
"G5500570","1980","A","2","3","Wisconsin","55",,"Juneau","057",,,,,,,,,,,,,"05",,,,,,,,"JUNEAU COUNTY","0","0","0","0","0","0","0","0","0","0","0","0","0","0","0","0","0","0","0","0","0",20748,19,175,0,1,6,1,12,4,5,2,0,0,0,66,105,67,0,3,35
"G5500590","1980","A","2","3","Wisconsin","55","3800","Kenosha","059",,,,,,,,"14",,,,,"F",,,,,,,,"KENOSHA COUNTY","0","0","0","0","0","0","0","0","0","0","0","0","0","0","0","0","0","0","0","0","0",117862,2886,343,4,2,59,39,115,89,57,35,2,5,0,1639,3578,2171,36,25,1346
"G5500610","1980","A","2","3","Wisconsin","55",,"Kewaunee","061",,,,,,,,,,,,,"06",,,,,,,,"KEWAUNEE COUNTY","0","0","1","0","0","0","1","0","0","0","0","1","1","1","1","0","0","0","0","1","0",19486,7,23,0,0,0,0,8,3,1,4,1,0,0,6,54,49,0,0,5
"G5500630","1980","A","2","3","Wisconsin","55","3870","La Crosse","063",,,,,,,,,,,,,"02",,,,,,,,"LA CROSSE COUNTY","0","0","0","0","0","0","0","1","0","0","0","0","0","0","0","0","0","0","0","0","1",90159,172,266,2,1,27,24,21,70,57,53,5,4,0,195,344,277,1,7,59
"G5500650","1980","A","2","3","Wisconsin","55",,"Lafayette","065",,,,,,,,,,,,,"03",,,,,,,,"LAFAYETTE COUNTY","0","0","1","1","1","0","0","0","0","0","0","1","1","1","0","0","0","0","0","1","0",17355,1,12,0,0,3,0,2,3,3,0,1,0,0,32,52,34,0,0,18
"G5500670","1980","A","2","3","Wisconsin","55",,"Langlade","067",,,,,,,,,,,,,"01",,,,,,,,"LANGLADE COUNTY","0","0","1","0","1","0","0","0","0","0","0","0","0","0","0","0","0","0","0","1","0",19843,1,98,0,0,7,1,0,0,4,1,1,0,0,22,97,77,0,5,15
"G5500690","1980","A","2","3","Wisconsin","55",,"Lincoln","069",,,,,,,,,,,,,"01",,,,,,,,"LINCOLN COUNTY","0","0","0","0","0","0","0","1","0","0","0","1","0","0","1","0","0","0","0","1","0",26376,27,70,0,0,3,5,12,4,7,8,3,0,0,40,94,83,3,1,7
"G5500710","1980","A","2","3","Wisconsin","55",,"Manitowoc","071",,,,,,,,,,,,,"07",,,,,,,,"MANITOWOC COUNTY","0","0","0","0","0","0","0","0","0","0","0","0","0","0","0","0","0","0","0","0","0",81994,70,311,0,0,20,7,21,22,27,87,2,0,1,356,522,369,0,23,130
"G5500730","1980","A","2","3","Wisconsin","55","8940","Marathon","073",,,,,,,,,,,,,"04",,,,,,,,"MARATHON COUNTY","0","0","0","0","0","0","0","1","0","0","0","0","0","0","0","0","0","0","0","0","1",110488,38,327,0,0,14,35,22,35,44,30,2,2,0,233,281,219,3,7,52
"G5500750","1980","A","2","3","Wisconsin","55",,"Marinette","075",,,,,,,,,,,,,"06",,,,,,,,"MARINETTE COUNTY","0","0","1","0","0","0","0","0","0","0","0","1","0","0","1","0","0","0","0","1","0",39091,13,111,3,0,13,5,5,14,5,4,2,0,0,48,76,68,0,1,7
"G5500770","1980","A","2","3","Wisconsin","55",,"Marquette","077",,,,,,,,,,,,,"05",,,,,,,,"MARQUETTE COUNTY","0","0","0","0","0","0","0","0","0","0","0","0","0","1","1","0","0","0","0","0","0",11561,25,25,0,0,2,3,9,1,4,0,3,0,0,39,98,75,0,4,19
"G5500780","1980","A","2","3","Wisconsin","55",,"Menominee","078",,,,,,,,,,,,,"06",,,,,,,,"MENOMINEE COUNTY","0","0","0","0","1","0","1","0","0","0","1","0","0","0","1","0","0","0","0","1","0",352,0,3013,1,0,1,0,0,0,0,1,0,0,0,5,57,1,0,51,5
"G5500790","1980","A","2","3","Wisconsin","55","5080","Milwaukee","079",,,,,,,,"63",,,,,"C",,,,,,,,"MILWAUKEE COUNTY","0","0","0","0","0","0","0","0","0","0","0","0","0","0","0","0","0","0","0","0","0",788729,149435,5799,19,17,676,1507,914,711,1193,580,90,64,10,15244,29343,15450,1128,623,12142
"G5500810","1980","A","2","3","Wisconsin","55",,"Monroe","081",,,,,,,,,,,,,"02",,,,,,,,"MONROE COUNTY","0","0","0","0","0","0","0","0","0","0","0","0","0","0","0","0","0","0","0","0","0",34654,46,238,1,2,22,4,10,20,8,5,1,1,0,62,125,96,0,20,9
"G5500830","1980","A","2","3","Wisconsin","55",,"Oconto","083",,,,,,,,,,,,,"06",,,,,,,,"OCONTO COUNTY","0","0","1","0","0","0","0","1","0","0","0","1","0","1","0","0","0","0","0","1","0",28744,7,151,0,0,3,0,10,9,1,1,1,0,0,20,94,83,1,0,10
"G5500850","1980","A","2","3","Wisconsin","55",,"Oneida","085",,,,,,,,,,,,,"01",,,,,,,,"ONEIDA COUNTY","0","0","1","0","0","0","0","1","0","0","0","0","0","0","0","0","0","0","0","0","0",30949,7,191,0,0,3,0,11,13,2,0,1,0,0,39,75,48,1,6,20
"G5500870","1980","A","2","3","Wisconsin","55","0460","Outagamie","087",,,,,,,,,,,,,"07",,,,,,,,"OUTAGAMIE COUNTY","0","0","0","0","0","0","0","0","0","0","0","0","0","0","0","0","0","0","0","0","0",126115,62,1608,9,1,37,73,41,43,63,90,3,1,0,653,680,459,0,40,181
"G5500890","1980","A","2","3","Wisconsin","55","5080","Ozaukee","089",,,,,,,,"63",,,,,"08",,,,,,,,"OZAUKEE COUNTY","0","0","0","0","0","0","0","1","0","0","0","0","0","0","0","0","0","0","0","0","1",66029,442,94,1,0,19,49,62,40,68,7,4,0,0,166,530,402,4,14,110
"G5500910","1980","A","2","3","Wisconsin","55",,"Pepin","091",,,,,,,,,,,,,"02",,,,,,,,"PEPIN COUNTY","0","0","1","1","1","0","1","0","0","0","0","0","1","1","1","0","0","0","1","1","0",7448,1,8,0,0,0,1,0,2,3,0,0,0,0,14,20,7,0,0,13
"G5500930","1980","A","2","3","Wisconsin","55",,"Pierce","093",,,,,,,,,,,,,"02",,,,,,,,"PIERCE COUNTY","0","0","0","0","0","0","0","0","0","0","0","0","0","0","0","0","0","0","0","0","0",30863,77,37,0,0,18,23,25,17,6,11,3,0,0,69,140,98,0,18,24
"G5500950","1980","A","2","3","Wisconsin","55",,"Polk","095",,,,,,,,,,,,,"02",,,,,,,,"POLK COUNTY","0","0","0","0","0","0","0","0","0","0","0","1","0","0","1","0","0","0","0","1","0",32026,29,212,1,2,3,1,20,17,3,8,0,0,0,29,84,76,0,4,4
"G5500970","1980","A","2","3","Wisconsin","55",,"Portage","097",,,,,,,,,,,,,"05",,,,,,,,"PORTAGE COUNTY","0","0","0","0","0","0","0","0","0","0","0","0","0","0","0","0","0","0","0","0","0",56670,108,165,1,0,18,71,23,19,32,84,1,0,1,227,447,257,0,13,177
"G5500990","1980","A","2","3","Wisconsin","55",,"Price","099",,,,,,,,,,,,,"01",,,,,,,,"PRICE COUNTY","0","0","1","0","1","0","1","0","0","0","0","1","0","1","1","0","0","0","1","1","0",15707,7,51,0,0,1,4,0,2,0,0,0,0,0,16,32,27,0,0,5
"G5501010","1980","A","2","3","Wisconsin","55","6600","Racine","101",,,,,,,,"63",,,,,"D",,,,,,,,"RACINE COUNTY","0","0","0","0","0","0","0","0","0","0","0","0","0","0","0","0","0","0","0","0","0",155206,13894,410,2,7,50,112,85,98,125,86,7,12,1,3037,7201,4270,163,103,2665
"G5501030","1980","A","2","3","Wisconsin","55",,"Richland","103",,,,,,,,,,,,,"02",,,,,,,,"RICHLAND COUNTY","0","0","0","0","0","0","1","0","0","0","0","0","0","0","0","0","0","0","0","1","0",17383,23,16,2,0,5,4,6,4,6,0,2,0,0,25,61,49,0,0,12
"G5501050","1980","A","2","3","Wisconsin","55","3620","Rock","105",,,,,,,,,,,,,"08",,,,,,,,"ROCK COUNTY","0","0","0","0","0","0","0","0","0","0","0","0","0","0","0","0","0","0","0","0","0",133367,4696,265,3,1,58,94,85,58,64,151,17,8,4,549,958,582,36,31,309
"G5501070","1980","A","2","3","Wisconsin","55",,"Rusk","107",,,,,,,,,,,,,"01",,,,,,,,"RUSK COUNTY","0","0","0","0","0","0","1","0","0","0","0","1","0","0","1","0","0","0","0","1","0",15440,19,66,0,0,9,2,13,2,0,5,5,0,0,28,58,46,0,0,12
"G5501090","1980","A","2","3","Wisconsin","55","5120","St Croix","109",,,,,,,,,,,,,"02",,,,,,,,"ST. CROIX COUNTY","0","0","0","0","0","0","0","0","0","0","0","0","0","0","0","0","0","0","0","1","0",43005,22,83,2,0,9,8,7,29,11,11,1,0,0,74,138,114,0,0,24
"G5501110","1980","A","2","3","Wisconsin","55",,"Sauk","111",,,,,,,,,,,,,"02",,,,,,,,"SAUK COUNTY","0","0","0","0","0","0","0","1","0","0","0","0","0","0","0","0","0","0","0","0","1",43133,31,185,0,0,8,1,17,20,31,1,1,0,0,41,153,129,1,13,10
"G5501130","1980","A","2","3","Wisconsin","55",,"Sawyer","113",,,,,,,,,,,,,"01",,,,,,,,"SAWYER COUNTY","0","0","1","0","1","1","1","0","0","0","0","1","0","1","1","0","0","0","1","1","0",11416,3,1392,0,0,2,0,1,2,3,2,0,0,0,22,14,10,0,2,2
"G5501150","1980","A","2","3","Wisconsin","55",,"Shawano","115",,,,,,,,,,,,,"06",,,,,,,,"SHAWANO COUNTY","0","0","1","0","0","0","0","0","0","0","0","1","0","0","1","0","0","0","0","1","0",34490,7,1365,1,0,6,6,4,8,12,0,0,0,0,29,86,68,0,11,7
"G5501170","1980","A","2","3","Wisconsin","55","7620","Sheboygan","117",,,,,,,,,,,,,"07",,,,,,,,"SHEBOYGAN COUNTY","0","0","0","0","0","0","0","1","0","0","0","0","0","0","0","0","0","0","0","0","1",99526,309,263,1,0,17,30,45,49,40,31,5,2,0,617,1047,644,7,14,382
"G5501190","1980","A","2","3","Wisconsin","55",,"Taylor","119",,,,,,,,,,,,,"04",,,,,,,,"TAYLOR COUNTY","0","0","1","0","0","0","0","0","0","0","0","1","0","0","1","0","0","0","0","0","0",18732,1,29,0,0,3,6,11,6,7,0,2,2,0,18,56,56,0,0,0
"G5501210","1980","A","2","3","Wisconsin","55",,"Trempealeau","121",,,,,,,,,,,,,"02",,,,,,,,"TREMPEALEAU COUNTY","0","0","1","0","0","0","0","1","0","0","0","1","0","0","1","0","0","0","0","0","1",26070,6,21,0,0,6,0,12,3,3,1,2,0,0,34,105,88,1,6,10
"G5501230","1980","A","2","3","Wisconsin","55",,"Vernon","123",,,,,,,,,,,,,"02",,,,,,,,"VERNON COUNTY","0","0","1","0","0","0","0","0","0","0","0","1","1","0","1","0","0","0","0","1","0",25546,8,17,2,0,6,1,9,5,4,0,0,1,0,43,53,34,0,1,18
"G5501250","1980","A","2","3","Wisconsin","55",,"Vilas","125",,,,,,,,,,,,,"01",,,,,,,,"VILAS COUNTY","0","0","1","0","0","0","0","0","0","0","0","0","1","1","0","0","0","0","0","1","0",15323,4,1180,0,1,3,0,5,7,0,1,0,0,2,9,38,28,0,8,2
"G5501270","1980","A","2","3","Wisconsin","55",,"Walworth","127",,,,,,,,,,,,,"08",,,,,,,,"WALWORTH COUNTY","0","0","0","0","0","0","0","1","0","0","0","0","0","0","0","0","0","0","0","0","0",69841,419,111,0,3,47,73,40,41,50,56,4,1,0,821,1330,751,3,16,560
"G5501290","1980","A","2","3","Wisconsin","55",,"Washburn","129",,,,,,,,,,,,,"01",,,,,,,,"WASHBURN COUNTY","0","0","1","0","1","0","0","0","0","0","0","0","0","1","1","0","0","0","0","1","0",13053,13,90,0,0,2,0,2,3,1,0,0,1,1,8,34,29,0,4,1
"G5501310","1980","A","2","3","Wisconsin","55","5080","Washington","131",,,,,,,,"63",,,,,"08",,,,,,,,"WASHINGTON COUNTY","0","0","0","0","0","0","0","1","0","0","0","0","0","0","0","0","0","0","0","0","1",84304,67,143,3,0,19,26,56,31,46,4,0,1,0,148,472,375,2,13,82
"G5501330","1980","A","2","3","Wisconsin","55","5080","Waukesha","133",,,,,,,,"63",,,,,"E",,,,,,,,"WAUKESHA COUNTY","0","0","0","0","0","0","0","1","0","0","0","0","0","0","0","0","0","0","0","0","1",276105,733,453,5,0,118,255,271,230,418,128,29,2,2,1577,3998,2857,8,31,1102
"G5501350","1980","A","2","3","Wisconsin","55",,"Waupaca","135",,,,,,,,,,,,,"06",,,,,,,,"WAUPACA COUNTY","0","0","1","0","0","0","0","0","0","0","0","1","0","0","1","0","0","0","0","0","0",42535,5,102,5,0,6,9,30,10,12,0,0,0,0,117,246,147,0,6,93
"G5501370","1980","A","2","3","Wisconsin","55",,"Waushara","137",,,,,,,,,,,,,"05",,,,,,,,"WAUSHARA COUNTY","0","0","1","0","0","0","0","0","0","0","0","0","0","0","0","0","0","0","0","0","0",18289,13,34,3,0,5,5,7,2,6,2,1,0,0,159,296,152,0,1,143
"G5501390","1980","A","2","3","Wisconsin","55","0460","Winnebago","139",,,,,,,,,,,,,"07",,,,,,,,"WINNEBAGO COUNTY","0","0","0","0","0","0","0","1","0","0","0","0","0","0","0","0","0","0","0","0","0",130100,380,491,1,2,48,88,36,77,116,48,12,2,5,297,719,516,1,26,176
"G5501410","1980","A","2","3","Wisconsin","55",,"Wood","141",,,,,,,,,,,,,"04",,,,,,,,"WOOD COUNTY","0","0","0","0","0","0","0","0","0","0","0","0","0","0","0","0","0","0","0","0","0",72002,26,415,0,1,10,37,51,41,19,53,2,1,0,141,271,184,0,14,73
"G5600010","1980","A","4","8","Wyoming","56",,"Albany","001",,,,,,,,,,,,,"01",,,,,,,,"ALBANY COUNTY","0","0","0","0","0","0","0","0","0","0","0","0","0","0","0","0","0","0","0","0","1",27499,294,152,3,0,65,128,17,23,38,5,3,1,0,834,1870,1152,15,19,684
"G5600030","1980","A","4","8","Wyoming","56",,"Big Horn","003",,,,,,,,,,,,,"02",,,,,,,,"BIG HORN COUNTY","0","0","0","0","0","0","0","0","0","0","0","0","0","0","0","0","0","0","0","0","0",11668,0,63,2,0,18,0,2,4,1,0,0,0,0,138,455,328,0,1,126
"G5600050","1980","A","4","8","Wyoming","56",,"Campbell","005",,,,,,,,,,,,,"02",,,,,,,,"CAMPBELL COUNTY","0","0","1","0","0","0","0","0","0","0","0","0","0","0","0","0","0","0","0","0","0",23789,10,233,1,1,9,8,21,4,9,3,0,0,1,278,625,361,0,23,241
"G5600070","1980","A","4","8","Wyoming","56",,"Carbon","007",,,,,,,,,,,,,"01",,,,,,,,"CARBON COUNTY","0","0","0","0","0","0","0","0","0","0","0","0","0","0","0","0","0","0","0","0","0",20352,102,154,1,0,18,20,4,8,17,17,11,0,2,1190,2466,1338,0,24,1104
"G5600090","1980","A","4","8","Wyoming","56",,"Converse","009",,,,,,,,,,,,,"02",,,,,,,,"CONVERSE COUNTY","0","0","1","0","0","0","0","0","0","0","0","1","0","1","0","0","0","0","0","0","0",13679,11,106,3,0,6,1,1,2,0,1,6,3,0,250,697,460,0,7,230
"G5600110","1980","A","4","8","Wyoming","56",,"Crook","011",,,,,,,,,,,,,"02",,,,,,,,"CROOK COUNTY","0","0","0","0","1","0","1","0","0","0","0","0","0","1","1","0","0","0","0","0","0",5274,0,22,0,0,0,0,3,2,0,0,1,0,0,6,19,12,0,3,4
"G5600130","1980","A","4","8","Wyoming","56",,"Fremont","013",,,,,,,,,,,,,"02",,,,,,,,"FREMONT COUNTY","0","0","0","0","0","0","0","1","0","0","0","0","0","0","0","0","0","0","0","0","0",33786,31,4384,2,0,29,18,11,13,9,20,5,0,1,683,1264,541,1,119,603
"G5600150","1980","A","4","8","Wyoming","56",,"Goshen","015",,,,,,,,,,,,,"02",,,,,,,,"GOSHEN COUNTY","0","0","1","0","1","0","0","1","0","0","0","0","0","1","1","0","0","0","0","0","0",11394,2,39,0,0,8,0,0,1,2,0,3,0,0,591,897,330,1,15,551
"G5600170","1980","A","4","8","Wyoming","56",,"Hot Springs","017",,,,,,,,,,,,,"02",,,,,,,,"HOT SPRINGS COUNTY","0","0","1","0","1","0","0","0","0","0","0","0","0","1","1","0","0","0","0","0","0",5564,13,105,5,1,5,0,0,1,1,0,0,0,0,15,87,69,0,3,15
"G5600190","1980","A","4","8","Wyoming","56",,"Johnson","019",,,,,,,,,,,,,"02",,,,,,,,"JOHNSON COUNTY","0","0","1","0","1","0","0","0","0","0","0","0","0","1","1","0","0","0","0","0","0",6618,1,39,0,0,5,0,0,3,0,0,0,0,0,34,92,66,0,2,24
"G5600210","1980","A","4","8","Wyoming","56",,"Laramie","021",,,,,,,,,,,,,"02",,,,,,,,"LARAMIE COUNTY","0","0","0","0","0","0","0","0","0","0","0","0","0","0","0","0","0","0","0","0","0",63127,1967,411,5,6,185,47,114,73,30,25,40,11,5,2603,6625,4161,48,123,2293
"G5600230","1980","A","4","8","Wyoming","56",,"Lincoln","023",,,,,,,,,,,,,"01",,,,,,,,"LINCOLN COUNTY","0","0","1","0","0","0","0","0","0","0","0","1","0","0","1","0","0","0","0","0","0",11990,8,57,0,0,14,1,1,7,1,3,5,0,2,88,290,202,0,9,79
"G5600250","1980","A","4","8","Wyoming","56","1350","Natrona","025",,,,,,,,,,,,,"01",,,,,,,,"NATRONA COUNTY","0","0","0","0","0","0","0","1","0","0","0","0","0","0","0","0","0","0","0","0","1",69394,511,453,4,0,61,52,36,15,20,52,18,4,0,1236,2550,1469,8,51,1022
"G5600270","1980","A","4","8","Wyoming","56",,"Niobrara","027",,,,,,,,,,,,,"02",,,,,,,,"NIOBRARA COUNTY","0","0","1","1","1","0","0","0","0","0","0","0","1","0","1","0","0","0","0","1","0",2905,1,9,0,0,1,0,0,0,0,0,0,0,0,8,27,18,0,1,8
"G5600290","1980","A","4","8","Wyoming","56",,"Park","029",,,,,,,,,,,,,"02",,,,,,,,"PARK COUNTY","0","0","0","0","0","0","0","0","0","0","0","1","0","0","1","0","0","0","0","0","0",21133,15,81,0,0,37,0,1,11,1,10,1,3,1,345,781,436,0,13,332
"G5600310","1980","A","4","8","Wyoming","56",,"Platte","031",,,,,,,,,,,,,"02",,,,,,,,"PLATTE COUNTY","0","0","1","0","0","0","0","0","0","0","0","0","0","0","0","0","0","0","0","0","0",11716,10,48,0,0,3,2,1,2,9,1,0,0,0,183,573,403,0,9,161
"G5600330","1980","A","4","8","Wyoming","56",,"Sheridan","033",,,,,,,,,,,,,"02",,,,,,,,"SHERIDAN COUNTY","0","0","0","0","0","0","0","0","0","0","0","0","0","0","0","0","0","0","0","0","0",24540,31,202,0,2,31,5,9,27,9,0,1,6,0,185,472,312,0,15,145
"G5600350","1980","A","4","8","Wyoming","56",,"Sublette","035",,,,,,,,,,,,,"01",,,,,,,,"SUBLETTE COUNTY","0","0","1","0","1","0","0","0","0","0","0","1","1","0","0","0","0","0","0","1","0",4515,2,17,1,0,0,0,0,1,0,0,1,0,0,11,39,30,0,2,7
"G5600370","1980","A","4","8","Wyoming","56",,"Sweetwater","037",,,,,,,,,,,,,"01",,,,,,,,"SWEETWATER COUNTY","0","0","0","0","0","0","0","1","0","0","0","0","0","0","0","0","0","0","0","0","0",39723,323,269,0,0,50,99,21,26,26,29,5,1,2,1149,3247,2204,7,21,1015
"G5600390","1980","A","4","8","Wyoming","56",,"Teton","039",,,,,,,,,,,,,"01",,,,,,,,"TETON COUNTY","0","0","1","0","0","0","0","0","0","0","0","1","0","0","1","0","0","0","0","0","0",9237,3,38,0,0,11,2,5,2,2,0,2,0,0,53,132,105,0,6,21
"G5600410","1980","A","4","8","Wyoming","56",,"Uinta","041",,,,,,,,,,,,,"01",,,,,,,,"UINTA COUNTY","0","0","0","0","0","0","0","0","0","0","0","1","0","0","1","0","0","0","0","0","0",12781,17,54,0,0,5,7,5,0,0,0,0,0,0,152,403,255,0,14,134
"G5600430","1980","A","4","8","Wyoming","56",,"Washakie","043",,,,,,,,,,,,,"02",,,,,,,,"WASHAKIE COUNTY","0","0","1","0","0","0","0","0","0","0","0","1","0","0","1","0","0","0","0","0","0",8825,7,48,0,0,33,0,0,0,1,0,0,0,0,582,810,247,0,3,560
"G5600450","1980","A","4","8","Wyoming","56",,"Weston","045",,,,,,,,,,,,,"02",,,,,,,,"WESTON COUNTY","0","0","1","0","0","0","0","0","0","0","0","1","0","1","0","0","0","0","0","0","0",6979,5,73,0,0,6,2,1,10,0,1,0,0,1,28,78,54,0,9,15
