filename, target_name, source_area, overlap_area, overlap_percentage
census_geographies/2020_block_groups.shp, study_areas/definitions/cbsa_10180_march_2020.shp, 1168.8286754206283, 0.6849782434590027, 0.0005860381917927351
census_geographies/2020_block_groups.shp, study_areas/definitions/cbsa_10380_march_2020.shp, 1168.8286754206283, 0.13518796672599945, 0.00011566106271079389
census_geographies/2020_block_groups.shp, study_areas/definitions/cbsa_10420_march_2020.shp, 1168.8286754206283, 0.2567525980785005, 0.0002196665802933886
census_geographies/2020_block_groups.shp, study_areas/definitions/cbsa_10500_march_2020.shp, 1168.8286754206283, 0.3961839342159997, 0.00033895808902311905
census_geographies/2020_block_groups.shp, study_areas/definitions/cbsa_10540_march_2020.shp, 1168.8286754206283, 0.6764513988180024, 0.0005787429869262634
census_geographies/2020_block_groups.shp, study_areas/definitions/cbsa_10580_march_2020.shp, 1168.8286754206283, 0.8201740445135008, 0.0007017059572210987
census_geographies/2020_block_groups.shp, study_areas/definitions/cbsa_10740_march_2020.shp, 1168.8286754206283, 2.3808483414299997, 0.0020369523707768375
census_geographies/2020_block_groups.shp, study_areas/definitions/cbsa_10780_march_2020.shp, 1168.8286754206283, 0.4973509499699996, 0.0004255122760322569
census_geographies/2020_block_groups.shp, study_areas/definitions/cbsa_10900_march_2020.shp, 1168.8286754206283, 0.4077091605935003, 0.00034881858151433303
census_geographies/2020_block_groups.shp, study_areas/definitions/cbsa_11020_march_2020.shp, 1168.8286754206283, 0.14484023169900032, 0.00012391912924866977
census_geographies/2020_block_groups.shp, study_areas/definitions/cbsa_11100_march_2020.shp, 1168.8286754206283, 1.3296784148735004, 0.0011376161817684587
census_geographies/2020_block_groups.shp, study_areas/definitions/cbsa_11180_march_2020.shp, 1168.8286754206283, 0.3230761339934999, 0.0002764101709578899
census_geographies/2020_block_groups.shp, study_areas/definitions/cbsa_11260_march_2020.shp, 1168.8286754206283, 12.159153745884513, 0.01040285373004626
census_geographies/2020_block_groups.shp, study_areas/definitions/cbsa_11460_march_2020.shp, 1168.8286754206283, 0.20412364020700044, 0.00017463948694922474
census_geographies/2020_block_groups.shp, study_areas/definitions/cbsa_11500_march_2020.shp, 1168.8286754206283, 0.15434144105800024, 0.00013204795904109482
census_geographies/2020_block_groups.shp, study_areas/definitions/cbsa_11540_march_2020.shp, 1168.8286754206283, 0.3042032985395004, 0.0002602633772909672
census_geographies/2020_block_groups.shp, study_areas/definitions/cbsa_11640_march_2020.shp, 1168.8286754206283, 0.07227014202949975, 6.183125341572559e-05
census_geographies/2020_block_groups.shp, study_areas/definitions/cbsa_11700_march_2020.shp, 1168.8286754206283, 0.5257855560055001, 0.0004498397130924982
census_geographies/2020_block_groups.shp, study_areas/definitions/cbsa_12020_march_2020.shp, 1168.8286754206283, 0.26144296038749953, 0.00022367945438488975
census_geographies/2020_block_groups.shp, study_areas/definitions/cbsa_12060_march_2020.shp, 1168.8286754206283, 2.225177024964491, 0.0019037666270154715
census_geographies/2020_block_groups.shp, study_areas/definitions/cbsa_12100_march_2020.shp, 1168.8286754206283, 0.18213055688699942, 0.00015582314219101084
census_geographies/2020_block_groups.shp, study_areas/definitions/cbsa_12220_march_2020.shp, 1168.8286754206283, 0.1532210042735006, 0.00013108936108053706
census_geographies/2020_block_groups.shp, study_areas/definitions/cbsa_12260_march_2020.shp, 1168.8286754206283, 0.8997792002784991, 0.0007698127357755781
census_geographies/2020_block_groups.shp, study_areas/definitions/cbsa_12420_march_2020.shp, 1168.8286754206283, 1.038572492406502, 0.000888558361243789
census_geographies/2020_block_groups.shp, study_areas/definitions/cbsa_12540_march_2020.shp, 1168.8286754206283, 2.0967523932280017, 0.0017938919854729265
census_geographies/2020_block_groups.shp, study_areas/definitions/cbsa_12580_march_2020.shp, 1168.8286754206283, 0.8398258550079998, 0.0007185192087332819
census_geographies/2020_block_groups.shp, study_areas/definitions/cbsa_12620_march_2020.shp, 1168.8286754206283, 1.0587520765590004, 0.000905823153404399
census_geographies/2020_block_groups.shp, study_areas/definitions/cbsa_12700_march_2020.shp, 1168.8286754206283, 0.36615475802900044, 0.00031326640570075997
census_geographies/2020_block_groups.shp, study_areas/definitions/cbsa_12940_march_2020.shp, 1168.8286754206283, 1.1130510401869986, 0.0009522790324993037
census_geographies/2020_block_groups.shp, study_areas/definitions/cbsa_12980_march_2020.shp, 1168.8286754206283, 0.2029464720515001, 0.00017363235204549153
census_geographies/2020_block_groups.shp, study_areas/definitions/cbsa_13020_march_2020.shp, 1168.8286754206283, 0.18245615072800042, 0.00015610170640478136
census_geographies/2020_block_groups.shp, study_areas/definitions/cbsa_13140_march_2020.shp, 1168.8286754206283, 0.579124710432998, 0.0004954744203418755
census_geographies/2020_block_groups.shp, study_areas/definitions/cbsa_13220_march_2020.shp, 1168.8286754206283, 0.33901377731999993, 0.0002900457393364331
census_geographies/2020_block_groups.shp, study_areas/definitions/cbsa_13380_march_2020.shp, 1168.8286754206283, 0.794573246598498, 0.0006798030056137642
census_geographies/2020_block_groups.shp, study_areas/definitions/cbsa_13460_march_2020.shp, 1168.8286754206283, 0.8863677937635003, 0.0007583385079464462
census_geographies/2020_block_groups.shp, study_areas/definitions/cbsa_13740_march_2020.shp, 1168.8286754206283, 1.947680887016501, 0.0016663527580854276
census_geographies/2020_block_groups.shp, study_areas/definitions/cbsa_13780_march_2020.shp, 1168.8286754206283, 0.3494220169254995, 0.0002989505855507459
census_geographies/2020_block_groups.shp, study_areas/definitions/cbsa_13820_march_2020.shp, 1168.8286754206283, 1.1458570434354987, 0.0009803464507089862
census_geographies/2020_block_groups.shp, study_areas/definitions/cbsa_13900_march_2020.shp, 1168.8286754206283, 1.3280404969620008, 0.0011362148490103364
census_geographies/2020_block_groups.shp, study_areas/definitions/cbsa_13980_march_2020.shp, 1168.8286754206283, 0.28655605639349957, 0.0002451651490244079
census_geographies/2020_block_groups.shp, study_areas/definitions/cbsa_14010_march_2020.shp, 1168.8286754206283, 0.3263580030579994, 0.00027921799825842943
census_geographies/2020_block_groups.shp, study_areas/definitions/cbsa_14020_march_2020.shp, 1168.8286754206283, 0.21593248571199958, 0.00018474263187827044
census_geographies/2020_block_groups.shp, study_areas/definitions/cbsa_14100_march_2020.shp, 1168.8286754206283, 0.17273022386749914, 0.00014778061789538012
census_geographies/2020_block_groups.shp, study_areas/definitions/cbsa_14260_march_2020.shp, 1168.8286754206283, 3.384233817520499, 0.00289540622050756
census_geographies/2020_block_groups.shp, study_areas/definitions/cbsa_14460_march_2020.shp, 1168.8286754206283, 1.2799855835344998, 0.0010951011131497687
census_geographies/2020_block_groups.shp, study_areas/definitions/cbsa_14500_march_2020.shp, 1168.8286754206283, 0.20253550778250004, 0.00017328074853195508
census_geographies/2020_block_groups.shp, study_areas/definitions/cbsa_14540_march_2020.shp, 1168.8286754206283, 0.42992171175800015, 0.00036782269360672855
census_geographies/2020_block_groups.shp, study_areas/definitions/cbsa_14740_march_2020.shp, 1168.8286754206283, 0.17541001542350032, 0.00015007333333978587
census_geographies/2020_block_groups.shp, study_areas/definitions/cbsa_14860_march_2020.shp, 1168.8286754206283, 0.2328113731045001, 0.0001991834885644963
census_geographies/2020_block_groups.shp, study_areas/definitions/cbsa_15180_march_2020.shp, 1168.8286754206283, 0.29842848201400074, 0.0002553226903905355
census_geographies/2020_block_groups.shp, study_areas/definitions/cbsa_15260_march_2020.shp, 1168.8286754206283, 0.394179961554499, 0.0003372435754219025
census_geographies/2020_block_groups.shp, study_areas/definitions/cbsa_15380_march_2020.shp, 1168.8286754206283, 0.6770409649474997, 0.0005792473945797503
census_geographies/2020_block_groups.shp, study_areas/definitions/cbsa_15500_march_2020.shp, 1168.8286754206283, 0.112478892253, 9.623214643713463e-05
census_geographies/2020_block_groups.shp, study_areas/definitions/cbsa_15540_march_2020.shp, 1168.8286754206283, 0.4419596674445011, 0.00037812185544254577
census_geographies/2020_block_groups.shp, study_areas/definitions/cbsa_15680_march_2020.shp, 1168.8286754206283, 0.20362567525649983, 0.00017421344936050675
census_geographies/2020_block_groups.shp, study_areas/definitions/cbsa_15940_march_2020.shp, 1168.8286754206283, 0.27037092364549903, 0.00023131783924466108
census_geographies/2020_block_groups.shp, study_areas/definitions/cbsa_15980_march_2020.shp, 1168.8286754206283, 0.3554046846889998, 0.0003040691011119313
census_geographies/2020_block_groups.shp, study_areas/definitions/cbsa_16020_march_2020.shp, 1168.8286754206283, 0.3844629307704996, 0.0003289300980164114
census_geographies/2020_block_groups.shp, study_areas/definitions/cbsa_16060_march_2020.shp, 1168.8286754206283, 0.36912073750650076, 0.0003158039713336642
census_geographies/2020_block_groups.shp, study_areas/definitions/cbsa_16180_march_2020.shp, 1168.8286754206283, 0.042403990568999635, 3.627904710135524e-05
census_geographies/2020_block_groups.shp, study_areas/definitions/cbsa_16220_march_2020.shp, 1168.8286754206283, 1.5360723497075046, 0.001314198036042122
census_geographies/2020_block_groups.shp, study_areas/definitions/cbsa_16300_march_2020.shp, 1168.8286754206283, 0.5693561819254995, 0.00048711688367895694
census_geographies/2020_block_groups.shp, study_areas/definitions/cbsa_16540_march_2020.shp, 1168.8286754206283, 0.21090246154100006, 0.0001804391575738012
census_geographies/2020_block_groups.shp, study_areas/definitions/cbsa_16580_march_2020.shp, 1168.8286754206283, 0.3933563408449998, 0.00033653892064501416
census_geographies/2020_block_groups.shp, study_areas/definitions/cbsa_16620_march_2020.shp, 1168.8286754206283, 0.7122753755564976, 0.0006093924546299908
census_geographies/2020_block_groups.shp, study_areas/definitions/cbsa_16700_march_2020.shp, 1168.8286754206283, 0.7905774212299994, 0.0006763843477278592
census_geographies/2020_block_groups.shp, study_areas/definitions/cbsa_16740_march_2020.shp, 1168.8286754206283, 1.4642670557940063, 0.001252764486862934
census_geographies/2020_block_groups.shp, study_areas/definitions/cbsa_16820_march_2020.shp, 1168.8286754206283, 0.4402602965325002, 0.00037666794611628006
census_geographies/2020_block_groups.shp, study_areas/definitions/cbsa_16860_march_2020.shp, 1168.8286754206283, 0.5470372399610021, 0.0004680217481523876
census_geographies/2020_block_groups.shp, study_areas/definitions/cbsa_16940_march_2020.shp, 1168.8286754206283, 0.7484228533665013, 0.0006403186960631036
census_geographies/2020_block_groups.shp, study_areas/definitions/cbsa_16980_march_2020.shp, 1168.8286754206283, 2.6886266001935035, 0.0023002743316730685
census_geographies/2020_block_groups.shp, study_areas/definitions/cbsa_17020_march_2020.shp, 1168.8286754206283, 0.4559419584519998, 0.0003900845077127486
census_geographies/2020_block_groups.shp, study_areas/definitions/cbsa_17140_march_2020.shp, 1168.8286754206283, 1.248966269891501, 0.001068562310419047
census_geographies/2020_block_groups.shp, study_areas/definitions/cbsa_17300_march_2020.shp, 1168.8286754206283, 0.5855731743645017, 0.0005009914512524862
census_geographies/2020_block_groups.shp, study_areas/definitions/cbsa_17420_march_2020.shp, 1168.8286754206283, 0.19819450625749946, 0.000169566772637722
census_geographies/2020_block_groups.shp, study_areas/definitions/cbsa_17460_march_2020.shp, 1168.8286754206283, 1.1128412610809983, 0.0009520995544368539
census_geographies/2020_block_groups.shp, study_areas/definitions/cbsa_17660_march_2020.shp, 1168.8286754206283, 0.4060612446290006, 0.0003474086948481741
census_geographies/2020_block_groups.shp, study_areas/definitions/cbsa_17780_march_2020.shp, 1168.8286754206283, 0.5206442912015049, 0.00044544106604343855
census_geographies/2020_block_groups.shp, study_areas/definitions/cbsa_17820_march_2020.shp, 1168.8286754206283, 0.7223858906859999, 0.0006180425804714568
census_geographies/2020_block_groups.shp, study_areas/definitions/cbsa_17860_march_2020.shp, 1168.8286754206283, 0.46627105586399975, 0.00039892164323928996
census_geographies/2020_block_groups.shp, study_areas/definitions/cbsa_17900_march_2020.shp, 1168.8286754206283, 0.9700128072545018, 0.0008299016165952822
census_geographies/2020_block_groups.shp, study_areas/definitions/cbsa_17980_march_2020.shp, 1168.8286754206283, 0.6996846387040021, 0.0005986203567877092
census_geographies/2020_block_groups.shp, study_areas/definitions/cbsa_18020_march_2020.shp, 1168.8286754206283, 0.11061170526649992, 9.46346608297353e-05
census_geographies/2020_block_groups.shp, study_areas/definitions/cbsa_18140_march_2020.shp, 1168.8286754206283, 1.3243045347489997, 0.0011330185189650827
census_geographies/2020_block_groups.shp, study_areas/definitions/cbsa_18580_march_2020.shp, 1168.8286754206283, 0.4444788251764997, 0.0003802771394332402
census_geographies/2020_block_groups.shp, study_areas/definitions/cbsa_18700_march_2020.shp, 1168.8286754206283, 0.19872329739000089, 0.00017001918379396877
census_geographies/2020_block_groups.shp, study_areas/definitions/cbsa_18880_march_2020.shp, 1168.8286754206283, 0.6470086074629988, 0.0005535529894748337
census_geographies/2020_block_groups.shp, study_areas/definitions/cbsa_19060_march_2020.shp, 1168.8286754206283, 0.20543443698000005, 0.00017576094880292873
census_geographies/2020_block_groups.shp, study_areas/definitions/cbsa_19100_march_2020.shp, 1168.8286754206283, 2.247123399006502, 0.0019225430093061549
census_geographies/2020_block_groups.shp, study_areas/definitions/cbsa_19140_march_2020.shp, 1168.8286754206283, 0.16270128604349957, 0.00013920028611973264
census_geographies/2020_block_groups.shp, study_areas/definitions/cbsa_19180_march_2020.shp, 1168.8286754206283, 0.24683156093749958, 0.00021117856374346043
census_geographies/2020_block_groups.shp, study_areas/definitions/cbsa_19300_march_2020.shp, 1168.8286754206283, 0.49417171739199756, 0.00042279226013526675
census_geographies/2020_block_groups.shp, study_areas/definitions/cbsa_19340_march_2020.shp, 1168.8286754206283, 0.6452552811299991, 0.0005520529181899049
census_geographies/2020_block_groups.shp, study_areas/definitions/cbsa_19430_march_2020.shp, 1168.8286754206283, 0.35151495043099945, 0.0003007412102586371
census_geographies/2020_block_groups.shp, study_areas/definitions/cbsa_19460_march_2020.shp, 1168.8286754206283, 0.33458302439849913, 0.00028625497597249846
census_geographies/2020_block_groups.shp, study_areas/definitions/cbsa_19500_march_2020.shp, 1168.8286754206283, 0.1596809507605001, 0.00013661621597625115
census_geographies/2020_block_groups.shp, study_areas/definitions/cbsa_19660_march_2020.shp, 1168.8286754206283, 0.4812500959555008, 0.0004117370715449914
census_geographies/2020_block_groups.shp, study_areas/definitions/cbsa_19740_march_2020.shp, 1168.8286754206283, 2.276732485689994, 0.0019478752819532448
census_geographies/2020_block_groups.shp, study_areas/definitions/cbsa_19780_march_2020.shp, 1168.8286754206283, 1.0191064910105005, 0.0008719040800772217
census_geographies/2020_block_groups.shp, study_areas/definitions/cbsa_19820_march_2020.shp, 1168.8286754206283, 1.2055788493634976, 0.0010314418825578897
census_geographies/2020_block_groups.shp, study_areas/definitions/cbsa_20020_march_2020.shp, 1168.8286754206283, 0.42401375031700117, 0.0003627680935911421
census_geographies/2020_block_groups.shp, study_areas/definitions/cbsa_20100_march_2020.shp, 1168.8286754206283, 0.2152925177699999, 0.0001841951025820976
census_geographies/2020_block_groups.shp, study_areas/definitions/cbsa_20220_march_2020.shp, 1168.8286754206283, 0.17477393729249976, 0.00014952913200012274
census_geographies/2020_block_groups.shp, study_areas/definitions/cbsa_20260_march_2020.shp, 1168.8286754206283, 3.7648409470139996, 0.0032210374592830213
census_geographies/2020_block_groups.shp, study_areas/definitions/cbsa_20500_march_2020.shp, 1168.8286754206283, 0.608790574207999, 0.0005208552690486589
census_geographies/2020_block_groups.shp, study_areas/definitions/cbsa_20700_march_2020.shp, 1168.8286754206283, 0.17120945878300026, 0.00014647951610306516
census_geographies/2020_block_groups.shp, study_areas/definitions/cbsa_20740_march_2020.shp, 1168.8286754206283, 0.4979638385185007, 0.0004260366373534578
census_geographies/2020_block_groups.shp, study_areas/definitions/cbsa_20940_march_2020.shp, 1168.8286754206283, 1.1201840448070026, 0.0009583817272483327
census_geographies/2020_block_groups.shp, study_areas/definitions/cbsa_21060_march_2020.shp, 1168.8286754206283, 0.32249415548999955, 0.00027591225495382634
census_geographies/2020_block_groups.shp, study_areas/definitions/cbsa_21140_march_2020.shp, 1168.8286754206283, 0.13089498054699986, 0.00011198816670021761
census_geographies/2020_block_groups.shp, study_areas/definitions/cbsa_21300_march_2020.shp, 1168.8286754206283, 0.11585974571950008, 9.91246605733774e-05
census_geographies/2020_block_groups.shp, study_areas/definitions/cbsa_21340_march_2020.shp, 1168.8286754206283, 1.3738425554429958, 0.0011754011381938322
census_geographies/2020_block_groups.shp, study_areas/definitions/cbsa_21420_march_2020.shp, 1168.8286754206283, 0.27574588322899973, 0.0002359164255871517
census_geographies/2020_block_groups.shp, study_areas/definitions/cbsa_21500_march_2020.shp, 1168.8286754206283, 0.4393136267024986, 0.0003758580157561604
census_geographies/2020_block_groups.shp, study_areas/definitions/cbsa_21660_march_2020.shp, 1168.8286754206283, 1.3711264291990073, 0.0011730773363389443
census_geographies/2020_block_groups.shp, study_areas/definitions/cbsa_21780_march_2020.shp, 1168.8286754206283, 0.40181788923700007, 0.00034377826082372355
census_geographies/2020_block_groups.shp, study_areas/definitions/cbsa_21820_march_2020.shp, 1168.8286754206283, 3.6351424832615025, 0.0031100729813574412
census_geographies/2020_block_groups.shp, study_areas/definitions/cbsa_22020_march_2020.shp, 1168.8286754206283, 0.862647529964, 0.0007380444611812399
census_geographies/2020_block_groups.shp, study_areas/definitions/cbsa_22140_march_2020.shp, 1168.8286754206283, 1.4430222028415007, 0.0012345882961180756
census_geographies/2020_block_groups.shp, study_areas/definitions/cbsa_22180_march_2020.shp, 1168.8286754206283, 0.423125453208001, 0.0003620081044433053
census_geographies/2020_block_groups.shp, study_areas/definitions/cbsa_22220_march_2020.shp, 1168.8286754206283, 0.6931156148094987, 0.0005930001799109403
census_geographies/2020_block_groups.shp, study_areas/definitions/cbsa_22380_march_2020.shp, 1168.8286754206283, 4.821766967469006, 0.004125298316910123
census_geographies/2020_block_groups.shp, study_areas/definitions/cbsa_22420_march_2020.shp, 1168.8286754206283, 0.1857915306950005, 0.00015895531535290184
census_geographies/2020_block_groups.shp, study_areas/definitions/cbsa_22500_march_2020.shp, 1168.8286754206283, 0.34700339870299973, 0.00029688131887945255
census_geographies/2020_block_groups.shp, study_areas/definitions/cbsa_22520_march_2020.shp, 1168.8286754206283, 0.34269822572700004, 0.0002931979963647561
census_geographies/2020_block_groups.shp, study_areas/definitions/cbsa_22540_march_2020.shp, 1168.8286754206283, 0.22166454361449953, 0.0001896467363232073
census_geographies/2020_block_groups.shp, study_areas/definitions/cbsa_22660_march_2020.shp, 1168.8286754206283, 0.7265265796529986, 0.0006215851774782496
census_geographies/2020_block_groups.shp, study_areas/definitions/cbsa_22900_march_2020.shp, 1168.8286754206283, 0.6388886705024993, 0.0005466059174776674
census_geographies/2020_block_groups.shp, study_areas/definitions/cbsa_23060_march_2020.shp, 1168.8286754206283, 0.2770691420835, 0.00023704854946666212
census_geographies/2020_block_groups.shp, study_areas/definitions/cbsa_23420_march_2020.shp, 1168.8286754206283, 1.5711865390300004, 0.0013442402398833814
census_geographies/2020_block_groups.shp, study_areas/definitions/cbsa_23460_march_2020.shp, 1168.8286754206283, 0.13873429572099963, 0.00011869515065676591
census_geographies/2020_block_groups.shp, study_areas/definitions/cbsa_23540_march_2020.shp, 1168.8286754206283, 0.7021460890214958, 0.0006007262687740042
census_geographies/2020_block_groups.shp, study_areas/definitions/cbsa_23580_march_2020.shp, 1168.8286754206283, 0.10889715550900006, 9.316776513017279e-05
census_geographies/2020_block_groups.shp, study_areas/definitions/cbsa_23900_march_2020.shp, 1168.8286754206283, 0.14224048528950056, 0.00012169489702014048
census_geographies/2020_block_groups.shp, study_areas/definitions/cbsa_24020_march_2020.shp, 1168.8286754206283, 0.5118719910539997, 0.00043793585990674935
census_geographies/2020_block_groups.shp, study_areas/definitions/cbsa_24140_march_2020.shp, 1168.8286754206283, 0.14325886960650008, 0.00012256618323891247
census_geographies/2020_block_groups.shp, study_areas/definitions/cbsa_24220_march_2020.shp, 1168.8286754206283, 1.069528726170003, 0.0009150431955180343
census_geographies/2020_block_groups.shp, study_areas/definitions/cbsa_24260_march_2020.shp, 1168.8286754206283, 0.4508955792350002, 0.0003857670407279627
census_geographies/2020_block_groups.shp, study_areas/definitions/cbsa_24300_march_2020.shp, 1168.8286754206283, 0.9000455715105007, 0.0007700406316491164
census_geographies/2020_block_groups.shp, study_areas/definitions/cbsa_24340_march_2020.shp, 1168.8286754206283, 1.088291215760501, 0.0009310955819670113
census_geographies/2020_block_groups.shp, study_areas/definitions/cbsa_24420_march_2020.shp, 1168.8286754206283, 0.46444022977250043, 0.0003973552664639765
census_geographies/2020_block_groups.shp, study_areas/definitions/cbsa_24500_march_2020.shp, 1168.8286754206283, 0.8353414548279998, 0.0007146825470613852
census_geographies/2020_block_groups.shp, study_areas/definitions/cbsa_24540_march_2020.shp, 1168.8286754206283, 1.106115809217998, 0.0009463455444570935
census_geographies/2020_block_groups.shp, study_areas/definitions/cbsa_24580_march_2020.shp, 1168.8286754206283, 0.8377433178990015, 0.00071673747873915
census_geographies/2020_block_groups.shp, study_areas/definitions/cbsa_24660_march_2020.shp, 1168.8286754206283, 0.5232125570379994, 0.00044763836483538536
census_geographies/2020_block_groups.shp, study_areas/definitions/cbsa_24780_march_2020.shp, 1168.8286754206283, 0.16885998943000025, 0.0001444694102574377
census_geographies/2020_block_groups.shp, study_areas/definitions/cbsa_24860_march_2020.shp, 1168.8286754206283, 0.7100777713215027, 0.0006075122781069398
census_geographies/2020_block_groups.shp, study_areas/definitions/cbsa_25020_march_2020.shp, 1168.8286754206283, 0.048090213271000166, 4.114393690221012e-05
census_geographies/2020_block_groups.shp, study_areas/definitions/cbsa_25060_march_2020.shp, 1168.8286754206283, 0.7370108150465011, 0.0006305550424498884
census_geographies/2020_block_groups.shp, study_areas/definitions/cbsa_25180_march_2020.shp, 1168.8286754206283, 0.2764301838304994, 0.00023650188401736465
census_geographies/2020_block_groups.shp, study_areas/definitions/cbsa_25220_march_2020.shp, 1168.8286754206283, 0.2056491864704988, 0.00017594467931452098
census_geographies/2020_block_groups.shp, study_areas/definitions/cbsa_25260_march_2020.shp, 1168.8286754206283, 0.36075575452400044, 0.00030864724840377026
census_geographies/2020_block_groups.shp, study_areas/definitions/cbsa_25420_march_2020.shp, 1168.8286754206283, 0.45669463508499997, 0.000390728465761373
census_geographies/2020_block_groups.shp, study_areas/definitions/cbsa_25500_march_2020.shp, 1168.8286754206283, 0.23307626865249997, 0.0001994101219056954
census_geographies/2020_block_groups.shp, study_areas/definitions/cbsa_25540_march_2020.shp, 1168.8286754206283, 0.45027041894450115, 0.0003852321802273217
census_geographies/2020_block_groups.shp, study_areas/definitions/cbsa_25620_march_2020.shp, 1168.8286754206283, 0.4992983728429988, 0.00042717840804454554
census_geographies/2020_block_groups.shp, study_areas/definitions/cbsa_25860_march_2020.shp, 1168.8286754206283, 0.4309465612939994, 0.00036869951119133346
census_geographies/2020_block_groups.shp, study_areas/definitions/cbsa_25940_march_2020.shp, 1168.8286754206283, 0.40335611015000056, 0.00034509429707894884
census_geographies/2020_block_groups.shp, study_areas/definitions/cbsa_25980_march_2020.shp, 1168.8286754206283, 0.24818175112649973, 0.00021233372892497367
census_geographies/2020_block_groups.shp, study_areas/definitions/cbsa_26140_march_2020.shp, 1168.8286754206283, 0.23007765770599914, 0.00019684463817864556
census_geographies/2020_block_groups.shp, study_areas/definitions/cbsa_26300_march_2020.shp, 1168.8286754206283, 0.18690495533149976, 0.00015990791401848347
census_geographies/2020_block_groups.shp, study_areas/definitions/cbsa_26380_march_2020.shp, 1168.8286754206283, 0.8548299895419994, 0.0007313561067744769
census_geographies/2020_block_groups.shp, study_areas/definitions/cbsa_26420_march_2020.shp, 1168.8286754206283, 2.281284907341489, 0.0019517701398971232
census_geographies/2020_block_groups.shp, study_areas/definitions/cbsa_26580_march_2020.shp, 1168.8286754206283, 0.6775400817734996, 0.0005796744176640534
census_geographies/2020_block_groups.shp, study_areas/definitions/cbsa_26620_march_2020.shp, 1168.8286754206283, 0.36218214441099966, 0.00030986760679931177
census_geographies/2020_block_groups.shp, study_areas/definitions/cbsa_26820_march_2020.shp, 1168.8286754206283, 1.5147187887434987, 0.001295928839355686
census_geographies/2020_block_groups.shp, study_areas/definitions/cbsa_26900_march_2020.shp, 1168.8286754206283, 1.1814213139034977, 0.0010107737247961833
census_geographies/2020_block_groups.shp, study_areas/definitions/cbsa_26980_march_2020.shp, 1168.8286754206283, 0.333521873922, 0.00028534710085032346
census_geographies/2020_block_groups.shp, study_areas/definitions/cbsa_27060_march_2020.shp, 1168.8286754206283, 0.1393226784950002, 0.0001191985458817238
census_geographies/2020_block_groups.shp, study_areas/definitions/cbsa_27100_march_2020.shp, 1168.8286754206283, 0.2044112854969998, 0.0001748855840000999
census_geographies/2020_block_groups.shp, study_areas/definitions/cbsa_27140_march_2020.shp, 1168.8286754206283, 1.3644033171724972, 0.0011673253282235628
census_geographies/2020_block_groups.shp, study_areas/definitions/cbsa_27180_march_2020.shp, 1168.8286754206283, 0.4423284954379992, 0.0003784374089545824
census_geographies/2020_block_groups.shp, study_areas/definitions/cbsa_27260_march_2020.shp, 1168.8286754206283, 0.8976734106095, 0.000768011111882118
census_geographies/2020_block_groups.shp, study_areas/definitions/cbsa_27340_march_2020.shp, 1168.8286754206283, 0.2306914662425004, 0.00019736978660237015
census_geographies/2020_block_groups.shp, study_areas/definitions/cbsa_27500_march_2020.shp, 1168.8286754206283, 0.2065336913965, 0.00017670142403220418
census_geographies/2020_block_groups.shp, study_areas/definitions/cbsa_27620_march_2020.shp, 1168.8286754206283, 0.6106251834500003, 0.0005224248825263065
census_geographies/2020_block_groups.shp, study_areas/definitions/cbsa_27740_march_2020.shp, 1168.8286754206283, 0.22436138259050095, 0.0001919540368136157
census_geographies/2020_block_groups.shp, study_areas/definitions/cbsa_27780_march_2020.shp, 1168.8286754206283, 0.1905929544739997, 0.00016306320890477016
census_geographies/2020_block_groups.shp, study_areas/definitions/cbsa_27860_march_2020.shp, 1168.8286754206283, 0.3807770149124991, 0.0003257765854995543
census_geographies/2020_block_groups.shp, study_areas/definitions/cbsa_27900_march_2020.shp, 1168.8286754206283, 0.3326610405284998, 0.0002846106084869834
census_geographies/2020_block_groups.shp, study_areas/definitions/cbsa_27980_march_2020.shp, 1168.8286754206283, 0.5391509872824999, 0.0004612746064674318
census_geographies/2020_block_groups.shp, study_areas/definitions/cbsa_28020_march_2020.shp, 1168.8286754206283, 0.16394613076999995, 0.00014026532221328363
census_geographies/2020_block_groups.shp, study_areas/definitions/cbsa_28100_march_2020.shp, 1168.8286754206283, 0.1892436237255003, 0.0001619087790239206
census_geographies/2020_block_groups.shp, study_areas/definitions/cbsa_28140_march_2020.shp, 1168.8286754206283, 1.9839672688474956, 0.0016973978398789045
census_geographies/2020_block_groups.shp, study_areas/definitions/cbsa_28420_march_2020.shp, 1168.8286754206283, 0.9158038152489991, 0.0007835227133860549
census_geographies/2020_block_groups.shp, study_areas/definitions/cbsa_28660_march_2020.shp, 1168.8286754206283, 0.7012398516150007, 0.0005999509306722342
census_geographies/2020_block_groups.shp, study_areas/definitions/cbsa_28700_march_2020.shp, 1168.8286754206283, 0.5341353498739977, 0.00045698344086380114
census_geographies/2020_block_groups.shp, study_areas/definitions/cbsa_28740_march_2020.shp, 1168.8286754206283, 0.32612560528150003, 0.0002790191686254931
census_geographies/2020_block_groups.shp, study_areas/definitions/cbsa_28940_march_2020.shp, 1168.8286754206283, 0.866854426031501, 0.0007416437021615205
census_geographies/2020_block_groups.shp, study_areas/definitions/cbsa_29020_march_2020.shp, 1168.8286754206283, 0.08085332223849974, 6.917465659319397e-05
census_geographies/2020_block_groups.shp, study_areas/definitions/cbsa_29100_march_2020.shp, 1168.8286754206283, 0.30371869674449975, 0.0002598487726485663
census_geographies/2020_block_groups.shp, study_areas/definitions/cbsa_29180_march_2020.shp, 1168.8286754206283, 1.0446511865879986, 0.0008937590329156309
census_geographies/2020_block_groups.shp, study_areas/definitions/cbsa_29200_march_2020.shp, 1168.8286754206283, 0.4541725355330004, 0.00038857066487486423
census_geographies/2020_block_groups.shp, study_areas/definitions/cbsa_29340_march_2020.shp, 1168.8286754206283, 0.7338324038795, 0.0006278357293171427
census_geographies/2020_block_groups.shp, study_areas/definitions/cbsa_29420_march_2020.shp, 1168.8286754206283, 3.4723526315315034, 0.0029707969222109495
census_geographies/2020_block_groups.shp, study_areas/definitions/cbsa_29460_march_2020.shp, 1168.8286754206283, 0.47746450445349936, 0.00040849828079523584
census_geographies/2020_block_groups.shp, study_areas/definitions/cbsa_29540_march_2020.shp, 1168.8286754206283, 0.26890689215499997, 0.00023006527629742485
census_geographies/2020_block_groups.shp, study_areas/definitions/cbsa_29620_march_2020.shp, 1168.8286754206283, 0.6425742135569998, 0.0005497591110397386
census_geographies/2020_block_groups.shp, study_areas/definitions/cbsa_29700_march_2020.shp, 1168.8286754206283, 0.8003336524245004, 0.0006847313633338804
census_geographies/2020_block_groups.shp, study_areas/definitions/cbsa_29740_march_2020.shp, 1168.8286754206283, 0.9465988528729984, 0.0008098696351134132
census_geographies/2020_block_groups.shp, study_areas/definitions/cbsa_29820_march_2020.shp, 1168.8286754206283, 2.0925202357360018, 0.0017902711318944695
census_geographies/2020_block_groups.shp, study_areas/definitions/cbsa_29940_march_2020.shp, 1168.8286754206283, 0.12762349472450013, 0.0001091892228590063
census_geographies/2020_block_groups.shp, study_areas/definitions/cbsa_30020_march_2020.shp, 1168.8286754206283, 0.4388526957889997, 0.0003754636629111354
census_geographies/2020_block_groups.shp, study_areas/definitions/cbsa_30140_march_2020.shp, 1168.8286754206283, 0.09954858582399997, 8.516952733742202e-05
census_geographies/2020_block_groups.shp, study_areas/definitions/cbsa_30300_march_2020.shp, 1168.8286754206283, 0.45247551287500004, 0.0003871187646146403
census_geographies/2020_block_groups.shp, study_areas/definitions/cbsa_30340_march_2020.shp, 1168.8286754206283, 0.1448744536459999, 0.0001239484080880063
census_geographies/2020_block_groups.shp, study_areas/definitions/cbsa_30460_march_2020.shp, 1168.8286754206283, 0.3947978767345015, 0.0003377722373147843
census_geographies/2020_block_groups.shp, study_areas/definitions/cbsa_30620_march_2020.shp, 1168.8286754206283, 0.11239464696799988, 9.616006976176576e-05
census_geographies/2020_block_groups.shp, study_areas/definitions/cbsa_30700_march_2020.shp, 1168.8286754206283, 0.39319184736250107, 0.0003363981870319895
census_geographies/2020_block_groups.shp, study_areas/definitions/cbsa_30780_march_2020.shp, 1168.8286754206283, 1.070764802755999, 0.000916100729964262
census_geographies/2020_block_groups.shp, study_areas/definitions/cbsa_30860_march_2020.shp, 1168.8286754206283, 0.5171434361074999, 0.00044244588362909104
census_geographies/2020_block_groups.shp, study_areas/definitions/cbsa_30980_march_2020.shp, 1168.8286754206283, 0.6761439279745003, 0.0005784799279767629
census_geographies/2020_block_groups.shp, study_areas/definitions/cbsa_31020_march_2020.shp, 1168.8286754206283, 0.3520865257494983, 0.00030123022574099007
census_geographies/2020_block_groups.shp, study_areas/definitions/cbsa_31080_march_2020.shp, 1168.8286754206283, 1.4423338160645025, 0.001233999341730256
census_geographies/2020_block_groups.shp, study_areas/definitions/cbsa_31140_march_2020.shp, 1168.8286754206283, 0.8780232602074992, 0.0007511992806743243
census_geographies/2020_block_groups.shp, study_areas/definitions/cbsa_31180_march_2020.shp, 1168.8286754206283, 0.6772377495509997, 0.0005794157550996779
census_geographies/2020_block_groups.shp, study_areas/definitions/cbsa_31340_march_2020.shp, 1168.8286754206283, 0.5655816571605019, 0.00048388756115772495
census_geographies/2020_block_groups.shp, study_areas/definitions/cbsa_31420_march_2020.shp, 1168.8286754206283, 0.43355210274899736, 0.0003709287014138101
census_geographies/2020_block_groups.shp, study_areas/definitions/cbsa_31460_march_2020.shp, 1168.8286754206283, 0.5661621613774984, 0.0004843842158250889
census_geographies/2020_block_groups.shp, study_areas/definitions/cbsa_31540_march_2020.shp, 1168.8286754206283, 0.9693924771749997, 0.0008293708886173098
census_geographies/2020_block_groups.shp, study_areas/definitions/cbsa_31700_march_2020.shp, 1168.8286754206283, 0.2548275671854997, 0.00021801960590485555
census_geographies/2020_block_groups.shp, study_areas/definitions/cbsa_31740_march_2020.shp, 1168.8286754206283, 0.5104842960914988, 0.00043674860723945705
census_geographies/2020_block_groups.shp, study_areas/definitions/cbsa_31860_march_2020.shp, 1168.8286754206283, 0.3591257181020005, 0.0003072526587121601
census_geographies/2020_block_groups.shp, study_areas/definitions/cbsa_31900_march_2020.shp, 1168.8286754206283, 0.13815535275399954, 0.00011819983172835945
census_geographies/2020_block_groups.shp, study_areas/definitions/cbsa_32420_march_2020.shp, 1168.8286754206283, 0.07342168655800041, 6.281646583625956e-05
census_geographies/2020_block_groups.shp, study_areas/definitions/cbsa_32580_march_2020.shp, 1168.8286754206283, 0.37083193743300025, 0.0003172680010605903
census_geographies/2020_block_groups.shp, study_areas/definitions/cbsa_32780_march_2020.shp, 1168.8286754206283, 0.7937534024850004, 0.0006791015819314588
census_geographies/2020_block_groups.shp, study_areas/definitions/cbsa_32820_march_2020.shp, 1168.8286754206283, 1.2002322565415016, 0.0010268675656075704
census_geographies/2020_block_groups.shp, study_areas/definitions/cbsa_32900_march_2020.shp, 1168.8286754206283, 0.520077679279499, 0.0004449562970315883
census_geographies/2020_block_groups.shp, study_areas/definitions/cbsa_33100_march_2020.shp, 1168.8286754206283, 1.4215585547035032, 0.0012162249135374136
census_geographies/2020_block_groups.shp, study_areas/definitions/cbsa_33140_march_2020.shp, 1168.8286754206283, 0.17140712177849962, 0.00014664862813775086
census_geographies/2020_block_groups.shp, study_areas/definitions/cbsa_33220_march_2020.shp, 1168.8286754206283, 0.15257592742900025, 0.00013053746082512265
census_geographies/2020_block_groups.shp, study_areas/definitions/cbsa_33260_march_2020.shp, 1168.8286754206283, 0.4497405383305, 0.0003847788369571367
census_geographies/2020_block_groups.shp, study_areas/definitions/cbsa_33340_march_2020.shp, 1168.8286754206283, 0.9525477776779995, 0.0008149592816374089
census_geographies/2020_block_groups.shp, study_areas/definitions/cbsa_33460_march_2020.shp, 1168.8286754206283, 2.2267964781219995, 0.0019051521621170344
census_geographies/2020_block_groups.shp, study_areas/definitions/cbsa_33540_march_2020.shp, 1168.8286754206283, 0.8024746081125009, 0.000686563073774446
census_geographies/2020_block_groups.shp, study_areas/definitions/cbsa_33660_march_2020.shp, 1168.8286754206283, 0.6682501908320007, 0.0005717263829033937
census_geographies/2020_block_groups.shp, study_areas/definitions/cbsa_33700_march_2020.shp, 1168.8286754206283, 0.3998437993819994, 0.00034208931367816326
census_geographies/2020_block_groups.shp, study_areas/definitions/cbsa_33740_march_2020.shp, 1168.8286754206283, 0.5838128777049992, 0.0004994854164532724
census_geographies/2020_block_groups.shp, study_areas/definitions/cbsa_33780_march_2020.shp, 1168.8286754206283, 0.19113262295600025, 0.0001635249262576631
census_geographies/2020_block_groups.shp, study_areas/definitions/cbsa_33860_march_2020.shp, 1168.8286754206283, 0.6914328244310011, 0.0005915604561824888
census_geographies/2020_block_groups.shp, study_areas/definitions/cbsa_34060_march_2020.shp, 1168.8286754206283, 0.276003924583501, 0.00023613719477251445
census_geographies/2020_block_groups.shp, study_areas/definitions/cbsa_34100_march_2020.shp, 1168.8286754206283, 0.20562723421699966, 0.00017592589790201737
census_geographies/2020_block_groups.shp, study_areas/definitions/cbsa_34580_march_2020.shp, 1168.8286754206283, 0.6039753339060004, 0.0005167355546685633
census_geographies/2020_block_groups.shp, study_areas/definitions/cbsa_34620_march_2020.shp, 1168.8286754206283, 0.10850230556550028, 9.282994834675268e-05
census_geographies/2020_block_groups.shp, study_areas/definitions/cbsa_34740_march_2020.shp, 1168.8286754206283, 0.41940815997100017, 0.0003588277467782582
census_geographies/2020_block_groups.shp, study_areas/definitions/cbsa_34820_march_2020.shp, 1168.8286754206283, 0.5821583399335007, 0.0004980698644512623
census_geographies/2020_block_groups.shp, study_areas/definitions/cbsa_34900_march_2020.shp, 1168.8286754206283, 0.21092739643649966, 0.0001804604908076822
census_geographies/2020_block_groups.shp, study_areas/definitions/cbsa_34940_march_2020.shp, 1168.8286754206283, 0.6088235569754994, 0.000520883487698829
census_geographies/2020_block_groups.shp, study_areas/definitions/cbsa_34980_march_2020.shp, 1168.8286754206283, 1.4948473255360024, 0.0012789276623437129
census_geographies/2020_block_groups.shp, study_areas/definitions/cbsa_35100_march_2020.shp, 1168.8286754206283, 0.4631010820124994, 0.000396209548714094
census_geographies/2020_block_groups.shp, study_areas/definitions/cbsa_35300_march_2020.shp, 1168.8286754206283, 0.24021888557399912, 0.00020552104053021386
census_geographies/2020_block_groups.shp, study_areas/definitions/cbsa_35380_march_2020.shp, 1168.8286754206283, 1.9021336030939997, 0.0016273844431558592
census_geographies/2020_block_groups.shp, study_areas/definitions/cbsa_35620_march_2020.shp, 1168.8286754206283, 2.5449711392460053, 0.0021773688417852533
census_geographies/2020_block_groups.shp, study_areas/definitions/cbsa_35660_march_2020.shp, 1168.8286754206283, 0.44506061584850015, 0.00038077489473667766
census_geographies/2020_block_groups.shp, study_areas/definitions/cbsa_35840_march_2020.shp, 1168.8286754206283, 0.4580880385630008, 0.00039192060239123404
census_geographies/2020_block_groups.shp, study_areas/definitions/cbsa_35980_march_2020.shp, 1168.8286754206283, 0.2154952791699997, 0.00018436857659438332
census_geographies/2020_block_groups.shp, study_areas/definitions/cbsa_36100_march_2020.shp, 1168.8286754206283, 0.3995395578209996, 0.000341829017565142
census_geographies/2020_block_groups.shp, study_areas/definitions/cbsa_36140_march_2020.shp, 1168.8286754206283, 0.16725761980500023, 0.00014309849109820047
census_geographies/2020_block_groups.shp, study_areas/definitions/cbsa_36220_march_2020.shp, 1168.8286754206283, 0.22260324749900012, 0.0001904498513598595
census_geographies/2020_block_groups.shp, study_areas/definitions/cbsa_36260_march_2020.shp, 1168.8286754206283, 2.4093184030659853, 0.00206131014213776
census_geographies/2020_block_groups.shp, study_areas/definitions/cbsa_36420_march_2020.shp, 1168.8286754206283, 1.434905819452504, 0.0012276442644052364
census_geographies/2020_block_groups.shp, study_areas/definitions/cbsa_36500_march_2020.shp, 1168.8286754206283, 0.23681093000900022, 0.00020260533899356864
census_geographies/2020_block_groups.shp, study_areas/definitions/cbsa_36540_march_2020.shp, 1168.8286754206283, 1.2270011994834997, 0.0010497699323144486
census_geographies/2020_block_groups.shp, study_areas/definitions/cbsa_36740_march_2020.shp, 1168.8286754206283, 0.9569763874880007, 0.0008187482114464826
census_geographies/2020_block_groups.shp, study_areas/definitions/cbsa_36780_march_2020.shp, 1168.8286754206283, 0.16833849120650068, 0.00014402323860331407
census_geographies/2020_block_groups.shp, study_areas/definitions/cbsa_36980_march_2020.shp, 1168.8286754206283, 0.24651230586549971, 0.0002109054227102932
census_geographies/2020_block_groups.shp, study_areas/definitions/cbsa_37100_march_2020.shp, 1168.8286754206283, 0.5600245892329991, 0.00047913317067744095
census_geographies/2020_block_groups.shp, study_areas/definitions/cbsa_37340_march_2020.shp, 1168.8286754206283, 0.37097945560349993, 0.0003173942113201449
census_geographies/2020_block_groups.shp, study_areas/definitions/cbsa_37460_march_2020.shp, 1168.8286754206283, 0.35563664927349886, 0.0003042675601242546
census_geographies/2020_block_groups.shp, study_areas/definitions/cbsa_37620_march_2020.shp, 1168.8286754206283, 0.16501547771000036, 0.00014118020988030256
census_geographies/2020_block_groups.shp, study_areas/definitions/cbsa_37860_march_2020.shp, 1168.8286754206283, 0.5719960413789994, 0.0004893754349183418
census_geographies/2020_block_groups.shp, study_areas/definitions/cbsa_37900_march_2020.shp, 1168.8286754206283, 0.9385728842614989, 0.0008030029584307838
census_geographies/2020_block_groups.shp, study_areas/definitions/cbsa_37980_march_2020.shp, 1168.8286754206283, 1.3283992413494938, 0.0011365217754188317
census_geographies/2020_block_groups.shp, study_areas/definitions/cbsa_38060_march_2020.shp, 1168.8286754206283, 3.656286110928503, 0.003128162568062175
census_geographies/2020_block_groups.shp, study_areas/definitions/cbsa_38220_march_2020.shp, 1168.8286754206283, 0.5273655439005002, 0.0004511914833974417
census_geographies/2020_block_groups.shp, study_areas/definitions/cbsa_38300_march_2020.shp, 1168.8286754206283, 1.4689658190819936, 0.0012567845484740135
census_geographies/2020_block_groups.shp, study_areas/definitions/cbsa_38340_march_2020.shp, 1168.8286754206283, 0.267917202008, 0.0002292185395875783
census_geographies/2020_block_groups.shp, study_areas/definitions/cbsa_38540_march_2020.shp, 1168.8286754206283, 0.7368308847485007, 0.0006304011017554272
census_geographies/2020_block_groups.shp, study_areas/definitions/cbsa_38660_march_2020.shp, 1168.8286754206283, 0.08947818733200019, 7.655372358125927e-05
census_geographies/2020_block_groups.shp, study_areas/definitions/cbsa_38860_march_2020.shp, 1168.8286754206283, 0.8256279702539987, 0.0007063721036420317
census_geographies/2020_block_groups.shp, study_areas/definitions/cbsa_38900_march_2020.shp, 1168.8286754206283, 2.0383015959480018, 0.0017438839744537194
census_geographies/2020_block_groups.shp, study_areas/definitions/cbsa_38940_march_2020.shp, 1168.8286754206283, 0.34001840520450183, 0.00029090525613785
census_geographies/2020_block_groups.shp, study_areas/definitions/cbsa_39100_march_2020.shp, 1168.8286754206283, 0.4653131456919999, 0.0003981020961216124
census_geographies/2020_block_groups.shp, study_areas/definitions/cbsa_39150_march_2020.shp, 1168.8286754206283, 2.0686154568964907, 0.0017698192219249367
census_geographies/2020_block_groups.shp, study_areas/definitions/cbsa_39300_march_2020.shp, 1168.8286754206283, 0.6259168879165002, 0.0005355078131457123
census_geographies/2020_block_groups.shp, study_areas/definitions/cbsa_39340_march_2020.shp, 1168.8286754206283, 1.5130905771960086, 0.0012945358109489316
census_geographies/2020_block_groups.shp, study_areas/definitions/cbsa_39380_march_2020.shp, 1168.8286754206283, 0.6384925399865, 0.0005462670050909939
census_geographies/2020_block_groups.shp, study_areas/definitions/cbsa_39460_march_2020.shp, 1168.8286754206283, 0.22287657631300004, 0.0001906836998440281
census_geographies/2020_block_groups.shp, study_areas/definitions/cbsa_39540_march_2020.shp, 1168.8286754206283, 0.22558894138650087, 0.0001930042838017452
census_geographies/2020_block_groups.shp, study_areas/definitions/cbsa_39580_march_2020.shp, 1168.8286754206283, 0.5542154063599987, 0.00047416308139475806
census_geographies/2020_block_groups.shp, study_areas/definitions/cbsa_39660_march_2020.shp, 1168.8286754206283, 1.8311432622664994, 0.0015666481331043003
census_geographies/2020_block_groups.shp, study_areas/definitions/cbsa_39740_march_2020.shp, 1168.8286754206283, 0.2379214619530003, 0.0002035554627947326
census_geographies/2020_block_groups.shp, study_areas/definitions/cbsa_39820_march_2020.shp, 1168.8286754206283, 1.0627481650289965, 0.0009092420363887321
census_geographies/2020_block_groups.shp, study_areas/definitions/cbsa_39900_march_2020.shp, 1168.8286754206283, 1.8759686656390004, 0.0016049988378013505
census_geographies/2020_block_groups.shp, study_areas/definitions/cbsa_40060_march_2020.shp, 1168.8286754206283, 1.1841446550814962, 0.0010131036994411146
census_geographies/2020_block_groups.shp, study_areas/definitions/cbsa_40140_march_2020.shp, 1168.8286754206283, 6.9724892239679965, 0.005965364617238532
census_geographies/2020_block_groups.shp, study_areas/definitions/cbsa_40220_march_2020.shp, 1168.8286754206283, 0.4988239732699991, 0.00042677253198847683
census_geographies/2020_block_groups.shp, study_areas/definitions/cbsa_40340_march_2020.shp, 1168.8286754206283, 0.727770372876002, 0.0006226493139502229
census_geographies/2020_block_groups.shp, study_areas/definitions/cbsa_40380_march_2020.shp, 1168.8286754206283, 1.5034588426460007, 0.0012862953093659758
census_geographies/2020_block_groups.shp, study_areas/definitions/cbsa_40420_march_2020.shp, 1168.8286754206283, 0.22666535378899969, 0.00019392521637735252
census_geographies/2020_block_groups.shp, study_areas/definitions/cbsa_40580_march_2020.shp, 1168.8286754206283, 0.27154930391399956, 0.00023232601118061778
census_geographies/2020_block_groups.shp, study_areas/definitions/cbsa_40660_march_2020.shp, 1168.8286754206283, 0.1314394952739997, 0.00011245403029378822
census_geographies/2020_block_groups.shp, study_areas/definitions/cbsa_40900_march_2020.shp, 1168.8286754206283, 1.4248140294929967, 0.001219010159021164
census_geographies/2020_block_groups.shp, study_areas/definitions/cbsa_40980_march_2020.shp, 1168.8286754206283, 0.23456160102599974, 0.00020068090898059775
census_geographies/2020_block_groups.shp, study_areas/definitions/cbsa_41060_march_2020.shp, 1168.8286754206283, 0.5384121284465007, 0.00046064247033701617
census_geographies/2020_block_groups.shp, study_areas/definitions/cbsa_41100_march_2020.shp, 1168.8286754206283, 0.6395656668300009, 0.000547185126682351
census_geographies/2020_block_groups.shp, study_areas/definitions/cbsa_41140_march_2020.shp, 1168.8286754206283, 0.4566254922079995, 0.0003906693100626342
census_geographies/2020_block_groups.shp, study_areas/definitions/cbsa_41180_march_2020.shp, 1168.8286754206283, 2.1687061967204992, 0.001855452593118528
census_geographies/2020_block_groups.shp, study_areas/definitions/cbsa_41420_march_2020.shp, 1168.8286754206283, 0.5711236599404973, 0.000488629062539868
census_geographies/2020_block_groups.shp, study_areas/definitions/cbsa_41500_march_2020.shp, 1168.8286754206283, 0.9792525307709996, 0.0008378067302452127
census_geographies/2020_block_groups.shp, study_areas/definitions/cbsa_41540_march_2020.shp, 1168.8286754206283, 0.7751268230219991, 0.0006631654743951699
census_geographies/2020_block_groups.shp, study_areas/definitions/cbsa_41620_march_2020.shp, 1168.8286754206283, 2.225514565690995, 0.0019040554124753102
census_geographies/2020_block_groups.shp, study_areas/definitions/cbsa_41660_march_2020.shp, 1168.8286754206283, 0.8643097154700011, 0.0007394665562589492
census_geographies/2020_block_groups.shp, study_areas/definitions/cbsa_41700_march_2020.shp, 1168.8286754206283, 1.774973585894003, 0.0015185917519137185
census_geographies/2020_block_groups.shp, study_areas/definitions/cbsa_41740_march_2020.shp, 1168.8286754206283, 1.131333325245002, 0.0009679205764162717
census_geographies/2020_block_groups.shp, study_areas/definitions/cbsa_41860_march_2020.shp, 1168.8286754206283, 0.9074753855910009, 0.000776397263922727
census_geographies/2020_block_groups.shp, study_areas/definitions/cbsa_41900_march_2020.shp, 1168.8286754206283, 0.08162993498200002, 6.983909335782143e-05
census_geographies/2020_block_groups.shp, study_areas/definitions/cbsa_41940_march_2020.shp, 1168.8286754206283, 0.7056737583275021, 0.0006037443922853365
census_geographies/2020_block_groups.shp, study_areas/definitions/cbsa_41980_march_2020.shp, 1168.8286754206283, 0.44290110811499994, 0.00037892731195665814
census_geographies/2020_block_groups.shp, study_areas/definitions/cbsa_42020_march_2020.shp, 1168.8286754206283, 0.9290327417954992, 0.0007948408191313125
census_geographies/2020_block_groups.shp, study_areas/definitions/cbsa_42100_march_2020.shp, 1168.8286754206283, 0.15923593485999998, 0.0001362354793380608
census_geographies/2020_block_groups.shp, study_areas/definitions/cbsa_42140_march_2020.shp, 1168.8286754206283, 0.49183208193950073, 0.0004207905677557956
census_geographies/2020_block_groups.shp, study_areas/definitions/cbsa_42200_march_2020.shp, 1168.8286754206283, 0.9633628968150015, 0.000824212236637944
census_geographies/2020_block_groups.shp, study_areas/definitions/cbsa_42220_march_2020.shp, 1168.8286754206283, 0.47303324107650063, 0.0004047070807073324
census_geographies/2020_block_groups.shp, study_areas/definitions/cbsa_42340_march_2020.shp, 1168.8286754206283, 0.3878642199970001, 0.00033184009611795227
census_geographies/2020_block_groups.shp, study_areas/definitions/cbsa_42540_march_2020.shp, 1168.8286754206283, 0.49475060168999957, 0.0004232875288689789
census_geographies/2020_block_groups.shp, study_areas/definitions/cbsa_42660_march_2020.shp, 1168.8286754206283, 1.9527340675780083, 0.0016706760440107055
census_geographies/2020_block_groups.shp, study_areas/definitions/cbsa_42680_march_2020.shp, 1168.8286754206283, 0.14617894329549916, 0.00012506447383564876
census_geographies/2020_block_groups.shp, study_areas/definitions/cbsa_42700_march_2020.shp, 1168.8286754206283, 0.2614207035315002, 0.0002236604123674689
census_geographies/2020_block_groups.shp, study_areas/definitions/cbsa_43100_march_2020.shp, 1168.8286754206283, 0.3677439786474993, 0.00031462607513043663
census_geographies/2020_block_groups.shp, study_areas/definitions/cbsa_43300_march_2020.shp, 1168.8286754206283, 0.24642786464399943, 0.0002108331784000055
census_geographies/2020_block_groups.shp, study_areas/definitions/cbsa_43340_march_2020.shp, 1168.8286754206283, 0.6702084153305082, 0.0005734017563261093
census_geographies/2020_block_groups.shp, study_areas/definitions/cbsa_43420_march_2020.shp, 1168.8286754206283, 1.5346778593574966, 0.0013130049695308935
census_geographies/2020_block_groups.shp, study_areas/definitions/cbsa_43580_march_2020.shp, 1168.8286754206283, 0.5944022655700012, 0.0005085452453979987
census_geographies/2020_block_groups.shp, study_areas/definitions/cbsa_43620_march_2020.shp, 1168.8286754206283, 0.7454345037829978, 0.000637761991520902
census_geographies/2020_block_groups.shp, study_areas/definitions/cbsa_43780_march_2020.shp, 1168.8286754206283, 0.2719648485415003, 0.00023268153345367565
census_geographies/2020_block_groups.shp, study_areas/definitions/cbsa_43900_march_2020.shp, 1168.8286754206283, 0.2094730235315008, 0.00017921619133455755
census_geographies/2020_block_groups.shp, study_areas/definitions/cbsa_44060_march_2020.shp, 1168.8286754206283, 1.3508892186810038, 0.0011557632415160049
census_geographies/2020_block_groups.shp, study_areas/definitions/cbsa_44100_march_2020.shp, 1168.8286754206283, 0.32492348804649995, 0.00027799068835265286
census_geographies/2020_block_groups.shp, study_areas/definitions/cbsa_44140_march_2020.shp, 1168.8286754206283, 0.5389093631644983, 0.00046106788316992663
census_geographies/2020_block_groups.shp, study_areas/definitions/cbsa_44180_march_2020.shp, 1168.8286754206283, 0.7957338792869981, 0.0006807959934766625
census_geographies/2020_block_groups.shp, study_areas/definitions/cbsa_44220_march_2020.shp, 1168.8286754206283, 0.10981939311199963, 9.395679231815453e-05
census_geographies/2020_block_groups.shp, study_areas/definitions/cbsa_44300_march_2020.shp, 1168.8286754206283, 0.30815496103700024, 0.0002636442513066374
census_geographies/2020_block_groups.shp, study_areas/definitions/cbsa_44420_march_2020.shp, 1168.8286754206283, 0.2678037242694996, 0.00022912145287086206
census_geographies/2020_block_groups.shp, study_areas/definitions/cbsa_44700_march_2020.shp, 1168.8286754206283, 0.3787062620000013, 0.0003240049375617138
census_geographies/2020_block_groups.shp, study_areas/definitions/cbsa_44940_march_2020.shp, 1168.8286754206283, 0.34737548403049945, 0.0002971996592276356
census_geographies/2020_block_groups.shp, study_areas/definitions/cbsa_45060_march_2020.shp, 1168.8286754206283, 0.7971325192665029, 0.0006819926102340341
census_geographies/2020_block_groups.shp, study_areas/definitions/cbsa_45220_march_2020.shp, 1168.8286754206283, 0.6852039548789993, 0.0005862313008640157
census_geographies/2020_block_groups.shp, study_areas/definitions/cbsa_45300_march_2020.shp, 1168.8286754206283, 0.9335776688940004, 0.0007987292650550623
census_geographies/2020_block_groups.shp, study_areas/definitions/cbsa_45460_march_2020.shp, 1168.8286754206283, 0.5246078138449998, 0.0004488320870945507
census_geographies/2020_block_groups.shp, study_areas/definitions/cbsa_45500_march_2020.shp, 1168.8286754206283, 0.5337403870810009, 0.00045664552753116094
census_geographies/2020_block_groups.shp, study_areas/definitions/cbsa_45540_march_2020.shp, 1168.8286754206283, 0.13866832517049982, 0.00011863870906537865
census_geographies/2020_block_groups.shp, study_areas/definitions/cbsa_45780_march_2020.shp, 1168.8286754206283, 0.6173739575385011, 0.0005281988460082276
census_geographies/2020_block_groups.shp, study_areas/definitions/cbsa_45820_march_2020.shp, 1168.8286754206283, 0.8865930083700014, 0.0007585311919652739
census_geographies/2020_block_groups.shp, study_areas/definitions/cbsa_45940_march_2020.shp, 1168.8286754206283, 0.06277075228599983, 5.370398040877156e-05
census_geographies/2020_block_groups.shp, study_areas/definitions/cbsa_46060_march_2020.shp, 1168.8286754206283, 2.274165108149499, 0.0019456787431494967
census_geographies/2020_block_groups.shp, study_areas/definitions/cbsa_46140_march_2020.shp, 1168.8286754206283, 1.6777182824295025, 0.0014353842592249367
census_geographies/2020_block_groups.shp, study_areas/definitions/cbsa_46220_march_2020.shp, 1168.8286754206283, 0.8901700986834999, 0.0007615915979843265
census_geographies/2020_block_groups.shp, study_areas/definitions/cbsa_46300_march_2020.shp, 1168.8286754206283, 0.7172602523080025, 0.0006136573027264932
census_geographies/2020_block_groups.shp, study_areas/definitions/cbsa_46340_march_2020.shp, 1168.8286754206283, 0.23570571507000038, 0.00020165976419527572
census_geographies/2020_block_groups.shp, study_areas/definitions/cbsa_46520_march_2020.shp, 1168.8286754206283, 0.49732218090150027, 0.00042548766244336714
census_geographies/2020_block_groups.shp, study_areas/definitions/cbsa_46540_march_2020.shp, 1168.8286754206283, 0.7806944169494978, 0.0006679288704724395
census_geographies/2020_block_groups.shp, study_areas/definitions/cbsa_46660_march_2020.shp, 1168.8286754206283, 0.3977369233395003, 0.0003402867603298371
census_geographies/2020_block_groups.shp, study_areas/definitions/cbsa_46700_march_2020.shp, 1168.8286754206283, 0.24162353615350005, 0.00020672279970077444
census_geographies/2020_block_groups.shp, study_areas/definitions/cbsa_47020_march_2020.shp, 1168.8286754206283, 0.4181815878945011, 0.0003577783439852803
census_geographies/2020_block_groups.shp, study_areas/definitions/cbsa_47220_march_2020.shp, 1168.8286754206283, 0.18339651318850023, 0.00015690624044837113
census_geographies/2020_block_groups.shp, study_areas/definitions/cbsa_47260_march_2020.shp, 1168.8286754206283, 1.2694942515649998, 0.0010861251766501577
census_geographies/2020_block_groups.shp, study_areas/definitions/cbsa_47300_march_2020.shp, 1168.8286754206283, 1.256017790910998, 0.0010745952912722583
census_geographies/2020_block_groups.shp, study_areas/definitions/cbsa_47380_march_2020.shp, 1168.8286754206283, 0.45062133439750046, 0.0003855324085331279
census_geographies/2020_block_groups.shp, study_areas/definitions/cbsa_47460_march_2020.shp, 1168.8286754206283, 0.3923504219530001, 0.00033567829931260395
census_geographies/2020_block_groups.shp, study_areas/definitions/cbsa_47580_march_2020.shp, 1168.8286754206283, 0.13200593657949986, 0.00011293865333342772
census_geographies/2020_block_groups.shp, study_areas/definitions/cbsa_47900_march_2020.shp, 1168.8286754206283, 1.8808856703579993, 0.0016092056174795007
census_geographies/2020_block_groups.shp, study_areas/definitions/cbsa_47940_march_2020.shp, 1168.8286754206283, 0.42968729767999936, 0.000367622138912161
census_geographies/2020_block_groups.shp, study_areas/definitions/cbsa_48060_march_2020.shp, 1168.8286754206283, 0.5397777306079983, 0.00046181082134535035
census_geographies/2020_block_groups.shp, study_areas/definitions/cbsa_48140_march_2020.shp, 1168.8286754206283, 0.7347215630430007, 0.00062859645600207
census_geographies/2020_block_groups.shp, study_areas/definitions/cbsa_48260_march_2020.shp, 1168.8286754206283, 0.1624832714449996, 0.00013901376212089122
census_geographies/2020_block_groups.shp, study_areas/definitions/cbsa_48300_march_2020.shp, 1168.8286754206283, 1.5065302894469992, 0.0012889231083459188
census_geographies/2020_block_groups.shp, study_areas/definitions/cbsa_48540_march_2020.shp, 1168.8286754206283, 0.26280612532550074, 0.00022484572020867324
census_geographies/2020_block_groups.shp, study_areas/definitions/cbsa_48620_march_2020.shp, 1168.8286754206283, 1.105512080732501, 0.0009458290200954032
census_geographies/2020_block_groups.shp, study_areas/definitions/cbsa_48660_march_2020.shp, 1168.8286754206283, 0.6743930370464991, 0.0005769819403205556
census_geographies/2020_block_groups.shp, study_areas/definitions/cbsa_48700_march_2020.shp, 1168.8286754206283, 0.3466016008920004, 0.0002965375577967133
census_geographies/2020_block_groups.shp, study_areas/definitions/cbsa_48900_march_2020.shp, 1168.8286754206283, 0.32081967703450065, 0.000274479642552444
census_geographies/2020_block_groups.shp, study_areas/definitions/cbsa_49020_march_2020.shp, 1168.8286754206283, 0.28905789661499914, 0.00024730561689117987
census_geographies/2020_block_groups.shp, study_areas/definitions/cbsa_49180_march_2020.shp, 1168.8286754206283, 0.5287599182955001, 0.00045238445070250723
census_geographies/2020_block_groups.shp, study_areas/definitions/cbsa_49340_march_2020.shp, 1168.8286754206283, 0.5931960614554993, 0.0005075132685652368
census_geographies/2020_block_groups.shp, study_areas/definitions/cbsa_49420_march_2020.shp, 1168.8286754206283, 1.3073150728350011, 0.0011184830594308747
census_geographies/2020_block_groups.shp, study_areas/definitions/cbsa_49500_march_2020.shp, 1168.8286754206283, 0.06185320342749986, 5.2918964710752537e-05
census_geographies/2020_block_groups.shp, study_areas/definitions/cbsa_49620_march_2020.shp, 1168.8286754206283, 0.2484887215694997, 0.00021259635975313118
census_geographies/2020_block_groups.shp, study_areas/definitions/cbsa_49660_march_2020.shp, 1168.8286754206283, 0.48524757936899915, 0.00041515714798353345
census_geographies/2020_block_groups.shp, study_areas/definitions/cbsa_49700_march_2020.shp, 1168.8286754206283, 0.33803198907299925, 0.0002892057631554523
census_geographies/2020_block_groups.shp, study_areas/definitions/cbsa_49740_march_2020.shp, 1168.8286754206283, 1.375660361716503, 0.0011769563757677676
census_geographies/2010_block_groups.shp, study_areas/definitions/cbsa_10180_march_2020.shp, 1167.3652671522018, 0.684978212427505, 0.000586772822270544
census_geographies/2010_block_groups.shp, study_areas/definitions/cbsa_10380_march_2020.shp, 1167.3652671522018, 0.13518799901399936, 0.00011580608299559204
census_geographies/2010_block_groups.shp, study_areas/definitions/cbsa_10420_march_2020.shp, 1167.3652671522018, 0.25673357637649996, 0.0002199256596033595
census_geographies/2010_block_groups.shp, study_areas/definitions/cbsa_10500_march_2020.shp, 1167.3652671522018, 0.39618393179400113, 0.00033938300456762385
census_geographies/2010_block_groups.shp, study_areas/definitions/cbsa_10540_march_2020.shp, 1167.3652671522018, 0.6765582464645006, 0.0005795600276124118
census_geographies/2010_block_groups.shp, study_areas/definitions/cbsa_10580_march_2020.shp, 1167.3652671522018, 0.8201549999650004, 0.0007025693011800634
census_geographies/2010_block_groups.shp, study_areas/definitions/cbsa_10740_march_2020.shp, 1167.3652671522018, 2.3812207643764967, 0.002039824921453682
census_geographies/2010_block_groups.shp, study_areas/definitions/cbsa_10780_march_2020.shp, 1167.3652671522018, 0.49734556230400045, 0.0004260410826829545
census_geographies/2010_block_groups.shp, study_areas/definitions/cbsa_10900_march_2020.shp, 1167.3652671522018, 0.4078281543179994, 0.00034935779382309353
census_geographies/2010_block_groups.shp, study_areas/definitions/cbsa_11020_march_2020.shp, 1167.3652671522018, 0.14498322434950028, 0.00012419696596180919
census_geographies/2010_block_groups.shp, study_areas/definitions/cbsa_11100_march_2020.shp, 1167.3652671522018, 1.3296808480735018, 0.0011390443809565025
census_geographies/2010_block_groups.shp, study_areas/definitions/cbsa_11180_march_2020.shp, 1167.3652671522018, 0.3230801628220002, 0.00027676012976654443
census_geographies/2010_block_groups.shp, study_areas/definitions/cbsa_11260_march_2020.shp, 1167.3652671522018, 12.161870133173013, 0.010418221678671326
census_geographies/2010_block_groups.shp, study_areas/definitions/cbsa_11460_march_2020.shp, 1167.3652671522018, 0.20412300627300042, 0.00017485787183900062
census_geographies/2010_block_groups.shp, study_areas/definitions/cbsa_11500_march_2020.shp, 1167.3652671522018, 0.1543445304310007, 0.0001322161407179139
census_geographies/2010_block_groups.shp, study_areas/definitions/cbsa_11540_march_2020.shp, 1167.3652671522018, 0.3041976627424998, 0.0002605848154833258
census_geographies/2010_block_groups.shp, study_areas/definitions/cbsa_11640_march_2020.shp, 1167.3652671522018, 0.07227015403749976, 6.19087753174321e-05
census_geographies/2010_block_groups.shp, study_areas/definitions/cbsa_11700_march_2020.shp, 1167.3652671522018, 0.5258794365325009, 0.0004504840527039053
census_geographies/2010_block_groups.shp, study_areas/definitions/cbsa_12020_march_2020.shp, 1167.3652671522018, 0.26144361152400053, 0.00022396041657277897
census_geographies/2010_block_groups.shp, study_areas/definitions/cbsa_12060_march_2020.shp, 1167.3652671522018, 2.2253320322929913, 0.0019062859714181054
census_geographies/2010_block_groups.shp, study_areas/definitions/cbsa_12100_march_2020.shp, 1167.3652671522018, 0.18212836665649934, 0.00015601660575425817
census_geographies/2010_block_groups.shp, study_areas/definitions/cbsa_12220_march_2020.shp, 1167.3652671522018, 0.15322076510700058, 0.0001312534897331527
census_geographies/2010_block_groups.shp, study_areas/definitions/cbsa_12260_march_2020.shp, 1167.3652671522018, 0.8998102878904979, 0.0007708044030516629
census_geographies/2010_block_groups.shp, study_areas/definitions/cbsa_12420_march_2020.shp, 1167.3652671522018, 1.039147594035506, 0.0008901649066281679
census_geographies/2010_block_groups.shp, study_areas/definitions/cbsa_12540_march_2020.shp, 1167.3652671522018, 2.096175756296489, 0.0017956468427488244
census_geographies/2010_block_groups.shp, study_areas/definitions/cbsa_12580_march_2020.shp, 1167.3652671522018, 0.8398258847259971, 0.0007194199693595133
census_geographies/2010_block_groups.shp, study_areas/definitions/cbsa_12620_march_2020.shp, 1167.3652671522018, 1.058752085311999, 0.0009069587001631754
census_geographies/2010_block_groups.shp, study_areas/definitions/cbsa_12700_march_2020.shp, 1167.3652671522018, 0.3661536736650003, 0.00031365818734545314
census_geographies/2010_block_groups.shp, study_areas/definitions/cbsa_12940_march_2020.shp, 1167.3652671522018, 1.1145808708420004, 0.000954783307508395
census_geographies/2010_block_groups.shp, study_areas/definitions/cbsa_12980_march_2020.shp, 1167.3652671522018, 0.20295285300500002, 0.00017385548355409387
census_geographies/2010_block_groups.shp, study_areas/definitions/cbsa_13020_march_2020.shp, 1167.3652671522018, 0.18245614396800025, 0.00015629738960205975
census_geographies/2010_block_groups.shp, study_areas/definitions/cbsa_13140_march_2020.shp, 1167.3652671522018, 0.5791247195509991, 0.000496095554533483
census_geographies/2010_block_groups.shp, study_areas/definitions/cbsa_13220_march_2020.shp, 1167.3652671522018, 0.33901378259750037, 0.00029040934498978846
census_geographies/2010_block_groups.shp, study_areas/definitions/cbsa_13380_march_2020.shp, 1167.3652671522018, 0.7941252868595022, 0.0006802714704685176
census_geographies/2010_block_groups.shp, study_areas/definitions/cbsa_13460_march_2020.shp, 1167.3652671522018, 0.8865352232289997, 0.0007594325856479442
census_geographies/2010_block_groups.shp, study_areas/definitions/cbsa_13740_march_2020.shp, 1167.3652671522018, 1.9475855078095043, 0.0016683599920363033
census_geographies/2010_block_groups.shp, study_areas/definitions/cbsa_13780_march_2020.shp, 1167.3652671522018, 0.34943047478549966, 0.00029933259504793944
census_geographies/2010_block_groups.shp, study_areas/definitions/cbsa_13820_march_2020.shp, 1167.3652671522018, 1.1458571445704957, 0.0009815754989574298
census_geographies/2010_block_groups.shp, study_areas/definitions/cbsa_13900_march_2020.shp, 1167.3652671522018, 1.3281016355640016, 0.0011376915802916749
census_geographies/2010_block_groups.shp, study_areas/definitions/cbsa_13980_march_2020.shp, 1167.3652671522018, 0.28634484485999995, 0.0002452915577645554
census_geographies/2010_block_groups.shp, study_areas/definitions/cbsa_14010_march_2020.shp, 1167.3652671522018, 0.3263603633489992, 0.0002795700476382669
census_geographies/2010_block_groups.shp, study_areas/definitions/cbsa_14020_march_2020.shp, 1167.3652671522018, 0.2159307912089995, 0.00018497277354821823
census_geographies/2010_block_groups.shp, study_areas/definitions/cbsa_14100_march_2020.shp, 1167.3652671522018, 0.1726659465774994, 0.00014791081372389942
census_geographies/2010_block_groups.shp, study_areas/definitions/cbsa_14260_march_2020.shp, 1167.3652671522018, 3.384373026512508, 0.002899155150271617
census_geographies/2010_block_groups.shp, study_areas/definitions/cbsa_14460_march_2020.shp, 1167.3652671522018, 1.2803686156015015, 0.0010968020478500037
census_geographies/2010_block_groups.shp, study_areas/definitions/cbsa_14500_march_2020.shp, 1167.3652671522018, 0.2025107077859999, 0.00017347672873635055
census_geographies/2010_block_groups.shp, study_areas/definitions/cbsa_14540_march_2020.shp, 1167.3652671522018, 0.4299214548000002, 0.00036828357575585365
census_geographies/2010_block_groups.shp, study_areas/definitions/cbsa_14740_march_2020.shp, 1167.3652671522018, 0.1754378003025002, 0.000150285266522005
census_geographies/2010_block_groups.shp, study_areas/definitions/cbsa_14860_march_2020.shp, 1167.3652671522018, 0.23281125448800005, 0.00019943308323361824
census_geographies/2010_block_groups.shp, study_areas/definitions/cbsa_15180_march_2020.shp, 1167.3652671522018, 0.29843515426150113, 0.00025564847838032426
census_geographies/2010_block_groups.shp, study_areas/definitions/cbsa_15260_march_2020.shp, 1167.3652671522018, 0.3941631639424989, 0.0003376519543913308
census_geographies/2010_block_groups.shp, study_areas/definitions/cbsa_15380_march_2020.shp, 1167.3652671522018, 0.6770409559864994, 0.0005799735310252522
census_geographies/2010_block_groups.shp, study_areas/definitions/cbsa_15500_march_2020.shp, 1167.3652671522018, 0.11260826809149951, 9.646361019992347e-05
census_geographies/2010_block_groups.shp, study_areas/definitions/cbsa_15540_march_2020.shp, 1167.3652671522018, 0.4427551265885009, 0.00037927728282391513
census_geographies/2010_block_groups.shp, study_areas/definitions/cbsa_15680_march_2020.shp, 1167.3652671522018, 0.20362567146099989, 0.00017443183996534913
census_geographies/2010_block_groups.shp, study_areas/definitions/cbsa_15940_march_2020.shp, 1167.3652671522018, 0.27037046032100037, 0.00023160742222575422
census_geographies/2010_block_groups.shp, study_areas/definitions/cbsa_15980_march_2020.shp, 1167.3652671522018, 0.28447256788199954, 0.00024368770931139057
census_geographies/2010_block_groups.shp, study_areas/definitions/cbsa_16020_march_2020.shp, 1167.3652671522018, 0.38444935851250106, 0.0003293308181511763
census_geographies/2010_block_groups.shp, study_areas/definitions/cbsa_16060_march_2020.shp, 1167.3652671522018, 0.3692150749010004, 0.0003162806752009197
census_geographies/2010_block_groups.shp, study_areas/definitions/cbsa_16180_march_2020.shp, 1167.3652671522018, 0.042437875567499624, 3.635355339209912e-05
census_geographies/2010_block_groups.shp, study_areas/definitions/cbsa_16220_march_2020.shp, 1167.3652671522018, 1.5360723497964996, 0.0013158455138414064
census_geographies/2010_block_groups.shp, study_areas/definitions/cbsa_16300_march_2020.shp, 1167.3652671522018, 0.5693241750240002, 0.00048770011498874876
census_geographies/2010_block_groups.shp, study_areas/definitions/cbsa_16540_march_2020.shp, 1167.3652671522018, 0.21088175676600004, 0.00018064761964389092
census_geographies/2010_block_groups.shp, study_areas/definitions/cbsa_16580_march_2020.shp, 1167.3652671522018, 0.3933322780485003, 0.00033694019268539486
census_geographies/2010_block_groups.shp, study_areas/definitions/cbsa_16620_march_2020.shp, 1167.3652671522018, 0.7122579414974992, 0.0006101414540412522
census_geographies/2010_block_groups.shp, study_areas/definitions/cbsa_16700_march_2020.shp, 1167.3652671522018, 0.7905730864885, 0.0006772285493957776
census_geographies/2010_block_groups.shp, study_areas/definitions/cbsa_16740_march_2020.shp, 1167.3652671522018, 1.4647578536395052, 0.0012547553836450825
census_geographies/2010_block_groups.shp, study_areas/definitions/cbsa_16820_march_2020.shp, 1167.3652671522018, 0.4401103043499993, 0.0003770116489962498
census_geographies/2010_block_groups.shp, study_areas/definitions/cbsa_16860_march_2020.shp, 1167.3652671522018, 0.5470654640440019, 0.00046863263747650563
census_geographies/2010_block_groups.shp, study_areas/definitions/cbsa_16940_march_2020.shp, 1167.3652671522018, 0.7484289797895015, 0.0006411266472021228
census_geographies/2010_block_groups.shp, study_areas/definitions/cbsa_16980_march_2020.shp, 1167.3652671522018, 2.6886464186379877, 0.0023031749310110667
census_geographies/2010_block_groups.shp, study_areas/definitions/cbsa_17020_march_2020.shp, 1167.3652671522018, 0.45594194228650115, 0.0003905735035262576
census_geographies/2010_block_groups.shp, study_areas/definitions/cbsa_17140_march_2020.shp, 1167.3652671522018, 1.248961042345999, 0.0010698973812993862
census_geographies/2010_block_groups.shp, study_areas/definitions/cbsa_17300_march_2020.shp, 1167.3652671522018, 0.5855733519294994, 0.0005016196458868534
census_geographies/2010_block_groups.shp, study_areas/definitions/cbsa_17420_march_2020.shp, 1167.3652671522018, 0.19820549338399995, 0.00016978875332441924
census_geographies/2010_block_groups.shp, study_areas/definitions/cbsa_17460_march_2020.shp, 1167.3652671522018, 1.112996516743499, 0.0009534261024046604
census_geographies/2010_block_groups.shp, study_areas/definitions/cbsa_17660_march_2020.shp, 1167.3652671522018, 0.40811886250549995, 0.0003496068231506576
census_geographies/2010_block_groups.shp, study_areas/definitions/cbsa_17780_march_2020.shp, 1167.3652671522018, 0.5205457870340036, 0.0004459150890311134
census_geographies/2010_block_groups.shp, study_areas/definitions/cbsa_17820_march_2020.shp, 1167.3652671522018, 0.722486517945, 0.0006189035585301526
census_geographies/2010_block_groups.shp, study_areas/definitions/cbsa_17860_march_2020.shp, 1167.3652671522018, 0.4662712352319969, 0.0003994218847794485
census_geographies/2010_block_groups.shp, study_areas/definitions/cbsa_17900_march_2020.shp, 1167.3652671522018, 0.9700597903565029, 0.0008309822278017339
census_geographies/2010_block_groups.shp, study_areas/definitions/cbsa_17980_march_2020.shp, 1167.3652671522018, 0.6997583464744997, 0.0005994339271216854
census_geographies/2010_block_groups.shp, study_areas/definitions/cbsa_18020_march_2020.shp, 1167.3652671522018, 0.11060971153799971, 9.475158688576808e-05
census_geographies/2010_block_groups.shp, study_areas/definitions/cbsa_18140_march_2020.shp, 1167.3652671522018, 1.3243009485090043, 0.0011344357980939835
census_geographies/2010_block_groups.shp, study_areas/definitions/cbsa_18580_march_2020.shp, 1167.3652671522018, 0.44452708820399967, 0.00038079519813744977
census_geographies/2010_block_groups.shp, study_areas/definitions/cbsa_18700_march_2020.shp, 1167.3652671522018, 0.1988527839680005, 0.00017034324179706294
census_geographies/2010_block_groups.shp, study_areas/definitions/cbsa_18880_march_2020.shp, 1167.3652671522018, 0.5658121224355004, 0.0004846915857071919
census_geographies/2010_block_groups.shp, study_areas/definitions/cbsa_19060_march_2020.shp, 1167.3652671522018, 0.20598501573050088, 0.00017645292482703652
census_geographies/2010_block_groups.shp, study_areas/definitions/cbsa_19100_march_2020.shp, 1167.3652671522018, 2.247147108408502, 0.0019249734180377305
census_geographies/2010_block_groups.shp, study_areas/definitions/cbsa_19140_march_2020.shp, 1167.3652671522018, 0.16270134013299958, 0.0001393748338340672
census_geographies/2010_block_groups.shp, study_areas/definitions/cbsa_19180_march_2020.shp, 1167.3652671522018, 0.24684559774949957, 0.00021145532139368997
census_geographies/2010_block_groups.shp, study_areas/definitions/cbsa_19300_march_2020.shp, 1167.3652671522018, 0.4941813673019969, 0.000423330538613297
census_geographies/2010_block_groups.shp, study_areas/definitions/cbsa_19340_march_2020.shp, 1167.3652671522018, 0.6452298187024995, 0.0005527231594585159
census_geographies/2010_block_groups.shp, study_areas/definitions/cbsa_19430_march_2020.shp, 1167.3652671522018, 0.35157911356599986, 0.00030117318328622226
census_geographies/2010_block_groups.shp, study_areas/definitions/cbsa_19460_march_2020.shp, 1167.3652671522018, 0.33458258114249906, 0.00028661344530038686
census_geographies/2010_block_groups.shp, study_areas/definitions/cbsa_19500_march_2020.shp, 1167.3652671522018, 0.15971169580599995, 0.00013681381509286986
census_geographies/2010_block_groups.shp, study_areas/definitions/cbsa_19660_march_2020.shp, 1167.3652671522018, 0.481248016409501, 0.0004122514434436703
census_geographies/2010_block_groups.shp, study_areas/definitions/cbsa_19740_march_2020.shp, 1167.3652671522018, 2.2768795680050085, 0.0019504431321307656
census_geographies/2010_block_groups.shp, study_areas/definitions/cbsa_19780_march_2020.shp, 1167.3652671522018, 1.0191374327570006, 0.0008730236040371457
census_geographies/2010_block_groups.shp, study_areas/definitions/cbsa_19820_march_2020.shp, 1167.3652671522018, 1.2055556213015004, 0.0010327149995155024
census_geographies/2010_block_groups.shp, study_areas/definitions/cbsa_20020_march_2020.shp, 1167.3652671522018, 0.4240080200940002, 0.00036321795073479584
census_geographies/2010_block_groups.shp, study_areas/definitions/cbsa_20100_march_2020.shp, 1167.3652671522018, 0.2152928533734999, 0.00018442629691965118
census_geographies/2010_block_groups.shp, study_areas/definitions/cbsa_20220_march_2020.shp, 1167.3652671522018, 0.17482258544700036, 0.00014975825507767732
census_geographies/2010_block_groups.shp, study_areas/definitions/cbsa_20260_march_2020.shp, 1167.3652671522018, 3.7645846657129995, 0.0032248558113235097
census_geographies/2010_block_groups.shp, study_areas/definitions/cbsa_20500_march_2020.shp, 1167.3652671522018, 0.6087807142660004, 0.0005214997665222013
census_geographies/2010_block_groups.shp, study_areas/definitions/cbsa_20700_march_2020.shp, 1167.3652671522018, 0.17122129677600006, 0.00014667328349908507
census_geographies/2010_block_groups.shp, study_areas/definitions/cbsa_20740_march_2020.shp, 1167.3652671522018, 0.4979827850984997, 0.000426586946786016
census_geographies/2010_block_groups.shp, study_areas/definitions/cbsa_20940_march_2020.shp, 1167.3652671522018, 1.120447425300499, 0.000959808773507405
census_geographies/2010_block_groups.shp, study_areas/definitions/cbsa_21060_march_2020.shp, 1167.3652671522018, 0.3225213376184992, 0.0002762814233845529
census_geographies/2010_block_groups.shp, study_areas/definitions/cbsa_21140_march_2020.shp, 1167.3652671522018, 0.13089496588799984, 0.00011212854242898566
census_geographies/2010_block_groups.shp, study_areas/definitions/cbsa_21300_march_2020.shp, 1167.3652671522018, 0.11586511215100011, 9.92535202230696e-05
census_geographies/2010_block_groups.shp, study_areas/definitions/cbsa_21340_march_2020.shp, 1167.3652671522018, 1.3738342625494953, 0.0011768675162838933
census_geographies/2010_block_groups.shp, study_areas/definitions/cbsa_21420_march_2020.shp, 1167.3652671522018, 0.27574160349749977, 0.00023620850410443846
census_geographies/2010_block_groups.shp, study_areas/definitions/cbsa_21500_march_2020.shp, 1167.3652671522018, 0.4393552350514999, 0.00037636483405345013
census_geographies/2010_block_groups.shp, study_areas/definitions/cbsa_21660_march_2020.shp, 1167.3652671522018, 1.3709393564535, 0.0011743876531446914
census_geographies/2010_block_groups.shp, study_areas/definitions/cbsa_21780_march_2020.shp, 1167.3652671522018, 0.4017930685920003, 0.000344187958900112
census_geographies/2010_block_groups.shp, study_areas/definitions/cbsa_21820_march_2020.shp, 1167.3652671522018, 3.6395040692670024, 0.003117708031647717
census_geographies/2010_block_groups.shp, study_areas/definitions/cbsa_22020_march_2020.shp, 1167.3652671522018, 0.8626805535419989, 0.0007389979621772678
census_geographies/2010_block_groups.shp, study_areas/definitions/cbsa_22140_march_2020.shp, 1167.3652671522018, 1.4430114611704987, 0.0012361267734911612
census_geographies/2010_block_groups.shp, study_areas/definitions/cbsa_22180_march_2020.shp, 1167.3652671522018, 0.42327475111999846, 0.00036258981060193873
census_geographies/2010_block_groups.shp, study_areas/definitions/cbsa_22220_march_2020.shp, 1167.3652671522018, 0.6930375353480017, 0.0005936766793127854
census_geographies/2010_block_groups.shp, study_areas/definitions/cbsa_22380_march_2020.shp, 1167.3652671522018, 4.82175261181152, 0.004130457490459888
census_geographies/2010_block_groups.shp, study_areas/definitions/cbsa_22420_march_2020.shp, 1167.3652671522018, 0.18579151985800008, 0.00015915457233984712
census_geographies/2010_block_groups.shp, study_areas/definitions/cbsa_22500_march_2020.shp, 1167.3652671522018, 0.34700380674149955, 0.0002972538386275776
census_geographies/2010_block_groups.shp, study_areas/definitions/cbsa_22520_march_2020.shp, 1167.3652671522018, 0.34269880185700025, 0.00029356604269460327
census_geographies/2010_block_groups.shp, study_areas/definitions/cbsa_22540_march_2020.shp, 1167.3652671522018, 0.2216639886304997, 0.00018988400192105338
census_geographies/2010_block_groups.shp, study_areas/definitions/cbsa_22660_march_2020.shp, 1167.3652671522018, 0.7265147759890015, 0.0006223542848429446
census_geographies/2010_block_groups.shp, study_areas/definitions/cbsa_22900_march_2020.shp, 1167.3652671522018, 0.6388317131719999, 0.0005472423509142393
census_geographies/2010_block_groups.shp, study_areas/definitions/cbsa_23060_march_2020.shp, 1167.3652671522018, 0.27706856604699986, 0.0002373452199095414
census_geographies/2010_block_groups.shp, study_areas/definitions/cbsa_23420_march_2020.shp, 1167.3652671522018, 1.571172543935001, 0.0013459133898748683
census_geographies/2010_block_groups.shp, study_areas/definitions/cbsa_23460_march_2020.shp, 1167.3652671522018, 0.13873451178149984, 0.00011884413189707447
census_geographies/2010_block_groups.shp, study_areas/definitions/cbsa_23540_march_2020.shp, 1167.3652671522018, 0.659372280880997, 0.0005648380155163788
census_geographies/2010_block_groups.shp, study_areas/definitions/cbsa_23580_march_2020.shp, 1167.3652671522018, 0.10890161447399996, 9.328837985703175e-05
census_geographies/2010_block_groups.shp, study_areas/definitions/cbsa_23900_march_2020.shp, 1167.3652671522018, 0.14226700416950042, 0.0001218701705221726
census_geographies/2010_block_groups.shp, study_areas/definitions/cbsa_24020_march_2020.shp, 1167.3652671522018, 0.5118720941319997, 0.00043848494428887403
census_geographies/2010_block_groups.shp, study_areas/definitions/cbsa_24140_march_2020.shp, 1167.3652671522018, 0.14303520374799972, 0.00012252823325550484
census_geographies/2010_block_groups.shp, study_areas/definitions/cbsa_24220_march_2020.shp, 1167.3652671522018, 1.0695535815590003, 0.0009162115848865248
census_geographies/2010_block_groups.shp, study_areas/definitions/cbsa_24260_march_2020.shp, 1167.3652671522018, 0.45026310402299974, 0.0003857088408338726
census_geographies/2010_block_groups.shp, study_areas/definitions/cbsa_24300_march_2020.shp, 1167.3652671522018, 0.9000615034724999, 0.0007710196018322596
census_geographies/2010_block_groups.shp, study_areas/definitions/cbsa_24340_march_2020.shp, 1167.3652671522018, 1.0883144260645015, 0.0009322826853667271
census_geographies/2010_block_groups.shp, study_areas/definitions/cbsa_24420_march_2020.shp, 1167.3652671522018, 0.46473104173000135, 0.00039810250896338295
census_geographies/2010_block_groups.shp, study_areas/definitions/cbsa_24500_march_2020.shp, 1167.3652671522018, 0.8353499855379982, 0.0007155857802552598
census_geographies/2010_block_groups.shp, study_areas/definitions/cbsa_24540_march_2020.shp, 1167.3652671522018, 1.1061297606840006, 0.0009475438338014066
census_geographies/2010_block_groups.shp, study_areas/definitions/cbsa_24580_march_2020.shp, 1167.3652671522018, 0.8377252593785016, 0.0007176205108638704
census_geographies/2010_block_groups.shp, study_areas/definitions/cbsa_24660_march_2020.shp, 1167.3652671522018, 0.5230379847690005, 0.0004480499801445665
census_geographies/2010_block_groups.shp, study_areas/definitions/cbsa_24780_march_2020.shp, 1167.3652671522018, 0.16867349883899993, 0.00014449076358977208
census_geographies/2010_block_groups.shp, study_areas/definitions/cbsa_24860_march_2020.shp, 1167.3652671522018, 0.7103681753765019, 0.0006085226238651519
census_geographies/2010_block_groups.shp, study_areas/definitions/cbsa_25020_march_2020.shp, 1167.3652671522018, 0.048112070405000144, 4.1214238386901794e-05
census_geographies/2010_block_groups.shp, study_areas/definitions/cbsa_25060_march_2020.shp, 1167.3652671522018, 0.7348784264210004, 0.0006295188379330002
census_geographies/2010_block_groups.shp, study_areas/definitions/cbsa_25180_march_2020.shp, 1167.3652671522018, 0.27643019130100016, 0.00023679836901037337
census_geographies/2010_block_groups.shp, study_areas/definitions/cbsa_25220_march_2020.shp, 1167.3652671522018, 0.20062778105850002, 0.00017186375738926455
census_geographies/2010_block_groups.shp, study_areas/definitions/cbsa_25260_march_2020.shp, 1167.3652671522018, 0.3605848528290004, 0.00030888776887173493
census_geographies/2010_block_groups.shp, study_areas/definitions/cbsa_25420_march_2020.shp, 1167.3652671522018, 0.45669800270749883, 0.00039122116749423064
census_geographies/2010_block_groups.shp, study_areas/definitions/cbsa_25500_march_2020.shp, 1167.3652671522018, 0.2329542016205003, 0.000199555536022409
census_geographies/2010_block_groups.shp, study_areas/definitions/cbsa_25540_march_2020.shp, 1167.3652671522018, 0.450249121114998, 0.0003856968626566943
census_geographies/2010_block_groups.shp, study_areas/definitions/cbsa_25620_march_2020.shp, 1167.3652671522018, 0.49940399549949893, 0.00042780439811936457
census_geographies/2010_block_groups.shp, study_areas/definitions/cbsa_25860_march_2020.shp, 1167.3652671522018, 0.43041872779600077, 0.0003687095546760708
census_geographies/2010_block_groups.shp, study_areas/definitions/cbsa_25940_march_2020.shp, 1167.3652671522018, 0.40278700192500005, 0.0003450393919185232
census_geographies/2010_block_groups.shp, study_areas/definitions/cbsa_25980_march_2020.shp, 1167.3652671522018, 0.24818203278800027, 0.00021260015161616262
census_geographies/2010_block_groups.shp, study_areas/definitions/cbsa_26140_march_2020.shp, 1167.3652671522018, 0.18518502092899994, 0.00015863502721882457
census_geographies/2010_block_groups.shp, study_areas/definitions/cbsa_26300_march_2020.shp, 1167.3652671522018, 0.1869260504429994, 0.00016012644516913475
census_geographies/2010_block_groups.shp, study_areas/definitions/cbsa_26380_march_2020.shp, 1167.3652671522018, 0.8562001334235013, 0.0007334466404951463
census_geographies/2010_block_groups.shp, study_areas/definitions/cbsa_26420_march_2020.shp, 1167.3652671522018, 2.281284875482002, 0.0019542168502641997
census_geographies/2010_block_groups.shp, study_areas/definitions/cbsa_26580_march_2020.shp, 1167.3652671522018, 0.6775454923714993, 0.000580405731981711
census_geographies/2010_block_groups.shp, study_areas/definitions/cbsa_26620_march_2020.shp, 1167.3652671522018, 0.36218239068099967, 0.0003102562675729996
census_geographies/2010_block_groups.shp, study_areas/definitions/cbsa_26820_march_2020.shp, 1167.3652671522018, 1.513398169444997, 0.001296422132840174
census_geographies/2010_block_groups.shp, study_areas/definitions/cbsa_26900_march_2020.shp, 1167.3652671522018, 1.1814197386489989, 0.0010120394806083987
census_geographies/2010_block_groups.shp, study_areas/definitions/cbsa_26980_march_2020.shp, 1167.3652671522018, 0.3335545935634999, 0.00028573284039639914
census_geographies/2010_block_groups.shp, study_areas/definitions/cbsa_27060_march_2020.shp, 1167.3652671522018, 0.13932557366500026, 0.00011935045318324938
census_geographies/2010_block_groups.shp, study_areas/definitions/cbsa_27100_march_2020.shp, 1167.3652671522018, 0.20441215897399992, 0.00017510556869030825
census_geographies/2010_block_groups.shp, study_areas/definitions/cbsa_27140_march_2020.shp, 1167.3652671522018, 1.3643681678785007, 0.0011687585764881365
census_geographies/2010_block_groups.shp, study_areas/definitions/cbsa_27180_march_2020.shp, 1167.3652671522018, 0.4423287469544993, 0.00037891203327777975
census_geographies/2010_block_groups.shp, study_areas/definitions/cbsa_27260_march_2020.shp, 1167.3652671522018, 0.8976715799234984, 0.0007689723218452237
census_geographies/2010_block_groups.shp, study_areas/definitions/cbsa_27340_march_2020.shp, 1167.3652671522018, 0.23087372699399986, 0.000197773339237014
census_geographies/2010_block_groups.shp, study_areas/definitions/cbsa_27500_march_2020.shp, 1167.3652671522018, 0.20651889823049996, 0.0001769102645432519
census_geographies/2010_block_groups.shp, study_areas/definitions/cbsa_27620_march_2020.shp, 1167.3652671522018, 0.6106251357335007, 0.0005230797531120026
census_geographies/2010_block_groups.shp, study_areas/definitions/cbsa_27740_march_2020.shp, 1167.3652671522018, 0.2243675799095002, 0.00019219997906640393
census_geographies/2010_block_groups.shp, study_areas/definitions/cbsa_27780_march_2020.shp, 1167.3652671522018, 0.1908410548040003, 0.00016348015499001336
census_geographies/2010_block_groups.shp, study_areas/definitions/cbsa_27860_march_2020.shp, 1167.3652671522018, 0.3807599526279999, 0.00032617036273219544
census_geographies/2010_block_groups.shp, study_areas/definitions/cbsa_27900_march_2020.shp, 1167.3652671522018, 0.33266574632499984, 0.00028497142726932503
census_geographies/2010_block_groups.shp, study_areas/definitions/cbsa_27980_march_2020.shp, 1167.3652671522018, 0.5391509704310007, 0.00046185284555044575
census_geographies/2010_block_groups.shp, study_areas/definitions/cbsa_28020_march_2020.shp, 1167.3652671522018, 0.16394584377400018, 0.0001404409128720675
census_geographies/2010_block_groups.shp, study_areas/definitions/cbsa_28100_march_2020.shp, 1167.3652671522018, 0.1892610578935004, 0.00016212668238383044
census_geographies/2010_block_groups.shp, study_areas/definitions/cbsa_28140_march_2020.shp, 1167.3652671522018, 1.9840922509640007, 0.0016996327600222437
census_geographies/2010_block_groups.shp, study_areas/definitions/cbsa_28420_march_2020.shp, 1167.3652671522018, 0.9160136580139993, 0.000784684694490374
census_geographies/2010_block_groups.shp, study_areas/definitions/cbsa_28660_march_2020.shp, 1167.3652671522018, 0.7007138434240001, 0.0006002524343844818
census_geographies/2010_block_groups.shp, study_areas/definitions/cbsa_28700_march_2020.shp, 1167.3652671522018, 0.5340321223224984, 0.0004574678871723455
census_geographies/2010_block_groups.shp, study_areas/definitions/cbsa_28740_march_2020.shp, 1167.3652671522018, 0.32612563003150025, 0.0002793689680583753
census_geographies/2010_block_groups.shp, study_areas/definitions/cbsa_28940_march_2020.shp, 1167.3652671522018, 0.8668418270254987, 0.0007425626334935999
census_geographies/2010_block_groups.shp, study_areas/definitions/cbsa_29020_march_2020.shp, 1167.3652671522018, 0.08085330683357474, 6.926136069716818e-05
census_geographies/2010_block_groups.shp, study_areas/definitions/cbsa_29100_march_2020.shp, 1167.3652671522018, 0.30368244200050043, 0.00026014346198712635
census_geographies/2010_block_groups.shp, study_areas/definitions/cbsa_29180_march_2020.shp, 1167.3652671522018, 1.044621309007499, 0.0008948538545744659
census_geographies/2010_block_groups.shp, study_areas/definitions/cbsa_29200_march_2020.shp, 1167.3652671522018, 0.45417255817899976, 0.00038905779618315857
census_geographies/2010_block_groups.shp, study_areas/definitions/cbsa_29340_march_2020.shp, 1167.3652671522018, 0.7338457417845002, 0.0006286342093890832
census_geographies/2010_block_groups.shp, study_areas/definitions/cbsa_29420_march_2020.shp, 1167.3652671522018, 3.47225937229401, 0.002974441222467256
census_geographies/2010_block_groups.shp, study_areas/definitions/cbsa_29460_march_2020.shp, 1167.3652671522018, 0.4774997324914988, 0.00040904055134033905
census_geographies/2010_block_groups.shp, study_areas/definitions/cbsa_29540_march_2020.shp, 1167.3652671522018, 0.2688982367919997, 0.00023034627152132033
census_geographies/2010_block_groups.shp, study_areas/definitions/cbsa_29620_march_2020.shp, 1167.3652671522018, 0.6425732924074998, 0.0005504474995860235
census_geographies/2010_block_groups.shp, study_areas/definitions/cbsa_29700_march_2020.shp, 1167.3652671522018, 0.800333635728002, 0.000685589727781111
census_geographies/2010_block_groups.shp, study_areas/definitions/cbsa_29740_march_2020.shp, 1167.3652671522018, 0.946517725425, 0.0008108153909136244
census_geographies/2010_block_groups.shp, study_areas/definitions/cbsa_29820_march_2020.shp, 1167.3652671522018, 2.0925129411620014, 0.0017925091657615493
census_geographies/2010_block_groups.shp, study_areas/definitions/cbsa_29940_march_2020.shp, 1167.3652671522018, 0.12762345850650003, 0.00010932607136568199
census_geographies/2010_block_groups.shp, study_areas/definitions/cbsa_30020_march_2020.shp, 1167.3652671522018, 0.4388268269030002, 0.0003759121838304494
census_geographies/2010_block_groups.shp, study_areas/definitions/cbsa_30140_march_2020.shp, 1167.3652671522018, 0.0995480865715, 8.527586812167922e-05
census_geographies/2010_block_groups.shp, study_areas/definitions/cbsa_30300_march_2020.shp, 1167.3652671522018, 0.4524590155149994, 0.00038758992429060123
census_geographies/2010_block_groups.shp, study_areas/definitions/cbsa_30340_march_2020.shp, 1167.3652671522018, 0.14487445653349953, 0.00012410379219772582
census_geographies/2010_block_groups.shp, study_areas/definitions/cbsa_30460_march_2020.shp, 1167.3652671522018, 0.3947983629439994, 0.00033819608485278444
census_geographies/2010_block_groups.shp, study_areas/definitions/cbsa_30620_march_2020.shp, 1167.3652671522018, 0.11239407060899957, 9.628012223045314e-05
census_geographies/2010_block_groups.shp, study_areas/definitions/cbsa_30700_march_2020.shp, 1167.3652671522018, 0.3931915674395004, 0.0003368196557695217
census_geographies/2010_block_groups.shp, study_areas/definitions/cbsa_30780_march_2020.shp, 1167.3652671522018, 1.070620634917504, 0.0009171256547055686
census_geographies/2010_block_groups.shp, study_areas/definitions/cbsa_30860_march_2020.shp, 1167.3652671522018, 0.5173616476015007, 0.00044318745996581614
census_geographies/2010_block_groups.shp, study_areas/definitions/cbsa_30980_march_2020.shp, 1167.3652671522018, 0.6761040473824996, 0.0005791709470951296
census_geographies/2010_block_groups.shp, study_areas/definitions/cbsa_31020_march_2020.shp, 1167.3652671522018, 0.35201958522200033, 0.00030155050447984916
census_geographies/2010_block_groups.shp, study_areas/definitions/cbsa_31080_march_2020.shp, 1167.3652671522018, 1.4422975539350005, 0.0012355152192025539
census_geographies/2010_block_groups.shp, study_areas/definitions/cbsa_31140_march_2020.shp, 1167.3652671522018, 0.8779845815759999, 0.0007521078502856704
census_geographies/2010_block_groups.shp, study_areas/definitions/cbsa_31180_march_2020.shp, 1167.3652671522018, 0.6772371720889997, 0.0005801416156068494
census_geographies/2010_block_groups.shp, study_areas/definitions/cbsa_31340_march_2020.shp, 1167.3652671522018, 0.5655275617780011, 0.0004844478225376799
census_geographies/2010_block_groups.shp, study_areas/definitions/cbsa_31420_march_2020.shp, 1167.3652671522018, 0.4335521243670002, 0.0003713937158886477
census_geographies/2010_block_groups.shp, study_areas/definitions/cbsa_31460_march_2020.shp, 1167.3652671522018, 0.5661750427504976, 0.0004850024741028031
census_geographies/2010_block_groups.shp, study_areas/definitions/cbsa_31540_march_2020.shp, 1167.3652671522018, 0.9695430868729985, 0.0008305396041448172
census_geographies/2010_block_groups.shp, study_areas/definitions/cbsa_31700_march_2020.shp, 1167.3652671522018, 0.25475189935999987, 0.00021822809580541097
census_geographies/2010_block_groups.shp, study_areas/definitions/cbsa_31740_march_2020.shp, 1167.3652671522018, 0.510500792903, 0.00043731024664488377
census_geographies/2010_block_groups.shp, study_areas/definitions/cbsa_31860_march_2020.shp, 1167.3652671522018, 0.35906779192250016, 0.0003075882091287925
census_geographies/2010_block_groups.shp, study_areas/definitions/cbsa_31900_march_2020.shp, 1167.3652671522018, 0.13815560714499978, 0.00011834822487226439
census_geographies/2010_block_groups.shp, study_areas/definitions/cbsa_32420_march_2020.shp, 1167.3652671522018, 0.0734209669670003, 6.289459608997227e-05
census_geographies/2010_block_groups.shp, study_areas/definitions/cbsa_32580_march_2020.shp, 1167.3652671522018, 0.37085130664900046, 0.0003176823202507092
census_geographies/2010_block_groups.shp, study_areas/definitions/cbsa_32780_march_2020.shp, 1167.3652671522018, 0.7938486417419996, 0.0006800344879872953
census_geographies/2010_block_groups.shp, study_areas/definitions/cbsa_32820_march_2020.shp, 1167.3652671522018, 1.2021798389614906, 0.0010298232034042089
census_geographies/2010_block_groups.shp, study_areas/definitions/cbsa_32900_march_2020.shp, 1167.3652671522018, 0.5200400397924986, 0.0004454818508187596
census_geographies/2010_block_groups.shp, study_areas/definitions/cbsa_33100_march_2020.shp, 1167.3652671522018, 1.4346794018865017, 0.0012289892823232741
census_geographies/2010_block_groups.shp, study_areas/definitions/cbsa_33140_march_2020.shp, 1167.3652671522018, 0.17140714443799962, 0.0001468324861644624
census_geographies/2010_block_groups.shp, study_areas/definitions/cbsa_33220_march_2020.shp, 1167.3652671522018, 0.15257568668400034, 0.0001307008962637805
census_geographies/2010_block_groups.shp, study_areas/definitions/cbsa_33260_march_2020.shp, 1167.3652671522018, 0.4497529372930004, 0.00038527181675550174
census_geographies/2010_block_groups.shp, study_areas/definitions/cbsa_33340_march_2020.shp, 1167.3652671522018, 0.9525899519319994, 0.0008160170417403725
census_geographies/2010_block_groups.shp, study_areas/definitions/cbsa_33460_march_2020.shp, 1167.3652671522018, 2.2265482715720077, 0.0019073278383583336
census_geographies/2010_block_groups.shp, study_areas/definitions/cbsa_33540_march_2020.shp, 1167.3652671522018, 0.8025849880924998, 0.0006875183035472807
census_geographies/2010_block_groups.shp, study_areas/definitions/cbsa_33660_march_2020.shp, 1167.3652671522018, 0.6682405124530003, 0.0005724348079013684
census_geographies/2010_block_groups.shp, study_areas/definitions/cbsa_33700_march_2020.shp, 1167.3652671522018, 0.4000269676884991, 0.0003426750640477496
census_geographies/2010_block_groups.shp, study_areas/definitions/cbsa_33740_march_2020.shp, 1167.3652671522018, 0.5838344503359986, 0.0005001300507768815
census_geographies/2010_block_groups.shp, study_areas/definitions/cbsa_33780_march_2020.shp, 1167.3652671522018, 0.19115643955450046, 0.00016375032299943988
census_geographies/2010_block_groups.shp, study_areas/definitions/cbsa_33860_march_2020.shp, 1167.3652671522018, 0.6914378080149992, 0.000592306305036613
census_geographies/2010_block_groups.shp, study_areas/definitions/cbsa_34060_march_2020.shp, 1167.3652671522018, 0.27600392753700015, 0.0002364332187219466
census_geographies/2010_block_groups.shp, study_areas/definitions/cbsa_34100_march_2020.shp, 1167.3652671522018, 0.2056293329405003, 0.0001761482363117886
census_geographies/2010_block_groups.shp, study_areas/definitions/cbsa_34580_march_2020.shp, 1167.3652671522018, 0.6049462040960005, 0.0005182150104326577
census_geographies/2010_block_groups.shp, study_areas/definitions/cbsa_34620_march_2020.shp, 1167.3652671522018, 0.10850233225250025, 9.29463427648423e-05
census_geographies/2010_block_groups.shp, study_areas/definitions/cbsa_34740_march_2020.shp, 1167.3652671522018, 0.41940839761300014, 0.00035927777655759
census_geographies/2010_block_groups.shp, study_areas/definitions/cbsa_34820_march_2020.shp, 1167.3652671522018, 0.5822988766579998, 0.0004988146324402157
census_geographies/2010_block_groups.shp, study_areas/definitions/cbsa_34900_march_2020.shp, 1167.3652671522018, 0.21093969181100033, 0.00018069724853608986
census_geographies/2010_block_groups.shp, study_areas/definitions/cbsa_34940_march_2020.shp, 1167.3652671522018, 0.5386705592115, 0.00046144131093226007
census_geographies/2010_block_groups.shp, study_areas/definitions/cbsa_34980_march_2020.shp, 1167.3652671522018, 1.4948483346940025, 0.0012805317896263083
census_geographies/2010_block_groups.shp, study_areas/definitions/cbsa_35100_march_2020.shp, 1167.3652671522018, 0.4645154994324995, 0.00039791786898516287
census_geographies/2010_block_groups.shp, study_areas/definitions/cbsa_35300_march_2020.shp, 1167.3652671522018, 0.24021582688099932, 0.00020577606139251343
census_geographies/2010_block_groups.shp, study_areas/definitions/cbsa_35380_march_2020.shp, 1167.3652671522018, 1.9049724530179928, 0.0016318563748818657
census_geographies/2010_block_groups.shp, study_areas/definitions/cbsa_35620_march_2020.shp, 1167.3652671522018, 2.5449002936400014, 0.002180037701351445
census_geographies/2010_block_groups.shp, study_areas/definitions/cbsa_35660_march_2020.shp, 1167.3652671522018, 0.44506060811850057, 0.00038125222725208363
census_geographies/2010_block_groups.shp, study_areas/definitions/cbsa_35840_march_2020.shp, 1167.3652671522018, 0.38220253759849837, 0.000327406124161022
census_geographies/2010_block_groups.shp, study_areas/definitions/cbsa_35980_march_2020.shp, 1167.3652671522018, 0.21542149227349972, 0.00018453649284856863
census_geographies/2010_block_groups.shp, study_areas/definitions/cbsa_36100_march_2020.shp, 1167.3652671522018, 0.399526749641, 0.0003422465623083417
census_geographies/2010_block_groups.shp, study_areas/definitions/cbsa_36140_march_2020.shp, 1167.3652671522018, 0.16728718067050002, 0.00014330320198629743
census_geographies/2010_block_groups.shp, study_areas/definitions/cbsa_36220_march_2020.shp, 1167.3652671522018, 0.22259089115250005, 0.00019067801434208555
census_geographies/2010_block_groups.shp, study_areas/definitions/cbsa_36260_march_2020.shp, 1167.3652671522018, 2.4088468187379912, 0.00206349022582657
census_geographies/2010_block_groups.shp, study_areas/definitions/cbsa_36420_march_2020.shp, 1167.3652671522018, 1.434919564289499, 0.00122919501262017
census_geographies/2010_block_groups.shp, study_areas/definitions/cbsa_36500_march_2020.shp, 1167.3652671522018, 0.23663072796199972, 0.00020270495843966862
census_geographies/2010_block_groups.shp, study_areas/definitions/cbsa_36540_march_2020.shp, 1167.3652671522018, 1.2270011605845004, 0.0010510858898327348
census_geographies/2010_block_groups.shp, study_areas/definitions/cbsa_36740_march_2020.shp, 1167.3652671522018, 0.9569576634775053, 0.0008197585540745205
census_geographies/2010_block_groups.shp, study_areas/definitions/cbsa_36780_march_2020.shp, 1167.3652671522018, 0.1683386505090007, 0.00014420392249605334
census_geographies/2010_block_groups.shp, study_areas/definitions/cbsa_36980_march_2020.shp, 1167.3652671522018, 0.24652942131700012, 0.00021118447520578618
census_geographies/2010_block_groups.shp, study_areas/definitions/cbsa_37100_march_2020.shp, 1167.3652671522018, 0.5604896625759999, 0.00048013220741381104
census_geographies/2010_block_groups.shp, study_areas/definitions/cbsa_37340_march_2020.shp, 1167.3652671522018, 0.37097674480200027, 0.00031778977432402234
census_geographies/2010_block_groups.shp, study_areas/definitions/cbsa_37460_march_2020.shp, 1167.3652671522018, 0.2507708692415, 0.00021481782634603976
census_geographies/2010_block_groups.shp, study_areas/definitions/cbsa_37620_march_2020.shp, 1167.3652671522018, 0.16501548652250034, 0.00014135720084002253
census_geographies/2010_block_groups.shp, study_areas/definitions/cbsa_37860_march_2020.shp, 1167.3652671522018, 0.4993305007185004, 0.00042774144029196764
census_geographies/2010_block_groups.shp, study_areas/definitions/cbsa_37900_march_2020.shp, 1167.3652671522018, 0.9385537762424989, 0.0008039932338676732
census_geographies/2010_block_groups.shp, study_areas/definitions/cbsa_37980_march_2020.shp, 1167.3652671522018, 1.3283251395359943, 0.0011378830404783719
census_geographies/2010_block_groups.shp, study_areas/definitions/cbsa_38060_march_2020.shp, 1167.3652671522018, 3.6557734678379963, 0.00313164488502925
census_geographies/2010_block_groups.shp, study_areas/definitions/cbsa_38220_march_2020.shp, 1167.3652671522018, 0.5273692941339996, 0.00045176030928221957
census_geographies/2010_block_groups.shp, study_areas/definitions/cbsa_38300_march_2020.shp, 1167.3652671522018, 1.4686949132010034, 0.0012581279866103075
census_geographies/2010_block_groups.shp, study_areas/definitions/cbsa_38340_march_2020.shp, 1167.3652671522018, 0.2679110034099996, 0.00022950057788130956
census_geographies/2010_block_groups.shp, study_areas/definitions/cbsa_38540_march_2020.shp, 1167.3652671522018, 0.7368108284085, 0.0006311741912674486
census_geographies/2010_block_groups.shp, study_areas/definitions/cbsa_38660_march_2020.shp, 1167.3652671522018, 0.0894781757885002, 7.664968138617232e-05
census_geographies/2010_block_groups.shp, study_areas/definitions/cbsa_38860_march_2020.shp, 1167.3652671522018, 0.8256313811169999, 0.0007072605330558919
census_geographies/2010_block_groups.shp, study_areas/definitions/cbsa_38900_march_2020.shp, 1167.3652671522018, 2.037399198883995, 0.0017452970858506426
census_geographies/2010_block_groups.shp, study_areas/definitions/cbsa_38940_march_2020.shp, 1167.3652671522018, 0.34001151314250233, 0.0002912640308135632
census_geographies/2010_block_groups.shp, study_areas/definitions/cbsa_39100_march_2020.shp, 1167.3652671522018, 0.4653303776425007, 0.00039861591803024807
census_geographies/2010_block_groups.shp, study_areas/definitions/cbsa_39150_march_2020.shp, 1167.3652671522018, 2.0687599868570024, 0.001772161674729077
census_geographies/2010_block_groups.shp, study_areas/definitions/cbsa_39300_march_2020.shp, 1167.3652671522018, 0.6259205892815004, 0.0005361822960592612
census_geographies/2010_block_groups.shp, study_areas/definitions/cbsa_39340_march_2020.shp, 1167.3652671522018, 1.513208743964996, 0.0012962598653088956
census_geographies/2010_block_groups.shp, study_areas/definitions/cbsa_39380_march_2020.shp, 1167.3652671522018, 0.6384992703210005, 0.000546957570425772
census_geographies/2010_block_groups.shp, study_areas/definitions/cbsa_39460_march_2020.shp, 1167.3652671522018, 0.201945490901, 0.00017299254704883233
census_geographies/2010_block_groups.shp, study_areas/definitions/cbsa_39540_march_2020.shp, 1167.3652671522018, 0.22558139974600094, 0.0001932397734398153
census_geographies/2010_block_groups.shp, study_areas/definitions/cbsa_39580_march_2020.shp, 1167.3652671522018, 0.5542391687985005, 0.0004747778475117493
census_geographies/2010_block_groups.shp, study_areas/definitions/cbsa_39660_march_2020.shp, 1167.3652671522018, 1.8311087028394974, 0.0015685824774506988
census_geographies/2010_block_groups.shp, study_areas/definitions/cbsa_39740_march_2020.shp, 1167.3652671522018, 0.23792198036100054, 0.0002038110838618776
census_geographies/2010_block_groups.shp, study_areas/definitions/cbsa_39820_march_2020.shp, 1167.3652671522018, 1.062748165705998, 0.0009103818621386448
census_geographies/2010_block_groups.shp, study_areas/definitions/cbsa_39900_march_2020.shp, 1167.3652671522018, 1.8760952406654992, 0.0016071192911557585
census_geographies/2010_block_groups.shp, study_areas/definitions/cbsa_40060_march_2020.shp, 1167.3652671522018, 1.1841660377499983, 0.0010143920425513277
census_geographies/2010_block_groups.shp, study_areas/definitions/cbsa_40140_march_2020.shp, 1167.3652671522018, 6.972457658480495, 0.005972815754138265
census_geographies/2010_block_groups.shp, study_areas/definitions/cbsa_40220_march_2020.shp, 1167.3652671522018, 0.499169173062999, 0.00042760324219747153
census_geographies/2010_block_groups.shp, study_areas/definitions/cbsa_40340_march_2020.shp, 1167.3652671522018, 0.7277991960075028, 0.000623454557443683
census_geographies/2010_block_groups.shp, study_areas/definitions/cbsa_40380_march_2020.shp, 1167.3652671522018, 1.5034546669599997, 0.0012879042312332035
census_geographies/2010_block_groups.shp, study_areas/definitions/cbsa_40420_march_2020.shp, 1167.3652671522018, 0.22668188670099995, 0.0001941824834775087
census_geographies/2010_block_groups.shp, study_areas/definitions/cbsa_40580_march_2020.shp, 1167.3652671522018, 0.27147792300349904, 0.0002325561078802455
census_geographies/2010_block_groups.shp, study_areas/definitions/cbsa_40660_march_2020.shp, 1167.3652671522018, 0.13143947587249966, 0.00011259498596625841
census_geographies/2010_block_groups.shp, study_areas/definitions/cbsa_40900_march_2020.shp, 1167.3652671522018, 1.4247687871349985, 0.0012204995533323815
census_geographies/2010_block_groups.shp, study_areas/definitions/cbsa_40980_march_2020.shp, 1167.3652671522018, 0.23456160454949965, 0.00020093248544366478
census_geographies/2010_block_groups.shp, study_areas/definitions/cbsa_41060_march_2020.shp, 1167.3652671522018, 0.5383954698239988, 0.00046120566113588374
census_geographies/2010_block_groups.shp, study_areas/definitions/cbsa_41100_march_2020.shp, 1167.3652671522018, 0.6394106643105004, 0.0005477382977740537
census_geographies/2010_block_groups.shp, study_areas/definitions/cbsa_41140_march_2020.shp, 1167.3652671522018, 0.45650073162300003, 0.0003910521791835025
census_geographies/2010_block_groups.shp, study_areas/definitions/cbsa_41180_march_2020.shp, 1167.3652671522018, 2.168667225420001, 0.00185774520318776
census_geographies/2010_block_groups.shp, study_areas/definitions/cbsa_41420_march_2020.shp, 1167.3652671522018, 0.5714162444075025, 0.0004894922441897536
census_geographies/2010_block_groups.shp, study_areas/definitions/cbsa_41500_march_2020.shp, 1167.3652671522018, 0.9792525148324984, 0.000838856990512827
census_geographies/2010_block_groups.shp, study_areas/definitions/cbsa_41540_march_2020.shp, 1167.3652671522018, 0.7751262760044995, 0.0006639963495705393
census_geographies/2010_block_groups.shp, study_areas/definitions/cbsa_41620_march_2020.shp, 1167.3652671522018, 2.2260249736885, 0.0019068795657411566
census_geographies/2010_block_groups.shp, study_areas/definitions/cbsa_41660_march_2020.shp, 1167.3652671522018, 0.8643097385305011, 0.0007403935707621254
census_geographies/2010_block_groups.shp, study_areas/definitions/cbsa_41700_march_2020.shp, 1167.3652671522018, 1.7749659615150055, 0.0015204889261825059
census_geographies/2010_block_groups.shp, study_areas/definitions/cbsa_41740_march_2020.shp, 1167.3652671522018, 1.1312895593420016, 0.0009690964697808706
census_geographies/2010_block_groups.shp, study_areas/definitions/cbsa_41860_march_2020.shp, 1167.3652671522018, 0.9074712892555005, 0.0007773670459369456
census_geographies/2010_block_groups.shp, study_areas/definitions/cbsa_41900_march_2020.shp, 1167.3652671522018, 0.08152441704649993, 6.983625377631757e-05
census_geographies/2010_block_groups.shp, study_areas/definitions/cbsa_41940_march_2020.shp, 1167.3652671522018, 0.7056728407420035, 0.0006045004597948154
census_geographies/2010_block_groups.shp, study_areas/definitions/cbsa_41980_march_2020.shp, 1167.3652671522018, 0.4428792498905011, 0.00037938361055653904
census_geographies/2010_block_groups.shp, study_areas/definitions/cbsa_42020_march_2020.shp, 1167.3652671522018, 0.928973789988999, 0.0007957867311362099
census_geographies/2010_block_groups.shp, study_areas/definitions/cbsa_42100_march_2020.shp, 1167.3652671522018, 0.1592378165830001, 0.0001364078759782379
census_geographies/2010_block_groups.shp, study_areas/definitions/cbsa_42140_march_2020.shp, 1167.3652671522018, 0.49169645052499916, 0.00042120188458621624
census_geographies/2010_block_groups.shp, study_areas/definitions/cbsa_42200_march_2020.shp, 1167.3652671522018, 0.9637244702400011, 0.0008255552031207985
census_geographies/2010_block_groups.shp, study_areas/definitions/cbsa_42220_march_2020.shp, 1167.3652671522018, 0.4730346333889998, 0.0004052156139123208
census_geographies/2010_block_groups.shp, study_areas/definitions/cbsa_42340_march_2020.shp, 1167.3652671522018, 0.38843632131649974, 0.0003327461697263734
census_geographies/2010_block_groups.shp, study_areas/definitions/cbsa_42540_march_2020.shp, 1167.3652671522018, 0.4947585640009994, 0.00042382498256776765
census_geographies/2010_block_groups.shp, study_areas/definitions/cbsa_42660_march_2020.shp, 1167.3652671522018, 1.952985353113001, 0.0016729856610153621
census_geographies/2010_block_groups.shp, study_areas/definitions/cbsa_42680_march_2020.shp, 1167.3652671522018, 0.14617901574799966, 0.00012522131663605574
census_geographies/2010_block_groups.shp, study_areas/definitions/cbsa_42700_march_2020.shp, 1167.3652671522018, 0.26125858426850024, 0.00022380191669214464
census_geographies/2010_block_groups.shp, study_areas/definitions/cbsa_43100_march_2020.shp, 1167.3652671522018, 0.3677398623589992, 0.00031501696401855774
census_geographies/2010_block_groups.shp, study_areas/definitions/cbsa_43300_march_2020.shp, 1167.3652671522018, 0.24642280190649962, 0.00021109314183010626
census_geographies/2010_block_groups.shp, study_areas/definitions/cbsa_43340_march_2020.shp, 1167.3652671522018, 0.670230761518008, 0.0005741397147724311
census_geographies/2010_block_groups.shp, study_areas/definitions/cbsa_43420_march_2020.shp, 1167.3652671522018, 1.5352510461175004, 0.0013151419605474124
census_geographies/2010_block_groups.shp, study_areas/definitions/cbsa_43580_march_2020.shp, 1167.3652671522018, 0.5944367285900013, 0.0005092122794094561
census_geographies/2010_block_groups.shp, study_areas/definitions/cbsa_43620_march_2020.shp, 1167.3652671522018, 0.7454347669280035, 0.0006385617149176439
census_geographies/2010_block_groups.shp, study_areas/definitions/cbsa_43780_march_2020.shp, 1167.3652671522018, 0.2719670027889997, 0.0002329750682513158
census_geographies/2010_block_groups.shp, study_areas/definitions/cbsa_43900_march_2020.shp, 1167.3652671522018, 0.2093384641224997, 0.00017932558901052694
census_geographies/2010_block_groups.shp, study_areas/definitions/cbsa_44060_march_2020.shp, 1167.3652671522018, 1.3510241749675036, 0.001157327713084474
census_geographies/2010_block_groups.shp, study_areas/definitions/cbsa_44100_march_2020.shp, 1167.3652671522018, 0.32493815450750024, 0.0002783517410109261
census_geographies/2010_block_groups.shp, study_areas/definitions/cbsa_44140_march_2020.shp, 1167.3652671522018, 0.5389377244125002, 0.0004616701726334926
census_geographies/2010_block_groups.shp, study_areas/definitions/cbsa_44180_march_2020.shp, 1167.3652671522018, 0.7957447588204991, 0.0006816587585835286
census_geographies/2010_block_groups.shp, study_areas/definitions/cbsa_44220_march_2020.shp, 1167.3652671522018, 0.10982158948349977, 9.407645796367622e-05
census_geographies/2010_block_groups.shp, study_areas/definitions/cbsa_44300_march_2020.shp, 1167.3652671522018, 0.3081439393115004, 0.00026396531401282855
census_geographies/2010_block_groups.shp, study_areas/definitions/cbsa_44420_march_2020.shp, 1167.3652671522018, 0.2678717111925004, 0.0002294669189926953
census_geographies/2010_block_groups.shp, study_areas/definitions/cbsa_44700_march_2020.shp, 1167.3652671522018, 0.3786412800109997, 0.0003243554444057588
census_geographies/2010_block_groups.shp, study_areas/definitions/cbsa_44940_march_2020.shp, 1167.3652671522018, 0.34737551970600267, 0.0002975722590697155
census_geographies/2010_block_groups.shp, study_areas/definitions/cbsa_45060_march_2020.shp, 1167.3652671522018, 0.7971328526670027, 0.0006828478412858861
census_geographies/2010_block_groups.shp, study_areas/definitions/cbsa_45220_march_2020.shp, 1167.3652671522018, 0.6326532949840007, 0.0005419497331176934
census_geographies/2010_block_groups.shp, study_areas/definitions/cbsa_45300_march_2020.shp, 1167.3652671522018, 0.792455742265, 0.0006788412886381338
census_geographies/2010_block_groups.shp, study_areas/definitions/cbsa_45460_march_2020.shp, 1167.3652671522018, 0.5246088011020003, 0.000449395588393501
census_geographies/2010_block_groups.shp, study_areas/definitions/cbsa_45500_march_2020.shp, 1167.3652671522018, 0.5339521103195012, 0.00045739934649767527
census_geographies/2010_block_groups.shp, study_areas/definitions/cbsa_45540_march_2020.shp, 1167.3652671522018, 0.13866831127899978, 0.00011878742256678785
census_geographies/2010_block_groups.shp, study_areas/definitions/cbsa_45780_march_2020.shp, 1167.3652671522018, 0.6173733596199998, 0.0005288604835109475
census_geographies/2010_block_groups.shp, study_areas/definitions/cbsa_45820_march_2020.shp, 1167.3652671522018, 0.8865749818144977, 0.0007594666440413337
census_geographies/2010_block_groups.shp, study_areas/definitions/cbsa_45940_march_2020.shp, 1167.3652671522018, 0.06277984360050036, 5.37790915722997e-05
census_geographies/2010_block_groups.shp, study_areas/definitions/cbsa_46060_march_2020.shp, 1167.3652671522018, 2.273787093719009, 0.0019477940261713742
census_geographies/2010_block_groups.shp, study_areas/definitions/cbsa_46140_march_2020.shp, 1167.3652671522018, 1.6776956194644963, 0.0014371642421375532
census_geographies/2010_block_groups.shp, study_areas/definitions/cbsa_46220_march_2020.shp, 1167.3652671522018, 0.8901739281389985, 0.0007625496090958625
census_geographies/2010_block_groups.shp, study_areas/definitions/cbsa_46300_march_2020.shp, 1167.3652671522018, 0.7170511833879992, 0.0006142474883951722
census_geographies/2010_block_groups.shp, study_areas/definitions/cbsa_46340_march_2020.shp, 1167.3652671522018, 0.23570567505500026, 0.0002019125304541623
census_geographies/2010_block_groups.shp, study_areas/definitions/cbsa_46520_march_2020.shp, 1167.3652671522018, 0.48845088797500097, 0.00041842163864150365
census_geographies/2010_block_groups.shp, study_areas/definitions/cbsa_46540_march_2020.shp, 1167.3652671522018, 0.780699744389, 0.0006687707492732966
census_geographies/2010_block_groups.shp, study_areas/definitions/cbsa_46660_march_2020.shp, 1167.3652671522018, 0.39773693097799934, 0.00034071335011386984
census_geographies/2010_block_groups.shp, study_areas/definitions/cbsa_46700_march_2020.shp, 1167.3652671522018, 0.24161124505799966, 0.0002069714183354217
census_geographies/2010_block_groups.shp, study_areas/definitions/cbsa_47020_march_2020.shp, 1167.3652671522018, 0.4181818175005016, 0.00035822705135013993
census_geographies/2010_block_groups.shp, study_areas/definitions/cbsa_47220_march_2020.shp, 1167.3652671522018, 0.18333586942950097, 0.0001570509887421531
census_geographies/2010_block_groups.shp, study_areas/definitions/cbsa_47260_march_2020.shp, 1167.3652671522018, 1.269508680249502, 0.0010874991024415863
census_geographies/2010_block_groups.shp, study_areas/definitions/cbsa_47300_march_2020.shp, 1167.3652671522018, 1.2561175749909967, 0.0010760278811920685
census_geographies/2010_block_groups.shp, study_areas/definitions/cbsa_47380_march_2020.shp, 1167.3652671522018, 0.45061108748300094, 0.0003860069338727807
census_geographies/2010_block_groups.shp, study_areas/definitions/cbsa_47460_march_2020.shp, 1167.3652671522018, 0.3923678531675005, 0.0003361140374894702
census_geographies/2010_block_groups.shp, study_areas/definitions/cbsa_47580_march_2020.shp, 1167.3652671522018, 0.13200593597149943, 0.00011308023262806946
census_geographies/2010_block_groups.shp, study_areas/definitions/cbsa_47900_march_2020.shp, 1167.3652671522018, 1.8804882822200146, 0.0016108825019331635
census_geographies/2010_block_groups.shp, study_areas/definitions/cbsa_47940_march_2020.shp, 1167.3652671522018, 0.4296884139764993, 0.00036808394601693786
census_geographies/2010_block_groups.shp, study_areas/definitions/cbsa_48060_march_2020.shp, 1167.3652671522018, 0.539737983498498, 0.00046235569849974525
census_geographies/2010_block_groups.shp, study_areas/definitions/cbsa_48140_march_2020.shp, 1167.3652671522018, 0.7347769004105015, 0.0006294318677160889
census_geographies/2010_block_groups.shp, study_areas/definitions/cbsa_48260_march_2020.shp, 1167.3652671522018, 0.1624834959874995, 0.00013918822202401093
census_geographies/2010_block_groups.shp, study_areas/definitions/cbsa_48300_march_2020.shp, 1167.3652671522018, 1.5063343509855005, 0.0012903710546915764
census_geographies/2010_block_groups.shp, study_areas/definitions/cbsa_48540_march_2020.shp, 1167.3652671522018, 0.2628055884785006, 0.00022512712676437362
census_geographies/2010_block_groups.shp, study_areas/definitions/cbsa_48620_march_2020.shp, 1167.3652671522018, 1.105512147744504, 0.0009470147680866084
census_geographies/2010_block_groups.shp, study_areas/definitions/cbsa_48660_march_2020.shp, 1167.3652671522018, 0.674413044616499, 0.0005777223835532949
census_geographies/2010_block_groups.shp, study_areas/definitions/cbsa_48700_march_2020.shp, 1167.3652671522018, 0.34657087854600027, 0.0002968829793878167
census_geographies/2010_block_groups.shp, study_areas/definitions/cbsa_48900_march_2020.shp, 1167.3652671522018, 0.32030187363349977, 0.000274380164157941
census_geographies/2010_block_groups.shp, study_areas/definitions/cbsa_49020_march_2020.shp, 1167.3652671522018, 0.289098131997, 0.0002476501058681123
census_geographies/2010_block_groups.shp, study_areas/definitions/cbsa_49180_march_2020.shp, 1167.3652671522018, 0.5286150951750003, 0.0004528274997118611
census_geographies/2010_block_groups.shp, study_areas/definitions/cbsa_49340_march_2020.shp, 1167.3652671522018, 0.5932681808900003, 0.000508211266502115
census_geographies/2010_block_groups.shp, study_areas/definitions/cbsa_49420_march_2020.shp, 1167.3652671522018, 1.3076204010135053, 0.0011201467422475718
census_geographies/2010_block_groups.shp, study_areas/definitions/cbsa_49500_march_2020.shp, 1167.3652671522018, 0.06195940257999986, 5.307627725737496e-05
census_geographies/2010_block_groups.shp, study_areas/definitions/cbsa_49620_march_2020.shp, 1167.3652671522018, 0.24848466552099957, 0.00021285939586602586
census_geographies/2010_block_groups.shp, study_areas/definitions/cbsa_49660_march_2020.shp, 1167.3652671522018, 0.48528631113849835, 0.0004157107674809948
census_geographies/2010_block_groups.shp, study_areas/definitions/cbsa_49700_march_2020.shp, 1167.3652671522018, 0.3379982552024981, 0.0002895394138520567
census_geographies/2010_block_groups.shp, study_areas/definitions/cbsa_49740_march_2020.shp, 1167.3652671522018, 1.3756988454049994, 0.0011784647737216212
census_geographies/2000_block_groups.shp, study_areas/definitions/cbsa_10180_march_2020.shp, 1167.365267152196, 0.684977860516505, 0.0005867725208130597
census_geographies/2000_block_groups.shp, study_areas/definitions/cbsa_10380_march_2020.shp, 1167.365267152196, 0.13519730590349927, 0.0001158140555554775
census_geographies/2000_block_groups.shp, study_areas/definitions/cbsa_10420_march_2020.shp, 1167.365267152196, 0.25721298712499946, 0.00022033633718816575
census_geographies/2000_block_groups.shp, study_areas/definitions/cbsa_10500_march_2020.shp, 1167.365267152196, 0.39618299123499917, 0.0003393821988566553
census_geographies/2000_block_groups.shp, study_areas/definitions/cbsa_10540_march_2020.shp, 1167.365267152196, 0.6768327417395003, 0.0005797951684742541
census_geographies/2000_block_groups.shp, study_areas/definitions/cbsa_10580_march_2020.shp, 1167.365267152196, 0.8200983325935005, 0.0007025207582149004
census_geographies/2000_block_groups.shp, study_areas/definitions/cbsa_10740_march_2020.shp, 1167.365267152196, 2.381220773964001, 0.002039824929666635
census_geographies/2000_block_groups.shp, study_areas/definitions/cbsa_10780_march_2020.shp, 1167.365267152196, 0.497345862972999, 0.00042604134024501277
census_geographies/2000_block_groups.shp, study_areas/definitions/cbsa_10900_march_2020.shp, 1167.365267152196, 0.40789170064849917, 0.0003494122295102686
census_geographies/2000_block_groups.shp, study_areas/definitions/cbsa_11020_march_2020.shp, 1167.365267152196, 0.1449593141144999, 0.00012417648373942987
census_geographies/2000_block_groups.shp, study_areas/definitions/cbsa_11100_march_2020.shp, 1167.365267152196, 1.3296802766390017, 0.0011390438914486254
census_geographies/2000_block_groups.shp, study_areas/definitions/cbsa_11180_march_2020.shp, 1167.365267152196, 0.3230801628220002, 0.0002767601297665458
census_geographies/2000_block_groups.shp, study_areas/definitions/cbsa_11260_march_2020.shp, 1167.365267152196, 12.162117994484008, 0.010418434004083113
census_geographies/2000_block_groups.shp, study_areas/definitions/cbsa_11460_march_2020.shp, 1167.365267152196, 0.2041229435895001, 0.00017485781814244043
census_geographies/2000_block_groups.shp, study_areas/definitions/cbsa_11500_march_2020.shp, 1167.365267152196, 0.15434327198850026, 0.00013221506269843272
census_geographies/2000_block_groups.shp, study_areas/definitions/cbsa_11540_march_2020.shp, 1167.365267152196, 0.30418681792299984, 0.00026057552548660955
census_geographies/2000_block_groups.shp, study_areas/definitions/cbsa_11640_march_2020.shp, 1167.365267152196, 0.07228186367549973, 6.191880614354096e-05
census_geographies/2000_block_groups.shp, study_areas/definitions/cbsa_11700_march_2020.shp, 1167.365267152196, 0.5258362538144971, 0.00045044706109620853
census_geographies/2000_block_groups.shp, study_areas/definitions/cbsa_12020_march_2020.shp, 1167.365267152196, 0.2614499036885002, 0.00022396580662906897
census_geographies/2000_block_groups.shp, study_areas/definitions/cbsa_12060_march_2020.shp, 1167.365267152196, 2.225324971458005, 0.0019062799228956983
census_geographies/2000_block_groups.shp, study_areas/definitions/cbsa_12100_march_2020.shp, 1167.365267152196, 0.1820353841429995, 0.0001559369541523857
census_geographies/2000_block_groups.shp, study_areas/definitions/cbsa_12220_march_2020.shp, 1167.365267152196, 0.15317315361200048, 0.00013121270430262888
census_geographies/2000_block_groups.shp, study_areas/definitions/cbsa_12260_march_2020.shp, 1167.365267152196, 0.8997977658859979, 0.0007707936763281189
census_geographies/2000_block_groups.shp, study_areas/definitions/cbsa_12420_march_2020.shp, 1167.365267152196, 1.039054360980006, 0.0008900850404045288
census_geographies/2000_block_groups.shp, study_areas/definitions/cbsa_12540_march_2020.shp, 1167.365267152196, 2.095853340535492, 0.00179537065176554
census_geographies/2000_block_groups.shp, study_areas/definitions/cbsa_12580_march_2020.shp, 1167.365267152196, 0.8398238192759999, 0.0007194182000332782
census_geographies/2000_block_groups.shp, study_areas/definitions/cbsa_12620_march_2020.shp, 1167.365267152196, 1.0588527612895, 0.0009070449422164034
census_geographies/2000_block_groups.shp, study_areas/definitions/cbsa_12700_march_2020.shp, 1167.365267152196, 0.3661536736650004, 0.00031365818734545477
census_geographies/2000_block_groups.shp, study_areas/definitions/cbsa_12940_march_2020.shp, 1167.365267152196, 1.114594473278, 0.0009547949597618822
census_geographies/2000_block_groups.shp, study_areas/definitions/cbsa_12980_march_2020.shp, 1167.365267152196, 0.20294719872300002, 0.00017385063992703204
census_geographies/2000_block_groups.shp, study_areas/definitions/cbsa_13020_march_2020.shp, 1167.365267152196, 0.18245614396800025, 0.0001562973896020605
census_geographies/2000_block_groups.shp, study_areas/definitions/cbsa_13140_march_2020.shp, 1167.365267152196, 0.579133699847499, 0.0004961032473240391
census_geographies/2000_block_groups.shp, study_areas/definitions/cbsa_13220_march_2020.shp, 1167.365267152196, 0.3390074136480003, 0.00029040388915717324
census_geographies/2000_block_groups.shp, study_areas/definitions/cbsa_13380_march_2020.shp, 1167.365267152196, 0.7941252868595022, 0.0006802714704685209
census_geographies/2000_block_groups.shp, study_areas/definitions/cbsa_13460_march_2020.shp, 1167.365267152196, 0.8865289264044999, 0.0007594271915997634
census_geographies/2000_block_groups.shp, study_areas/definitions/cbsa_13740_march_2020.shp, 1167.365267152196, 1.9475853006165043, 0.001668359814548591
census_geographies/2000_block_groups.shp, study_areas/definitions/cbsa_13780_march_2020.shp, 1167.365267152196, 0.34943047478549966, 0.0002993325950479409
census_geographies/2000_block_groups.shp, study_areas/definitions/cbsa_13820_march_2020.shp, 1167.365267152196, 1.1458497208229996, 0.0009815691395533089
census_geographies/2000_block_groups.shp, study_areas/definitions/cbsa_13900_march_2020.shp, 1167.365267152196, 1.3281004461115016, 0.001137690561371096
census_geographies/2000_block_groups.shp, study_areas/definitions/cbsa_13980_march_2020.shp, 1167.365267152196, 0.2863587140395, 0.00024530343851849907
census_geographies/2000_block_groups.shp, study_areas/definitions/cbsa_14010_march_2020.shp, 1167.365267152196, 0.3263603633489992, 0.00027957004763826826
census_geographies/2000_block_groups.shp, study_areas/definitions/cbsa_14020_march_2020.shp, 1167.365267152196, 0.21592768234049947, 0.0001849701103984857
census_geographies/2000_block_groups.shp, study_areas/definitions/cbsa_14100_march_2020.shp, 1167.365267152196, 0.17255955691449926, 0.00014781967715680005
census_geographies/2000_block_groups.shp, study_areas/definitions/cbsa_14260_march_2020.shp, 1167.365267152196, 3.384374661970009, 0.002899156551253438
census_geographies/2000_block_groups.shp, study_areas/definitions/cbsa_14460_march_2020.shp, 1167.365267152196, 1.2804356623685, 0.0010968594821157741
census_geographies/2000_block_groups.shp, study_areas/definitions/cbsa_14500_march_2020.shp, 1167.365267152196, 0.20376485469350022, 0.00017455106848483461
census_geographies/2000_block_groups.shp, study_areas/definitions/cbsa_14540_march_2020.shp, 1167.365267152196, 0.4299195544294992, 0.00036828194784165025
census_geographies/2000_block_groups.shp, study_areas/definitions/cbsa_14740_march_2020.shp, 1167.365267152196, 0.17544006776400042, 0.00015028720889733932
census_geographies/2000_block_groups.shp, study_areas/definitions/cbsa_14860_march_2020.shp, 1167.365267152196, 0.23280972331800043, 0.00019943177158760514
census_geographies/2000_block_groups.shp, study_areas/definitions/cbsa_15180_march_2020.shp, 1167.365267152196, 0.29843515426150113, 0.0002556484783803255
census_geographies/2000_block_groups.shp, study_areas/definitions/cbsa_15260_march_2020.shp, 1167.365267152196, 0.3941726577139981, 0.00033766008703992696
census_geographies/2000_block_groups.shp, study_areas/definitions/cbsa_15380_march_2020.shp, 1167.365267152196, 0.6770409862794982, 0.0005799735569751438
census_geographies/2000_block_groups.shp, study_areas/definitions/cbsa_15500_march_2020.shp, 1167.365267152196, 0.11260527285599949, 9.646104439161671e-05
census_geographies/2000_block_groups.shp, study_areas/definitions/cbsa_15540_march_2020.shp, 1167.365267152196, 0.44277049629700094, 0.0003792904489758769
census_geographies/2000_block_groups.shp, study_areas/definitions/cbsa_15680_march_2020.shp, 1167.365267152196, 0.20362567146099958, 0.0001744318399653497
census_geographies/2000_block_groups.shp, study_areas/definitions/cbsa_15940_march_2020.shp, 1167.365267152196, 0.2703782365500003, 0.0002316140835760788
census_geographies/2000_block_groups.shp, study_areas/definitions/cbsa_15980_march_2020.shp, 1167.365267152196, 0.2844731587085002, 0.00024368821543104194
census_geographies/2000_block_groups.shp, study_areas/definitions/cbsa_16020_march_2020.shp, 1167.365267152196, 0.38444798509500105, 0.00032932964164067284
census_geographies/2000_block_groups.shp, study_areas/definitions/cbsa_16060_march_2020.shp, 1167.365267152196, 0.3692205026715004, 0.0003162853247914588
census_geographies/2000_block_groups.shp, study_areas/definitions/cbsa_16180_march_2020.shp, 1167.365267152196, 0.042438145167999666, 3.635378433995052e-05
census_geographies/2000_block_groups.shp, study_areas/definitions/cbsa_16220_march_2020.shp, 1167.365267152196, 1.5360672886064997, 0.0013158411782746948
census_geographies/2000_block_groups.shp, study_areas/definitions/cbsa_16300_march_2020.shp, 1167.365267152196, 0.5693246921360003, 0.0004877005579623556
census_geographies/2000_block_groups.shp, study_areas/definitions/cbsa_16540_march_2020.shp, 1167.365267152196, 0.2109035076729998, 0.00018066625212132778
census_geographies/2000_block_groups.shp, study_areas/definitions/cbsa_16580_march_2020.shp, 1167.365267152196, 0.39333364192650033, 0.00033694136102408053
census_geographies/2000_block_groups.shp, study_areas/definitions/cbsa_16620_march_2020.shp, 1167.365267152196, 0.7122632596519984, 0.0006101460097314482
census_geographies/2000_block_groups.shp, study_areas/definitions/cbsa_16700_march_2020.shp, 1167.365267152196, 0.7905407393685003, 0.0006772008398853904
census_geographies/2000_block_groups.shp, study_areas/definitions/cbsa_16740_march_2020.shp, 1167.365267152196, 1.4647702644440022, 0.001254766015111388
census_geographies/2000_block_groups.shp, study_areas/definitions/cbsa_16820_march_2020.shp, 1167.365267152196, 0.44030228493149937, 0.0003771761053038891
census_geographies/2000_block_groups.shp, study_areas/definitions/cbsa_16860_march_2020.shp, 1167.365267152196, 0.5471180189799991, 0.000468677657606433
census_geographies/2000_block_groups.shp, study_areas/definitions/cbsa_16940_march_2020.shp, 1167.365267152196, 0.7484297339885017, 0.0006411272932715451
census_geographies/2000_block_groups.shp, study_areas/definitions/cbsa_16980_march_2020.shp, 1167.365267152196, 2.6886394916864864, 0.0023031689971772587
census_geographies/2000_block_groups.shp, study_areas/definitions/cbsa_17020_march_2020.shp, 1167.365267152196, 0.45594205885200106, 0.00039057360337975286
census_geographies/2000_block_groups.shp, study_areas/definitions/cbsa_17140_march_2020.shp, 1167.365267152196, 1.248964277962999, 0.0010699001530256806
census_geographies/2000_block_groups.shp, study_areas/definitions/cbsa_17300_march_2020.shp, 1167.365267152196, 0.5855736414454993, 0.0005016198938949198
census_geographies/2000_block_groups.shp, study_areas/definitions/cbsa_17420_march_2020.shp, 1167.365267152196, 0.19820489900799992, 0.00016978824416416256
census_geographies/2000_block_groups.shp, study_areas/definitions/cbsa_17460_march_2020.shp, 1167.365267152196, 1.112997496143499, 0.0009534269413879958
census_geographies/2000_block_groups.shp, study_areas/definitions/cbsa_17660_march_2020.shp, 1167.365267152196, 0.40811903917850023, 0.000349606974494035
census_geographies/2000_block_groups.shp, study_areas/definitions/cbsa_17780_march_2020.shp, 1167.365267152196, 0.5205458653260034, 0.0004459151560983841
census_geographies/2000_block_groups.shp, study_areas/definitions/cbsa_17820_march_2020.shp, 1167.365267152196, 0.7224886668974998, 0.0006189053993871352
census_geographies/2000_block_groups.shp, study_areas/definitions/cbsa_17860_march_2020.shp, 1167.365267152196, 0.46627290320899684, 0.0003994233136184325
census_geographies/2000_block_groups.shp, study_areas/definitions/cbsa_17900_march_2020.shp, 1167.365267152196, 0.9700519082944984, 0.0008309754757916977
census_geographies/2000_block_groups.shp, study_areas/definitions/cbsa_17980_march_2020.shp, 1167.365267152196, 0.6997205335070003, 0.0005994015354028635
census_geographies/2000_block_groups.shp, study_areas/definitions/cbsa_18020_march_2020.shp, 1167.365267152196, 0.11060971153799971, 9.475158688576854e-05
census_geographies/2000_block_groups.shp, study_areas/definitions/cbsa_18140_march_2020.shp, 1167.365267152196, 1.3245431333095032, 0.0011346432608370684
census_geographies/2000_block_groups.shp, study_areas/definitions/cbsa_18580_march_2020.shp, 1167.365267152196, 0.4445133326264997, 0.0003807834146983799
census_geographies/2000_block_groups.shp, study_areas/definitions/cbsa_18700_march_2020.shp, 1167.365267152196, 0.19903306003850024, 0.00017049767167053392
census_geographies/2000_block_groups.shp, study_areas/definitions/cbsa_18880_march_2020.shp, 1167.365267152196, 0.5658145404264993, 0.00048469365703059824
census_geographies/2000_block_groups.shp, study_areas/definitions/cbsa_19060_march_2020.shp, 1167.365267152196, 0.2059850710110009, 0.00017645297218196697
census_geographies/2000_block_groups.shp, study_areas/definitions/cbsa_19100_march_2020.shp, 1167.365267152196, 2.2469436171999977, 0.0019247991013827644
census_geographies/2000_block_groups.shp, study_areas/definitions/cbsa_19140_march_2020.shp, 1167.365267152196, 0.16262351944999964, 0.00013930817030964265
census_geographies/2000_block_groups.shp, study_areas/definitions/cbsa_19180_march_2020.shp, 1167.365267152196, 0.24684423387149923, 0.00021145415305500668
census_geographies/2000_block_groups.shp, study_areas/definitions/cbsa_19300_march_2020.shp, 1167.365267152196, 0.49418136730199824, 0.0004233305386133002
census_geographies/2000_block_groups.shp, study_areas/definitions/cbsa_19340_march_2020.shp, 1167.365267152196, 0.6452322622534994, 0.0005527252526773839
census_geographies/2000_block_groups.shp, study_areas/definitions/cbsa_19430_march_2020.shp, 1167.365267152196, 0.3515689402784997, 0.00030116446854390065
census_geographies/2000_block_groups.shp, study_areas/definitions/cbsa_19460_march_2020.shp, 1167.365267152196, 0.3345873327244991, 0.00028661751564763405
census_geographies/2000_block_groups.shp, study_areas/definitions/cbsa_19500_march_2020.shp, 1167.365267152196, 0.159711695806, 0.00013681381509287056
census_geographies/2000_block_groups.shp, study_areas/definitions/cbsa_19660_march_2020.shp, 1167.365267152196, 0.48124806743050097, 0.00041225148714978674
census_geographies/2000_block_groups.shp, study_areas/definitions/cbsa_19740_march_2020.shp, 1167.365267152196, 2.274361324204008, 0.001948285929178229
census_geographies/2000_block_groups.shp, study_areas/definitions/cbsa_19780_march_2020.shp, 1167.365267152196, 1.019136627322001, 0.0008730229140774413
census_geographies/2000_block_groups.shp, study_areas/definitions/cbsa_19820_march_2020.shp, 1167.365267152196, 1.2055556135064982, 0.0010327149928380753
census_geographies/2000_block_groups.shp, study_areas/definitions/cbsa_20020_march_2020.shp, 1167.365267152196, 0.4240086926240002, 0.0003632185268441088
census_geographies/2000_block_groups.shp, study_areas/definitions/cbsa_20100_march_2020.shp, 1167.365267152196, 0.2152928533734999, 0.0001844262969196521
census_geographies/2000_block_groups.shp, study_areas/definitions/cbsa_20220_march_2020.shp, 1167.365267152196, 0.17482258544700036, 0.00014975825507767805
census_geographies/2000_block_groups.shp, study_areas/definitions/cbsa_20260_march_2020.shp, 1167.365267152196, 3.7645854798924994, 0.0032248565087740345
census_geographies/2000_block_groups.shp, study_areas/definitions/cbsa_20500_march_2020.shp, 1167.365267152196, 0.6088318939574981, 0.0005215436085765615
census_geographies/2000_block_groups.shp, study_areas/definitions/cbsa_20700_march_2020.shp, 1167.365267152196, 0.17112718160350002, 0.00014659266162763877
census_geographies/2000_block_groups.shp, study_areas/definitions/cbsa_20740_march_2020.shp, 1167.365267152196, 0.4979827869889996, 0.0004265869484054769
census_geographies/2000_block_groups.shp, study_areas/definitions/cbsa_20940_march_2020.shp, 1167.365267152196, 1.120447944696499, 0.0009598092184375567
census_geographies/2000_block_groups.shp, study_areas/definitions/cbsa_21060_march_2020.shp, 1167.365267152196, 0.32252848894400077, 0.0002762875494238522
census_geographies/2000_block_groups.shp, study_areas/definitions/cbsa_21140_march_2020.shp, 1167.365267152196, 0.13085712507249994, 0.00011209612685473136
census_geographies/2000_block_groups.shp, study_areas/definitions/cbsa_21300_march_2020.shp, 1167.365267152196, 0.1158654616735001, 9.925381963449669e-05
census_geographies/2000_block_groups.shp, study_areas/definitions/cbsa_21340_march_2020.shp, 1167.365267152196, 1.3738482893209985, 0.0011768795320358644
census_geographies/2000_block_groups.shp, study_areas/definitions/cbsa_21420_march_2020.shp, 1167.365267152196, 0.27573988322499976, 0.00023620703046756827
census_geographies/2000_block_groups.shp, study_areas/definitions/cbsa_21500_march_2020.shp, 1167.365267152196, 0.4393335941090005, 0.0003763462957748957
census_geographies/2000_block_groups.shp, study_areas/definitions/cbsa_21660_march_2020.shp, 1167.365267152196, 1.370903564041, 0.001174356992293713
census_geographies/2000_block_groups.shp, study_areas/definitions/cbsa_21780_march_2020.shp, 1167.365267152196, 0.4017930685920003, 0.0003441879589001137
census_geographies/2000_block_groups.shp, study_areas/definitions/cbsa_21820_march_2020.shp, 1167.365267152196, 3.639519627317002, 0.0031177213591386532
census_geographies/2000_block_groups.shp, study_areas/definitions/cbsa_22020_march_2020.shp, 1167.365267152196, 0.8626805535419989, 0.0007389979621772714
census_geographies/2000_block_groups.shp, study_areas/definitions/cbsa_22140_march_2020.shp, 1167.365267152196, 1.4430114611704967, 0.0012361267734911656
census_geographies/2000_block_groups.shp, study_areas/definitions/cbsa_22180_march_2020.shp, 1167.365267152196, 0.4231244063034992, 0.00036246102073579515
census_geographies/2000_block_groups.shp, study_areas/definitions/cbsa_22220_march_2020.shp, 1167.365267152196, 0.6930382078784992, 0.0005936772554225256
census_geographies/2000_block_groups.shp, study_areas/definitions/cbsa_22380_march_2020.shp, 1167.365267152196, 4.8217564614225195, 0.00413046078815182
census_geographies/2000_block_groups.shp, study_areas/definitions/cbsa_22420_march_2020.shp, 1167.365267152196, 0.1857916202690001, 0.0001591546583549135
census_geographies/2000_block_groups.shp, study_areas/definitions/cbsa_22500_march_2020.shp, 1167.365267152196, 0.34700380674149955, 0.000297253838627579
census_geographies/2000_block_groups.shp, study_areas/definitions/cbsa_22520_march_2020.shp, 1167.365267152196, 0.34269865398250016, 0.00029356591602088547
census_geographies/2000_block_groups.shp, study_areas/definitions/cbsa_22540_march_2020.shp, 1167.365267152196, 0.22166406340549955, 0.00018988406597555548
census_geographies/2000_block_groups.shp, study_areas/definitions/cbsa_22660_march_2020.shp, 1167.365267152196, 0.7265148856935014, 0.0006223543788191031
census_geographies/2000_block_groups.shp, study_areas/definitions/cbsa_22900_march_2020.shp, 1167.365267152196, 0.6388814515805, 0.0005472849583224797
census_geographies/2000_block_groups.shp, study_areas/definitions/cbsa_23060_march_2020.shp, 1167.365267152196, 0.27706906837799977, 0.00023734565022130017
census_geographies/2000_block_groups.shp, study_areas/definitions/cbsa_23420_march_2020.shp, 1167.365267152196, 1.5728936064120025, 0.0013473877034641422
census_geographies/2000_block_groups.shp, study_areas/definitions/cbsa_23460_march_2020.shp, 1167.365267152196, 0.1387347353279998, 0.00011884432339369246
census_geographies/2000_block_groups.shp, study_areas/definitions/cbsa_23540_march_2020.shp, 1167.365267152196, 0.6593731156920009, 0.000564838730640454
census_geographies/2000_block_groups.shp, study_areas/definitions/cbsa_23580_march_2020.shp, 1167.365267152196, 0.10886447060049995, 9.325656130413778e-05
census_geographies/2000_block_groups.shp, study_areas/definitions/cbsa_23900_march_2020.shp, 1167.365267152196, 0.14226150518000036, 0.00012186545992331028
census_geographies/2000_block_groups.shp, study_areas/definitions/cbsa_24020_march_2020.shp, 1167.365267152196, 0.5118699517040006, 0.00043848310902097897
census_geographies/2000_block_groups.shp, study_areas/definitions/cbsa_24140_march_2020.shp, 1167.365267152196, 0.14303553536549962, 0.00012252851732897347
census_geographies/2000_block_groups.shp, study_areas/definitions/cbsa_24220_march_2020.shp, 1167.365267152196, 1.069548189502, 0.0009162069658892437
census_geographies/2000_block_groups.shp, study_areas/definitions/cbsa_24260_march_2020.shp, 1167.365267152196, 0.4502952889979996, 0.00038573641144600885
census_geographies/2000_block_groups.shp, study_areas/definitions/cbsa_24300_march_2020.shp, 1167.365267152196, 0.9000611258905, 0.0007710192783842299
census_geographies/2000_block_groups.shp, study_areas/definitions/cbsa_24340_march_2020.shp, 1167.365267152196, 1.0883144260645, 0.0009322826853667303
census_geographies/2000_block_groups.shp, study_areas/definitions/cbsa_24420_march_2020.shp, 1167.365267152196, 0.4647354677715012, 0.0003981063004429024
census_geographies/2000_block_groups.shp, study_areas/definitions/cbsa_24500_march_2020.shp, 1167.365267152196, 0.8353500981464983, 0.0007155858767190723
census_geographies/2000_block_groups.shp, study_areas/definitions/cbsa_24540_march_2020.shp, 1167.365267152196, 1.1074212158574996, 0.0009486501329263198
census_geographies/2000_block_groups.shp, study_areas/definitions/cbsa_24580_march_2020.shp, 1167.365267152196, 0.8377372451815018, 0.0007176307782611809
census_geographies/2000_block_groups.shp, study_areas/definitions/cbsa_24660_march_2020.shp, 1167.365267152196, 0.5230002648434999, 0.0004480176681283026
census_geographies/2000_block_groups.shp, study_areas/definitions/cbsa_24780_march_2020.shp, 1167.365267152196, 0.16867349883899993, 0.00014449076358977279
census_geographies/2000_block_groups.shp, study_areas/definitions/cbsa_24860_march_2020.shp, 1167.365267152196, 0.7103621688894982, 0.0006085174785287528
census_geographies/2000_block_groups.shp, study_areas/definitions/cbsa_25020_march_2020.shp, 1167.365267152196, 0.04811093286150014, 4.121326393311961e-05
census_geographies/2000_block_groups.shp, study_areas/definitions/cbsa_25060_march_2020.shp, 1167.365267152196, 0.7348781028985005, 0.0006295185607939544
census_geographies/2000_block_groups.shp, study_areas/definitions/cbsa_25180_march_2020.shp, 1167.365267152196, 0.2764304400990002, 0.0002367985821381821
census_geographies/2000_block_groups.shp, study_areas/definitions/cbsa_25220_march_2020.shp, 1167.365267152196, 0.20063764361600003, 0.00017187220595097743
census_geographies/2000_block_groups.shp, study_areas/definitions/cbsa_25260_march_2020.shp, 1167.365267152196, 0.3606027577890001, 0.0003089031067959522
census_geographies/2000_block_groups.shp, study_areas/definitions/cbsa_25420_march_2020.shp, 1167.365267152196, 0.4566831865559999, 0.00039120847553575486
census_geographies/2000_block_groups.shp, study_areas/definitions/cbsa_25500_march_2020.shp, 1167.365267152196, 0.23295418543050028, 0.00019955552215357176
census_geographies/2000_block_groups.shp, study_areas/definitions/cbsa_25540_march_2020.shp, 1167.365267152196, 0.4502496141245009, 0.00038569728498338065
census_geographies/2000_block_groups.shp, study_areas/definitions/cbsa_25620_march_2020.shp, 1167.365267152196, 0.49940389991399897, 0.00042780431623796875
census_geographies/2000_block_groups.shp, study_areas/definitions/cbsa_25860_march_2020.shp, 1167.365267152196, 0.4301603974360007, 0.0003684882611638626
census_geographies/2000_block_groups.shp, study_areas/definitions/cbsa_25940_march_2020.shp, 1167.365267152196, 0.4027870019250004, 0.00034503939191852514
census_geographies/2000_block_groups.shp, study_areas/definitions/cbsa_25980_march_2020.shp, 1167.365267152196, 0.24819287484400018, 0.00021260943924558435
census_geographies/2000_block_groups.shp, study_areas/definitions/cbsa_26140_march_2020.shp, 1167.365267152196, 0.18518161196999997, 0.0001586321070025949
census_geographies/2000_block_groups.shp, study_areas/definitions/cbsa_26300_march_2020.shp, 1167.365267152196, 0.1869260504429994, 0.00016012644516913554
census_geographies/2000_block_groups.shp, study_areas/definitions/cbsa_26380_march_2020.shp, 1167.365267152196, 0.8562001334234968, 0.000733446640495146
census_geographies/2000_block_groups.shp, study_areas/definitions/cbsa_26420_march_2020.shp, 1167.365267152196, 2.2813839605545048, 0.0019543017295006325
census_geographies/2000_block_groups.shp, study_areas/definitions/cbsa_26580_march_2020.shp, 1167.365267152196, 0.6775033071759994, 0.0005803695948816245
census_geographies/2000_block_groups.shp, study_areas/definitions/cbsa_26620_march_2020.shp, 1167.365267152196, 0.36218239068099967, 0.0003102562675730011
census_geographies/2000_block_groups.shp, study_areas/definitions/cbsa_26820_march_2020.shp, 1167.365267152196, 1.5133715697989965, 0.001296399346787906
census_geographies/2000_block_groups.shp, study_areas/definitions/cbsa_26900_march_2020.shp, 1167.365267152196, 1.1814199404074972, 0.0010120396534407672
census_geographies/2000_block_groups.shp, study_areas/definitions/cbsa_26980_march_2020.shp, 1167.365267152196, 0.3335543968609999, 0.0002857326718951563
census_geographies/2000_block_groups.shp, study_areas/definitions/cbsa_27060_march_2020.shp, 1167.365267152196, 0.13932538921750026, 0.00011935029518000522
census_geographies/2000_block_groups.shp, study_areas/definitions/cbsa_27100_march_2020.shp, 1167.365267152196, 0.2044113848884999, 0.00017510490558551937
census_geographies/2000_block_groups.shp, study_areas/definitions/cbsa_27140_march_2020.shp, 1167.365267152196, 1.3643445060025001, 0.0011687383070175092
census_geographies/2000_block_groups.shp, study_areas/definitions/cbsa_27180_march_2020.shp, 1167.365267152196, 0.44302846251949934, 0.0003795114305570128
census_geographies/2000_block_groups.shp, study_areas/definitions/cbsa_27260_march_2020.shp, 1167.365267152196, 0.8976637152444993, 0.0007689655847259893
census_geographies/2000_block_groups.shp, study_areas/definitions/cbsa_27340_march_2020.shp, 1167.365267152196, 0.23126106381750008, 0.00019810514354402943
census_geographies/2000_block_groups.shp, study_areas/definitions/cbsa_27500_march_2020.shp, 1167.365267152196, 0.2065176007715001, 0.00017690915310107066
census_geographies/2000_block_groups.shp, study_areas/definitions/cbsa_27620_march_2020.shp, 1167.365267152196, 0.6106353954450007, 0.0005230885418877111
census_geographies/2000_block_groups.shp, study_areas/definitions/cbsa_27740_march_2020.shp, 1167.365267152196, 0.22436757990950035, 0.00019219997906640498
census_geographies/2000_block_groups.shp, study_areas/definitions/cbsa_27780_march_2020.shp, 1167.365267152196, 0.19081145849850062, 0.00016345480190959238
census_geographies/2000_block_groups.shp, study_areas/definitions/cbsa_27860_march_2020.shp, 1167.365267152196, 0.38076051930299987, 0.00032617084816294946
census_geographies/2000_block_groups.shp, study_areas/definitions/cbsa_27900_march_2020.shp, 1167.365267152196, 0.33266574632499984, 0.0002849714272693264
census_geographies/2000_block_groups.shp, study_areas/definitions/cbsa_27980_march_2020.shp, 1167.365267152196, 0.5391509704310007, 0.000461852845550448
census_geographies/2000_block_groups.shp, study_areas/definitions/cbsa_28020_march_2020.shp, 1167.365267152196, 0.16394574190850017, 0.0001404408256110344
census_geographies/2000_block_groups.shp, study_areas/definitions/cbsa_28100_march_2020.shp, 1167.365267152196, 0.1892602367965004, 0.00016212597900758466
census_geographies/2000_block_groups.shp, study_areas/definitions/cbsa_28140_march_2020.shp, 1167.365267152196, 1.984091733851001, 0.0016996323170477912
census_geographies/2000_block_groups.shp, study_areas/definitions/cbsa_28420_march_2020.shp, 1167.365267152196, 0.9160064400900011, 0.0007846785114008159
census_geographies/2000_block_groups.shp, study_areas/definitions/cbsa_28660_march_2020.shp, 1167.365267152196, 0.7007364808609986, 0.000600271826290031
census_geographies/2000_block_groups.shp, study_areas/definitions/cbsa_28700_march_2020.shp, 1167.365267152196, 0.5340322591660009, 0.00045746800439658454
census_geographies/2000_block_groups.shp, study_areas/definitions/cbsa_28740_march_2020.shp, 1167.365267152196, 0.3261256300314995, 0.0002793689680583761
census_geographies/2000_block_groups.shp, study_areas/definitions/cbsa_28940_march_2020.shp, 1167.365267152196, 0.8668269861544989, 0.0007425499203596622
census_geographies/2000_block_groups.shp, study_areas/definitions/cbsa_29020_march_2020.shp, 1167.365267152196, 0.08085330683357461, 6.926136069716841e-05
census_geographies/2000_block_groups.shp, study_areas/definitions/cbsa_29100_march_2020.shp, 1167.365267152196, 0.3036914550085004, 0.00026015118279933065
census_geographies/2000_block_groups.shp, study_areas/definitions/cbsa_29180_march_2020.shp, 1167.365267152196, 1.0446213090074985, 0.0008948538545744699
census_geographies/2000_block_groups.shp, study_areas/definitions/cbsa_29200_march_2020.shp, 1167.365267152196, 0.45417255817899976, 0.00038905779618316047
census_geographies/2000_block_groups.shp, study_areas/definitions/cbsa_29340_march_2020.shp, 1167.365267152196, 0.733841669560002, 0.0006286307209997939
census_geographies/2000_block_groups.shp, study_areas/definitions/cbsa_29420_march_2020.shp, 1167.365267152196, 3.472310335421014, 0.002974484879006006
census_geographies/2000_block_groups.shp, study_areas/definitions/cbsa_29460_march_2020.shp, 1167.365267152196, 0.477492267073499, 0.0004090341562400157
census_geographies/2000_block_groups.shp, study_areas/definitions/cbsa_29540_march_2020.shp, 1167.365267152196, 0.2688739922624996, 0.0002303255029322754
census_geographies/2000_block_groups.shp, study_areas/definitions/cbsa_29620_march_2020.shp, 1167.365267152196, 0.6425732924074997, 0.0005504474995860261
census_geographies/2000_block_groups.shp, study_areas/definitions/cbsa_29700_march_2020.shp, 1167.365267152196, 0.8003414857075017, 0.0006855964523083217
census_geographies/2000_block_groups.shp, study_areas/definitions/cbsa_29740_march_2020.shp, 1167.365267152196, 0.9465177254250017, 0.0008108153909136297
census_geographies/2000_block_groups.shp, study_areas/definitions/cbsa_29820_march_2020.shp, 1167.365267152196, 2.1018466684824975, 0.001800504715726194
census_geographies/2000_block_groups.shp, study_areas/definitions/cbsa_29940_march_2020.shp, 1167.365267152196, 0.12762315331700003, 0.00010932580993122957
census_geographies/2000_block_groups.shp, study_areas/definitions/cbsa_30020_march_2020.shp, 1167.365267152196, 0.4388268754245, 0.00037591222539541913
census_geographies/2000_block_groups.shp, study_areas/definitions/cbsa_30140_march_2020.shp, 1167.365267152196, 0.09956679749400006, 8.529189645747698e-05
census_geographies/2000_block_groups.shp, study_areas/definitions/cbsa_30300_march_2020.shp, 1167.365267152196, 0.4524590155149994, 0.0003875899242906031
census_geographies/2000_block_groups.shp, study_areas/definitions/cbsa_30340_march_2020.shp, 1167.365267152196, 0.1448797138589995, 0.00012410829577997947
census_geographies/2000_block_groups.shp, study_areas/definitions/cbsa_30460_march_2020.shp, 1167.365267152196, 0.39476655227199914, 0.0003381688348797953
census_geographies/2000_block_groups.shp, study_areas/definitions/cbsa_30620_march_2020.shp, 1167.365267152196, 0.11239407005799958, 9.628012175845054e-05
census_geographies/2000_block_groups.shp, study_areas/definitions/cbsa_30700_march_2020.shp, 1167.365267152196, 0.39318956595400045, 0.0003368179412371861
census_geographies/2000_block_groups.shp, study_areas/definitions/cbsa_30780_march_2020.shp, 1167.365267152196, 1.0706242668055037, 0.0009171287658894517
census_geographies/2000_block_groups.shp, study_areas/definitions/cbsa_30860_march_2020.shp, 1167.365267152196, 0.5173622184965005, 0.0004431879490115488
census_geographies/2000_block_groups.shp, study_areas/definitions/cbsa_30980_march_2020.shp, 1167.365267152196, 0.6761040799839997, 0.0005791709750225523
census_geographies/2000_block_groups.shp, study_areas/definitions/cbsa_31020_march_2020.shp, 1167.365267152196, 0.35199830652749897, 0.00030153227651376314
census_geographies/2000_block_groups.shp, study_areas/definitions/cbsa_31080_march_2020.shp, 1167.365267152196, 1.4426989185280015, 0.0012358590401164544
census_geographies/2000_block_groups.shp, study_areas/definitions/cbsa_31140_march_2020.shp, 1167.365267152196, 0.8779828097059984, 0.0007521063324488399
census_geographies/2000_block_groups.shp, study_areas/definitions/cbsa_31180_march_2020.shp, 1167.365267152196, 0.6772375805494995, 0.0005801419655063321
census_geographies/2000_block_groups.shp, study_areas/definitions/cbsa_31340_march_2020.shp, 1167.365267152196, 0.5655322623674996, 0.00048445184920322624
census_geographies/2000_block_groups.shp, study_areas/definitions/cbsa_31420_march_2020.shp, 1167.365267152196, 0.4335454975800003, 0.0003713880391847195
census_geographies/2000_block_groups.shp, study_areas/definitions/cbsa_31460_march_2020.shp, 1167.365267152196, 0.5661764051234975, 0.00048500364115226145
census_geographies/2000_block_groups.shp, study_areas/definitions/cbsa_31540_march_2020.shp, 1167.365267152196, 0.9695430868729985, 0.0008305396041448213
census_geographies/2000_block_groups.shp, study_areas/definitions/cbsa_31700_march_2020.shp, 1167.365267152196, 0.25475340848149985, 0.00021822938856402193
census_geographies/2000_block_groups.shp, study_areas/definitions/cbsa_31740_march_2020.shp, 1167.365267152196, 0.510479710135002, 0.00043729218651530075
census_geographies/2000_block_groups.shp, study_areas/definitions/cbsa_31860_march_2020.shp, 1167.365267152196, 0.35906779192250016, 0.000307588209128794
census_geographies/2000_block_groups.shp, study_areas/definitions/cbsa_31900_march_2020.shp, 1167.365267152196, 0.1381555013989998, 0.00011834813428707885
census_geographies/2000_block_groups.shp, study_areas/definitions/cbsa_32420_march_2020.shp, 1167.365267152196, 0.07338917597800033, 6.286736297802851e-05
census_geographies/2000_block_groups.shp, study_areas/definitions/cbsa_32580_march_2020.shp, 1167.365267152196, 0.3708511912184994, 0.0003176822213694914
census_geographies/2000_block_groups.shp, study_areas/definitions/cbsa_32780_march_2020.shp, 1167.365267152196, 0.7938558571289998, 0.0006800406689035919
census_geographies/2000_block_groups.shp, study_areas/definitions/cbsa_32820_march_2020.shp, 1167.365267152196, 1.2021632232799968, 0.0010298089699145245
census_geographies/2000_block_groups.shp, study_areas/definitions/cbsa_32900_march_2020.shp, 1167.365267152196, 0.518331878301499, 0.00044401858859993053
census_geographies/2000_block_groups.shp, study_areas/definitions/cbsa_33100_march_2020.shp, 1167.365267152196, 1.4345941722355016, 0.0012289162720552874
census_geographies/2000_block_groups.shp, study_areas/definitions/cbsa_33140_march_2020.shp, 1167.365267152196, 0.17141116175599955, 0.00014683592751920697
census_geographies/2000_block_groups.shp, study_areas/definitions/cbsa_33220_march_2020.shp, 1167.365267152196, 0.15257568668400034, 0.00013070089626378113
census_geographies/2000_block_groups.shp, study_areas/definitions/cbsa_33260_march_2020.shp, 1167.365267152196, 0.4497529372930004, 0.00038527181675550363
census_geographies/2000_block_groups.shp, study_areas/definitions/cbsa_33340_march_2020.shp, 1167.365267152196, 0.9525899519319985, 0.0008160170417403757
census_geographies/2000_block_groups.shp, study_areas/definitions/cbsa_33460_march_2020.shp, 1167.365267152196, 2.226562042939506, 0.0019073396353235996
census_geographies/2000_block_groups.shp, study_areas/definitions/cbsa_33540_march_2020.shp, 1167.365267152196, 0.8025840925714997, 0.0006875175364172131
census_geographies/2000_block_groups.shp, study_areas/definitions/cbsa_33660_march_2020.shp, 1167.365267152196, 0.6682405124530011, 0.0005724348079013719
census_geographies/2000_block_groups.shp, study_areas/definitions/cbsa_33700_march_2020.shp, 1167.365267152196, 0.40001610356099926, 0.00034266575751122364
census_geographies/2000_block_groups.shp, study_areas/definitions/cbsa_33740_march_2020.shp, 1167.365267152196, 0.5838561607379985, 0.0005001486485565257
census_geographies/2000_block_groups.shp, study_areas/definitions/cbsa_33780_march_2020.shp, 1167.365267152196, 0.19115651003300047, 0.00016375038337343155
census_geographies/2000_block_groups.shp, study_areas/definitions/cbsa_33860_march_2020.shp, 1167.365267152196, 0.6914433198324992, 0.0005923110266243271
census_geographies/2000_block_groups.shp, study_areas/definitions/cbsa_34060_march_2020.shp, 1167.365267152196, 0.2760043351620013, 0.00023643356790571448
census_geographies/2000_block_groups.shp, study_areas/definitions/cbsa_34100_march_2020.shp, 1167.365267152196, 0.2056290296004999, 0.0001761479764616732
census_geographies/2000_block_groups.shp, study_areas/definitions/cbsa_34580_march_2020.shp, 1167.365267152196, 0.6049462040959983, 0.0005182150104326584
census_geographies/2000_block_groups.shp, study_areas/definitions/cbsa_34620_march_2020.shp, 1167.365267152196, 0.10850233225250025, 9.294634276484275e-05
census_geographies/2000_block_groups.shp, study_areas/definitions/cbsa_34740_march_2020.shp, 1167.365267152196, 0.41940748951549994, 0.0003592769986541148
census_geographies/2000_block_groups.shp, study_areas/definitions/cbsa_34820_march_2020.shp, 1167.365267152196, 0.5822930336695007, 0.0004988096271615248
census_geographies/2000_block_groups.shp, study_areas/definitions/cbsa_34900_march_2020.shp, 1167.365267152196, 0.21093969181100009, 0.0001806972485360905
census_geographies/2000_block_groups.shp, study_areas/definitions/cbsa_34940_march_2020.shp, 1167.365267152196, 0.5394744908864991, 0.0004621299828480889
census_geographies/2000_block_groups.shp, study_areas/definitions/cbsa_34980_march_2020.shp, 1167.365267152196, 1.4949079963430016, 0.0012805828975791362
census_geographies/2000_block_groups.shp, study_areas/definitions/cbsa_35100_march_2020.shp, 1167.365267152196, 0.46471837922049963, 0.0003980916618790506
census_geographies/2000_block_groups.shp, study_areas/definitions/cbsa_35300_march_2020.shp, 1167.365267152196, 0.24021202462749955, 0.0002057728042684533
census_geographies/2000_block_groups.shp, study_areas/definitions/cbsa_35380_march_2020.shp, 1167.365267152196, 1.904946689114001, 0.0016318343047511984
census_geographies/2000_block_groups.shp, study_areas/definitions/cbsa_35620_march_2020.shp, 1167.365267152196, 2.544974201542001, 0.0021801010130706572
census_geographies/2000_block_groups.shp, study_areas/definitions/cbsa_35660_march_2020.shp, 1167.365267152196, 0.44506060811850057, 0.0003812522272520855
census_geographies/2000_block_groups.shp, study_areas/definitions/cbsa_35840_march_2020.shp, 1167.365267152196, 0.38220248763999876, 0.0003274060813650787
census_geographies/2000_block_groups.shp, study_areas/definitions/cbsa_35980_march_2020.shp, 1167.365267152196, 0.2154215822644995, 0.00018453656993755132
census_geographies/2000_block_groups.shp, study_areas/definitions/cbsa_36100_march_2020.shp, 1167.365267152196, 0.3995257892679994, 0.0003422457396241094
census_geographies/2000_block_groups.shp, study_areas/definitions/cbsa_36140_march_2020.shp, 1167.365267152196, 0.16728718067050002, 0.0001433032019862981
census_geographies/2000_block_groups.shp, study_areas/definitions/cbsa_36220_march_2020.shp, 1167.365267152196, 0.22259304311050007, 0.00019067985777366747
census_geographies/2000_block_groups.shp, study_areas/definitions/cbsa_36260_march_2020.shp, 1167.365267152196, 2.40882273081699, 0.002063469591393058
census_geographies/2000_block_groups.shp, study_areas/definitions/cbsa_36420_march_2020.shp, 1167.365267152196, 1.4349129392334978, 0.0012291893373990712
census_geographies/2000_block_groups.shp, study_areas/definitions/cbsa_36500_march_2020.shp, 1167.365267152196, 0.2366184391184998, 0.00020269443144880762
census_geographies/2000_block_groups.shp, study_areas/definitions/cbsa_36540_march_2020.shp, 1167.365267152196, 1.2267663121744998, 0.0010508847116611696
census_geographies/2000_block_groups.shp, study_areas/definitions/cbsa_36740_march_2020.shp, 1167.365267152196, 0.9569549335530053, 0.0008197562155395546
census_geographies/2000_block_groups.shp, study_areas/definitions/cbsa_36780_march_2020.shp, 1167.365267152196, 0.1683386505090007, 0.00014420392249605405
census_geographies/2000_block_groups.shp, study_areas/definitions/cbsa_36980_march_2020.shp, 1167.365267152196, 0.2465301044560001, 0.00021118506040308509
census_geographies/2000_block_groups.shp, study_areas/definitions/cbsa_37100_march_2020.shp, 1167.365267152196, 0.5604290466799987, 0.0004800802820244714
census_geographies/2000_block_groups.shp, study_areas/definitions/cbsa_37340_march_2020.shp, 1167.365267152196, 0.3709921420274991, 0.0003178029640478679
census_geographies/2000_block_groups.shp, study_areas/definitions/cbsa_37460_march_2020.shp, 1167.365267152196, 0.2507709813155007, 0.00021481792235198156
census_geographies/2000_block_groups.shp, study_areas/definitions/cbsa_37620_march_2020.shp, 1167.365267152196, 0.1650156238080003, 0.00014135731844288826
census_geographies/2000_block_groups.shp, study_areas/definitions/cbsa_37860_march_2020.shp, 1167.365267152196, 0.49932822314650066, 0.00042773948925567987
census_geographies/2000_block_groups.shp, study_areas/definitions/cbsa_37900_march_2020.shp, 1167.365267152196, 0.9385532338964989, 0.0008039927692778736
census_geographies/2000_block_groups.shp, study_areas/definitions/cbsa_37980_march_2020.shp, 1167.365267152196, 1.3283432282289975, 0.001137898535793779
census_geographies/2000_block_groups.shp, study_areas/definitions/cbsa_38060_march_2020.shp, 1167.365267152196, 3.6558228580450045, 0.003131687194157691
census_geographies/2000_block_groups.shp, study_areas/definitions/cbsa_38220_march_2020.shp, 1167.365267152196, 0.5273657864119983, 0.00045175730446265073
census_geographies/2000_block_groups.shp, study_areas/definitions/cbsa_38300_march_2020.shp, 1167.365267152196, 1.4687031446770027, 0.0012581350379388318
census_geographies/2000_block_groups.shp, study_areas/definitions/cbsa_38340_march_2020.shp, 1167.365267152196, 0.2678863686544994, 0.0002294794750130025
census_geographies/2000_block_groups.shp, study_areas/definitions/cbsa_38540_march_2020.shp, 1167.365267152196, 0.7368135534245002, 0.0006311765255976538
census_geographies/2000_block_groups.shp, study_areas/definitions/cbsa_38660_march_2020.shp, 1167.365267152196, 0.0894781254360002, 7.66496382527153e-05
census_geographies/2000_block_groups.shp, study_areas/definitions/cbsa_38860_march_2020.shp, 1167.365267152196, 0.8255982338940009, 0.0007072321381533471
census_geographies/2000_block_groups.shp, study_areas/definitions/cbsa_38900_march_2020.shp, 1167.365267152196, 2.0371529017275, 0.0017450861003404385
census_geographies/2000_block_groups.shp, study_areas/definitions/cbsa_38940_march_2020.shp, 1167.365267152196, 0.34010227959200184, 0.00029134178406873976
census_geographies/2000_block_groups.shp, study_areas/definitions/cbsa_39100_march_2020.shp, 1167.365267152196, 0.4653322047210006, 0.00039861748316033513
census_geographies/2000_block_groups.shp, study_areas/definitions/cbsa_39150_march_2020.shp, 1167.365267152196, 2.0687009963284937, 0.0017721111416781473
census_geographies/2000_block_groups.shp, study_areas/definitions/cbsa_39300_march_2020.shp, 1167.365267152196, 0.6258644426519999, 0.0005361341991772677
census_geographies/2000_block_groups.shp, study_areas/definitions/cbsa_39340_march_2020.shp, 1167.365267152196, 1.5131946602184947, 0.0012962478007504492
census_geographies/2000_block_groups.shp, study_areas/definitions/cbsa_39380_march_2020.shp, 1167.365267152196, 0.6385022243145001, 0.0005469601009049508
census_geographies/2000_block_groups.shp, study_areas/definitions/cbsa_39460_march_2020.shp, 1167.365267152196, 0.20195794911400003, 0.00017300321912667427
census_geographies/2000_block_groups.shp, study_areas/definitions/cbsa_39540_march_2020.shp, 1167.365267152196, 0.22558139974600094, 0.00019323977343981626
census_geographies/2000_block_groups.shp, study_areas/definitions/cbsa_39580_march_2020.shp, 1167.365267152196, 0.5543125998354985, 0.0004748407507341313
census_geographies/2000_block_groups.shp, study_areas/definitions/cbsa_39660_march_2020.shp, 1167.365267152196, 1.831104828944497, 0.0015685791589563933
census_geographies/2000_block_groups.shp, study_areas/definitions/cbsa_39740_march_2020.shp, 1167.365267152196, 0.23792008555900063, 0.000203809460717818
census_geographies/2000_block_groups.shp, study_areas/definitions/cbsa_39820_march_2020.shp, 1167.365267152196, 1.062748572558498, 0.0009103822106606683
census_geographies/2000_block_groups.shp, study_areas/definitions/cbsa_39900_march_2020.shp, 1167.365267152196, 1.8782176473819991, 0.0016089374082235094
census_geographies/2000_block_groups.shp, study_areas/definitions/cbsa_40060_march_2020.shp, 1167.365267152196, 1.1839752627335003, 0.0010142286189667306
census_geographies/2000_block_groups.shp, study_areas/definitions/cbsa_40140_march_2020.shp, 1167.365267152196, 6.972442196988996, 0.005972802509362272
census_geographies/2000_block_groups.shp, study_areas/definitions/cbsa_40220_march_2020.shp, 1167.365267152196, 0.49915652047299897, 0.0004275924036104811
census_geographies/2000_block_groups.shp, study_areas/definitions/cbsa_40340_march_2020.shp, 1167.365267152196, 0.7278008595679996, 0.0006234559824993594
census_geographies/2000_block_groups.shp, study_areas/definitions/cbsa_40380_march_2020.shp, 1167.365267152196, 1.5034576233949994, 0.001287906763803848
census_geographies/2000_block_groups.shp, study_areas/definitions/cbsa_40420_march_2020.shp, 1167.365267152196, 0.2266848592400003, 0.00019418502984331647
census_geographies/2000_block_groups.shp, study_areas/definitions/cbsa_40580_march_2020.shp, 1167.365267152196, 0.271478771434499, 0.00023255683467161506
census_geographies/2000_block_groups.shp, study_areas/definitions/cbsa_40660_march_2020.shp, 1167.365267152196, 0.13146550654049965, 0.00011261728461496168
census_geographies/2000_block_groups.shp, study_areas/definitions/cbsa_40900_march_2020.shp, 1167.365267152196, 1.4252058457700005, 0.0012208739508301546
census_geographies/2000_block_groups.shp, study_areas/definitions/cbsa_40980_march_2020.shp, 1167.365267152196, 0.23456160454949965, 0.00020093248544366578
census_geographies/2000_block_groups.shp, study_areas/definitions/cbsa_41060_march_2020.shp, 1167.365267152196, 0.5383876341094989, 0.0004611989488285042
census_geographies/2000_block_groups.shp, study_areas/definitions/cbsa_41100_march_2020.shp, 1167.365267152196, 0.6393603327935004, 0.0005476951822913395
census_geographies/2000_block_groups.shp, study_areas/definitions/cbsa_41140_march_2020.shp, 1167.365267152196, 0.4561908375940004, 0.0003907867146903251
census_geographies/2000_block_groups.shp, study_areas/definitions/cbsa_41180_march_2020.shp, 1167.365267152196, 2.168672534612001, 0.001857749751200417
census_geographies/2000_block_groups.shp, study_areas/definitions/cbsa_41420_march_2020.shp, 1167.365267152196, 0.5711839618635026, 0.0004892932640157385
census_geographies/2000_block_groups.shp, study_areas/definitions/cbsa_41500_march_2020.shp, 1167.365267152196, 0.9792525148325032, 0.0008388569905128353
census_geographies/2000_block_groups.shp, study_areas/definitions/cbsa_41540_march_2020.shp, 1167.365267152196, 0.7751262760044979, 0.0006639963495705413
census_geographies/2000_block_groups.shp, study_areas/definitions/cbsa_41620_march_2020.shp, 1167.365267152196, 2.226047089043502, 0.00190689851041566
census_geographies/2000_block_groups.shp, study_areas/definitions/cbsa_41660_march_2020.shp, 1167.365267152196, 0.8643097385305011, 0.000740393570762129
census_geographies/2000_block_groups.shp, study_areas/definitions/cbsa_41700_march_2020.shp, 1167.365267152196, 1.7784025178509983, 0.0015234327831163215
census_geographies/2000_block_groups.shp, study_areas/definitions/cbsa_41740_march_2020.shp, 1167.365267152196, 1.1312895593419954, 0.0009690964697808699
census_geographies/2000_block_groups.shp, study_areas/definitions/cbsa_41860_march_2020.shp, 1167.365267152196, 0.9074714584804985, 0.0007773671909001437
census_geographies/2000_block_groups.shp, study_areas/definitions/cbsa_41900_march_2020.shp, 1167.365267152196, 0.08155656466449984, 6.986379238732896e-05
census_geographies/2000_block_groups.shp, study_areas/definitions/cbsa_41940_march_2020.shp, 1167.365267152196, 0.7056524661740038, 0.0006044830063305316
census_geographies/2000_block_groups.shp, study_areas/definitions/cbsa_41980_march_2020.shp, 1167.365267152196, 0.44286321420950164, 0.0003793698739126209
census_geographies/2000_block_groups.shp, study_areas/definitions/cbsa_42020_march_2020.shp, 1167.365267152196, 0.9290500107789991, 0.0007958520241444476
census_geographies/2000_block_groups.shp, study_areas/definitions/cbsa_42100_march_2020.shp, 1167.365267152196, 0.15923584064050011, 0.00013640618332679897
census_geographies/2000_block_groups.shp, study_areas/definitions/cbsa_42140_march_2020.shp, 1167.365267152196, 0.4916967219804984, 0.00042120211712311727
census_geographies/2000_block_groups.shp, study_areas/definitions/cbsa_42200_march_2020.shp, 1167.365267152196, 0.9636482194430004, 0.0008254898844076745
census_geographies/2000_block_groups.shp, study_areas/definitions/cbsa_42220_march_2020.shp, 1167.365267152196, 0.4730346333889998, 0.0004052156139123228
census_geographies/2000_block_groups.shp, study_areas/definitions/cbsa_42340_march_2020.shp, 1167.365267152196, 0.3884363213164987, 0.0003327461697263741
census_geographies/2000_block_groups.shp, study_areas/definitions/cbsa_42540_march_2020.shp, 1167.365267152196, 0.4947889376554984, 0.00042385100154859235
census_geographies/2000_block_groups.shp, study_areas/definitions/cbsa_42660_march_2020.shp, 1167.365267152196, 1.9529852534909977, 0.0016729855756761828
census_geographies/2000_block_groups.shp, study_areas/definitions/cbsa_42680_march_2020.shp, 1167.365267152196, 0.1461785619624992, 0.0001252209279098254
census_geographies/2000_block_groups.shp, study_areas/definitions/cbsa_42700_march_2020.shp, 1167.365267152196, 0.2612583393435009, 0.00022380170688206637
census_geographies/2000_block_groups.shp, study_areas/definitions/cbsa_43100_march_2020.shp, 1167.365267152196, 0.3677398623589992, 0.00031501696401855926
census_geographies/2000_block_groups.shp, study_areas/definitions/cbsa_43300_march_2020.shp, 1167.365267152196, 0.24642350271899965, 0.00021109374216705387
census_geographies/2000_block_groups.shp, study_areas/definitions/cbsa_43340_march_2020.shp, 1167.365267152196, 0.670227209158508, 0.0005741366717150465
census_geographies/2000_block_groups.shp, study_areas/definitions/cbsa_43420_march_2020.shp, 1167.365267152196, 1.5352511285124997, 0.0013151420311294394
census_geographies/2000_block_groups.shp, study_areas/definitions/cbsa_43580_march_2020.shp, 1167.365267152196, 0.5944367285899982, 0.0005092122794094558
census_geographies/2000_block_groups.shp, study_areas/definitions/cbsa_43620_march_2020.shp, 1167.365267152196, 0.7454347669280035, 0.000638561714917647
census_geographies/2000_block_groups.shp, study_areas/definitions/cbsa_43780_march_2020.shp, 1167.365267152196, 0.2719647788219997, 0.000232973163134673
census_geographies/2000_block_groups.shp, study_areas/definitions/cbsa_43900_march_2020.shp, 1167.365267152196, 0.20933844462699971, 0.00017932557231009947
census_geographies/2000_block_groups.shp, study_areas/definitions/cbsa_44060_march_2020.shp, 1167.365267152196, 1.3510243360334941, 0.001157327851058424
census_geographies/2000_block_groups.shp, study_areas/definitions/cbsa_44100_march_2020.shp, 1167.365267152196, 0.3249380325950001, 0.00027835163657703385
census_geographies/2000_block_groups.shp, study_areas/definitions/cbsa_44140_march_2020.shp, 1167.365267152196, 0.538957576728, 0.0004616871787206712
census_geographies/2000_block_groups.shp, study_areas/definitions/cbsa_44180_march_2020.shp, 1167.365267152196, 0.7957561843059991, 0.0006816685459961109
census_geographies/2000_block_groups.shp, study_areas/definitions/cbsa_44220_march_2020.shp, 1167.365267152196, 0.10958666103749982, 9.38752112308755e-05
census_geographies/2000_block_groups.shp, study_areas/definitions/cbsa_44300_march_2020.shp, 1167.365267152196, 0.30832574327050033, 0.0002641210527212835
census_geographies/2000_block_groups.shp, study_areas/definitions/cbsa_44420_march_2020.shp, 1167.365267152196, 0.2678720706705005, 0.00022946722693230215
census_geographies/2000_block_groups.shp, study_areas/definitions/cbsa_44700_march_2020.shp, 1167.365267152196, 0.37859889817349973, 0.00032431913885625277
census_geographies/2000_block_groups.shp, study_areas/definitions/cbsa_44940_march_2020.shp, 1167.365267152196, 0.3473755193765003, 0.0002975722587874554
census_geographies/2000_block_groups.shp, study_areas/definitions/cbsa_45060_march_2020.shp, 1167.365267152196, 0.797132852667, 0.0006828478412858871
census_geographies/2000_block_groups.shp, study_areas/definitions/cbsa_45220_march_2020.shp, 1167.365267152196, 0.6326408430875008, 0.0005419390664507579
census_geographies/2000_block_groups.shp, study_areas/definitions/cbsa_45300_march_2020.shp, 1167.365267152196, 0.7924583595980013, 0.000678843530723862
census_geographies/2000_block_groups.shp, study_areas/definitions/cbsa_45460_march_2020.shp, 1167.365267152196, 0.5246088011020003, 0.00044939558839350325
census_geographies/2000_block_groups.shp, study_areas/definitions/cbsa_45500_march_2020.shp, 1167.365267152196, 0.5339525410045012, 0.00045739971543532886
census_geographies/2000_block_groups.shp, study_areas/definitions/cbsa_45540_march_2020.shp, 1167.365267152196, 0.13866399450399985, 0.00011878372468822258
census_geographies/2000_block_groups.shp, study_areas/definitions/cbsa_45780_march_2020.shp, 1167.365267152196, 0.6173733596199998, 0.0005288604835109501
census_geographies/2000_block_groups.shp, study_areas/definitions/cbsa_45820_march_2020.shp, 1167.365267152196, 0.8866007843039978, 0.000759488747225513
census_geographies/2000_block_groups.shp, study_areas/definitions/cbsa_45940_march_2020.shp, 1167.365267152196, 0.06281644367950033, 5.381044429456251e-05
census_geographies/2000_block_groups.shp, study_areas/definitions/cbsa_46060_march_2020.shp, 1167.365267152196, 2.2737938223505068, 0.0019477997901183564
census_geographies/2000_block_groups.shp, study_areas/definitions/cbsa_46140_march_2020.shp, 1167.365267152196, 1.6777115977454984, 0.0014371779296109258
census_geographies/2000_block_groups.shp, study_areas/definitions/cbsa_46220_march_2020.shp, 1167.365267152196, 0.8901699039114991, 0.0007625461618222383
census_geographies/2000_block_groups.shp, study_areas/definitions/cbsa_46300_march_2020.shp, 1167.365267152196, 0.7170631016014989, 0.0006142576978932947
census_geographies/2000_block_groups.shp, study_areas/definitions/cbsa_46340_march_2020.shp, 1167.365267152196, 0.23570503697050052, 0.00020191198385189775
census_geographies/2000_block_groups.shp, study_areas/definitions/cbsa_46520_march_2020.shp, 1167.365267152196, 0.4884508879750007, 0.00041842163864150544
census_geographies/2000_block_groups.shp, study_areas/definitions/cbsa_46540_march_2020.shp, 1167.365267152196, 0.7807068262069996, 0.0006687768157703928
census_geographies/2000_block_groups.shp, study_areas/definitions/cbsa_46660_march_2020.shp, 1167.365267152196, 0.3977783172015008, 0.0003407488027906523
census_geographies/2000_block_groups.shp, study_areas/definitions/cbsa_46700_march_2020.shp, 1167.365267152196, 0.24161124505800047, 0.0002069714183354234
census_geographies/2000_block_groups.shp, study_areas/definitions/cbsa_47020_march_2020.shp, 1167.365267152196, 0.4181818175005016, 0.00035822705135014167
census_geographies/2000_block_groups.shp, study_areas/definitions/cbsa_47220_march_2020.shp, 1167.365267152196, 0.18333607515850103, 0.000157051164975768
census_geographies/2000_block_groups.shp, study_areas/definitions/cbsa_47260_march_2020.shp, 1167.365267152196, 1.269508680249502, 0.0010874991024415915
census_geographies/2000_block_groups.shp, study_areas/definitions/cbsa_47300_march_2020.shp, 1167.365267152196, 1.256094713293, 0.0010760082971778496
census_geographies/2000_block_groups.shp, study_areas/definitions/cbsa_47380_march_2020.shp, 1167.365267152196, 0.4506103137310008, 0.00038600627105367884
census_geographies/2000_block_groups.shp, study_areas/definitions/cbsa_47460_march_2020.shp, 1167.365267152196, 0.3923678531675005, 0.0003361140374894718
census_geographies/2000_block_groups.shp, study_areas/definitions/cbsa_47580_march_2020.shp, 1167.365267152196, 0.1320019029979994, 0.00011307677786235657
census_geographies/2000_block_groups.shp, study_areas/definitions/cbsa_47900_march_2020.shp, 1167.365267152196, 1.8798363900324921, 0.0016103240715893315
census_geographies/2000_block_groups.shp, study_areas/definitions/cbsa_47940_march_2020.shp, 1167.365267152196, 0.4296884139764993, 0.00036808394601693965
census_geographies/2000_block_groups.shp, study_areas/definitions/cbsa_48060_march_2020.shp, 1167.365267152196, 0.5397379834984979, 0.0004623556984997474
census_geographies/2000_block_groups.shp, study_areas/definitions/cbsa_48140_march_2020.shp, 1167.365267152196, 0.7347790809130015, 0.0006294337355997454
census_geographies/2000_block_groups.shp, study_areas/definitions/cbsa_48260_march_2020.shp, 1167.365267152196, 0.16248190993549994, 0.00013918686336443506
census_geographies/2000_block_groups.shp, study_areas/definitions/cbsa_48300_march_2020.shp, 1167.365267152196, 1.5063357378059963, 0.0012903722426834947
census_geographies/2000_block_groups.shp, study_areas/definitions/cbsa_48540_march_2020.shp, 1167.365267152196, 0.2628076656075003, 0.00022512890609519614
census_geographies/2000_block_groups.shp, study_areas/definitions/cbsa_48620_march_2020.shp, 1167.365267152196, 1.105512080605504, 0.0009470147105733377
census_geographies/2000_block_groups.shp, study_areas/definitions/cbsa_48660_march_2020.shp, 1167.365267152196, 0.674413044616499, 0.0005777223835532978
census_geographies/2000_block_groups.shp, study_areas/definitions/cbsa_48700_march_2020.shp, 1167.365267152196, 0.3465116009620002, 0.0002968322004365609
census_geographies/2000_block_groups.shp, study_areas/definitions/cbsa_48900_march_2020.shp, 1167.365267152196, 0.3203018736334998, 0.00027438016415794235
census_geographies/2000_block_groups.shp, study_areas/definitions/cbsa_49020_march_2020.shp, 1167.365267152196, 0.28909753017099943, 0.00024764959032596277
census_geographies/2000_block_groups.shp, study_areas/definitions/cbsa_49180_march_2020.shp, 1167.365267152196, 0.5286578171735005, 0.0004528640966534567
census_geographies/2000_block_groups.shp, study_areas/definitions/cbsa_49340_march_2020.shp, 1167.365267152196, 0.5932597916250005, 0.0005082040800068226
census_geographies/2000_block_groups.shp, study_areas/definitions/cbsa_49420_march_2020.shp, 1167.365267152196, 1.3076143291864994, 0.0011201415409389753
census_geographies/2000_block_groups.shp, study_areas/definitions/cbsa_49500_march_2020.shp, 1167.365267152196, 0.06194807817449986, 5.3066576432947215e-05
census_geographies/2000_block_groups.shp, study_areas/definitions/cbsa_49620_march_2020.shp, 1167.365267152196, 0.24849201955399955, 0.00021286569555063026
census_geographies/2000_block_groups.shp, study_areas/definitions/cbsa_49660_march_2020.shp, 1167.365267152196, 0.48482488020350045, 0.00041531549194215577
census_geographies/2000_block_groups.shp, study_areas/definitions/cbsa_49700_march_2020.shp, 1167.365267152196, 0.337921844599998, 0.00028947395824476007
census_geographies/2000_block_groups.shp, study_areas/definitions/cbsa_49740_march_2020.shp, 1167.365267152196, 1.3756983260089994, 0.0011784643287914799
census_geographies/1990_block_groups.shp, study_areas/definitions/cbsa_10180_march_2020.shp, 9295648458558.941, 7142354890.2529125, 0.0007683546685413442
census_geographies/1990_block_groups.shp, study_areas/definitions/cbsa_10420_march_2020.shp, 9295648458558.941, 2401271131.8129296, 0.0002583220678490661
census_geographies/1990_block_groups.shp, study_areas/definitions/cbsa_10500_march_2020.shp, 9295648458558.941, 4166989429.2144895, 0.0004482731299264815
census_geographies/1990_block_groups.shp, study_areas/definitions/cbsa_10540_march_2020.shp, 9295648458558.941, 5982389192.45906, 0.0006435687858818276
census_geographies/1990_block_groups.shp, study_areas/definitions/cbsa_10580_march_2020.shp, 9295648458558.941, 7454660797.402949, 0.0008019516691747408
census_geographies/1990_block_groups.shp, study_areas/definitions/cbsa_10740_march_2020.shp, 9295648458558.941, 24079281970.975266, 0.0025903821641194203
census_geographies/1990_block_groups.shp, study_areas/definitions/cbsa_10780_march_2020.shp, 9295648458558.941, 5248759308.577792, 0.0005646469239857077
census_geographies/1990_block_groups.shp, study_areas/definitions/cbsa_10900_march_2020.shp, 9295648458558.941, 3825892842.2444234, 0.00041157890805581653
census_geographies/1990_block_groups.shp, study_areas/definitions/cbsa_11020_march_2020.shp, 9295648458558.941, 1365216123.1483183, 0.0001468661523975016
census_geographies/1990_block_groups.shp, study_areas/definitions/cbsa_11100_march_2020.shp, 9295648458558.941, 13425928987.805145, 0.0014443240885947295
census_geographies/1990_block_groups.shp, study_areas/definitions/cbsa_11180_march_2020.shp, 9295648458558.941, 2971239113.69578, 0.00031963763764754035
census_geographies/1990_block_groups.shp, study_areas/definitions/cbsa_11260_march_2020.shp, 9295648458558.941, 68861179005.56308, 0.007407894060597714
census_geographies/1990_block_groups.shp, study_areas/definitions/cbsa_11460_march_2020.shp, 9295648458558.941, 1871321003.913821, 0.00020131150744957525
census_geographies/1990_block_groups.shp, study_areas/definitions/cbsa_11500_march_2020.shp, 9295648458558.941, 1585924086.154029, 0.0001706093010320107
census_geographies/1990_block_groups.shp, study_areas/definitions/cbsa_11540_march_2020.shp, 9295648458558.941, 2697237317.61206, 0.00029016128671782834
census_geographies/1990_block_groups.shp, study_areas/definitions/cbsa_11700_march_2020.shp, 9295648458558.941, 5286821712.776984, 0.0005687415715370732
census_geographies/1990_block_groups.shp, study_areas/definitions/cbsa_12020_march_2020.shp, 9295648458558.941, 2681104412.913361, 0.0002884257537132594
census_geographies/1990_block_groups.shp, study_areas/definitions/cbsa_12060_march_2020.shp, 9295648458558.941, 22883576317.400505, 0.0024617514764481564
census_geographies/1990_block_groups.shp, study_areas/definitions/cbsa_12100_march_2020.shp, 9295648458558.941, 1476779940.211143, 0.00015886787745844692
census_geographies/1990_block_groups.shp, study_areas/definitions/cbsa_12220_march_2020.shp, 9295648458558.941, 1594298988.8976073, 0.00017151024976957483
census_geographies/1990_block_groups.shp, study_areas/definitions/cbsa_12260_march_2020.shp, 9295648458558.941, 9276910366.003984, 0.0009979842081336775
census_geographies/1990_block_groups.shp, study_areas/definitions/cbsa_12420_march_2020.shp, 9295648458558.941, 11089591919.595472, 0.0011929874466568024
census_geographies/1990_block_groups.shp, study_areas/definitions/cbsa_12540_march_2020.shp, 9295648458558.941, 21138168877.03331, 0.002273985399864213
census_geographies/1990_block_groups.shp, study_areas/definitions/cbsa_12580_march_2020.shp, 9295648458558.941, 6845552448.180096, 0.0007364254875491847
census_geographies/1990_block_groups.shp, study_areas/definitions/cbsa_12620_march_2020.shp, 9295648458558.941, 9210115669.74107, 0.0009907986205374283
census_geographies/1990_block_groups.shp, study_areas/definitions/cbsa_12700_march_2020.shp, 9295648458558.941, 1087060879.7874253, 0.00011694298516490445
census_geographies/1990_block_groups.shp, study_areas/definitions/cbsa_12940_march_2020.shp, 9295648458558.941, 11865438499.422918, 0.0012764508632528858
census_geographies/1990_block_groups.shp, study_areas/definitions/cbsa_12980_march_2020.shp, 9295648458558.941, 1860738540.4393237, 0.00020017307547017378
census_geographies/1990_block_groups.shp, study_areas/definitions/cbsa_13020_march_2020.shp, 9295648458558.941, 1159619593.0332716, 0.000124748649672262
census_geographies/1990_block_groups.shp, study_areas/definitions/cbsa_13140_march_2020.shp, 9295648458558.941, 5759178654.772819, 0.0006195564172255322
census_geographies/1990_block_groups.shp, study_areas/definitions/cbsa_13220_march_2020.shp, 9295648458558.941, 3309241068.691549, 0.00035599894761990215
census_geographies/1990_block_groups.shp, study_areas/definitions/cbsa_13380_march_2020.shp, 9295648458558.941, 5603004606.79481, 0.0006027556476316464
census_geographies/1990_block_groups.shp, study_areas/definitions/cbsa_13460_march_2020.shp, 9295648458558.941, 7911898105.271024, 0.00085113998668766
census_geographies/1990_block_groups.shp, study_areas/definitions/cbsa_13740_march_2020.shp, 9295648458558.941, 16875796058.359907, 0.0018154511902632856
census_geographies/1990_block_groups.shp, study_areas/definitions/cbsa_13780_march_2020.shp, 9295648458558.941, 3207335770.0554852, 0.0003450362591006053
census_geographies/1990_block_groups.shp, study_areas/definitions/cbsa_13820_march_2020.shp, 9295648458558.941, 11820214499.860222, 0.001271585791196395
census_geographies/1990_block_groups.shp, study_areas/definitions/cbsa_13900_march_2020.shp, 9295648458558.941, 11251985667.698175, 0.0012104573142864435
census_geographies/1990_block_groups.shp, study_areas/definitions/cbsa_13980_march_2020.shp, 9295648458558.941, 2823529821.7545485, 0.00030374748295852256
census_geographies/1990_block_groups.shp, study_areas/definitions/cbsa_14010_march_2020.shp, 9295648458558.941, 3072453902.283223, 0.0003305260430168559
census_geographies/1990_block_groups.shp, study_areas/definitions/cbsa_14020_march_2020.shp, 9295648458558.941, 2069787765.3063328, 0.00022266200949118097
census_geographies/1990_block_groups.shp, study_areas/definitions/cbsa_14100_march_2020.shp, 9295648458558.941, 1611187119.174858, 0.0001733270278407917
census_geographies/1990_block_groups.shp, study_areas/definitions/cbsa_14260_march_2020.shp, 9295648458558.941, 30647518324.491535, 0.0032969747577182656
census_geographies/1990_block_groups.shp, study_areas/definitions/cbsa_14460_march_2020.shp, 9295648458558.941, 9382330789.011463, 0.001009325043953519
census_geographies/1990_block_groups.shp, study_areas/definitions/cbsa_14500_march_2020.shp, 9295648458558.941, 1899541098.8463037, 0.00020434734675205007
census_geographies/1990_block_groups.shp, study_areas/definitions/cbsa_14540_march_2020.shp, 9295648458558.941, 4245700917.107949, 0.00045674069281296154
census_geographies/1990_block_groups.shp, study_areas/definitions/cbsa_14740_march_2020.shp, 9295648458558.941, 1031735004.4463445, 0.00011099118141633007
census_geographies/1990_block_groups.shp, study_areas/definitions/cbsa_14860_march_2020.shp, 9295648458558.941, 1673888451.9966843, 0.00018007226278608421
census_geographies/1990_block_groups.shp, study_areas/definitions/cbsa_15180_march_2020.shp, 9295648458558.941, 2466069822.2960525, 0.00026529293069655897
census_geographies/1990_block_groups.shp, study_areas/definitions/cbsa_15260_march_2020.shp, 9295648458558.941, 3454810303.9358373, 0.0003716588809632566
census_geographies/1990_block_groups.shp, study_areas/definitions/cbsa_15380_march_2020.shp, 9295648458558.941, 4067566665.018766, 0.0004375775055556846
census_geographies/1990_block_groups.shp, study_areas/definitions/cbsa_15500_march_2020.shp, 9295648458558.941, 1126061766.7632806, 0.0001211385920824558
census_geographies/1990_block_groups.shp, study_areas/definitions/cbsa_15540_march_2020.shp, 9295648458558.941, 3901403278.923906, 0.0004197021107582549
census_geographies/1990_block_groups.shp, study_areas/definitions/cbsa_15680_march_2020.shp, 9295648458558.941, 950251506.043132, 0.00010222541335114611
census_geographies/1990_block_groups.shp, study_areas/definitions/cbsa_15940_march_2020.shp, 9295648458558.941, 2537965519.849416, 0.0002730272698202772
census_geographies/1990_block_groups.shp, study_areas/definitions/cbsa_15980_march_2020.shp, 9295648458558.941, 2116887147.1256566, 0.00022772882995338953
census_geographies/1990_block_groups.shp, study_areas/definitions/cbsa_16020_march_2020.shp, 9295648458558.941, 3781468349.4378853, 0.00040679984471186725
census_geographies/1990_block_groups.shp, study_areas/definitions/cbsa_16060_march_2020.shp, 9295648458558.941, 3615062309.551498, 0.00038889834589462554
census_geographies/1990_block_groups.shp, study_areas/definitions/cbsa_16180_march_2020.shp, 9295648458558.941, 403635012.3200069, 4.342193168335245e-05
census_geographies/1990_block_groups.shp, study_areas/definitions/cbsa_16220_march_2020.shp, 9295648458558.941, 13922899747.44437, 0.0014977868203078291
census_geographies/1990_block_groups.shp, study_areas/definitions/cbsa_16300_march_2020.shp, 9295648458558.941, 5230952613.791326, 0.0005627313293001029
census_geographies/1990_block_groups.shp, study_areas/definitions/cbsa_16540_march_2020.shp, 9295648458558.941, 2001100341.2611775, 0.00021527280750582495
census_geographies/1990_block_groups.shp, study_areas/definitions/cbsa_16580_march_2020.shp, 9295648458558.941, 3724047366.8975196, 0.00040062265515953475
census_geographies/1990_block_groups.shp, study_areas/definitions/cbsa_16620_march_2020.shp, 9295648458558.941, 6910560107.07059, 0.0007434188306365772
census_geographies/1990_block_groups.shp, study_areas/definitions/cbsa_16700_march_2020.shp, 9295648458558.941, 7101814889.065337, 0.000763993487998824
census_geographies/1990_block_groups.shp, study_areas/definitions/cbsa_16740_march_2020.shp, 9295648458558.941, 14805775377.741234, 0.0015927641243907904
census_geographies/1990_block_groups.shp, study_areas/definitions/cbsa_16820_march_2020.shp, 9295648458558.941, 4294005476.618136, 0.00046193716293826097
census_geographies/1990_block_groups.shp, study_areas/definitions/cbsa_16860_march_2020.shp, 9295648458558.941, 5540892739.580005, 0.0005960738257564208
census_geographies/1990_block_groups.shp, study_areas/definitions/cbsa_16940_march_2020.shp, 9295648458558.941, 6960899453.850172, 0.0007488341975153916
census_geographies/1990_block_groups.shp, study_areas/definitions/cbsa_16980_march_2020.shp, 9295648458558.941, 18914363025.37074, 0.002034754553132374
census_geographies/1990_block_groups.shp, study_areas/definitions/cbsa_17020_march_2020.shp, 9295648458558.941, 4343701905.71527, 0.00046728336652144143
census_geographies/1990_block_groups.shp, study_areas/definitions/cbsa_17140_march_2020.shp, 9295648458558.941, 11994542186.864063, 0.0012903394787719326
census_geographies/1990_block_groups.shp, study_areas/definitions/cbsa_17300_march_2020.shp, 9295648458558.941, 5807120436.53804, 0.0006247138607303023
census_geographies/1990_block_groups.shp, study_areas/definitions/cbsa_17420_march_2020.shp, 9295648458558.941, 2004283474.8460374, 0.00021561524016117448
census_geographies/1990_block_groups.shp, study_areas/definitions/cbsa_17460_march_2020.shp, 9295648458558.941, 5224970757.91845, 0.0005620878178872582
census_geographies/1990_block_groups.shp, study_areas/definitions/cbsa_17660_march_2020.shp, 9295648458558.941, 3407544101.877694, 0.00036657411444386193
census_geographies/1990_block_groups.shp, study_areas/definitions/cbsa_17780_march_2020.shp, 9295648458558.941, 5526478922.256091, 0.000594523227389005
census_geographies/1990_block_groups.shp, study_areas/definitions/cbsa_17820_march_2020.shp, 9295648458558.941, 6963226784.0060835, 0.0007490845652187624
census_geographies/1990_block_groups.shp, study_areas/definitions/cbsa_17860_march_2020.shp, 9295648458558.941, 4485605323.20655, 0.00048254894138949946
census_geographies/1990_block_groups.shp, study_areas/definitions/cbsa_17900_march_2020.shp, 9295648458558.941, 9930725233.471355, 0.0010683197926151854
census_geographies/1990_block_groups.shp, study_areas/definitions/cbsa_17980_march_2020.shp, 9295648458558.941, 7298523152.777967, 0.0007851548157522968
census_geographies/1990_block_groups.shp, study_areas/definitions/cbsa_18020_march_2020.shp, 9295648458558.941, 1060234384.945875, 0.00011405706548311509
census_geographies/1990_block_groups.shp, study_areas/definitions/cbsa_18140_march_2020.shp, 9295648458558.941, 12560751285.441196, 0.0013512506783618652
census_geographies/1990_block_groups.shp, study_areas/definitions/cbsa_18580_march_2020.shp, 9295648458558.941, 4017610618.8409576, 0.0004322033730892388
census_geographies/1990_block_groups.shp, study_areas/definitions/cbsa_18700_march_2020.shp, 9295648458558.941, 1758504497.622291, 0.0001891750215664786
census_geographies/1990_block_groups.shp, study_areas/definitions/cbsa_18880_march_2020.shp, 9295648458558.941, 5197695328.655114, 0.0005591536030893413
census_geographies/1990_block_groups.shp, study_areas/definitions/cbsa_19060_march_2020.shp, 9295648458558.941, 1965374751.6744857, 0.0002114295479692837
census_geographies/1990_block_groups.shp, study_areas/definitions/cbsa_19100_march_2020.shp, 9295648458558.941, 23328629313.605255, 0.0025096290396099787
census_geographies/1990_block_groups.shp, study_areas/definitions/cbsa_19140_march_2020.shp, 9295648458558.941, 1650308830.2170954, 0.00017753563267526305
census_geographies/1990_block_groups.shp, study_areas/definitions/cbsa_19180_march_2020.shp, 9295648458558.941, 2336514753.0587425, 0.00025135575677965786
census_geographies/1990_block_groups.shp, study_areas/definitions/cbsa_19300_march_2020.shp, 9295648458558.941, 4232266016.3735924, 0.00045529540356883285
census_geographies/1990_block_groups.shp, study_areas/definitions/cbsa_19340_march_2020.shp, 9295648458558.941, 5992713923.347671, 0.0006446794917066702
census_geographies/1990_block_groups.shp, study_areas/definitions/cbsa_19430_march_2020.shp, 9295648458558.941, 3340354036.1176224, 0.0003593459940970553
census_geographies/1990_block_groups.shp, study_areas/definitions/cbsa_19460_march_2020.shp, 9295648458558.941, 3411368763.125424, 0.00036698556086040625
census_geographies/1990_block_groups.shp, study_areas/definitions/cbsa_19500_march_2020.shp, 9295648458558.941, 1516119599.091507, 0.00016309992851499717
census_geographies/1990_block_groups.shp, study_areas/definitions/cbsa_19660_march_2020.shp, 9295648458558.941, 4479541853.744035, 0.00048189665021373626
census_geographies/1990_block_groups.shp, study_areas/definitions/cbsa_19740_march_2020.shp, 9295648458558.941, 21769202208.74643, 0.002341870210109172
census_geographies/1990_block_groups.shp, study_areas/definitions/cbsa_19780_march_2020.shp, 9295648458558.941, 9440748847.862015, 0.0010156094962013621
census_geographies/1990_block_groups.shp, study_areas/definitions/cbsa_19820_march_2020.shp, 9295648458558.941, 10316205966.889511, 0.001109788737480804
census_geographies/1990_block_groups.shp, study_areas/definitions/cbsa_20020_march_2020.shp, 9295648458558.941, 4477863391.509336, 0.0004817160859161317
census_geographies/1990_block_groups.shp, study_areas/definitions/cbsa_20100_march_2020.shp, 9295648458558.941, 1548770584.8731112, 0.0001666124307279591
census_geographies/1990_block_groups.shp, study_areas/definitions/cbsa_20220_march_2020.shp, 9295648458558.941, 1596874142.4670174, 0.000171787277626307
census_geographies/1990_block_groups.shp, study_areas/definitions/cbsa_20260_march_2020.shp, 9295648458558.941, 29089702324.05048, 0.0031293892463485126
census_geographies/1990_block_groups.shp, study_areas/definitions/cbsa_20500_march_2020.shp, 9295648458558.941, 6083644378.930549, 0.0006544615371431189
census_geographies/1990_block_groups.shp, study_areas/definitions/cbsa_20700_march_2020.shp, 9295648458558.941, 1595377010.8080711, 0.00017162622036756697
census_geographies/1990_block_groups.shp, study_areas/definitions/cbsa_20740_march_2020.shp, 9295648458558.941, 4368217945.106343, 0.000469920733833724
census_geographies/1990_block_groups.shp, study_areas/definitions/cbsa_20940_march_2020.shp, 9295648458558.941, 11607768542.897163, 0.0012487314461864512
census_geographies/1990_block_groups.shp, study_areas/definitions/cbsa_21060_march_2020.shp, 9295648458558.941, 3154092829.028296, 0.00033930853163064426
census_geographies/1990_block_groups.shp, study_areas/definitions/cbsa_21140_march_2020.shp, 9295648458558.941, 1211708102.5296543, 0.00013035218660985157
census_geographies/1990_block_groups.shp, study_areas/definitions/cbsa_21300_march_2020.shp, 9295648458558.941, 1063925253.7978346, 0.00011445411888594265
census_geographies/1990_block_groups.shp, study_areas/definitions/cbsa_21340_march_2020.shp, 9295648458558.941, 14469454792.94587, 0.0015565836915468938
census_geographies/1990_block_groups.shp, study_areas/definitions/cbsa_21420_march_2020.shp, 9295648458558.941, 2745256558.124289, 0.0002953270630191057
census_geographies/1990_block_groups.shp, study_areas/definitions/cbsa_21500_march_2020.shp, 9295648458558.941, 2082404381.0495846, 0.0002240192699124951
census_geographies/1990_block_groups.shp, study_areas/definitions/cbsa_21660_march_2020.shp, 9295648458558.941, 11959969346.294613, 0.0012866202287676344
census_geographies/1990_block_groups.shp, study_areas/definitions/cbsa_21780_march_2020.shp, 9295648458558.941, 3919383115.8968034, 0.0004216363315985818
census_geographies/1990_block_groups.shp, study_areas/definitions/cbsa_21820_march_2020.shp, 9295648458558.941, 19281234123.055984, 0.0020742215251592097
census_geographies/1990_block_groups.shp, study_areas/definitions/cbsa_22020_march_2020.shp, 9295648458558.941, 7305297786.362106, 0.0007858836119857539
census_geographies/1990_block_groups.shp, study_areas/definitions/cbsa_22140_march_2020.shp, 9295648458558.941, 14344361958.748344, 0.0015431265524613095
census_geographies/1990_block_groups.shp, study_areas/definitions/cbsa_22180_march_2020.shp, 9295648458558.941, 4278798788.6599045, 0.00046030126975382907
census_geographies/1990_block_groups.shp, study_areas/definitions/cbsa_22220_march_2020.shp, 9295648458558.941, 6914906088.488086, 0.0007438863592266343
census_geographies/1990_block_groups.shp, study_areas/definitions/cbsa_22380_march_2020.shp, 9295648458558.941, 48332418977.61116, 0.005199467169297826
census_geographies/1990_block_groups.shp, study_areas/definitions/cbsa_22420_march_2020.shp, 9295648458558.941, 1681776550.9469767, 0.00018092084252589025
census_geographies/1990_block_groups.shp, study_areas/definitions/cbsa_22500_march_2020.shp, 9295648458558.941, 3549661041.3039885, 0.0003818626594076552
census_geographies/1990_block_groups.shp, study_areas/definitions/cbsa_22520_march_2020.shp, 9295648458558.941, 3476814696.6635957, 0.0003740260523150839
census_geographies/1990_block_groups.shp, study_areas/definitions/cbsa_22540_march_2020.shp, 9295648458558.941, 1983388395.8817174, 0.0002133674056978261
census_geographies/1990_block_groups.shp, study_areas/definitions/cbsa_22660_march_2020.shp, 9295648458558.941, 6821639888.561852, 0.0007338530409119385
census_geographies/1990_block_groups.shp, study_areas/definitions/cbsa_22900_march_2020.shp, 9295648458558.941, 6434509797.006767, 0.0006922066626865833
census_geographies/1990_block_groups.shp, study_areas/definitions/cbsa_23060_march_2020.shp, 9295648458558.941, 2584804246.3892446, 0.00027806604971267966
census_geographies/1990_block_groups.shp, study_areas/definitions/cbsa_23420_march_2020.shp, 9295648458558.941, 15585367594.805405, 0.001676630486220165
census_geographies/1990_block_groups.shp, study_areas/definitions/cbsa_23460_march_2020.shp, 9295648458558.941, 1421279656.2836392, 0.00015289731131936255
census_geographies/1990_block_groups.shp, study_areas/definitions/cbsa_23540_march_2020.shp, 9295648458558.941, 6373388679.138328, 0.0006856314228697029
census_geographies/1990_block_groups.shp, study_areas/definitions/cbsa_23580_march_2020.shp, 9295648458558.941, 1111740560.5782185, 0.0001195979565637066
census_geographies/1990_block_groups.shp, study_areas/definitions/cbsa_23900_march_2020.shp, 9295648458558.941, 1350727900.616129, 0.0001453075497247801
census_geographies/1990_block_groups.shp, study_areas/definitions/cbsa_24020_march_2020.shp, 9295648458558.941, 4603646953.948877, 0.0004952475316243358
census_geographies/1990_block_groups.shp, study_areas/definitions/cbsa_24140_march_2020.shp, 9295648458558.941, 1441830419.8215227, 0.00015510810528704551
census_geographies/1990_block_groups.shp, study_areas/definitions/cbsa_24220_march_2020.shp, 9295648458558.941, 8903253846.32904, 0.0009577872792867286
census_geographies/1990_block_groups.shp, study_areas/definitions/cbsa_24260_march_2020.shp, 9295648458558.941, 4201760292.3222113, 0.0004520136826445338
census_geographies/1990_block_groups.shp, study_areas/definitions/cbsa_24300_march_2020.shp, 9295648458558.941, 8653480881.15849, 0.000930917398580281
census_geographies/1990_block_groups.shp, study_areas/definitions/cbsa_24340_march_2020.shp, 9295648458558.941, 7124369542.942861, 0.0007664198549142764
census_geographies/1990_block_groups.shp, study_areas/definitions/cbsa_24420_march_2020.shp, 9295648458558.941, 4251831838.233587, 0.00045740024025098805
census_geographies/1990_block_groups.shp, study_areas/definitions/cbsa_24500_march_2020.shp, 9295648458558.941, 7023046510.346307, 0.0007555198049556034
census_geographies/1990_block_groups.shp, study_areas/definitions/cbsa_24540_march_2020.shp, 9295648458558.941, 10415730975.747755, 0.0011204953610479428
census_geographies/1990_block_groups.shp, study_areas/definitions/cbsa_24580_march_2020.shp, 9295648458558.941, 4910490248.365387, 0.0005282568795772464
census_geographies/1990_block_groups.shp, study_areas/definitions/cbsa_24660_march_2020.shp, 9295648458558.941, 5231671516.409413, 0.0005628086668437173
census_geographies/1990_block_groups.shp, study_areas/definitions/cbsa_24780_march_2020.shp, 9295648458558.941, 1695533128.1610029, 0.00018240073683077436
census_geographies/1990_block_groups.shp, study_areas/definitions/cbsa_24860_march_2020.shp, 9295648458558.941, 7221593582.838261, 0.0007768789466418558
census_geographies/1990_block_groups.shp, study_areas/definitions/cbsa_25060_march_2020.shp, 9295648458558.941, 5840027632.689514, 0.0006282539253420589
census_geographies/1990_block_groups.shp, study_areas/definitions/cbsa_25180_march_2020.shp, 9295648458558.941, 2638650577.420899, 0.0002838586882006461
census_geographies/1990_block_groups.shp, study_areas/definitions/cbsa_25220_march_2020.shp, 9295648458558.941, 2076328643.7151449, 0.00022336565899320034
census_geographies/1990_block_groups.shp, study_areas/definitions/cbsa_25260_march_2020.shp, 9295648458558.941, 3603970093.965656, 0.00038770507620125317
census_geographies/1990_block_groups.shp, study_areas/definitions/cbsa_25420_march_2020.shp, 9295648458558.941, 4310877985.391767, 0.0004637522604915785
census_geographies/1990_block_groups.shp, study_areas/definitions/cbsa_25500_march_2020.shp, 9295648458558.941, 2255588288.1181927, 0.0002426499128246794
census_geographies/1990_block_groups.shp, study_areas/definitions/cbsa_25540_march_2020.shp, 9295648458558.941, 4016376129.506841, 0.00043207057016111385
census_geographies/1990_block_groups.shp, study_areas/definitions/cbsa_25620_march_2020.shp, 9295648458558.941, 5272767191.62043, 0.0005672296252517536
census_geographies/1990_block_groups.shp, study_areas/definitions/cbsa_25860_march_2020.shp, 9295648458558.941, 4314876242.743601, 0.0004641823818940454
census_geographies/1990_block_groups.shp, study_areas/definitions/cbsa_25940_march_2020.shp, 9295648458558.941, 3250679040.557099, 0.00034969900755703017
census_geographies/1990_block_groups.shp, study_areas/definitions/cbsa_25980_march_2020.shp, 9295648458558.941, 2408787971.420541, 0.0002591307085416571
census_geographies/1990_block_groups.shp, study_areas/definitions/cbsa_26140_march_2020.shp, 9295648458558.941, 1636772082.9233215, 0.0001760793870616168
census_geographies/1990_block_groups.shp, study_areas/definitions/cbsa_26300_march_2020.shp, 9295648458558.941, 1902555971.581314, 0.0002046716783732867
census_geographies/1990_block_groups.shp, study_areas/definitions/cbsa_26380_march_2020.shp, 9295648458558.941, 6819271826.223084, 0.0007335982913536558
census_geographies/1990_block_groups.shp, study_areas/definitions/cbsa_26420_march_2020.shp, 9295648458558.941, 22166516340.638615, 0.0023846121590612498
census_geographies/1990_block_groups.shp, study_areas/definitions/cbsa_26580_march_2020.shp, 9295648458558.941, 6569179830.6090145, 0.0007066940902396606
census_geographies/1990_block_groups.shp, study_areas/definitions/cbsa_26620_march_2020.shp, 9295648458558.941, 3677633706.686439, 0.0003956296027202135
census_geographies/1990_block_groups.shp, study_areas/definitions/cbsa_26820_march_2020.shp, 9295648458558.941, 13570545807.809748, 0.0014598815637562872
census_geographies/1990_block_groups.shp, study_areas/definitions/cbsa_26900_march_2020.shp, 9295648458558.941, 11242664240.375011, 0.0012094545410679081
census_geographies/1990_block_groups.shp, study_areas/definitions/cbsa_26980_march_2020.shp, 9295648458558.941, 3092734239.792498, 0.0003327077453047261
census_geographies/1990_block_groups.shp, study_areas/definitions/cbsa_27060_march_2020.shp, 9295648458558.941, 1273292756.6783726, 0.00013697729237017263
census_geographies/1990_block_groups.shp, study_areas/definitions/cbsa_27100_march_2020.shp, 9295648458558.941, 1874527745.320714, 0.0002016564797687404
census_geographies/1990_block_groups.shp, study_areas/definitions/cbsa_27140_march_2020.shp, 9295648458558.941, 14228588370.588245, 0.0015306719519376094
census_geographies/1990_block_groups.shp, study_areas/definitions/cbsa_27180_march_2020.shp, 9295648458558.941, 4445584833.547031, 0.0004782436484518487
census_geographies/1990_block_groups.shp, study_areas/definitions/cbsa_27260_march_2020.shp, 9295648458558.941, 8799786242.498667, 0.0009466565223210748
census_geographies/1990_block_groups.shp, study_areas/definitions/cbsa_27340_march_2020.shp, 9295648458558.941, 1992574433.0918832, 0.00021435561402467044
census_geographies/1990_block_groups.shp, study_areas/definitions/cbsa_27500_march_2020.shp, 9295648458558.941, 1880823861.8283353, 0.00020233379846637512
census_geographies/1990_block_groups.shp, study_areas/definitions/cbsa_27620_march_2020.shp, 9295648458558.941, 5901406905.398749, 0.0006348569367385065
census_geographies/1990_block_groups.shp, study_areas/definitions/cbsa_27740_march_2020.shp, 9295648458558.941, 2237251282.5678625, 0.0002406772687824613
census_geographies/1990_block_groups.shp, study_areas/definitions/cbsa_27780_march_2020.shp, 9295648458558.941, 1795970427.209852, 0.00019320550203856058
census_geographies/1990_block_groups.shp, study_areas/definitions/cbsa_27860_march_2020.shp, 9295648458558.941, 3823789693.3068376, 0.00041135265714422475
census_geographies/1990_block_groups.shp, study_areas/definitions/cbsa_27900_march_2020.shp, 9295648458558.941, 3284074869.1760445, 0.00035329163789022614
census_geographies/1990_block_groups.shp, study_areas/definitions/cbsa_27980_march_2020.shp, 9295648458558.941, 3005567560.1283813, 0.00032333059641051866
census_geographies/1990_block_groups.shp, study_areas/definitions/cbsa_28020_march_2020.shp, 9295648458558.941, 1502588526.3140037, 0.0001616442933500244
census_geographies/1990_block_groups.shp, study_areas/definitions/cbsa_28100_march_2020.shp, 9295648458558.941, 1764925188.1933022, 0.00018986574159527865
census_geographies/1990_block_groups.shp, study_areas/definitions/cbsa_28140_march_2020.shp, 9295648458558.941, 19095390866.37429, 0.0020542290246348834
census_geographies/1990_block_groups.shp, study_areas/definitions/cbsa_28420_march_2020.shp, 9295648458558.941, 7835805889.568408, 0.0008429541978164646
census_geographies/1990_block_groups.shp, study_areas/definitions/cbsa_28660_march_2020.shp, 9295648458558.941, 7401813290.090858, 0.0007962664813637246
census_geographies/1990_block_groups.shp, study_areas/definitions/cbsa_28700_march_2020.shp, 9295648458558.941, 5301970552.530079, 0.0005703712415725344
census_geographies/1990_block_groups.shp, study_areas/definitions/cbsa_28740_march_2020.shp, 9295648458558.941, 3006311166.385871, 0.0003234105915029326
census_geographies/1990_block_groups.shp, study_areas/definitions/cbsa_28940_march_2020.shp, 9295648458558.941, 8700717550.91099, 0.0009359989880963957
census_geographies/1990_block_groups.shp, study_areas/definitions/cbsa_29020_march_2020.shp, 9295648458558.941, 761266948.6973541, 8.1894980440705e-05
census_geographies/1990_block_groups.shp, study_areas/definitions/cbsa_29100_march_2020.shp, 9295648458558.941, 2716401636.044058, 0.00029222293077821147
census_geographies/1990_block_groups.shp, study_areas/definitions/cbsa_29180_march_2020.shp, 9295648458558.941, 9502962327.841675, 0.0010223022492951365
census_geographies/1990_block_groups.shp, study_areas/definitions/cbsa_29200_march_2020.shp, 9295648458558.941, 4276382714.5780954, 0.0004600413552258023
census_geographies/1990_block_groups.shp, study_areas/definitions/cbsa_29340_march_2020.shp, 9295648458558.941, 6978248574.28641, 0.0007507005676254041
census_geographies/1990_block_groups.shp, study_areas/definitions/cbsa_29420_march_2020.shp, 9295648458558.941, 34886574058.49887, 0.003753000580220647
census_geographies/1990_block_groups.shp, study_areas/definitions/cbsa_29460_march_2020.shp, 9295648458558.941, 5206680691.00132, 0.0005601202233726129
census_geographies/1990_block_groups.shp, study_areas/definitions/cbsa_29540_march_2020.shp, 9295648458558.941, 2548041314.460176, 0.0002741111957729075
census_geographies/1990_block_groups.shp, study_areas/definitions/cbsa_29620_march_2020.shp, 9295648458558.941, 5841065314.310783, 0.0006283655562439692
census_geographies/1990_block_groups.shp, study_areas/definitions/cbsa_29700_march_2020.shp, 9295648458558.941, 8742783512.210466, 0.000940524327182422
census_geographies/1990_block_groups.shp, study_areas/definitions/cbsa_29740_march_2020.shp, 9295648458558.941, 9879947160.122955, 0.0010628572287526667
census_geographies/1990_block_groups.shp, study_areas/definitions/cbsa_29820_march_2020.shp, 9295648458558.941, 20954421366.134403, 0.0022542183538406813
census_geographies/1990_block_groups.shp, study_areas/definitions/cbsa_29940_march_2020.shp, 9295648458558.941, 1228874351.7433178, 0.0001321988839425006
census_geographies/1990_block_groups.shp, study_areas/definitions/cbsa_30020_march_2020.shp, 9295648458558.941, 4469753817.7275715, 0.000480843680530115
census_geographies/1990_block_groups.shp, study_areas/definitions/cbsa_30140_march_2020.shp, 9295648458558.941, 939129482.0988361, 0.0001010289369575003
census_geographies/1990_block_groups.shp, study_areas/definitions/cbsa_30300_march_2020.shp, 9295648458558.941, 3877254376.510362, 0.00041710423902061305
census_geographies/1990_block_groups.shp, study_areas/definitions/cbsa_30340_march_2020.shp, 9295648458558.941, 1287748970.9494, 0.00013853245168320762
census_geographies/1990_block_groups.shp, study_areas/definitions/cbsa_30460_march_2020.shp, 9295648458558.941, 3843722144.0395207, 0.0004134969347405156
census_geographies/1990_block_groups.shp, study_areas/definitions/cbsa_30620_march_2020.shp, 9295648458558.941, 1053808004.9463365, 0.00011336573340142245
census_geographies/1990_block_groups.shp, study_areas/definitions/cbsa_30700_march_2020.shp, 9295648458558.941, 3684077791.2171197, 0.00039632283940611114
census_geographies/1990_block_groups.shp, study_areas/definitions/cbsa_30780_march_2020.shp, 9295648458558.941, 10873463705.55237, 0.0011697369746744952
census_geographies/1990_block_groups.shp, study_areas/definitions/cbsa_30860_march_2020.shp, 9295648458558.941, 4768647486.1300335, 0.0005129978298328736
census_geographies/1990_block_groups.shp, study_areas/definitions/cbsa_30980_march_2020.shp, 9295648458558.941, 7050926625.88789, 0.0007585190702210526
census_geographies/1990_block_groups.shp, study_areas/definitions/cbsa_31020_march_2020.shp, 9295648458558.941, 3019984281.3295946, 0.0003248815071689757
census_geographies/1990_block_groups.shp, study_areas/definitions/cbsa_31080_march_2020.shp, 9295648458558.941, 12658825055.45106, 0.0013618011816911473
census_geographies/1990_block_groups.shp, study_areas/definitions/cbsa_31140_march_2020.shp, 9295648458558.941, 8525710044.700281, 0.00091717216746189
census_geographies/1990_block_groups.shp, study_areas/definitions/cbsa_31180_march_2020.shp, 9295648458558.941, 6982275998.5698395, 0.0007511338267252274
census_geographies/1990_block_groups.shp, study_areas/definitions/cbsa_31340_march_2020.shp, 9295648458558.941, 5559898637.270176, 0.0005981184273541364
census_geographies/1990_block_groups.shp, study_areas/definitions/cbsa_31420_march_2020.shp, 9295648458558.941, 4500721010.072608, 0.00048417504492960706
census_geographies/1990_block_groups.shp, study_areas/definitions/cbsa_31460_march_2020.shp, 9295648458558.941, 5576995862.22928, 0.0005999576992495104
census_geographies/1990_block_groups.shp, study_areas/definitions/cbsa_31540_march_2020.shp, 9295648458558.941, 8718604819.467855, 0.000937923250684058
census_geographies/1990_block_groups.shp, study_areas/definitions/cbsa_31700_march_2020.shp, 9295648458558.941, 2310847134.2702436, 0.0002485945057595781
census_geographies/1990_block_groups.shp, study_areas/definitions/cbsa_31740_march_2020.shp, 9295648458558.941, 4890137162.275815, 0.0005260673511994998
census_geographies/1990_block_groups.shp, study_areas/definitions/cbsa_31860_march_2020.shp, 9295648458558.941, 3193010957.739996, 0.00034349523564437725
census_geographies/1990_block_groups.shp, study_areas/definitions/cbsa_31900_march_2020.shp, 9295648458558.941, 1295837227.8207273, 0.00013940256385530468
census_geographies/1990_block_groups.shp, study_areas/definitions/cbsa_32580_march_2020.shp, 9295648458558.941, 4099200889.088404, 0.0004409806273723784
census_geographies/1990_block_groups.shp, study_areas/definitions/cbsa_32780_march_2020.shp, 9295648458558.941, 7256396477.142182, 0.0007806229451868822
census_geographies/1990_block_groups.shp, study_areas/definitions/cbsa_32820_march_2020.shp, 9295648458558.941, 12171932318.112892, 0.0013094226155794027
census_geographies/1990_block_groups.shp, study_areas/definitions/cbsa_32900_march_2020.shp, 9295648458558.941, 5107135783.337069, 0.000549411459147284
census_geographies/1990_block_groups.shp, study_areas/definitions/cbsa_33100_march_2020.shp, 9295648458558.941, 14036733773.616394, 0.0015100327681488548
census_geographies/1990_block_groups.shp, study_areas/definitions/cbsa_33140_march_2020.shp, 9295648458558.941, 1563389858.562962, 0.0001681851315196279
census_geographies/1990_block_groups.shp, study_areas/definitions/cbsa_33220_march_2020.shp, 9295648458558.941, 1367212768.070869, 0.00014708094590345784
census_geographies/1990_block_groups.shp, study_areas/definitions/cbsa_33260_march_2020.shp, 9295648458558.941, 4707604344.885608, 0.0005064309785242679
census_geographies/1990_block_groups.shp, study_areas/definitions/cbsa_33340_march_2020.shp, 9295648458558.941, 3867651883.298193, 0.00041607122951568414
census_geographies/1990_block_groups.shp, study_areas/definitions/cbsa_33460_march_2020.shp, 9295648458558.941, 19475750319.155148, 0.0020951470363773177
census_geographies/1990_block_groups.shp, study_areas/definitions/cbsa_33540_march_2020.shp, 9295648458558.941, 6781354892.910134, 0.0007295192931555218
census_geographies/1990_block_groups.shp, study_areas/definitions/cbsa_33660_march_2020.shp, 9295648458558.941, 6070561938.653288, 0.0006530541646143939
census_geographies/1990_block_groups.shp, study_areas/definitions/cbsa_33700_march_2020.shp, 9295648458558.941, 3922646574.0611715, 0.00042198740534872596
census_geographies/1990_block_groups.shp, study_areas/definitions/cbsa_33740_march_2020.shp, 9295648458558.941, 6068869806.486723, 0.0006528721297435499
census_geographies/1990_block_groups.shp, study_areas/definitions/cbsa_33780_march_2020.shp, 9295648458558.941, 1444060291.2845924, 0.00015534798865537758
census_geographies/1990_block_groups.shp, study_areas/definitions/cbsa_33860_march_2020.shp, 9295648458558.941, 7216977684.732074, 0.0007763823811653572
census_geographies/1990_block_groups.shp, study_areas/definitions/cbsa_34060_march_2020.shp, 9295648458558.941, 2634738100.0281897, 0.0002834377947675358
census_geographies/1990_block_groups.shp, study_areas/definitions/cbsa_34100_march_2020.shp, 9295648458558.941, 2052684387.1897762, 0.00022082207565624678
census_geographies/1990_block_groups.shp, study_areas/definitions/cbsa_34580_march_2020.shp, 9295648458558.941, 4545166217.656387, 0.0004889563367116619
census_geographies/1990_block_groups.shp, study_areas/definitions/cbsa_34620_march_2020.shp, 9295648458558.941, 1025438492.5456978, 0.0001103138201834137
census_geographies/1990_block_groups.shp, study_areas/definitions/cbsa_34740_march_2020.shp, 9295648458558.941, 1365427732.807853, 0.00014688891677596083
census_geographies/1990_block_groups.shp, study_areas/definitions/cbsa_34820_march_2020.shp, 9295648458558.941, 5201509948.677092, 0.0005595639692987547
census_geographies/1990_block_groups.shp, study_areas/definitions/cbsa_34900_march_2020.shp, 9295648458558.941, 2036357667.8431702, 0.00021906569261106253
census_geographies/1990_block_groups.shp, study_areas/definitions/cbsa_34940_march_2020.shp, 9295648458558.941, 5289833174.813631, 0.0005690655362448687
census_geographies/1990_block_groups.shp, study_areas/definitions/cbsa_34980_march_2020.shp, 9295648458558.941, 14932686427.261585, 0.0016064168620223969
census_geographies/1990_block_groups.shp, study_areas/definitions/cbsa_35100_march_2020.shp, 9295648458558.941, 3952946203.669084, 0.00042524695520616644
census_geographies/1990_block_groups.shp, study_areas/definitions/cbsa_35300_march_2020.shp, 9295648458558.941, 1603795955.3299158, 0.00017253190699710952
census_geographies/1990_block_groups.shp, study_areas/definitions/cbsa_35380_march_2020.shp, 9295648458558.941, 10265586236.03004, 0.0011043432076627243
census_geographies/1990_block_groups.shp, study_areas/definitions/cbsa_35620_march_2020.shp, 9295648458558.941, 17862575343.80552, 0.001921606160499605
census_geographies/1990_block_groups.shp, study_areas/definitions/cbsa_35660_march_2020.shp, 9295648458558.941, 1502799689.7426538, 0.00016166700972420654
census_geographies/1990_block_groups.shp, study_areas/definitions/cbsa_35840_march_2020.shp, 9295648458558.941, 3451090228.0831623, 0.00037125868555254807
census_geographies/1990_block_groups.shp, study_areas/definitions/cbsa_35980_march_2020.shp, 9295648458558.941, 1781000377.22351, 0.00019159506570880046
census_geographies/1990_block_groups.shp, study_areas/definitions/cbsa_36100_march_2020.shp, 9295648458558.941, 4307235593.767762, 0.0004633604221340672
census_geographies/1990_block_groups.shp, study_areas/definitions/cbsa_36140_march_2020.shp, 9295648458558.941, 674355279.6020635, 7.254526487403392e-05
census_geographies/1990_block_groups.shp, study_areas/definitions/cbsa_36220_march_2020.shp, 9295648458558.941, 2335408212.943908, 0.0002512367182725792
census_geographies/1990_block_groups.shp, study_areas/definitions/cbsa_36260_march_2020.shp, 9295648458558.941, 22359698871.064148, 0.002405394198236544
census_geographies/1990_block_groups.shp, study_areas/definitions/cbsa_36420_march_2020.shp, 9295648458558.941, 14456870305.221745, 0.0015552298873684949
census_geographies/1990_block_groups.shp, study_areas/definitions/cbsa_36500_march_2020.shp, 9295648458558.941, 1905236728.2614558, 0.00020496006671887583
census_geographies/1990_block_groups.shp, study_areas/definitions/cbsa_36540_march_2020.shp, 9295648458558.941, 11411932415.609972, 0.00122766394044328
census_geographies/1990_block_groups.shp, study_areas/definitions/cbsa_36740_march_2020.shp, 9295648458558.941, 10390769257.638857, 0.0011178100488591074
census_geographies/1990_block_groups.shp, study_areas/definitions/cbsa_36780_march_2020.shp, 9295648458558.941, 1498806796.4328504, 0.00016123746537045818
census_geographies/1990_block_groups.shp, study_areas/definitions/cbsa_36980_march_2020.shp, 9295648458558.941, 2412240049.901694, 0.0002595020735407255
census_geographies/1990_block_groups.shp, study_areas/definitions/cbsa_37100_march_2020.shp, 9295648458558.941, 4810498926.693746, 0.0005175000913749587
census_geographies/1990_block_groups.shp, study_areas/definitions/cbsa_37340_march_2020.shp, 9295648458558.941, 2813716412.2095294, 0.00030269178366129027
census_geographies/1990_block_groups.shp, study_areas/definitions/cbsa_37460_march_2020.shp, 9295648458558.941, 2000814224.9148993, 0.0002152420279052889
census_geographies/1990_block_groups.shp, study_areas/definitions/cbsa_37620_march_2020.shp, 9295648458558.941, 1584476244.11703, 0.00017045354621367248
census_geographies/1990_block_groups.shp, study_areas/definitions/cbsa_37860_march_2020.shp, 9295648458558.941, 4382381981.963718, 0.0004714444615134572
census_geographies/1990_block_groups.shp, study_areas/definitions/cbsa_37900_march_2020.shp, 9295648458558.941, 8808114054.756319, 0.0009475524051951721
census_geographies/1990_block_groups.shp, study_areas/definitions/cbsa_37980_march_2020.shp, 9295648458558.941, 12156939471.022955, 0.001307809726800661
census_geographies/1990_block_groups.shp, study_areas/definitions/cbsa_38060_march_2020.shp, 9295648458558.941, 37810092254.55563, 0.004067504534311654
census_geographies/1990_block_groups.shp, study_areas/definitions/cbsa_38220_march_2020.shp, 9295648458558.941, 5399317795.110297, 0.0005808435871021877
census_geographies/1990_block_groups.shp, study_areas/definitions/cbsa_38300_march_2020.shp, 9295648458558.941, 13839120402.73061, 0.0014887740714837683
census_geographies/1990_block_groups.shp, study_areas/definitions/cbsa_38340_march_2020.shp, 9295648458558.941, 2450811231.4327435, 0.0002636514539419965
census_geographies/1990_block_groups.shp, study_areas/definitions/cbsa_38540_march_2020.shp, 9295648458558.941, 6708078558.982922, 0.0007216364290117359
census_geographies/1990_block_groups.shp, study_areas/definitions/cbsa_38860_march_2020.shp, 9295648458558.941, 5685740148.2512865, 0.0006116561070052255
census_geographies/1990_block_groups.shp, study_areas/definitions/cbsa_38900_march_2020.shp, 9295648458558.941, 17641069675.432472, 0.0018977771969409523
census_geographies/1990_block_groups.shp, study_areas/definitions/cbsa_38940_march_2020.shp, 9295648458558.941, 3196340464.0411806, 0.00034385341466932945
census_geographies/1990_block_groups.shp, study_areas/definitions/cbsa_39100_march_2020.shp, 9295648458558.941, 4309465410.173989, 0.0004636002995795373
census_geographies/1990_block_groups.shp, study_areas/definitions/cbsa_39150_march_2020.shp, 9295648458558.941, 21051038140.150063, 0.002264612117594376
census_geographies/1990_block_groups.shp, study_areas/definitions/cbsa_39300_march_2020.shp, 9295648458558.941, 4315996633.842948, 0.0004643029104515034
census_geographies/1990_block_groups.shp, study_areas/definitions/cbsa_39340_march_2020.shp, 9295648458558.941, 14368985234.135307, 0.0015457754559236915
census_geographies/1990_block_groups.shp, study_areas/definitions/cbsa_39380_march_2020.shp, 9295648458558.941, 6210015206.695327, 0.000668056159221197
census_geographies/1990_block_groups.shp, study_areas/definitions/cbsa_39460_march_2020.shp, 9295648458558.941, 1842298991.281209, 0.00019818940007191403
census_geographies/1990_block_groups.shp, study_areas/definitions/cbsa_39540_march_2020.shp, 9295648458558.941, 881010433.7857039, 9.477665143140349e-05
census_geographies/1990_block_groups.shp, study_areas/definitions/cbsa_39580_march_2020.shp, 9295648458558.941, 5561983460.413163, 0.0005983427068277289
census_geographies/1990_block_groups.shp, study_areas/definitions/cbsa_39660_march_2020.shp, 9295648458558.941, 16230592474.11977, 0.0017460419836741459
census_geographies/1990_block_groups.shp, study_areas/definitions/cbsa_39740_march_2020.shp, 9295648458558.941, 2242019562.0381336, 0.00024119022702217194
census_geographies/1990_block_groups.shp, study_areas/definitions/cbsa_39820_march_2020.shp, 9295648458558.941, 9964678222.561512, 0.0010719723607218131
census_geographies/1990_block_groups.shp, study_areas/definitions/cbsa_39900_march_2020.shp, 9295648458558.941, 17649023376.359, 0.0018986328339588524
census_geographies/1990_block_groups.shp, study_areas/definitions/cbsa_40060_march_2020.shp, 9295648458558.941, 11580458285.318468, 0.001245793484655263
census_geographies/1990_block_groups.shp, study_areas/definitions/cbsa_40140_march_2020.shp, 9295648458558.941, 70988531804.99605, 0.007636748756310117
census_geographies/1990_block_groups.shp, study_areas/definitions/cbsa_40220_march_2020.shp, 9295648458558.941, 4910229522.587405, 0.0005282288314234092
census_geographies/1990_block_groups.shp, study_areas/definitions/cbsa_40340_march_2020.shp, 9295648458558.941, 6490713915.256302, 0.0006982529453639134
census_geographies/1990_block_groups.shp, study_areas/definitions/cbsa_40380_march_2020.shp, 9295648458558.941, 8654294700.042587, 0.0009310049469517289
census_geographies/1990_block_groups.shp, study_areas/definitions/cbsa_40420_march_2020.shp, 9295648458558.941, 2075125697.4293942, 0.00022323624937846357
census_geographies/1990_block_groups.shp, study_areas/definitions/cbsa_40580_march_2020.shp, 9295648458558.941, 2717621632.256292, 0.0002923541745766052
census_geographies/1990_block_groups.shp, study_areas/definitions/cbsa_40660_march_2020.shp, 9295648458558.941, 1342825227.3362277, 0.00014445740211914158
census_geographies/1990_block_groups.shp, study_areas/definitions/cbsa_40900_march_2020.shp, 9295648458558.941, 13709084552.012152, 0.0014747851764326944
census_geographies/1990_block_groups.shp, study_areas/definitions/cbsa_40980_march_2020.shp, 9295648458558.941, 2112841486.1436877, 0.00022729360900027314
census_geographies/1990_block_groups.shp, study_areas/definitions/cbsa_41060_march_2020.shp, 9295648458558.941, 4669482584.955686, 0.0005023299456485225
census_geographies/1990_block_groups.shp, study_areas/definitions/cbsa_41100_march_2020.shp, 9295648458558.941, 6293430607.011962, 0.000677029755919535
census_geographies/1990_block_groups.shp, study_areas/definitions/cbsa_41140_march_2020.shp, 9295648458558.941, 4335385191.57199, 0.0004663886775516125
census_geographies/1990_block_groups.shp, study_areas/definitions/cbsa_41180_march_2020.shp, 9295648458558.941, 20931165404.686806, 0.002251716542207929
census_geographies/1990_block_groups.shp, study_areas/definitions/cbsa_41420_march_2020.shp, 9295648458558.941, 5020810130.783795, 0.0005401247856098623
census_geographies/1990_block_groups.shp, study_areas/definitions/cbsa_41500_march_2020.shp, 9295648458558.941, 8584814980.241616, 0.0009235305119931868
census_geographies/1990_block_groups.shp, study_areas/definitions/cbsa_41540_march_2020.shp, 9295648458558.941, 5550989154.007134, 0.0005971599699315304
census_geographies/1990_block_groups.shp, study_areas/definitions/cbsa_41620_march_2020.shp, 9295648458558.941, 20963005046.45989, 0.0022551417622896724
census_geographies/1990_block_groups.shp, study_areas/definitions/cbsa_41660_march_2020.shp, 9295648458558.941, 9105554290.715431, 0.00097955019827923
census_geographies/1990_block_groups.shp, study_areas/definitions/cbsa_41700_march_2020.shp, 9295648458558.941, 19126718714.99424, 0.0020575991874330585
census_geographies/1990_block_groups.shp, study_areas/definitions/cbsa_41740_march_2020.shp, 9295648458558.941, 10975735148.307816, 0.0011807390519595153
census_geographies/1990_block_groups.shp, study_areas/definitions/cbsa_41860_march_2020.shp, 9295648458558.941, 6503401170.981696, 0.0006996178050379808
census_geographies/1990_block_groups.shp, study_areas/definitions/cbsa_41940_march_2020.shp, 9295648458558.941, 6964822357.975054, 0.0007492562126273411
census_geographies/1990_block_groups.shp, study_areas/definitions/cbsa_42020_march_2020.shp, 9295648458558.941, 8606136691.737726, 0.0009258242423973822
census_geographies/1990_block_groups.shp, study_areas/definitions/cbsa_42100_march_2020.shp, 9295648458558.941, 1157808287.0484908, 0.0001245537944136046
census_geographies/1990_block_groups.shp, study_areas/definitions/cbsa_42140_march_2020.shp, 9295648458558.941, 4948965433.978455, 0.0005323959330047286
census_geographies/1990_block_groups.shp, study_areas/definitions/cbsa_42200_march_2020.shp, 9295648458558.941, 7123449369.445237, 0.0007663208652093918
census_geographies/1990_block_groups.shp, study_areas/definitions/cbsa_42220_march_2020.shp, 9295648458558.941, 4115215154.644815, 0.0004427033975080827
census_geographies/1990_block_groups.shp, study_areas/definitions/cbsa_42340_march_2020.shp, 9295648458558.941, 3610942343.814642, 0.00038845513144269967
census_geographies/1990_block_groups.shp, study_areas/definitions/cbsa_42540_march_2020.shp, 9295648458558.941, 4600903398.510448, 0.0004949523875630409
census_geographies/1990_block_groups.shp, study_areas/definitions/cbsa_42660_march_2020.shp, 9295648458558.941, 15416051666.527424, 0.0016584159497052772
census_geographies/1990_block_groups.shp, study_areas/definitions/cbsa_42680_march_2020.shp, 9295648458558.941, 1333800699.4498796, 0.00014348656851602285
census_geographies/1990_block_groups.shp, study_areas/definitions/cbsa_42700_march_2020.shp, 9295648458558.941, 2865314436.184716, 0.0003082425555310761
census_geographies/1990_block_groups.shp, study_areas/definitions/cbsa_43100_march_2020.shp, 9295648458558.941, 1340638046.3928843, 0.00014422211127815355
census_geographies/1990_block_groups.shp, study_areas/definitions/cbsa_43300_march_2020.shp, 9295648458558.941, 2536123833.2113204, 0.0002728291462954574
census_geographies/1990_block_groups.shp, study_areas/definitions/cbsa_43340_march_2020.shp, 9295648458558.941, 6988722796.610063, 0.0007518273553229325
census_geographies/1990_block_groups.shp, study_areas/definitions/cbsa_43420_march_2020.shp, 9295648458558.941, 16106743779.029018, 0.0017327186856123825
census_geographies/1990_block_groups.shp, study_areas/definitions/cbsa_43580_march_2020.shp, 9295648458558.941, 5424882680.482813, 0.0005835937863471879
census_geographies/1990_block_groups.shp, study_areas/definitions/cbsa_43620_march_2020.shp, 9295648458558.941, 6699917568.926209, 0.0007207584924059042
census_geographies/1990_block_groups.shp, study_areas/definitions/cbsa_43780_march_2020.shp, 9295648458558.941, 2510777233.1137085, 0.00027010242957304585
census_geographies/1990_block_groups.shp, study_areas/definitions/cbsa_43900_march_2020.shp, 9295648458558.941, 2121592441.297886, 0.0002282350124099665
census_geographies/1990_block_groups.shp, study_areas/definitions/cbsa_44060_march_2020.shp, 9295648458558.941, 11192016874.164421, 0.0012040060383156383
census_geographies/1990_block_groups.shp, study_areas/definitions/cbsa_44100_march_2020.shp, 9295648458558.941, 3088381748.4516015, 0.0003322395163952207
census_geographies/1990_block_groups.shp, study_areas/definitions/cbsa_44140_march_2020.shp, 9295648458558.941, 4932060313.143876, 0.0005305773271366233
census_geographies/1990_block_groups.shp, study_areas/definitions/cbsa_44180_march_2020.shp, 9295648458558.941, 7823945913.801378, 0.0008416783346187649
census_geographies/1990_block_groups.shp, study_areas/definitions/cbsa_44220_march_2020.shp, 9295648458558.941, 1045284022.0199746, 0.00011244874703254644
census_geographies/1990_block_groups.shp, study_areas/definitions/cbsa_44300_march_2020.shp, 9295648458558.941, 2879676493.5707364, 0.0003097875857083733
census_geographies/1990_block_groups.shp, study_areas/definitions/cbsa_44420_march_2020.shp, 9295648458558.941, 2605585386.753792, 0.00028030162697844995
census_geographies/1990_block_groups.shp, study_areas/definitions/cbsa_44700_march_2020.shp, 9295648458558.941, 3689368863.2722774, 0.0003968920382176567
census_geographies/1990_block_groups.shp, study_areas/definitions/cbsa_44940_march_2020.shp, 9295648458558.941, 3568260482.8006787, 0.0003838635355788668
census_geographies/1990_block_groups.shp, study_areas/definitions/cbsa_45060_march_2020.shp, 9295648458558.941, 6428611379.032993, 0.0006915721272907936
census_geographies/1990_block_groups.shp, study_areas/definitions/cbsa_45220_march_2020.shp, 9295648458558.941, 6368177896.392235, 0.0006850708613586558
census_geographies/1990_block_groups.shp, study_areas/definitions/cbsa_45300_march_2020.shp, 9295648458558.941, 6779867535.761291, 0.0007293592874113852
census_geographies/1990_block_groups.shp, study_areas/definitions/cbsa_45460_march_2020.shp, 9295648458558.941, 5011448866.238175, 0.0005391177268137651
census_geographies/1990_block_groups.shp, study_areas/definitions/cbsa_45500_march_2020.shp, 9295648458558.941, 5504460156.920518, 0.0005921545098720146
census_geographies/1990_block_groups.shp, study_areas/definitions/cbsa_45540_march_2020.shp, 9295648458558.941, 1503042348.3042176, 0.00016169311425716574
census_geographies/1990_block_groups.shp, study_areas/definitions/cbsa_45780_march_2020.shp, 9295648458558.941, 4252685431.4011993, 0.0004574920674292014
census_geographies/1990_block_groups.shp, study_areas/definitions/cbsa_45820_march_2020.shp, 9295648458558.941, 8521424961.400197, 0.0009167111901218811
census_geographies/1990_block_groups.shp, study_areas/definitions/cbsa_45940_march_2020.shp, 9295648458558.941, 589880122.3686061, 6.34576624749052e-05
census_geographies/1990_block_groups.shp, study_areas/definitions/cbsa_46060_march_2020.shp, 9295648458558.941, 23799178786.109516, 0.002560249442759046
census_geographies/1990_block_groups.shp, study_areas/definitions/cbsa_46140_march_2020.shp, 9295648458558.941, 16731921934.606318, 0.0017999736122981769
census_geographies/1990_block_groups.shp, study_areas/definitions/cbsa_46220_march_2020.shp, 9295648458558.941, 9216307055.762634, 0.0009914646726207408
census_geographies/1990_block_groups.shp, study_areas/definitions/cbsa_46300_march_2020.shp, 9295648458558.941, 6553500282.105905, 0.0007050073280333432
census_geographies/1990_block_groups.shp, study_areas/definitions/cbsa_46340_march_2020.shp, 9295648458558.941, 2460155518.1329656, 0.0002646566863087195
census_geographies/1990_block_groups.shp, study_areas/definitions/cbsa_46520_march_2020.shp, 9295648458558.941, 1560423838.3237636, 0.00016786605531397952
census_geographies/1990_block_groups.shp, study_areas/definitions/cbsa_46540_march_2020.shp, 9295648458558.941, 7032970989.166031, 0.0007565874527764056
census_geographies/1990_block_groups.shp, study_areas/definitions/cbsa_46660_march_2020.shp, 9295648458558.941, 4219232792.863493, 0.0004538933256429944
census_geographies/1990_block_groups.shp, study_areas/definitions/cbsa_46700_march_2020.shp, 9295648458558.941, 2178212790.9614487, 0.00023432607210483155
census_geographies/1990_block_groups.shp, study_areas/definitions/cbsa_47020_march_2020.shp, 9295648458558.941, 4525658444.032895, 0.00048685774469729525
census_geographies/1990_block_groups.shp, study_areas/definitions/cbsa_47220_march_2020.shp, 9295648458558.941, 1304428780.636674, 0.00014032681920491785
census_geographies/1990_block_groups.shp, study_areas/definitions/cbsa_47260_march_2020.shp, 9295648458558.941, 9330283673.665125, 0.0010037259600834294
census_geographies/1990_block_groups.shp, study_areas/definitions/cbsa_47300_march_2020.shp, 9295648458558.941, 12532932207.572424, 0.0013482579793594456
census_geographies/1990_block_groups.shp, study_areas/definitions/cbsa_47380_march_2020.shp, 9295648458558.941, 4750203399.429913, 0.0005110136662984686
census_geographies/1990_block_groups.shp, study_areas/definitions/cbsa_47460_march_2020.shp, 9295648458558.941, 3364955418.174477, 0.0003619925423358931
census_geographies/1990_block_groups.shp, study_areas/definitions/cbsa_47580_march_2020.shp, 9295648458558.941, 1376038762.748614, 0.00014803042185632895
census_geographies/1990_block_groups.shp, study_areas/definitions/cbsa_47900_march_2020.shp, 9295648458558.941, 17234214245.84965, 0.001854008821727902
census_geographies/1990_block_groups.shp, study_areas/definitions/cbsa_47940_march_2020.shp, 9295648458558.941, 3921356114.311745, 0.00042184858127903576
census_geographies/1990_block_groups.shp, study_areas/definitions/cbsa_48060_march_2020.shp, 9295648458558.941, 3336992691.332556, 0.0003589843899765841
census_geographies/1990_block_groups.shp, study_areas/definitions/cbsa_48140_march_2020.shp, 9295648458558.941, 6430971428.997457, 0.0006918260149001395
census_geographies/1990_block_groups.shp, study_areas/definitions/cbsa_48260_march_2020.shp, 9295648458558.941, 1531938941.6793292, 0.00016480172938003059
census_geographies/1990_block_groups.shp, study_areas/definitions/cbsa_48300_march_2020.shp, 9295648458558.941, 12541373276.341652, 0.0013491660460539705
census_geographies/1990_block_groups.shp, study_areas/definitions/cbsa_48540_march_2020.shp, 9295648458558.941, 2492674235.721315, 0.00026815495947743077
census_geographies/1990_block_groups.shp, study_areas/definitions/cbsa_48620_march_2020.shp, 9295648458558.941, 10829092748.772207, 0.0011649636705873222
census_geographies/1990_block_groups.shp, study_areas/definitions/cbsa_48660_march_2020.shp, 9295648458558.941, 6928219935.54521, 0.0007453186258529464
census_geographies/1990_block_groups.shp, study_areas/definitions/cbsa_48700_march_2020.shp, 9295648458558.941, 3221307171.2806907, 0.000346539263574956
census_geographies/1990_block_groups.shp, study_areas/definitions/cbsa_48900_march_2020.shp, 9295648458558.941, 2795814335.387484, 0.0003007659280416576
census_geographies/1990_block_groups.shp, study_areas/definitions/cbsa_49020_march_2020.shp, 9295648458558.941, 2770168591.275423, 0.00029800703023841207
census_geographies/1990_block_groups.shp, study_areas/definitions/cbsa_49180_march_2020.shp, 9295648458558.941, 5283523385.440968, 0.0005683867466584517
census_geographies/1990_block_groups.shp, study_areas/definitions/cbsa_49340_march_2020.shp, 9295648458558.941, 5440210417.818691, 0.0005852427016868988
census_geographies/1990_block_groups.shp, study_areas/definitions/cbsa_49420_march_2020.shp, 9295648458558.941, 11166847770.6269, 0.0012012984161793529
census_geographies/1990_block_groups.shp, study_areas/definitions/cbsa_49620_march_2020.shp, 9295648458558.941, 2357546736.8466487, 0.0002536183190830484
census_geographies/1990_block_groups.shp, study_areas/definitions/cbsa_49660_march_2020.shp, 9295648458558.941, 4507896240.357313, 0.0004849469362416218
census_geographies/1990_block_groups.shp, study_areas/definitions/cbsa_49700_march_2020.shp, 9295648458558.941, 3243479170.4258018, 0.0003489244655588689
census_geographies/1990_block_groups.shp, study_areas/definitions/cbsa_49740_march_2020.shp, 9295648458558.941, 14294372764.214819, 0.0015377488539869766
