filename, target_name, source_area, overlap_area, overlap_percentage
census_geographies/2020_tracts.shp, study_areas/definitions/max_county_01003_march_2020.shp, 1168.828675420629, 0.49417171739199756, 0.00042279226013526653
census_geographies/2020_tracts.shp, study_areas/definitions/max_county_01015_march_2020.shp, 1168.828675420629, 0.1543414410580004, 0.00013204795904109488
census_geographies/2020_tracts.shp, study_areas/definitions/max_county_01055_march_2020.shp, 1168.828675420629, 0.13873429572099993, 0.00011869515065676612
census_geographies/2020_tracts.shp, study_areas/definitions/max_county_01069_march_2020.shp, 1168.828675420629, 0.1425055772245003, 0.0001219216983816867
census_geographies/2020_tracts.shp, study_areas/definitions/max_county_01073_march_2020.shp, 1168.828675420629, 0.28267400239950036, 0.00024184382907766516
census_geographies/2020_tracts.shp, study_areas/definitions/max_county_01077_march_2020.shp, 1168.828675420629, 0.18381085458949914, 0.0001572607332921146
census_geographies/2020_tracts.shp, study_areas/definitions/max_county_01081_march_2020.shp, 1168.828675420629, 0.15322100427350002, 0.0001310893610805365
census_geographies/2020_tracts.shp, study_areas/definitions/max_county_01089_march_2020.shp, 1168.828675420629, 0.20725413289349923, 0.0001773178030723059
census_geographies/2020_tracts.shp, study_areas/definitions/max_county_01097_march_2020.shp, 1168.828675420629, 0.4008546777334999, 0.0003429541781127533
census_geographies/2020_tracts.shp, study_areas/definitions/max_county_01101_march_2020.shp, 1168.828675420629, 0.19819313890350035, 0.00016956560278791598
census_geographies/2020_tracts.shp, study_areas/definitions/max_county_01103_march_2020.shp, 1168.828675420629, 0.15220804821800002, 0.00013022271905095464
census_geographies/2020_tracts.shp, study_areas/definitions/max_county_01125_march_2020.shp, 1168.828675420629, 0.33876103336149976, 0.00028982950237731723
census_geographies/2020_tracts.shp, study_areas/definitions/max_county_02020_march_2020.shp, 1168.828675420629, 0.840156436549497, 0.0007188020402110241
census_geographies/2020_tracts.shp, study_areas/definitions/max_county_02090_march_2020.shp, 1168.828675420629, 3.635142483261505, 0.0031100729813574417
census_geographies/2020_tracts.shp, study_areas/definitions/max_county_04003_march_2020.shp, 1168.828675420629, 1.5346778593574992, 0.001313004969530895
census_geographies/2020_tracts.shp, study_areas/definitions/max_county_04005_march_2020.shp, 1168.828675420629, 4.821766967469017, 0.0041252983169101295
census_geographies/2020_tracts.shp, study_areas/definitions/max_county_04013_march_2020.shp, 1168.828675420629, 2.314604036931514, 0.0019802765671355148
census_geographies/2020_tracts.shp, study_areas/definitions/max_county_04015_march_2020.shp, 1168.828675420629, 3.4723526315315, 0.0029707969222109447
census_geographies/2020_tracts.shp, study_areas/definitions/max_county_04019_march_2020.shp, 1168.828675420629, 2.274165108149497, 0.0019456787431494937
census_geographies/2020_tracts.shp, study_areas/definitions/max_county_04025_march_2020.shp, 1168.828675420629, 2.068615456896499, 0.0017698192219249428
census_geographies/2020_tracts.shp, study_areas/definitions/max_county_04027_march_2020.shp, 1168.828675420629, 1.375660361716503, 0.001176956375767767
census_geographies/2020_tracts.shp, study_areas/definitions/max_county_05007_march_2020.shp, 1168.828675420629, 0.22991221915700005, 0.0001967030960070012
census_geographies/2020_tracts.shp, study_areas/definitions/max_county_05031_march_2020.shp, 1168.828675420629, 0.18411654632949997, 0.00015752227011648354
census_geographies/2020_tracts.shp, study_areas/definitions/max_county_05051_march_2020.shp, 1168.828675420629, 0.18690495533149976, 0.0001599079140184834
census_geographies/2020_tracts.shp, study_areas/definitions/max_county_05069_march_2020.shp, 1168.828675420629, 0.23224119107050048, 0.0001986956651169799
census_geographies/2020_tracts.shp, study_areas/definitions/max_county_05119_march_2020.shp, 1168.828675420629, 0.20590002924399958, 0.00017615928970077832
census_geographies/2020_tracts.shp, study_areas/definitions/max_county_05131_march_2020.shp, 1168.828675420629, 0.13951953567150052, 0.00011936696849201729
census_geographies/2020_tracts.shp, study_areas/definitions/max_county_06001_march_2020.shp, 1168.828675420629, 0.21715284632800066, 0.0001857867204103744
census_geographies/2020_tracts.shp, study_areas/definitions/max_county_06007_march_2020.shp, 1168.828675420629, 0.45594195845199986, 0.00039008450771274843
census_geographies/2020_tracts.shp, study_areas/definitions/max_county_06019_march_2020.shp, 1168.828675420629, 1.5711865390300004, 0.0013442402398833808
census_geographies/2020_tracts.shp, study_areas/definitions/max_county_06025_march_2020.shp, 1168.828675420629, 1.1201840448070026, 0.0009583817272483322
census_geographies/2020_tracts.shp, study_areas/definitions/max_county_06029_march_2020.shp, 1168.828675420629, 2.096752393228002, 0.0017938919854729259
census_geographies/2020_tracts.shp, study_areas/definitions/max_county_06031_march_2020.shp, 1168.828675420629, 0.3607557545240014, 0.0003086472484037709
census_geographies/2020_tracts.shp, study_areas/definitions/max_county_06037_march_2020.shp, 1168.828675420629, 1.2031893109815028, 0.0010293974953587688
census_geographies/2020_tracts.shp, study_areas/definitions/max_county_06039_march_2020.shp, 1168.828675420629, 0.5661621613774982, 0.00048438421582508846
census_geographies/2020_tracts.shp, study_areas/definitions/max_county_06047_march_2020.shp, 1168.828675420629, 0.5200776792795009, 0.00044495629703158963
census_geographies/2020_tracts.shp, study_areas/definitions/max_county_06053_march_2020.shp, 1168.828675420629, 0.9792525307709996, 0.0008378067302452122
census_geographies/2020_tracts.shp, study_areas/definitions/max_county_06055_march_2020.shp, 1168.828675420629, 0.21092739643650002, 0.0001804604908076824
census_geographies/2020_tracts.shp, study_areas/definitions/max_county_06065_march_2020.shp, 1168.828675420629, 1.8403971057795048, 0.001574565327221457
census_geographies/2020_tracts.shp, study_areas/definitions/max_county_06067_march_2020.shp, 1168.828675420629, 0.26577746833949956, 0.0002273878746548151
census_geographies/2020_tracts.shp, study_areas/definitions/max_county_06073_march_2020.shp, 1168.828675420629, 1.1313333252449984, 0.0009679205764162682
census_geographies/2020_tracts.shp, study_areas/definitions/max_county_06077_march_2020.shp, 1168.828675420629, 0.37870626200000024, 0.0003240049375617127
census_geographies/2020_tracts.shp, study_areas/definitions/max_county_06079_march_2020.shp, 1168.828675420629, 0.9290327417954992, 0.000794840819131312
census_geographies/2020_tracts.shp, study_areas/definitions/max_county_06083_march_2020.shp, 1168.828675420629, 0.9633628968150014, 0.0008242122366379435
census_geographies/2020_tracts.shp, study_areas/definitions/max_county_06085_march_2020.shp, 1168.828675420629, 0.3429443135790008, 0.00029340853864282944
census_geographies/2020_tracts.shp, study_areas/definitions/max_county_06087_march_2020.shp, 1168.828675420629, 0.15923593485999998, 0.0001362354793380607
census_geographies/2020_tracts.shp, study_areas/definitions/max_county_06089_march_2020.shp, 1168.828675420629, 1.062748165029002, 0.0009092420363887363
census_geographies/2020_tracts.shp, study_areas/definitions/max_county_06095_march_2020.shp, 1168.828675420629, 0.2416235361535005, 0.0002067227997007747
census_geographies/2020_tracts.shp, study_areas/definitions/max_county_06097_march_2020.shp, 1168.828675420629, 0.47303324107649997, 0.0004047070807073316
census_geographies/2020_tracts.shp, study_areas/definitions/max_county_06099_march_2020.shp, 1168.828675420629, 0.39984379938199915, 0.0003420893136781629
census_geographies/2020_tracts.shp, study_areas/definitions/max_county_06101_march_2020.shp, 1168.828675420629, 0.1639359222764999, 0.00014025658826132402
census_geographies/2020_tracts.shp, study_areas/definitions/max_county_06107_march_2020.shp, 1168.828675420629, 1.2560177909109989, 0.0010745952912722585
census_geographies/2020_tracts.shp, study_areas/definitions/max_county_06111_march_2020.shp, 1168.828675420629, 0.5600245892330004, 0.0004791331706774417
census_geographies/2020_tracts.shp, study_areas/definitions/max_county_08013_march_2020.shp, 1168.828675420629, 0.2025355077825002, 0.0001732807485319551
census_geographies/2020_tracts.shp, study_areas/definitions/max_county_08031_march_2020.shp, 1168.828675420629, 0.04212047048749991, 3.6036479403058726e-05
census_geographies/2020_tracts.shp, study_areas/definitions/max_county_08041_march_2020.shp, 1168.828675420629, 0.5720852746259993, 0.0004894517790814139
census_geographies/2020_tracts.shp, study_areas/definitions/max_county_08069_march_2020.shp, 1168.828675420629, 0.7265265796530008, 0.0006215851774782511
census_geographies/2020_tracts.shp, study_areas/definitions/max_county_08077_march_2020.shp, 1168.828675420629, 0.9000455715105006, 0.0007700406316491159
census_geographies/2020_tracts.shp, study_areas/definitions/max_county_08101_march_2020.shp, 1168.828675420629, 0.6384925399864995, 0.0005462670050909931
census_geographies/2020_tracts.shp, study_areas/definitions/max_county_08123_march_2020.shp, 1168.828675420629, 1.106115809217999, 0.0009463455444570939
census_geographies/2020_tracts.shp, study_areas/definitions/max_county_09001_march_2020.shp, 1168.828675420629, 0.23281137310450004, 0.00019918348856449614
census_geographies/2020_tracts.shp, study_areas/definitions/max_county_09003_march_2020.shp, 1168.828675420629, 0.21062684147450014, 0.0001802033487916451
census_geographies/2020_tracts.shp, study_areas/definitions/max_county_09009_march_2020.shp, 1168.828675420629, 0.2402188855739991, 0.0002055210405302137
census_geographies/2020_tracts.shp, study_areas/definitions/max_county_09011_march_2020.shp, 1168.828675420629, 0.2154952791699995, 0.00018436857659438302
census_geographies/2020_tracts.shp, study_areas/definitions/max_county_10001_march_2020.shp, 1168.828675420629, 0.2152925177699999, 0.0001841951025820975
census_geographies/2020_tracts.shp, study_areas/definitions/max_county_10005_march_2020.shp, 1168.828675420629, 0.32080969921249997, 0.0002744711059531881
census_geographies/2020_tracts.shp, study_areas/definitions/max_county_12001_march_2020.shp, 1168.828675420629, 0.23385165619200093, 0.00020007351043799829
census_geographies/2020_tracts.shp, study_areas/definitions/max_county_12005_march_2020.shp, 1168.828675420629, 0.3556366492734994, 0.00030426756012425486
census_geographies/2020_tracts.shp, study_areas/definitions/max_county_12009_march_2020.shp, 1168.828675420629, 0.37097945560350026, 0.00031739421132014495
census_geographies/2020_tracts.shp, study_areas/definitions/max_county_12015_march_2020.shp, 1168.828675420629, 0.22287657631300015, 0.00019068369984402808
census_geographies/2020_tracts.shp, study_areas/definitions/max_county_12017_march_2020.shp, 1168.828675420629, 0.23007765770599933, 0.00019684463817864562
census_geographies/2020_tracts.shp, study_areas/definitions/max_county_12021_march_2020.shp, 1168.828675420629, 0.6088235569755, 0.0005208834876988291
census_geographies/2020_tracts.shp, study_areas/definitions/max_county_12031_march_2020.shp, 1168.828675420629, 0.22315039489949967, 0.00019091796735667358
census_geographies/2020_tracts.shp, study_areas/definitions/max_county_12033_march_2020.shp, 1168.828675420629, 0.2740333751074986, 0.0002344512766243364
census_geographies/2020_tracts.shp, study_areas/definitions/max_county_12055_march_2020.shp, 1168.828675420629, 0.2614207035315001, 0.0002236604123674687
census_geographies/2020_tracts.shp, study_areas/definitions/max_county_12057_march_2020.shp, 1168.828675420629, 0.31616383055799974, 0.0002704962987361866
census_geographies/2020_tracts.shp, study_areas/definitions/max_county_12061_march_2020.shp, 1168.828675420629, 0.14617894329549944, 0.00012506447383564892
census_geographies/2020_tracts.shp, study_areas/definitions/max_county_12071_march_2020.shp, 1168.828675420629, 0.3554046846890003, 0.0003040691011119316
census_geographies/2020_tracts.shp, study_areas/definitions/max_county_12073_march_2020.shp, 1168.828675420629, 0.1707179695265, 0.00014605901884214413
census_geographies/2020_tracts.shp, study_areas/definitions/max_county_12083_march_2020.shp, 1168.828675420629, 0.3995395578210004, 0.0003418290175651425
census_geographies/2020_tracts.shp, study_areas/definitions/max_county_12086_march_2020.shp, 1168.828675420629, 0.5561285824290002, 0.0004757999133011217
census_geographies/2020_tracts.shp, study_areas/definitions/max_county_12091_march_2020.shp, 1168.828675420629, 0.30375283948299997, 0.00025987798372048646
census_geographies/2020_tracts.shp, study_areas/definitions/max_county_12095_march_2020.shp, 1168.828675420629, 0.23955057699799998, 0.00020494926419544968
census_geographies/2020_tracts.shp, study_areas/definitions/max_county_12105_march_2020.shp, 1168.828675420629, 0.47746450445350047, 0.00040849828079523654
census_geographies/2020_tracts.shp, study_areas/definitions/max_county_12111_march_2020.shp, 1168.828675420629, 0.16252957438800106, 0.00013905337694552298
census_geographies/2020_tracts.shp, study_areas/definitions/max_county_12115_march_2020.shp, 1168.828675420629, 0.23010587542349994, 0.00019686878005511905
census_geographies/2020_tracts.shp, study_areas/definitions/max_county_12119_march_2020.shp, 1168.828675420629, 0.13866832517050018, 0.00011863870906537889
census_geographies/2020_tracts.shp, study_areas/definitions/max_county_12127_march_2020.shp, 1168.828675420629, 0.3437352558254996, 0.0002940852351195087
census_geographies/2020_tracts.shp, study_areas/definitions/max_county_13021_march_2020.shp, 1168.828675420629, 0.06356288645850018, 5.4381696646538606e-05
census_geographies/2020_tracts.shp, study_areas/definitions/max_county_13051_march_2020.shp, 1168.828675420629, 0.15567579199949924, 0.00013318957283750405
census_geographies/2020_tracts.shp, study_areas/definitions/max_county_13059_march_2020.shp, 1168.828675420629, 0.03057285036950011, 2.6156827781879827e-05
census_geographies/2020_tracts.shp, study_areas/definitions/max_county_13095_march_2020.shp, 1168.828675420629, 0.0822922417134999, 7.040573477022645e-05
census_geographies/2020_tracts.shp, study_areas/definitions/max_county_13115_march_2020.shp, 1168.828675420629, 0.13143949527399976, 0.00011245403029378821
census_geographies/2020_tracts.shp, study_areas/definitions/max_county_13121_march_2020.shp, 1168.828675420629, 0.13471244399000012, 0.00011525422572433112
census_geographies/2020_tracts.shp, study_areas/definitions/max_county_13127_march_2020.shp, 1168.828675420629, 0.1434860451380002, 0.00012276054494159597
census_geographies/2020_tracts.shp, study_areas/definitions/max_county_13139_march_2020.shp, 1168.828675420629, 0.1088971555089998, 9.31677651301725e-05
census_geographies/2020_tracts.shp, study_areas/definitions/max_county_13153_march_2020.shp, 1168.828675420629, 0.09437183807349968, 8.074052259159186e-05
census_geographies/2020_tracts.shp, study_areas/definitions/max_county_13179_march_2020.shp, 1168.828675420629, 0.14862881849549983, 0.0001271604826447404
census_geographies/2020_tracts.shp, study_areas/definitions/max_county_13185_march_2020.shp, 1168.828675420629, 0.12467646821500016, 0.00010666787257776043
census_geographies/2020_tracts.shp, study_areas/definitions/max_county_13215_march_2020.shp, 1168.828675420629, 0.05493180674050014, 4.699731269061457e-05
census_geographies/2020_tracts.shp, study_areas/definitions/max_county_13245_march_2020.shp, 1168.828675420629, 0.08244263096700034, 7.053440140603287e-05
census_geographies/2020_tracts.shp, study_areas/definitions/max_county_13313_march_2020.shp, 1168.828675420629, 0.07426059070799981, 6.353419647346989e-05
census_geographies/2020_tracts.shp, study_areas/definitions/max_county_15003_march_2020.shp, 1168.828675420629, 0.4973221809015007, 0.0004254876624433673
census_geographies/2020_tracts.shp, study_areas/definitions/max_county_15009_march_2020.shp, 1168.828675420629, 0.5391509872825001, 0.0004612746064674317
census_geographies/2020_tracts.shp, study_areas/definitions/max_county_16001_march_2020.shp, 1168.828675420629, 0.3054541219029996, 0.0002613335284515287
census_geographies/2020_tracts.shp, study_areas/definitions/max_county_16005_march_2020.shp, 1168.828675420629, 0.32651319813900004, 0.00027935077655542374
census_geographies/2020_tracts.shp, study_areas/definitions/max_county_16019_march_2020.shp, 1168.828675420629, 0.5467364386669983, 0.000467764395385186
census_geographies/2020_tracts.shp, study_areas/definitions/max_county_16055_march_2020.shp, 1168.828675420629, 0.4060612446290011, 0.00034740869484817434
census_geographies/2020_tracts.shp, study_areas/definitions/max_county_16069_march_2020.shp, 1168.828675420629, 0.2591654499099998, 0.00022173091348630145
census_geographies/2020_tracts.shp, study_areas/definitions/max_county_16083_march_2020.shp, 1168.828675420629, 0.5458389680340001, 0.00046699655776118583
census_geographies/2020_tracts.shp, study_areas/definitions/max_county_17019_march_2020.shp, 1168.828675420629, 0.2732911545030008, 0.00023381626430806968
census_geographies/2020_tracts.shp, study_areas/definitions/max_county_17031_march_2020.shp, 1168.828675420629, 0.459314261376499, 0.0003929697063696735
census_geographies/2020_tracts.shp, study_areas/definitions/max_county_17091_march_2020.shp, 1168.828675420629, 0.1892436237255003, 0.00016190877902392048
census_geographies/2020_tracts.shp, study_areas/definitions/max_county_17113_march_2020.shp, 1168.828675420629, 0.3263580030579994, 0.00027921799825842927
census_geographies/2020_tracts.shp, study_areas/definitions/max_county_17115_march_2020.shp, 1168.828675420629, 0.1596809507605001, 0.00013661621597625107
census_geographies/2020_tracts.shp, study_areas/definitions/max_county_17143_march_2020.shp, 1168.828675420629, 0.1742443103005002, 0.00014907600571811304
census_geographies/2020_tracts.shp, study_areas/definitions/max_county_17167_march_2020.shp, 1168.828675420629, 0.2387326543125003, 0.00020424948440504937
census_geographies/2020_tracts.shp, study_areas/definitions/max_county_17183_march_2020.shp, 1168.828675420629, 0.24683156093749922, 0.00021117856374346
census_geographies/2020_tracts.shp, study_areas/definitions/max_county_17199_march_2020.shp, 1168.828675420629, 0.11761871167749992, 0.00010062955688109911
census_geographies/2020_tracts.shp, study_areas/definitions/max_county_17201_march_2020.shp, 1168.828675420629, 0.14688706630000026, 0.00012567031369857494
census_geographies/2020_tracts.shp, study_areas/definitions/max_county_18003_march_2020.shp, 1168.828675420629, 0.18320492349449977, 0.00015674232447160778
census_geographies/2020_tracts.shp, study_areas/definitions/max_county_18005_march_2020.shp, 1168.828675420629, 0.11061170526649988, 9.46346608297352e-05
census_geographies/2020_tracts.shp, study_areas/definitions/max_county_18035_march_2020.shp, 1168.828675420629, 0.10850230556550017, 9.282994834675253e-05
census_geographies/2020_tracts.shp, study_areas/definitions/max_county_18039_march_2020.shp, 1168.828675420629, 0.13089498054700002, 0.00011198816670021768
census_geographies/2020_tracts.shp, study_areas/definitions/max_county_18067_march_2020.shp, 1168.828675420629, 0.08085332223849974, 6.917465659319393e-05
census_geographies/2020_tracts.shp, study_areas/definitions/max_county_18091_march_2020.shp, 1168.828675420629, 0.17140712177849876, 0.00014664862813775005
census_geographies/2020_tracts.shp, study_areas/definitions/max_county_18097_march_2020.shp, 1168.828675420629, 0.10974037939849972, 9.388919155239514e-05
census_geographies/2020_tracts.shp, study_areas/definitions/max_county_18105_march_2020.shp, 1168.828675420629, 0.11102493477349959, 9.498820238436124e-05
census_geographies/2020_tracts.shp, study_areas/definitions/max_county_18141_march_2020.shp, 1168.828675420629, 0.1290911596059998, 0.00011044489438072989
census_geographies/2020_tracts.shp, study_areas/definitions/max_county_18157_march_2020.shp, 1168.828675420629, 0.13824237888399998, 0.0001182742875761928
census_geographies/2020_tracts.shp, study_areas/definitions/max_county_18163_march_2020.shp, 1168.828675420629, 0.0629460950655001, 5.385399621792094e-05
census_geographies/2020_tracts.shp, study_areas/definitions/max_county_18167_march_2020.shp, 1168.828675420629, 0.111210564882, 9.514701959376417e-05
census_geographies/2020_tracts.shp, study_areas/definitions/max_county_19013_march_2020.shp, 1168.828675420629, 0.16236446480200054, 0.00013891211622060013
census_geographies/2020_tracts.shp, study_areas/definitions/max_county_19061_march_2020.shp, 1168.828675420629, 0.1747739372925003, 0.00014952913200012312
census_geographies/2020_tracts.shp, study_areas/definitions/max_county_19103_march_2020.shp, 1168.828675420629, 0.17447331037149993, 0.00014927192841903184
census_geographies/2020_tracts.shp, study_areas/definitions/max_county_19113_march_2020.shp, 1168.828675420629, 0.20420382666400005, 0.00017470809106434078
census_geographies/2020_tracts.shp, study_areas/definitions/max_county_19153_march_2020.shp, 1168.828675420629, 0.1656798194275002, 0.0001417485923399994
census_geographies/2020_tracts.shp, study_areas/definitions/max_county_19163_march_2020.shp, 1168.828675420629, 0.13104153487199938, 0.00011211355233464063
census_geographies/2020_tracts.shp, study_areas/definitions/max_county_19169_march_2020.shp, 1168.828675420629, 0.16154095160300014, 0.00013820755342511257
census_geographies/2020_tracts.shp, study_areas/definitions/max_county_19193_march_2020.shp, 1168.828675420629, 0.24856750159449953, 0.0002126637605849694
census_geographies/2020_tracts.shp, study_areas/definitions/max_county_20045_march_2020.shp, 1168.828675420629, 0.1276234947245004, 0.00010918922285900648
census_geographies/2020_tracts.shp, study_areas/definitions/max_county_20161_march_2020.shp, 1168.828675420629, 0.16822699258750032, 0.00014392784513689321
census_geographies/2020_tracts.shp, study_areas/definitions/max_county_20173_march_2020.shp, 1168.828675420629, 0.2669638623250001, 0.0002284029027854978
census_geographies/2020_tracts.shp, study_areas/definitions/max_county_20177_march_2020.shp, 1168.828675420629, 0.1497542706550005, 0.00012812337154639714
census_geographies/2020_tracts.shp, study_areas/definitions/max_county_21059_march_2020.shp, 1168.828675420629, 0.1261292631919999, 0.00010791082204293925
census_geographies/2020_tracts.shp, study_areas/definitions/max_county_21067_march_2020.shp, 1168.828675420629, 0.07590028215800021, 6.493704659554644e-05
census_geographies/2020_tracts.shp, study_areas/definitions/max_county_21093_march_2020.shp, 1168.828675420629, 0.166729175321, 0.00014264637651963732
census_geographies/2020_tracts.shp, study_areas/definitions/max_county_21111_march_2020.shp, 1168.828675420629, 0.1058952543870001, 9.059946646919092e-05
census_geographies/2020_tracts.shp, study_areas/definitions/max_county_21227_march_2020.shp, 1168.828675420629, 0.14355388772550076, 0.0001228185881680561
census_geographies/2020_tracts.shp, study_areas/definitions/max_county_22017_march_2020.shp, 1168.828675420629, 0.2330803104570014, 0.0001994135799013677
census_geographies/2020_tracts.shp, study_areas/definitions/max_county_22019_march_2020.shp, 1168.828675420629, 0.26555732131099996, 0.00022719952623974875
census_geographies/2020_tracts.shp, study_areas/definitions/max_county_22033_march_2020.shp, 1168.828675420629, 0.11450859531299973, 9.796867387069475e-05
census_geographies/2020_tracts.shp, study_areas/definitions/max_county_22051_march_2020.shp, 1168.828675420629, 0.15498273736849905, 0.00013259662483274125
census_geographies/2020_tracts.shp, study_areas/definitions/max_county_22055_march_2020.shp, 1168.828675420629, 0.06533808716200007, 5.590048271059632e-05
census_geographies/2020_tracts.shp, study_areas/definitions/max_county_22073_march_2020.shp, 1168.828675420629, 0.1569569177594999, 0.00013428564943704472
census_geographies/2020_tracts.shp, study_areas/definitions/max_county_22079_march_2020.shp, 1168.828675420629, 0.33371748889649916, 0.00028551446068552646
census_geographies/2020_tracts.shp, study_areas/definitions/max_county_22105_march_2020.shp, 1168.828675420629, 0.2056491864704999, 0.00017594467931452182
census_geographies/2020_tracts.shp, study_areas/definitions/max_county_22109_march_2020.shp, 1168.828675420629, 0.5009775290984992, 0.00042861502257224423
census_geographies/2020_tracts.shp, study_areas/definitions/max_county_23001_march_2020.shp, 1168.828675420629, 0.14487445364599957, 0.00012394840808800596
census_geographies/2020_tracts.shp, study_areas/definitions/max_county_23005_march_2020.shp, 1168.828675420629, 0.3526874434584999, 0.0003017443453221042
census_geographies/2020_tracts.shp, study_areas/definitions/max_county_23019_march_2020.shp, 1168.828675420629, 1.0587520765589986, 0.0009058231534043971
census_geographies/2020_tracts.shp, study_areas/definitions/max_county_24001_march_2020.shp, 1168.828675420629, 0.1162530744900001, 9.94611759060102e-05
census_geographies/2020_tracts.shp, study_areas/definitions/max_county_24005_march_2020.shp, 1168.828675420629, 0.18474833985500053, 0.00015806280573028782
census_geographies/2020_tracts.shp, study_areas/definitions/max_county_24037_march_2020.shp, 1168.828675420629, 0.20362567525649938, 0.0001742134493605063
census_geographies/2020_tracts.shp, study_areas/definitions/max_county_24043_march_2020.shp, 1168.828675420629, 0.12693628154299993, 0.00010860127254947702
census_geographies/2020_tracts.shp, study_areas/definitions/max_county_25001_march_2020.shp, 1168.828675420629, 0.36615475802900044, 0.0003132664057007598
census_geographies/2020_tracts.shp, study_areas/definitions/max_county_25003_march_2020.shp, 1168.828675420629, 0.2679172020079994, 0.00022921853958757766
census_geographies/2020_tracts.shp, study_areas/definitions/max_county_25013_march_2020.shp, 1168.828675420629, 0.1788529271370005, 0.00015301894186728118
census_geographies/2020_tracts.shp, study_areas/definitions/max_county_25017_march_2020.shp, 1168.828675420629, 0.2401799028270008, 0.00020548768855330036
census_geographies/2020_tracts.shp, study_areas/definitions/max_county_25027_march_2020.shp, 1168.828675420629, 0.446885662456001, 0.0003823363268317996
census_geographies/2020_tracts.shp, study_areas/definitions/max_county_26017_march_2020.shp, 1168.828675420629, 0.18245615072800056, 0.0001561017064047814
census_geographies/2020_tracts.shp, study_areas/definitions/max_county_26021_march_2020.shp, 1168.828675420629, 0.4450606158485009, 0.0003807748947366781
census_geographies/2020_tracts.shp, study_areas/definitions/max_county_26025_march_2020.shp, 1168.828675420629, 0.2029464720515, 0.00017363235204549134
census_geographies/2020_tracts.shp, study_areas/definitions/max_county_26049_march_2020.shp, 1168.828675420629, 0.18579153069500023, 0.0001589553153529015
census_geographies/2020_tracts.shp, study_areas/definitions/max_county_26065_march_2020.shp, 1168.828675420629, 0.1592910437954995, 0.00013628262819456843
census_geographies/2020_tracts.shp, study_areas/definitions/max_county_26075_march_2020.shp, 1168.828675420629, 0.20441128549699997, 0.00017488558400009994
census_geographies/2020_tracts.shp, study_areas/definitions/max_county_26077_march_2020.shp, 1168.828675420629, 0.16394613076999995, 0.00014026532221328355
census_geographies/2020_tracts.shp, study_areas/definitions/max_county_26081_march_2020.shp, 1168.828675420629, 0.2494305527034998, 0.0002134021503311738
census_geographies/2020_tracts.shp, study_areas/definitions/max_county_26111_march_2020.shp, 1168.828675420629, 0.1525759274290002, 0.00013053746082512251
census_geographies/2020_tracts.shp, study_areas/definitions/max_county_26115_march_2020.shp, 1168.828675420629, 0.19113262295600036, 0.00016352492625766306
census_geographies/2020_tracts.shp, study_areas/definitions/max_county_26121_march_2020.shp, 1168.828675420629, 0.41940815997099995, 0.0003588277467782578
census_geographies/2020_tracts.shp, study_areas/definitions/max_county_26145_march_2020.shp, 1168.828675420629, 0.23456160102599935, 0.0002006809089805973
census_geographies/2020_tracts.shp, study_areas/definitions/max_county_26161_march_2020.shp, 1168.828675420629, 0.20412364020700025, 0.00017463948694922447
census_geographies/2020_tracts.shp, study_areas/definitions/max_county_26163_march_2020.shp, 1168.828675420629, 0.1901815847965, 0.00016271125854099954
census_geographies/2020_tracts.shp, study_areas/definitions/max_county_27013_march_2020.shp, 1168.828675420629, 0.22262746647349985, 0.00019047057208224498
census_geographies/2020_tracts.shp, study_areas/definitions/max_county_27053_march_2020.shp, 1168.828675420629, 0.17937036648050023, 0.00015346164091666368
census_geographies/2020_tracts.shp, study_areas/definitions/max_county_27109_march_2020.shp, 1168.828675420629, 0.19029909427800015, 0.00016281179464519623
census_geographies/2020_tracts.shp, study_areas/definitions/max_county_27137_march_2020.shp, 1168.828675420629, 2.1247487787865023, 0.0018178444997697068
census_geographies/2020_tracts.shp, study_areas/definitions/max_county_27145_march_2020.shp, 1168.828675420629, 0.4148282632685001, 0.00035490938235170774
census_geographies/2020_tracts.shp, study_areas/definitions/max_county_28035_march_2020.shp, 1168.828675420629, 0.11524726281349998, 9.860064630261205e-05
census_geographies/2020_tracts.shp, study_areas/definitions/max_county_28047_march_2020.shp, 1168.828675420629, 0.23943481994000035, 0.00020485022739011292
census_geographies/2020_tracts.shp, study_areas/definitions/max_county_28049_march_2020.shp, 1168.828675420629, 0.21747173269300016, 0.00018605954599354617
census_geographies/2020_tracts.shp, study_areas/definitions/max_county_29019_march_2020.shp, 1168.828675420629, 0.18608641403449958, 0.00015920760497044808
census_geographies/2020_tracts.shp, study_areas/definitions/max_county_29021_march_2020.shp, 1168.828675420629, 0.11285733794650002, 9.655592844339295e-05
census_geographies/2020_tracts.shp, study_areas/definitions/max_county_29031_march_2020.shp, 1168.828675420629, 0.15450536048349958, 0.00013218820151541662
census_geographies/2020_tracts.shp, study_areas/definitions/max_county_29051_march_2020.shp, 1168.828675420629, 0.10670767559550008, 9.129453943033948e-05
census_geographies/2020_tracts.shp, study_areas/definitions/max_county_29077_march_2020.shp, 1168.828675420629, 0.17832996223699954, 0.00015257151538725173
census_geographies/2020_tracts.shp, study_areas/definitions/max_county_29095_march_2020.shp, 1168.828675420629, 0.16601141106200004, 0.00014203228801026562
census_geographies/2020_tracts.shp, study_areas/definitions/max_county_29097_march_2020.shp, 1168.828675420629, 0.16857967564799967, 0.00014422958573234227
census_geographies/2020_tracts.shp, study_areas/definitions/max_county_29189_march_2020.shp, 1168.828675420629, 0.14020124110799967, 0.00011995020660965999
census_geographies/2020_tracts.shp, study_areas/definitions/max_county_30013_march_2020.shp, 1168.828675420629, 0.8353414548280028, 0.0007146825470613874
census_geographies/2020_tracts.shp, study_areas/definitions/max_county_30063_march_2020.shp, 1168.828675420629, 0.8024746081125009, 0.0006865630737744457
census_geographies/2020_tracts.shp, study_areas/definitions/max_county_30111_march_2020.shp, 1168.828675420629, 0.7959206695165022, 0.0006809558032361522
census_geographies/2020_tracts.shp, study_areas/definitions/max_county_31055_march_2020.shp, 1168.828675420629, 0.094484438246, 8.083685850023971e-05
census_geographies/2020_tracts.shp, study_areas/definitions/max_county_31079_march_2020.shp, 1168.828675420629, 0.15276175362450026, 0.00013069644579820523
census_geographies/2020_tracts.shp, study_areas/definitions/max_county_31109_march_2020.shp, 1168.828675420629, 0.23386188029500066, 0.0002000822577447805
census_geographies/2020_tracts.shp, study_areas/definitions/max_county_32003_march_2020.shp, 1168.828675420629, 2.0925202357360138, 0.0017902711318944788
census_geographies/2020_tracts.shp, study_areas/definitions/max_county_32031_march_2020.shp, 1168.828675420629, 1.8042851794035037, 0.0015436695020800988
census_geographies/2020_tracts.shp, study_areas/definitions/max_county_32510_march_2020.shp, 1168.828675420629, 0.04240399056899958, 3.6279047101355174e-05
census_geographies/2020_tracts.shp, study_areas/definitions/max_county_33011_march_2020.shp, 1168.828675420629, 0.2548275671855004, 0.00021801960590485603
census_geographies/2020_tracts.shp, study_areas/definitions/max_county_34001_march_2020.shp, 1168.828675420629, 0.1821305568869997, 0.00015582314219101098
census_geographies/2020_tracts.shp, study_areas/definitions/max_county_34009_march_2020.shp, 1168.828675420629, 0.1672576198050003, 0.00014309849109820047
census_geographies/2020_tracts.shp, study_areas/definitions/max_county_34011_march_2020.shp, 1168.828675420629, 0.18339651318850023, 0.00015690624044837102
census_geographies/2020_tracts.shp, study_areas/definitions/max_county_34021_march_2020.shp, 1168.828675420629, 0.06277075228599983, 5.3703980408771525e-05
census_geographies/2020_tracts.shp, study_areas/definitions/max_county_35001_march_2020.shp, 1168.828675420629, 0.2987261244465001, 0.000255577340570462
census_geographies/2020_tracts.shp, study_areas/definitions/max_county_35013_march_2020.shp, 1168.828675420629, 0.9465988528729989, 0.0008098696351134132
census_geographies/2020_tracts.shp, study_areas/definitions/max_county_35045_march_2020.shp, 1168.828675420629, 1.4430222028415007, 0.001234588296118075
census_geographies/2020_tracts.shp, study_areas/definitions/max_county_35049_march_2020.shp, 1168.828675420629, 0.49183208193950007, 0.0004207905677557948
census_geographies/2020_tracts.shp, study_areas/definitions/max_county_36001_march_2020.shp, 1168.828675420629, 0.15151099090650005, 0.00012962634652334779
census_geographies/2020_tracts.shp, study_areas/definitions/max_county_36007_march_2020.shp, 1168.828675420629, 0.201828056647, 0.00017267548349151143
census_geographies/2020_tracts.shp, study_areas/definitions/max_county_36015_march_2020.shp, 1168.828675420629, 0.11585974571950013, 9.912466057337738e-05
census_geographies/2020_tracts.shp, study_areas/definitions/max_county_36029_march_2020.shp, 1168.828675420629, 0.349423381744, 0.00029895175323128707
census_geographies/2020_tracts.shp, study_areas/definitions/max_county_36045_march_2020.shp, 1168.828675420629, 0.539777730607998, 0.0004618108213453499
census_geographies/2020_tracts.shp, study_areas/definitions/max_county_36047_march_2020.shp, 1168.828675420629, 0.026701499085499805, 2.284466461767006e-05
census_geographies/2020_tracts.shp, study_areas/definitions/max_county_36055_march_2020.shp, 1168.828675420629, 0.39271067424050204, 0.0003359865158160809
census_geographies/2020_tracts.shp, study_areas/definitions/max_county_36065_march_2020.shp, 1168.828675420629, 0.360982769645501, 0.0003088414728664946
census_geographies/2020_tracts.shp, study_areas/definitions/max_county_36067_march_2020.shp, 1168.828675420629, 0.23035986974849937, 0.00019708608677452172
census_geographies/2020_tracts.shp, study_areas/definitions/max_county_36071_march_2020.shp, 1168.828675420629, 0.23386349045900032, 0.0002000836353324745
census_geographies/2020_tracts.shp, study_areas/definitions/max_county_36109_march_2020.shp, 1168.828675420629, 0.13932267849500068, 0.00011919854588172413
census_geographies/2020_tracts.shp, study_areas/definitions/max_county_36111_march_2020.shp, 1168.828675420629, 0.3261256052815001, 0.000279019168625493
census_geographies/2020_tracts.shp, study_areas/definitions/max_county_36113_march_2020.shp, 1168.828675420629, 0.2687914323554988, 0.0002299664938137903
census_geographies/2020_tracts.shp, study_areas/definitions/max_county_37001_march_2020.shp, 1168.828675420629, 0.11247889225300009, 9.623214643713464e-05
census_geographies/2020_tracts.shp, study_areas/definitions/max_county_37021_march_2020.shp, 1168.828675420629, 0.17003036565499932, 0.0001454707342749014
census_geographies/2020_tracts.shp, study_areas/definitions/max_county_37035_march_2020.shp, 1168.828675420629, 0.10725185057149988, 9.176011234743443e-05
census_geographies/2020_tracts.shp, study_areas/definitions/max_county_37049_march_2020.shp, 1168.828675420629, 0.19803753859499948, 0.00016943247779554284
census_geographies/2020_tracts.shp, study_areas/definitions/max_county_37051_march_2020.shp, 1168.828675420629, 0.16849578151000025, 0.00014415780948338154
census_geographies/2020_tracts.shp, study_areas/definitions/max_county_37063_march_2020.shp, 1168.828675420629, 0.07714631963400025, 6.600310315473517e-05
census_geographies/2020_tracts.shp, study_areas/definitions/max_county_37067_march_2020.shp, 1168.828675420629, 0.10692531961100012, 9.148074637416015e-05
census_geographies/2020_tracts.shp, study_areas/definitions/max_county_37081_march_2020.shp, 1168.828675420629, 0.17041990179849978, 0.00014580400479751268
census_geographies/2020_tracts.shp, study_areas/definitions/max_county_37119_march_2020.shp, 1168.828675420629, 0.14006895654650015, 0.0001198370295767198
census_geographies/2020_tracts.shp, study_areas/definitions/max_county_37127_march_2020.shp, 1168.828675420629, 0.1404718687604998, 0.00012018174409517107
census_geographies/2020_tracts.shp, study_areas/definitions/max_county_37129_march_2020.shp, 1168.828675420629, 0.08329233118500004, 7.126136869890315e-05
census_geographies/2020_tracts.shp, study_areas/definitions/max_county_37133_march_2020.shp, 1168.828675420629, 0.2306914662425002, 0.00019736978660236988
census_geographies/2020_tracts.shp, study_areas/definitions/max_county_37147_march_2020.shp, 1168.828675420629, 0.16885998943000033, 0.00014446941025743768
census_geographies/2020_tracts.shp, study_areas/definitions/max_county_37183_march_2020.shp, 1168.828675420629, 0.22129002005150017, 0.0001893263099246466
census_geographies/2020_tracts.shp, study_areas/definitions/max_county_37191_march_2020.shp, 1168.828675420629, 0.14325886960650022, 0.00012256618323891252
census_geographies/2020_tracts.shp, study_areas/definitions/max_county_38015_march_2020.shp, 1168.828675420629, 0.510877455465499, 0.00043708497764366396
census_geographies/2020_tracts.shp, study_areas/definitions/max_county_38017_march_2020.shp, 1168.828675420629, 0.5408462137424979, 0.00046272496997719733
census_geographies/2020_tracts.shp, study_areas/definitions/max_county_38035_march_2020.shp, 1168.828675420629, 0.4486257236424998, 0.0003838250490227337
census_geographies/2020_tracts.shp, study_areas/definitions/max_county_39003_march_2020.shp, 1168.828675420629, 0.11239464696799967, 9.616006976176551e-05
census_geographies/2020_tracts.shp, study_areas/definitions/max_county_39013_march_2020.shp, 1168.828675420629, 0.147886962402, 0.00012652578218854836
census_geographies/2020_tracts.shp, study_areas/definitions/max_county_39023_march_2020.shp, 1168.828675420629, 0.10981939311199972, 9.395679231815456e-05
census_geographies/2020_tracts.shp, study_areas/definitions/max_county_39035_march_2020.shp, 1168.828675420629, 0.3485831344424999, 0.0002982328734508969
census_geographies/2020_tracts.shp, study_areas/definitions/max_county_39049_march_2020.shp, 1168.828675420629, 0.14843051596749923, 0.00012699082345330313
census_geographies/2020_tracts.shp, study_areas/definitions/max_county_39061_march_2020.shp, 1168.828675420629, 0.11143474269550005, 9.533881657668758e-05
census_geographies/2020_tracts.shp, study_areas/definitions/max_county_39081_march_2020.shp, 1168.828675420629, 0.1128850280349999, 9.657961890298055e-05
census_geographies/2020_tracts.shp, study_areas/definitions/max_county_39095_march_2020.shp, 1168.828675420629, 0.16688002597849916, 0.00014277543791304032
census_geographies/2020_tracts.shp, study_areas/definitions/max_county_39099_march_2020.shp, 1168.828675420629, 0.11788312035250018, 0.00010085577367450992
census_geographies/2020_tracts.shp, study_areas/definitions/max_county_39113_march_2020.shp, 1168.828675420629, 0.1263664126295003, 0.0001081137169945155
census_geographies/2020_tracts.shp, study_areas/definitions/max_county_39139_march_2020.shp, 1168.828675420629, 0.13815535275399987, 0.00011819983172835967
census_geographies/2020_tracts.shp, study_areas/definitions/max_county_39151_march_2020.shp, 1168.828675420629, 0.16047638928099967, 0.00013729675927333718
census_geographies/2020_tracts.shp, study_areas/definitions/max_county_39153_march_2020.shp, 1168.828675420629, 0.11667888796649974, 9.982548376862011e-05
census_geographies/2020_tracts.shp, study_areas/definitions/max_county_40031_march_2020.shp, 1168.828675420629, 0.2760694564624997, 0.00023619326105526111
census_geographies/2020_tracts.shp, study_areas/definitions/max_county_40047_march_2020.shp, 1168.828675420629, 0.27574588322899957, 0.0002359164255871514
census_geographies/2020_tracts.shp, study_areas/definitions/max_county_40109_march_2020.shp, 1168.828675420629, 0.18496502089300002, 0.00015824818879160048
census_geographies/2020_tracts.shp, study_areas/definitions/max_county_40143_march_2020.shp, 1168.828675420629, 0.15214670261399948, 0.00013017023436668004
census_geographies/2020_tracts.shp, study_areas/definitions/max_county_41003_march_2020.shp, 1168.828675420629, 0.19872329739000058, 0.00017001918379396842
census_geographies/2020_tracts.shp, study_areas/definitions/max_county_41017_march_2020.shp, 1168.828675420629, 0.8863677937635003, 0.0007583385079464458
census_geographies/2020_tracts.shp, study_areas/definitions/max_county_41029_march_2020.shp, 1168.828675420629, 0.7937534024850011, 0.0006791015819314592
census_geographies/2020_tracts.shp, study_areas/definitions/max_county_41033_march_2020.shp, 1168.828675420629, 0.4644402297725, 0.00039735526646397584
census_geographies/2020_tracts.shp, study_areas/definitions/max_county_41039_march_2020.shp, 1168.828675420629, 1.3711264291990073, 0.0011730773363389437
census_geographies/2020_tracts.shp, study_areas/definitions/max_county_41043_march_2020.shp, 1168.828675420629, 0.6764513988179988, 0.0005787429869262599
census_geographies/2020_tracts.shp, study_areas/definitions/max_county_41047_march_2020.shp, 1168.828675420629, 0.3515556673930024, 0.0003007760459559972
census_geographies/2020_tracts.shp, study_areas/definitions/max_county_41051_march_2020.shp, 1168.828675420629, 0.13880844007299975, 0.00011875858540435488
census_geographies/2020_tracts.shp, study_areas/definitions/max_county_42001_march_2020.shp, 1168.828675420629, 0.14224048528950103, 0.00012169489702014081
census_geographies/2020_tracts.shp, study_areas/definitions/max_county_42003_march_2020.shp, 1168.828675420629, 0.20468959326800054, 0.00017512369226767852
census_geographies/2020_tracts.shp, study_areas/definitions/max_county_42011_march_2020.shp, 1168.828675420629, 0.23792146195300024, 0.00020355546279473243
census_geographies/2020_tracts.shp, study_areas/definitions/max_county_42013_march_2020.shp, 1168.828675420629, 0.14484023169900015, 0.00012391912924866955
census_geographies/2020_tracts.shp, study_areas/definitions/max_county_42021_march_2020.shp, 1168.828675420629, 0.1905929544739997, 0.00016306320890477008
census_geographies/2020_tracts.shp, study_areas/definitions/max_county_42027_march_2020.shp, 1168.828675420629, 0.30815496103700013, 0.0002636442513066371
census_geographies/2020_tracts.shp, study_areas/definitions/max_county_42037_march_2020.shp, 1168.828675420629, 0.13603384760749995, 0.00011638476234213295
census_geographies/2020_tracts.shp, study_areas/definitions/max_county_42043_march_2020.shp, 1168.828675420629, 0.15338732605849956, 0.00013123165891125977
census_geographies/2020_tracts.shp, study_areas/definitions/max_county_42049_march_2020.shp, 1168.828675420629, 0.43931362670249935, 0.0003758580157561608
census_geographies/2020_tracts.shp, study_areas/definitions/max_county_42055_march_2020.shp, 1168.828675420629, 0.21090246154100029, 0.00018043915757380127
census_geographies/2020_tracts.shp, study_areas/definitions/max_county_42071_march_2020.shp, 1168.828675420629, 0.2689068921550014, 0.00023006527629742597
census_geographies/2020_tracts.shp, study_areas/definitions/max_county_42075_march_2020.shp, 1168.828675420629, 0.09954858582399989, 8.51695273374219e-05
census_geographies/2020_tracts.shp, study_areas/definitions/max_county_42077_march_2020.shp, 1168.828675420629, 0.09597169781449995, 8.210929440104847e-05
census_geographies/2020_tracts.shp, study_areas/definitions/max_county_42079_march_2020.shp, 1168.828675420629, 0.2517843951249988, 0.00021541599758783173
census_geographies/2020_tracts.shp, study_areas/definitions/max_county_42081_march_2020.shp, 1168.828675420629, 0.3466016008919994, 0.00029653755779671223
census_geographies/2020_tracts.shp, study_areas/definitions/max_county_42089_march_2020.shp, 1168.828675420629, 0.17120945878300026, 0.00014647951610306507
census_geographies/2020_tracts.shp, study_areas/definitions/max_county_42101_march_2020.shp, 1168.828675420629, 0.03898349136250019, 3.33526137596437e-05
census_geographies/2020_tracts.shp, study_areas/definitions/max_county_42133_march_2020.shp, 1168.828675420629, 0.2484887215694998, 0.00021259635975313116
census_geographies/2020_tracts.shp, study_areas/definitions/max_county_44007_march_2020.shp, 1168.828675420629, 0.12237796946549996, 0.00010470137500815466
census_geographies/2020_tracts.shp, study_areas/definitions/max_county_45013_march_2020.shp, 1168.828675420629, 0.22914843579750016, 0.0001960496355165448
census_geographies/2020_tracts.shp, study_areas/definitions/max_county_45019_march_2020.shp, 1168.828675420629, 0.338696472258, 0.00028977426664871355
census_geographies/2020_tracts.shp, study_areas/definitions/max_county_45041_march_2020.shp, 1168.828675420629, 0.20333288397050034, 0.00017396294961477264
census_geographies/2020_tracts.shp, study_areas/definitions/max_county_45045_march_2020.shp, 1168.828675420629, 0.2032009453715003, 0.00017385006857260232
census_geographies/2020_tracts.shp, study_areas/definitions/max_county_45051_march_2020.shp, 1168.828675420629, 0.3167746154720005, 0.0002710188602773645
census_geographies/2020_tracts.shp, study_areas/definitions/max_county_45079_march_2020.shp, 1168.828675420629, 0.19515517750250033, 0.00016696645248908648
census_geographies/2020_tracts.shp, study_areas/definitions/max_county_45083_march_2020.shp, 1168.828675420629, 0.20947302353150077, 0.00017921619133455744
census_geographies/2020_tracts.shp, study_areas/definitions/max_county_45085_march_2020.shp, 1168.828675420629, 0.17222539435400028, 0.0001473487072791238
census_geographies/2020_tracts.shp, study_areas/definitions/max_county_46099_march_2020.shp, 1168.828675420629, 0.23525592824849947, 0.00020127494576041043
census_geographies/2020_tracts.shp, study_areas/definitions/max_county_46103_march_2020.shp, 1168.828675420629, 0.8092773141854983, 0.0006923831791637572
census_geographies/2020_tracts.shp, study_areas/definitions/max_county_47011_march_2020.shp, 1168.828675420629, 0.08492105022299982, 7.265483129290878e-05
census_geographies/2020_tracts.shp, study_areas/definitions/max_county_47037_march_2020.shp, 1168.828675420629, 0.1363464662045001, 0.0001166522254901325
census_geographies/2020_tracts.shp, study_areas/definitions/max_county_47063_march_2020.shp, 1168.828675420629, 0.045636294025500033, 3.9044468180143506e-05
census_geographies/2020_tracts.shp, study_areas/definitions/max_county_47065_march_2020.shp, 1168.828675420629, 0.147541458673, 0.0001262301839231519
census_geographies/2020_tracts.shp, study_areas/definitions/max_county_47093_march_2020.shp, 1168.828675420629, 0.1361408106624996, 0.00011647627537329738
census_geographies/2020_tracts.shp, study_areas/definitions/max_county_47113_march_2020.shp, 1168.828675420629, 0.1439195243944999, 0.00012313141131886353
census_geographies/2020_tracts.shp, study_areas/definitions/max_county_47125_march_2020.shp, 1168.828675420629, 0.14167049994299988, 0.0001212072418500655
census_geographies/2020_tracts.shp, study_areas/definitions/max_county_47157_march_2020.shp, 1168.828675420629, 0.2000115140055001, 0.00017112132702726642
census_geographies/2020_tracts.shp, study_areas/definitions/max_county_47163_march_2020.shp, 1168.828675420629, 0.11196365647949992, 9.579133266832909e-05
census_geographies/2020_tracts.shp, study_areas/definitions/max_county_47179_march_2020.shp, 1168.828675420629, 0.08570031464099996, 7.332153671722573e-05
census_geographies/2020_tracts.shp, study_areas/definitions/max_county_48027_march_2020.shp, 1168.828675420629, 0.2667878325025, 0.00022825229917163904
census_geographies/2020_tracts.shp, study_areas/definitions/max_county_48029_march_2020.shp, 1168.828675420629, 0.30252900937650007, 0.0002588309268401789
census_geographies/2020_tracts.shp, study_areas/definitions/max_county_48037_march_2020.shp, 1168.828675420629, 0.2317894172299998, 0.0001983091466733439
census_geographies/2020_tracts.shp, study_areas/definitions/max_county_48041_march_2020.shp, 1168.828675420629, 0.14411962425750044, 0.00012330260823352558
census_geographies/2020_tracts.shp, study_areas/definitions/max_county_48061_march_2020.shp, 1168.828675420629, 0.29842848201399985, 0.00025532269039053456
census_geographies/2020_tracts.shp, study_areas/definitions/max_county_48113_march_2020.shp, 1168.828675420629, 0.22645190136949983, 0.0001937425955844265
census_geographies/2020_tracts.shp, study_areas/definitions/max_county_48135_march_2020.shp, 1168.828675420629, 0.22260324749900012, 0.00019044985135985938
census_geographies/2020_tracts.shp, study_areas/definitions/max_county_48141_march_2020.shp, 1168.828675420629, 0.25034500333400084, 0.00021418451531736131
census_geographies/2020_tracts.shp, study_areas/definitions/max_county_48181_march_2020.shp, 1168.828675420629, 0.24642786464399943, 0.00021083317840000536
census_geographies/2020_tracts.shp, study_areas/definitions/max_county_48183_march_2020.shp, 1168.828675420629, 0.06852177774499983, 5.8624312686665344e-05
census_geographies/2020_tracts.shp, study_areas/definitions/max_county_48201_march_2020.shp, 1168.828675420629, 0.4297972283515006, 0.00036771619090952617
census_geographies/2020_tracts.shp, study_areas/definitions/max_county_48215_march_2020.shp, 1168.828675420629, 0.3708319374329999, 0.0003172680010605898
census_geographies/2020_tracts.shp, study_areas/definitions/max_county_48245_march_2020.shp, 1168.828675420629, 0.2690473062719984, 0.0002301854086315736
census_geographies/2020_tracts.shp, study_areas/definitions/max_county_48303_march_2020.shp, 1168.828675420629, 0.2266307753360003, 0.00019389563252667646
census_geographies/2020_tracts.shp, study_areas/definitions/max_county_48309_march_2020.shp, 1168.828675420629, 0.2608333317530004, 0.00022315788210717342
census_geographies/2020_tracts.shp, study_areas/definitions/max_county_48329_march_2020.shp, 1168.828675420629, 0.22264804860300014, 0.00019048818127504895
census_geographies/2020_tracts.shp, study_areas/definitions/max_county_48355_march_2020.shp, 1168.828675420629, 0.2762542891944988, 0.00023635139606331316
census_geographies/2020_tracts.shp, study_areas/definitions/max_county_48381_march_2020.shp, 1168.828675420629, 0.23580608910450027, 0.00020174563994132007
census_geographies/2020_tracts.shp, study_areas/definitions/max_county_48423_march_2020.shp, 1168.828675420629, 0.23570571507, 0.00020165976419527529
census_geographies/2020_tracts.shp, study_areas/definitions/max_county_48441_march_2020.shp, 1168.828675420629, 0.22797476308400236, 0.0001950454911640156
census_geographies/2020_tracts.shp, study_areas/definitions/max_county_48451_march_2020.shp, 1168.828675420629, 0.37841208037450014, 0.00032375324830075726
census_geographies/2020_tracts.shp, study_areas/definitions/max_county_48453_march_2020.shp, 1168.828675420629, 0.24903868123400025, 0.0002130668818031677
census_geographies/2020_tracts.shp, study_areas/definitions/max_county_48469_march_2020.shp, 1168.828675420629, 0.21275170403750043, 0.0001820212906403387
census_geographies/2020_tracts.shp, study_areas/definitions/max_county_48479_march_2020.shp, 1168.828675420629, 0.8003336524245019, 0.0006847313633338813
census_geographies/2020_tracts.shp, study_areas/definitions/max_county_48485_march_2020.shp, 1168.828675420629, 0.15992904471449973, 0.00013682847458969613
census_geographies/2020_tracts.shp, study_areas/definitions/max_county_49005_march_2020.shp, 1168.828675420629, 0.32869041700150103, 0.00028121351222258
census_geographies/2020_tracts.shp, study_areas/definitions/max_county_49011_march_2020.shp, 1168.828675420629, 0.17605357077550016, 0.00015062393187106175
census_geographies/2020_tracts.shp, study_areas/definitions/max_county_49035_march_2020.shp, 1168.828675420629, 0.22224616604149974, 0.00019014434768339295
census_geographies/2020_tracts.shp, study_areas/definitions/max_county_49049_march_2020.shp, 1168.828675420629, 0.586729119562, 0.0005019804286978607
census_geographies/2020_tracts.shp, study_areas/definitions/max_county_49053_march_2020.shp, 1168.828675420629, 0.6395656668300005, 0.0005471851266823502
census_geographies/2020_tracts.shp, study_areas/definitions/max_county_50007_march_2020.shp, 1168.828675420629, 0.18158167124850003, 0.00015535353903184642
census_geographies/2020_tracts.shp, study_areas/definitions/max_county_51003_march_2020.shp, 1168.828675420629, 0.19292257121549972, 0.00016505632970210303
census_geographies/2020_tracts.shp, study_areas/definitions/max_county_51015_march_2020.shp, 1168.828675420629, 0.25846704835399964, 0.00022113339088039103
census_geographies/2020_tracts.shp, study_areas/definitions/max_county_51019_march_2020.shp, 1168.828675420629, 0.20438573967850004, 0.00017486372808653698
census_geographies/2020_tracts.shp, study_areas/definitions/max_county_51041_march_2020.shp, 1168.828675420629, 0.11514459010249976, 9.851280390692197e-05
census_geographies/2020_tracts.shp, study_areas/definitions/max_county_51059_march_2020.shp, 1168.828675420629, 0.10922480970050008, 9.344809209201948e-05
census_geographies/2020_tracts.shp, study_areas/definitions/max_county_51069_march_2020.shp, 1168.828675420629, 0.11219370457400041, 9.598815201348907e-05
census_geographies/2020_tracts.shp, study_areas/definitions/max_county_51121_march_2020.shp, 1168.828675420629, 0.10229426981649987, 8.751861754220482e-05
census_geographies/2020_tracts.shp, study_areas/definitions/max_county_51165_march_2020.shp, 1168.828675420629, 0.22842909242550002, 0.00019543419598539087
census_geographies/2020_tracts.shp, study_areas/definitions/max_county_51770_march_2020.shp, 1168.828675420629, 0.011275973566499942, 9.647242409108446e-06
census_geographies/2020_tracts.shp, study_areas/definitions/max_county_51810_march_2020.shp, 1168.828675420629, 0.13006609073400066, 0.00011127900390294026
census_geographies/2020_tracts.shp, study_areas/definitions/max_county_53005_march_2020.shp, 1168.828675420629, 0.5316130571319998, 0.0004548254746921631
census_geographies/2020_tracts.shp, study_areas/definitions/max_county_53007_march_2020.shp, 1168.828675420629, 0.9323430933634995, 0.0007976730148479418
census_geographies/2020_tracts.shp, study_areas/definitions/max_county_53015_march_2020.shp, 1168.828675420629, 0.3520865257494998, 0.00030123022574099115
census_geographies/2020_tracts.shp, study_areas/definitions/max_county_53033_march_2020.shp, 1168.828675420629, 0.7133185287714949, 0.0006102849320622557
census_geographies/2020_tracts.shp, study_areas/definitions/max_county_53035_march_2020.shp, 1168.828675420629, 0.1754100154235005, 0.00015007333333978592
census_geographies/2020_tracts.shp, study_areas/definitions/max_county_53057_march_2020.shp, 1168.828675420629, 0.6039753339060004, 0.000516735554668563
census_geographies/2020_tracts.shp, study_areas/definitions/max_county_53063_march_2020.shp, 1168.828675420629, 0.5519179000359987, 0.00047219743290211356
census_geographies/2020_tracts.shp, study_areas/definitions/max_county_53067_march_2020.shp, 1168.828675420629, 0.23681093000900064, 0.00020260533899356888
census_geographies/2020_tracts.shp, study_areas/definitions/max_county_53071_march_2020.shp, 1168.828675420629, 0.392350421953, 0.0003356782993126037
census_geographies/2020_tracts.shp, study_areas/definitions/max_county_53073_march_2020.shp, 1168.828675420629, 0.7945732465984996, 0.0006798030056137652
census_geographies/2020_tracts.shp, study_areas/definitions/max_county_53077_march_2020.shp, 1168.828675420629, 1.3073150728349985, 0.0011184830594308717
census_geographies/2020_tracts.shp, study_areas/definitions/max_county_54011_march_2020.shp, 1168.828675420629, 0.07695165466999992, 6.583655610802597e-05
census_geographies/2020_tracts.shp, study_areas/definitions/max_county_54039_march_2020.shp, 1168.828675420629, 0.24310122423999891, 0.00020798704664951305
census_geographies/2020_tracts.shp, study_areas/definitions/max_county_54061_march_2020.shp, 1168.828675420629, 0.09941510433100043, 8.505532626090277e-05
census_geographies/2020_tracts.shp, study_areas/definitions/max_county_54081_march_2020.shp, 1168.828675420629, 0.16138859485250032, 0.00013807720348272688
census_geographies/2020_tracts.shp, study_areas/definitions/max_county_54107_march_2020.shp, 1168.828675420629, 0.1017692427150004, 8.706942673046284e-05
census_geographies/2020_tracts.shp, study_areas/definitions/max_county_55009_march_2020.shp, 1168.828675420629, 0.18037389415649943, 0.00015432021642657585
census_geographies/2020_tracts.shp, study_areas/definitions/max_county_55025_march_2020.shp, 1168.828675420629, 0.3542033657484999, 0.0003030413038258425
census_geographies/2020_tracts.shp, study_areas/definitions/max_county_55035_march_2020.shp, 1168.828675420629, 0.18981763706250016, 0.00016239988037099624
census_geographies/2020_tracts.shp, study_areas/definitions/max_county_55039_march_2020.shp, 1168.828675420629, 0.22166454361450025, 0.00018964673632320778
census_geographies/2020_tracts.shp, study_areas/definitions/max_county_55063_march_2020.shp, 1168.828675420629, 0.13929719638950036, 0.0001191767444782882
census_geographies/2020_tracts.shp, study_areas/definitions/max_county_55073_march_2020.shp, 1168.828675420629, 0.4651202809630002, 0.0003979370892792447
census_geographies/2020_tracts.shp, study_areas/definitions/max_county_55079_march_2020.shp, 1168.828675420629, 0.3401844384234993, 0.0002910473070838003
census_geographies/2020_tracts.shp, study_areas/definitions/max_county_55087_march_2020.shp, 1168.828675420629, 0.18864698606150077, 0.00016139832126689735
census_geographies/2020_tracts.shp, study_areas/definitions/max_county_55101_march_2020.shp, 1168.828675420629, 0.22558894138650112, 0.0001930042838017453
census_geographies/2020_tracts.shp, study_areas/definitions/max_county_55105_march_2020.shp, 1168.828675420629, 0.20653369139649994, 0.00017670142403220402
census_geographies/2020_tracts.shp, study_areas/definitions/max_county_55117_march_2020.shp, 1168.828675420629, 0.3677439786474991, 0.00031462607513043625
census_geographies/2020_tracts.shp, study_areas/definitions/max_county_55139_march_2020.shp, 1168.828675420629, 0.1683384912065007, 0.00014402323860331401
census_geographies/2020_tracts.shp, study_areas/definitions/max_county_56021_march_2020.shp, 1168.828675420629, 0.7484228533665017, 0.0006403186960631036
census_geographies/2020_tracts.shp, study_areas/definitions/max_county_56025_march_2020.shp, 1168.828675420629, 1.5360723497075, 0.0013141980360421174
census_geographies/2020_tracts.shp, study_areas/definitions/max_county_72005_march_2020.shp, 1168.828675420629, 0.016744651098499937, 1.4326009834139294e-05
census_geographies/2020_tracts.shp, study_areas/definitions/max_county_72013_march_2020.shp, 1168.828675420629, 0.03791843829499975, 3.244139974693379e-05
census_geographies/2020_tracts.shp, study_areas/definitions/max_county_72023_march_2020.shp, 1168.828675420629, 0.03920556070999983, 3.354260682891856e-05
census_geographies/2020_tracts.shp, study_areas/definitions/max_county_72057_march_2020.shp, 1168.828675420629, 0.023598756971499973, 2.0190090701708217e-05
census_geographies/2020_tracts.shp, study_areas/definitions/max_county_72097_march_2020.shp, 1168.828675420629, 0.06062356054750031, 5.186693466917517e-05
census_geographies/2020_tracts.shp, study_areas/definitions/max_county_72113_march_2020.shp, 1168.828675420629, 0.042779563730500236, 3.660037149166028e-05
census_geographies/2020_tracts.shp, study_areas/definitions/max_county_72127_march_2020.shp, 1168.828675420629, 0.017043747460999847, 1.458190393460896e-05
census_geographies/2020_tracts.shp, study_areas/definitions/max_county_72153_march_2020.shp, 1168.828675420629, 0.01510675507000005, 1.2924695798178933e-05
census_geographies/2010_tracts.shp, study_areas/definitions/max_county_01003_march_2020.shp, 1167.3652671522025, 0.4941813673019969, 0.00042333053861329673
census_geographies/2010_tracts.shp, study_areas/definitions/max_county_01015_march_2020.shp, 1167.3652671522025, 0.15434453043100044, 0.00013221614071791364
census_geographies/2010_tracts.shp, study_areas/definitions/max_county_01055_march_2020.shp, 1167.3652671522025, 0.13873451178149976, 0.00011884413189707432
census_geographies/2010_tracts.shp, study_areas/definitions/max_county_01069_march_2020.shp, 1167.3652671522025, 0.14249989925400044, 0.00012206967541670154
census_geographies/2010_tracts.shp, study_areas/definitions/max_county_01073_march_2020.shp, 1167.3652671522025, 0.28258974398450076, 0.0002420748260515587
census_geographies/2010_tracts.shp, study_areas/definitions/max_county_01077_march_2020.shp, 1167.3652671522025, 0.18416541974300005, 0.00015776160634989008
census_geographies/2010_tracts.shp, study_areas/definitions/max_county_01081_march_2020.shp, 1167.3652671522025, 0.15322076510700042, 0.00013125348973315248
census_geographies/2010_tracts.shp, study_areas/definitions/max_county_01089_march_2020.shp, 1167.3652671522025, 0.20725411920250023, 0.00017754007681597246
census_geographies/2010_tracts.shp, study_areas/definitions/max_county_01097_march_2020.shp, 1167.3652671522025, 0.40084499013250013, 0.00034337580653771285
census_geographies/2010_tracts.shp, study_areas/definitions/max_county_01101_march_2020.shp, 1167.3652671522025, 0.19819308805800057, 0.00016977812655116447
census_geographies/2010_tracts.shp, study_areas/definitions/max_county_01103_march_2020.shp, 1167.3652671522025, 0.1522087496024997, 0.00013038656698585374
census_geographies/2010_tracts.shp, study_areas/definitions/max_county_01125_march_2020.shp, 1167.3652671522025, 0.3387650084369985, 0.00029019623760386383
census_geographies/2010_tracts.shp, study_areas/definitions/max_county_02020_march_2020.shp, 1167.3652671522025, 0.8463470898194985, 0.0007250062286709707
census_geographies/2010_tracts.shp, study_areas/definitions/max_county_02090_march_2020.shp, 1167.3652671522025, 3.639504069267, 0.0031177080316477134
census_geographies/2010_tracts.shp, study_areas/definitions/max_county_04003_march_2020.shp, 1167.3652671522025, 1.5352510461175004, 0.0013151419605474115
census_geographies/2010_tracts.shp, study_areas/definitions/max_county_04005_march_2020.shp, 1167.3652671522025, 4.82175261181149, 0.00413045749045986
census_geographies/2010_tracts.shp, study_areas/definitions/max_county_04013_march_2020.shp, 1167.3652671522025, 2.314199781930503, 0.001982412743507448
census_geographies/2010_tracts.shp, study_areas/definitions/max_county_04015_march_2020.shp, 1167.3652671522025, 3.4722593722940087, 0.0029744412224672534
census_geographies/2010_tracts.shp, study_areas/definitions/max_county_04019_march_2020.shp, 1167.3652671522025, 2.2737870937190006, 0.001947794026171366
census_geographies/2010_tracts.shp, study_areas/definitions/max_county_04025_march_2020.shp, 1167.3652671522025, 2.068759986856996, 0.0017721616747290708
census_geographies/2010_tracts.shp, study_areas/definitions/max_county_04027_march_2020.shp, 1167.3652671522025, 1.3756988454049994, 0.0011784647737216206
census_geographies/2010_tracts.shp, study_areas/definitions/max_county_05007_march_2020.shp, 1167.3652671522025, 0.22980242091849978, 0.00019685562641340594
census_geographies/2010_tracts.shp, study_areas/definitions/max_county_05031_march_2020.shp, 1167.3652671522025, 0.1841122122839997, 0.00015771602724924566
census_geographies/2010_tracts.shp, study_areas/definitions/max_county_05051_march_2020.shp, 1167.3652671522025, 0.1869260504429994, 0.00016012644516913467
census_geographies/2010_tracts.shp, study_areas/definitions/max_county_05069_march_2020.shp, 1167.3652671522025, 0.23167249160450032, 0.00019845758489086054
census_geographies/2010_tracts.shp, study_areas/definitions/max_county_05119_march_2020.shp, 1167.3652671522025, 0.20598260916350025, 0.00017645086328977097
census_geographies/2010_tracts.shp, study_areas/definitions/max_county_05131_march_2020.shp, 1167.3652671522025, 0.14000979763899987, 0.00011993657990232566
census_geographies/2010_tracts.shp, study_areas/definitions/max_county_06001_march_2020.shp, 1167.3652671522025, 0.21718464014900077, 0.00018604685804883038
census_geographies/2010_tracts.shp, study_areas/definitions/max_county_06007_march_2020.shp, 1167.3652671522025, 0.4559419422865006, 0.0003905735035262569
census_geographies/2010_tracts.shp, study_areas/definitions/max_county_06019_march_2020.shp, 1167.3652671522025, 1.571172543935001, 0.0013459133898748674
census_geographies/2010_tracts.shp, study_areas/definitions/max_county_06025_march_2020.shp, 1167.3652671522025, 1.120447425300498, 0.0009598087735074036
census_geographies/2010_tracts.shp, study_areas/definitions/max_county_06029_march_2020.shp, 1167.3652671522025, 2.0961757562964975, 0.0017956468427488307
census_geographies/2010_tracts.shp, study_areas/definitions/max_county_06031_march_2020.shp, 1167.3652671522025, 0.3605848528290004, 0.0003088877688717347
census_geographies/2010_tracts.shp, study_areas/definitions/max_county_06037_march_2020.shp, 1167.3652671522025, 1.2035679462260036, 0.001031012297600834
census_geographies/2010_tracts.shp, study_areas/definitions/max_county_06039_march_2020.shp, 1167.3652671522025, 0.5661750427505002, 0.0004850024741028051
census_geographies/2010_tracts.shp, study_areas/definitions/max_county_06047_march_2020.shp, 1167.3652671522025, 0.5200400397924984, 0.0004454818508187591
census_geographies/2010_tracts.shp, study_areas/definitions/max_county_06053_march_2020.shp, 1167.3652671522025, 0.9792525148324984, 0.0008388569905128266
census_geographies/2010_tracts.shp, study_areas/definitions/max_county_06055_march_2020.shp, 1167.3652671522025, 0.21093969181100033, 0.00018069724853608975
census_geographies/2010_tracts.shp, study_areas/definitions/max_county_06065_march_2020.shp, 1167.3652671522025, 1.8403730893054993, 0.001576518627965611
census_geographies/2010_tracts.shp, study_areas/definitions/max_county_06067_march_2020.shp, 1167.3652671522025, 0.2656854427419995, 0.00022759409605370683
census_geographies/2010_tracts.shp, study_areas/definitions/max_county_06073_march_2020.shp, 1167.3652671522025, 1.1312895593420016, 0.0009690964697808699
census_geographies/2010_tracts.shp, study_areas/definitions/max_county_06077_march_2020.shp, 1167.3652671522025, 0.3786412800109993, 0.0003243554444057582
census_geographies/2010_tracts.shp, study_areas/definitions/max_county_06079_march_2020.shp, 1167.3652671522025, 0.928973789988999, 0.0007957867311362095
census_geographies/2010_tracts.shp, study_areas/definitions/max_county_06083_march_2020.shp, 1167.3652671522025, 0.9637244702400011, 0.0008255552031207979
census_geographies/2010_tracts.shp, study_areas/definitions/max_county_06085_march_2020.shp, 1167.3652671522025, 0.3429433649315004, 0.00029377554273831845
census_geographies/2010_tracts.shp, study_areas/definitions/max_county_06087_march_2020.shp, 1167.3652671522025, 0.1592378165830001, 0.00013640787597823782
census_geographies/2010_tracts.shp, study_areas/definitions/max_county_06089_march_2020.shp, 1167.3652671522025, 1.062748165705998, 0.0009103818621386443
census_geographies/2010_tracts.shp, study_areas/definitions/max_county_06095_march_2020.shp, 1167.3652671522025, 0.24161124505800016, 0.000206971418335422
census_geographies/2010_tracts.shp, study_areas/definitions/max_county_06097_march_2020.shp, 1167.3652671522025, 0.47303463338900015, 0.00040521561391232083
census_geographies/2010_tracts.shp, study_areas/definitions/max_county_06099_march_2020.shp, 1167.3652671522025, 0.40002696768850055, 0.0003426750640477507
census_geographies/2010_tracts.shp, study_areas/definitions/max_county_06101_march_2020.shp, 1167.3652671522025, 0.16395618002500054, 0.0001404497672137985
census_geographies/2010_tracts.shp, study_areas/definitions/max_county_06107_march_2020.shp, 1167.3652671522025, 1.256117574990999, 0.0010760278811920698
census_geographies/2010_tracts.shp, study_areas/definitions/max_county_06111_march_2020.shp, 1167.3652671522025, 0.5604896625760005, 0.0004801322074138113
census_geographies/2010_tracts.shp, study_areas/definitions/max_county_08013_march_2020.shp, 1167.3652671522025, 0.2025107077859999, 0.00017347672873635044
census_geographies/2010_tracts.shp, study_areas/definitions/max_county_08031_march_2020.shp, 1167.3652671522025, 0.042094767159500106, 3.605963646853281e-05
census_geographies/2010_tracts.shp, study_areas/definitions/max_county_08041_march_2020.shp, 1167.3652671522025, 0.5721966299169996, 0.0004901607457560204
census_geographies/2010_tracts.shp, study_areas/definitions/max_county_08069_march_2020.shp, 1167.3652671522025, 0.7265147759889975, 0.0006223542848429408
census_geographies/2010_tracts.shp, study_areas/definitions/max_county_08077_march_2020.shp, 1167.3652671522025, 0.9000615034725022, 0.0007710196018322611
census_geographies/2010_tracts.shp, study_areas/definitions/max_county_08101_march_2020.shp, 1167.3652671522025, 0.6384992703210012, 0.0005469575704257722
census_geographies/2010_tracts.shp, study_areas/definitions/max_county_08123_march_2020.shp, 1167.3652671522025, 1.1061297606839962, 0.0009475438338014023
census_geographies/2010_tracts.shp, study_areas/definitions/max_county_09001_march_2020.shp, 1167.3652671522025, 0.23281125448800025, 0.0001994330832336183
census_geographies/2010_tracts.shp, study_areas/definitions/max_county_09003_march_2020.shp, 1167.3652671522025, 0.21062874443850024, 0.00018043088171736587
census_geographies/2010_tracts.shp, study_areas/definitions/max_county_09009_march_2020.shp, 1167.3652671522025, 0.24021582688099935, 0.00020577606139251335
census_geographies/2010_tracts.shp, study_areas/definitions/max_county_09011_march_2020.shp, 1167.3652671522025, 0.2154214922734998, 0.0001845364928485686
census_geographies/2010_tracts.shp, study_areas/definitions/max_county_10001_march_2020.shp, 1167.3652671522025, 0.21529285337349988, 0.00018442629691965107
census_geographies/2010_tracts.shp, study_areas/definitions/max_county_10005_march_2020.shp, 1167.3652671522025, 0.3208010707209998, 0.00027480779131247986
census_geographies/2010_tracts.shp, study_areas/definitions/max_county_12001_march_2020.shp, 1167.3652671522025, 0.23385157857600064, 0.00020032425596016194
census_geographies/2010_tracts.shp, study_areas/definitions/max_county_12005_march_2020.shp, 1167.3652671522025, 0.2507708692415002, 0.0002148178263460398
census_geographies/2010_tracts.shp, study_areas/definitions/max_county_12009_march_2020.shp, 1167.3652671522025, 0.3709767448020008, 0.0003177897743240226
census_geographies/2010_tracts.shp, study_areas/definitions/max_county_12015_march_2020.shp, 1167.3652671522025, 0.20194549090099992, 0.00017299254704883216
census_geographies/2010_tracts.shp, study_areas/definitions/max_county_12017_march_2020.shp, 1167.3652671522025, 0.1851850209289998, 0.00015863502721882435
census_geographies/2010_tracts.shp, study_areas/definitions/max_county_12021_march_2020.shp, 1167.3652671522025, 0.5386705592115, 0.0004614413109322598
census_geographies/2010_tracts.shp, study_areas/definitions/max_county_12031_march_2020.shp, 1167.3652671522025, 0.22314974226050022, 0.00019115674291464565
census_geographies/2010_tracts.shp, study_areas/definitions/max_county_12033_march_2020.shp, 1167.3652671522025, 0.21311818975250002, 0.0001825634150246766
census_geographies/2010_tracts.shp, study_areas/definitions/max_county_12055_march_2020.shp, 1167.3652671522025, 0.2612585842685009, 0.00022380191669214508
census_geographies/2010_tracts.shp, study_areas/definitions/max_county_12057_march_2020.shp, 1167.3652671522025, 0.30048865377300027, 0.0002574075674754697
census_geographies/2010_tracts.shp, study_areas/definitions/max_county_12061_march_2020.shp, 1167.3652671522025, 0.1461790157479994, 0.00012522131663605544
census_geographies/2010_tracts.shp, study_areas/definitions/max_county_12071_march_2020.shp, 1167.3652671522025, 0.28447256788200004, 0.00024368770931139085
census_geographies/2010_tracts.shp, study_areas/definitions/max_county_12073_march_2020.shp, 1167.3652671522025, 0.1707171355029999, 0.0001462414038747836
census_geographies/2010_tracts.shp, study_areas/definitions/max_county_12083_march_2020.shp, 1167.3652671522025, 0.39952674964099916, 0.0003422465623083408
census_geographies/2010_tracts.shp, study_areas/definitions/max_county_12086_march_2020.shp, 1167.3652671522025, 0.5658637224805007, 0.000484735787848931
census_geographies/2010_tracts.shp, study_areas/definitions/max_county_12091_march_2020.shp, 1167.3652671522025, 0.2637780937609996, 0.0002259602038738813
census_geographies/2010_tracts.shp, study_areas/definitions/max_county_12095_march_2020.shp, 1167.3652671522025, 0.2395100041890004, 0.00020517143256565024
census_geographies/2010_tracts.shp, study_areas/definitions/max_county_12105_march_2020.shp, 1167.3652671522025, 0.4774997324914993, 0.0004090405513403392
census_geographies/2010_tracts.shp, study_areas/definitions/max_county_12111_march_2020.shp, 1167.3652671522025, 0.16259240904700106, 0.00013928152020802078
census_geographies/2010_tracts.shp, study_areas/definitions/max_county_12115_march_2020.shp, 1167.3652671522025, 0.17109069507699926, 0.00014656140617784222
census_geographies/2010_tracts.shp, study_areas/definitions/max_county_12119_march_2020.shp, 1167.3652671522025, 0.13866831127899967, 0.00011878742256678769
census_geographies/2010_tracts.shp, study_areas/definitions/max_county_12127_march_2020.shp, 1167.3652671522025, 0.3437341149574995, 0.0002944529228593907
census_geographies/2010_tracts.shp, study_areas/definitions/max_county_13021_march_2020.shp, 1167.3652671522025, 0.06367755727700035, 5.4548099955331284e-05
census_geographies/2010_tracts.shp, study_areas/definitions/max_county_13051_march_2020.shp, 1167.3652671522025, 0.15624122250599978, 0.00013384090387334513
census_geographies/2010_tracts.shp, study_areas/definitions/max_county_13059_march_2020.shp, 1167.3652671522025, 0.030573481372500082, 2.6190158498620016e-05
census_geographies/2010_tracts.shp, study_areas/definitions/max_county_13095_march_2020.shp, 1167.3652671522025, 0.08230727994749992, 7.05068775502369e-05
census_geographies/2010_tracts.shp, study_areas/definitions/max_county_13115_march_2020.shp, 1167.3652671522025, 0.13143947587249977, 0.00011259498596625844
census_geographies/2010_tracts.shp, study_areas/definitions/max_county_13121_march_2020.shp, 1167.3652671522025, 0.13472170400799924, 0.00011540664074806165
census_geographies/2010_tracts.shp, study_areas/definitions/max_county_13127_march_2020.shp, 1167.3652671522025, 0.1434695649430002, 0.00012290032004549478
census_geographies/2010_tracts.shp, study_areas/definitions/max_county_13139_march_2020.shp, 1167.3652671522025, 0.10890161447399997, 9.328837985703171e-05
census_geographies/2010_tracts.shp, study_areas/definitions/max_county_13153_march_2020.shp, 1167.3652671522025, 0.09437629109749976, 8.084555344680721e-05
census_geographies/2010_tracts.shp, study_areas/definitions/max_county_13179_march_2020.shp, 1167.3652671522025, 0.14862880163099998, 0.00012731987648868567
census_geographies/2010_tracts.shp, study_areas/definitions/max_county_13185_march_2020.shp, 1167.3652671522025, 0.12467647723749965, 0.0001068015990758822
census_geographies/2010_tracts.shp, study_areas/definitions/max_county_13215_march_2020.shp, 1167.3652671522025, 0.05493071123050004, 4.7055290041739875e-05
census_geographies/2010_tracts.shp, study_areas/definitions/max_county_13245_march_2020.shp, 1167.3652671522025, 0.08244409124500003, 7.062407419926334e-05
census_geographies/2010_tracts.shp, study_areas/definitions/max_county_13313_march_2020.shp, 1167.3652671522025, 0.07426054821199984, 6.361380649362567e-05
census_geographies/2010_tracts.shp, study_areas/definitions/max_county_15003_march_2020.shp, 1167.3652671522025, 0.48845088797500036, 0.0004184216386415029
census_geographies/2010_tracts.shp, study_areas/definitions/max_county_15009_march_2020.shp, 1167.3652671522025, 0.5391509704310002, 0.0004618528455504451
census_geographies/2010_tracts.shp, study_areas/definitions/max_county_16001_march_2020.shp, 1167.3652671522025, 0.3054229224955001, 0.0002616344096313418
census_geographies/2010_tracts.shp, study_areas/definitions/max_county_16005_march_2020.shp, 1167.3652671522025, 0.32634054017199987, 0.00027955306651200135
census_geographies/2010_tracts.shp, study_areas/definitions/max_county_16019_march_2020.shp, 1167.3652671522025, 0.5468372761480007, 0.0004684371649004214
census_geographies/2010_tracts.shp, study_areas/definitions/max_county_16055_march_2020.shp, 1167.3652671522025, 0.4081188625054996, 0.0003496068231506571
census_geographies/2010_tracts.shp, study_areas/definitions/max_county_16069_march_2020.shp, 1167.3652671522025, 0.25909112855750044, 0.00022194520930844162
census_geographies/2010_tracts.shp, study_areas/definitions/max_county_16083_march_2020.shp, 1167.3652671522025, 0.545736933549001, 0.0004674945785223942
census_geographies/2010_tracts.shp, study_areas/definitions/max_county_17019_march_2020.shp, 1167.3652671522025, 0.2732717794995002, 0.0002340927790032241
census_geographies/2010_tracts.shp, study_areas/definitions/max_county_17031_march_2020.shp, 1167.3652671522025, 0.4593753936409993, 0.0003935147006400571
census_geographies/2010_tracts.shp, study_areas/definitions/max_county_17091_march_2020.shp, 1167.3652671522025, 0.1892610578935003, 0.00016212668238383028
census_geographies/2010_tracts.shp, study_areas/definitions/max_county_17113_march_2020.shp, 1167.3652671522025, 0.3263603633489992, 0.00027957004763826674
census_geographies/2010_tracts.shp, study_areas/definitions/max_county_17115_march_2020.shp, 1167.3652671522025, 0.159711695806, 0.0001368138150928698
census_geographies/2010_tracts.shp, study_areas/definitions/max_county_17143_march_2020.shp, 1167.3652671522025, 0.17424917743250046, 0.00014926705662365885
census_geographies/2010_tracts.shp, study_areas/definitions/max_county_17167_march_2020.shp, 1167.3652671522025, 0.23873467812800042, 0.00020450726507427764
census_geographies/2010_tracts.shp, study_areas/definitions/max_county_17183_march_2020.shp, 1167.3652671522025, 0.24684559774949966, 0.00021145532139368991
census_geographies/2010_tracts.shp, study_areas/definitions/max_county_17199_march_2020.shp, 1167.3652671522025, 0.11762445190600002, 0.00010076062327342142
census_geographies/2010_tracts.shp, study_areas/definitions/max_county_17201_march_2020.shp, 1167.3652671522025, 0.14690734547550047, 0.000125845225662643
census_geographies/2010_tracts.shp, study_areas/definitions/max_county_18003_march_2020.shp, 1167.3652671522025, 0.1832043683995, 0.0001569383410270794
census_geographies/2010_tracts.shp, study_areas/definitions/max_county_18005_march_2020.shp, 1167.3652671522025, 0.11060971153800003, 9.47515868857683e-05
census_geographies/2010_tracts.shp, study_areas/definitions/max_county_18035_march_2020.shp, 1167.3652671522025, 0.10850233225250028, 9.294634276484227e-05
census_geographies/2010_tracts.shp, study_areas/definitions/max_county_18039_march_2020.shp, 1167.3652671522025, 0.13089496588799998, 0.00011212854242898571
census_geographies/2010_tracts.shp, study_areas/definitions/max_county_18067_march_2020.shp, 1167.3652671522025, 0.08085330683357454, 6.926136069716797e-05
census_geographies/2010_tracts.shp, study_areas/definitions/max_county_18091_march_2020.shp, 1167.3652671522025, 0.17140714443799884, 0.00014683248616446164
census_geographies/2010_tracts.shp, study_areas/definitions/max_county_18097_march_2020.shp, 1167.3652671522025, 0.1097401741634997, 9.400671516569256e-05
census_geographies/2010_tracts.shp, study_areas/definitions/max_county_18105_march_2020.shp, 1167.3652671522025, 0.11102477182399974, 9.510713993987984e-05
census_geographies/2010_tracts.shp, study_areas/definitions/max_county_18141_march_2020.shp, 1167.3652671522025, 0.12909116092749992, 0.0001105833491537905
census_geographies/2010_tracts.shp, study_areas/definitions/max_county_18157_march_2020.shp, 1167.3652671522025, 0.1382423769919999, 0.00011842255451821294
census_geographies/2010_tracts.shp, study_areas/definitions/max_county_18163_march_2020.shp, 1167.3652671522025, 0.06280567791200019, 5.380122201615196e-05
census_geographies/2010_tracts.shp, study_areas/definitions/max_county_18167_march_2020.shp, 1167.3652671522025, 0.11121055925299995, 9.526629100786857e-05
census_geographies/2010_tracts.shp, study_areas/definitions/max_county_19013_march_2020.shp, 1167.3652671522025, 0.16236469574100035, 0.0001390864541799247
census_geographies/2010_tracts.shp, study_areas/definitions/max_county_19061_march_2020.shp, 1167.3652671522025, 0.17482258544700008, 0.000149758255077677
census_geographies/2010_tracts.shp, study_areas/definitions/max_county_19103_march_2020.shp, 1167.3652671522025, 0.1744976044549996, 0.00014947986664078843
census_geographies/2010_tracts.shp, study_areas/definitions/max_county_19113_march_2020.shp, 1167.3652671522025, 0.2041576257014998, 0.00017488752787680936
census_geographies/2010_tracts.shp, study_areas/definitions/max_county_19153_march_2020.shp, 1167.3652671522025, 0.16567982484649943, 0.00014192629291659222
census_geographies/2010_tracts.shp, study_areas/definitions/max_county_19163_march_2020.shp, 1167.3652671522025, 0.13104154836649953, 0.00011225410936388103
census_geographies/2010_tracts.shp, study_areas/definitions/max_county_19169_march_2020.shp, 1167.3652671522025, 0.16154096340300014, 0.00013838082042399693
census_geographies/2010_tracts.shp, study_areas/definitions/max_county_19193_march_2020.shp, 1167.3652671522025, 0.24854977700499953, 0.00021291517231049613
census_geographies/2010_tracts.shp, study_areas/definitions/max_county_20045_march_2020.shp, 1167.3652671522025, 0.12762345850650003, 0.00010932607136568192
census_geographies/2010_tracts.shp, study_areas/definitions/max_county_20161_march_2020.shp, 1167.3652671522025, 0.16819957786149928, 0.00014408478870698592
census_geographies/2010_tracts.shp, study_areas/definitions/max_county_20173_march_2020.shp, 1167.3652671522025, 0.2669639085989995, 0.00022868926814163335
census_geographies/2010_tracts.shp, study_areas/definitions/max_county_20177_march_2020.shp, 1167.3652671522025, 0.14975347580800075, 0.00012828330602410813
census_geographies/2010_tracts.shp, study_areas/definitions/max_county_21059_march_2020.shp, 1167.3652671522025, 0.12615668821950002, 0.00010806959207143479
census_geographies/2010_tracts.shp, study_areas/definitions/max_county_21067_march_2020.shp, 1167.3652671522025, 0.07590368337499968, 6.5021365215163e-05
census_geographies/2010_tracts.shp, study_areas/definitions/max_county_21093_march_2020.shp, 1167.3652671522025, 0.16673221502549992, 0.00014282780181754473
census_geographies/2010_tracts.shp, study_areas/definitions/max_county_21111_march_2020.shp, 1167.3652671522025, 0.10591663278850028, 9.073135527398789e-05
census_geographies/2010_tracts.shp, study_areas/definitions/max_county_21227_march_2020.shp, 1167.3652671522025, 0.14355389497650062, 0.00012297255967423252
census_geographies/2010_tracts.shp, study_areas/definitions/max_county_22017_march_2020.shp, 1167.3652671522025, 0.23302612656200067, 0.0001996171490783428
census_geographies/2010_tracts.shp, study_areas/definitions/max_county_22019_march_2020.shp, 1167.3652671522025, 0.2655839787969997, 0.00022750717900395825
census_geographies/2010_tracts.shp, study_areas/definitions/max_county_22033_march_2020.shp, 1167.3652671522025, 0.11448171179399971, 9.806845810418776e-05
census_geographies/2010_tracts.shp, study_areas/definitions/max_county_22051_march_2020.shp, 1167.3652671522025, 0.16066977286599898, 0.0001376345325554822
census_geographies/2010_tracts.shp, study_areas/definitions/max_county_22055_march_2020.shp, 1167.3652671522025, 0.06532310341599996, 5.5957723991014593e-05
census_geographies/2010_tracts.shp, study_areas/definitions/max_county_22073_march_2020.shp, 1167.3652671522025, 0.15696645413349963, 0.0001344621589748174
census_geographies/2010_tracts.shp, study_areas/definitions/max_county_22079_march_2020.shp, 1167.3652671522025, 0.3337511506085002, 0.00028590121703953806
census_geographies/2010_tracts.shp, study_areas/definitions/max_county_22105_march_2020.shp, 1167.3652671522025, 0.20062778105850052, 0.00017186375738926488
census_geographies/2010_tracts.shp, study_areas/definitions/max_county_22109_march_2020.shp, 1167.3652671522025, 0.5009360053934984, 0.00042911676361207494
census_geographies/2010_tracts.shp, study_areas/definitions/max_county_23001_march_2020.shp, 1167.3652671522025, 0.14487445653349953, 0.00012410379219772574
census_geographies/2010_tracts.shp, study_areas/definitions/max_county_23005_march_2020.shp, 1167.3652671522025, 0.3526874445640006, 0.0003021226127657409
census_geographies/2010_tracts.shp, study_areas/definitions/max_county_23019_march_2020.shp, 1167.3652671522025, 1.0587520853119987, 0.0009069587001631746
census_geographies/2010_tracts.shp, study_areas/definitions/max_county_24001_march_2020.shp, 1167.3652671522025, 0.11680425431550023, 0.0001000580174879155
census_geographies/2010_tracts.shp, study_areas/definitions/max_county_24005_march_2020.shp, 1167.3652671522025, 0.18475261894049944, 0.00015826461874371593
census_geographies/2010_tracts.shp, study_areas/definitions/max_county_24037_march_2020.shp, 1167.3652671522025, 0.20362567146099955, 0.00017443183996534872
census_geographies/2010_tracts.shp, study_areas/definitions/max_county_24043_march_2020.shp, 1167.3652671522025, 0.12693628648500027, 0.00010873741926095028
census_geographies/2010_tracts.shp, study_areas/definitions/max_county_25001_march_2020.shp, 1167.3652671522025, 0.3661536736650003, 0.000313658187345453
census_geographies/2010_tracts.shp, study_areas/definitions/max_county_25003_march_2020.shp, 1167.3652671522025, 0.2679110034100003, 0.00022950057788131
census_geographies/2010_tracts.shp, study_areas/definitions/max_county_25013_march_2020.shp, 1167.3652671522025, 0.1788808101724999, 0.0001532346517460479
census_geographies/2010_tracts.shp, study_areas/definitions/max_county_25017_march_2020.shp, 1167.3652671522025, 0.24021492354199994, 0.00020577528756531046
census_geographies/2010_tracts.shp, study_areas/definitions/max_county_25027_march_2020.shp, 1167.3652671522025, 0.4468966144660004, 0.000382825005198423
census_geographies/2010_tracts.shp, study_areas/definitions/max_county_26017_march_2020.shp, 1167.3652671522025, 0.1824561439680004, 0.00015629738960205977
census_geographies/2010_tracts.shp, study_areas/definitions/max_county_26021_march_2020.shp, 1167.3652671522025, 0.4450606081185007, 0.0003812522272520835
census_geographies/2010_tracts.shp, study_areas/definitions/max_county_26025_march_2020.shp, 1167.3652671522025, 0.20295285300500002, 0.00017385548355409376
census_geographies/2010_tracts.shp, study_areas/definitions/max_county_26049_march_2020.shp, 1167.3652671522025, 0.18579151985800016, 0.00015915457233984712
census_geographies/2010_tracts.shp, study_areas/definitions/max_county_26065_march_2020.shp, 1167.3652671522025, 0.1592905864974995, 0.00013645308026517718
census_geographies/2010_tracts.shp, study_areas/definitions/max_county_26075_march_2020.shp, 1167.3652671522025, 0.20441215897399992, 0.00017510556869030814
census_geographies/2010_tracts.shp, study_areas/definitions/max_county_26077_march_2020.shp, 1167.3652671522025, 0.16394584377399998, 0.00014044091287206725
census_geographies/2010_tracts.shp, study_areas/definitions/max_county_26081_march_2020.shp, 1167.3652671522025, 0.2494310405884996, 0.0002136700890518944
census_geographies/2010_tracts.shp, study_areas/definitions/max_county_26111_march_2020.shp, 1167.3652671522025, 0.15257568668400032, 0.0001307008962637804
census_geographies/2010_tracts.shp, study_areas/definitions/max_county_26115_march_2020.shp, 1167.3652671522025, 0.19115643955450054, 0.00016375032299943985
census_geographies/2010_tracts.shp, study_areas/definitions/max_county_26121_march_2020.shp, 1167.3652671522025, 0.4194083976129999, 0.00035927777655758963
census_geographies/2010_tracts.shp, study_areas/definitions/max_county_26145_march_2020.shp, 1167.3652671522025, 0.2345616045494994, 0.00020093248544366445
census_geographies/2010_tracts.shp, study_areas/definitions/max_county_26161_march_2020.shp, 1167.3652671522025, 0.2041230062730001, 0.00017485787183900024
census_geographies/2010_tracts.shp, study_areas/definitions/max_county_26163_march_2020.shp, 1167.3652671522025, 0.19016261755399935, 0.00016289898535177654
census_geographies/2010_tracts.shp, study_areas/definitions/max_county_27013_march_2020.shp, 1167.3652671522025, 0.22262626348549955, 0.000190708315340406
census_geographies/2010_tracts.shp, study_areas/definitions/max_county_27053_march_2020.shp, 1167.3652671522025, 0.17929769001700013, 0.00015359176348838814
census_geographies/2010_tracts.shp, study_areas/definitions/max_county_27109_march_2020.shp, 1167.3652671522025, 0.1903108107800003, 0.00016302593210115388
census_geographies/2010_tracts.shp, study_areas/definitions/max_county_27137_march_2020.shp, 1167.3652671522025, 2.124551923847003, 0.0018199547165129093
census_geographies/2010_tracts.shp, study_areas/definitions/max_county_27145_march_2020.shp, 1167.3652671522025, 0.4148064944509999, 0.00035533564868083135
census_geographies/2010_tracts.shp, study_areas/definitions/max_county_28035_march_2020.shp, 1167.3652671522025, 0.1152456055235, 9.872283231849328e-05
census_geographies/2010_tracts.shp, study_areas/definitions/max_county_28047_march_2020.shp, 1167.3652671522025, 0.23736884322599983, 0.0002033372500494752
census_geographies/2010_tracts.shp, study_areas/definitions/max_county_28049_march_2020.shp, 1167.3652671522025, 0.21747439344399966, 0.00018629506938691974
census_geographies/2010_tracts.shp, study_areas/definitions/max_county_29019_march_2020.shp, 1167.3652671522025, 0.18606939475149947, 0.000159392608283967
census_geographies/2010_tracts.shp, study_areas/definitions/max_county_29021_march_2020.shp, 1167.3652671522025, 0.11271619482450015, 9.655606346715478e-05
census_geographies/2010_tracts.shp, study_areas/definitions/max_county_29031_march_2020.shp, 1167.3652671522025, 0.15449894164449984, 0.00013234841398134222
census_geographies/2010_tracts.shp, study_areas/definitions/max_county_29051_march_2020.shp, 1167.3652671522025, 0.1075109295754999, 9.209707758204399e-05
census_geographies/2010_tracts.shp, study_areas/definitions/max_county_29077_march_2020.shp, 1167.3652671522025, 0.17832996223049982, 0.0001527627789248324
census_geographies/2010_tracts.shp, study_areas/definitions/max_county_29095_march_2020.shp, 1167.3652671522025, 0.16598565608799998, 0.0001421882771044948
census_geographies/2010_tracts.shp, study_areas/definitions/max_county_29097_march_2020.shp, 1167.3652671522025, 0.16858142854050007, 0.00014441189341854918
census_geographies/2010_tracts.shp, study_areas/definitions/max_county_29189_march_2020.shp, 1167.3652671522025, 0.1401604570549997, 0.00012006563926381184
census_geographies/2010_tracts.shp, study_areas/definitions/max_county_30013_march_2020.shp, 1167.3652671522025, 0.8353499855379982, 0.0007155857802552594
census_geographies/2010_tracts.shp, study_areas/definitions/max_county_30063_march_2020.shp, 1167.3652671522025, 0.8025849880924998, 0.0006875183035472802
census_geographies/2010_tracts.shp, study_areas/definitions/max_county_30111_march_2020.shp, 1167.3652671522025, 0.7959719640135, 0.0006818533893468326
census_geographies/2010_tracts.shp, study_areas/definitions/max_county_31055_march_2020.shp, 1167.3652671522025, 0.09448367414849991, 8.093754097977717e-05
census_geographies/2010_tracts.shp, study_areas/definitions/max_county_31079_march_2020.shp, 1167.3652671522025, 0.15276176361050017, 0.00013086029532398527
census_geographies/2010_tracts.shp, study_areas/definitions/max_county_31109_march_2020.shp, 1167.3652671522025, 0.23386159679200075, 0.0002003328378636004
census_geographies/2010_tracts.shp, study_areas/definitions/max_county_32003_march_2020.shp, 1167.3652671522025, 2.0925129411619885, 0.0017925091657615372
census_geographies/2010_tracts.shp, study_areas/definitions/max_county_32031_march_2020.shp, 1167.3652671522025, 1.8046456604100023, 0.0015459134438807235
census_geographies/2010_tracts.shp, study_areas/definitions/max_county_32510_march_2020.shp, 1167.3652671522025, 0.042437875567499735, 3.63535533920992e-05
census_geographies/2010_tracts.shp, study_areas/definitions/max_county_33011_march_2020.shp, 1167.3652671522025, 0.25475189935999937, 0.00021822809580541042
census_geographies/2010_tracts.shp, study_areas/definitions/max_county_34001_march_2020.shp, 1167.3652671522025, 0.18212836665649934, 0.0001560166057542581
census_geographies/2010_tracts.shp, study_areas/definitions/max_county_34009_march_2020.shp, 1167.3652671522025, 0.16728718067050002, 0.00014330320198629735
census_geographies/2010_tracts.shp, study_areas/definitions/max_county_34011_march_2020.shp, 1167.3652671522025, 0.18333586942950092, 0.00015705098874215295
census_geographies/2010_tracts.shp, study_areas/definitions/max_county_34021_march_2020.shp, 1167.3652671522025, 0.06277984360050039, 5.377909157229969e-05
census_geographies/2010_tracts.shp, study_areas/definitions/max_county_35001_march_2020.shp, 1167.3652671522025, 0.298677096643, 0.000255855733460038
census_geographies/2010_tracts.shp, study_areas/definitions/max_county_35013_march_2020.shp, 1167.3652671522025, 0.9465177254249988, 0.0008108153909136229
census_geographies/2010_tracts.shp, study_areas/definitions/max_county_35045_march_2020.shp, 1167.3652671522025, 1.4430114611704987, 0.0012361267734911606
census_geographies/2010_tracts.shp, study_areas/definitions/max_county_35049_march_2020.shp, 1167.3652671522025, 0.4916964505249994, 0.0004212018845862162
census_geographies/2010_tracts.shp, study_areas/definitions/max_county_36001_march_2020.shp, 1167.3652671522025, 0.1515110263664997, 0.00012978887639522816
census_geographies/2010_tracts.shp, study_areas/definitions/max_county_36007_march_2020.shp, 1167.3652671522025, 0.20187919569350013, 0.00017293575659141046
census_geographies/2010_tracts.shp, study_areas/definitions/max_county_36015_march_2020.shp, 1167.3652671522025, 0.11586511215100004, 9.925352022306948e-05
census_geographies/2010_tracts.shp, study_areas/definitions/max_county_36029_march_2020.shp, 1167.3652671522025, 0.34942337301950016, 0.000299326511462793
census_geographies/2010_tracts.shp, study_areas/definitions/max_county_36045_march_2020.shp, 1167.3652671522025, 0.5397379834984978, 0.0004623556984997448
census_geographies/2010_tracts.shp, study_areas/definitions/max_county_36047_march_2020.shp, 1167.3652671522025, 0.026719749414000057, 2.288893645018505e-05
census_geographies/2010_tracts.shp, study_areas/definitions/max_county_36055_march_2020.shp, 1167.3652671522025, 0.3927117402995019, 0.0003364086214913054
census_geographies/2010_tracts.shp, study_areas/definitions/max_county_36065_march_2020.shp, 1167.3652671522025, 0.3609880261680009, 0.0003092331392115463
census_geographies/2010_tracts.shp, study_areas/definitions/max_county_36067_march_2020.shp, 1167.3652671522025, 0.23035995280299928, 0.00019733322489966175
census_geographies/2010_tracts.shp, study_areas/definitions/max_county_36071_march_2020.shp, 1167.3652671522025, 0.23388008559000018, 0.00020034867592090747
census_geographies/2010_tracts.shp, study_areas/definitions/max_county_36109_march_2020.shp, 1167.3652671522025, 0.13932557366500078, 0.00011935045318324976
census_geographies/2010_tracts.shp, study_areas/definitions/max_county_36111_march_2020.shp, 1167.3652671522025, 0.3261256300315, 0.000279368968058375
census_geographies/2010_tracts.shp, study_areas/definitions/max_county_36113_march_2020.shp, 1167.3652671522025, 0.268791724373499, 0.0002302550297981871
census_geographies/2010_tracts.shp, study_areas/definitions/max_county_37001_march_2020.shp, 1167.3652671522025, 0.11260826809149954, 9.646361019992343e-05
census_geographies/2010_tracts.shp, study_areas/definitions/max_county_37021_march_2020.shp, 1167.3652671522025, 0.1700797760204994, 0.00014569542268069228
census_geographies/2010_tracts.shp, study_areas/definitions/max_county_37035_march_2020.shp, 1167.3652671522025, 0.10658018983900021, 9.129977808831292e-05
census_geographies/2010_tracts.shp, study_areas/definitions/max_county_37049_march_2020.shp, 1167.3652671522025, 0.19826160510050006, 0.0001698368202988949
census_geographies/2010_tracts.shp, study_areas/definitions/max_county_37051_march_2020.shp, 1167.3652671522025, 0.16846724395449972, 0.00014431407948728594
census_geographies/2010_tracts.shp, study_areas/definitions/max_county_37063_march_2020.shp, 1167.3652671522025, 0.07714729604750024, 6.608668102290017e-05
census_geographies/2010_tracts.shp, study_areas/definitions/max_county_37067_march_2020.shp, 1167.3652671522025, 0.10701437809000001, 9.167171672929974e-05
census_geographies/2010_tracts.shp, study_areas/definitions/max_county_37081_march_2020.shp, 1167.3652671522025, 0.17041779314249997, 0.0001459849782564078
census_geographies/2010_tracts.shp, study_areas/definitions/max_county_37119_march_2020.shp, 1167.3652671522025, 0.14002523946000006, 0.00011994980782800985
census_geographies/2010_tracts.shp, study_areas/definitions/max_county_37127_march_2020.shp, 1167.3652671522025, 0.14045652823249957, 0.0001203192626889992
census_geographies/2010_tracts.shp, study_areas/definitions/max_county_37129_march_2020.shp, 1167.3652671522025, 0.08312601766750007, 7.120823276701276e-05
census_geographies/2010_tracts.shp, study_areas/definitions/max_county_37133_march_2020.shp, 1167.3652671522025, 0.23087372699399986, 0.00019777333923701385
census_geographies/2010_tracts.shp, study_areas/definitions/max_county_37147_march_2020.shp, 1167.3652671522025, 0.16867349883899993, 0.000144490763589772
census_geographies/2010_tracts.shp, study_areas/definitions/max_county_37183_march_2020.shp, 1167.3652671522025, 0.22136930894400034, 0.00018963157048867204
census_geographies/2010_tracts.shp, study_areas/definitions/max_county_37191_march_2020.shp, 1167.3652671522025, 0.1430352037479995, 0.0001225282332555046
census_geographies/2010_tracts.shp, study_areas/definitions/max_county_38015_march_2020.shp, 1167.3652671522025, 0.5108200059115001, 0.00043758369405460373
census_geographies/2010_tracts.shp, study_areas/definitions/max_county_38017_march_2020.shp, 1167.3652671522025, 0.5408734665324996, 0.00046332838722533263
census_geographies/2010_tracts.shp, study_areas/definitions/max_county_38035_march_2020.shp, 1167.3652671522025, 0.44865232318499804, 0.0003843289977947427
census_geographies/2010_tracts.shp, study_areas/definitions/max_county_39003_march_2020.shp, 1167.3652671522025, 0.11239407060899967, 9.628012223045317e-05
census_geographies/2010_tracts.shp, study_areas/definitions/max_county_39013_march_2020.shp, 1167.3652671522025, 0.1478866678379997, 0.00012668414248675607
census_geographies/2010_tracts.shp, study_areas/definitions/max_county_39023_march_2020.shp, 1167.3652671522025, 0.10982158948349964, 9.407645796367605e-05
census_geographies/2010_tracts.shp, study_areas/definitions/max_county_39035_march_2020.shp, 1167.3652671522025, 0.34859926741149994, 0.00029862055795261996
census_geographies/2010_tracts.shp, study_areas/definitions/max_county_39049_march_2020.shp, 1167.3652671522025, 0.14839827286999968, 0.0001271223986576357
census_geographies/2010_tracts.shp, study_areas/definitions/max_county_39061_march_2020.shp, 1167.3652671522025, 0.11143231625250036, 9.545625468568243e-05
census_geographies/2010_tracts.shp, study_areas/definitions/max_county_39081_march_2020.shp, 1167.3652671522025, 0.1128840607474999, 9.669986243712863e-05
census_geographies/2010_tracts.shp, study_areas/definitions/max_county_39095_march_2020.shp, 1167.3652671522025, 0.16689125807149965, 0.00014296404284721637
census_geographies/2010_tracts.shp, study_areas/definitions/max_county_39099_march_2020.shp, 1167.3652671522025, 0.11791318219550008, 0.00010100795827440566
census_geographies/2010_tracts.shp, study_areas/definitions/max_county_39113_march_2020.shp, 1167.3652671522025, 0.12639063011850027, 0.00010826999369857156
census_geographies/2010_tracts.shp, study_areas/definitions/max_county_39139_march_2020.shp, 1167.3652671522025, 0.13815560714499964, 0.0001183482248722642
census_geographies/2010_tracts.shp, study_areas/definitions/max_county_39151_march_2020.shp, 1167.3652671522025, 0.16047584341699953, 0.00013746840678966038
census_geographies/2010_tracts.shp, study_areas/definitions/max_county_39153_march_2020.shp, 1167.3652671522025, 0.11665759213799957, 9.99323822804723e-05
census_geographies/2010_tracts.shp, study_areas/definitions/max_county_40031_march_2020.shp, 1167.3652671522025, 0.27602861801800005, 0.0002364543693263842
census_geographies/2010_tracts.shp, study_areas/definitions/max_county_40047_march_2020.shp, 1167.3652671522025, 0.2757416034974993, 0.00023620850410443795
census_geographies/2010_tracts.shp, study_areas/definitions/max_county_40109_march_2020.shp, 1167.3652671522025, 0.18494723818099992, 0.000158431335405567
census_geographies/2010_tracts.shp, study_areas/definitions/max_county_40143_march_2020.shp, 1167.3652671522025, 0.1521994444574993, 0.00013037859592035931
census_geographies/2010_tracts.shp, study_areas/definitions/max_county_41003_march_2020.shp, 1167.3652671522025, 0.1988527839679998, 0.00017034324179706224
census_geographies/2010_tracts.shp, study_areas/definitions/max_county_41017_march_2020.shp, 1167.3652671522025, 0.8865352232289997, 0.0007594325856479438
census_geographies/2010_tracts.shp, study_areas/definitions/max_county_41029_march_2020.shp, 1167.3652671522025, 0.7938486417419994, 0.0006800344879872946
census_geographies/2010_tracts.shp, study_areas/definitions/max_county_41033_march_2020.shp, 1167.3652671522025, 0.46473104173000135, 0.00039810250896338273
census_geographies/2010_tracts.shp, study_areas/definitions/max_county_41039_march_2020.shp, 1167.3652671522025, 1.3709393564535042, 0.0011743876531446944
census_geographies/2010_tracts.shp, study_areas/definitions/max_county_41043_march_2020.shp, 1167.3652671522025, 0.6765582464645014, 0.0005795600276124122
census_geographies/2010_tracts.shp, study_areas/definitions/max_county_41047_march_2020.shp, 1167.3652671522025, 0.351894242130001, 0.0003014431318386318
census_geographies/2010_tracts.shp, study_areas/definitions/max_county_41051_march_2020.shp, 1167.3652671522025, 0.13893791021750002, 0.00011901836908034812
census_geographies/2010_tracts.shp, study_areas/definitions/max_county_42001_march_2020.shp, 1167.3652671522025, 0.1422670041695008, 0.00012187017052217288
census_geographies/2010_tracts.shp, study_areas/definitions/max_county_42003_march_2020.shp, 1167.3652671522025, 0.20476269400500005, 0.00017540584748124328
census_geographies/2010_tracts.shp, study_areas/definitions/max_county_42011_march_2020.shp, 1167.3652671522025, 0.23792198036100035, 0.0002038110838618773
census_geographies/2010_tracts.shp, study_areas/definitions/max_county_42013_march_2020.shp, 1167.3652671522025, 0.14498322434949992, 0.0001241969659618088
census_geographies/2010_tracts.shp, study_areas/definitions/max_county_42021_march_2020.shp, 1167.3652671522025, 0.1908410548040003, 0.00016348015499001326
census_geographies/2010_tracts.shp, study_areas/definitions/max_county_42027_march_2020.shp, 1167.3652671522025, 0.3081439393115001, 0.00026396531401282807
census_geographies/2010_tracts.shp, study_areas/definitions/max_county_42037_march_2020.shp, 1167.3652671522025, 0.13596921926750008, 0.00011647529962853714
census_geographies/2010_tracts.shp, study_areas/definitions/max_county_42043_march_2020.shp, 1167.3652671522025, 0.1533934651340005, 0.00013140142974118563
census_geographies/2010_tracts.shp, study_areas/definitions/max_county_42049_march_2020.shp, 1167.3652671522025, 0.4393552350514999, 0.0003763648340534499
census_geographies/2010_tracts.shp, study_areas/definitions/max_county_42055_march_2020.shp, 1167.3652671522025, 0.21088175676599993, 0.0001806476196438907
census_geographies/2010_tracts.shp, study_areas/definitions/max_county_42071_march_2020.shp, 1167.3652671522025, 0.2688982367920003, 0.0002303462715213207
census_geographies/2010_tracts.shp, study_areas/definitions/max_county_42075_march_2020.shp, 1167.3652671522025, 0.09954808657149994, 8.527586812167913e-05
census_geographies/2010_tracts.shp, study_areas/definitions/max_county_42077_march_2020.shp, 1167.3652671522025, 0.09597743588000016, 8.221714195261088e-05
census_geographies/2010_tracts.shp, study_areas/definitions/max_county_42079_march_2020.shp, 1167.3652671522025, 0.2518803959914994, 0.0002157682801424817
census_geographies/2010_tracts.shp, study_areas/definitions/max_county_42081_march_2020.shp, 1167.3652671522025, 0.3465708785460001, 0.0002968829793878164
census_geographies/2010_tracts.shp, study_areas/definitions/max_county_42089_march_2020.shp, 1167.3652671522025, 0.17122129677600006, 0.000146673283499085
census_geographies/2010_tracts.shp, study_areas/definitions/max_county_42101_march_2020.shp, 1167.3652671522025, 0.03898588397800006, 3.339647415851806e-05
census_geographies/2010_tracts.shp, study_areas/definitions/max_county_42133_march_2020.shp, 1167.3652671522025, 0.2484846655210001, 0.0002128593958660262
census_geographies/2010_tracts.shp, study_areas/definitions/max_county_44007_march_2020.shp, 1167.3652671522025, 0.12236924379999968, 0.000104825153911355
census_geographies/2010_tracts.shp, study_areas/definitions/max_county_45013_march_2020.shp, 1167.3652671522025, 0.22912760250550038, 0.00019627755677917256
census_geographies/2010_tracts.shp, study_areas/definitions/max_county_45019_march_2020.shp, 1167.3652671522025, 0.33869777353450037, 0.00029013864217560323
census_geographies/2010_tracts.shp, study_areas/definitions/max_county_45041_march_2020.shp, 1167.3652671522025, 0.2031932408770004, 0.00017406140699448085
census_geographies/2010_tracts.shp, study_areas/definitions/max_county_45045_march_2020.shp, 1167.3652671522025, 0.20302015536700027, 0.00017391313677018135
census_geographies/2010_tracts.shp, study_areas/definitions/max_county_45051_march_2020.shp, 1167.3652671522025, 0.3168443858359997, 0.0002714183767082126
census_geographies/2010_tracts.shp, study_areas/definitions/max_county_45079_march_2020.shp, 1167.3652671522025, 0.19509385863450016, 0.0001671232339389652
census_geographies/2010_tracts.shp, study_areas/definitions/max_county_45083_march_2020.shp, 1167.3652671522025, 0.20933846412249996, 0.00017932558901052705
census_geographies/2010_tracts.shp, study_areas/definitions/max_county_45085_march_2020.shp, 1167.3652671522025, 0.17222542134750035, 0.000147533446637183
census_geographies/2010_tracts.shp, study_areas/definitions/max_county_46099_march_2020.shp, 1167.3652671522025, 0.2352566481159998, 0.00020152788054925638
census_geographies/2010_tracts.shp, study_areas/definitions/max_county_46103_march_2020.shp, 1167.3652671522025, 0.8092278238489995, 0.000693208755322246
census_geographies/2010_tracts.shp, study_areas/definitions/max_county_47011_march_2020.shp, 1167.3652671522025, 0.08492105672949997, 7.27459169113928e-05
census_geographies/2010_tracts.shp, study_areas/definitions/max_county_47037_march_2020.shp, 1167.3652671522025, 0.13644669468249992, 0.00011688431934878686
census_geographies/2010_tracts.shp, study_areas/definitions/max_county_47063_march_2020.shp, 1167.3652671522025, 0.045636337915500064, 3.909345189516414e-05
census_geographies/2010_tracts.shp, study_areas/definitions/max_county_47065_march_2020.shp, 1167.3652671522025, 0.14759497336550018, 0.00012643426827796528
census_geographies/2010_tracts.shp, study_areas/definitions/max_county_47093_march_2020.shp, 1167.3652671522025, 0.1361264171710003, 0.00011660996005396139
census_geographies/2010_tracts.shp, study_areas/definitions/max_county_47113_march_2020.shp, 1167.3652671522025, 0.14391991727100037, 0.0001232861053182559
census_geographies/2010_tracts.shp, study_areas/definitions/max_county_47125_march_2020.shp, 1167.3652671522025, 0.1416706489839996, 0.00012135931483519836
census_geographies/2010_tracts.shp, study_areas/definitions/max_county_47157_march_2020.shp, 1167.3652671522025, 0.20120372258700003, 0.0001723571261271446
census_geographies/2010_tracts.shp, study_areas/definitions/max_county_47163_march_2020.shp, 1167.3652671522025, 0.1119637869569995, 9.59115283857435e-05
census_geographies/2010_tracts.shp, study_areas/definitions/max_county_47179_march_2020.shp, 1167.3652671522025, 0.08569342447799994, 7.340755022380422e-05
census_geographies/2010_tracts.shp, study_areas/definitions/max_county_48027_march_2020.shp, 1167.3652671522025, 0.26619250430499936, 0.00022802846015316033
census_geographies/2010_tracts.shp, study_areas/definitions/max_county_48029_march_2020.shp, 1167.3652671522025, 0.302531987356, 0.0002591579481322323
census_geographies/2010_tracts.shp, study_areas/definitions/max_county_48037_march_2020.shp, 1167.3652671522025, 0.23179972244400027, 0.00019856657463304323
census_geographies/2010_tracts.shp, study_areas/definitions/max_county_48041_march_2020.shp, 1167.3652671522025, 0.1441194229315003, 0.00012345700783361564
census_geographies/2010_tracts.shp, study_areas/definitions/max_county_48061_march_2020.shp, 1167.3652671522025, 0.29843515426149964, 0.00025564847838032285
census_geographies/2010_tracts.shp, study_areas/definitions/max_county_48113_march_2020.shp, 1167.3652671522025, 0.22647120539249957, 0.0001940020075678438
census_geographies/2010_tracts.shp, study_areas/definitions/max_county_48135_march_2020.shp, 1167.3652671522025, 0.22259089115250025, 0.0001906780143420856
census_geographies/2010_tracts.shp, study_areas/definitions/max_county_48141_march_2020.shp, 1167.3652671522025, 0.25026355105049986, 0.00021438324241136616
census_geographies/2010_tracts.shp, study_areas/definitions/max_county_48181_march_2020.shp, 1167.3652671522025, 0.2464228019064993, 0.00021109314183010585
census_geographies/2010_tracts.shp, study_areas/definitions/max_county_48183_march_2020.shp, 1167.3652671522025, 0.0685184062709998, 5.8694915977884996e-05
census_geographies/2010_tracts.shp, study_areas/definitions/max_county_48201_march_2020.shp, 1167.3652671522025, 0.42981693250199904, 0.00036819403882945833
census_geographies/2010_tracts.shp, study_areas/definitions/max_county_48215_march_2020.shp, 1167.3652671522025, 0.37085130664899946, 0.0003176823202507081
census_geographies/2010_tracts.shp, study_areas/definitions/max_county_48245_march_2020.shp, 1167.3652671522025, 0.26904730768699864, 0.00023047397010820945
census_geographies/2010_tracts.shp, study_areas/definitions/max_county_48303_march_2020.shp, 1167.3652671522025, 0.22663020687100005, 0.00019413821298955243
census_geographies/2010_tracts.shp, study_areas/definitions/max_county_48309_march_2020.shp, 1167.3652671522025, 0.2608303922775, 0.00022343511462680224
census_geographies/2010_tracts.shp, study_areas/definitions/max_county_48329_march_2020.shp, 1167.3652671522025, 0.22266046138100037, 0.0001907376102804416
census_geographies/2010_tracts.shp, study_areas/definitions/max_county_48355_march_2020.shp, 1167.3652671522025, 0.27630254927399905, 0.00023668902703267975
census_geographies/2010_tracts.shp, study_areas/definitions/max_county_48381_march_2020.shp, 1167.3652671522025, 0.23580277139350028, 0.0002019957060815619
census_geographies/2010_tracts.shp, study_areas/definitions/max_county_48423_march_2020.shp, 1167.3652671522025, 0.23570567505500029, 0.0002019125304541622
census_geographies/2010_tracts.shp, study_areas/definitions/max_county_48441_march_2020.shp, 1167.3652671522025, 0.22797477603000202, 0.00019529001114291196
census_geographies/2010_tracts.shp, study_areas/definitions/max_county_48451_march_2020.shp, 1167.3652671522025, 0.3784074795700002, 0.0003241551639557758
census_geographies/2010_tracts.shp, study_areas/definitions/max_county_48453_march_2020.shp, 1167.3652671522025, 0.24855015927650018, 0.0002129154997756961
census_geographies/2010_tracts.shp, study_areas/definitions/max_county_48469_march_2020.shp, 1167.3652671522025, 0.21275192972650037, 0.00018224966573274063
census_geographies/2010_tracts.shp, study_areas/definitions/max_county_48479_march_2020.shp, 1167.3652671522025, 0.800333635728002, 0.0006855897277811107
census_geographies/2010_tracts.shp, study_areas/definitions/max_county_48485_march_2020.shp, 1167.3652671522025, 0.1599933686604997, 0.00013705510448396748
census_geographies/2010_tracts.shp, study_areas/definitions/max_county_49005_march_2020.shp, 1167.3652671522025, 0.3287331283794999, 0.0002816026291251985
census_geographies/2010_tracts.shp, study_areas/definitions/max_county_49011_march_2020.shp, 1167.3652671522025, 0.17570844000999958, 0.00015051710458941598
census_geographies/2010_tracts.shp, study_areas/definitions/max_county_49035_march_2020.shp, 1167.3652671522025, 0.22269713150199993, 0.0001907690230027757
census_geographies/2010_tracts.shp, study_areas/definitions/max_county_49049_march_2020.shp, 1167.3652671522025, 0.5866987550100032, 0.0005025836998228154
census_geographies/2010_tracts.shp, study_areas/definitions/max_county_49053_march_2020.shp, 1167.3652671522025, 0.6394106643105023, 0.000547738297774055
census_geographies/2010_tracts.shp, study_areas/definitions/max_county_50007_march_2020.shp, 1167.3652671522025, 0.18137764843400023, 0.00015537351807328698
census_geographies/2010_tracts.shp, study_areas/definitions/max_county_51003_march_2020.shp, 1167.3652671522025, 0.19296334374699994, 0.0001652981711694538
census_geographies/2010_tracts.shp, study_areas/definitions/max_county_51015_march_2020.shp, 1167.3652671522025, 0.2584957160034999, 0.00022143516110780168
census_geographies/2010_tracts.shp, study_areas/definitions/max_county_51019_march_2020.shp, 1167.3652671522025, 0.20433599765850086, 0.00017504032662971056
census_geographies/2010_tracts.shp, study_areas/definitions/max_county_51041_march_2020.shp, 1167.3652671522025, 0.11513088408250058, 9.86245585011822e-05
census_geographies/2010_tracts.shp, study_areas/definitions/max_county_51059_march_2020.shp, 1167.3652671522025, 0.1091587072600005, 9.350861322634183e-05
census_geographies/2010_tracts.shp, study_areas/definitions/max_county_51069_march_2020.shp, 1167.3652671522025, 0.11222319301200023, 9.613374337046165e-05
census_geographies/2010_tracts.shp, study_areas/definitions/max_county_51121_march_2020.shp, 1167.3652671522025, 0.10229191348900044, 8.762631231828785e-05
census_geographies/2010_tracts.shp, study_areas/definitions/max_county_51165_march_2020.shp, 1167.3652671522025, 0.2282840048184996, 0.00019555490577118193
census_geographies/2010_tracts.shp, study_areas/definitions/max_county_51770_march_2020.shp, 1167.3652671522025, 0.011289457370000045, 9.670886814664936e-06
census_geographies/2010_tracts.shp, study_areas/definitions/max_county_51810_march_2020.shp, 1167.3652671522025, 0.13002279487900015, 0.00011138141465883413
census_geographies/2010_tracts.shp, study_areas/definitions/max_county_53005_march_2020.shp, 1167.3652671522025, 0.5317042884225004, 0.0004554737950355483
census_geographies/2010_tracts.shp, study_areas/definitions/max_county_53007_march_2020.shp, 1167.3652671522025, 0.9321932742095003, 0.0007985446376039555
census_geographies/2010_tracts.shp, study_areas/definitions/max_county_53015_march_2020.shp, 1167.3652671522025, 0.35201958522200033, 0.000301550504479849
census_geographies/2010_tracts.shp, study_areas/definitions/max_county_53033_march_2020.shp, 1167.3652671522025, 0.7131354131354991, 0.0006108931224887297
census_geographies/2010_tracts.shp, study_areas/definitions/max_county_53035_march_2020.shp, 1167.3652671522025, 0.17543780030250017, 0.00015028526652200488
census_geographies/2010_tracts.shp, study_areas/definitions/max_county_53057_march_2020.shp, 1167.3652671522025, 0.6049462040960009, 0.0005182150104326577
census_geographies/2010_tracts.shp, study_areas/definitions/max_county_53063_march_2020.shp, 1167.3652671522025, 0.5518299884389987, 0.00047271407156492895
census_geographies/2010_tracts.shp, study_areas/definitions/max_county_53067_march_2020.shp, 1167.3652671522025, 0.2366307279620002, 0.00020270495843966891
census_geographies/2010_tracts.shp, study_areas/definitions/max_county_53071_march_2020.shp, 1167.3652671522025, 0.3923678531675, 0.0003361140374894695
census_geographies/2010_tracts.shp, study_areas/definitions/max_county_53073_march_2020.shp, 1167.3652671522025, 0.7941252868595019, 0.000680271470468517
census_geographies/2010_tracts.shp, study_areas/definitions/max_county_53077_march_2020.shp, 1167.3652671522025, 1.3076204010135053, 0.0011201467422475712
census_geographies/2010_tracts.shp, study_areas/definitions/max_county_54011_march_2020.shp, 1167.3652671522025, 0.07695167799050001, 6.591910874496402e-05
census_geographies/2010_tracts.shp, study_areas/definitions/max_county_54039_march_2020.shp, 1167.3652671522025, 0.24310129593049962, 0.00020824784047545573
census_geographies/2010_tracts.shp, study_areas/definitions/max_county_54061_march_2020.shp, 1167.3652671522025, 0.09941512345100048, 8.516196793615808e-05
census_geographies/2010_tracts.shp, study_areas/definitions/max_county_54081_march_2020.shp, 1167.3652671522025, 0.1613886628380009, 0.00013825035520519634
census_geographies/2010_tracts.shp, study_areas/definitions/max_county_54107_march_2020.shp, 1167.3652671522025, 0.10176924385600021, 8.717857787928465e-05
census_geographies/2010_tracts.shp, study_areas/definitions/max_county_55009_march_2020.shp, 1167.3652671522025, 0.18036678594749966, 0.00015450758303569025
census_geographies/2010_tracts.shp, study_areas/definitions/max_county_55025_march_2020.shp, 1167.3652671522025, 0.3544164341764998, 0.0003036037169763511
census_geographies/2010_tracts.shp, study_areas/definitions/max_county_55035_march_2020.shp, 1167.3652671522025, 0.1898313646565, 0.00016261522421306507
census_geographies/2010_tracts.shp, study_areas/definitions/max_county_55039_march_2020.shp, 1167.3652671522025, 0.22166398863049958, 0.0001898840019210532
census_geographies/2010_tracts.shp, study_areas/definitions/max_county_55063_march_2020.shp, 1167.3652671522025, 0.1392609368420002, 0.00011929508334758703
census_geographies/2010_tracts.shp, study_areas/definitions/max_county_55073_march_2020.shp, 1167.3652671522025, 0.46511344922200054, 0.0003984300906576129
census_geographies/2010_tracts.shp, study_areas/definitions/max_county_55079_march_2020.shp, 1167.3652671522025, 0.3401921609559995, 0.0002914187791332024
census_geographies/2010_tracts.shp, study_areas/definitions/max_county_55087_march_2020.shp, 1167.3652671522025, 0.1886413511195003, 0.00016159582302777647
census_geographies/2010_tracts.shp, study_areas/definitions/max_county_55101_march_2020.shp, 1167.3652671522025, 0.22558139974600125, 0.00019323977343981545
census_geographies/2010_tracts.shp, study_areas/definitions/max_county_55105_march_2020.shp, 1167.3652671522025, 0.20651889823050004, 0.00017691026454325187
census_geographies/2010_tracts.shp, study_areas/definitions/max_county_55117_march_2020.shp, 1167.3652671522025, 0.36773986235899914, 0.0003150169640185575
census_geographies/2010_tracts.shp, study_areas/definitions/max_county_55139_march_2020.shp, 1167.3652671522025, 0.16833865050900088, 0.0001442039224960534
census_geographies/2010_tracts.shp, study_areas/definitions/max_county_56021_march_2020.shp, 1167.3652671522025, 0.748428979789501, 0.000641126647202122
census_geographies/2010_tracts.shp, study_areas/definitions/max_county_56025_march_2020.shp, 1167.3652671522025, 1.5360723497964994, 0.0013158455138414054
census_geographies/2010_tracts.shp, study_areas/definitions/max_county_72005_march_2020.shp, 1167.3652671522025, 0.016744263975999932, 1.4343637289164604e-05
census_geographies/2010_tracts.shp, study_areas/definitions/max_county_72013_march_2020.shp, 1167.3652671522025, 0.03791844443299976, 3.248207352057178e-05
census_geographies/2010_tracts.shp, study_areas/definitions/max_county_72023_march_2020.shp, 1167.3652671522025, 0.03920573478349983, 3.358480493354282e-05
census_geographies/2010_tracts.shp, study_areas/definitions/max_county_72057_march_2020.shp, 1167.3652671522025, 0.023598756091499945, 2.0215400231214102e-05
census_geographies/2010_tracts.shp, study_areas/definitions/max_county_72097_march_2020.shp, 1167.3652671522025, 0.06062318805250031, 5.193163593122065e-05
census_geographies/2010_tracts.shp, study_areas/definitions/max_county_72113_march_2020.shp, 1167.3652671522025, 0.04277956102150023, 3.664625137071393e-05
census_geographies/2010_tracts.shp, study_areas/definitions/max_county_72127_march_2020.shp, 1167.3652671522025, 0.017044156618499836, 1.4600534295558752e-05
census_geographies/2010_tracts.shp, study_areas/definitions/max_county_72153_march_2020.shp, 1167.3652671522025, 0.015212955133500055, 1.3031872338134737e-05
census_geographies/2000_tracts.shp, study_areas/definitions/max_county_01003_march_2020.shp, 1167.3652671522025, 0.4941813673019983, 0.0004233305386132979
census_geographies/2000_tracts.shp, study_areas/definitions/max_county_01015_march_2020.shp, 1167.3652671522025, 0.15434327198850042, 0.00013221506269843212
census_geographies/2000_tracts.shp, study_areas/definitions/max_county_01055_march_2020.shp, 1167.3652671522025, 0.13873473532799974, 0.00011884432339369177
census_geographies/2000_tracts.shp, study_areas/definitions/max_county_01069_march_2020.shp, 1167.3652671522025, 0.14250580604400048, 0.00012207473534966875
census_geographies/2000_tracts.shp, study_areas/definitions/max_county_01073_march_2020.shp, 1167.3652671522025, 0.2825878577510006, 0.00024207321024753126
census_geographies/2000_tracts.shp, study_areas/definitions/max_county_01077_march_2020.shp, 1167.3652671522025, 0.18416541974300005, 0.00015776160634989008
census_geographies/2000_tracts.shp, study_areas/definitions/max_county_01081_march_2020.shp, 1167.3652671522025, 0.15317315361200004, 0.0001312127043026278
census_geographies/2000_tracts.shp, study_areas/definitions/max_county_01089_march_2020.shp, 1167.3652671522025, 0.20724278125700019, 0.00017753036439277546
census_geographies/2000_tracts.shp, study_areas/definitions/max_county_01097_march_2020.shp, 1167.3652671522025, 0.4008449901324999, 0.00034337580653771263
census_geographies/2000_tracts.shp, study_areas/definitions/max_county_01101_march_2020.shp, 1167.3652671522025, 0.1981929299880002, 0.0001697779911436748
census_geographies/2000_tracts.shp, study_areas/definitions/max_county_01103_march_2020.shp, 1167.3652671522025, 0.15220888756749973, 0.00013038668517079886
census_geographies/2000_tracts.shp, study_areas/definitions/max_county_01125_march_2020.shp, 1167.3652671522025, 0.33876558998399886, 0.00029019673577441654
census_geographies/2000_tracts.shp, study_areas/definitions/max_county_02020_march_2020.shp, 1167.3652671522025, 0.8463470898194985, 0.0007250062286709707
census_geographies/2000_tracts.shp, study_areas/definitions/max_county_02090_march_2020.shp, 1167.3652671522025, 3.6395196273169996, 0.003117721359138634
census_geographies/2000_tracts.shp, study_areas/definitions/max_county_04003_march_2020.shp, 1167.3652671522025, 1.5352511285125003, 0.0013151420311294326
census_geographies/2000_tracts.shp, study_areas/definitions/max_county_04005_march_2020.shp, 1167.3652671522025, 4.821756461422492, 0.004130460788151774
census_geographies/2000_tracts.shp, study_areas/definitions/max_county_04013_march_2020.shp, 1167.3652671522025, 2.314256797592489, 0.0019824615848286612
census_geographies/2000_tracts.shp, study_areas/definitions/max_county_04015_march_2020.shp, 1167.3652671522025, 3.472310335421016, 0.0029744848790059916
census_geographies/2000_tracts.shp, study_areas/definitions/max_county_04019_march_2020.shp, 1167.3652671522025, 2.2737938223505005, 0.0019477997901183406
census_geographies/2000_tracts.shp, study_areas/definitions/max_county_04025_march_2020.shp, 1167.3652671522025, 2.068700996328501, 0.0017721111416781437
census_geographies/2000_tracts.shp, study_areas/definitions/max_county_04027_march_2020.shp, 1167.3652671522025, 1.3756983260090012, 0.0011784643287914751
census_geographies/2000_tracts.shp, study_areas/definitions/max_county_05007_march_2020.shp, 1167.3652671522025, 0.22886614090650018, 0.00019605358095398974
census_geographies/2000_tracts.shp, study_areas/definitions/max_county_05031_march_2020.shp, 1167.3652671522025, 0.18411277895899975, 0.00015771651267999814
census_geographies/2000_tracts.shp, study_areas/definitions/max_county_05051_march_2020.shp, 1167.3652671522025, 0.1869260504429994, 0.00016012644516913467
census_geographies/2000_tracts.shp, study_areas/definitions/max_county_05069_march_2020.shp, 1167.3652671522025, 0.2316692018800003, 0.0001984547668144687
census_geographies/2000_tracts.shp, study_areas/definitions/max_county_05119_march_2020.shp, 1167.3652671522025, 0.20598064250700082, 0.00017644917859299715
census_geographies/2000_tracts.shp, study_areas/definitions/max_county_05131_march_2020.shp, 1167.3652671522025, 0.14003935900099992, 0.00011996190304910058
census_geographies/2000_tracts.shp, study_areas/definitions/max_county_06001_march_2020.shp, 1167.3652671522025, 0.21717707509450074, 0.0001860403775968991
census_geographies/2000_tracts.shp, study_areas/definitions/max_county_06007_march_2020.shp, 1167.3652671522025, 0.45594205885200056, 0.00039057360337975026
census_geographies/2000_tracts.shp, study_areas/definitions/max_county_06019_march_2020.shp, 1167.3652671522025, 1.572893606412002, 0.0013473877034641346
census_geographies/2000_tracts.shp, study_areas/definitions/max_county_06025_march_2020.shp, 1167.3652671522025, 1.1204479446964979, 0.0009598092184375505
census_geographies/2000_tracts.shp, study_areas/definitions/max_county_06029_march_2020.shp, 1167.3652671522025, 2.0958533405355007, 0.0017953706517655375
census_geographies/2000_tracts.shp, study_areas/definitions/max_county_06031_march_2020.shp, 1167.3652671522025, 0.36060275778900036, 0.00030890310679595074
census_geographies/2000_tracts.shp, study_areas/definitions/max_county_06037_march_2020.shp, 1167.3652671522025, 1.2040007598459983, 0.0010313830586917909
census_geographies/2000_tracts.shp, study_areas/definitions/max_county_06039_march_2020.shp, 1167.3652671522025, 0.5661764051235002, 0.0004850036411522611
census_geographies/2000_tracts.shp, study_areas/definitions/max_county_06047_march_2020.shp, 1167.3652671522025, 0.5183318783014981, 0.00044401858859992733
census_geographies/2000_tracts.shp, study_areas/definitions/max_county_06053_march_2020.shp, 1167.3652671522025, 0.9792525148324986, 0.0008388569905128268
census_geographies/2000_tracts.shp, study_areas/definitions/max_county_06055_march_2020.shp, 1167.3652671522025, 0.21093969181100033, 0.00018069724853608975
census_geographies/2000_tracts.shp, study_areas/definitions/max_county_06065_march_2020.shp, 1167.3652671522025, 1.840375994491499, 0.0015765211166348233
census_geographies/2000_tracts.shp, study_areas/definitions/max_county_06067_march_2020.shp, 1167.3652671522025, 0.26563752922749995, 0.0002275530519042467
census_geographies/2000_tracts.shp, study_areas/definitions/max_county_06073_march_2020.shp, 1167.3652671522025, 1.1312895593419954, 0.0009690964697808646
census_geographies/2000_tracts.shp, study_areas/definitions/max_county_06077_march_2020.shp, 1167.3652671522025, 0.37859889817350045, 0.00032431913885625163
census_geographies/2000_tracts.shp, study_areas/definitions/max_county_06079_march_2020.shp, 1167.3652671522025, 0.9290500107789973, 0.0007958520241444418
census_geographies/2000_tracts.shp, study_areas/definitions/max_county_06083_march_2020.shp, 1167.3652671522025, 0.9636482194429993, 0.0008254898844076691
census_geographies/2000_tracts.shp, study_areas/definitions/max_county_06085_march_2020.shp, 1167.3652671522025, 0.3429213205875002, 0.00029375665889397215
census_geographies/2000_tracts.shp, study_areas/definitions/max_county_06087_march_2020.shp, 1167.3652671522025, 0.15923584064049998, 0.0001364061833267981
census_geographies/2000_tracts.shp, study_areas/definitions/max_county_06089_march_2020.shp, 1167.3652671522025, 1.0627485725584989, 0.0009103822106606641
census_geographies/2000_tracts.shp, study_areas/definitions/max_county_06095_march_2020.shp, 1167.3652671522025, 0.24161124505799983, 0.00020697141833542172
census_geographies/2000_tracts.shp, study_areas/definitions/max_county_06097_march_2020.shp, 1167.3652671522025, 0.4730346333889996, 0.00040521561391232034
census_geographies/2000_tracts.shp, study_areas/definitions/max_county_06099_march_2020.shp, 1167.3652671522025, 0.4000161035610005, 0.00034266575751122283
census_geographies/2000_tracts.shp, study_areas/definitions/max_county_06101_march_2020.shp, 1167.3652671522025, 0.16395519017450053, 0.00014044891927825695
census_geographies/2000_tracts.shp, study_areas/definitions/max_county_06107_march_2020.shp, 1167.3652671522025, 1.256094713292999, 0.0010760082971778427
census_geographies/2000_tracts.shp, study_areas/definitions/max_county_06111_march_2020.shp, 1167.3652671522025, 0.5604290466800002, 0.00048008028202447005
census_geographies/2000_tracts.shp, study_areas/definitions/max_county_08013_march_2020.shp, 1167.3652671522025, 0.20381962177050017, 0.00017459798360089973
census_geographies/2000_tracts.shp, study_areas/definitions/max_county_08031_march_2020.shp, 1167.3652671522025, 0.04210469872500018, 3.6068144144561495e-05
census_geographies/2000_tracts.shp, study_areas/definitions/max_county_08041_march_2020.shp, 1167.3652671522025, 0.5721962037724997, 0.0004901603807078972
census_geographies/2000_tracts.shp, study_areas/definitions/max_county_08069_march_2020.shp, 1167.3652671522025, 0.7265148856935006, 0.0006223543788190991
census_geographies/2000_tracts.shp, study_areas/definitions/max_county_08077_march_2020.shp, 1167.3652671522025, 0.9000611258905024, 0.0007710192783842277
census_geographies/2000_tracts.shp, study_areas/definitions/max_county_08101_march_2020.shp, 1167.3652671522025, 0.6385022243144997, 0.0005469601009049475
census_geographies/2000_tracts.shp, study_areas/definitions/max_county_08123_march_2020.shp, 1167.3652671522025, 1.1074212158575012, 0.0009486501329263159
census_geographies/2000_tracts.shp, study_areas/definitions/max_county_09001_march_2020.shp, 1167.3652671522025, 0.2328097233180003, 0.00019943177158760394
census_geographies/2000_tracts.shp, study_areas/definitions/max_county_09003_march_2020.shp, 1167.3652671522025, 0.21063428409950027, 0.000180435627156652
census_geographies/2000_tracts.shp, study_areas/definitions/max_county_09009_march_2020.shp, 1167.3652671522025, 0.24021202462749955, 0.0002057728042684522
census_geographies/2000_tracts.shp, study_areas/definitions/max_county_09011_march_2020.shp, 1167.3652671522025, 0.2154215822644995, 0.00018453656993755032
census_geographies/2000_tracts.shp, study_areas/definitions/max_county_10001_march_2020.shp, 1167.3652671522025, 0.21529285337349988, 0.00018442629691965107
census_geographies/2000_tracts.shp, study_areas/definitions/max_county_10005_march_2020.shp, 1167.3652671522025, 0.3208010707209998, 0.00027480779131247986
census_geographies/2000_tracts.shp, study_areas/definitions/max_county_12001_march_2020.shp, 1167.3652671522025, 0.2338513201910007, 0.00020032403461984352
census_geographies/2000_tracts.shp, study_areas/definitions/max_county_12005_march_2020.shp, 1167.3652671522025, 0.2507709813154999, 0.00021481792235197972
census_geographies/2000_tracts.shp, study_areas/definitions/max_county_12009_march_2020.shp, 1167.3652671522025, 0.37099214202750086, 0.0003178029640478677
census_geographies/2000_tracts.shp, study_areas/definitions/max_county_12015_march_2020.shp, 1167.3652671522025, 0.20195794911399972, 0.00017300321912667308
census_geographies/2000_tracts.shp, study_areas/definitions/max_county_12017_march_2020.shp, 1167.3652671522025, 0.18518161196999983, 0.00015863210700259393
census_geographies/2000_tracts.shp, study_areas/definitions/max_county_12021_march_2020.shp, 1167.3652671522025, 0.5394744908865, 0.0004621299828480872
census_geographies/2000_tracts.shp, study_areas/definitions/max_county_12031_march_2020.shp, 1167.3652671522025, 0.22314974226049983, 0.00019115674291464533
census_geographies/2000_tracts.shp, study_areas/definitions/max_county_12033_march_2020.shp, 1167.3652671522025, 0.21311779900349995, 0.0001825630802973971
census_geographies/2000_tracts.shp, study_areas/definitions/max_county_12055_march_2020.shp, 1167.3652671522025, 0.2612583393435007, 0.00022380170688206496
census_geographies/2000_tracts.shp, study_areas/definitions/max_county_12057_march_2020.shp, 1167.3652671522025, 0.30484892411050024, 0.00026114270544829707
census_geographies/2000_tracts.shp, study_areas/definitions/max_county_12061_march_2020.shp, 1167.3652671522025, 0.14617856196249943, 0.0001252209279098249
census_geographies/2000_tracts.shp, study_areas/definitions/max_county_12071_march_2020.shp, 1167.3652671522025, 0.2844731587084997, 0.00024368821543104018
census_geographies/2000_tracts.shp, study_areas/definitions/max_county_12073_march_2020.shp, 1167.3652671522025, 0.17071713550300022, 0.00014624140387478387
census_geographies/2000_tracts.shp, study_areas/definitions/max_county_12083_march_2020.shp, 1167.3652671522025, 0.39952578926799903, 0.0003422457396241072
census_geographies/2000_tracts.shp, study_areas/definitions/max_county_12086_march_2020.shp, 1167.3652671522025, 0.5658689601900005, 0.0004847402746275317
census_geographies/2000_tracts.shp, study_areas/definitions/max_county_12091_march_2020.shp, 1167.3652671522025, 0.2637799805839995, 0.00022596182018289185
census_geographies/2000_tracts.shp, study_areas/definitions/max_county_12095_march_2020.shp, 1167.3652671522025, 0.23976554364249958, 0.0002053903353038845
census_geographies/2000_tracts.shp, study_areas/definitions/max_county_12105_march_2020.shp, 1167.3652671522025, 0.47749226707349923, 0.0004090341562400136
census_geographies/2000_tracts.shp, study_areas/definitions/max_county_12111_march_2020.shp, 1167.3652671522025, 0.16259266455100085, 0.0001392817390803883
census_geographies/2000_tracts.shp, study_areas/definitions/max_county_12115_march_2020.shp, 1167.3652671522025, 0.17109064511849936, 0.00014656136338189713
census_geographies/2000_tracts.shp, study_areas/definitions/max_county_12119_march_2020.shp, 1167.3652671522025, 0.13866399450399977, 0.00011878372468822186
census_geographies/2000_tracts.shp, study_areas/definitions/max_county_12127_march_2020.shp, 1167.3652671522025, 0.3437345610370004, 0.000294453304984432
census_geographies/2000_tracts.shp, study_areas/definitions/max_county_13021_march_2020.shp, 1167.3652671522025, 0.06368254708800013, 5.455237437666297e-05
census_geographies/2000_tracts.shp, study_areas/definitions/max_county_13051_march_2020.shp, 1167.3652671522025, 0.15624122250599945, 0.00013384090387334483
census_geographies/2000_tracts.shp, study_areas/definitions/max_county_13059_march_2020.shp, 1167.3652671522025, 0.03060245726350003, 2.6214980113426698e-05
census_geographies/2000_tracts.shp, study_areas/definitions/max_county_13095_march_2020.shp, 1167.3652671522025, 0.0823066138469999, 7.050630694862764e-05
census_geographies/2000_tracts.shp, study_areas/definitions/max_county_13115_march_2020.shp, 1167.3652671522025, 0.13146550654049977, 0.00011261728461496117
census_geographies/2000_tracts.shp, study_areas/definitions/max_county_13121_march_2020.shp, 1167.3652671522025, 0.134727591344, 0.00011541168401615127
census_geographies/2000_tracts.shp, study_areas/definitions/max_county_13127_march_2020.shp, 1167.3652671522025, 0.14346910812800054, 0.0001228999287241042
census_geographies/2000_tracts.shp, study_areas/definitions/max_county_13139_march_2020.shp, 1167.3652671522025, 0.10886447060049995, 9.325656130413726e-05
census_geographies/2000_tracts.shp, study_areas/definitions/max_county_13153_march_2020.shp, 1167.3652671522025, 0.09437615626349977, 8.084543794397036e-05
census_geographies/2000_tracts.shp, study_areas/definitions/max_county_13179_march_2020.shp, 1167.3652671522025, 0.14862880163100034, 0.000127319876488686
census_geographies/2000_tracts.shp, study_areas/definitions/max_county_13185_march_2020.shp, 1167.3652671522025, 0.12467235310299968, 0.00010679806621892987
census_geographies/2000_tracts.shp, study_areas/definitions/max_county_13215_march_2020.shp, 1167.3652671522025, 0.05493071123050004, 4.7055290041739875e-05
census_geographies/2000_tracts.shp, study_areas/definitions/max_county_13245_march_2020.shp, 1167.3652671522025, 0.08240870050400007, 7.059375743209904e-05
census_geographies/2000_tracts.shp, study_areas/definitions/max_county_13313_march_2020.shp, 1167.3652671522025, 0.07418221589799995, 6.354670469078465e-05
census_geographies/2000_tracts.shp, study_areas/definitions/max_county_15003_march_2020.shp, 1167.3652671522025, 0.4884508879750011, 0.00041842163864150354
census_geographies/2000_tracts.shp, study_areas/definitions/max_county_15009_march_2020.shp, 1167.3652671522025, 0.5391509704310001, 0.000461852845550445
census_geographies/2000_tracts.shp, study_areas/definitions/max_county_16001_march_2020.shp, 1167.3652671522025, 0.3054229189475001, 0.0002616344065920189
census_geographies/2000_tracts.shp, study_areas/definitions/max_county_16005_march_2020.shp, 1167.3652671522025, 0.3263419973349999, 0.00027955431476140623
census_geographies/2000_tracts.shp, study_areas/definitions/max_county_16019_march_2020.shp, 1167.3652671522025, 0.5468082452280012, 0.00046841229614612794
census_geographies/2000_tracts.shp, study_areas/definitions/max_county_16055_march_2020.shp, 1167.3652671522025, 0.4081190391784996, 0.00034960697449403264
census_geographies/2000_tracts.shp, study_areas/definitions/max_county_16069_march_2020.shp, 1167.3652671522025, 0.25909112855750044, 0.00022194520930844162
census_geographies/2000_tracts.shp, study_areas/definitions/max_county_16083_march_2020.shp, 1167.3652671522025, 0.545732383752001, 0.0004674906810302141
census_geographies/2000_tracts.shp, study_areas/definitions/max_county_17019_march_2020.shp, 1167.3652671522025, 0.2732731433775002, 0.00023409394734190812
census_geographies/2000_tracts.shp, study_areas/definitions/max_county_17031_march_2020.shp, 1167.3652671522025, 0.4593562279244992, 0.00039349828271411795
census_geographies/2000_tracts.shp, study_areas/definitions/max_county_17091_march_2020.shp, 1167.3652671522025, 0.1892602367965003, 0.00016212597900758368
census_geographies/2000_tracts.shp, study_areas/definitions/max_county_17113_march_2020.shp, 1167.3652671522025, 0.3263603633489992, 0.00027957004763826674
census_geographies/2000_tracts.shp, study_areas/definitions/max_county_17115_march_2020.shp, 1167.3652671522025, 0.159711695806, 0.0001368138150928698
census_geographies/2000_tracts.shp, study_areas/definitions/max_county_17143_march_2020.shp, 1167.3652671522025, 0.1742491774325002, 0.00014926705662365864
census_geographies/2000_tracts.shp, study_areas/definitions/max_county_17167_march_2020.shp, 1167.3652671522025, 0.2387354359480003, 0.00020450791424555354
census_geographies/2000_tracts.shp, study_areas/definitions/max_county_17183_march_2020.shp, 1167.3652671522025, 0.24684423387149967, 0.0002114541530550059
census_geographies/2000_tracts.shp, study_areas/definitions/max_county_17199_march_2020.shp, 1167.3652671522025, 0.11762656293350003, 0.00010076243164271199
census_geographies/2000_tracts.shp, study_areas/definitions/max_county_17201_march_2020.shp, 1167.3652671522025, 0.1469103180145005, 0.00012584777202844955
census_geographies/2000_tracts.shp, study_areas/definitions/max_county_18003_march_2020.shp, 1167.3652671522025, 0.18320487073049999, 0.0001569387713388371
census_geographies/2000_tracts.shp, study_areas/definitions/max_county_18005_march_2020.shp, 1167.3652671522025, 0.11060971153800003, 9.47515868857683e-05
census_geographies/2000_tracts.shp, study_areas/definitions/max_county_18035_march_2020.shp, 1167.3652671522025, 0.10850233225250028, 9.294634276484227e-05
census_geographies/2000_tracts.shp, study_areas/definitions/max_county_18039_march_2020.shp, 1167.3652671522025, 0.13085712507250002, 0.00011209612685473083
census_geographies/2000_tracts.shp, study_areas/definitions/max_county_18067_march_2020.shp, 1167.3652671522025, 0.08085330683357454, 6.926136069716797e-05
census_geographies/2000_tracts.shp, study_areas/definitions/max_county_18091_march_2020.shp, 1167.3652671522025, 0.17141116175599883, 0.00014683592751920554
census_geographies/2000_tracts.shp, study_areas/definitions/max_county_18097_march_2020.shp, 1167.3652671522025, 0.1097400819424997, 9.400663616642593e-05
census_geographies/2000_tracts.shp, study_areas/definitions/max_county_18105_march_2020.shp, 1167.3652671522025, 0.1110216629554997, 9.51044767901464e-05
census_geographies/2000_tracts.shp, study_areas/definitions/max_county_18141_march_2020.shp, 1167.3652671522025, 0.12909116092749992, 0.0001105833491537905
census_geographies/2000_tracts.shp, study_areas/definitions/max_county_18157_march_2020.shp, 1167.3652671522025, 0.1382423131084999, 0.00011842249979369628
census_geographies/2000_tracts.shp, study_areas/definitions/max_county_18163_march_2020.shp, 1167.3652671522025, 0.0628018733635002, 5.3797962926125e-05
census_geographies/2000_tracts.shp, study_areas/definitions/max_county_18167_march_2020.shp, 1167.3652671522025, 0.11121084205999994, 9.52665332688026e-05
census_geographies/2000_tracts.shp, study_areas/definitions/max_county_19013_march_2020.shp, 1167.3652671522025, 0.16236613292700036, 0.00013908768531643392
census_geographies/2000_tracts.shp, study_areas/definitions/max_county_19061_march_2020.shp, 1167.3652671522025, 0.17482258544700008, 0.000149758255077677
census_geographies/2000_tracts.shp, study_areas/definitions/max_county_19103_march_2020.shp, 1167.3652671522025, 0.17449740775249958, 0.0001494796981395442
census_geographies/2000_tracts.shp, study_areas/definitions/max_county_19113_march_2020.shp, 1167.3652671522025, 0.2041576257014998, 0.00017488752787680936
census_geographies/2000_tracts.shp, study_areas/definitions/max_county_19153_march_2020.shp, 1167.3652671522025, 0.16567982484649943, 0.00014192629291659222
census_geographies/2000_tracts.shp, study_areas/definitions/max_county_19163_march_2020.shp, 1167.3652671522025, 0.13104154836649984, 0.00011225410936388129
census_geographies/2000_tracts.shp, study_areas/definitions/max_county_19169_march_2020.shp, 1167.3652671522025, 0.16154111780100014, 0.0001383809526859413
census_geographies/2000_tracts.shp, study_areas/definitions/max_county_19193_march_2020.shp, 1167.3652671522025, 0.2485497770050001, 0.00021291517231049662
census_geographies/2000_tracts.shp, study_areas/definitions/max_county_20045_march_2020.shp, 1167.3652671522025, 0.12762315331700003, 0.00010932580993122898
census_geographies/2000_tracts.shp, study_areas/definitions/max_county_20161_march_2020.shp, 1167.3652671522025, 0.16819574363549927, 0.0001440815041943249
census_geographies/2000_tracts.shp, study_areas/definitions/max_county_20173_march_2020.shp, 1167.3652671522025, 0.2669630894984997, 0.00022868856647564854
census_geographies/2000_tracts.shp, study_areas/definitions/max_county_20177_march_2020.shp, 1167.3652671522025, 0.14974435506850026, 0.0001282754929258799
census_geographies/2000_tracts.shp, study_areas/definitions/max_county_21059_march_2020.shp, 1167.3652671522025, 0.12615668821950002, 0.00010806959207143479
census_geographies/2000_tracts.shp, study_areas/definitions/max_county_21067_march_2020.shp, 1167.3652671522025, 0.0759029562824998, 6.50207423659826e-05
census_geographies/2000_tracts.shp, study_areas/definitions/max_county_21093_march_2020.shp, 1167.3652671522025, 0.16673221502549992, 0.00014282780181754473
census_geographies/2000_tracts.shp, study_areas/definitions/max_county_21111_march_2020.shp, 1167.3652671522025, 0.10591640248600026, 9.073115798997877e-05
census_geographies/2000_tracts.shp, study_areas/definitions/max_county_21227_march_2020.shp, 1167.3652671522025, 0.14355389497650062, 0.00012297255967423252
census_geographies/2000_tracts.shp, study_areas/definitions/max_county_22017_march_2020.shp, 1167.3652671522025, 0.23308963378950087, 0.0001996715512687173
census_geographies/2000_tracts.shp, study_areas/definitions/max_county_22019_march_2020.shp, 1167.3652671522025, 0.2655799065724996, 0.00022750369061466427
census_geographies/2000_tracts.shp, study_areas/definitions/max_county_22033_march_2020.shp, 1167.3652671522025, 0.11448135094599986, 9.806814899099926e-05
census_geographies/2000_tracts.shp, study_areas/definitions/max_county_22051_march_2020.shp, 1167.3652671522025, 0.160673916462999, 0.00013763808208459413
census_geographies/2000_tracts.shp, study_areas/definitions/max_county_22055_march_2020.shp, 1167.3652671522025, 0.06558864995850017, 5.6185199100967116e-05
census_geographies/2000_tracts.shp, study_areas/definitions/max_county_22073_march_2020.shp, 1167.3652671522025, 0.15719219613649965, 0.00013465553632580773
census_geographies/2000_tracts.shp, study_areas/definitions/max_county_22079_march_2020.shp, 1167.3652671522025, 0.33375145127750017, 0.0002859014746015955
census_geographies/2000_tracts.shp, study_areas/definitions/max_county_22105_march_2020.shp, 1167.3652671522025, 0.20063764361600048, 0.00017187220595097686
census_geographies/2000_tracts.shp, study_areas/definitions/max_county_22109_march_2020.shp, 1167.3652671522025, 0.5009368374194986, 0.00042911747635042993
census_geographies/2000_tracts.shp, study_areas/definitions/max_county_23001_march_2020.shp, 1167.3652671522025, 0.1448797138589995, 0.0001241082957799788
census_geographies/2000_tracts.shp, study_areas/definitions/max_county_23005_march_2020.shp, 1167.3652671522025, 0.3526647244494996, 0.0003021031500361735
census_geographies/2000_tracts.shp, study_areas/definitions/max_county_23019_march_2020.shp, 1167.3652671522025, 1.058852761289499, 0.0009070449422163974
census_geographies/2000_tracts.shp, study_areas/definitions/max_county_24001_march_2020.shp, 1167.3652671522025, 0.11680425431550011, 0.0001000580174879154
census_geographies/2000_tracts.shp, study_areas/definitions/max_county_24005_march_2020.shp, 1167.3652671522025, 0.18475141065299938, 0.0001582635836885074
census_geographies/2000_tracts.shp, study_areas/definitions/max_county_24037_march_2020.shp, 1167.3652671522025, 0.2036256714609992, 0.00017443183996534843
census_geographies/2000_tracts.shp, study_areas/definitions/max_county_24043_march_2020.shp, 1167.3652671522025, 0.12693604801850028, 0.00010873721498341461
census_geographies/2000_tracts.shp, study_areas/definitions/max_county_25001_march_2020.shp, 1167.3652671522025, 0.36615367366500035, 0.00031365818734545303
census_geographies/2000_tracts.shp, study_areas/definitions/max_county_25003_march_2020.shp, 1167.3652671522025, 0.2678863686544994, 0.00022947947501300125
census_geographies/2000_tracts.shp, study_areas/definitions/max_county_25013_march_2020.shp, 1167.3652671522025, 0.1788551373644995, 0.00015321265965092328
census_geographies/2000_tracts.shp, study_areas/definitions/max_county_25017_march_2020.shp, 1167.3652671522025, 0.24024544805649956, 0.00020580143577732132
census_geographies/2000_tracts.shp, study_areas/definitions/max_county_25027_march_2020.shp, 1167.3652671522025, 0.4468887855104999, 0.0003828182986810023
census_geographies/2000_tracts.shp, study_areas/definitions/max_county_26017_march_2020.shp, 1167.3652671522025, 0.1824561439680004, 0.00015629738960205977
census_geographies/2000_tracts.shp, study_areas/definitions/max_county_26021_march_2020.shp, 1167.3652671522025, 0.4450606081185007, 0.0003812522272520835
census_geographies/2000_tracts.shp, study_areas/definitions/max_county_26025_march_2020.shp, 1167.3652671522025, 0.20294719872300013, 0.0001738506399270312
census_geographies/2000_tracts.shp, study_areas/definitions/max_county_26049_march_2020.shp, 1167.3652671522025, 0.18579162026900017, 0.0001591546583549127
census_geographies/2000_tracts.shp, study_areas/definitions/max_county_26065_march_2020.shp, 1167.3652671522025, 0.1592905864974995, 0.00013645308026517718
census_geographies/2000_tracts.shp, study_areas/definitions/max_county_26075_march_2020.shp, 1167.3652671522025, 0.20441138488849978, 0.0001751049055855183
census_geographies/2000_tracts.shp, study_areas/definitions/max_county_26077_march_2020.shp, 1167.3652671522025, 0.16394574190849998, 0.00014044082561103348
census_geographies/2000_tracts.shp, study_areas/definitions/max_county_26081_march_2020.shp, 1167.3652671522025, 0.2494312274534996, 0.00021367024912604193
census_geographies/2000_tracts.shp, study_areas/definitions/max_county_26111_march_2020.shp, 1167.3652671522025, 0.15257568668400032, 0.0001307008962637804
census_geographies/2000_tracts.shp, study_areas/definitions/max_county_26115_march_2020.shp, 1167.3652671522025, 0.19115651003300055, 0.00016375038337343073
census_geographies/2000_tracts.shp, study_areas/definitions/max_county_26121_march_2020.shp, 1167.3652671522025, 0.4194074895155003, 0.00035927699865411313
census_geographies/2000_tracts.shp, study_areas/definitions/max_county_26145_march_2020.shp, 1167.3652671522025, 0.2345616045494993, 0.00020093248544366437
census_geographies/2000_tracts.shp, study_areas/definitions/max_county_26161_march_2020.shp, 1167.3652671522025, 0.20412294358949987, 0.0001748578181424393
census_geographies/2000_tracts.shp, study_areas/definitions/max_county_26163_march_2020.shp, 1167.3652671522025, 0.19015940709799933, 0.00016289623517915249
census_geographies/2000_tracts.shp, study_areas/definitions/max_county_27013_march_2020.shp, 1167.3652671522025, 0.22262626348549955, 0.000190708315340406
census_geographies/2000_tracts.shp, study_areas/definitions/max_county_27053_march_2020.shp, 1167.3652671522025, 0.17929769001700013, 0.00015359176348838814
census_geographies/2000_tracts.shp, study_areas/definitions/max_county_27109_march_2020.shp, 1167.3652671522025, 0.19030913548850034, 0.0001630244969963524
census_geographies/2000_tracts.shp, study_areas/definitions/max_county_27137_march_2020.shp, 1167.3652671522025, 2.1245534350060034, 0.0018199560110169026
census_geographies/2000_tracts.shp, study_areas/definitions/max_county_27145_march_2020.shp, 1167.3652671522025, 0.4148064944509997, 0.00035533564868083124
census_geographies/2000_tracts.shp, study_areas/definitions/max_county_28035_march_2020.shp, 1167.3652671522025, 0.1152462434595, 9.872337879354952e-05
census_geographies/2000_tracts.shp, study_areas/definitions/max_county_28047_march_2020.shp, 1167.3652671522025, 0.23737560549950004, 0.00020334304281519346
census_geographies/2000_tracts.shp, study_areas/definitions/max_county_28049_march_2020.shp, 1167.3652671522025, 0.21746977831200037, 0.00018629111592682532
census_geographies/2000_tracts.shp, study_areas/definitions/max_county_29019_march_2020.shp, 1167.3652671522025, 0.18607103312349949, 0.00015939401176242064
census_geographies/2000_tracts.shp, study_areas/definitions/max_county_29021_march_2020.shp, 1167.3652671522025, 0.11271079845200013, 9.655144077308304e-05
census_geographies/2000_tracts.shp, study_areas/definitions/max_county_29031_march_2020.shp, 1167.3652671522025, 0.1544979394164998, 0.00013234755544286396
census_geographies/2000_tracts.shp, study_areas/definitions/max_county_29051_march_2020.shp, 1167.3652671522025, 0.10671322942249976, 9.14137437743266e-05
census_geographies/2000_tracts.shp, study_areas/definitions/max_county_29077_march_2020.shp, 1167.3652671522025, 0.17832598538949995, 0.00015275937224389733
census_geographies/2000_tracts.shp, study_areas/definitions/max_county_29095_march_2020.shp, 1167.3652671522025, 0.16598565608799998, 0.0001421882771044948
census_geographies/2000_tracts.shp, study_areas/definitions/max_county_29097_march_2020.shp, 1167.3652671522025, 0.16858142854050007, 0.00014441189341854918
census_geographies/2000_tracts.shp, study_areas/definitions/max_county_29189_march_2020.shp, 1167.3652671522025, 0.1399581299435, 0.00011989231980914512
census_geographies/2000_tracts.shp, study_areas/definitions/max_county_30013_march_2020.shp, 1167.3652671522025, 0.8353500981464983, 0.0007155858767190684
census_geographies/2000_tracts.shp, study_areas/definitions/max_county_30063_march_2020.shp, 1167.3652671522025, 0.8025840925714997, 0.0006875175364172093
census_geographies/2000_tracts.shp, study_areas/definitions/max_county_30111_march_2020.shp, 1167.3652671522025, 0.7959717167050002, 0.0006818531774949755
census_geographies/2000_tracts.shp, study_areas/definitions/max_county_31055_march_2020.shp, 1167.3652671522025, 0.09448432645949988, 8.093809976888828e-05
census_geographies/2000_tracts.shp, study_areas/definitions/max_county_31079_march_2020.shp, 1167.3652671522025, 0.15276206675050022, 0.00013086055500277524
census_geographies/2000_tracts.shp, study_areas/definitions/max_county_31109_march_2020.shp, 1167.3652671522025, 0.23386114524650076, 0.00020033245105622084
census_geographies/2000_tracts.shp, study_areas/definitions/max_county_32003_march_2020.shp, 1167.3652671522025, 2.101846668482503, 0.001800504715726189
census_geographies/2000_tracts.shp, study_areas/definitions/max_county_32031_march_2020.shp, 1167.3652671522025, 1.806768044558496, 0.0015477315416160377
census_geographies/2000_tracts.shp, study_areas/definitions/max_county_32510_march_2020.shp, 1167.3652671522025, 0.042438145167999645, 3.635378433995031e-05
census_geographies/2000_tracts.shp, study_areas/definitions/max_county_33011_march_2020.shp, 1167.3652671522025, 0.2547534084814991, 0.00021822938856402006
census_geographies/2000_tracts.shp, study_areas/definitions/max_county_34001_march_2020.shp, 1167.3652671522025, 0.1820353841429995, 0.00015593695415238486
census_geographies/2000_tracts.shp, study_areas/definitions/max_county_34009_march_2020.shp, 1167.3652671522025, 0.16728718067050005, 0.00014330320198629735
census_geographies/2000_tracts.shp, study_areas/definitions/max_county_34011_march_2020.shp, 1167.3652671522025, 0.18333607515850095, 0.00015705116497576708
census_geographies/2000_tracts.shp, study_areas/definitions/max_county_34021_march_2020.shp, 1167.3652671522025, 0.06281644367950039, 5.381044429456226e-05
census_geographies/2000_tracts.shp, study_areas/definitions/max_county_35001_march_2020.shp, 1167.3652671522025, 0.29906327535999994, 0.00025618654569838914
census_geographies/2000_tracts.shp, study_areas/definitions/max_county_35013_march_2020.shp, 1167.3652671522025, 0.9465177254249988, 0.0008108153909136229
census_geographies/2000_tracts.shp, study_areas/definitions/max_county_35045_march_2020.shp, 1167.3652671522025, 1.4430114611704987, 0.0012361267734911606
census_geographies/2000_tracts.shp, study_areas/definitions/max_county_35049_march_2020.shp, 1167.3652671522025, 0.49169672198049963, 0.000421202117123116
census_geographies/2000_tracts.shp, study_areas/definitions/max_county_36001_march_2020.shp, 1167.3652671522025, 0.15148814861749962, 0.00012976927863123447
census_geographies/2000_tracts.shp, study_areas/definitions/max_county_36007_march_2020.shp, 1167.3652671522025, 0.20188573796200013, 0.00017294136089426586
census_geographies/2000_tracts.shp, study_areas/definitions/max_county_36015_march_2020.shp, 1167.3652671522025, 0.11586546167350005, 9.925381963449609e-05
census_geographies/2000_tracts.shp, study_areas/definitions/max_county_36029_march_2020.shp, 1167.3652671522025, 0.34942337301950016, 0.000299326511462793
census_geographies/2000_tracts.shp, study_areas/definitions/max_county_36045_march_2020.shp, 1167.3652671522025, 0.5397379834984978, 0.0004623556984997448
census_geographies/2000_tracts.shp, study_areas/definitions/max_county_36047_march_2020.shp, 1167.3652671522025, 0.026719749414000057, 2.288893645018505e-05
census_geographies/2000_tracts.shp, study_areas/definitions/max_county_36055_march_2020.shp, 1167.3652671522025, 0.3927330144240021, 0.0003364268455425932
census_geographies/2000_tracts.shp, study_areas/definitions/max_county_36065_march_2020.shp, 1167.3652671522025, 0.3608756265655009, 0.0003091368543505325
census_geographies/2000_tracts.shp, study_areas/definitions/max_county_36067_march_2020.shp, 1167.3652671522025, 0.23035995280299928, 0.00019733322489966175
census_geographies/2000_tracts.shp, study_areas/definitions/max_county_36071_march_2020.shp, 1167.3652671522025, 0.23388183309250019, 0.00020035017288381118
census_geographies/2000_tracts.shp, study_areas/definitions/max_county_36109_march_2020.shp, 1167.3652671522025, 0.1393253892175008, 0.00011935029518000502
census_geographies/2000_tracts.shp, study_areas/definitions/max_county_36111_march_2020.shp, 1167.3652671522025, 0.3261256300315, 0.000279368968058375
census_geographies/2000_tracts.shp, study_areas/definitions/max_county_36113_march_2020.shp, 1167.3652671522025, 0.268791724373499, 0.0002302550297981871
census_geographies/2000_tracts.shp, study_areas/definitions/max_county_37001_march_2020.shp, 1167.3652671522025, 0.11260527285599957, 9.646104439161625e-05
census_geographies/2000_tracts.shp, study_areas/definitions/max_county_37021_march_2020.shp, 1167.3652671522025, 0.17004517650649997, 0.0001456657837022397
census_geographies/2000_tracts.shp, study_areas/definitions/max_county_37035_march_2020.shp, 1167.3652671522025, 0.10657644502699994, 9.129657017035814e-05
census_geographies/2000_tracts.shp, study_areas/definitions/max_county_37049_march_2020.shp, 1167.3652671522025, 0.1982671641755005, 0.0001698415823687944
census_geographies/2000_tracts.shp, study_areas/definitions/max_county_37051_march_2020.shp, 1167.3652671522025, 0.1684672439544999, 0.0001443140794872861
census_geographies/2000_tracts.shp, study_areas/definitions/max_county_37063_march_2020.shp, 1167.3652671522025, 0.07714831983200017, 6.608755802732092e-05
census_geographies/2000_tracts.shp, study_areas/definitions/max_county_37067_march_2020.shp, 1167.3652671522025, 0.10701453561799999, 9.167185167249568e-05
census_geographies/2000_tracts.shp, study_areas/definitions/max_county_37081_march_2020.shp, 1167.3652671522025, 0.17041761253499998, 0.00014598482354262192
census_geographies/2000_tracts.shp, study_areas/definitions/max_county_37119_march_2020.shp, 1167.3652671522025, 0.1400272404114998, 0.00011995152190290658
census_geographies/2000_tracts.shp, study_areas/definitions/max_county_37127_march_2020.shp, 1167.3652671522025, 0.14045737666349978, 0.00012031998948036782
census_geographies/2000_tracts.shp, study_areas/definitions/max_county_37129_march_2020.shp, 1167.3652671522025, 0.08312602267850011, 7.120823705958526e-05
census_geographies/2000_tracts.shp, study_areas/definitions/max_county_37133_march_2020.shp, 1167.3652671522025, 0.23126106381750008, 0.00019810514354402835
census_geographies/2000_tracts.shp, study_areas/definitions/max_county_37147_march_2020.shp, 1167.3652671522025, 0.16867349883899993, 0.000144490763589772
census_geographies/2000_tracts.shp, study_areas/definitions/max_county_37183_march_2020.shp, 1167.3652671522025, 0.2214378852125004, 0.0001896903149711658
census_geographies/2000_tracts.shp, study_areas/definitions/max_county_37191_march_2020.shp, 1167.3652671522025, 0.14303553536549948, 0.00012252851732897269
census_geographies/2000_tracts.shp, study_areas/definitions/max_county_38015_march_2020.shp, 1167.3652671522025, 0.5108195034750003, 0.00043758326365247167
census_geographies/2000_tracts.shp, study_areas/definitions/max_county_38017_march_2020.shp, 1167.3652671522025, 0.5408734665325001, 0.0004633283872253331
census_geographies/2000_tracts.shp, study_areas/definitions/max_county_38035_march_2020.shp, 1167.3652671522025, 0.4486520871809989, 0.0003843287956266589
census_geographies/2000_tracts.shp, study_areas/definitions/max_county_39003_march_2020.shp, 1167.3652671522025, 0.11239407005799966, 9.628012175845008e-05
census_geographies/2000_tracts.shp, study_areas/definitions/max_county_39013_march_2020.shp, 1167.3652671522025, 0.1478866678379997, 0.00012668414248675607
census_geographies/2000_tracts.shp, study_areas/definitions/max_county_39023_march_2020.shp, 1167.3652671522025, 0.10958666103749969, 9.387521123087488e-05
census_geographies/2000_tracts.shp, study_areas/definitions/max_county_39035_march_2020.shp, 1167.3652671522025, 0.3485983588185001, 0.0002986197796246832
census_geographies/2000_tracts.shp, study_areas/definitions/max_county_39049_march_2020.shp, 1167.3652671522025, 0.14839831780049967, 0.00012712243714644572
census_geographies/2000_tracts.shp, study_areas/definitions/max_county_39061_march_2020.shp, 1167.3652671522025, 0.11143310070900034, 9.54569266745809e-05
census_geographies/2000_tracts.shp, study_areas/definitions/max_county_39081_march_2020.shp, 1167.3652671522025, 0.11274207165599986, 9.65782303349106e-05
census_geographies/2000_tracts.shp, study_areas/definitions/max_county_39095_march_2020.shp, 1167.3652671522025, 0.16689125807149965, 0.00014296404284721637
census_geographies/2000_tracts.shp, study_areas/definitions/max_county_39099_march_2020.shp, 1167.3652671522025, 0.11772005902450029, 0.00010084252319043154
census_geographies/2000_tracts.shp, study_areas/definitions/max_county_39113_march_2020.shp, 1167.3652671522025, 0.12638967715700028, 0.00010826917736325065
census_geographies/2000_tracts.shp, study_areas/definitions/max_county_39139_march_2020.shp, 1167.3652671522025, 0.13815550139899963, 0.00011834813428707807
census_geographies/2000_tracts.shp, study_areas/definitions/max_county_39151_march_2020.shp, 1167.3652671522025, 0.1604836196459998, 0.00013747506813998413
census_geographies/2000_tracts.shp, study_areas/definitions/max_county_39153_march_2020.shp, 1167.3652671522025, 0.11666151239599959, 9.993574049071747e-05
census_geographies/2000_tracts.shp, study_areas/definitions/max_county_40031_march_2020.shp, 1167.3652671522025, 0.27602866653950003, 0.0002364544108913522
census_geographies/2000_tracts.shp, study_areas/definitions/max_county_40047_march_2020.shp, 1167.3652671522025, 0.2757398832249993, 0.0002362070304675666
census_geographies/2000_tracts.shp, study_areas/definitions/max_county_40109_march_2020.shp, 1167.3652671522025, 0.1849467774479999, 0.00015843094072790013
census_geographies/2000_tracts.shp, study_areas/definitions/max_county_40143_march_2020.shp, 1167.3652671522025, 0.15219647717349935, 0.000130376054056143
census_geographies/2000_tracts.shp, study_areas/definitions/max_county_41003_march_2020.shp, 1167.3652671522025, 0.19903306003849966, 0.00017049767167053248
census_geographies/2000_tracts.shp, study_areas/definitions/max_county_41017_march_2020.shp, 1167.3652671522025, 0.8865289264044999, 0.0007594271915997593
census_geographies/2000_tracts.shp, study_areas/definitions/max_county_41029_march_2020.shp, 1167.3652671522025, 0.7938558571289994, 0.0006800406689035879
census_geographies/2000_tracts.shp, study_areas/definitions/max_county_41033_march_2020.shp, 1167.3652671522025, 0.4647354677715012, 0.0003981063004429002
census_geographies/2000_tracts.shp, study_areas/definitions/max_county_41039_march_2020.shp, 1167.3652671522025, 1.370903564041004, 0.0011743569922937104
census_geographies/2000_tracts.shp, study_areas/definitions/max_county_41043_march_2020.shp, 1167.3652671522025, 0.6768327417395013, 0.0005797951684742518
census_geographies/2000_tracts.shp, study_areas/definitions/max_county_41047_march_2020.shp, 1167.3652671522025, 0.35163122420749976, 0.00030121782282019333
census_geographies/2000_tracts.shp, study_areas/definitions/max_county_41051_march_2020.shp, 1167.3652671522025, 0.13895438672499968, 0.00011903248334943191
census_geographies/2000_tracts.shp, study_areas/definitions/max_county_42001_march_2020.shp, 1167.3652671522025, 0.1422615051800008, 0.00012186545992331
census_geographies/2000_tracts.shp, study_areas/definitions/max_county_42003_march_2020.shp, 1167.3652671522025, 0.20478602392849984, 0.00017542583259143652
census_geographies/2000_tracts.shp, study_areas/definitions/max_county_42011_march_2020.shp, 1167.3652671522025, 0.23792008555900018, 0.00020380946071781652
census_geographies/2000_tracts.shp, study_areas/definitions/max_county_42013_march_2020.shp, 1167.3652671522025, 0.1449593141145, 0.00012417648373942928
census_geographies/2000_tracts.shp, study_areas/definitions/max_county_42021_march_2020.shp, 1167.3652671522025, 0.19081145849850062, 0.0001634548019095915
census_geographies/2000_tracts.shp, study_areas/definitions/max_county_42027_march_2020.shp, 1167.3652671522025, 0.30832574327050033, 0.000264121052721282
census_geographies/2000_tracts.shp, study_areas/definitions/max_county_42037_march_2020.shp, 1167.3652671522025, 0.13586259429850003, 0.00011638396149128027
census_geographies/2000_tracts.shp, study_areas/definitions/max_county_42043_march_2020.shp, 1167.3652671522025, 0.15339642723549962, 0.00013140396716591673
census_geographies/2000_tracts.shp, study_areas/definitions/max_county_42049_march_2020.shp, 1167.3652671522025, 0.4393335941089998, 0.000376346295774893
census_geographies/2000_tracts.shp, study_areas/definitions/max_county_42055_march_2020.shp, 1167.3652671522025, 0.21090350767299998, 0.00018066625212132694
census_geographies/2000_tracts.shp, study_areas/definitions/max_county_42071_march_2020.shp, 1167.3652671522025, 0.2688739922625002, 0.00023032550293227466
census_geographies/2000_tracts.shp, study_areas/definitions/max_county_42075_march_2020.shp, 1167.3652671522025, 0.09956679749400009, 8.529189645747654e-05
census_geographies/2000_tracts.shp, study_areas/definitions/max_county_42077_march_2020.shp, 1167.3652671522025, 0.09595602264500018, 8.21987987351086e-05
census_geographies/2000_tracts.shp, study_areas/definitions/max_county_42079_march_2020.shp, 1167.3652671522025, 0.25201196925499936, 0.00021588098973493078
census_geographies/2000_tracts.shp, study_areas/definitions/max_county_42081_march_2020.shp, 1167.3652671522025, 0.3465116009619999, 0.0002968322004365591
census_geographies/2000_tracts.shp, study_areas/definitions/max_county_42089_march_2020.shp, 1167.3652671522025, 0.17112718160350002, 0.00014659266162763798
census_geographies/2000_tracts.shp, study_areas/definitions/max_county_42101_march_2020.shp, 1167.3652671522025, 0.03898573172400006, 3.3396343733188224e-05
census_geographies/2000_tracts.shp, study_areas/definitions/max_county_42133_march_2020.shp, 1167.3652671522025, 0.2484920195540001, 0.0002128656955506296
census_geographies/2000_tracts.shp, study_areas/definitions/max_county_44007_march_2020.shp, 1167.3652671522025, 0.12236975420699968, 0.00010482559114125585
census_geographies/2000_tracts.shp, study_areas/definitions/max_county_45013_march_2020.shp, 1167.3652671522025, 0.22906234975650022, 0.00019622165932287825
census_geographies/2000_tracts.shp, study_areas/definitions/max_county_45019_march_2020.shp, 1167.3652671522025, 0.3387652678855002, 0.00029019645985520963
census_geographies/2000_tracts.shp, study_areas/definitions/max_county_45041_march_2020.shp, 1167.3652671522025, 0.2031941281705004, 0.00017406216707662906
census_geographies/2000_tracts.shp, study_areas/definitions/max_county_45045_march_2020.shp, 1167.3652671522025, 0.20302172823150047, 0.00017391448413295156
census_geographies/2000_tracts.shp, study_areas/definitions/max_county_45051_march_2020.shp, 1167.3652671522025, 0.3168385428475004, 0.000271413371429519
census_geographies/2000_tracts.shp, study_areas/definitions/max_county_45079_march_2020.shp, 1167.3652671522025, 0.1951140067389998, 0.0001671404934078449
census_geographies/2000_tracts.shp, study_areas/definitions/max_county_45083_march_2020.shp, 1167.3652671522025, 0.20933844462699996, 0.00017932557231009868
census_geographies/2000_tracts.shp, study_areas/definitions/max_county_45085_march_2020.shp, 1167.3652671522025, 0.17222542101800034, 0.00014753344635492344
census_geographies/2000_tracts.shp, study_areas/definitions/max_county_46099_march_2020.shp, 1167.3652671522025, 0.23525664811599975, 0.00020152788054925632
census_geographies/2000_tracts.shp, study_areas/definitions/max_county_46103_march_2020.shp, 1167.3652671522025, 0.8092278238489995, 0.000693208755322246
census_geographies/2000_tracts.shp, study_areas/definitions/max_county_47011_march_2020.shp, 1167.3652671522025, 0.08492692737799995, 7.275094588447018e-05
census_geographies/2000_tracts.shp, study_areas/definitions/max_county_47037_march_2020.shp, 1167.3652671522025, 0.13643802324599974, 0.0001168768911369459
census_geographies/2000_tracts.shp, study_areas/definitions/max_county_47063_march_2020.shp, 1167.3652671522025, 0.045636337915500064, 3.909345189516414e-05
census_geographies/2000_tracts.shp, study_areas/definitions/max_county_47065_march_2020.shp, 1167.3652671522025, 0.1475755005270001, 0.00012641758726213587
census_geographies/2000_tracts.shp, study_areas/definitions/max_county_47093_march_2020.shp, 1167.3652671522025, 0.1361269394030002, 0.00011661040741351079
census_geographies/2000_tracts.shp, study_areas/definitions/max_county_47113_march_2020.shp, 1167.3652671522025, 0.14392011408949992, 0.00012328627391886883
census_geographies/2000_tracts.shp, study_areas/definitions/max_county_47125_march_2020.shp, 1167.3652671522025, 0.14167081657249997, 0.00012135945839651983
census_geographies/2000_tracts.shp, study_areas/definitions/max_county_47157_march_2020.shp, 1167.3652671522025, 0.20120372258700017, 0.00017235712612714474
census_geographies/2000_tracts.shp, study_areas/definitions/max_county_47163_march_2020.shp, 1167.3652671522025, 0.1119638292119995, 9.59115645826402e-05
census_geographies/2000_tracts.shp, study_areas/definitions/max_county_47179_march_2020.shp, 1167.3652671522025, 0.08569342447799994, 7.340755022380422e-05
census_geographies/2000_tracts.shp, study_areas/definitions/max_county_48027_march_2020.shp, 1167.3652671522025, 0.26621552911949964, 0.00022804818389785973
census_geographies/2000_tracts.shp, study_areas/definitions/max_county_48029_march_2020.shp, 1167.3652671522025, 0.3025342874565001, 0.0002591599184671093
census_geographies/2000_tracts.shp, study_areas/definitions/max_county_48037_march_2020.shp, 1167.3652671522025, 0.23189146091100035, 0.00019864516054747932
census_geographies/2000_tracts.shp, study_areas/definitions/max_county_48041_march_2020.shp, 1167.3652671522025, 0.1441195012235003, 0.00012345707490088434
census_geographies/2000_tracts.shp, study_areas/definitions/max_county_48061_march_2020.shp, 1167.3652671522025, 0.2984351542615, 0.0002556484783803232
census_geographies/2000_tracts.shp, study_areas/definitions/max_county_48113_march_2020.shp, 1167.3652671522025, 0.22646983884449995, 0.00019400083694195823
census_geographies/2000_tracts.shp, study_areas/definitions/max_county_48135_march_2020.shp, 1167.3652671522025, 0.2225930431104999, 0.00019067985777366627
census_geographies/2000_tracts.shp, study_areas/definitions/max_county_48141_march_2020.shp, 1167.3652671522025, 0.2502635510505004, 0.00021438324241136665
census_geographies/2000_tracts.shp, study_areas/definitions/max_county_48181_march_2020.shp, 1167.3652671522025, 0.24642350271899927, 0.0002110937421670524
census_geographies/2000_tracts.shp, study_areas/definitions/max_county_48183_march_2020.shp, 1167.3652671522025, 0.0685184062709998, 5.8694915977884996e-05
census_geographies/2000_tracts.shp, study_areas/definitions/max_county_48201_march_2020.shp, 1167.3652671522025, 0.42981172722399824, 0.00036818957983264966
census_geographies/2000_tracts.shp, study_areas/definitions/max_county_48215_march_2020.shp, 1167.3652671522025, 0.37085119121850013, 0.00031768222136949024
census_geographies/2000_tracts.shp, study_areas/definitions/max_county_48245_march_2020.shp, 1167.3652671522025, 0.26905157249049866, 0.00023047762346643417
census_geographies/2000_tracts.shp, study_areas/definitions/max_county_48303_march_2020.shp, 1167.3652671522025, 0.22663020687100005, 0.00019413821298955243
census_geographies/2000_tracts.shp, study_areas/definitions/max_county_48309_march_2020.shp, 1167.3652671522025, 0.2608303922775, 0.00022343511462680224
census_geographies/2000_tracts.shp, study_areas/definitions/max_county_48329_march_2020.shp, 1167.3652671522025, 0.22266046138100037, 0.0001907376102804416
census_geographies/2000_tracts.shp, study_areas/definitions/max_county_48355_march_2020.shp, 1167.3652671522025, 0.2763499957639996, 0.0002367296711149868
census_geographies/2000_tracts.shp, study_areas/definitions/max_county_48381_march_2020.shp, 1167.3652671522025, 0.23580265817300028, 0.00020199560909349554
census_geographies/2000_tracts.shp, study_areas/definitions/max_county_48423_march_2020.shp, 1167.3652671522025, 0.23570503697050027, 0.00020191198385189642
census_geographies/2000_tracts.shp, study_areas/definitions/max_county_48441_march_2020.shp, 1167.3652671522025, 0.22797761977550202, 0.00019529244718035458
census_geographies/2000_tracts.shp, study_areas/definitions/max_county_48451_march_2020.shp, 1167.3652671522025, 0.37840707903350024, 0.0003241548208442312
census_geographies/2000_tracts.shp, study_areas/definitions/max_county_48453_march_2020.shp, 1167.3652671522025, 0.24844308413550004, 0.00021282377600764075
census_geographies/2000_tracts.shp, study_areas/definitions/max_county_48469_march_2020.shp, 1167.3652671522025, 0.21275192972650037, 0.00018224966573274063
census_geographies/2000_tracts.shp, study_areas/definitions/max_county_48479_march_2020.shp, 1167.3652671522025, 0.8003414857075006, 0.0006855964523083169
census_geographies/2000_tracts.shp, study_areas/definitions/max_county_48485_march_2020.shp, 1167.3652671522025, 0.1599933686604997, 0.00013705510448396748
census_geographies/2000_tracts.shp, study_areas/definitions/max_county_49005_march_2020.shp, 1167.3652671522025, 0.32873369927449997, 0.00028160311817092916
census_geographies/2000_tracts.shp, study_areas/definitions/max_county_49011_march_2020.shp, 1167.3652671522025, 0.17569842901099958, 0.00015050852886827566
census_geographies/2000_tracts.shp, study_areas/definitions/max_county_49035_march_2020.shp, 1167.3652671522025, 0.22271767653750002, 0.00019078662249462133
census_geographies/2000_tracts.shp, study_areas/definitions/max_county_49049_march_2020.shp, 1167.3652671522025, 0.586683959369003, 0.0005025710254342443
census_geographies/2000_tracts.shp, study_areas/definitions/max_county_49053_march_2020.shp, 1167.3652671522025, 0.6393603327935022, 0.0005476951822913382
census_geographies/2000_tracts.shp, study_areas/definitions/max_county_50007_march_2020.shp, 1167.3652671522025, 0.1813876606775, 0.00015538209486050305
census_geographies/2000_tracts.shp, study_areas/definitions/max_county_51003_march_2020.shp, 1167.3652671522025, 0.19297336987399996, 0.00016530675984969138
census_geographies/2000_tracts.shp, study_areas/definitions/max_county_51015_march_2020.shp, 1167.3652671522025, 0.25852506284549975, 0.00022146030049032884
census_geographies/2000_tracts.shp, study_areas/definitions/max_county_51019_march_2020.shp, 1167.3652671522025, 0.20433397199450007, 0.00017503859138534637
census_geographies/2000_tracts.shp, study_areas/definitions/max_county_51041_march_2020.shp, 1167.3652671522025, 0.11493516430599998, 9.845689908727993e-05
census_geographies/2000_tracts.shp, study_areas/definitions/max_county_51059_march_2020.shp, 1167.3652671522025, 0.10914697076350015, 9.34985593924386e-05
census_geographies/2000_tracts.shp, study_areas/definitions/max_county_51069_march_2020.shp, 1167.3652671522025, 0.11222313373100012, 9.613369258858405e-05
census_geographies/2000_tracts.shp, study_areas/definitions/max_county_51121_march_2020.shp, 1167.3652671522025, 0.10230452373750049, 8.763711463428515e-05
census_geographies/2000_tracts.shp, study_areas/definitions/max_county_51165_march_2020.shp, 1167.3652671522025, 0.22827058863199962, 0.0001955434130645909
census_geographies/2000_tracts.shp, study_areas/definitions/max_county_51770_march_2020.shp, 1167.3652671522025, 0.011303515647500012, 9.682929555609476e-06
census_geographies/2000_tracts.shp, study_areas/definitions/max_county_51810_march_2020.shp, 1167.3652671522025, 0.13002279487900015, 0.00011138141465883413
census_geographies/2000_tracts.shp, study_areas/definitions/max_county_53005_march_2020.shp, 1167.3652671522025, 0.5316970704984996, 0.0004554676119459842
census_geographies/2000_tracts.shp, study_areas/definitions/max_county_53007_march_2020.shp, 1167.3652671522025, 0.9321932742095003, 0.0007985446376039555
census_geographies/2000_tracts.shp, study_areas/definitions/max_county_53015_march_2020.shp, 1167.3652671522025, 0.35199830652750036, 0.0003015322765137627
census_geographies/2000_tracts.shp, study_areas/definitions/max_county_53033_march_2020.shp, 1167.3652671522025, 0.713080887437001, 0.0006108464141447072
census_geographies/2000_tracts.shp, study_areas/definitions/max_county_53035_march_2020.shp, 1167.3652671522025, 0.17544006776400015, 0.00015028720889733826
census_geographies/2000_tracts.shp, study_areas/definitions/max_county_53057_march_2020.shp, 1167.3652671522025, 0.6049462040960008, 0.0005182150104326576
census_geographies/2000_tracts.shp, study_areas/definitions/max_county_53063_march_2020.shp, 1167.3652671522025, 0.5518301495049986, 0.0004727142095388815
census_geographies/2000_tracts.shp, study_areas/definitions/max_county_53067_march_2020.shp, 1167.3652671522025, 0.2366184391184998, 0.0002026944314488065
census_geographies/2000_tracts.shp, study_areas/definitions/max_county_53071_march_2020.shp, 1167.3652671522025, 0.39236785316750034, 0.0003361140374894698
census_geographies/2000_tracts.shp, study_areas/definitions/max_county_53073_march_2020.shp, 1167.3652671522025, 0.7941252868595019, 0.000680271470468517
census_geographies/2000_tracts.shp, study_areas/definitions/max_county_53077_march_2020.shp, 1167.3652671522025, 1.3076143291865028, 0.001120141540938972
census_geographies/2000_tracts.shp, study_areas/definitions/max_county_54011_march_2020.shp, 1167.3652671522025, 0.07695154860650003, 6.591899791076017e-05
census_geographies/2000_tracts.shp, study_areas/definitions/max_county_54039_march_2020.shp, 1167.3652671522025, 0.24310498907099962, 0.00020825100413005804
census_geographies/2000_tracts.shp, study_areas/definitions/max_county_54061_march_2020.shp, 1167.3652671522025, 0.09941501650300047, 8.51618763213028e-05
census_geographies/2000_tracts.shp, study_areas/definitions/max_county_54081_march_2020.shp, 1167.3652671522025, 0.1613876412775009, 0.00013824948010592044
census_geographies/2000_tracts.shp, study_areas/definitions/max_county_54107_march_2020.shp, 1167.3652671522025, 0.10176833494250022, 8.717779927679786e-05
census_geographies/2000_tracts.shp, study_areas/definitions/max_county_55009_march_2020.shp, 1167.3652671522025, 0.18037862400399965, 0.0001545177238689265
census_geographies/2000_tracts.shp, study_areas/definitions/max_county_55025_march_2020.shp, 1167.3652671522025, 0.3544164341765001, 0.0003036037169763514
census_geographies/2000_tracts.shp, study_areas/definitions/max_county_55035_march_2020.shp, 1167.3652671522025, 0.189830603273, 0.0001626145719891884
census_geographies/2000_tracts.shp, study_areas/definitions/max_county_55039_march_2020.shp, 1167.3652671522025, 0.22166406340549955, 0.00018988406597555445
census_geographies/2000_tracts.shp, study_areas/definitions/max_county_55063_march_2020.shp, 1167.3652671522025, 0.13926994985000016, 0.00011930280415979
census_geographies/2000_tracts.shp, study_areas/definitions/max_county_55073_march_2020.shp, 1167.3652671522025, 0.46511562972450055, 0.00039843195854126625
census_geographies/2000_tracts.shp, study_areas/definitions/max_county_55079_march_2020.shp, 1167.3652671522025, 0.3401965699504994, 0.0002914225560097499
census_geographies/2000_tracts.shp, study_areas/definitions/max_county_55087_march_2020.shp, 1167.3652671522025, 0.18863058107500005, 0.00016158659708556
census_geographies/2000_tracts.shp, study_areas/definitions/max_county_55101_march_2020.shp, 1167.3652671522025, 0.22558139974600108, 0.0001932397734398153
census_geographies/2000_tracts.shp, study_areas/definitions/max_county_55105_march_2020.shp, 1167.3652671522025, 0.20651760077150003, 0.00017690915310106963
census_geographies/2000_tracts.shp, study_areas/definitions/max_county_55117_march_2020.shp, 1167.3652671522025, 0.367739862358999, 0.0003150169640185574
census_geographies/2000_tracts.shp, study_areas/definitions/max_county_55139_march_2020.shp, 1167.3652671522025, 0.16833865050900088, 0.0001442039224960534
census_geographies/2000_tracts.shp, study_areas/definitions/max_county_56021_march_2020.shp, 1167.3652671522025, 0.7484297339885012, 0.0006411272932715413
census_geographies/2000_tracts.shp, study_areas/definitions/max_county_56025_march_2020.shp, 1167.3652671522025, 1.5360672886064997, 0.0013158411782746876
census_geographies/2000_tracts.shp, study_areas/definitions/max_county_72005_march_2020.shp, 1167.3652671522025, 0.01674307031949993, 1.4342614767308259e-05
census_geographies/2000_tracts.shp, study_areas/definitions/max_county_72013_march_2020.shp, 1167.3652671522025, 0.03793015407099976, 3.2492104346680364e-05
census_geographies/2000_tracts.shp, study_areas/definitions/max_county_72023_march_2020.shp, 1167.3652671522025, 0.03922877318249997, 3.3604540315131096e-05
census_geographies/2000_tracts.shp, study_areas/definitions/max_county_72057_march_2020.shp, 1167.3652671522025, 0.023599072558499946, 2.0215671326310818e-05
census_geographies/2000_tracts.shp, study_areas/definitions/max_county_72097_march_2020.shp, 1167.3652671522025, 0.06061858079050031, 5.192768921280299e-05
census_geographies/2000_tracts.shp, study_areas/definitions/max_county_72113_march_2020.shp, 1167.3652671522025, 0.04277611633400021, 3.664330054838184e-05
census_geographies/2000_tracts.shp, study_areas/definitions/max_county_72127_march_2020.shp, 1167.3652671522025, 0.017028825839499856, 1.4587401491772855e-05
census_geographies/2000_tracts.shp, study_areas/definitions/max_county_72153_march_2020.shp, 1167.3652671522025, 0.015203273672000037, 1.3023578908672307e-05
census_geographies/1990_tracts.shp, study_areas/definitions/max_county_01003_march_2020.shp, 9295699951354.111, 4232266030.9886045, 0.00045529288306816394
census_geographies/1990_tracts.shp, study_areas/definitions/max_county_01015_march_2020.shp, 9295699951354.111, 1585924087.7038572, 0.00017060835612199752
census_geographies/1990_tracts.shp, study_areas/definitions/max_county_01055_march_2020.shp, 9295699951354.111, 1421279646.2212377, 0.000152896463274312
census_geographies/1990_tracts.shp, study_areas/definitions/max_county_01069_march_2020.shp, 9295699951354.111, 1506503856.5459192, 0.00016206459593464672
census_geographies/1990_tracts.shp, study_areas/definitions/max_county_01073_march_2020.shp, 9295699951354.111, 2910680938.8619866, 0.0003131212231563031
census_geographies/1990_tracts.shp, study_areas/definitions/max_county_01077_march_2020.shp, 9295699951354.111, 1861660100.898829, 0.00020027110498845648
census_geographies/1990_tracts.shp, study_areas/definitions/max_county_01081_march_2020.shp, 9295699951354.111, 1594298967.1225429, 0.00017150929735961412
census_geographies/1990_tracts.shp, study_areas/definitions/max_county_01089_march_2020.shp, 9295699951354.111, 2105290365.865388, 0.00022648002591334811
census_geographies/1990_tracts.shp, study_areas/definitions/max_county_01097_march_2020.shp, 9295699951354.111, 3251206571.226938, 0.00034975382039448597
census_geographies/1990_tracts.shp, study_areas/definitions/max_county_01101_march_2020.shp, 9295699951354.111, 2071394488.390267, 0.00022283362191445578
census_geographies/1990_tracts.shp, study_areas/definitions/max_county_01103_march_2020.shp, 9295699951354.111, 1551567087.5781558, 0.00016691234610602268
census_geographies/1990_tracts.shp, study_areas/definitions/max_county_01125_march_2020.shp, 9295699951354.111, 3499697745.7840233, 0.0003764856615530302
census_geographies/1990_tracts.shp, study_areas/definitions/max_county_02020_march_2020.shp, 9295699951354.111, 4426682387.830571, 0.00047620753800102305
census_geographies/1990_tracts.shp, study_areas/definitions/max_county_02090_march_2020.shp, 9295699951354.111, 19281233686.69605, 0.0020742099882308847
census_geographies/1990_tracts.shp, study_areas/definitions/max_county_04003_march_2020.shp, 9295699951354.111, 16106743837.346247, 0.001732709093627744
census_geographies/1990_tracts.shp, study_areas/definitions/max_county_04005_march_2020.shp, 9295699951354.111, 48332418992.195404, 0.005199438368829319
census_geographies/1990_tracts.shp, study_areas/definitions/max_county_04013_march_2020.shp, 9295699951354.111, 23891111552.84069, 0.0025701250769567334
census_geographies/1990_tracts.shp, study_areas/definitions/max_county_04015_march_2020.shp, 9295699951354.111, 34886574350.61867, 0.0037529798221958223
census_geographies/1990_tracts.shp, study_areas/definitions/max_county_04019_march_2020.shp, 9295699951354.111, 23799178876.139874, 0.002560235270144776
census_geographies/1990_tracts.shp, study_areas/definitions/max_county_04025_march_2020.shp, 9295699951354.111, 21051038044.934765, 0.0022645995627116004
census_geographies/1990_tracts.shp, study_areas/definitions/max_county_04027_march_2020.shp, 9295699951354.111, 14294372778.955776, 0.0015377403373345226
census_geographies/1990_tracts.shp, study_areas/definitions/max_county_05007_march_2020.shp, 9295699951354.111, 2279828401.026855, 0.0002452562381485593
census_geographies/1990_tracts.shp, study_areas/definitions/max_county_05031_march_2020.shp, 9295699951354.111, 1846615404.8794317, 0.00019865264741149847
census_geographies/1990_tracts.shp, study_areas/definitions/max_county_05051_march_2020.shp, 9295699951354.111, 1902555927.0379176, 0.000204670539818873
census_geographies/1990_tracts.shp, study_areas/definitions/max_county_05069_march_2020.shp, 9295699951354.111, 2366486286.3514266, 0.00025457860072244465
census_geographies/1990_tracts.shp, study_areas/definitions/max_county_05119_march_2020.shp, 9295699951354.111, 2092324616.2919848, 0.00022508521437239316
census_geographies/1990_tracts.shp, study_areas/definitions/max_county_05131_march_2020.shp, 9295699951354.111, 1414245016.3131769, 0.0001521397015517011
census_geographies/1990_tracts.shp, study_areas/definitions/max_county_06001_march_2020.shp, 9295699951354.111, 1928031811.9080803, 0.00020741114945596137
census_geographies/1990_tracts.shp, study_areas/definitions/max_county_06007_march_2020.shp, 9295699951354.111, 4343701937.11845, 0.00046728078142041366
census_geographies/1990_tracts.shp, study_areas/definitions/max_county_06019_march_2020.shp, 9295699951354.111, 15585349948.602037, 0.001676619300339154
census_geographies/1990_tracts.shp, study_areas/definitions/max_county_06025_march_2020.shp, 9295699951354.111, 11607768479.497828, 0.0012487245221170155
census_geographies/1990_tracts.shp, study_areas/definitions/max_county_06029_march_2020.shp, 9295699951354.111, 21138168875.193672, 0.002273972803103919
census_geographies/1990_tracts.shp, study_areas/definitions/max_county_06031_march_2020.shp, 9295699951354.111, 3603970111.6208096, 0.00038770293043890867
census_geographies/1990_tracts.shp, study_areas/definitions/max_county_06037_march_2020.shp, 9295699951354.111, 10591499612.578846, 0.001139397750358323
census_geographies/1990_tracts.shp, study_areas/definitions/max_county_06039_march_2020.shp, 9295699951354.111, 5577017201.6171875, 0.0005999566714505215
census_geographies/1990_tracts.shp, study_areas/definitions/max_county_06047_march_2020.shp, 9295699951354.111, 5107135706.964201, 0.0005494084075099951
census_geographies/1990_tracts.shp, study_areas/definitions/max_county_06053_march_2020.shp, 9295699951354.111, 8584814986.276196, 0.0009235253968180889
census_geographies/1990_tracts.shp, study_areas/definitions/max_county_06055_march_2020.shp, 9295699951354.111, 2036357685.728433, 0.0002190644810380089
census_geographies/1990_tracts.shp, study_areas/definitions/max_county_06065_march_2020.shp, 9295699951354.111, 18915643224.523716, 0.0020348810012707284
census_geographies/1990_tracts.shp, study_areas/definitions/max_county_06067_march_2020.shp, 9295699951354.111, 2539923614.2456584, 0.0002732364025880231
census_geographies/1990_tracts.shp, study_areas/definitions/max_county_06073_march_2020.shp, 9295699951354.111, 10975735021.716526, 0.0011807324977305966
census_geographies/1990_tracts.shp, study_areas/definitions/max_county_06077_march_2020.shp, 9295699951354.111, 3689368845.1780744, 0.0003968898377190672
census_geographies/1990_tracts.shp, study_areas/definitions/max_county_06079_march_2020.shp, 9295699951354.111, 8606053310.777933, 0.0009258101440251719
census_geographies/1990_tracts.shp, study_areas/definitions/max_county_06083_march_2020.shp, 9295699951354.111, 7123532727.450155, 0.000766325587608114
census_geographies/1990_tracts.shp, study_areas/definitions/max_county_06085_march_2020.shp, 9295699951354.111, 3362568288.507721, 0.0003617337377609626
census_geographies/1990_tracts.shp, study_areas/definitions/max_county_06087_march_2020.shp, 9295699951354.111, 1157808273.6635053, 0.00012455310301779336
census_geographies/1990_tracts.shp, study_areas/definitions/max_county_06089_march_2020.shp, 9295699951354.111, 9964678303.664762, 0.001071966431340461
census_geographies/1990_tracts.shp, study_areas/definitions/max_county_06095_march_2020.shp, 9295699951354.111, 2177951351.6119766, 0.00023429664931199859
census_geographies/1990_tracts.shp, study_areas/definitions/max_county_06097_march_2020.shp, 9295699951354.111, 4115215168.8479958, 0.00044270094671553266
census_geographies/1990_tracts.shp, study_areas/definitions/max_county_06099_march_2020.shp, 9295699951354.111, 3922646684.0249805, 0.00042198507961238205
census_geographies/1990_tracts.shp, study_areas/definitions/max_county_06101_march_2020.shp, 9295699951354.111, 1576219376.1443763, 0.0001695643560348317
census_geographies/1990_tracts.shp, study_areas/definitions/max_county_06107_march_2020.shp, 9295699951354.111, 12532928404.30661, 0.0013482501016484434
census_geographies/1990_tracts.shp, study_areas/definitions/max_county_06111_march_2020.shp, 9295699951354.111, 4810498960.546396, 0.0005174972283658582
census_geographies/1990_tracts.shp, study_areas/definitions/max_county_08013_march_2020.shp, 9295699951354.111, 1899541126.667801, 0.00020434621777901655
census_geographies/1990_tracts.shp, study_areas/definitions/max_county_08031_march_2020.shp, 9295699951354.111, 401824476.76712584, 4.3226919852183026e-05
census_geographies/1990_tracts.shp, study_areas/definitions/max_county_08041_march_2020.shp, 9295699951354.111, 5515540977.250965, 0.0005933432668991766
census_geographies/1990_tracts.shp, study_areas/definitions/max_county_08069_march_2020.shp, 9295699951354.111, 6821639817.23865, 0.0007338489681183113
census_geographies/1990_tracts.shp, study_areas/definitions/max_county_08077_march_2020.shp, 9295699951354.111, 8653480811.144552, 0.0009309122343050663
census_geographies/1990_tracts.shp, study_areas/definitions/max_county_08101_march_2020.shp, 9295699951354.111, 6210015201.338358, 0.00066805245800062
census_geographies/1990_tracts.shp, study_areas/definitions/max_county_08123_march_2020.shp, 9295699951354.111, 10415731020.200718, 0.0011204891589345514
census_geographies/1990_tracts.shp, study_areas/definitions/max_county_09001_march_2020.shp, 9295699951354.111, 1673888422.6219566, 0.00018007126212998302
census_geographies/1990_tracts.shp, study_areas/definitions/max_county_09003_march_2020.shp, 9295699951354.111, 1943961968.4335024, 0.0002091248618830822
census_geographies/1990_tracts.shp, study_areas/definitions/max_county_09009_march_2020.shp, 9295699951354.111, 1603794994.3961165, 0.00017253084789623513
census_geographies/1990_tracts.shp, study_areas/definitions/max_county_09011_march_2020.shp, 9295699951354.111, 1781000398.816026, 0.0001915940067059271
census_geographies/1990_tracts.shp, study_areas/definitions/max_county_10001_march_2020.shp, 9295699951354.111, 1548770578.1471016, 0.00016661150706800634
census_geographies/1990_tracts.shp, study_areas/definitions/max_county_10005_march_2020.shp, 9295699951354.111, 2461061821.435581, 0.00026475271731173685
census_geographies/1990_tracts.shp, study_areas/definitions/max_county_12001_march_2020.shp, 9295699951354.111, 2510079789.1715393, 0.00027002590469864447
census_geographies/1990_tracts.shp, study_areas/definitions/max_county_12005_march_2020.shp, 9295699951354.111, 2000814090.9795723, 0.0002152408211807775
census_geographies/1990_tracts.shp, study_areas/definitions/max_county_12009_march_2020.shp, 9295699951354.111, 2813711137.557214, 0.0003026895394948003
census_geographies/1990_tracts.shp, study_areas/definitions/max_county_12015_march_2020.shp, 9295699951354.111, 1842260836.6487432, 0.000198184197670922
census_geographies/1990_tracts.shp, study_areas/definitions/max_county_12017_march_2020.shp, 9295699951354.111, 1636730249.7751138, 0.00017607391141499678
census_geographies/1990_tracts.shp, study_areas/definitions/max_county_12021_march_2020.shp, 9295699951354.111, 5289833758.2642975, 0.0005690624467169601
census_geographies/1990_tracts.shp, study_areas/definitions/max_county_12031_march_2020.shp, 9295699951354.111, 2185102461.29395, 0.0002350659415352197
census_geographies/1990_tracts.shp, study_areas/definitions/max_county_12033_march_2020.shp, 9295699951354.111, 1732322841.41659, 0.0001863574395131204
census_geographies/1990_tracts.shp, study_areas/definitions/max_county_12055_march_2020.shp, 9295699951354.111, 2865314459.5407853, 0.0003082408505583695
census_geographies/1990_tracts.shp, study_areas/definitions/max_county_12057_march_2020.shp, 9295699951354.111, 2775207738.2092786, 0.0002985474738569861
census_geographies/1990_tracts.shp, study_areas/definitions/max_county_12061_march_2020.shp, 9295699951354.111, 1333798800.5071614, 0.00014348556940167436
census_geographies/1990_tracts.shp, study_areas/definitions/max_county_12071_march_2020.shp, 9295699951354.111, 2116887581.1585102, 0.00022772761515932338
census_geographies/1990_tracts.shp, study_areas/definitions/max_county_12073_march_2020.shp, 9295699951354.111, 1817645313.318101, 0.00019553614282196395
census_geographies/1990_tracts.shp, study_areas/definitions/max_county_12083_march_2020.shp, 9295699951354.111, 4307277510.502721, 0.0004633623646463843
census_geographies/1990_tracts.shp, study_areas/definitions/max_county_12086_march_2020.shp, 9295699951354.111, 5130506216.634621, 0.0005519225279950281
census_geographies/1990_tracts.shp, study_areas/definitions/max_county_12091_march_2020.shp, 9295699951354.111, 2431976532.5147676, 0.00026162382017940453
census_geographies/1990_tracts.shp, study_areas/definitions/max_county_12095_march_2020.shp, 9295699951354.111, 2600905385.307685, 0.0002797966155231602
census_geographies/1990_tracts.shp, study_areas/definitions/max_county_12105_march_2020.shp, 9295699951354.111, 5205961005.434332, 0.0005600396992886991
census_geographies/1990_tracts.shp, study_areas/definitions/max_county_12111_march_2020.shp, 9295699951354.111, 1492300905.9590545, 0.00016053669048791424
census_geographies/1990_tracts.shp, study_areas/definitions/max_county_12115_march_2020.shp, 9295699951354.111, 1498394590.209261, 0.0001611922284551567
census_geographies/1990_tracts.shp, study_areas/definitions/max_county_12119_march_2020.shp, 9295699951354.111, 1503042389.2779253, 0.00016169222297875223
census_geographies/1990_tracts.shp, study_areas/definitions/max_county_12127_march_2020.shp, 9295699951354.111, 3164722375.0265894, 0.00034045014270986466
census_geographies/1990_tracts.shp, study_areas/definitions/max_county_13021_march_2020.shp, 9295699951354.111, 660797145.4983875, 7.108632474761932e-05
census_geographies/1990_tracts.shp, study_areas/definitions/max_county_13051_march_2020.shp, 9295699951354.111, 1200746191.6255221, 0.00012917221918835802
census_geographies/1990_tracts.shp, study_areas/definitions/max_county_13059_march_2020.shp, 9295699951354.111, 313640669.20089734, 3.3740403718087856e-05
census_geographies/1990_tracts.shp, study_areas/definitions/max_county_13095_march_2020.shp, 9295699951354.111, 866724714.7242361, 9.323931702399449e-05
census_geographies/1990_tracts.shp, study_areas/definitions/max_county_13115_march_2020.shp, 9295699951354.111, 1342825205.5323215, 0.00014445659956318954
census_geographies/1990_tracts.shp, study_areas/definitions/max_county_13121_march_2020.shp, 9295699951354.111, 1384659044.718141, 0.00014895694266857623
census_geographies/1990_tracts.shp, study_areas/definitions/max_county_13127_march_2020.shp, 9295699951354.111, 1127342086.6046607, 0.00012127565352842957
census_geographies/1990_tracts.shp, study_areas/definitions/max_county_13139_march_2020.shp, 9295699951354.111, 1111740563.4934871, 0.00011959729437389371
census_geographies/1990_tracts.shp, study_areas/definitions/max_county_13153_march_2020.shp, 9295699951354.111, 983761075.432679, 0.00010582969336153905
census_geographies/1990_tracts.shp, study_areas/definitions/max_county_13179_march_2020.shp, 9295699951354.111, 1363723220.5773747, 0.0001467047374284838
census_geographies/1990_tracts.shp, study_areas/definitions/max_county_13185_march_2020.shp, 9295699951354.111, 1322551908.0632594, 0.00014227566670443168
census_geographies/1990_tracts.shp, study_areas/definitions/max_county_13215_march_2020.shp, 9295699951354.111, 572388130.2164724, 6.157558152821964e-05
census_geographies/1990_tracts.shp, study_areas/definitions/max_county_13245_march_2020.shp, 9295699951354.111, 850697038.6050084, 9.15151137683921e-05
census_geographies/1990_tracts.shp, study_areas/definitions/max_county_13313_march_2020.shp, 9295699951354.111, 751889349.4540443, 8.088571634075991e-05
census_geographies/1990_tracts.shp, study_areas/definitions/max_county_15003_march_2020.shp, 9295699951354.111, 1560423837.4316986, 0.00016786512533726848
census_geographies/1990_tracts.shp, study_areas/definitions/max_county_15009_march_2020.shp, 9295699951354.111, 3005567551.5823054, 0.0003233288044268772
census_geographies/1990_tracts.shp, study_areas/definitions/max_county_16001_march_2020.shp, 9295699951354.111, 2746205842.9194603, 0.00029542754792977356
census_geographies/1990_tracts.shp, study_areas/definitions/max_county_16005_march_2020.shp, 9295699951354.111, 2971852866.9872537, 0.00031970189254595526
census_geographies/1990_tracts.shp, study_areas/definitions/max_county_16019_march_2020.shp, 9295699951354.111, 4922614560.963633, 0.0005295582459335461
census_geographies/1990_tracts.shp, study_areas/definitions/max_county_16055_march_2020.shp, 9295699951354.111, 3407544131.4071536, 0.0003665720870122076
census_geographies/1990_tracts.shp, study_areas/definitions/max_county_16069_march_2020.shp, 9295699951354.111, 2217918985.957082, 0.00023859623240463952
census_geographies/1990_tracts.shp, study_areas/definitions/max_county_16083_march_2020.shp, 9295699951354.111, 4994679138.211476, 0.0005373107097205625
census_geographies/1990_tracts.shp, study_areas/definitions/max_county_17019_march_2020.shp, 9295699951354.111, 2583589403.5663834, 0.0002779338207006165
census_geographies/1990_tracts.shp, study_areas/definitions/max_county_17031_march_2020.shp, 9295699951354.111, 2481450779.6979923, 0.0002669460925679424
census_geographies/1990_tracts.shp, study_areas/definitions/max_county_17091_march_2020.shp, 9295699951354.111, 1764925245.6324418, 0.00018986469602811824
census_geographies/1990_tracts.shp, study_areas/definitions/max_county_17113_march_2020.shp, 9295699951354.111, 3072453892.1031156, 0.0003305242109988231
census_geographies/1990_tracts.shp, study_areas/definitions/max_county_17115_march_2020.shp, 9295699951354.111, 1516119627.540001, 0.00016309902809622708
census_geographies/1990_tracts.shp, study_areas/definitions/max_county_17143_march_2020.shp, 9295699951354.111, 1633978958.2974808, 0.00017577793677166375
census_geographies/1990_tracts.shp, study_areas/definitions/max_county_17167_march_2020.shp, 9295699951354.111, 2271432624.7583423, 0.0002443530488984276
census_geographies/1990_tracts.shp, study_areas/definitions/max_county_17183_march_2020.shp, 9295699951354.111, 2336514828.4313474, 0.0002513543725226399
census_geographies/1990_tracts.shp, study_areas/definitions/max_county_17199_march_2020.shp, 9295699951354.111, 1150933187.5865395, 0.00012381350448159445
census_geographies/1990_tracts.shp, study_areas/definitions/max_county_17201_march_2020.shp, 9295699951354.111, 1344905439.2999425, 0.00014468038408490467
census_geographies/1990_tracts.shp, study_areas/definitions/max_county_18003_march_2020.shp, 9295699951354.111, 1709650714.4510422, 0.00018391844868034883
census_geographies/1990_tracts.shp, study_areas/definitions/max_county_18005_march_2020.shp, 9295699951354.111, 1060234370.9785252, 0.00011405643217045534
census_geographies/1990_tracts.shp, study_areas/definitions/max_county_18035_march_2020.shp, 9295699951354.111, 1025438514.300197, 0.00011031321144900128
census_geographies/1990_tracts.shp, study_areas/definitions/max_county_18039_march_2020.shp, 9295699951354.111, 1211714489.6126027, 0.0001303521516350247
census_geographies/1990_tracts.shp, study_areas/definitions/max_county_18067_march_2020.shp, 9295699951354.111, 761266959.3011994, 8.18945279306595e-05
census_geographies/1990_tracts.shp, study_areas/definitions/max_county_18091_march_2020.shp, 9295699951354.111, 1563353209.1481245, 0.0001681802572511379
census_geographies/1990_tracts.shp, study_areas/definitions/max_county_18097_march_2020.shp, 9295699951354.111, 1043869896.5022774, 0.00011229599728530567
census_geographies/1990_tracts.shp, study_areas/definitions/max_county_18105_march_2020.shp, 9295699951354.111, 1065309732.4772804, 0.00011460242241597912
census_geographies/1990_tracts.shp, study_areas/definitions/max_county_18141_march_2020.shp, 9295699951354.111, 1193906293.5812523, 0.00012843640606185176
census_geographies/1990_tracts.shp, study_areas/definitions/max_county_18157_march_2020.shp, 9295699951354.111, 1302943394.829771, 0.00014016624908810341
census_geographies/1990_tracts.shp, study_areas/definitions/max_county_18163_march_2020.shp, 9295699951354.111, 610555240.5929263, 6.568147033446214e-05
census_geographies/1990_tracts.shp, study_areas/definitions/max_county_18167_march_2020.shp, 9295699951354.111, 1063102558.4141184, 0.00011436498208607254
census_geographies/1990_tracts.shp, study_areas/definitions/max_county_19013_march_2020.shp, 9295699951354.111, 1481228892.621875, 0.00015934560069423318
census_geographies/1990_tracts.shp, study_areas/definitions/max_county_19061_march_2020.shp, 9295699951354.111, 1596874144.2117953, 0.00017178632621195756
census_geographies/1990_tracts.shp, study_areas/definitions/max_county_19103_march_2020.shp, 9295699951354.111, 1614458128.976872, 0.0001736779518944878
census_geographies/1990_tracts.shp, study_areas/definitions/max_county_19113_march_2020.shp, 9295699951354.111, 1876552392.5840533, 0.00020187316742196424
census_geographies/1990_tracts.shp, study_areas/definitions/max_county_19153_march_2020.shp, 9295699951354.111, 1533006924.5056322, 0.0001649157064586963
census_geographies/1990_tracts.shp, study_areas/definitions/max_county_19163_march_2020.shp, 9295699951354.111, 1212558748.0632687, 0.00013044297410725206
census_geographies/1990_tracts.shp, study_areas/definitions/max_county_19169_march_2020.shp, 9295699951354.111, 1485858689.9604268, 0.00015984365865251285
census_geographies/1990_tracts.shp, study_areas/definitions/max_county_19193_march_2020.shp, 9295699951354.111, 2272399349.251506, 0.00024445704585381804
census_geographies/1990_tracts.shp, study_areas/definitions/max_county_20045_march_2020.shp, 9295699951354.111, 1228874341.3083673, 0.00013219815051467493
census_geographies/1990_tracts.shp, study_areas/definitions/max_county_20161_march_2020.shp, 9295699951354.111, 1611241728.3178048, 0.0001733319423765495
census_geographies/1990_tracts.shp, study_areas/definitions/max_county_20173_march_2020.shp, 9295699951354.111, 2614371080.771081, 0.00028124520955414916
census_geographies/1990_tracts.shp, study_areas/definitions/max_county_20177_march_2020.shp, 9295699951354.111, 1440852053.8832622, 0.0001550019967752264
census_geographies/1990_tracts.shp, study_areas/definitions/max_county_21059_march_2020.shp, 9295699951354.111, 1233545187.308649, 0.00013270062434932162
census_geographies/1990_tracts.shp, study_areas/definitions/max_county_21067_march_2020.shp, 9295699951354.111, 739492677.7089877, 7.955212427024016e-05
census_geographies/1990_tracts.shp, study_areas/definitions/max_county_21093_march_2020.shp, 9295699951354.111, 1631333438.1021771, 0.00017549334064558954
census_geographies/1990_tracts.shp, study_areas/definitions/max_county_21111_march_2020.shp, 9295699951354.111, 1032311011.0443673, 0.00011105253143352478
census_geographies/1990_tracts.shp, study_areas/definitions/max_county_21227_march_2020.shp, 9295699951354.111, 1418520012.4302518, 0.00015259959119308869
census_geographies/1990_tracts.shp, study_areas/definitions/max_county_22017_march_2020.shp, 9295699951354.111, 2423185986.6132336, 0.00026067816294567965
census_geographies/1990_tracts.shp, study_areas/definitions/max_county_22019_march_2020.shp, 9295699951354.111, 2834372400.1831694, 0.000304912208334595
census_geographies/1990_tracts.shp, study_areas/definitions/max_county_22033_march_2020.shp, 9295699951354.111, 1218718213.972861, 0.00013110558864320158
census_geographies/1990_tracts.shp, study_areas/definitions/max_county_22051_march_2020.shp, 9295699951354.111, 957448020.3498964, 0.00010299902378092832
census_geographies/1990_tracts.shp, study_areas/definitions/max_county_22055_march_2020.shp, 9295699951354.111, 700061668.0572761, 7.531026944940254e-05
census_geographies/1990_tracts.shp, study_areas/definitions/max_county_22073_march_2020.shp, 9295699951354.111, 1638708247.288766, 0.0001762866977058628
census_geographies/1990_tracts.shp, study_areas/definitions/max_county_22079_march_2020.shp, 9295699951354.111, 3527521326.352071, 0.00037947882836280813
census_geographies/1990_tracts.shp, study_areas/definitions/max_county_22105_march_2020.shp, 9295699951354.111, 2076328646.4642386, 0.00022336442197252486
census_geographies/1990_tracts.shp, study_areas/definitions/max_county_22109_march_2020.shp, 9295699951354.111, 3725973886.042659, 0.00040082768436387555
census_geographies/1990_tracts.shp, study_areas/definitions/max_county_23001_march_2020.shp, 9295699951354.111, 1287795918.7937386, 0.00013853673478414548
census_geographies/1990_tracts.shp, study_areas/definitions/max_county_23005_march_2020.shp, 9295699951354.111, 2383231800.3003626, 0.0002563800265469192
census_geographies/1990_tracts.shp, study_areas/definitions/max_county_23019_march_2020.shp, 9295699951354.111, 9210115730.27563, 0.0009907931385988837
census_geographies/1990_tracts.shp, study_areas/definitions/max_county_24001_march_2020.shp, 9295699951354.111, 1113218808.2552369, 0.00011975631895186908
census_geographies/1990_tracts.shp, study_areas/definitions/max_county_24005_march_2020.shp, 9295699951354.111, 1578734552.3043354, 0.00016983493018988418
census_geographies/1990_tracts.shp, study_areas/definitions/max_county_24037_march_2020.shp, 9295699951354.111, 950233547.746172, 0.00010222291518862447
census_geographies/1990_tracts.shp, study_areas/definitions/max_county_24043_march_2020.shp, 9295699951354.111, 1210934765.1610208, 0.00013026827151242366
census_geographies/1990_tracts.shp, study_areas/definitions/max_county_25001_march_2020.shp, 9295699951354.111, 1087046722.1950145, 0.00011694081434251367
census_geographies/1990_tracts.shp, study_areas/definitions/max_county_25003_march_2020.shp, 9295699951354.111, 2450811232.2335815, 0.0002636499935517572
census_geographies/1990_tracts.shp, study_areas/definitions/max_county_25013_march_2020.shp, 9295699951354.111, 1642345269.0756645, 0.00017667795622387995
census_geographies/1990_tracts.shp, study_areas/definitions/max_county_25017_march_2020.shp, 9295699951354.111, 2194542967.5055537, 0.00023608151930354346
census_geographies/1990_tracts.shp, study_areas/definitions/max_county_25027_march_2020.shp, 9295699951354.111, 4089604640.411701, 0.0004399458525784242
census_geographies/1990_tracts.shp, study_areas/definitions/max_county_26017_march_2020.shp, 9295699951354.111, 1159619594.3325639, 0.00012474795877675046
census_geographies/1990_tracts.shp, study_areas/definitions/max_county_26021_march_2020.shp, 9295699951354.111, 1502799711.9740062, 0.00016166611657415775
census_geographies/1990_tracts.shp, study_areas/definitions/max_county_26025_march_2020.shp, 9295699951354.111, 1860738549.3741314, 0.0002001719675884199
census_geographies/1990_tracts.shp, study_areas/definitions/max_county_26049_march_2020.shp, 9295699951354.111, 1681776520.803232, 0.00018091983708642042
census_geographies/1990_tracts.shp, study_areas/definitions/max_county_26065_march_2020.shp, 9295699951354.111, 1452814073.2876368, 0.00015628883041518614
census_geographies/1990_tracts.shp, study_areas/definitions/max_county_26075_march_2020.shp, 9295699951354.111, 1874527770.8531885, 0.00020165536545530653
census_geographies/1990_tracts.shp, study_areas/definitions/max_county_26077_march_2020.shp, 9295699951354.111, 1502588494.728968, 0.00016164339453642593
census_geographies/1990_tracts.shp, study_areas/definitions/max_county_26081_march_2020.shp, 9295699951354.111, 2258916165.9743023, 0.00024300657054289327
census_geographies/1990_tracts.shp, study_areas/definitions/max_county_26111_march_2020.shp, 9295699951354.111, 1367212793.3574638, 0.0001470801338804294
census_geographies/1990_tracts.shp, study_areas/definitions/max_county_26115_march_2020.shp, 9295699951354.111, 1444060309.6656592, 0.00015534713009484583
census_geographies/1990_tracts.shp, study_areas/definitions/max_county_26121_march_2020.shp, 9295699951354.111, 1365425273.512688, 0.00014688783853374974
census_geographies/1990_tracts.shp, study_areas/definitions/max_county_26145_march_2020.shp, 9295699951354.111, 2112841461.9699292, 0.00022729234732475956
census_geographies/1990_tracts.shp, study_areas/definitions/max_county_26161_march_2020.shp, 9295699951354.111, 1871320984.7098024, 0.00020131039023448747
census_geographies/1990_tracts.shp, study_areas/definitions/max_county_26163_march_2020.shp, 9295699951354.111, 1599678904.4596572, 0.00017208805284497493
census_geographies/1990_tracts.shp, study_areas/definitions/max_county_27013_march_2020.shp, 9295699951354.111, 1983642418.721735, 0.00021339355068498918
census_geographies/1990_tracts.shp, study_areas/definitions/max_county_27053_march_2020.shp, 9295699951354.111, 1570536055.8903718, 0.00016895296364009582
census_geographies/1990_tracts.shp, study_areas/definitions/max_county_27109_march_2020.shp, 9295699951354.111, 1695132687.294956, 0.0001823566483606245
census_geographies/1990_tracts.shp, study_areas/definitions/max_county_27137_march_2020.shp, 9295699951354.111, 17443428048.46455, 0.0018765050657560815
census_geographies/1990_tracts.shp, study_areas/definitions/max_county_27145_march_2020.shp, 9295699951354.111, 3599837076.0646276, 0.0003872583124351208
census_geographies/1990_tracts.shp, study_areas/definitions/max_county_28035_march_2020.shp, 9295699951354.111, 1217754811.147533, 0.00013100194902161637
census_geographies/1990_tracts.shp, study_areas/definitions/max_county_28047_march_2020.shp, 9295699951354.111, 1513554300.7240312, 0.0001628230589030093
census_geographies/1990_tracts.shp, study_areas/definitions/max_county_28049_march_2020.shp, 9295699951354.111, 2272351279.1453977, 0.00024445187463418313
census_geographies/1990_tracts.shp, study_areas/definitions/max_county_29019_march_2020.shp, 9295699951354.111, 1790489380.4506133, 0.00019261479929650607
census_geographies/1990_tracts.shp, study_areas/definitions/max_county_29021_march_2020.shp, 9295699951354.111, 1073728750.0787911, 0.00011550811189020578
census_geographies/1990_tracts.shp, study_areas/definitions/max_county_29031_march_2020.shp, 9295699951354.111, 1518485015.9956198, 0.00016335348859602777
census_geographies/1990_tracts.shp, study_areas/definitions/max_county_29051_march_2020.shp, 9295699951354.111, 1033612244.1570355, 0.00011119251369623526
census_geographies/1990_tracts.shp, study_areas/definitions/max_county_29077_march_2020.shp, 9295699951354.111, 1755491552.8362563, 0.00018884985122400949
census_geographies/1990_tracts.shp, study_areas/definitions/max_county_29095_march_2020.shp, 9295699951354.111, 1596502510.8031018, 0.00017174634714522364
census_geographies/1990_tracts.shp, study_areas/definitions/max_county_29097_march_2020.shp, 9295699951354.111, 1661024146.6524646, 0.00017868736677656018
census_geographies/1990_tracts.shp, study_areas/definitions/max_county_29189_march_2020.shp, 9295699951354.111, 1356354395.520453, 0.0001459120241206658
census_geographies/1990_tracts.shp, study_areas/definitions/max_county_30013_march_2020.shp, 9295699951354.111, 7023046466.859113, 0.000755515615135153
census_geographies/1990_tracts.shp, study_areas/definitions/max_county_30063_march_2020.shp, 9295699951354.111, 6781354940.950724, 0.0007295152572091012
census_geographies/1990_tracts.shp, study_areas/definitions/max_county_30111_march_2020.shp, 9295699951354.111, 6860888507.04842, 0.0007380712095864271
census_geographies/1990_tracts.shp, study_areas/definitions/max_county_31055_march_2020.shp, 9295699951354.111, 879560411.8831959, 9.462013796551918e-05
census_geographies/1990_tracts.shp, study_areas/definitions/max_county_31079_march_2020.shp, 9295699951354.111, 1430247947.2869291, 0.00015386124280814204
census_geographies/1990_tracts.shp, study_areas/definitions/max_county_31109_march_2020.shp, 9295699951354.111, 2192958202.2754173, 0.00023591103561340396
census_geographies/1990_tracts.shp, study_areas/definitions/max_county_32003_march_2020.shp, 9295699951354.111, 20954421504.50415, 0.0022542058816616283
census_geographies/1990_tracts.shp, study_areas/definitions/max_county_32031_march_2020.shp, 9295699951354.111, 16966042118.691874, 0.0018251495000352737
census_geographies/1990_tracts.shp, study_areas/definitions/max_county_32510_march_2020.shp, 9295699951354.111, 403156896.5622299, 4.33702570728417e-05
census_geographies/1990_tracts.shp, study_areas/definitions/max_county_33011_march_2020.shp, 9295699951354.111, 2310847111.112349, 0.00024859312619871367
census_geographies/1990_tracts.shp, study_areas/definitions/max_county_34001_march_2020.shp, 9295699951354.111, 1476779943.557592, 0.00015886699778239598
census_geographies/1990_tracts.shp, study_areas/definitions/max_county_34009_march_2020.shp, 9295699951354.111, 674355281.6559929, 7.254486323622774e-05
census_geographies/1990_tracts.shp, study_areas/definitions/max_county_34011_march_2020.shp, 9295699951354.111, 1304489276.7642484, 0.00014033254984464322
census_geographies/1990_tracts.shp, study_areas/definitions/max_county_34021_march_2020.shp, 9295699951354.111, 589848904.586078, 6.34539526526084e-05
census_geographies/1990_tracts.shp, study_areas/definitions/max_county_35001_march_2020.shp, 9295699951354.111, 3026782886.6379123, 0.00032561107850700353
census_geographies/1990_tracts.shp, study_areas/definitions/max_county_35013_march_2020.shp, 9295699951354.111, 9879943151.134491, 0.0010628509098656173
census_geographies/1990_tracts.shp, study_areas/definitions/max_county_35045_march_2020.shp, 9295699951354.111, 14344361943.636108, 0.0015431180028080138
census_geographies/1990_tracts.shp, study_areas/definitions/max_county_35049_march_2020.shp, 9295699951354.111, 4948965488.471402, 0.0005323929897017043
census_geographies/1990_tracts.shp, study_areas/definitions/max_county_36001_march_2020.shp, 9295699951354.111, 1380992946.5542917, 0.0001485625562121464
census_geographies/1990_tracts.shp, study_areas/definitions/max_county_36007_march_2020.shp, 9295699951354.111, 1853028736.7053497, 0.00019934257198517017
census_geographies/1990_tracts.shp, study_areas/definitions/max_county_36015_march_2020.shp, 9295699951354.111, 1063925242.1806772, 0.00011445348362666272
census_geographies/1990_tracts.shp, study_areas/definitions/max_county_36029_march_2020.shp, 9295699951354.111, 2710370817.8485184, 0.0002915725369829409
census_geographies/1990_tracts.shp, study_areas/definitions/max_county_36045_march_2020.shp, 9295699951354.111, 3336992693.476691, 0.0003589824016415879
census_geographies/1990_tracts.shp, study_areas/definitions/max_county_36047_march_2020.shp, 9295699951354.111, 185591401.6003853, 1.9965296058566313e-05
census_geographies/1990_tracts.shp, study_areas/definitions/max_county_36055_march_2020.shp, 9295699951354.111, 1726088794.9577742, 0.00018568680185361767
census_geographies/1990_tracts.shp, study_areas/definitions/max_county_36065_march_2020.shp, 9295699951354.111, 3255874533.650868, 0.0003502559840237294
census_geographies/1990_tracts.shp, study_areas/definitions/max_county_36067_march_2020.shp, 9295699951354.111, 2086720178.2760565, 0.00022448230786236624
census_geographies/1990_tracts.shp, study_areas/definitions/max_county_36071_march_2020.shp, 9295699951354.111, 2171806342.587619, 0.00023363558999892742
census_geographies/1990_tracts.shp, study_areas/definitions/max_county_36109_march_2020.shp, 9295699951354.111, 1273292795.0630195, 0.00013697653772457857
census_geographies/1990_tracts.shp, study_areas/definitions/max_county_36111_march_2020.shp, 9295699951354.111, 3006324795.9028807, 0.00032341026621292214
census_geographies/1990_tracts.shp, study_areas/definitions/max_county_36113_march_2020.shp, 9295699951354.111, 2412971711.0002646, 0.00025957934567894105
census_geographies/1990_tracts.shp, study_areas/definitions/max_county_37001_march_2020.shp, 9295699951354.111, 1126061759.5134773, 0.00012113792026489012
census_geographies/1990_tracts.shp, study_areas/definitions/max_county_37021_march_2020.shp, 9295699951354.111, 1708886230.0572, 0.0001838362080316787
census_geographies/1990_tracts.shp, study_areas/definitions/max_county_37035_march_2020.shp, 9295699951354.111, 1070993190.6390604, 0.00011521382964636762
census_geographies/1990_tracts.shp, study_areas/definitions/max_county_37049_march_2020.shp, 9295699951354.111, 1873472958.1391456, 0.00020154189226667492
census_geographies/1990_tracts.shp, study_areas/definitions/max_county_37051_march_2020.shp, 9295699951354.111, 1705410396.4137678, 0.00018346228958964403
census_geographies/1990_tracts.shp, study_areas/definitions/max_county_37063_march_2020.shp, 9295699951354.111, 771301728.066206, 8.297403445706635e-05
census_geographies/1990_tracts.shp, study_areas/definitions/max_county_37067_march_2020.shp, 9295699951354.111, 1068961785.977443, 0.00011499529799493222
census_geographies/1990_tracts.shp, study_areas/definitions/max_county_37081_march_2020.shp, 9295699951354.111, 1703452169.8318624, 0.00018325163018882934
census_geographies/1990_tracts.shp, study_areas/definitions/max_county_37119_march_2020.shp, 9295699951354.111, 1414714406.7234528, 0.0001521901969864432
census_geographies/1990_tracts.shp, study_areas/definitions/max_county_37127_march_2020.shp, 9295699951354.111, 1405576993.4589128, 0.0001512072249335201
census_geographies/1990_tracts.shp, study_areas/definitions/max_county_37129_march_2020.shp, 9295699951354.111, 526914368.08997715, 5.6683667808492586e-05
census_geographies/1990_tracts.shp, study_areas/definitions/max_county_37133_march_2020.shp, 9295699951354.111, 1992622721.7834466, 0.00021435962135300847
census_geographies/1990_tracts.shp, study_areas/definitions/max_county_37147_march_2020.shp, 9295699951354.111, 1695533103.7120678, 0.0001823997238061754
census_geographies/1990_tracts.shp, study_areas/definitions/max_county_37183_march_2020.shp, 9295699951354.111, 2220283463.5242257, 0.00023885059491413505
census_geographies/1990_tracts.shp, study_areas/definitions/max_county_37191_march_2020.shp, 9295699951354.111, 1441830386.265625, 0.00015510724246812555
census_geographies/1990_tracts.shp, study_areas/definitions/max_county_38015_march_2020.shp, 9295699951354.111, 4320107224.369855, 0.0004647425419255859
census_geographies/1990_tracts.shp, study_areas/definitions/max_county_38017_march_2020.shp, 9295699951354.111, 4578771494.711439, 0.0004925687703640269
census_geographies/1990_tracts.shp, study_areas/definitions/max_county_38035_march_2020.shp, 9295699951354.111, 3729062688.0089283, 0.00040115996724546954
census_geographies/1990_tracts.shp, study_areas/definitions/max_county_39003_march_2020.shp, 9295699951354.111, 1053814261.7219664, 0.00011336577850368938
census_geographies/1990_tracts.shp, study_areas/definitions/max_county_39013_march_2020.shp, 9295699951354.111, 1402187161.711073, 0.00015084255828489983
census_geographies/1990_tracts.shp, study_areas/definitions/max_county_39023_march_2020.shp, 9295699951354.111, 1045215542.8799076, 0.00011244075737703327
census_geographies/1990_tracts.shp, study_areas/definitions/max_county_39035_march_2020.shp, 9295699951354.111, 1189897900.3768685, 0.00012800519666122994
census_geographies/1990_tracts.shp, study_areas/definitions/max_county_39049_march_2020.shp, 9295699951354.111, 1407204821.7748995, 0.00015138234120496875
census_geographies/1990_tracts.shp, study_areas/definitions/max_county_39061_march_2020.shp, 9295699951354.111, 1069105610.9761318, 0.00011501077020245199
census_geographies/1990_tracts.shp, study_areas/definitions/max_county_39081_march_2020.shp, 9295699951354.111, 1064154917.9762411, 0.0001144781913729073
census_geographies/1990_tracts.shp, study_areas/definitions/max_county_39095_march_2020.shp, 9295699951354.111, 898763845.2353565, 9.668597845656936e-05
census_geographies/1990_tracts.shp, study_areas/definitions/max_county_39099_march_2020.shp, 9295699951354.111, 1096590408.094211, 0.00011796749183308891
census_geographies/1990_tracts.shp, study_areas/definitions/max_county_39113_march_2020.shp, 9295699951354.111, 1202647117.0991154, 0.00012937671432950297
census_geographies/1990_tracts.shp, study_areas/definitions/max_county_39139_march_2020.shp, 9295699951354.111, 1295837228.6775382, 0.00013940179173799308
census_geographies/1990_tracts.shp, study_areas/definitions/max_county_39151_march_2020.shp, 9295699951354.111, 1504545243.4312577, 0.00016185389495194382
census_geographies/1990_tracts.shp, study_areas/definitions/max_county_39153_march_2020.shp, 9295699951354.111, 1087877363.2630918, 0.00011703017190272153
census_geographies/1990_tracts.shp, study_areas/definitions/max_county_40031_march_2020.shp, 9295699951354.111, 2807108117.646483, 0.0003019792089177286
census_geographies/1990_tracts.shp, study_areas/definitions/max_county_40047_march_2020.shp, 9295699951354.111, 2745256578.0617104, 0.0002953254292229825
census_geographies/1990_tracts.shp, study_areas/definitions/max_county_40109_march_2020.shp, 9295699951354.111, 1860439509.7801797, 0.00020013979791905483
census_geographies/1990_tracts.shp, study_areas/definitions/max_county_40143_march_2020.shp, 9295699951354.111, 1520380888.6954343, 0.00016355744017683782
census_geographies/1990_tracts.shp, study_areas/definitions/max_county_41003_march_2020.shp, 9295699951354.111, 1758504503.5068662, 0.00018917397427944128
census_geographies/1990_tracts.shp, study_areas/definitions/max_county_41017_march_2020.shp, 9295699951354.111, 7911898042.791988, 0.0008511352651436922
census_geographies/1990_tracts.shp, study_areas/definitions/max_county_41029_march_2020.shp, 9295699951354.111, 7256396438.727144, 0.000780618616855216
census_geographies/1990_tracts.shp, study_areas/definitions/max_county_41033_march_2020.shp, 9295699951354.111, 4251831864.4148693, 0.000457397709335003
census_geographies/1990_tracts.shp, study_areas/definitions/max_county_41039_march_2020.shp, 9295699951354.111, 11959969267.795341, 0.0012866130931918822
census_geographies/1990_tracts.shp, study_areas/definitions/max_county_41043_march_2020.shp, 9295699951354.111, 5982603807.917719, 0.0006435883084894784
census_geographies/1990_tracts.shp, study_areas/definitions/max_county_41047_march_2020.shp, 9295699951354.111, 3093279733.2694044, 0.0003327645846420424
census_geographies/1990_tracts.shp, study_areas/definitions/max_county_41051_march_2020.shp, 9295699951354.111, 1205690916.4330583, 0.00012970415597992967
census_geographies/1990_tracts.shp, study_areas/definitions/max_county_42001_march_2020.shp, 9295699951354.111, 1350727924.1408937, 0.0001453067473358079
census_geographies/1990_tracts.shp, study_areas/definitions/max_county_42003_march_2020.shp, 9295699951354.111, 1928785216.4509478, 0.00020749219817169123
census_geographies/1990_tracts.shp, study_areas/definitions/max_county_42011_march_2020.shp, 9295699951354.111, 2242058174.8225913, 0.00024119304480089087
census_geographies/1990_tracts.shp, study_areas/definitions/max_county_42013_march_2020.shp, 9295699951354.111, 1365216100.7629306, 0.00014686533643591397
census_geographies/1990_tracts.shp, study_areas/definitions/max_county_42021_march_2020.shp, 9295699951354.111, 1795970460.77578, 0.0001932044354028617
census_geographies/1990_tracts.shp, study_areas/definitions/max_county_42027_march_2020.shp, 9295699951354.111, 2879676500.061497, 0.0003097858703627813
census_geographies/1990_tracts.shp, study_areas/definitions/max_county_42037_march_2020.shp, 9295699951354.111, 1268535652.0746288, 0.00013646478035146136
census_geographies/1990_tracts.shp, study_areas/definitions/max_county_42043_march_2020.shp, 9295699951354.111, 1444001579.1870396, 0.00015534081206834683
census_geographies/1990_tracts.shp, study_areas/definitions/max_county_42049_march_2020.shp, 9295699951354.111, 2082480115.2582731, 0.00022402617620579683
census_geographies/1990_tracts.shp, study_areas/definitions/max_county_42055_march_2020.shp, 9295699951354.111, 2001100353.9959204, 0.00021527161638908306
census_geographies/1990_tracts.shp, study_areas/definitions/max_county_42071_march_2020.shp, 9295699951354.111, 2548041312.099847, 0.0002741096771016874
census_geographies/1990_tracts.shp, study_areas/definitions/max_county_42075_march_2020.shp, 9295699951354.111, 939129494.6374706, 0.00010102837866455306
census_geographies/1990_tracts.shp, study_areas/definitions/max_county_42077_march_2020.shp, 9295699951354.111, 902205255.7078757, 9.70561937701583e-05
census_geographies/1990_tracts.shp, study_areas/definitions/max_county_42079_march_2020.shp, 9295699951354.111, 2349435222.041653, 0.0002527443048222968
census_geographies/1990_tracts.shp, study_areas/definitions/max_county_42081_march_2020.shp, 9295699951354.111, 3221307172.733948, 0.00034653734410443164
census_geographies/1990_tracts.shp, study_areas/definitions/max_county_42089_march_2020.shp, 9295699951354.111, 1599103187.8812108, 0.00017202611920022958
census_geographies/1990_tracts.shp, study_areas/definitions/max_county_42101_march_2020.shp, 9295699951354.111, 352679681.0946751, 3.794008874429085e-05
census_geographies/1990_tracts.shp, study_areas/definitions/max_county_42133_march_2020.shp, 9295699951354.111, 2357546747.3581977, 0.0002536169153152122
census_geographies/1990_tracts.shp, study_areas/definitions/max_county_44007_march_2020.shp, 9295699951354.111, 1114557194.71223, 0.00011990029804585846
census_geographies/1990_tracts.shp, study_areas/definitions/max_county_45013_march_2020.shp, 9295699951354.111, 1534760808.9247265, 0.00016510438341990123
census_geographies/1990_tracts.shp, study_areas/definitions/max_county_45019_march_2020.shp, 9295699951354.111, 2453771275.574852, 0.000263968425015419
census_geographies/1990_tracts.shp, study_areas/definitions/max_county_45041_march_2020.shp, 9295699951354.111, 2081700037.4859114, 0.0002239422580741398
census_geographies/1990_tracts.shp, study_areas/definitions/max_county_45045_march_2020.shp, 9295699951354.111, 2058974027.7060065, 0.00022149747071021524
census_geographies/1990_tracts.shp, study_areas/definitions/max_county_45051_march_2020.shp, 9295699951354.111, 2963677667.1358576, 0.0003188224321616724
census_geographies/1990_tracts.shp, study_areas/definitions/max_county_45079_march_2020.shp, 9295699951354.111, 1998758048.9301538, 0.00021501963912238725
census_geographies/1990_tracts.shp, study_areas/definitions/max_county_45083_march_2020.shp, 9295699951354.111, 2121592411.576569, 0.00022823374492283554
census_geographies/1990_tracts.shp, study_areas/definitions/max_county_45085_march_2020.shp, 9295699951354.111, 1766482589.7230403, 0.00019003222984469455
census_geographies/1990_tracts.shp, study_areas/definitions/max_county_46099_march_2020.shp, 9295699951354.111, 2107413442.2052927, 0.00022670841929426782
census_geographies/1990_tracts.shp, study_areas/definitions/max_county_46103_march_2020.shp, 9295699951354.111, 7211245482.558092, 0.0007757614295099558
census_geographies/1990_tracts.shp, study_areas/definitions/max_county_47011_march_2020.shp, 9295699951354.111, 858585389.2030848, 9.236371587897628e-05
census_geographies/1990_tracts.shp, study_areas/definitions/max_county_47037_march_2020.shp, 9295699951354.111, 1362608639.7816734, 0.00014658483459152328
census_geographies/1990_tracts.shp, study_areas/definitions/max_county_47063_march_2020.shp, 9295699951354.111, 455247499.6754413, 4.897398819430753e-05
census_geographies/1990_tracts.shp, study_areas/definitions/max_county_47065_march_2020.shp, 9295699951354.111, 1491133240.0079646, 0.00016041107692925805
census_geographies/1990_tracts.shp, study_areas/definitions/max_county_47093_march_2020.shp, 9295699951354.111, 1361786360.979557, 0.00014649637661563985
census_geographies/1990_tracts.shp, study_areas/definitions/max_county_47113_march_2020.shp, 9295699951354.111, 1446865678.2543733, 0.00015564892217111712
census_geographies/1990_tracts.shp, study_areas/definitions/max_county_47125_march_2020.shp, 9295699951354.111, 1408556487.921026, 0.00015152774888305647
census_geographies/1990_tracts.shp, study_areas/definitions/max_county_47157_march_2020.shp, 9295699951354.111, 2028296258.1442366, 0.00021819725988990997
census_geographies/1990_tracts.shp, study_areas/definitions/max_county_47163_march_2020.shp, 9295699951354.111, 1112894208.9817524, 0.0001197213996585202
census_geographies/1990_tracts.shp, study_areas/definitions/max_county_47179_march_2020.shp, 9295699951354.111, 854186727.9164494, 9.189052275638689e-05
census_geographies/1990_tracts.shp, study_areas/definitions/max_county_48027_march_2020.shp, 9295699951354.111, 2817772664.2770405, 0.0003031264648195291
census_geographies/1990_tracts.shp, study_areas/definitions/max_county_48029_march_2020.shp, 9295699951354.111, 3254814873.005623, 0.0003501419893110353
census_geographies/1990_tracts.shp, study_areas/definitions/max_county_48037_march_2020.shp, 9295699951354.111, 2389995045.5701504, 0.00025710759362687884
census_geographies/1990_tracts.shp, study_areas/definitions/max_county_48041_march_2020.shp, 9295699951354.111, 1528878532.6791136, 0.00016447158801165918
census_geographies/1990_tracts.shp, study_areas/definitions/max_county_48061_march_2020.shp, 9295699951354.111, 2466069915.719219, 0.0002652914711774862
census_geographies/1990_tracts.shp, study_areas/definitions/max_county_48113_march_2020.shp, 9295699951354.111, 2353199368.230446, 0.00025314923895404496
census_geographies/1990_tracts.shp, study_areas/definitions/max_county_48135_march_2020.shp, 9295699951354.111, 2335408160.5932207, 0.00025123532093492543
census_geographies/1990_tracts.shp, study_areas/definitions/max_county_48141_march_2020.shp, 9295699951354.111, 2628017513.933224, 0.0002827132467362395
census_geographies/1990_tracts.shp, study_areas/definitions/max_county_48181_march_2020.shp, 9295699951354.111, 2536123787.7773046, 0.00027282763009232734
census_geographies/1990_tracts.shp, study_areas/definitions/max_county_48183_march_2020.shp, 9295699951354.111, 713580020.2576584, 7.676452811428264e-05
census_geographies/1990_tracts.shp, study_areas/definitions/max_county_48201_march_2020.shp, 9295699951354.111, 4567234200.96581, 0.0004913276272757166
census_geographies/1990_tracts.shp, study_areas/definitions/max_county_48215_march_2020.shp, 9295699951354.111, 4099200916.5945086, 0.00044097818755406095
census_geographies/1990_tracts.shp, study_areas/definitions/max_county_48245_march_2020.shp, 9295699951354.111, 2488680947.9520464, 0.000267723889645289
census_geographies/1990_tracts.shp, study_areas/definitions/max_county_48303_march_2020.shp, 9295699951354.111, 2332821293.9884043, 0.00025095703456398465
census_geographies/1990_tracts.shp, study_areas/definitions/max_county_48309_march_2020.shp, 9295699951354.111, 2746018218.365024, 0.00029540736391400085
census_geographies/1990_tracts.shp, study_areas/definitions/max_county_48329_march_2020.shp, 9295699951354.111, 2336120707.723773, 0.0002513119743482543
census_geographies/1990_tracts.shp, study_areas/definitions/max_county_48355_march_2020.shp, 9295699951354.111, 2194299244.135674, 0.00023605530036670654
census_geographies/1990_tracts.shp, study_areas/definitions/max_county_48381_march_2020.shp, 9295699951354.111, 2389084306.6160727, 0.0002570096194066648
census_geographies/1990_tracts.shp, study_areas/definitions/max_county_48423_march_2020.shp, 9295699951354.111, 2460155506.9727974, 0.00026465521906335034
census_geographies/1990_tracts.shp, study_areas/definitions/max_county_48441_march_2020.shp, 9295699951354.111, 2380884058.2300935, 0.00025612746438564515
census_geographies/1990_tracts.shp, study_areas/definitions/max_county_48451_march_2020.shp, 9295699951354.111, 3990038270.816617, 0.00042923483887142736
census_geographies/1990_tracts.shp, study_areas/definitions/max_county_48453_march_2020.shp, 9295699951354.111, 2647344699.5423527, 0.0002847924000770606
census_geographies/1990_tracts.shp, study_areas/definitions/max_county_48469_march_2020.shp, 9295699951354.111, 2299917272.320194, 0.00024741733106232235
census_geographies/1990_tracts.shp, study_areas/definitions/max_county_48479_march_2020.shp, 9295699951354.111, 8742783456.57398, 0.0009405191112370632
census_geographies/1990_tracts.shp, study_areas/definitions/max_county_48485_march_2020.shp, 9295699951354.111, 1639510667.498982, 0.0001763730193615117
census_geographies/1990_tracts.shp, study_areas/definitions/max_county_49005_march_2020.shp, 9295699951354.111, 3037627590.9160028, 0.0003267777151599552
census_geographies/1990_tracts.shp, study_areas/definitions/max_county_49011_march_2020.shp, 9295699951354.111, 1641100485.152223, 0.00017654404657426178
census_geographies/1990_tracts.shp, study_areas/definitions/max_county_49035_march_2020.shp, 9295699951354.111, 2092123524.2319655, 0.00022506358156786294
census_geographies/1990_tracts.shp, study_areas/definitions/max_county_49049_march_2020.shp, 9295699951354.111, 5546753629.0729475, 0.0005967010185462094
census_geographies/1990_tracts.shp, study_areas/definitions/max_county_49053_march_2020.shp, 9295699951354.111, 6293430625.904779, 0.0006770260075991384
census_geographies/1990_tracts.shp, study_areas/definitions/max_county_50007_march_2020.shp, 9295699951354.111, 1604840368.921848, 0.00017264330575645032
census_geographies/1990_tracts.shp, study_areas/definitions/max_county_51003_march_2020.shp, 9295699951354.111, 1880844110.9674473, 0.00020233485598827481
census_geographies/1990_tracts.shp, study_areas/definitions/max_county_51015_march_2020.shp, 9295699951354.111, 2518082504.1282825, 0.0002708868097406126
census_geographies/1990_tracts.shp, study_areas/definitions/max_county_51019_march_2020.shp, 9295699951354.111, 2010041016.4345284, 0.00021623342265277443
census_geographies/1990_tracts.shp, study_areas/definitions/max_county_51041_march_2020.shp, 9295699951354.111, 1131894314.841686, 0.00012176536686479452
census_geographies/1990_tracts.shp, study_areas/definitions/max_county_51059_march_2020.shp, 9295699951354.111, 1029984119.5412321, 0.00011080221230583003
census_geographies/1990_tracts.shp, study_areas/definitions/max_county_51069_march_2020.shp, 9295699951354.111, 1076405009.6237476, 0.00011579601485167848
census_geographies/1990_tracts.shp, study_areas/definitions/max_county_51121_march_2020.shp, 9295699951354.111, 1008598059.701606, 0.00010850157223014528
census_geographies/1990_tracts.shp, study_areas/definitions/max_county_51165_march_2020.shp, 9295699951354.111, 2210142384.442853, 0.00023775965188300855
census_geographies/1990_tracts.shp, study_areas/definitions/max_county_51770_march_2020.shp, 9295699951354.111, 111144758.99566016, 1.1956577727045677e-05
census_geographies/1990_tracts.shp, study_areas/definitions/max_county_51810_march_2020.shp, 9295699951354.111, 662453109.5110958, 7.126446776227924e-05
census_geographies/1990_tracts.shp, study_areas/definitions/max_county_53005_march_2020.shp, 9295699951354.111, 4558621126.91041, 0.000490401061863701
census_geographies/1990_tracts.shp, study_areas/definitions/max_county_53007_march_2020.shp, 9295699951354.111, 7753403682.332115, 0.0008340849772375314
census_geographies/1990_tracts.shp, study_areas/definitions/max_county_53015_march_2020.shp, 9295699951354.111, 3019984197.0471063, 0.0003248796984467192
census_geographies/1990_tracts.shp, study_areas/definitions/max_county_53033_march_2020.shp, 9295699951354.111, 5579166394.804972, 0.0006001878743937136
census_geographies/1990_tracts.shp, study_areas/definitions/max_county_53035_march_2020.shp, 9295699951354.111, 1031735032.3926079, 0.00011099056959581773
census_geographies/1990_tracts.shp, study_areas/definitions/max_county_53057_march_2020.shp, 9295699951354.111, 4545166237.296439, 0.0004889536302894912
census_geographies/1990_tracts.shp, study_areas/definitions/max_county_53063_march_2020.shp, 9295699951354.111, 4611957850.512564, 0.0004961388464179867
census_geographies/1990_tracts.shp, study_areas/definitions/max_county_53067_march_2020.shp, 9295699951354.111, 1905247547.1850858, 0.00020496009522204373
census_geographies/1990_tracts.shp, study_areas/definitions/max_county_53071_march_2020.shp, 9295699951354.111, 3364955460.8627076, 0.0003619905416990715
census_geographies/1990_tracts.shp, study_areas/definitions/max_county_53073_march_2020.shp, 9295699951354.111, 5603004519.111405, 0.0006027522992816922
census_geographies/1990_tracts.shp, study_areas/definitions/max_county_53077_march_2020.shp, 9295699951354.111, 11166847761.981897, 0.0012012917607517242
census_geographies/1990_tracts.shp, study_areas/definitions/max_county_54011_march_2020.shp, 9295699951354.111, 745981889.0033135, 8.025021170080321e-05
census_geographies/1990_tracts.shp, study_areas/definitions/max_county_54039_march_2020.shp, 9295699951354.111, 2359448008.5719886, 0.00025382144657415346
census_geographies/1990_tracts.shp, study_areas/definitions/max_county_54061_march_2020.shp, 9295699951354.111, 947653814.6821333, 0.00010194539621990358
census_geographies/1990_tracts.shp, study_areas/definitions/max_county_54081_march_2020.shp, 9295699951354.111, 1578184110.6956542, 0.00016977571554100765
census_geographies/1990_tracts.shp, study_areas/definitions/max_county_54107_march_2020.shp, 9295699951354.111, 976261487.8701606, 0.00010502291306508316
census_geographies/1990_tracts.shp, study_areas/definitions/max_county_55009_march_2020.shp, 9295699951354.111, 1384738120.6052315, 0.00014896544938539197
census_geographies/1990_tracts.shp, study_areas/definitions/max_county_55025_march_2020.shp, 9295699951354.111, 3207199149.52544, 0.0003450196506243992
census_geographies/1990_tracts.shp, study_areas/definitions/max_county_55035_march_2020.shp, 9295699951354.111, 1671246783.5264158, 0.000179787083519511
census_geographies/1990_tracts.shp, study_areas/definitions/max_county_55039_march_2020.shp, 9295699951354.111, 1983388384.2298205, 0.00021336622251247458
census_geographies/1990_tracts.shp, study_areas/definitions/max_county_55063_march_2020.shp, 9295699951354.111, 1242958366.1273396, 0.0001337132623290274
census_geographies/1990_tracts.shp, study_areas/definitions/max_county_55073_march_2020.shp, 9295699951354.111, 4082124881.536356, 0.00043914120538515337
census_geographies/1990_tracts.shp, study_areas/definitions/max_county_55079_march_2020.shp, 9295699951354.111, 628632666.6990111, 6.762617876961892e-05
census_geographies/1990_tracts.shp, study_areas/definitions/max_county_55087_march_2020.shp, 9295699951354.111, 1668956948.088851, 0.00017954075075817533
census_geographies/1990_tracts.shp, study_areas/definitions/max_county_55101_march_2020.shp, 9295699951354.111, 881008018.0198613, 9.47758665437049e-05
census_geographies/1990_tracts.shp, study_areas/definitions/max_county_55105_march_2020.shp, 9295699951354.111, 1880823890.4733121, 0.00020233268073582033
census_geographies/1990_tracts.shp, study_areas/definitions/max_county_55117_march_2020.shp, 9295699951354.111, 1340638063.3766081, 0.00014422131419821875
census_geographies/1990_tracts.shp, study_areas/definitions/max_county_55139_march_2020.shp, 9295699951354.111, 1498806804.576524, 0.00016123657308433152
census_geographies/1990_tracts.shp, study_areas/definitions/max_county_56021_march_2020.shp, 9295699951354.111, 6960899436.070892, 0.0007488300474949057
census_geographies/1990_tracts.shp, study_areas/definitions/max_county_56025_march_2020.shp, 9295699951354.111, 13922899774.589169, 0.0014977785263562654
census_geographies/1980_tracts.shp, study_areas/definitions/max_county_01003_march_2020.shp, 2014211535140.1255, 4232266030.9885955, 0.0021012023599071305
census_geographies/1980_tracts.shp, study_areas/definitions/max_county_01015_march_2020.shp, 2014211535140.1255, 1585924087.703856, 0.0007873671955679301
census_geographies/1980_tracts.shp, study_areas/definitions/max_county_01055_march_2020.shp, 2014211535140.1255, 1421279646.2212398, 0.000705625810112523
census_geographies/1980_tracts.shp, study_areas/definitions/max_county_01069_march_2020.shp, 2014211535140.1255, 1506503856.5459192, 0.0007479372599467881
census_geographies/1980_tracts.shp, study_areas/definitions/max_county_01073_march_2020.shp, 2014211535140.1255, 2910680938.8619847, 0.0014450721228043673
census_geographies/1980_tracts.shp, study_areas/definitions/max_county_01077_march_2020.shp, 2014211535140.1255, 1861660100.898829, 0.0009242624562614851
census_geographies/1980_tracts.shp, study_areas/definitions/max_county_01081_march_2020.shp, 2014211535140.1255, 1594298967.1225429, 0.0007915250902441238
census_geographies/1980_tracts.shp, study_areas/definitions/max_county_01089_march_2020.shp, 2014211535140.1255, 2105290365.865388, 0.001045218106011356
census_geographies/1980_tracts.shp, study_areas/definitions/max_county_01097_march_2020.shp, 2014211535140.1255, 3251206571.226927, 0.0016141336272313352
census_geographies/1980_tracts.shp, study_areas/definitions/max_county_01101_march_2020.shp, 2014211535140.1255, 2071394488.390267, 0.0010283897456908186
census_geographies/1980_tracts.shp, study_areas/definitions/max_county_01103_march_2020.shp, 2014211535140.1255, 1551567087.5781558, 0.0007703099006779423
census_geographies/1980_tracts.shp, study_areas/definitions/max_county_01125_march_2020.shp, 2014211535140.1255, 3499697745.7840233, 0.0017375025833821147
census_geographies/1980_tracts.shp, study_areas/definitions/max_county_02020_march_2020.shp, 2014211535140.1255, 4426682387.830579, 0.002197724673204506
census_geographies/1980_tracts.shp, study_areas/definitions/max_county_02090_march_2020.shp, 2014211535140.1255, 19281233686.69605, 0.009572596199710813
census_geographies/1980_tracts.shp, study_areas/definitions/max_county_04013_march_2020.shp, 2014211535140.1255, 23891111552.840717, 0.011861272332142936
census_geographies/1980_tracts.shp, study_areas/definitions/max_county_04019_march_2020.shp, 2014211535140.1255, 23799178876.139874, 0.011815630315355236
census_geographies/1980_tracts.shp, study_areas/definitions/max_county_04027_march_2020.shp, 2014211535140.1255, 10942453006.092854, 0.005432623542855247
census_geographies/1980_tracts.shp, study_areas/definitions/max_county_05007_march_2020.shp, 2014211535140.1255, 2279828401.0268517, 0.0011318713855286544
census_geographies/1980_tracts.shp, study_areas/definitions/max_county_05069_march_2020.shp, 2014211535140.1255, 2366486286.3514266, 0.0011748946151213426
census_geographies/1980_tracts.shp, study_areas/definitions/max_county_05119_march_2020.shp, 2014211535140.1255, 2092324616.2919862, 0.0010387809720027378
census_geographies/1980_tracts.shp, study_areas/definitions/max_county_05131_march_2020.shp, 2014211535140.1255, 1414245016.3131769, 0.0007021333120380477
census_geographies/1980_tracts.shp, study_areas/definitions/max_county_06001_march_2020.shp, 2014211535140.1255, 1928022317.580032, 0.00095720945091594
census_geographies/1980_tracts.shp, study_areas/definitions/max_county_06007_march_2020.shp, 2014211535140.1255, 4343701937.11845, 0.0021565271876055787
census_geographies/1980_tracts.shp, study_areas/definitions/max_county_06019_march_2020.shp, 2014211535140.1255, 15585349948.60206, 0.007737692728245552
census_geographies/1980_tracts.shp, study_areas/definitions/max_county_06025_march_2020.shp, 2014211535140.1255, 11607768479.497816, 0.005762934169022263
census_geographies/1980_tracts.shp, study_areas/definitions/max_county_06029_march_2020.shp, 2014211535140.1255, 21138168875.193672, 0.010494512868393003
census_geographies/1980_tracts.shp, study_areas/definitions/max_county_06031_march_2020.shp, 2014211535140.1255, 3603970111.6208096, 0.0017892709125856968
census_geographies/1980_tracts.shp, study_areas/definitions/max_county_06037_march_2020.shp, 2014211535140.1255, 10591483598.553448, 0.005258376994557632
census_geographies/1980_tracts.shp, study_areas/definitions/max_county_06039_march_2020.shp, 2014211535140.1255, 5577017201.6171875, 0.002768833910599764
census_geographies/1980_tracts.shp, study_areas/definitions/max_county_06047_march_2020.shp, 2014211535140.1255, 5107144471.437148, 0.0025355551700193455
census_geographies/1980_tracts.shp, study_areas/definitions/max_county_06053_march_2020.shp, 2014211535140.1255, 8584902019.109661, 0.004262165055326437
census_geographies/1980_tracts.shp, study_areas/definitions/max_county_06055_march_2020.shp, 2014211535140.1255, 2036357685.728433, 0.0010109949477509902
census_geographies/1980_tracts.shp, study_areas/definitions/max_county_06065_march_2020.shp, 2014211535140.1255, 18915262805.697018, 0.009390901837120654
census_geographies/1980_tracts.shp, study_areas/definitions/max_county_06067_march_2020.shp, 2014211535140.1255, 2539325441.328636, 0.0012607044478831163
census_geographies/1980_tracts.shp, study_areas/definitions/max_county_06073_march_2020.shp, 2014211535140.1255, 10975735021.716513, 0.0054491471378416804
census_geographies/1980_tracts.shp, study_areas/definitions/max_county_06077_march_2020.shp, 2014211535140.1255, 3688976136.3311677, 0.0018314740393314904
census_geographies/1980_tracts.shp, study_areas/definitions/max_county_06079_march_2020.shp, 2014211535140.1255, 8606053310.777933, 0.004272666083296571
census_geographies/1980_tracts.shp, study_areas/definitions/max_county_06083_march_2020.shp, 2014211535140.1255, 7123532727.450155, 0.0035366358513851835
census_geographies/1980_tracts.shp, study_areas/definitions/max_county_06085_march_2020.shp, 2014211535140.1255, 3363554349.157325, 0.0016699111739141776
census_geographies/1980_tracts.shp, study_areas/definitions/max_county_06087_march_2020.shp, 2014211535140.1255, 1156730715.361954, 0.000574284624619371
census_geographies/1980_tracts.shp, study_areas/definitions/max_county_06089_march_2020.shp, 2014211535140.1255, 9964678303.664762, 0.0049471856008269435
census_geographies/1980_tracts.shp, study_areas/definitions/max_county_06095_march_2020.shp, 2014211535140.1255, 2179098207.159875, 0.0010818616461792225
census_geographies/1980_tracts.shp, study_areas/definitions/max_county_06097_march_2020.shp, 2014211535140.1255, 4115215168.8479958, 0.0020430898627346542
census_geographies/1980_tracts.shp, study_areas/definitions/max_county_06099_march_2020.shp, 2014211535140.1255, 3923039392.871887, 0.0019476799355133113
census_geographies/1980_tracts.shp, study_areas/definitions/max_county_06101_march_2020.shp, 2014211535140.1255, 1576219376.1443741, 0.0007825490762243694
census_geographies/1980_tracts.shp, study_areas/definitions/max_county_06107_march_2020.shp, 2014211535140.1255, 12532928404.30661, 0.00622225033749234
census_geographies/1980_tracts.shp, study_areas/definitions/max_county_06111_march_2020.shp, 2014211535140.1255, 4810498960.546396, 0.0023882789253372723
census_geographies/1980_tracts.shp, study_areas/definitions/max_county_08013_march_2020.shp, 2014211535140.1255, 1899541126.667801, 0.0009430693318592542
census_geographies/1980_tracts.shp, study_areas/definitions/max_county_08031_march_2020.shp, 2014211535140.1255, 292107990.16940534, 0.00014502349185935125
census_geographies/1980_tracts.shp, study_areas/definitions/max_county_08041_march_2020.shp, 2014211535140.1255, 5515540977.250965, 0.002738312675221204
census_geographies/1980_tracts.shp, study_areas/definitions/max_county_08069_march_2020.shp, 2014211535140.1255, 6821639817.23865, 0.0033867544189017267
census_geographies/1980_tracts.shp, study_areas/definitions/max_county_08077_march_2020.shp, 2014211535140.1255, 8653480811.144552, 0.004296212517987861
census_geographies/1980_tracts.shp, study_areas/definitions/max_county_08101_march_2020.shp, 2014211535140.1255, 6210015201.338358, 0.003083099810023845
census_geographies/1980_tracts.shp, study_areas/definitions/max_county_08123_march_2020.shp, 2014211535140.1255, 10415731020.200718, 0.005171120728129537
census_geographies/1980_tracts.shp, study_areas/definitions/max_county_09001_march_2020.shp, 2014211535140.1255, 1673888422.6219566, 0.0008310390410436741
census_geographies/1980_tracts.shp, study_areas/definitions/max_county_09003_march_2020.shp, 2014211535140.1255, 1943961968.4335024, 0.0009651230441882382
census_geographies/1980_tracts.shp, study_areas/definitions/max_county_09009_march_2020.shp, 2014211535140.1255, 1603794994.3961165, 0.0007962396036444816
census_geographies/1980_tracts.shp, study_areas/definitions/max_county_09011_march_2020.shp, 2014211535140.1255, 1781000398.8160262, 0.0008842171578032021
census_geographies/1980_tracts.shp, study_areas/definitions/max_county_10001_march_2020.shp, 2014211535140.1255, 1548770578.1471016, 0.0007689215115329761
census_geographies/1980_tracts.shp, study_areas/definitions/max_county_10005_march_2020.shp, 2014211535140.1255, 2461061821.435581, 0.001221848737582753
census_geographies/1980_tracts.shp, study_areas/definitions/max_county_12001_march_2020.shp, 2014211535140.1255, 2510079789.1715393, 0.0012461847950825666
census_geographies/1980_tracts.shp, study_areas/definitions/max_county_12005_march_2020.shp, 2014211535140.1255, 2000814090.9795723, 0.0009933485416368539
census_geographies/1980_tracts.shp, study_areas/definitions/max_county_12009_march_2020.shp, 2014211535140.1255, 2813711137.557214, 0.0013969293137631982
census_geographies/1980_tracts.shp, study_areas/definitions/max_county_12021_march_2020.shp, 2014211535140.1255, 5289833758.264301, 0.0026262553192538916
census_geographies/1980_tracts.shp, study_areas/definitions/max_county_12031_march_2020.shp, 2014211535140.1255, 2184987955.604617, 0.0010847857424531187
census_geographies/1980_tracts.shp, study_areas/definitions/max_county_12033_march_2020.shp, 2014211535140.1255, 1732642510.9604251, 0.00086020881160324
census_geographies/1980_tracts.shp, study_areas/definitions/max_county_12057_march_2020.shp, 2014211535140.1255, 2775207738.2092786, 0.001377813446995383
census_geographies/1980_tracts.shp, study_areas/definitions/max_county_12061_march_2020.shp, 2014211535140.1255, 1333798800.5071604, 0.0006621940035778666
census_geographies/1980_tracts.shp, study_areas/definitions/max_county_12071_march_2020.shp, 2014211535140.1255, 2116887581.158513, 0.001050975800816891
census_geographies/1980_tracts.shp, study_areas/definitions/max_county_12073_march_2020.shp, 2014211535140.1255, 1817645313.318101, 0.0009024103385405596
census_geographies/1980_tracts.shp, study_areas/definitions/max_county_12083_march_2020.shp, 2014211535140.1255, 4307277510.502723, 0.0021384434729707137
census_geographies/1980_tracts.shp, study_areas/definitions/max_county_12086_march_2020.shp, 2014211535140.1255, 5130487854.650684, 0.002547144510466605
census_geographies/1980_tracts.shp, study_areas/definitions/max_county_12091_march_2020.shp, 2014211535140.1255, 2431976532.5147676, 0.001207408700668363
census_geographies/1980_tracts.shp, study_areas/definitions/max_county_12095_march_2020.shp, 2014211535140.1255, 2600905385.307681, 0.0012912771771643836
census_geographies/1980_tracts.shp, study_areas/definitions/max_county_12105_march_2020.shp, 2014211535140.1255, 5205961005.434344, 0.002584614830473689
census_geographies/1980_tracts.shp, study_areas/definitions/max_county_12111_march_2020.shp, 2014211535140.1255, 1492300905.9590547, 0.0007408858900489008
census_geographies/1980_tracts.shp, study_areas/definitions/max_county_12115_march_2020.shp, 2014211535140.1255, 1498333374.1674001, 0.000743880842715541
census_geographies/1980_tracts.shp, study_areas/definitions/max_county_12127_march_2020.shp, 2014211535140.1255, 3164722375.0265894, 0.0015711966294575037
census_geographies/1980_tracts.shp, study_areas/definitions/max_county_13021_march_2020.shp, 2014211535140.1255, 660558153.9618539, 0.0003279487493928486
census_geographies/1980_tracts.shp, study_areas/definitions/max_county_13051_march_2020.shp, 2014211535140.1255, 1200746191.6255252, 0.0005961370842521718
census_geographies/1980_tracts.shp, study_areas/definitions/max_county_13059_march_2020.shp, 2014211535140.1255, 314126503.0768926, 0.0001559550710521769
census_geographies/1980_tracts.shp, study_areas/definitions/max_county_13095_march_2020.shp, 2014211535140.1255, 866724714.7242361, 0.00043030471209367765
census_geographies/1980_tracts.shp, study_areas/definitions/max_county_13115_march_2020.shp, 2014211535140.1255, 1342825205.5323215, 0.0006666753625948743
census_geographies/1980_tracts.shp, study_areas/definitions/max_county_13121_march_2020.shp, 2014211535140.1255, 1384659044.718141, 0.0006874447001028681
census_geographies/1980_tracts.shp, study_areas/definitions/max_county_13153_march_2020.shp, 2014211535140.1255, 983761075.432679, 0.0004884100097084592
census_geographies/1980_tracts.shp, study_areas/definitions/max_county_13215_march_2020.shp, 2014211535140.1255, 572388130.2164724, 0.00028417478513578873
census_geographies/1980_tracts.shp, study_areas/definitions/max_county_13245_march_2020.shp, 2014211535140.1255, 850697038.6050084, 0.0004223474167254368
census_geographies/1980_tracts.shp, study_areas/definitions/max_county_15003_march_2020.shp, 2014211535140.1255, 1560423837.4317014, 0.0007747070306213618
census_geographies/1980_tracts.shp, study_areas/definitions/max_county_15009_march_2020.shp, 2014211535140.1255, 3005567551.5823054, 0.0014921806866592157
census_geographies/1980_tracts.shp, study_areas/definitions/max_county_16001_march_2020.shp, 2014211535140.1255, 2746205842.9194603, 0.0013634148126991097
census_geographies/1980_tracts.shp, study_areas/definitions/max_county_16005_march_2020.shp, 2014211535140.1255, 2971852866.9872537, 0.0014754422835635815
census_geographies/1980_tracts.shp, study_areas/definitions/max_county_17019_march_2020.shp, 2014211535140.1255, 2583589403.5663834, 0.0012826802738902232
census_geographies/1980_tracts.shp, study_areas/definitions/max_county_17031_march_2020.shp, 2014211535140.1255, 2481420133.972251, 0.0012319560734715097
census_geographies/1980_tracts.shp, study_areas/definitions/max_county_17091_march_2020.shp, 2014211535140.1255, 1764925245.6324418, 0.0008762362913931276
census_geographies/1980_tracts.shp, study_areas/definitions/max_county_17113_march_2020.shp, 2014211535140.1255, 3072453892.1031156, 0.0015253878942210356
census_geographies/1980_tracts.shp, study_areas/definitions/max_county_17115_march_2020.shp, 2014211535140.1255, 1516119627.540001, 0.0007527112227735936
census_geographies/1980_tracts.shp, study_areas/definitions/max_county_17143_march_2020.shp, 2014211535140.1255, 1633978958.2974837, 0.0008112251021260338
census_geographies/1980_tracts.shp, study_areas/definitions/max_county_17167_march_2020.shp, 2014211535140.1255, 2271432624.7583423, 0.0011277031161477894
census_geographies/1980_tracts.shp, study_areas/definitions/max_county_17183_march_2020.shp, 2014211535140.1255, 2336514828.4313474, 0.0011600146199484455
census_geographies/1980_tracts.shp, study_areas/definitions/max_county_17201_march_2020.shp, 2014211535140.1255, 1344905439.2999425, 0.0006677081407968303
census_geographies/1980_tracts.shp, study_areas/definitions/max_county_18003_march_2020.shp, 2014211535140.1255, 1709650714.4510422, 0.0008487940241748762
census_geographies/1980_tracts.shp, study_areas/definitions/max_county_18035_march_2020.shp, 2014211535140.1255, 1025438514.300197, 0.0005091016988088388
census_geographies/1980_tracts.shp, study_areas/definitions/max_county_18039_march_2020.shp, 2014211535140.1255, 1211714489.6126027, 0.0006015825391091833
census_geographies/1980_tracts.shp, study_areas/definitions/max_county_18067_march_2020.shp, 2014211535140.1255, 761266959.3011994, 0.0003779478699332537
census_geographies/1980_tracts.shp, study_areas/definitions/max_county_18091_march_2020.shp, 2014211535140.1255, 1563353209.1481245, 0.0007761613821953236
census_geographies/1980_tracts.shp, study_areas/definitions/max_county_18097_march_2020.shp, 2014211535140.1255, 1043869896.5022774, 0.00051825236738586
census_geographies/1980_tracts.shp, study_areas/definitions/max_county_18105_march_2020.shp, 2014211535140.1255, 1065309732.4772804, 0.0005288966495781529
census_geographies/1980_tracts.shp, study_areas/definitions/max_county_18141_march_2020.shp, 2014211535140.1255, 1193906293.5812523, 0.0005927412651314174
census_geographies/1980_tracts.shp, study_areas/definitions/max_county_18157_march_2020.shp, 2014211535140.1255, 1302943394.829771, 0.0006468751529313068
census_geographies/1980_tracts.shp, study_areas/definitions/max_county_18163_march_2020.shp, 2014211535140.1255, 610555240.5929263, 0.000303123693783459
census_geographies/1980_tracts.shp, study_areas/definitions/max_county_18167_march_2020.shp, 2014211535140.1255, 1063102558.4141184, 0.0005278008490504252
census_geographies/1980_tracts.shp, study_areas/definitions/max_county_19013_march_2020.shp, 2014211535140.1255, 1481228892.621875, 0.000735388943405504
census_geographies/1980_tracts.shp, study_areas/definitions/max_county_19061_march_2020.shp, 2014211535140.1255, 1596874144.2117953, 0.0007928035940379536
census_geographies/1980_tracts.shp, study_areas/definitions/max_county_19103_march_2020.shp, 2014211535140.1255, 1614458128.976872, 0.0008015335533586628
census_geographies/1980_tracts.shp, study_areas/definitions/max_county_19113_march_2020.shp, 2014211535140.1255, 1876552392.5840526, 0.0009316560648400337
census_geographies/1980_tracts.shp, study_areas/definitions/max_county_19153_march_2020.shp, 2014211535140.1255, 1533006924.5056322, 0.0007610952959809077
census_geographies/1980_tracts.shp, study_areas/definitions/max_county_19163_march_2020.shp, 2014211535140.1255, 1212558748.0632687, 0.0006020016899460925
census_geographies/1980_tracts.shp, study_areas/definitions/max_county_19169_march_2020.shp, 2014211535140.1255, 1485858689.9604268, 0.0007376875090019072
census_geographies/1980_tracts.shp, study_areas/definitions/max_county_19193_march_2020.shp, 2014211535140.1255, 2272399349.2515016, 0.0011281830679682877
census_geographies/1980_tracts.shp, study_areas/definitions/max_county_20045_march_2020.shp, 2014211535140.1255, 1228874341.3083673, 0.0006101019281586412
census_geographies/1980_tracts.shp, study_areas/definitions/max_county_20173_march_2020.shp, 2014211535140.1255, 2614371080.771081, 0.0012979625204009187
census_geographies/1980_tracts.shp, study_areas/definitions/max_county_20177_march_2020.shp, 2014211535140.1255, 1440852053.8832622, 0.0007153429660917041
census_geographies/1980_tracts.shp, study_areas/definitions/max_county_21059_march_2020.shp, 2014211535140.1255, 1233545187.308649, 0.0006124208732737862
census_geographies/1980_tracts.shp, study_areas/definitions/max_county_21067_march_2020.shp, 2014211535140.1255, 739492677.7089877, 0.00036713754479493753
census_geographies/1980_tracts.shp, study_areas/definitions/max_county_21111_march_2020.shp, 2014211535140.1255, 1032311011.0443673, 0.0005125137022773287
census_geographies/1980_tracts.shp, study_areas/definitions/max_county_22017_march_2020.shp, 2014211535140.1255, 2426603479.6009192, 0.001204741129353181
census_geographies/1980_tracts.shp, study_areas/definitions/max_county_22019_march_2020.shp, 2014211535140.1255, 2834372400.1831694, 0.0014071870559444425
census_geographies/1980_tracts.shp, study_areas/definitions/max_county_22033_march_2020.shp, 2014211535140.1255, 1218718213.9728622, 0.0006050596934388413
census_geographies/1980_tracts.shp, study_areas/definitions/max_county_22051_march_2020.shp, 2014211535140.1255, 957392234.1599631, 0.0004753186134907915
census_geographies/1980_tracts.shp, study_areas/definitions/max_county_22055_march_2020.shp, 2014211535140.1255, 700061668.0572757, 0.0003475611453136542
census_geographies/1980_tracts.shp, study_areas/definitions/max_county_22073_march_2020.shp, 2014211535140.1255, 1638708247.288766, 0.0008135730625605634
census_geographies/1980_tracts.shp, study_areas/definitions/max_county_22079_march_2020.shp, 2014211535140.1255, 3527521326.352071, 0.0017513162171949664
census_geographies/1980_tracts.shp, study_areas/definitions/max_county_22109_march_2020.shp, 2014211535140.1255, 3726117937.905709, 0.001849913910678944
census_geographies/1980_tracts.shp, study_areas/definitions/max_county_23001_march_2020.shp, 2014211535140.1255, 1287795918.7937386, 0.0006393548524207755
census_geographies/1980_tracts.shp, study_areas/definitions/max_county_23005_march_2020.shp, 2014211535140.1255, 2383860160.408759, 0.001183520260320085
census_geographies/1980_tracts.shp, study_areas/definitions/max_county_23019_march_2020.shp, 2014211535140.1255, 9210115730.27563, 0.004572566272010203
census_geographies/1980_tracts.shp, study_areas/definitions/max_county_24001_march_2020.shp, 2014211535140.1255, 1113218808.2552426, 0.0005526821730656992
census_geographies/1980_tracts.shp, study_areas/definitions/max_county_24005_march_2020.shp, 2014211535140.1255, 1578734552.3043354, 0.0007837977912257887
census_geographies/1980_tracts.shp, study_areas/definitions/max_county_24043_march_2020.shp, 2014211535140.1255, 1210934765.1610208, 0.0006011954276077452
census_geographies/1980_tracts.shp, study_areas/definitions/max_county_25003_march_2020.shp, 2014211535140.1255, 2450811232.2335815, 0.0012167596051737845
census_geographies/1980_tracts.shp, study_areas/definitions/max_county_25013_march_2020.shp, 2014211535140.1255, 1642345269.0756645, 0.000815378742710561
census_geographies/1980_tracts.shp, study_areas/definitions/max_county_25017_march_2020.shp, 2014211535140.1255, 2194421832.6662006, 0.0010894694000019905
census_geographies/1980_tracts.shp, study_areas/definitions/max_county_25027_march_2020.shp, 2014211535140.1255, 4089604304.19653, 0.002030374780825601
census_geographies/1980_tracts.shp, study_areas/definitions/max_county_26017_march_2020.shp, 2014211535140.1255, 1159619594.3325639, 0.0005757188726713806
census_geographies/1980_tracts.shp, study_areas/definitions/max_county_26021_march_2020.shp, 2014211535140.1255, 1502799711.9740062, 0.0007460982552011146
census_geographies/1980_tracts.shp, study_areas/definitions/max_county_26025_march_2020.shp, 2014211535140.1255, 1860738549.3741314, 0.0009238049315632992
census_geographies/1980_tracts.shp, study_areas/definitions/max_county_26049_march_2020.shp, 2014211535140.1255, 1681776520.803232, 0.000834955262375773
census_geographies/1980_tracts.shp, study_areas/definitions/max_county_26065_march_2020.shp, 2014211535140.1255, 1452814073.2876356, 0.0007212817759911029
census_geographies/1980_tracts.shp, study_areas/definitions/max_county_26075_march_2020.shp, 2014211535140.1255, 1874527770.8531885, 0.0009306508964674262
census_geographies/1980_tracts.shp, study_areas/definitions/max_county_26077_march_2020.shp, 2014211535140.1255, 1502648390.1251128, 0.0007460231281122993
census_geographies/1980_tracts.shp, study_areas/definitions/max_county_26081_march_2020.shp, 2014211535140.1255, 2258916165.9743023, 0.0011214890425186414
census_geographies/1980_tracts.shp, study_areas/definitions/max_county_26111_march_2020.shp, 2014211535140.1255, 1367212793.3574638, 0.0006787831215862583
census_geographies/1980_tracts.shp, study_areas/definitions/max_county_26115_march_2020.shp, 2014211535140.1255, 1444060309.6656651, 0.0007169357758470012
census_geographies/1980_tracts.shp, study_areas/definitions/max_county_26121_march_2020.shp, 2014211535140.1255, 1365425273.512688, 0.0006778956677048806
census_geographies/1980_tracts.shp, study_areas/definitions/max_county_26145_march_2020.shp, 2014211535140.1255, 2112841461.9699292, 0.0010489670151863876
census_geographies/1980_tracts.shp, study_areas/definitions/max_county_26161_march_2020.shp, 2014211535140.1255, 1871320984.7098024, 0.0009290588163470216
census_geographies/1980_tracts.shp, study_areas/definitions/max_county_26163_march_2020.shp, 2014211535140.1255, 1599678904.4596572, 0.0007941960794839605
census_geographies/1980_tracts.shp, study_areas/definitions/max_county_27053_march_2020.shp, 2014211535140.1255, 1570511798.4077425, 0.0007797154226397996
census_geographies/1980_tracts.shp, study_areas/definitions/max_county_27109_march_2020.shp, 2014211535140.1255, 1695132687.294955, 0.0008415862275245223
census_geographies/1980_tracts.shp, study_areas/definitions/max_county_27137_march_2020.shp, 2014211535140.1255, 17443270105.836086, 0.00866009840650753
census_geographies/1980_tracts.shp, study_areas/definitions/max_county_27145_march_2020.shp, 2014211535140.1255, 3599837076.0646276, 0.0017872189753963417
census_geographies/1980_tracts.shp, study_areas/definitions/max_county_28035_march_2020.shp, 2014211535140.1255, 1217754811.147533, 0.0006045813907340252
census_geographies/1980_tracts.shp, study_areas/definitions/max_county_28047_march_2020.shp, 2014211535140.1255, 1513554300.7240312, 0.000751437609366454
census_geographies/1980_tracts.shp, study_areas/definitions/max_county_28049_march_2020.shp, 2014211535140.1255, 2272351279.1453977, 0.0011281592024977227
census_geographies/1980_tracts.shp, study_areas/definitions/max_county_29019_march_2020.shp, 2014211535140.1255, 1790489380.4506125, 0.0008889281732397839
census_geographies/1980_tracts.shp, study_areas/definitions/max_county_29021_march_2020.shp, 2014211535140.1255, 1073728750.0787911, 0.0005330764576343733
census_geographies/1980_tracts.shp, study_areas/definitions/max_county_29077_march_2020.shp, 2014211535140.1255, 1755491552.8362563, 0.0008715527253269005
census_geographies/1980_tracts.shp, study_areas/definitions/max_county_29095_march_2020.shp, 2014211535140.1255, 1596502510.8031003, 0.000792619088387871
census_geographies/1980_tracts.shp, study_areas/definitions/max_county_29097_march_2020.shp, 2014211535140.1255, 1661024146.6524646, 0.0008246522858568129
census_geographies/1980_tracts.shp, study_areas/definitions/max_county_29189_march_2020.shp, 2014211535140.1255, 1356367020.1469502, 0.0006733984968726683
census_geographies/1980_tracts.shp, study_areas/definitions/max_county_30013_march_2020.shp, 2014211535140.1255, 7023046466.859113, 0.0034867472181220184
census_geographies/1980_tracts.shp, study_areas/definitions/max_county_30063_march_2020.shp, 2014211535140.1255, 6781354940.950724, 0.00336675409838667
census_geographies/1980_tracts.shp, study_areas/definitions/max_county_30111_march_2020.shp, 2014211535140.1255, 6860888507.04842, 0.003406240301652884
census_geographies/1980_tracts.shp, study_areas/definitions/max_county_31055_march_2020.shp, 2014211535140.1255, 879560411.8831954, 0.00043667727869605604
census_geographies/1980_tracts.shp, study_areas/definitions/max_county_31109_march_2020.shp, 2014211535140.1255, 2192958202.2754173, 0.001088742748225229
census_geographies/1980_tracts.shp, study_areas/definitions/max_county_32003_march_2020.shp, 2014211535140.1255, 20954421504.50415, 0.010403287409952394
census_geographies/1980_tracts.shp, study_areas/definitions/max_county_32031_march_2020.shp, 2014211535140.1255, 16967438753.229788, 0.008423861375637188
census_geographies/1980_tracts.shp, study_areas/definitions/max_county_32510_march_2020.shp, 2014211535140.1255, 403156896.5622294, 0.00020015618495312728
census_geographies/1980_tracts.shp, study_areas/definitions/max_county_33011_march_2020.shp, 2014211535140.1255, 2310762620.941465, 0.0011472293652517033
census_geographies/1980_tracts.shp, study_areas/definitions/max_county_34001_march_2020.shp, 2014211535140.1255, 1476779943.557592, 0.0007331801639468094
census_geographies/1980_tracts.shp, study_areas/definitions/max_county_34009_march_2020.shp, 2014211535140.1255, 674355281.6559925, 0.00033479863951284473
census_geographies/1980_tracts.shp, study_areas/definitions/max_county_34011_march_2020.shp, 2014211535140.1255, 1304489276.7642484, 0.0006476426403116081
census_geographies/1980_tracts.shp, study_areas/definitions/max_county_34021_march_2020.shp, 2014211535140.1255, 589814958.3102447, 0.0002928267205406567
census_geographies/1980_tracts.shp, study_areas/definitions/max_county_35001_march_2020.shp, 2014211535140.1255, 3026782886.6379123, 0.0015027135103897337
census_geographies/1980_tracts.shp, study_areas/definitions/max_county_35013_march_2020.shp, 2014211535140.1255, 9879943151.134491, 0.004905116954583998
census_geographies/1980_tracts.shp, study_areas/definitions/max_county_35045_march_2020.shp, 2014211535140.1255, 14344361943.636112, 0.007121576703033923
census_geographies/1980_tracts.shp, study_areas/definitions/max_county_35049_march_2020.shp, 2014211535140.1255, 4948965488.471397, 0.0024570237048747246
census_geographies/1980_tracts.shp, study_areas/definitions/max_county_36001_march_2020.shp, 2014211535140.1255, 1380992946.5542917, 0.0006856245843405014
census_geographies/1980_tracts.shp, study_areas/definitions/max_county_36007_march_2020.shp, 2014211535140.1255, 1853028736.7053497, 0.0009199772240289734
census_geographies/1980_tracts.shp, study_areas/definitions/max_county_36015_march_2020.shp, 2014211535140.1255, 1063925242.1806772, 0.0005282092886567953
census_geographies/1980_tracts.shp, study_areas/definitions/max_county_36029_march_2020.shp, 2014211535140.1255, 2710370817.84853, 0.0013456237195364753
census_geographies/1980_tracts.shp, study_areas/definitions/max_county_36047_march_2020.shp, 2014211535140.1255, 185591401.6003853, 9.214096849439103e-05
census_geographies/1980_tracts.shp, study_areas/definitions/max_county_36055_march_2020.shp, 2014211535140.1255, 1726088794.9577742, 0.0008569550739057271
census_geographies/1980_tracts.shp, study_areas/definitions/max_county_36065_march_2020.shp, 2014211535140.1255, 3255874533.650868, 0.0016164511407310365
census_geographies/1980_tracts.shp, study_areas/definitions/max_county_36067_march_2020.shp, 2014211535140.1255, 2086720178.2760565, 0.0010359985244205677
census_geographies/1980_tracts.shp, study_areas/definitions/max_county_36071_march_2020.shp, 2014211535140.1255, 2171806342.587619, 0.0010782414382492003
census_geographies/1980_tracts.shp, study_areas/definitions/max_county_36113_march_2020.shp, 2014211535140.1255, 2412971711.0002646, 0.0011979733354234802
census_geographies/1980_tracts.shp, study_areas/definitions/max_county_37001_march_2020.shp, 2014211535140.1255, 1126061759.5134773, 0.0005590583411265883
census_geographies/1980_tracts.shp, study_areas/definitions/max_county_37021_march_2020.shp, 2014211535140.1255, 1708886230.0572, 0.0008484144789381893
census_geographies/1980_tracts.shp, study_areas/definitions/max_county_37035_march_2020.shp, 2014211535140.1255, 1070993190.6390604, 0.0005317183284647176
census_geographies/1980_tracts.shp, study_areas/definitions/max_county_37051_march_2020.shp, 2014211535140.1255, 1705410396.4137678, 0.0008466888242178223
census_geographies/1980_tracts.shp, study_areas/definitions/max_county_37063_march_2020.shp, 2014211535140.1255, 771284195.5426995, 0.00038292114908826717
census_geographies/1980_tracts.shp, study_areas/definitions/max_county_37067_march_2020.shp, 2014211535140.1255, 1069461632.5864383, 0.0005309579524933252
census_geographies/1980_tracts.shp, study_areas/definitions/max_county_37081_march_2020.shp, 2014211535140.1255, 1703452169.8318624, 0.000845716619189829
census_geographies/1980_tracts.shp, study_areas/definitions/max_county_37119_march_2020.shp, 2014211535140.1255, 1414714406.7234511, 0.0007023663513202112
census_geographies/1980_tracts.shp, study_areas/definitions/max_county_37127_march_2020.shp, 2014211535140.1255, 1405576993.4589128, 0.0006978298798001517
census_geographies/1980_tracts.shp, study_areas/definitions/max_county_37129_march_2020.shp, 2014211535140.1255, 527812339.6062043, 0.00026204414501552597
census_geographies/1980_tracts.shp, study_areas/definitions/max_county_37133_march_2020.shp, 2014211535140.1255, 1992622721.7834466, 0.0009892817546816516
census_geographies/1980_tracts.shp, study_areas/definitions/max_county_37183_march_2020.shp, 2014211535140.1255, 2220300996.047732, 0.001102317684767538
census_geographies/1980_tracts.shp, study_areas/definitions/max_county_37191_march_2020.shp, 2014211535140.1255, 1441830386.265625, 0.0007158286809063076
census_geographies/1980_tracts.shp, study_areas/definitions/max_county_38015_march_2020.shp, 2014211535140.1255, 4320107224.369855, 0.002144813069035131
census_geographies/1980_tracts.shp, study_areas/definitions/max_county_38017_march_2020.shp, 2014211535140.1255, 4578771494.711439, 0.002273232684268637
census_geographies/1980_tracts.shp, study_areas/definitions/max_county_38035_march_2020.shp, 2014211535140.1255, 3729062688.0089283, 0.0018513758971941859
census_geographies/1980_tracts.shp, study_areas/definitions/max_county_39003_march_2020.shp, 2014211535140.1255, 1053814261.7219664, 0.0005231894681055206
census_geographies/1980_tracts.shp, study_areas/definitions/max_county_39013_march_2020.shp, 2014211535140.1255, 1402187161.711073, 0.0006961469226287223
census_geographies/1980_tracts.shp, study_areas/definitions/max_county_39023_march_2020.shp, 2014211535140.1255, 1045823897.1862049, 0.0005192224743730547
census_geographies/1980_tracts.shp, study_areas/definitions/max_county_39035_march_2020.shp, 2014211535140.1255, 1189822238.6602998, 0.0005907136454650111
census_geographies/1980_tracts.shp, study_areas/definitions/max_county_39049_march_2020.shp, 2014211535140.1255, 1407204821.7748995, 0.0006986380512794564
census_geographies/1980_tracts.shp, study_areas/definitions/max_county_39061_march_2020.shp, 2014211535140.1255, 1069105610.9761318, 0.0005307811976668855
census_geographies/1980_tracts.shp, study_areas/definitions/max_county_39081_march_2020.shp, 2014211535140.1255, 1064154917.9762411, 0.0005283233163006435
census_geographies/1980_tracts.shp, study_areas/definitions/max_county_39095_march_2020.shp, 2014211535140.1255, 898763845.2353569, 0.00044621124919376026
census_geographies/1980_tracts.shp, study_areas/definitions/max_county_39099_march_2020.shp, 2014211535140.1255, 1096551572.1039045, 0.0005444073539314822
census_geographies/1980_tracts.shp, study_areas/definitions/max_county_39113_march_2020.shp, 2014211535140.1255, 1202647117.0991154, 0.000597080840873771
census_geographies/1980_tracts.shp, study_areas/definitions/max_county_39139_march_2020.shp, 2014211535140.1255, 1295837228.6775382, 0.0006433471391014494
census_geographies/1980_tracts.shp, study_areas/definitions/max_county_39151_march_2020.shp, 2014211535140.1255, 1504545243.4312577, 0.0007469648630160331
census_geographies/1980_tracts.shp, study_areas/definitions/max_county_39153_march_2020.shp, 2014211535140.1255, 1087953024.9796603, 0.000540138414461008
census_geographies/1980_tracts.shp, study_areas/definitions/max_county_40031_march_2020.shp, 2014211535140.1255, 2807108117.646483, 0.0013936510980467585
census_geographies/1980_tracts.shp, study_areas/definitions/max_county_40047_march_2020.shp, 2014211535140.1255, 2745256578.0617104, 0.0013629435291019358
census_geographies/1980_tracts.shp, study_areas/definitions/max_county_40109_march_2020.shp, 2014211535140.1255, 1860439509.7801783, 0.0009236564667229703
census_geographies/1980_tracts.shp, study_areas/definitions/max_county_40143_march_2020.shp, 2014211535140.1255, 1520380888.6954322, 0.0007548268204062597
census_geographies/1980_tracts.shp, study_areas/definitions/max_county_41003_march_2020.shp, 2014211535140.1255, 1758504503.5068662, 0.0008730485715267884
census_geographies/1980_tracts.shp, study_areas/definitions/max_county_41029_march_2020.shp, 2014211535140.1255, 7256485673.62637, 0.0036026432909498497
census_geographies/1980_tracts.shp, study_areas/definitions/max_county_41039_march_2020.shp, 2014211535140.1255, 11959986388.350155, 0.005937800563493505
census_geographies/1980_tracts.shp, study_areas/definitions/max_county_41043_march_2020.shp, 2014211535140.1255, 5980573954.202403, 0.0029691886129459308
census_geographies/1980_tracts.shp, study_areas/definitions/max_county_41047_march_2020.shp, 2014211535140.1255, 3095616226.7907505, 0.001536887349111221
census_geographies/1980_tracts.shp, study_areas/definitions/max_county_41051_march_2020.shp, 2014211535140.1255, 1206037363.605185, 0.0005987640039611246
census_geographies/1980_tracts.shp, study_areas/definitions/max_county_42001_march_2020.shp, 2014211535140.1255, 1350727924.1408937, 0.0006705988425624451
census_geographies/1980_tracts.shp, study_areas/definitions/max_county_42003_march_2020.shp, 2014211535140.1255, 1928785216.4509478, 0.0009575882089845967
census_geographies/1980_tracts.shp, study_areas/definitions/max_county_42011_march_2020.shp, 2014211535140.1255, 2242059431.200169, 0.00111312014258929
census_geographies/1980_tracts.shp, study_areas/definitions/max_county_42013_march_2020.shp, 2014211535140.1255, 1365216100.7629306, 0.0006777918192529638
census_geographies/1980_tracts.shp, study_areas/definitions/max_county_42021_march_2020.shp, 2014211535140.1255, 1795970460.77578, 0.0008916493771598012
census_geographies/1980_tracts.shp, study_areas/definitions/max_county_42027_march_2020.shp, 2014211535140.1255, 2879676500.061497, 0.0014296792813576866
census_geographies/1980_tracts.shp, study_areas/definitions/max_county_42043_march_2020.shp, 2014211535140.1255, 1444001579.1870396, 0.0007169066177980073
census_geographies/1980_tracts.shp, study_areas/definitions/max_county_42049_march_2020.shp, 2014211535140.1255, 2082480115.2582746, 0.0010338934510735983
census_geographies/1980_tracts.shp, study_areas/definitions/max_county_42071_march_2020.shp, 2014211535140.1255, 2548041312.099847, 0.0012650316352808414
census_geographies/1980_tracts.shp, study_areas/definitions/max_county_42075_march_2020.shp, 2014211535140.1255, 939129494.6374706, 0.0004662516713132302
census_geographies/1980_tracts.shp, study_areas/definitions/max_county_42077_march_2020.shp, 2014211535140.1255, 902205255.7078757, 0.00044791981376728177
census_geographies/1980_tracts.shp, study_areas/definitions/max_county_42079_march_2020.shp, 2014211535140.1255, 2349435222.041653, 0.0011664292359830056
census_geographies/1980_tracts.shp, study_areas/definitions/max_county_42081_march_2020.shp, 2014211535140.1255, 3221307172.733948, 0.0015992894075595922
census_geographies/1980_tracts.shp, study_areas/definitions/max_county_42089_march_2020.shp, 2014211535140.1255, 1599103187.8812108, 0.0007939102522168625
census_geographies/1980_tracts.shp, study_areas/definitions/max_county_42101_march_2020.shp, 2014211535140.1255, 352679681.0946751, 0.0001750956515449306
census_geographies/1980_tracts.shp, study_areas/definitions/max_county_42133_march_2020.shp, 2014211535140.1255, 2357546747.3581996, 0.0011704563826729296
census_geographies/1980_tracts.shp, study_areas/definitions/max_county_44007_march_2020.shp, 2014211535140.1255, 1114557194.71223, 0.0005533466447131095
census_geographies/1980_tracts.shp, study_areas/definitions/max_county_45019_march_2020.shp, 2014211535140.1255, 2454008681.6165495, 0.0012183470498523523
census_geographies/1980_tracts.shp, study_areas/definitions/max_county_45041_march_2020.shp, 2014211535140.1255, 2081700037.4859114, 0.0010335061641582202
census_geographies/1980_tracts.shp, study_areas/definitions/max_county_45045_march_2020.shp, 2014211535140.1255, 2058974027.7060065, 0.0010222233324479332
census_geographies/1980_tracts.shp, study_areas/definitions/max_county_45079_march_2020.shp, 2014211535140.1255, 1998758048.9301538, 0.00099232777395007
census_geographies/1980_tracts.shp, study_areas/definitions/max_county_45083_march_2020.shp, 2014211535140.1255, 2121592411.576569, 0.0010533116182501524
census_geographies/1980_tracts.shp, study_areas/definitions/max_county_45085_march_2020.shp, 2014211535140.1255, 1766482589.7230403, 0.0008770094694151123
census_geographies/1980_tracts.shp, study_areas/definitions/max_county_46099_march_2020.shp, 2014211535140.1255, 2107413442.2052944, 0.0010462721543587452
census_geographies/1980_tracts.shp, study_areas/definitions/max_county_46103_march_2020.shp, 2014211535140.1255, 7211245482.558092, 0.003580182794483111
census_geographies/1980_tracts.shp, study_areas/definitions/max_county_47037_march_2020.shp, 2014211535140.1255, 1362608639.7816734, 0.0006764972874047606
census_geographies/1980_tracts.shp, study_areas/definitions/max_county_47065_march_2020.shp, 2014211535140.1255, 1491292060.2086813, 0.0007403850261958382
census_geographies/1980_tracts.shp, study_areas/definitions/max_county_47093_march_2020.shp, 2014211535140.1255, 1361786360.9795592, 0.0006760890488519726
census_geographies/1980_tracts.shp, study_areas/definitions/max_county_47113_march_2020.shp, 2014211535140.1255, 1446865678.2543733, 0.0007183285633173167
census_geographies/1980_tracts.shp, study_areas/definitions/max_county_47125_march_2020.shp, 2014211535140.1255, 1408556487.921026, 0.0006993091159231371
census_geographies/1980_tracts.shp, study_areas/definitions/max_county_47157_march_2020.shp, 2014211535140.1255, 2029625557.8738265, 0.0010076526335316756
census_geographies/1980_tracts.shp, study_areas/definitions/max_county_47163_march_2020.shp, 2014211535140.1255, 1112894208.9817524, 0.0005525210185554468
census_geographies/1980_tracts.shp, study_areas/definitions/max_county_47179_march_2020.shp, 2014211535140.1255, 854186727.9164487, 0.00042407995039956135
census_geographies/1980_tracts.shp, study_areas/definitions/max_county_48027_march_2020.shp, 2014211535140.1255, 2817772664.2770367, 0.001398945748804387
census_geographies/1980_tracts.shp, study_areas/definitions/max_county_48029_march_2020.shp, 2014211535140.1255, 3254814873.005623, 0.0016159250486961344
census_geographies/1980_tracts.shp, study_areas/definitions/max_county_48037_march_2020.shp, 2014211535140.1255, 2389995045.570148, 0.0011865660601550869
census_geographies/1980_tracts.shp, study_areas/definitions/max_county_48041_march_2020.shp, 2014211535140.1255, 1528878532.6791136, 0.0007590456642741607
census_geographies/1980_tracts.shp, study_areas/definitions/max_county_48061_march_2020.shp, 2014211535140.1255, 2466069915.719219, 0.0012243351170897047
census_geographies/1980_tracts.shp, study_areas/definitions/max_county_48113_march_2020.shp, 2014211535140.1255, 2353199368.230446, 0.0011682980298624581
census_geographies/1980_tracts.shp, study_areas/definitions/max_county_48135_march_2020.shp, 2014211535140.1255, 2335408160.5932207, 0.001159465190149827
census_geographies/1980_tracts.shp, study_areas/definitions/max_county_48141_march_2020.shp, 2014211535140.1255, 2628017513.933224, 0.00130473759487749
census_geographies/1980_tracts.shp, study_areas/definitions/max_county_48181_march_2020.shp, 2014211535140.1255, 2536123787.7773046, 0.001259114915951899
census_geographies/1980_tracts.shp, study_areas/definitions/max_county_48183_march_2020.shp, 2014211535140.1255, 715816172.4540461, 0.00035538281852022453
census_geographies/1980_tracts.shp, study_areas/definitions/max_county_48201_march_2020.shp, 2014211535140.1255, 4567234200.96581, 0.002267504738844659
census_geographies/1980_tracts.shp, study_areas/definitions/max_county_48215_march_2020.shp, 2014211535140.1255, 4099200916.5945096, 0.0020351392319423564
census_geographies/1980_tracts.shp, study_areas/definitions/max_county_48245_march_2020.shp, 2014211535140.1255, 2488680947.9520464, 0.0012355608656460767
census_geographies/1980_tracts.shp, study_areas/definitions/max_county_48303_march_2020.shp, 2014211535140.1255, 2332821293.9884043, 0.0011581808828366746
census_geographies/1980_tracts.shp, study_areas/definitions/max_county_48309_march_2020.shp, 2014211535140.1255, 2746018218.3650236, 0.001363321662326786
census_geographies/1980_tracts.shp, study_areas/definitions/max_county_48329_march_2020.shp, 2014211535140.1255, 2336120707.723772, 0.0011598189499799742
census_geographies/1980_tracts.shp, study_areas/definitions/max_county_48355_march_2020.shp, 2014211535140.1255, 2194299244.1356807, 0.001089408538206503
census_geographies/1980_tracts.shp, study_areas/definitions/max_county_48381_march_2020.shp, 2014211535140.1255, 2389084306.6160727, 0.001186113903597453
census_geographies/1980_tracts.shp, study_areas/definitions/max_county_48423_march_2020.shp, 2014211535140.1255, 2459094135.3103476, 0.0012208718361546233
census_geographies/1980_tracts.shp, study_areas/definitions/max_county_48441_march_2020.shp, 2014211535140.1255, 2380884058.2300935, 0.0011820427083714716
census_geographies/1980_tracts.shp, study_areas/definitions/max_county_48451_march_2020.shp, 2014211535140.1255, 3990038270.816617, 0.0019809430147757724
census_geographies/1980_tracts.shp, study_areas/definitions/max_county_48453_march_2020.shp, 2014211535140.1255, 2647222191.4919033, 0.0013142721830891213
census_geographies/1980_tracts.shp, study_areas/definitions/max_county_48469_march_2020.shp, 2014211535140.1255, 2299917272.3201957, 0.0011418449513348626
census_geographies/1980_tracts.shp, study_areas/definitions/max_county_48479_march_2020.shp, 2014211535140.1255, 8742783456.573982, 0.004340548797406108
census_geographies/1980_tracts.shp, study_areas/definitions/max_county_48485_march_2020.shp, 2014211535140.1255, 1639510667.498982, 0.0008139714418748594
census_geographies/1980_tracts.shp, study_areas/definitions/max_county_49011_march_2020.shp, 2014211535140.1255, 1641100485.152223, 0.0008147607421174134
census_geographies/1980_tracts.shp, study_areas/definitions/max_county_49035_march_2020.shp, 2014211535140.1255, 2092123524.2319694, 0.0010386811353885052
census_geographies/1980_tracts.shp, study_areas/definitions/max_county_49049_march_2020.shp, 2014211535140.1255, 5545097987.094096, 0.0027529869084521614
census_geographies/1980_tracts.shp, study_areas/definitions/max_county_50007_march_2020.shp, 2014211535140.1255, 1604840368.921848, 0.0007967586030184272
census_geographies/1980_tracts.shp, study_areas/definitions/max_county_51003_march_2020.shp, 2014211535140.1255, 1881818882.2858956, 0.0009342707304846115
census_geographies/1980_tracts.shp, study_areas/definitions/max_county_51015_march_2020.shp, 2014211535140.1255, 2563425692.3731227, 0.001272669552155449
census_geographies/1980_tracts.shp, study_areas/definitions/max_county_51019_march_2020.shp, 2014211535140.1255, 2010238694.2693639, 0.0009980275950159897
census_geographies/1980_tracts.shp, study_areas/definitions/max_county_51041_march_2020.shp, 2014211535140.1255, 1131796110.2863383, 0.0005619052867789286
census_geographies/1980_tracts.shp, study_areas/definitions/max_county_51059_march_2020.shp, 2014211535140.1255, 1030654415.0693833, 0.0005116912484555314
census_geographies/1980_tracts.shp, study_areas/definitions/max_county_51165_march_2020.shp, 2014211535140.1255, 2194680471.614072, 0.0010895978070453217
census_geographies/1980_tracts.shp, study_areas/definitions/max_county_51770_march_2020.shp, 2014211535140.1255, 111280385.02833131, 5.524761579750843e-05
census_geographies/1980_tracts.shp, study_areas/definitions/max_county_51810_march_2020.shp, 2014211535140.1255, 662691447.830762, 0.0003290078704591768
census_geographies/1980_tracts.shp, study_areas/definitions/max_county_53005_march_2020.shp, 2014211535140.1255, 4558621126.910411, 0.0022632285871569467
census_geographies/1980_tracts.shp, study_areas/definitions/max_county_53015_march_2020.shp, 2014211535140.1255, 3019984197.047095, 0.0014993381501198677
census_geographies/1980_tracts.shp, study_areas/definitions/max_county_53033_march_2020.shp, 2014211535140.1255, 5579166394.804982, 0.0027699009252356646
census_geographies/1980_tracts.shp, study_areas/definitions/max_county_53035_march_2020.shp, 2014211535140.1255, 1031735032.3926079, 0.0005122277448981205
census_geographies/1980_tracts.shp, study_areas/definitions/max_county_53063_march_2020.shp, 2014211535140.1255, 4617172739.488288, 0.0022922978341334333
census_geographies/1980_tracts.shp, study_areas/definitions/max_county_53067_march_2020.shp, 2014211535140.1255, 1905247547.1850858, 0.0009459024109166075
census_geographies/1980_tracts.shp, study_areas/definitions/max_county_53073_march_2020.shp, 2014211535140.1255, 5603004519.111398, 0.002781735890873848
census_geographies/1980_tracts.shp, study_areas/definitions/max_county_53077_march_2020.shp, 2014211535140.1255, 11166847761.981897, 0.005544029297401992
census_geographies/1980_tracts.shp, study_areas/definitions/max_county_54011_march_2020.shp, 2014211535140.1255, 745981889.0033135, 0.0003703592576990265
census_geographies/1980_tracts.shp, study_areas/definitions/max_county_54039_march_2020.shp, 2014211535140.1255, 2359448008.571998, 0.0011714003059802034
census_geographies/1980_tracts.shp, study_areas/definitions/max_county_54061_march_2020.shp, 2014211535140.1255, 947653814.6821333, 0.0004704837591033886
census_geographies/1980_tracts.shp, study_areas/definitions/max_county_54081_march_2020.shp, 2014211535140.1255, 1578184110.6956542, 0.0007835245122781319
census_geographies/1980_tracts.shp, study_areas/definitions/max_county_54107_march_2020.shp, 2014211535140.1255, 976261487.8701605, 0.00048468667309178306
census_geographies/1980_tracts.shp, study_areas/definitions/max_county_55009_march_2020.shp, 2014211535140.1255, 1384738120.6052315, 0.000687483959081238
census_geographies/1980_tracts.shp, study_areas/definitions/max_county_55025_march_2020.shp, 2014211535140.1255, 3207199149.5254397, 0.001592285166464564
census_geographies/1980_tracts.shp, study_areas/definitions/max_county_55035_march_2020.shp, 2014211535140.1255, 1671246783.5264158, 0.0008297275407124256
census_geographies/1980_tracts.shp, study_areas/definitions/max_county_55039_march_2020.shp, 2014211535140.1255, 1983388384.2298205, 0.0009846971629481008
census_geographies/1980_tracts.shp, study_areas/definitions/max_county_55063_march_2020.shp, 2014211535140.1255, 1242958366.1273396, 0.0006170942547208027
census_geographies/1980_tracts.shp, study_areas/definitions/max_county_55073_march_2020.shp, 2014211535140.1255, 4082124881.536356, 0.002026661455522033
census_geographies/1980_tracts.shp, study_areas/definitions/max_county_55079_march_2020.shp, 2014211535140.1255, 628632666.6990111, 0.0003120986330044417
census_geographies/1980_tracts.shp, study_areas/definitions/max_county_55087_march_2020.shp, 2014211535140.1255, 1668956948.088851, 0.0008285907011116111
census_geographies/1980_tracts.shp, study_areas/definitions/max_county_55101_march_2020.shp, 2014211535140.1255, 881008018.0198613, 0.0004373959748763781
census_geographies/1980_tracts.shp, study_areas/definitions/max_county_55105_march_2020.shp, 2014211535140.1255, 1880823890.4733121, 0.0009337767447263011
census_geographies/1980_tracts.shp, study_areas/definitions/max_county_55117_march_2020.shp, 2014211535140.1255, 1340638063.3766081, 0.0006655895073519883
census_geographies/1980_tracts.shp, study_areas/definitions/max_county_55139_march_2020.shp, 2014211535140.1255, 1498806804.576524, 0.0007441158877447569
census_geographies/1980_tracts.shp, study_areas/definitions/max_county_56021_march_2020.shp, 2014211535140.1255, 6960899436.070892, 0.003455892946014051
census_geographies/1980_tracts.shp, study_areas/definitions/max_county_56025_march_2020.shp, 2014211535140.1255, 13922899774.589169, 0.006912332459470586
