filename, target_name, source_area, overlap_area, overlap_percentage
census_geographies/2020_tracts.shp, study_areas/definitions/cbsa_10180_march_2020.shp, 1168.828675420629, 0.6849782434590043, 0.0005860381917927361
census_geographies/2020_tracts.shp, study_areas/definitions/cbsa_10380_march_2020.shp, 1168.828675420629, 0.13518796672599925, 0.00011566106271079366
census_geographies/2020_tracts.shp, study_areas/definitions/cbsa_10420_march_2020.shp, 1168.828675420629, 0.25675259807850015, 0.0002196665802933882
census_geographies/2020_tracts.shp, study_areas/definitions/cbsa_10500_march_2020.shp, 1168.828675420629, 0.3961839342159997, 0.0003389580890231189
census_geographies/2020_tracts.shp, study_areas/definitions/cbsa_10540_march_2020.shp, 1168.828675420629, 0.6764513988179988, 0.0005787429869262599
census_geographies/2020_tracts.shp, study_areas/definitions/cbsa_10580_march_2020.shp, 1168.828675420629, 0.8201740445134995, 0.0007017059572210972
census_geographies/2020_tracts.shp, study_areas/definitions/cbsa_10740_march_2020.shp, 1168.828675420629, 2.380848341430003, 0.002036952370776839
census_geographies/2020_tracts.shp, study_areas/definitions/cbsa_10780_march_2020.shp, 1168.828675420629, 0.4973509499700007, 0.00042551227603225756
census_geographies/2020_tracts.shp, study_areas/definitions/cbsa_10900_march_2020.shp, 1168.828675420629, 0.40770916059350015, 0.00034881858151433265
census_geographies/2020_tracts.shp, study_areas/definitions/cbsa_11020_march_2020.shp, 1168.828675420629, 0.14484023169900015, 0.00012391912924866955
census_geographies/2020_tracts.shp, study_areas/definitions/cbsa_11100_march_2020.shp, 1168.828675420629, 1.3296784148735006, 0.0011376161817684583
census_geographies/2020_tracts.shp, study_areas/definitions/cbsa_11180_march_2020.shp, 1168.828675420629, 0.32307613399350027, 0.0002764101709578901
census_geographies/2020_tracts.shp, study_areas/definitions/cbsa_11260_march_2020.shp, 1168.828675420629, 12.159153745884506, 0.010402853730046248
census_geographies/2020_tracts.shp, study_areas/definitions/cbsa_11460_march_2020.shp, 1168.828675420629, 0.20412364020700025, 0.00017463948694922447
census_geographies/2020_tracts.shp, study_areas/definitions/cbsa_11500_march_2020.shp, 1168.828675420629, 0.1543414410580004, 0.00013204795904109488
census_geographies/2020_tracts.shp, study_areas/definitions/cbsa_11540_march_2020.shp, 1168.828675420629, 0.30420329853949923, 0.00026026337729096605
census_geographies/2020_tracts.shp, study_areas/definitions/cbsa_11640_march_2020.shp, 1168.828675420629, 0.07227014202949975, 6.183125341572556e-05
census_geographies/2020_tracts.shp, study_areas/definitions/cbsa_11700_march_2020.shp, 1168.828675420629, 0.5257855560055004, 0.00044983971309249814
census_geographies/2020_tracts.shp, study_areas/definitions/cbsa_12020_march_2020.shp, 1168.828675420629, 0.26144296038749937, 0.00022367945438488948
census_geographies/2020_tracts.shp, study_areas/definitions/cbsa_12060_march_2020.shp, 1168.828675420629, 2.2251770249644967, 0.0019037666270154752
census_geographies/2020_tracts.shp, study_areas/definitions/cbsa_12100_march_2020.shp, 1168.828675420629, 0.1821305568869997, 0.00015582314219101098
census_geographies/2020_tracts.shp, study_areas/definitions/cbsa_12220_march_2020.shp, 1168.828675420629, 0.15322100427350002, 0.0001310893610805365
census_geographies/2020_tracts.shp, study_areas/definitions/cbsa_12260_march_2020.shp, 1168.828675420629, 0.8997792002785004, 0.0007698127357755788
census_geographies/2020_tracts.shp, study_areas/definitions/cbsa_12420_march_2020.shp, 1168.828675420629, 1.0385724924064972, 0.0008885583612437844
census_geographies/2020_tracts.shp, study_areas/definitions/cbsa_12540_march_2020.shp, 1168.828675420629, 2.096752393228002, 0.0017938919854729259
census_geographies/2020_tracts.shp, study_areas/definitions/cbsa_12580_march_2020.shp, 1168.828675420629, 0.8398258550079983, 0.0007185192087332802
census_geographies/2020_tracts.shp, study_areas/definitions/cbsa_12620_march_2020.shp, 1168.828675420629, 1.0587520765589986, 0.0009058231534043971
census_geographies/2020_tracts.shp, study_areas/definitions/cbsa_12700_march_2020.shp, 1168.828675420629, 0.36615475802900044, 0.0003132664057007598
census_geographies/2020_tracts.shp, study_areas/definitions/cbsa_12940_march_2020.shp, 1168.828675420629, 1.1130510401870009, 0.0009522790324993051
census_geographies/2020_tracts.shp, study_areas/definitions/cbsa_12980_march_2020.shp, 1168.828675420629, 0.2029464720515, 0.00017363235204549134
census_geographies/2020_tracts.shp, study_areas/definitions/cbsa_13020_march_2020.shp, 1168.828675420629, 0.18245615072800056, 0.0001561017064047814
census_geographies/2020_tracts.shp, study_areas/definitions/cbsa_13140_march_2020.shp, 1168.828675420629, 0.5791247104329991, 0.0004954744203418762
census_geographies/2020_tracts.shp, study_areas/definitions/cbsa_13220_march_2020.shp, 1168.828675420629, 0.33901377732000054, 0.00029004573933643344
census_geographies/2020_tracts.shp, study_areas/definitions/cbsa_13380_march_2020.shp, 1168.828675420629, 0.7945732465984996, 0.0006798030056137652
census_geographies/2020_tracts.shp, study_areas/definitions/cbsa_13460_march_2020.shp, 1168.828675420629, 0.8863677937635003, 0.0007583385079464458
census_geographies/2020_tracts.shp, study_areas/definitions/cbsa_13740_march_2020.shp, 1168.828675420629, 1.9476808870165008, 0.0016663527580854263
census_geographies/2020_tracts.shp, study_areas/definitions/cbsa_13780_march_2020.shp, 1168.828675420629, 0.3494220169254999, 0.000298950585550746
census_geographies/2020_tracts.shp, study_areas/definitions/cbsa_13820_march_2020.shp, 1168.828675420629, 1.1458570434355013, 0.000980346450708988
census_geographies/2020_tracts.shp, study_areas/definitions/cbsa_13900_march_2020.shp, 1168.828675420629, 1.3280404969619994, 0.0011362148490103347
census_geographies/2020_tracts.shp, study_areas/definitions/cbsa_13980_march_2020.shp, 1168.828675420629, 0.2865560563935013, 0.0002451651490244092
census_geographies/2020_tracts.shp, study_areas/definitions/cbsa_14010_march_2020.shp, 1168.828675420629, 0.3263580030579994, 0.00027921799825842927
census_geographies/2020_tracts.shp, study_areas/definitions/cbsa_14020_march_2020.shp, 1168.828675420629, 0.21593248571199955, 0.0001847426318782703
census_geographies/2020_tracts.shp, study_areas/definitions/cbsa_14100_march_2020.shp, 1168.828675420629, 0.17273022386749914, 0.00014778061789538004
census_geographies/2020_tracts.shp, study_areas/definitions/cbsa_14260_march_2020.shp, 1168.828675420629, 3.384233817520511, 0.0028954062205075685
census_geographies/2020_tracts.shp, study_areas/definitions/cbsa_14460_march_2020.shp, 1168.828675420629, 1.2799855835344986, 0.0010951011131497671
census_geographies/2020_tracts.shp, study_areas/definitions/cbsa_14500_march_2020.shp, 1168.828675420629, 0.2025355077825002, 0.0001732807485319551
census_geographies/2020_tracts.shp, study_areas/definitions/cbsa_14540_march_2020.shp, 1168.828675420629, 0.42992171175800015, 0.00036782269360672833
census_geographies/2020_tracts.shp, study_areas/definitions/cbsa_14740_march_2020.shp, 1168.828675420629, 0.1754100154235005, 0.00015007333333978592
census_geographies/2020_tracts.shp, study_areas/definitions/cbsa_14860_march_2020.shp, 1168.828675420629, 0.23281137310450004, 0.00019918348856449614
census_geographies/2020_tracts.shp, study_areas/definitions/cbsa_15180_march_2020.shp, 1168.828675420629, 0.29842848201399985, 0.00025532269039053456
census_geographies/2020_tracts.shp, study_areas/definitions/cbsa_15260_march_2020.shp, 1168.828675420629, 0.3941799615544997, 0.0003372435754219028
census_geographies/2020_tracts.shp, study_areas/definitions/cbsa_15380_march_2020.shp, 1168.828675420629, 0.6770409649475004, 0.0005792473945797507
census_geographies/2020_tracts.shp, study_areas/definitions/cbsa_15500_march_2020.shp, 1168.828675420629, 0.11247889225300009, 9.623214643713464e-05
census_geographies/2020_tracts.shp, study_areas/definitions/cbsa_15540_march_2020.shp, 1168.828675420629, 0.4419596674445, 0.00037812185544254463
census_geographies/2020_tracts.shp, study_areas/definitions/cbsa_15680_march_2020.shp, 1168.828675420629, 0.20362567525649938, 0.0001742134493605063
census_geographies/2020_tracts.shp, study_areas/definitions/cbsa_15940_march_2020.shp, 1168.828675420629, 0.2703709236454993, 0.00023131783924466116
census_geographies/2020_tracts.shp, study_areas/definitions/cbsa_15980_march_2020.shp, 1168.828675420629, 0.3554046846890003, 0.0003040691011119316
census_geographies/2020_tracts.shp, study_areas/definitions/cbsa_16020_march_2020.shp, 1168.828675420629, 0.38446293077050003, 0.0003289300980164116
census_geographies/2020_tracts.shp, study_areas/definitions/cbsa_16060_march_2020.shp, 1168.828675420629, 0.3691207375065004, 0.00031580397133366365
census_geographies/2020_tracts.shp, study_areas/definitions/cbsa_16180_march_2020.shp, 1168.828675420629, 0.04240399056899958, 3.6279047101355174e-05
census_geographies/2020_tracts.shp, study_areas/definitions/cbsa_16220_march_2020.shp, 1168.828675420629, 1.5360723497075, 0.0013141980360421174
census_geographies/2020_tracts.shp, study_areas/definitions/cbsa_16300_march_2020.shp, 1168.828675420629, 0.5693561819254995, 0.00048711688367895667
census_geographies/2020_tracts.shp, study_areas/definitions/cbsa_16540_march_2020.shp, 1168.828675420629, 0.21090246154100029, 0.00018043915757380127
census_geographies/2020_tracts.shp, study_areas/definitions/cbsa_16580_march_2020.shp, 1168.828675420629, 0.3933563408450007, 0.0003365389206450147
census_geographies/2020_tracts.shp, study_areas/definitions/cbsa_16620_march_2020.shp, 1168.828675420629, 0.7122753755565008, 0.0006093924546299933
census_geographies/2020_tracts.shp, study_areas/definitions/cbsa_16700_march_2020.shp, 1168.828675420629, 0.7905774212299996, 0.000676384347727859
census_geographies/2020_tracts.shp, study_areas/definitions/cbsa_16740_march_2020.shp, 1168.828675420629, 1.4642670557940087, 0.0012527644868629353
census_geographies/2020_tracts.shp, study_areas/definitions/cbsa_16820_march_2020.shp, 1168.828675420629, 0.4402602965324996, 0.0003766679461162793
census_geographies/2020_tracts.shp, study_areas/definitions/cbsa_16860_march_2020.shp, 1168.828675420629, 0.5470372399610021, 0.0004680217481523873
census_geographies/2020_tracts.shp, study_areas/definitions/cbsa_16940_march_2020.shp, 1168.828675420629, 0.7484228533665017, 0.0006403186960631036
census_geographies/2020_tracts.shp, study_areas/definitions/cbsa_16980_march_2020.shp, 1168.828675420629, 2.6886266001935035, 0.002300274331673067
census_geographies/2020_tracts.shp, study_areas/definitions/cbsa_17020_march_2020.shp, 1168.828675420629, 0.45594195845199986, 0.00039008450771274843
census_geographies/2020_tracts.shp, study_areas/definitions/cbsa_17140_march_2020.shp, 1168.828675420629, 1.2489662698915027, 0.0010685623104190478
census_geographies/2020_tracts.shp, study_areas/definitions/cbsa_17300_march_2020.shp, 1168.828675420629, 0.5855731743644975, 0.0005009914512524823
census_geographies/2020_tracts.shp, study_areas/definitions/cbsa_17420_march_2020.shp, 1168.828675420629, 0.19819450625749957, 0.000169566772637722
census_geographies/2020_tracts.shp, study_areas/definitions/cbsa_17460_march_2020.shp, 1168.828675420629, 1.112841261081001, 0.0009520995544368557
census_geographies/2020_tracts.shp, study_areas/definitions/cbsa_17660_march_2020.shp, 1168.828675420629, 0.4060612446290011, 0.00034740869484817434
census_geographies/2020_tracts.shp, study_areas/definitions/cbsa_17780_march_2020.shp, 1168.828675420629, 0.520644291201504, 0.0004454410660434375
census_geographies/2020_tracts.shp, study_areas/definitions/cbsa_17820_march_2020.shp, 1168.828675420629, 0.7223858906859991, 0.0006180425804714557
census_geographies/2020_tracts.shp, study_areas/definitions/cbsa_17860_march_2020.shp, 1168.828675420629, 0.4662710558639981, 0.00039892164323928833
census_geographies/2020_tracts.shp, study_areas/definitions/cbsa_17900_march_2020.shp, 1168.828675420629, 0.9700128072545018, 0.0008299016165952816
census_geographies/2020_tracts.shp, study_areas/definitions/cbsa_17980_march_2020.shp, 1168.828675420629, 0.6996846387039994, 0.0005986203567877066
census_geographies/2020_tracts.shp, study_areas/definitions/cbsa_18020_march_2020.shp, 1168.828675420629, 0.11061170526649988, 9.46346608297352e-05
census_geographies/2020_tracts.shp, study_areas/definitions/cbsa_18140_march_2020.shp, 1168.828675420629, 1.3243045347490046, 0.0011330185189650861
census_geographies/2020_tracts.shp, study_areas/definitions/cbsa_18580_march_2020.shp, 1168.828675420629, 0.4444788251764993, 0.0003802771394332396
census_geographies/2020_tracts.shp, study_areas/definitions/cbsa_18700_march_2020.shp, 1168.828675420629, 0.19872329739000058, 0.00017001918379396842
census_geographies/2020_tracts.shp, study_areas/definitions/cbsa_18880_march_2020.shp, 1168.828675420629, 0.6470086074629978, 0.0005535529894748325
census_geographies/2020_tracts.shp, study_areas/definitions/cbsa_19060_march_2020.shp, 1168.828675420629, 0.20543443698000005, 0.00017576094880292862
census_geographies/2020_tracts.shp, study_areas/definitions/cbsa_19100_march_2020.shp, 1168.828675420629, 2.247123399006502, 0.0019225430093061538
census_geographies/2020_tracts.shp, study_areas/definitions/cbsa_19140_march_2020.shp, 1168.828675420629, 0.16270128604349987, 0.0001392002861197328
census_geographies/2020_tracts.shp, study_areas/definitions/cbsa_19180_march_2020.shp, 1168.828675420629, 0.24683156093749922, 0.00021117856374346
census_geographies/2020_tracts.shp, study_areas/definitions/cbsa_19300_march_2020.shp, 1168.828675420629, 0.49417171739199756, 0.00042279226013526653
census_geographies/2020_tracts.shp, study_areas/definitions/cbsa_19340_march_2020.shp, 1168.828675420629, 0.6452552811299997, 0.0005520529181899052
census_geographies/2020_tracts.shp, study_areas/definitions/cbsa_19430_march_2020.shp, 1168.828675420629, 0.3515149504309999, 0.00030074121025863726
census_geographies/2020_tracts.shp, study_areas/definitions/cbsa_19460_march_2020.shp, 1168.828675420629, 0.33458302439849935, 0.00028625497597249846
census_geographies/2020_tracts.shp, study_areas/definitions/cbsa_19500_march_2020.shp, 1168.828675420629, 0.1596809507605001, 0.00013661621597625107
census_geographies/2020_tracts.shp, study_areas/definitions/cbsa_19660_march_2020.shp, 1168.828675420629, 0.4812500959554981, 0.00041173707154498886
census_geographies/2020_tracts.shp, study_areas/definitions/cbsa_19740_march_2020.shp, 1168.828675420629, 2.2767324856899998, 0.0019478752819532485
census_geographies/2020_tracts.shp, study_areas/definitions/cbsa_19780_march_2020.shp, 1168.828675420629, 1.0191064910105, 0.0008719040800772208
census_geographies/2020_tracts.shp, study_areas/definitions/cbsa_19820_march_2020.shp, 1168.828675420629, 1.2055788493635025, 0.0010314418825578934
census_geographies/2020_tracts.shp, study_areas/definitions/cbsa_20020_march_2020.shp, 1168.828675420629, 0.4240137503170002, 0.0003627680935911411
census_geographies/2020_tracts.shp, study_areas/definitions/cbsa_20100_march_2020.shp, 1168.828675420629, 0.2152925177699999, 0.0001841951025820975
census_geographies/2020_tracts.shp, study_areas/definitions/cbsa_20220_march_2020.shp, 1168.828675420629, 0.1747739372925003, 0.00014952913200012312
census_geographies/2020_tracts.shp, study_areas/definitions/cbsa_20260_march_2020.shp, 1168.828675420629, 3.764840947014007, 0.0032210374592830256
census_geographies/2020_tracts.shp, study_areas/definitions/cbsa_20500_march_2020.shp, 1168.828675420629, 0.6087905742079983, 0.000520855269048658
census_geographies/2020_tracts.shp, study_areas/definitions/cbsa_20700_march_2020.shp, 1168.828675420629, 0.17120945878300026, 0.00014647951610306507
census_geographies/2020_tracts.shp, study_areas/definitions/cbsa_20740_march_2020.shp, 1168.828675420629, 0.4979638385184997, 0.0004260366373534567
census_geographies/2020_tracts.shp, study_areas/definitions/cbsa_20940_march_2020.shp, 1168.828675420629, 1.1201840448070026, 0.0009583817272483322
census_geographies/2020_tracts.shp, study_areas/definitions/cbsa_21060_march_2020.shp, 1168.828675420629, 0.3224941554900007, 0.0002759122549538272
census_geographies/2020_tracts.shp, study_areas/definitions/cbsa_21140_march_2020.shp, 1168.828675420629, 0.13089498054700002, 0.00011198816670021768
census_geographies/2020_tracts.shp, study_areas/definitions/cbsa_21300_march_2020.shp, 1168.828675420629, 0.11585974571950013, 9.912466057337738e-05
census_geographies/2020_tracts.shp, study_areas/definitions/cbsa_21340_march_2020.shp, 1168.828675420629, 1.3738425554429916, 0.0011754011381938279
census_geographies/2020_tracts.shp, study_areas/definitions/cbsa_21420_march_2020.shp, 1168.828675420629, 0.27574588322899957, 0.0002359164255871514
census_geographies/2020_tracts.shp, study_areas/definitions/cbsa_21500_march_2020.shp, 1168.828675420629, 0.43931362670249935, 0.0003758580157561608
census_geographies/2020_tracts.shp, study_areas/definitions/cbsa_21660_march_2020.shp, 1168.828675420629, 1.3711264291990073, 0.0011730773363389437
census_geographies/2020_tracts.shp, study_areas/definitions/cbsa_21780_march_2020.shp, 1168.828675420629, 0.4018178892370004, 0.0003437782608237236
census_geographies/2020_tracts.shp, study_areas/definitions/cbsa_21820_march_2020.shp, 1168.828675420629, 3.635142483261505, 0.0031100729813574417
census_geographies/2020_tracts.shp, study_areas/definitions/cbsa_22020_march_2020.shp, 1168.828675420629, 0.862647529964, 0.0007380444611812394
census_geographies/2020_tracts.shp, study_areas/definitions/cbsa_22140_march_2020.shp, 1168.828675420629, 1.4430222028415007, 0.001234588296118075
census_geographies/2020_tracts.shp, study_areas/definitions/cbsa_22180_march_2020.shp, 1168.828675420629, 0.42312545320800127, 0.00036200810444330533
census_geographies/2020_tracts.shp, study_areas/definitions/cbsa_22220_march_2020.shp, 1168.828675420629, 0.6931156148094982, 0.0005930001799109397
census_geographies/2020_tracts.shp, study_areas/definitions/cbsa_22380_march_2020.shp, 1168.828675420629, 4.821766967469017, 0.0041252983169101295
census_geographies/2020_tracts.shp, study_areas/definitions/cbsa_22420_march_2020.shp, 1168.828675420629, 0.18579153069500023, 0.0001589553153529015
census_geographies/2020_tracts.shp, study_areas/definitions/cbsa_22500_march_2020.shp, 1168.828675420629, 0.3470033987030001, 0.0002968813188794527
census_geographies/2020_tracts.shp, study_areas/definitions/cbsa_22520_march_2020.shp, 1168.828675420629, 0.3426982257269996, 0.00029319799636475554
census_geographies/2020_tracts.shp, study_areas/definitions/cbsa_22540_march_2020.shp, 1168.828675420629, 0.22166454361450025, 0.00018964673632320778
census_geographies/2020_tracts.shp, study_areas/definitions/cbsa_22660_march_2020.shp, 1168.828675420629, 0.7265265796530008, 0.0006215851774782511
census_geographies/2020_tracts.shp, study_areas/definitions/cbsa_22900_march_2020.shp, 1168.828675420629, 0.6388886705025004, 0.0005466059174776681
census_geographies/2020_tracts.shp, study_areas/definitions/cbsa_23060_march_2020.shp, 1168.828675420629, 0.27706914208349975, 0.0002370485494666618
census_geographies/2020_tracts.shp, study_areas/definitions/cbsa_23420_march_2020.shp, 1168.828675420629, 1.5711865390300004, 0.0013442402398833808
census_geographies/2020_tracts.shp, study_areas/definitions/cbsa_23460_march_2020.shp, 1168.828675420629, 0.13873429572099993, 0.00011869515065676612
census_geographies/2020_tracts.shp, study_areas/definitions/cbsa_23540_march_2020.shp, 1168.828675420629, 0.702146089021502, 0.0006007262687740092
census_geographies/2020_tracts.shp, study_areas/definitions/cbsa_23580_march_2020.shp, 1168.828675420629, 0.1088971555089998, 9.31677651301725e-05
census_geographies/2020_tracts.shp, study_areas/definitions/cbsa_23900_march_2020.shp, 1168.828675420629, 0.14224048528950103, 0.00012169489702014081
census_geographies/2020_tracts.shp, study_areas/definitions/cbsa_24020_march_2020.shp, 1168.828675420629, 0.5118719910539984, 0.000437935859906748
census_geographies/2020_tracts.shp, study_areas/definitions/cbsa_24140_march_2020.shp, 1168.828675420629, 0.14325886960650022, 0.00012256618323891252
census_geographies/2020_tracts.shp, study_areas/definitions/cbsa_24220_march_2020.shp, 1168.828675420629, 1.0695287261700002, 0.0009150431955180313
census_geographies/2020_tracts.shp, study_areas/definitions/cbsa_24260_march_2020.shp, 1168.828675420629, 0.4508955792349997, 0.000385767040727962
census_geographies/2020_tracts.shp, study_areas/definitions/cbsa_24300_march_2020.shp, 1168.828675420629, 0.9000455715105006, 0.0007700406316491159
census_geographies/2020_tracts.shp, study_areas/definitions/cbsa_24340_march_2020.shp, 1168.828675420629, 1.0882912157605018, 0.0009310955819670115
census_geographies/2020_tracts.shp, study_areas/definitions/cbsa_24420_march_2020.shp, 1168.828675420629, 0.4644402297725, 0.00039735526646397584
census_geographies/2020_tracts.shp, study_areas/definitions/cbsa_24500_march_2020.shp, 1168.828675420629, 0.8353414548280028, 0.0007146825470613874
census_geographies/2020_tracts.shp, study_areas/definitions/cbsa_24540_march_2020.shp, 1168.828675420629, 1.106115809217999, 0.0009463455444570939
census_geographies/2020_tracts.shp, study_areas/definitions/cbsa_24580_march_2020.shp, 1168.828675420629, 0.8377433178990019, 0.0007167374787391499
census_geographies/2020_tracts.shp, study_areas/definitions/cbsa_24660_march_2020.shp, 1168.828675420629, 0.5232125570379998, 0.00044763836483538547
census_geographies/2020_tracts.shp, study_areas/definitions/cbsa_24780_march_2020.shp, 1168.828675420629, 0.16885998943000033, 0.00014446941025743768
census_geographies/2020_tracts.shp, study_areas/definitions/cbsa_24860_march_2020.shp, 1168.828675420629, 0.7100777713214996, 0.0006075122781069367
census_geographies/2020_tracts.shp, study_areas/definitions/cbsa_25020_march_2020.shp, 1168.828675420629, 0.048090213271000166, 4.11439369022101e-05
census_geographies/2020_tracts.shp, study_areas/definitions/cbsa_25060_march_2020.shp, 1168.828675420629, 0.7370108150465008, 0.0006305550424498878
census_geographies/2020_tracts.shp, study_areas/definitions/cbsa_25180_march_2020.shp, 1168.828675420629, 0.27643018383049883, 0.00023650188401736402
census_geographies/2020_tracts.shp, study_areas/definitions/cbsa_25220_march_2020.shp, 1168.828675420629, 0.2056491864704999, 0.00017594467931452182
census_geographies/2020_tracts.shp, study_areas/definitions/cbsa_25260_march_2020.shp, 1168.828675420629, 0.3607557545240014, 0.0003086472484037709
census_geographies/2020_tracts.shp, study_areas/definitions/cbsa_25420_march_2020.shp, 1168.828675420629, 0.45669463508500036, 0.0003907284657613731
census_geographies/2020_tracts.shp, study_areas/definitions/cbsa_25500_march_2020.shp, 1168.828675420629, 0.23307626865249997, 0.00019941012190569527
census_geographies/2020_tracts.shp, study_areas/definitions/cbsa_25540_march_2020.shp, 1168.828675420629, 0.45027041894450004, 0.0003852321802273205
census_geographies/2020_tracts.shp, study_areas/definitions/cbsa_25620_march_2020.shp, 1168.828675420629, 0.4992983728429993, 0.0004271784080445457
census_geographies/2020_tracts.shp, study_areas/definitions/cbsa_25860_march_2020.shp, 1168.828675420629, 0.4309465612940014, 0.0003686995111913349
census_geographies/2020_tracts.shp, study_areas/definitions/cbsa_25940_march_2020.shp, 1168.828675420629, 0.4033561101499999, 0.00034509429707894803
census_geographies/2020_tracts.shp, study_areas/definitions/cbsa_25980_march_2020.shp, 1168.828675420629, 0.24818175112650132, 0.0002123337289249749
census_geographies/2020_tracts.shp, study_areas/definitions/cbsa_26140_march_2020.shp, 1168.828675420629, 0.23007765770599933, 0.00019684463817864562
census_geographies/2020_tracts.shp, study_areas/definitions/cbsa_26300_march_2020.shp, 1168.828675420629, 0.18690495533149976, 0.0001599079140184834
census_geographies/2020_tracts.shp, study_areas/definitions/cbsa_26380_march_2020.shp, 1168.828675420629, 0.8548299895420006, 0.0007313561067744775
census_geographies/2020_tracts.shp, study_areas/definitions/cbsa_26420_march_2020.shp, 1168.828675420629, 2.281284907341499, 0.0019517701398971308
census_geographies/2020_tracts.shp, study_areas/definitions/cbsa_26580_march_2020.shp, 1168.828675420629, 0.6775400817734999, 0.0005796744176640533
census_geographies/2020_tracts.shp, study_areas/definitions/cbsa_26620_march_2020.shp, 1168.828675420629, 0.3621821444110004, 0.0003098676067993122
census_geographies/2020_tracts.shp, study_areas/definitions/cbsa_26820_march_2020.shp, 1168.828675420629, 1.5147187887435056, 0.001295928839355691
census_geographies/2020_tracts.shp, study_areas/definitions/cbsa_26900_march_2020.shp, 1168.828675420629, 1.1814213139034972, 0.0010107737247961825
census_geographies/2020_tracts.shp, study_areas/definitions/cbsa_26980_march_2020.shp, 1168.828675420629, 0.3335218739220003, 0.0002853471008503235
census_geographies/2020_tracts.shp, study_areas/definitions/cbsa_27060_march_2020.shp, 1168.828675420629, 0.13932267849500068, 0.00011919854588172413
census_geographies/2020_tracts.shp, study_areas/definitions/cbsa_27100_march_2020.shp, 1168.828675420629, 0.20441128549699997, 0.00017488558400009994
census_geographies/2020_tracts.shp, study_areas/definitions/cbsa_27140_march_2020.shp, 1168.828675420629, 1.3644033171725056, 0.0011673253282235695
census_geographies/2020_tracts.shp, study_areas/definitions/cbsa_27180_march_2020.shp, 1168.828675420629, 0.4423284954379994, 0.00037843740895458235
census_geographies/2020_tracts.shp, study_areas/definitions/cbsa_27260_march_2020.shp, 1168.828675420629, 0.897673410609501, 0.0007680111118821185
census_geographies/2020_tracts.shp, study_areas/definitions/cbsa_27340_march_2020.shp, 1168.828675420629, 0.2306914662425002, 0.00019736978660236988
census_geographies/2020_tracts.shp, study_areas/definitions/cbsa_27500_march_2020.shp, 1168.828675420629, 0.20653369139649994, 0.00017670142403220402
census_geographies/2020_tracts.shp, study_areas/definitions/cbsa_27620_march_2020.shp, 1168.828675420629, 0.6106251834499972, 0.0005224248825263036
census_geographies/2020_tracts.shp, study_areas/definitions/cbsa_27740_march_2020.shp, 1168.828675420629, 0.22436138259050015, 0.00019195403681361489
census_geographies/2020_tracts.shp, study_areas/definitions/cbsa_27780_march_2020.shp, 1168.828675420629, 0.1905929544739997, 0.00016306320890477008
census_geographies/2020_tracts.shp, study_areas/definitions/cbsa_27860_march_2020.shp, 1168.828675420629, 0.3807770149124995, 0.00032577658549955444
census_geographies/2020_tracts.shp, study_areas/definitions/cbsa_27900_march_2020.shp, 1168.828675420629, 0.33266104052849965, 0.00028461060848698305
census_geographies/2020_tracts.shp, study_areas/definitions/cbsa_27980_march_2020.shp, 1168.828675420629, 0.5391509872825001, 0.0004612746064674317
census_geographies/2020_tracts.shp, study_areas/definitions/cbsa_28020_march_2020.shp, 1168.828675420629, 0.16394613076999995, 0.00014026532221328355
census_geographies/2020_tracts.shp, study_areas/definitions/cbsa_28100_march_2020.shp, 1168.828675420629, 0.1892436237255003, 0.00016190877902392048
census_geographies/2020_tracts.shp, study_areas/definitions/cbsa_28140_march_2020.shp, 1168.828675420629, 1.9839672688474916, 0.0016973978398789
census_geographies/2020_tracts.shp, study_areas/definitions/cbsa_28420_march_2020.shp, 1168.828675420629, 0.9158038152490002, 0.0007835227133860553
census_geographies/2020_tracts.shp, study_areas/definitions/cbsa_28660_march_2020.shp, 1168.828675420629, 0.7012398516150007, 0.0005999509306722339
census_geographies/2020_tracts.shp, study_areas/definitions/cbsa_28700_march_2020.shp, 1168.828675420629, 0.5341353498739977, 0.00045698344086380087
census_geographies/2020_tracts.shp, study_areas/definitions/cbsa_28740_march_2020.shp, 1168.828675420629, 0.3261256052815001, 0.000279019168625493
census_geographies/2020_tracts.shp, study_areas/definitions/cbsa_28940_march_2020.shp, 1168.828675420629, 0.8668544260314975, 0.0007416437021615171
census_geographies/2020_tracts.shp, study_areas/definitions/cbsa_29020_march_2020.shp, 1168.828675420629, 0.08085332223849974, 6.917465659319393e-05
census_geographies/2020_tracts.shp, study_areas/definitions/cbsa_29100_march_2020.shp, 1168.828675420629, 0.3037186967445005, 0.00025984877264856684
census_geographies/2020_tracts.shp, study_areas/definitions/cbsa_29180_march_2020.shp, 1168.828675420629, 1.0446511865880022, 0.0008937590329156334
census_geographies/2020_tracts.shp, study_areas/definitions/cbsa_29200_march_2020.shp, 1168.828675420629, 0.4541725355330012, 0.00038857066487486467
census_geographies/2020_tracts.shp, study_areas/definitions/cbsa_29340_march_2020.shp, 1168.828675420629, 0.7338324038795003, 0.0006278357293171426
census_geographies/2020_tracts.shp, study_areas/definitions/cbsa_29420_march_2020.shp, 1168.828675420629, 3.4723526315315, 0.0029707969222109447
census_geographies/2020_tracts.shp, study_areas/definitions/cbsa_29460_march_2020.shp, 1168.828675420629, 0.47746450445350047, 0.00040849828079523654
census_geographies/2020_tracts.shp, study_areas/definitions/cbsa_29540_march_2020.shp, 1168.828675420629, 0.2689068921550014, 0.00023006527629742597
census_geographies/2020_tracts.shp, study_areas/definitions/cbsa_29620_march_2020.shp, 1168.828675420629, 0.6425742135570001, 0.0005497591110397385
census_geographies/2020_tracts.shp, study_areas/definitions/cbsa_29700_march_2020.shp, 1168.828675420629, 0.8003336524245019, 0.0006847313633338813
census_geographies/2020_tracts.shp, study_areas/definitions/cbsa_29740_march_2020.shp, 1168.828675420629, 0.9465988528729989, 0.0008098696351134132
census_geographies/2020_tracts.shp, study_areas/definitions/cbsa_29820_march_2020.shp, 1168.828675420629, 2.0925202357360138, 0.0017902711318944788
census_geographies/2020_tracts.shp, study_areas/definitions/cbsa_29940_march_2020.shp, 1168.828675420629, 0.1276234947245004, 0.00010918922285900648
census_geographies/2020_tracts.shp, study_areas/definitions/cbsa_30020_march_2020.shp, 1168.828675420629, 0.4388526957889999, 0.00037546366291113536
census_geographies/2020_tracts.shp, study_areas/definitions/cbsa_30140_march_2020.shp, 1168.828675420629, 0.09954858582399989, 8.51695273374219e-05
census_geographies/2020_tracts.shp, study_areas/definitions/cbsa_30300_march_2020.shp, 1168.828675420629, 0.452475512875, 0.00038711876461464004
census_geographies/2020_tracts.shp, study_areas/definitions/cbsa_30340_march_2020.shp, 1168.828675420629, 0.14487445364599957, 0.00012394840808800596
census_geographies/2020_tracts.shp, study_areas/definitions/cbsa_30460_march_2020.shp, 1168.828675420629, 0.3947978767344994, 0.0003377722373147823
census_geographies/2020_tracts.shp, study_areas/definitions/cbsa_30620_march_2020.shp, 1168.828675420629, 0.11239464696799967, 9.616006976176551e-05
census_geographies/2020_tracts.shp, study_areas/definitions/cbsa_30700_march_2020.shp, 1168.828675420629, 0.3931918473625008, 0.0003363981870319891
census_geographies/2020_tracts.shp, study_areas/definitions/cbsa_30780_march_2020.shp, 1168.828675420629, 1.0707648027560068, 0.0009161007299642682
census_geographies/2020_tracts.shp, study_areas/definitions/cbsa_30860_march_2020.shp, 1168.828675420629, 0.5171434361074999, 0.00044244588362909077
census_geographies/2020_tracts.shp, study_areas/definitions/cbsa_30980_march_2020.shp, 1168.828675420629, 0.6761439279745015, 0.0005784799279767637
census_geographies/2020_tracts.shp, study_areas/definitions/cbsa_31020_march_2020.shp, 1168.828675420629, 0.3520865257494998, 0.00030123022574099115
census_geographies/2020_tracts.shp, study_areas/definitions/cbsa_31080_march_2020.shp, 1168.828675420629, 1.4423338160645016, 0.0012339993417302547
census_geographies/2020_tracts.shp, study_areas/definitions/cbsa_31140_march_2020.shp, 1168.828675420629, 0.8780232602075, 0.0007511992806743245
census_geographies/2020_tracts.shp, study_areas/definitions/cbsa_31180_march_2020.shp, 1168.828675420629, 0.6772377495509997, 0.0005794157550996776
census_geographies/2020_tracts.shp, study_areas/definitions/cbsa_31340_march_2020.shp, 1168.828675420629, 0.5655816571605001, 0.0004838875611577231
census_geographies/2020_tracts.shp, study_areas/definitions/cbsa_31420_march_2020.shp, 1168.828675420629, 0.43355210274899897, 0.0003709287014138112
census_geographies/2020_tracts.shp, study_areas/definitions/cbsa_31460_march_2020.shp, 1168.828675420629, 0.5661621613774982, 0.00048438421582508846
census_geographies/2020_tracts.shp, study_areas/definitions/cbsa_31540_march_2020.shp, 1168.828675420629, 0.9693924771750025, 0.0008293708886173117
census_geographies/2020_tracts.shp, study_areas/definitions/cbsa_31700_march_2020.shp, 1168.828675420629, 0.2548275671855004, 0.00021801960590485603
census_geographies/2020_tracts.shp, study_areas/definitions/cbsa_31740_march_2020.shp, 1168.828675420629, 0.5104842960915021, 0.00043674860723945966
census_geographies/2020_tracts.shp, study_areas/definitions/cbsa_31860_march_2020.shp, 1168.828675420629, 0.3591257181020005, 0.00030725265871215995
census_geographies/2020_tracts.shp, study_areas/definitions/cbsa_31900_march_2020.shp, 1168.828675420629, 0.13815535275399987, 0.00011819983172835967
census_geographies/2020_tracts.shp, study_areas/definitions/cbsa_32420_march_2020.shp, 1168.828675420629, 0.07342168655800033, 6.281646583625945e-05
census_geographies/2020_tracts.shp, study_areas/definitions/cbsa_32580_march_2020.shp, 1168.828675420629, 0.3708319374329999, 0.0003172680010605898
census_geographies/2020_tracts.shp, study_areas/definitions/cbsa_32780_march_2020.shp, 1168.828675420629, 0.7937534024850011, 0.0006791015819314592
census_geographies/2020_tracts.shp, study_areas/definitions/cbsa_32820_march_2020.shp, 1168.828675420629, 1.2002322565414998, 0.0010268675656075683
census_geographies/2020_tracts.shp, study_areas/definitions/cbsa_32900_march_2020.shp, 1168.828675420629, 0.5200776792795009, 0.00044495629703158963
census_geographies/2020_tracts.shp, study_areas/definitions/cbsa_33100_march_2020.shp, 1168.828675420629, 1.421558554703503, 0.0012162249135374125
census_geographies/2020_tracts.shp, study_areas/definitions/cbsa_33140_march_2020.shp, 1168.828675420629, 0.17140712177849876, 0.00014664862813775005
census_geographies/2020_tracts.shp, study_areas/definitions/cbsa_33220_march_2020.shp, 1168.828675420629, 0.1525759274290002, 0.00013053746082512251
census_geographies/2020_tracts.shp, study_areas/definitions/cbsa_33260_march_2020.shp, 1168.828675420629, 0.4497405383304996, 0.00038477883695713615
census_geographies/2020_tracts.shp, study_areas/definitions/cbsa_33340_march_2020.shp, 1168.828675420629, 0.9525477776779978, 0.0008149592816374071
census_geographies/2020_tracts.shp, study_areas/definitions/cbsa_33460_march_2020.shp, 1168.828675420629, 2.2267964781220027, 0.001905152162117036
census_geographies/2020_tracts.shp, study_areas/definitions/cbsa_33540_march_2020.shp, 1168.828675420629, 0.8024746081125009, 0.0006865630737744457
census_geographies/2020_tracts.shp, study_areas/definitions/cbsa_33660_march_2020.shp, 1168.828675420629, 0.6682501908320007, 0.0005717263829033934
census_geographies/2020_tracts.shp, study_areas/definitions/cbsa_33700_march_2020.shp, 1168.828675420629, 0.39984379938199915, 0.0003420893136781629
census_geographies/2020_tracts.shp, study_areas/definitions/cbsa_33740_march_2020.shp, 1168.828675420629, 0.5838128777050003, 0.000499485416453273
census_geographies/2020_tracts.shp, study_areas/definitions/cbsa_33780_march_2020.shp, 1168.828675420629, 0.19113262295600036, 0.00016352492625766306
census_geographies/2020_tracts.shp, study_areas/definitions/cbsa_33860_march_2020.shp, 1168.828675420629, 0.6914328244309987, 0.0005915604561824865
census_geographies/2020_tracts.shp, study_areas/definitions/cbsa_34060_march_2020.shp, 1168.828675420629, 0.2760039245834996, 0.00023613719477251312
census_geographies/2020_tracts.shp, study_areas/definitions/cbsa_34100_march_2020.shp, 1168.828675420629, 0.20562723421700096, 0.0001759258979020184
census_geographies/2020_tracts.shp, study_areas/definitions/cbsa_34580_march_2020.shp, 1168.828675420629, 0.6039753339060004, 0.000516735554668563
census_geographies/2020_tracts.shp, study_areas/definitions/cbsa_34620_march_2020.shp, 1168.828675420629, 0.10850230556550017, 9.282994834675253e-05
census_geographies/2020_tracts.shp, study_areas/definitions/cbsa_34740_march_2020.shp, 1168.828675420629, 0.41940815997099995, 0.0003588277467782578
census_geographies/2020_tracts.shp, study_areas/definitions/cbsa_34820_march_2020.shp, 1168.828675420629, 0.5821583399335007, 0.000498069864451262
census_geographies/2020_tracts.shp, study_areas/definitions/cbsa_34900_march_2020.shp, 1168.828675420629, 0.21092739643650002, 0.0001804604908076824
census_geographies/2020_tracts.shp, study_areas/definitions/cbsa_34940_march_2020.shp, 1168.828675420629, 0.6088235569755, 0.0005208834876988291
census_geographies/2020_tracts.shp, study_areas/definitions/cbsa_34980_march_2020.shp, 1168.828675420629, 1.4948473255359984, 0.0012789276623437085
census_geographies/2020_tracts.shp, study_areas/definitions/cbsa_35100_march_2020.shp, 1168.828675420629, 0.4631010820124994, 0.00039620954871409376
census_geographies/2020_tracts.shp, study_areas/definitions/cbsa_35300_march_2020.shp, 1168.828675420629, 0.2402188855739991, 0.0002055210405302137
census_geographies/2020_tracts.shp, study_areas/definitions/cbsa_35380_march_2020.shp, 1168.828675420629, 1.9021336030939933, 0.0016273844431558527
census_geographies/2020_tracts.shp, study_areas/definitions/cbsa_35620_march_2020.shp, 1168.828675420629, 2.5449711392459933, 0.0021773688417852416
census_geographies/2020_tracts.shp, study_areas/definitions/cbsa_35660_march_2020.shp, 1168.828675420629, 0.4450606158485009, 0.0003807748947366781
census_geographies/2020_tracts.shp, study_areas/definitions/cbsa_35840_march_2020.shp, 1168.828675420629, 0.4580880385630008, 0.00039192060239123377
census_geographies/2020_tracts.shp, study_areas/definitions/cbsa_35980_march_2020.shp, 1168.828675420629, 0.2154952791699995, 0.00018436857659438302
census_geographies/2020_tracts.shp, study_areas/definitions/cbsa_36100_march_2020.shp, 1168.828675420629, 0.3995395578210004, 0.0003418290175651425
census_geographies/2020_tracts.shp, study_areas/definitions/cbsa_36140_march_2020.shp, 1168.828675420629, 0.1672576198050003, 0.00014309849109820047
census_geographies/2020_tracts.shp, study_areas/definitions/cbsa_36220_march_2020.shp, 1168.828675420629, 0.22260324749900012, 0.00019044985135985938
census_geographies/2020_tracts.shp, study_areas/definitions/cbsa_36260_march_2020.shp, 1168.828675420629, 2.4093184030659853, 0.002061310142137759
census_geographies/2020_tracts.shp, study_areas/definitions/cbsa_36420_march_2020.shp, 1168.828675420629, 1.4349058194525053, 0.0012276442644052368
census_geographies/2020_tracts.shp, study_areas/definitions/cbsa_36500_march_2020.shp, 1168.828675420629, 0.23681093000900064, 0.00020260533899356888
census_geographies/2020_tracts.shp, study_areas/definitions/cbsa_36540_march_2020.shp, 1168.828675420629, 1.2270011994834955, 0.0010497699323144445
census_geographies/2020_tracts.shp, study_areas/definitions/cbsa_36740_march_2020.shp, 1168.828675420629, 0.9569763874879922, 0.0008187482114464748
census_geographies/2020_tracts.shp, study_areas/definitions/cbsa_36780_march_2020.shp, 1168.828675420629, 0.1683384912065007, 0.00014402323860331401
census_geographies/2020_tracts.shp, study_areas/definitions/cbsa_36980_march_2020.shp, 1168.828675420629, 0.24651230586550046, 0.00021090542271029372
census_geographies/2020_tracts.shp, study_areas/definitions/cbsa_37100_march_2020.shp, 1168.828675420629, 0.5600245892330004, 0.0004791331706774417
census_geographies/2020_tracts.shp, study_areas/definitions/cbsa_37340_march_2020.shp, 1168.828675420629, 0.37097945560350026, 0.00031739421132014495
census_geographies/2020_tracts.shp, study_areas/definitions/cbsa_37460_march_2020.shp, 1168.828675420629, 0.3556366492734994, 0.00030426756012425486
census_geographies/2020_tracts.shp, study_areas/definitions/cbsa_37620_march_2020.shp, 1168.828675420629, 0.16501547771000005, 0.00014118020988030224
census_geographies/2020_tracts.shp, study_areas/definitions/cbsa_37860_march_2020.shp, 1168.828675420629, 0.5719960413789994, 0.0004893754349183416
census_geographies/2020_tracts.shp, study_areas/definitions/cbsa_37900_march_2020.shp, 1168.828675420629, 0.9385728842614999, 0.0008030029584307842
census_geographies/2020_tracts.shp, study_areas/definitions/cbsa_37980_march_2020.shp, 1168.828675420629, 1.3283992413495014, 0.0011365217754188374
census_geographies/2020_tracts.shp, study_areas/definitions/cbsa_38060_march_2020.shp, 1168.828675420629, 3.6562861109285, 0.0031281625680621705
census_geographies/2020_tracts.shp, study_areas/definitions/cbsa_38220_march_2020.shp, 1168.828675420629, 0.5273655439004987, 0.00045119148339744017
census_geographies/2020_tracts.shp, study_areas/definitions/cbsa_38300_march_2020.shp, 1168.828675420629, 1.4689658190820019, 0.0012567845484740198
census_geographies/2020_tracts.shp, study_areas/definitions/cbsa_38340_march_2020.shp, 1168.828675420629, 0.2679172020079994, 0.00022921853958757766
census_geographies/2020_tracts.shp, study_areas/definitions/cbsa_38540_march_2020.shp, 1168.828675420629, 0.7368308847485003, 0.0006304011017554265
census_geographies/2020_tracts.shp, study_areas/definitions/cbsa_38660_march_2020.shp, 1168.828675420629, 0.08947818733200019, 7.655372358125922e-05
census_geographies/2020_tracts.shp, study_areas/definitions/cbsa_38860_march_2020.shp, 1168.828675420629, 0.825627970254001, 0.0007063721036420332
census_geographies/2020_tracts.shp, study_areas/definitions/cbsa_38900_march_2020.shp, 1168.828675420629, 2.0383015959479707, 0.0017438839744536919
census_geographies/2020_tracts.shp, study_areas/definitions/cbsa_38940_march_2020.shp, 1168.828675420629, 0.34001840520450216, 0.00029090525613785013
census_geographies/2020_tracts.shp, study_areas/definitions/cbsa_39100_march_2020.shp, 1168.828675420629, 0.46531314569200005, 0.0003981020961216123
census_geographies/2020_tracts.shp, study_areas/definitions/cbsa_39150_march_2020.shp, 1168.828675420629, 2.068615456896499, 0.0017698192219249428
census_geographies/2020_tracts.shp, study_areas/definitions/cbsa_39300_march_2020.shp, 1168.828675420629, 0.6259168879165004, 0.0005355078131457121
census_geographies/2020_tracts.shp, study_areas/definitions/cbsa_39340_march_2020.shp, 1168.828675420629, 1.5130905771959926, 0.001294535810948917
census_geographies/2020_tracts.shp, study_areas/definitions/cbsa_39380_march_2020.shp, 1168.828675420629, 0.6384925399864995, 0.0005462670050909931
census_geographies/2020_tracts.shp, study_areas/definitions/cbsa_39460_march_2020.shp, 1168.828675420629, 0.22287657631300015, 0.00019068369984402808
census_geographies/2020_tracts.shp, study_areas/definitions/cbsa_39540_march_2020.shp, 1168.828675420629, 0.22558894138650112, 0.0001930042838017453
census_geographies/2020_tracts.shp, study_areas/definitions/cbsa_39580_march_2020.shp, 1168.828675420629, 0.5542154063600006, 0.0004741630813947594
census_geographies/2020_tracts.shp, study_areas/definitions/cbsa_39660_march_2020.shp, 1168.828675420629, 1.8311432622664994, 0.0015666481331042992
census_geographies/2020_tracts.shp, study_areas/definitions/cbsa_39740_march_2020.shp, 1168.828675420629, 0.23792146195300024, 0.00020355546279473243
census_geographies/2020_tracts.shp, study_areas/definitions/cbsa_39820_march_2020.shp, 1168.828675420629, 1.062748165029002, 0.0009092420363887363
census_geographies/2020_tracts.shp, study_areas/definitions/cbsa_39900_march_2020.shp, 1168.828675420629, 1.8759686656389998, 0.001604998837801349
census_geographies/2020_tracts.shp, study_areas/definitions/cbsa_40060_march_2020.shp, 1168.828675420629, 1.1841446550814996, 0.0010131036994411168
census_geographies/2020_tracts.shp, study_areas/definitions/cbsa_40140_march_2020.shp, 1168.828675420629, 6.972489223967989, 0.005965364617238522
census_geographies/2020_tracts.shp, study_areas/definitions/cbsa_40220_march_2020.shp, 1168.828675420629, 0.49882397326999994, 0.0004267725319884773
census_geographies/2020_tracts.shp, study_areas/definitions/cbsa_40340_march_2020.shp, 1168.828675420629, 0.7277703728759987, 0.0006226493139502197
census_geographies/2020_tracts.shp, study_areas/definitions/cbsa_40380_march_2020.shp, 1168.828675420629, 1.5034588426460063, 0.0012862953093659797
census_geographies/2020_tracts.shp, study_areas/definitions/cbsa_40420_march_2020.shp, 1168.828675420629, 0.22666535378900013, 0.0001939252163773528
census_geographies/2020_tracts.shp, study_areas/definitions/cbsa_40580_march_2020.shp, 1168.828675420629, 0.2715493039139992, 0.00023232601118061732
census_geographies/2020_tracts.shp, study_areas/definitions/cbsa_40660_march_2020.shp, 1168.828675420629, 0.13143949527399976, 0.00011245403029378821
census_geographies/2020_tracts.shp, study_areas/definitions/cbsa_40900_march_2020.shp, 1168.828675420629, 1.4248140294929996, 0.0012190101590211658
census_geographies/2020_tracts.shp, study_areas/definitions/cbsa_40980_march_2020.shp, 1168.828675420629, 0.23456160102599935, 0.0002006809089805973
census_geographies/2020_tracts.shp, study_areas/definitions/cbsa_41060_march_2020.shp, 1168.828675420629, 0.5384121284464997, 0.00046064247033701503
census_geographies/2020_tracts.shp, study_areas/definitions/cbsa_41100_march_2020.shp, 1168.828675420629, 0.6395656668300005, 0.0005471851266823502
census_geographies/2020_tracts.shp, study_areas/definitions/cbsa_41140_march_2020.shp, 1168.828675420629, 0.45662549220799986, 0.0003906693100626343
census_geographies/2020_tracts.shp, study_areas/definitions/cbsa_41180_march_2020.shp, 1168.828675420629, 2.1687061967205037, 0.001855452593118531
census_geographies/2020_tracts.shp, study_areas/definitions/cbsa_41420_march_2020.shp, 1168.828675420629, 0.5711236599404973, 0.0004886290625398678
census_geographies/2020_tracts.shp, study_areas/definitions/cbsa_41500_march_2020.shp, 1168.828675420629, 0.9792525307709996, 0.0008378067302452122
census_geographies/2020_tracts.shp, study_areas/definitions/cbsa_41540_march_2020.shp, 1168.828675420629, 0.7751268230220004, 0.0006631654743951707
census_geographies/2020_tracts.shp, study_areas/definitions/cbsa_41620_march_2020.shp, 1168.828675420629, 2.2255145656909936, 0.001904055412475308
census_geographies/2020_tracts.shp, study_areas/definitions/cbsa_41660_march_2020.shp, 1168.828675420629, 0.8643097154700013, 0.000739466556258949
census_geographies/2020_tracts.shp, study_areas/definitions/cbsa_41700_march_2020.shp, 1168.828675420629, 1.7749735858939995, 0.0015185917519137146
census_geographies/2020_tracts.shp, study_areas/definitions/cbsa_41740_march_2020.shp, 1168.828675420629, 1.1313333252449984, 0.0009679205764162682
census_geographies/2020_tracts.shp, study_areas/definitions/cbsa_41860_march_2020.shp, 1168.828675420629, 0.9074753855909984, 0.0007763972639227243
census_geographies/2020_tracts.shp, study_areas/definitions/cbsa_41900_march_2020.shp, 1168.828675420629, 0.08162993498200002, 6.983909335782139e-05
census_geographies/2020_tracts.shp, study_areas/definitions/cbsa_41940_march_2020.shp, 1168.828675420629, 0.7056737583274993, 0.0006037443922853338
census_geographies/2020_tracts.shp, study_areas/definitions/cbsa_41980_march_2020.shp, 1168.828675420629, 0.4429011081150002, 0.00037892731195665814
census_geographies/2020_tracts.shp, study_areas/definitions/cbsa_42020_march_2020.shp, 1168.828675420629, 0.9290327417954992, 0.000794840819131312
census_geographies/2020_tracts.shp, study_areas/definitions/cbsa_42100_march_2020.shp, 1168.828675420629, 0.15923593485999998, 0.0001362354793380607
census_geographies/2020_tracts.shp, study_areas/definitions/cbsa_42140_march_2020.shp, 1168.828675420629, 0.49183208193950007, 0.0004207905677557948
census_geographies/2020_tracts.shp, study_areas/definitions/cbsa_42200_march_2020.shp, 1168.828675420629, 0.9633628968150014, 0.0008242122366379435
census_geographies/2020_tracts.shp, study_areas/definitions/cbsa_42220_march_2020.shp, 1168.828675420629, 0.47303324107649997, 0.0004047070807073316
census_geographies/2020_tracts.shp, study_areas/definitions/cbsa_42340_march_2020.shp, 1168.828675420629, 0.387864219997, 0.00033184009611795194
census_geographies/2020_tracts.shp, study_areas/definitions/cbsa_42540_march_2020.shp, 1168.828675420629, 0.49475060168999957, 0.00042328752886897867
census_geographies/2020_tracts.shp, study_areas/definitions/cbsa_42660_march_2020.shp, 1168.828675420629, 1.952734067578003, 0.0016706760440107
census_geographies/2020_tracts.shp, study_areas/definitions/cbsa_42680_march_2020.shp, 1168.828675420629, 0.14617894329549944, 0.00012506447383564892
census_geographies/2020_tracts.shp, study_areas/definitions/cbsa_42700_march_2020.shp, 1168.828675420629, 0.2614207035315001, 0.0002236604123674687
census_geographies/2020_tracts.shp, study_areas/definitions/cbsa_43100_march_2020.shp, 1168.828675420629, 0.3677439786474991, 0.00031462607513043625
census_geographies/2020_tracts.shp, study_areas/definitions/cbsa_43300_march_2020.shp, 1168.828675420629, 0.24642786464399943, 0.00021083317840000536
census_geographies/2020_tracts.shp, study_areas/definitions/cbsa_43340_march_2020.shp, 1168.828675420629, 0.6702084153305028, 0.0005734017563261044
census_geographies/2020_tracts.shp, study_areas/definitions/cbsa_43420_march_2020.shp, 1168.828675420629, 1.5346778593574992, 0.001313004969530895
census_geographies/2020_tracts.shp, study_areas/definitions/cbsa_43580_march_2020.shp, 1168.828675420629, 0.5944022655700006, 0.0005085452453979979
census_geographies/2020_tracts.shp, study_areas/definitions/cbsa_43620_march_2020.shp, 1168.828675420629, 0.7454345037830008, 0.0006377619915209042
census_geographies/2020_tracts.shp, study_areas/definitions/cbsa_43780_march_2020.shp, 1168.828675420629, 0.2719648485415002, 0.00023268153345367543
census_geographies/2020_tracts.shp, study_areas/definitions/cbsa_43900_march_2020.shp, 1168.828675420629, 0.20947302353150077, 0.00017921619133455744
census_geographies/2020_tracts.shp, study_areas/definitions/cbsa_44060_march_2020.shp, 1168.828675420629, 1.3508892186810035, 0.001155763241516004
census_geographies/2020_tracts.shp, study_areas/definitions/cbsa_44100_march_2020.shp, 1168.828675420629, 0.32492348804649995, 0.0002779906883526527
census_geographies/2020_tracts.shp, study_areas/definitions/cbsa_44140_march_2020.shp, 1168.828675420629, 0.5389093631645006, 0.00046106788316992826
census_geographies/2020_tracts.shp, study_areas/definitions/cbsa_44180_march_2020.shp, 1168.828675420629, 0.795733879286999, 0.0006807959934766628
census_geographies/2020_tracts.shp, study_areas/definitions/cbsa_44220_march_2020.shp, 1168.828675420629, 0.10981939311199972, 9.395679231815456e-05
census_geographies/2020_tracts.shp, study_areas/definitions/cbsa_44300_march_2020.shp, 1168.828675420629, 0.30815496103700013, 0.0002636442513066371
census_geographies/2020_tracts.shp, study_areas/definitions/cbsa_44420_march_2020.shp, 1168.828675420629, 0.2678037242694996, 0.00022912145287086192
census_geographies/2020_tracts.shp, study_areas/definitions/cbsa_44700_march_2020.shp, 1168.828675420629, 0.37870626200000024, 0.0003240049375617127
census_geographies/2020_tracts.shp, study_areas/definitions/cbsa_44940_march_2020.shp, 1168.828675420629, 0.34737548403050084, 0.0002971996592276366
census_geographies/2020_tracts.shp, study_areas/definitions/cbsa_45060_march_2020.shp, 1168.828675420629, 0.7971325192665023, 0.0006819926102340332
census_geographies/2020_tracts.shp, study_areas/definitions/cbsa_45220_march_2020.shp, 1168.828675420629, 0.6852039548790011, 0.0005862313008640169
census_geographies/2020_tracts.shp, study_areas/definitions/cbsa_45300_march_2020.shp, 1168.828675420629, 0.9335776688940003, 0.0007987292650550618
census_geographies/2020_tracts.shp, study_areas/definitions/cbsa_45460_march_2020.shp, 1168.828675420629, 0.5246078138449998, 0.0004488320870945504
census_geographies/2020_tracts.shp, study_areas/definitions/cbsa_45500_march_2020.shp, 1168.828675420629, 0.5337403870810009, 0.00045664552753116067
census_geographies/2020_tracts.shp, study_areas/definitions/cbsa_45540_march_2020.shp, 1168.828675420629, 0.13866832517050018, 0.00011863870906537889
census_geographies/2020_tracts.shp, study_areas/definitions/cbsa_45780_march_2020.shp, 1168.828675420629, 0.6173739575385013, 0.0005281988460082275
census_geographies/2020_tracts.shp, study_areas/definitions/cbsa_45820_march_2020.shp, 1168.828675420629, 0.8865930083700019, 0.0007585311919652739
census_geographies/2020_tracts.shp, study_areas/definitions/cbsa_45940_march_2020.shp, 1168.828675420629, 0.06277075228599983, 5.3703980408771525e-05
census_geographies/2020_tracts.shp, study_areas/definitions/cbsa_46060_march_2020.shp, 1168.828675420629, 2.274165108149497, 0.0019456787431494937
census_geographies/2020_tracts.shp, study_areas/definitions/cbsa_46140_march_2020.shp, 1168.828675420629, 1.6777182824295034, 0.0014353842592249365
census_geographies/2020_tracts.shp, study_areas/definitions/cbsa_46220_march_2020.shp, 1168.828675420629, 0.8901700986834982, 0.0007615915979843244
census_geographies/2020_tracts.shp, study_areas/definitions/cbsa_46300_march_2020.shp, 1168.828675420629, 0.7172602523080008, 0.0006136573027264913
census_geographies/2020_tracts.shp, study_areas/definitions/cbsa_46340_march_2020.shp, 1168.828675420629, 0.23570571507, 0.00020165976419527529
census_geographies/2020_tracts.shp, study_areas/definitions/cbsa_46520_march_2020.shp, 1168.828675420629, 0.4973221809015007, 0.0004254876624433673
census_geographies/2020_tracts.shp, study_areas/definitions/cbsa_46540_march_2020.shp, 1168.828675420629, 0.7806944169494995, 0.0006679288704724405
census_geographies/2020_tracts.shp, study_areas/definitions/cbsa_46660_march_2020.shp, 1168.828675420629, 0.39773692333949995, 0.0003402867603298366
census_geographies/2020_tracts.shp, study_areas/definitions/cbsa_46700_march_2020.shp, 1168.828675420629, 0.2416235361535005, 0.0002067227997007747
census_geographies/2020_tracts.shp, study_areas/definitions/cbsa_47020_march_2020.shp, 1168.828675420629, 0.41818158789450166, 0.0003577783439852806
census_geographies/2020_tracts.shp, study_areas/definitions/cbsa_47220_march_2020.shp, 1168.828675420629, 0.18339651318850023, 0.00015690624044837102
census_geographies/2020_tracts.shp, study_areas/definitions/cbsa_47260_march_2020.shp, 1168.828675420629, 1.2694942515650027, 0.0010861251766501596
census_geographies/2020_tracts.shp, study_areas/definitions/cbsa_47300_march_2020.shp, 1168.828675420629, 1.2560177909109989, 0.0010745952912722585
census_geographies/2020_tracts.shp, study_areas/definitions/cbsa_47380_march_2020.shp, 1168.828675420629, 0.4506213343975001, 0.00038553240853312737
census_geographies/2020_tracts.shp, study_areas/definitions/cbsa_47460_march_2020.shp, 1168.828675420629, 0.392350421953, 0.0003356782993126037
census_geographies/2020_tracts.shp, study_areas/definitions/cbsa_47580_march_2020.shp, 1168.828675420629, 0.13200593657949952, 0.00011293865333342738
census_geographies/2020_tracts.shp, study_areas/definitions/cbsa_47900_march_2020.shp, 1168.828675420629, 1.8808856703579953, 0.0016092056174794964
census_geographies/2020_tracts.shp, study_areas/definitions/cbsa_47940_march_2020.shp, 1168.828675420629, 0.4296872976799993, 0.00036762213891216076
census_geographies/2020_tracts.shp, study_areas/definitions/cbsa_48060_march_2020.shp, 1168.828675420629, 0.539777730607998, 0.0004618108213453499
census_geographies/2020_tracts.shp, study_areas/definitions/cbsa_48140_march_2020.shp, 1168.828675420629, 0.7347215630430024, 0.0006285964560020711
census_geographies/2020_tracts.shp, study_areas/definitions/cbsa_48260_march_2020.shp, 1168.828675420629, 0.1624832714449999, 0.0001390137621208914
census_geographies/2020_tracts.shp, study_areas/definitions/cbsa_48300_march_2020.shp, 1168.828675420629, 1.5065302894470005, 0.001288923108345919
census_geographies/2020_tracts.shp, study_areas/definitions/cbsa_48540_march_2020.shp, 1168.828675420629, 0.2628061253255002, 0.00022484572020867264
census_geographies/2020_tracts.shp, study_areas/definitions/cbsa_48620_march_2020.shp, 1168.828675420629, 1.105512080732501, 0.0009458290200954027
census_geographies/2020_tracts.shp, study_areas/definitions/cbsa_48660_march_2020.shp, 1168.828675420629, 0.6743930370464991, 0.0005769819403205553
census_geographies/2020_tracts.shp, study_areas/definitions/cbsa_48700_march_2020.shp, 1168.828675420629, 0.3466016008919994, 0.00029653755779671223
census_geographies/2020_tracts.shp, study_areas/definitions/cbsa_48900_march_2020.shp, 1168.828675420629, 0.3208196770345006, 0.0002744796425524438
census_geographies/2020_tracts.shp, study_areas/definitions/cbsa_49020_march_2020.shp, 1168.828675420629, 0.28905789661500003, 0.0002473056168911805
census_geographies/2020_tracts.shp, study_areas/definitions/cbsa_49180_march_2020.shp, 1168.828675420629, 0.5287599182955001, 0.00045238445070250696
census_geographies/2020_tracts.shp, study_areas/definitions/cbsa_49340_march_2020.shp, 1168.828675420629, 0.5931960614554997, 0.0005075132685652369
census_geographies/2020_tracts.shp, study_areas/definitions/cbsa_49420_march_2020.shp, 1168.828675420629, 1.3073150728349985, 0.0011184830594308717
census_geographies/2020_tracts.shp, study_areas/definitions/cbsa_49500_march_2020.shp, 1168.828675420629, 0.06185320342749991, 5.291896471075255e-05
census_geographies/2020_tracts.shp, study_areas/definitions/cbsa_49620_march_2020.shp, 1168.828675420629, 0.2484887215694998, 0.00021259635975313116
census_geographies/2020_tracts.shp, study_areas/definitions/cbsa_49660_march_2020.shp, 1168.828675420629, 0.4852475793689997, 0.00041515714798353367
census_geographies/2020_tracts.shp, study_areas/definitions/cbsa_49700_march_2020.shp, 1168.828675420629, 0.33803198907299925, 0.00028920576315545214
census_geographies/2020_tracts.shp, study_areas/definitions/cbsa_49740_march_2020.shp, 1168.828675420629, 1.375660361716503, 0.001176956375767767
census_geographies/2010_tracts.shp, study_areas/definitions/cbsa_10180_march_2020.shp, 1167.3652671522025, 0.6849782124275036, 0.0005867728222705424
census_geographies/2010_tracts.shp, study_areas/definitions/cbsa_10380_march_2020.shp, 1167.3652671522025, 0.13518799901399936, 0.00011580608299559198
census_geographies/2010_tracts.shp, study_areas/definitions/cbsa_10420_march_2020.shp, 1167.3652671522025, 0.25673357637649996, 0.00021992565960335936
census_geographies/2010_tracts.shp, study_areas/definitions/cbsa_10500_march_2020.shp, 1167.3652671522025, 0.39618393179399974, 0.00033938300456762244
census_geographies/2010_tracts.shp, study_areas/definitions/cbsa_10540_march_2020.shp, 1167.3652671522025, 0.6765582464645014, 0.0005795600276124122
census_geographies/2010_tracts.shp, study_areas/definitions/cbsa_10580_march_2020.shp, 1167.3652671522025, 0.8201549999649995, 0.0007025693011800622
census_geographies/2010_tracts.shp, study_areas/definitions/cbsa_10740_march_2020.shp, 1167.3652671522025, 2.381220764376493, 0.0020398249214536777
census_geographies/2010_tracts.shp, study_areas/definitions/cbsa_10780_march_2020.shp, 1167.3652671522025, 0.49734556230400107, 0.00042604108268295477
census_geographies/2010_tracts.shp, study_areas/definitions/cbsa_10900_march_2020.shp, 1167.3652671522025, 0.40782815431800135, 0.000349357793823095
census_geographies/2010_tracts.shp, study_areas/definitions/cbsa_11020_march_2020.shp, 1167.3652671522025, 0.14498322434949992, 0.0001241969659618088
census_geographies/2010_tracts.shp, study_areas/definitions/cbsa_11100_march_2020.shp, 1167.3652671522025, 1.3296808480735, 0.0011390443809565004
census_geographies/2010_tracts.shp, study_areas/definitions/cbsa_11180_march_2020.shp, 1167.3652671522025, 0.3230801628220004, 0.0002767601297665445
census_geographies/2010_tracts.shp, study_areas/definitions/cbsa_11260_march_2020.shp, 1167.3652671522025, 12.161870133172986, 0.010418221678671296
census_geographies/2010_tracts.shp, study_areas/definitions/cbsa_11460_march_2020.shp, 1167.3652671522025, 0.2041230062730001, 0.00017485787183900024
census_geographies/2010_tracts.shp, study_areas/definitions/cbsa_11500_march_2020.shp, 1167.3652671522025, 0.15434453043100044, 0.00013221614071791364
census_geographies/2010_tracts.shp, study_areas/definitions/cbsa_11540_march_2020.shp, 1167.3652671522025, 0.30419766274249993, 0.00026058481548332573
census_geographies/2010_tracts.shp, study_areas/definitions/cbsa_11640_march_2020.shp, 1167.3652671522025, 0.07227015403749976, 6.190877531743206e-05
census_geographies/2010_tracts.shp, study_areas/definitions/cbsa_11700_march_2020.shp, 1167.3652671522025, 0.5258794365324985, 0.0004504840527039029
census_geographies/2010_tracts.shp, study_areas/definitions/cbsa_12020_march_2020.shp, 1167.3652671522025, 0.26144361152400053, 0.00022396041657277884
census_geographies/2010_tracts.shp, study_areas/definitions/cbsa_12060_march_2020.shp, 1167.3652671522025, 2.2253320322930006, 0.0019062859714181124
census_geographies/2010_tracts.shp, study_areas/definitions/cbsa_12100_march_2020.shp, 1167.3652671522025, 0.18212836665649934, 0.0001560166057542581
census_geographies/2010_tracts.shp, study_areas/definitions/cbsa_12220_march_2020.shp, 1167.3652671522025, 0.15322076510700042, 0.00013125348973315248
census_geographies/2010_tracts.shp, study_areas/definitions/cbsa_12260_march_2020.shp, 1167.3652671522025, 0.8998102878905009, 0.000770804403051665
census_geographies/2010_tracts.shp, study_areas/definitions/cbsa_12420_march_2020.shp, 1167.3652671522025, 1.039147594035504, 0.0008901649066281656
census_geographies/2010_tracts.shp, study_areas/definitions/cbsa_12540_march_2020.shp, 1167.3652671522025, 2.0961757562964975, 0.0017956468427488307
census_geographies/2010_tracts.shp, study_areas/definitions/cbsa_12580_march_2020.shp, 1167.3652671522025, 0.8398258847260057, 0.0007194199693595203
census_geographies/2010_tracts.shp, study_areas/definitions/cbsa_12620_march_2020.shp, 1167.3652671522025, 1.0587520853119987, 0.0009069587001631746
census_geographies/2010_tracts.shp, study_areas/definitions/cbsa_12700_march_2020.shp, 1167.3652671522025, 0.3661536736650003, 0.000313658187345453
census_geographies/2010_tracts.shp, study_areas/definitions/cbsa_12940_march_2020.shp, 1167.3652671522025, 1.1145808708420033, 0.000954783307508397
census_geographies/2010_tracts.shp, study_areas/definitions/cbsa_12980_march_2020.shp, 1167.3652671522025, 0.20295285300500002, 0.00017385548355409376
census_geographies/2010_tracts.shp, study_areas/definitions/cbsa_13020_march_2020.shp, 1167.3652671522025, 0.1824561439680004, 0.00015629738960205977
census_geographies/2010_tracts.shp, study_areas/definitions/cbsa_13140_march_2020.shp, 1167.3652671522025, 0.5791247195509996, 0.0004960955545334832
census_geographies/2010_tracts.shp, study_areas/definitions/cbsa_13220_march_2020.shp, 1167.3652671522025, 0.3390137825974995, 0.00029040934498978754
census_geographies/2010_tracts.shp, study_areas/definitions/cbsa_13380_march_2020.shp, 1167.3652671522025, 0.7941252868595019, 0.000680271470468517
census_geographies/2010_tracts.shp, study_areas/definitions/cbsa_13460_march_2020.shp, 1167.3652671522025, 0.8865352232289997, 0.0007594325856479438
census_geographies/2010_tracts.shp, study_areas/definitions/cbsa_13740_march_2020.shp, 1167.3652671522025, 1.9475855078094972, 0.0016683599920362961
census_geographies/2010_tracts.shp, study_areas/definitions/cbsa_13780_march_2020.shp, 1167.3652671522025, 0.3494304747854997, 0.00029933259504793933
census_geographies/2010_tracts.shp, study_areas/definitions/cbsa_13820_march_2020.shp, 1167.3652671522025, 1.1458571445705013, 0.000981575498957434
census_geographies/2010_tracts.shp, study_areas/definitions/cbsa_13900_march_2020.shp, 1167.3652671522025, 1.3281016355639994, 0.0011376915802916723
census_geographies/2010_tracts.shp, study_areas/definitions/cbsa_13980_march_2020.shp, 1167.3652671522025, 0.28634484486000045, 0.0002452915577645557
census_geographies/2010_tracts.shp, study_areas/definitions/cbsa_14010_march_2020.shp, 1167.3652671522025, 0.3263603633489992, 0.00027957004763826674
census_geographies/2010_tracts.shp, study_areas/definitions/cbsa_14020_march_2020.shp, 1167.3652671522025, 0.21593079120900002, 0.00018497277354821858
census_geographies/2010_tracts.shp, study_areas/definitions/cbsa_14100_march_2020.shp, 1167.3652671522025, 0.1726659465774994, 0.00014791081372389934
census_geographies/2010_tracts.shp, study_areas/definitions/cbsa_14260_march_2020.shp, 1167.3652671522025, 3.384373026512497, 0.002899155150271606
census_geographies/2010_tracts.shp, study_areas/definitions/cbsa_14460_march_2020.shp, 1167.3652671522025, 1.2803686156014975, 0.0010968020478499996
census_geographies/2010_tracts.shp, study_areas/definitions/cbsa_14500_march_2020.shp, 1167.3652671522025, 0.2025107077859999, 0.00017347672873635044
census_geographies/2010_tracts.shp, study_areas/definitions/cbsa_14540_march_2020.shp, 1167.3652671522025, 0.4299214548000002, 0.00036828357575585343
census_geographies/2010_tracts.shp, study_areas/definitions/cbsa_14740_march_2020.shp, 1167.3652671522025, 0.17543780030250017, 0.00015028526652200488
census_geographies/2010_tracts.shp, study_areas/definitions/cbsa_14860_march_2020.shp, 1167.3652671522025, 0.23281125448800025, 0.0001994330832336183
census_geographies/2010_tracts.shp, study_areas/definitions/cbsa_15180_march_2020.shp, 1167.3652671522025, 0.29843515426149964, 0.00025564847838032285
census_geographies/2010_tracts.shp, study_areas/definitions/cbsa_15260_march_2020.shp, 1167.3652671522025, 0.3941631639424997, 0.0003376519543913312
census_geographies/2010_tracts.shp, study_areas/definitions/cbsa_15380_march_2020.shp, 1167.3652671522025, 0.6770409559865009, 0.0005799735310252532
census_geographies/2010_tracts.shp, study_areas/definitions/cbsa_15500_march_2020.shp, 1167.3652671522025, 0.11260826809149954, 9.646361019992343e-05
census_geographies/2010_tracts.shp, study_areas/definitions/cbsa_15540_march_2020.shp, 1167.3652671522025, 0.44275512658850136, 0.0003792772828239153
census_geographies/2010_tracts.shp, study_areas/definitions/cbsa_15680_march_2020.shp, 1167.3652671522025, 0.20362567146099955, 0.00017443183996534872
census_geographies/2010_tracts.shp, study_areas/definitions/cbsa_15940_march_2020.shp, 1167.3652671522025, 0.2703704603210003, 0.00023160742222575403
census_geographies/2010_tracts.shp, study_areas/definitions/cbsa_15980_march_2020.shp, 1167.3652671522025, 0.28447256788200004, 0.00024368770931139085
census_geographies/2010_tracts.shp, study_areas/definitions/cbsa_16020_march_2020.shp, 1167.3652671522025, 0.3844493585125001, 0.00032933081815117525
census_geographies/2010_tracts.shp, study_areas/definitions/cbsa_16060_march_2020.shp, 1167.3652671522025, 0.36921507490100053, 0.00031628067520091964
census_geographies/2010_tracts.shp, study_areas/definitions/cbsa_16180_march_2020.shp, 1167.3652671522025, 0.042437875567499735, 3.63535533920992e-05
census_geographies/2010_tracts.shp, study_areas/definitions/cbsa_16220_march_2020.shp, 1167.3652671522025, 1.5360723497964994, 0.0013158455138414054
census_geographies/2010_tracts.shp, study_areas/definitions/cbsa_16300_march_2020.shp, 1167.3652671522025, 0.5693241750239997, 0.000487700114988748
census_geographies/2010_tracts.shp, study_areas/definitions/cbsa_16540_march_2020.shp, 1167.3652671522025, 0.21088175676599993, 0.0001806476196438907
census_geographies/2010_tracts.shp, study_areas/definitions/cbsa_16580_march_2020.shp, 1167.3652671522025, 0.3933322780485009, 0.0003369401926853952
census_geographies/2010_tracts.shp, study_areas/definitions/cbsa_16620_march_2020.shp, 1167.3652671522025, 0.7122579414975004, 0.0006101414540412529
census_geographies/2010_tracts.shp, study_areas/definitions/cbsa_16700_march_2020.shp, 1167.3652671522025, 0.7905730864884982, 0.0006772285493957757
census_geographies/2010_tracts.shp, study_areas/definitions/cbsa_16740_march_2020.shp, 1167.3652671522025, 1.4647578536394972, 0.0012547553836450749
census_geographies/2010_tracts.shp, study_areas/definitions/cbsa_16820_march_2020.shp, 1167.3652671522025, 0.4401103043500002, 0.00037701164899625036
census_geographies/2010_tracts.shp, study_areas/definitions/cbsa_16860_march_2020.shp, 1167.3652671522025, 0.5470654640440005, 0.0004686326374765041
census_geographies/2010_tracts.shp, study_areas/definitions/cbsa_16940_march_2020.shp, 1167.3652671522025, 0.748428979789501, 0.000641126647202122
census_geographies/2010_tracts.shp, study_areas/definitions/cbsa_16980_march_2020.shp, 1167.3652671522025, 2.6886464186380024, 0.002303174931011078
census_geographies/2010_tracts.shp, study_areas/definitions/cbsa_17020_march_2020.shp, 1167.3652671522025, 0.4559419422865006, 0.0003905735035262569
census_geographies/2010_tracts.shp, study_areas/definitions/cbsa_17140_march_2020.shp, 1167.3652671522025, 1.2489610423459998, 0.0010698973812993862
census_geographies/2010_tracts.shp, study_areas/definitions/cbsa_17300_march_2020.shp, 1167.3652671522025, 0.585573351929499, 0.0005016196458868527
census_geographies/2010_tracts.shp, study_areas/definitions/cbsa_17420_march_2020.shp, 1167.3652671522025, 0.19820549338399962, 0.00016978875332441886
census_geographies/2010_tracts.shp, study_areas/definitions/cbsa_17460_march_2020.shp, 1167.3652671522025, 1.112996516743499, 0.0009534261024046599
census_geographies/2010_tracts.shp, study_areas/definitions/cbsa_17660_march_2020.shp, 1167.3652671522025, 0.4081188625054996, 0.0003496068231506571
census_geographies/2010_tracts.shp, study_areas/definitions/cbsa_17780_march_2020.shp, 1167.3652671522025, 0.5205457870340036, 0.00044591508903111317
census_geographies/2010_tracts.shp, study_areas/definitions/cbsa_17820_march_2020.shp, 1167.3652671522025, 0.7224865179449994, 0.0006189035585301518
census_geographies/2010_tracts.shp, study_areas/definitions/cbsa_17860_march_2020.shp, 1167.3652671522025, 0.46627123523199904, 0.00039942188477945013
census_geographies/2010_tracts.shp, study_areas/definitions/cbsa_17900_march_2020.shp, 1167.3652671522025, 0.9700597903565034, 0.0008309822278017338
census_geographies/2010_tracts.shp, study_areas/definitions/cbsa_17980_march_2020.shp, 1167.3652671522025, 0.6997583464744997, 0.0005994339271216851
census_geographies/2010_tracts.shp, study_areas/definitions/cbsa_18020_march_2020.shp, 1167.3652671522025, 0.11060971153800003, 9.47515868857683e-05
census_geographies/2010_tracts.shp, study_areas/definitions/cbsa_18140_march_2020.shp, 1167.3652671522025, 1.3243009485090058, 0.0011344357980939842
census_geographies/2010_tracts.shp, study_areas/definitions/cbsa_18580_march_2020.shp, 1167.3652671522025, 0.4445270882039996, 0.0003807951981374495
census_geographies/2010_tracts.shp, study_areas/definitions/cbsa_18700_march_2020.shp, 1167.3652671522025, 0.1988527839679998, 0.00017034324179706224
census_geographies/2010_tracts.shp, study_areas/definitions/cbsa_18880_march_2020.shp, 1167.3652671522025, 0.5658121224354987, 0.0004846915857071902
census_geographies/2010_tracts.shp, study_areas/definitions/cbsa_19060_march_2020.shp, 1167.3652671522025, 0.2059850157305004, 0.000176452924827036
census_geographies/2010_tracts.shp, study_areas/definitions/cbsa_19100_march_2020.shp, 1167.3652671522025, 2.247147108408502, 0.0019249734180377292
census_geographies/2010_tracts.shp, study_areas/definitions/cbsa_19140_march_2020.shp, 1167.3652671522025, 0.162701340133, 0.00013937483383406746
census_geographies/2010_tracts.shp, study_areas/definitions/cbsa_19180_march_2020.shp, 1167.3652671522025, 0.24684559774949966, 0.00021145532139368991
census_geographies/2010_tracts.shp, study_areas/definitions/cbsa_19300_march_2020.shp, 1167.3652671522025, 0.4941813673019969, 0.00042333053861329673
census_geographies/2010_tracts.shp, study_areas/definitions/cbsa_19340_march_2020.shp, 1167.3652671522025, 0.6452298187025, 0.000552723159458516
census_geographies/2010_tracts.shp, study_areas/definitions/cbsa_19430_march_2020.shp, 1167.3652671522025, 0.35157911356600013, 0.0003011731832862223
census_geographies/2010_tracts.shp, study_areas/definitions/cbsa_19460_march_2020.shp, 1167.3652671522025, 0.3345825811425002, 0.00028661344530038767
census_geographies/2010_tracts.shp, study_areas/definitions/cbsa_19500_march_2020.shp, 1167.3652671522025, 0.159711695806, 0.0001368138150928698
census_geographies/2010_tracts.shp, study_areas/definitions/cbsa_19660_march_2020.shp, 1167.3652671522025, 0.48124801640949877, 0.00041225144344366816
census_geographies/2010_tracts.shp, study_areas/definitions/cbsa_19740_march_2020.shp, 1167.3652671522025, 2.276879568004988, 0.001950443132130747
census_geographies/2010_tracts.shp, study_areas/definitions/cbsa_19780_march_2020.shp, 1167.3652671522025, 1.0191374327570035, 0.0008730236040371477
census_geographies/2010_tracts.shp, study_areas/definitions/cbsa_19820_march_2020.shp, 1167.3652671522025, 1.2055556213015004, 0.0010327149995155017
census_geographies/2010_tracts.shp, study_areas/definitions/cbsa_20020_march_2020.shp, 1167.3652671522025, 0.42400802009400035, 0.00036321795073479573
census_geographies/2010_tracts.shp, study_areas/definitions/cbsa_20100_march_2020.shp, 1167.3652671522025, 0.21529285337349988, 0.00018442629691965107
census_geographies/2010_tracts.shp, study_areas/definitions/cbsa_20220_march_2020.shp, 1167.3652671522025, 0.17482258544700008, 0.000149758255077677
census_geographies/2010_tracts.shp, study_areas/definitions/cbsa_20260_march_2020.shp, 1167.3652671522025, 3.764584665713, 0.0032248558113235084
census_geographies/2010_tracts.shp, study_areas/definitions/cbsa_20500_march_2020.shp, 1167.3652671522025, 0.6087807142659988, 0.0005214997665221996
census_geographies/2010_tracts.shp, study_areas/definitions/cbsa_20700_march_2020.shp, 1167.3652671522025, 0.17122129677600006, 0.000146673283499085
census_geographies/2010_tracts.shp, study_areas/definitions/cbsa_20740_march_2020.shp, 1167.3652671522025, 0.49798278509849947, 0.0004265869467860156
census_geographies/2010_tracts.shp, study_areas/definitions/cbsa_20940_march_2020.shp, 1167.3652671522025, 1.120447425300498, 0.0009598087735074036
census_geographies/2010_tracts.shp, study_areas/definitions/cbsa_21060_march_2020.shp, 1167.3652671522025, 0.3225213376185008, 0.00027628142338455416
census_geographies/2010_tracts.shp, study_areas/definitions/cbsa_21140_march_2020.shp, 1167.3652671522025, 0.13089496588799998, 0.00011212854242898571
census_geographies/2010_tracts.shp, study_areas/definitions/cbsa_21300_march_2020.shp, 1167.3652671522025, 0.11586511215100004, 9.925352022306948e-05
census_geographies/2010_tracts.shp, study_areas/definitions/cbsa_21340_march_2020.shp, 1167.3652671522025, 1.3738342625494928, 0.0011768675162838905
census_geographies/2010_tracts.shp, study_areas/definitions/cbsa_21420_march_2020.shp, 1167.3652671522025, 0.2757416034974993, 0.00023620850410443795
census_geographies/2010_tracts.shp, study_areas/definitions/cbsa_21500_march_2020.shp, 1167.3652671522025, 0.4393552350514999, 0.0003763648340534499
census_geographies/2010_tracts.shp, study_areas/definitions/cbsa_21660_march_2020.shp, 1167.3652671522025, 1.3709393564535042, 0.0011743876531446944
census_geographies/2010_tracts.shp, study_areas/definitions/cbsa_21780_march_2020.shp, 1167.3652671522025, 0.4017930685920003, 0.0003441879589001118
census_geographies/2010_tracts.shp, study_areas/definitions/cbsa_21820_march_2020.shp, 1167.3652671522025, 3.639504069267, 0.0031177080316477134
census_geographies/2010_tracts.shp, study_areas/definitions/cbsa_22020_march_2020.shp, 1167.3652671522025, 0.8626805535419987, 0.0007389979621772671
census_geographies/2010_tracts.shp, study_areas/definitions/cbsa_22140_march_2020.shp, 1167.3652671522025, 1.4430114611704987, 0.0012361267734911606
census_geographies/2010_tracts.shp, study_areas/definitions/cbsa_22180_march_2020.shp, 1167.3652671522025, 0.4232747511199998, 0.00036258981060193965
census_geographies/2010_tracts.shp, study_areas/definitions/cbsa_22220_march_2020.shp, 1167.3652671522025, 0.6930375353479983, 0.000593676679312782
census_geographies/2010_tracts.shp, study_areas/definitions/cbsa_22380_march_2020.shp, 1167.3652671522025, 4.82175261181149, 0.00413045749045986
census_geographies/2010_tracts.shp, study_areas/definitions/cbsa_22420_march_2020.shp, 1167.3652671522025, 0.18579151985800016, 0.00015915457233984712
census_geographies/2010_tracts.shp, study_areas/definitions/cbsa_22500_march_2020.shp, 1167.3652671522025, 0.3470038067414997, 0.0002972538386275775
census_geographies/2010_tracts.shp, study_areas/definitions/cbsa_22520_march_2020.shp, 1167.3652671522025, 0.3426988018569996, 0.00029356604269460256
census_geographies/2010_tracts.shp, study_areas/definitions/cbsa_22540_march_2020.shp, 1167.3652671522025, 0.22166398863049958, 0.0001898840019210532
census_geographies/2010_tracts.shp, study_areas/definitions/cbsa_22660_march_2020.shp, 1167.3652671522025, 0.7265147759889975, 0.0006223542848429408
census_geographies/2010_tracts.shp, study_areas/definitions/cbsa_22900_march_2020.shp, 1167.3652671522025, 0.6388317131719987, 0.000547242350914238
census_geographies/2010_tracts.shp, study_areas/definitions/cbsa_23060_march_2020.shp, 1167.3652671522025, 0.2770685660470009, 0.00023734521990954215
census_geographies/2010_tracts.shp, study_areas/definitions/cbsa_23420_march_2020.shp, 1167.3652671522025, 1.571172543935001, 0.0013459133898748674
census_geographies/2010_tracts.shp, study_areas/definitions/cbsa_23460_march_2020.shp, 1167.3652671522025, 0.13873451178149976, 0.00011884413189707432
census_geographies/2010_tracts.shp, study_areas/definitions/cbsa_23540_march_2020.shp, 1167.3652671522025, 0.6593722808809982, 0.0005648380155163794
census_geographies/2010_tracts.shp, study_areas/definitions/cbsa_23580_march_2020.shp, 1167.3652671522025, 0.10890161447399997, 9.328837985703171e-05
census_geographies/2010_tracts.shp, study_areas/definitions/cbsa_23900_march_2020.shp, 1167.3652671522025, 0.1422670041695008, 0.00012187017052217288
census_geographies/2010_tracts.shp, study_areas/definitions/cbsa_24020_march_2020.shp, 1167.3652671522025, 0.5118720941320012, 0.000438484944288875
census_geographies/2010_tracts.shp, study_areas/definitions/cbsa_24140_march_2020.shp, 1167.3652671522025, 0.1430352037479995, 0.0001225282332555046
census_geographies/2010_tracts.shp, study_areas/definitions/cbsa_24220_march_2020.shp, 1167.3652671522025, 1.0695535815589998, 0.0009162115848865239
census_geographies/2010_tracts.shp, study_areas/definitions/cbsa_24260_march_2020.shp, 1167.3652671522025, 0.4502631040230005, 0.00038570884083387303
census_geographies/2010_tracts.shp, study_areas/definitions/cbsa_24300_march_2020.shp, 1167.3652671522025, 0.9000615034725022, 0.0007710196018322611
census_geographies/2010_tracts.shp, study_areas/definitions/cbsa_24340_march_2020.shp, 1167.3652671522025, 1.0883144260645021, 0.0009322826853667271
census_geographies/2010_tracts.shp, study_areas/definitions/cbsa_24420_march_2020.shp, 1167.3652671522025, 0.46473104173000135, 0.00039810250896338273
census_geographies/2010_tracts.shp, study_areas/definitions/cbsa_24500_march_2020.shp, 1167.3652671522025, 0.8353499855379982, 0.0007155857802552594
census_geographies/2010_tracts.shp, study_areas/definitions/cbsa_24540_march_2020.shp, 1167.3652671522025, 1.1061297606839962, 0.0009475438338014023
census_geographies/2010_tracts.shp, study_areas/definitions/cbsa_24580_march_2020.shp, 1167.3652671522025, 0.837725259378501, 0.0007176205108638694
census_geographies/2010_tracts.shp, study_areas/definitions/cbsa_24660_march_2020.shp, 1167.3652671522025, 0.5230379847689994, 0.00044804998014456523
census_geographies/2010_tracts.shp, study_areas/definitions/cbsa_24780_march_2020.shp, 1167.3652671522025, 0.16867349883899993, 0.000144490763589772
census_geographies/2010_tracts.shp, study_areas/definitions/cbsa_24860_march_2020.shp, 1167.3652671522025, 0.7103681753765025, 0.0006085226238651522
census_geographies/2010_tracts.shp, study_areas/definitions/cbsa_25020_march_2020.shp, 1167.3652671522025, 0.048112070405000144, 4.1214238386901773e-05
census_geographies/2010_tracts.shp, study_areas/definitions/cbsa_25060_march_2020.shp, 1167.3652671522025, 0.7348784264210008, 0.0006295188379330001
census_geographies/2010_tracts.shp, study_areas/definitions/cbsa_25180_march_2020.shp, 1167.3652671522025, 0.2764301913009991, 0.0002367983690103723
census_geographies/2010_tracts.shp, study_areas/definitions/cbsa_25220_march_2020.shp, 1167.3652671522025, 0.20062778105850052, 0.00017186375738926488
census_geographies/2010_tracts.shp, study_areas/definitions/cbsa_25260_march_2020.shp, 1167.3652671522025, 0.3605848528290004, 0.0003088877688717347
census_geographies/2010_tracts.shp, study_areas/definitions/cbsa_25420_march_2020.shp, 1167.3652671522025, 0.45669800270749894, 0.0003912211674942305
census_geographies/2010_tracts.shp, study_areas/definitions/cbsa_25500_march_2020.shp, 1167.3652671522025, 0.23295420162049982, 0.00019955553602240845
census_geographies/2010_tracts.shp, study_areas/definitions/cbsa_25540_march_2020.shp, 1167.3652671522025, 0.4502491211150006, 0.0003856968626566963
census_geographies/2010_tracts.shp, study_areas/definitions/cbsa_25620_march_2020.shp, 1167.3652671522025, 0.49940399549949993, 0.00042780439811936516
census_geographies/2010_tracts.shp, study_areas/definitions/cbsa_25860_march_2020.shp, 1167.3652671522025, 0.430418727796, 0.00036870955467606994
census_geographies/2010_tracts.shp, study_areas/definitions/cbsa_25940_march_2020.shp, 1167.3652671522025, 0.40278700192500005, 0.00034503939191852297
census_geographies/2010_tracts.shp, study_areas/definitions/cbsa_25980_march_2020.shp, 1167.3652671522025, 0.24818203278800166, 0.00021260015161616368
census_geographies/2010_tracts.shp, study_areas/definitions/cbsa_26140_march_2020.shp, 1167.3652671522025, 0.1851850209289998, 0.00015863502721882435
census_geographies/2010_tracts.shp, study_areas/definitions/cbsa_26300_march_2020.shp, 1167.3652671522025, 0.1869260504429994, 0.00016012644516913467
census_geographies/2010_tracts.shp, study_areas/definitions/cbsa_26380_march_2020.shp, 1167.3652671522025, 0.8562001334234998, 0.0007334466404951445
census_geographies/2010_tracts.shp, study_areas/definitions/cbsa_26420_march_2020.shp, 1167.3652671522025, 2.281284875482005, 0.0019542168502642014
census_geographies/2010_tracts.shp, study_areas/definitions/cbsa_26580_march_2020.shp, 1167.3652671522025, 0.6775454923715017, 0.0005804057319817127
census_geographies/2010_tracts.shp, study_areas/definitions/cbsa_26620_march_2020.shp, 1167.3652671522025, 0.3621823906809979, 0.0003102562675729979
census_geographies/2010_tracts.shp, study_areas/definitions/cbsa_26820_march_2020.shp, 1167.3652671522025, 1.513398169445003, 0.0012964221328401783
census_geographies/2010_tracts.shp, study_areas/definitions/cbsa_26900_march_2020.shp, 1167.3652671522025, 1.1814197386489993, 0.0010120394806083985
census_geographies/2010_tracts.shp, study_areas/definitions/cbsa_26980_march_2020.shp, 1167.3652671522025, 0.3335545935635002, 0.0002857328403963992
census_geographies/2010_tracts.shp, study_areas/definitions/cbsa_27060_march_2020.shp, 1167.3652671522025, 0.13932557366500078, 0.00011935045318324976
census_geographies/2010_tracts.shp, study_areas/definitions/cbsa_27100_march_2020.shp, 1167.3652671522025, 0.20441215897399992, 0.00017510556869030814
census_geographies/2010_tracts.shp, study_areas/definitions/cbsa_27140_march_2020.shp, 1167.3652671522025, 1.3643681678785002, 0.0011687585764881357
census_geographies/2010_tracts.shp, study_areas/definitions/cbsa_27180_march_2020.shp, 1167.3652671522025, 0.4423287469544989, 0.00037891203327777915
census_geographies/2010_tracts.shp, study_areas/definitions/cbsa_27260_march_2020.shp, 1167.3652671522025, 0.8976715799235006, 0.000768972321845225
census_geographies/2010_tracts.shp, study_areas/definitions/cbsa_27340_march_2020.shp, 1167.3652671522025, 0.23087372699399986, 0.00019777333923701385
census_geographies/2010_tracts.shp, study_areas/definitions/cbsa_27500_march_2020.shp, 1167.3652671522025, 0.20651889823050004, 0.00017691026454325187
census_geographies/2010_tracts.shp, study_areas/definitions/cbsa_27620_march_2020.shp, 1167.3652671522025, 0.6106251357334976, 0.0005230797531119997
census_geographies/2010_tracts.shp, study_areas/definitions/cbsa_27740_march_2020.shp, 1167.3652671522025, 0.2243675799095001, 0.0001921999790664037
census_geographies/2010_tracts.shp, study_areas/definitions/cbsa_27780_march_2020.shp, 1167.3652671522025, 0.1908410548040003, 0.00016348015499001326
census_geographies/2010_tracts.shp, study_areas/definitions/cbsa_27860_march_2020.shp, 1167.3652671522025, 0.3807599526279993, 0.00032617036273219473
census_geographies/2010_tracts.shp, study_areas/definitions/cbsa_27900_march_2020.shp, 1167.3652671522025, 0.3326657463250001, 0.0002849714272693251
census_geographies/2010_tracts.shp, study_areas/definitions/cbsa_27980_march_2020.shp, 1167.3652671522025, 0.5391509704310002, 0.0004618528455504451
census_geographies/2010_tracts.shp, study_areas/definitions/cbsa_28020_march_2020.shp, 1167.3652671522025, 0.16394584377399998, 0.00014044091287206725
census_geographies/2010_tracts.shp, study_areas/definitions/cbsa_28100_march_2020.shp, 1167.3652671522025, 0.1892610578935003, 0.00016212668238383028
census_geographies/2010_tracts.shp, study_areas/definitions/cbsa_28140_march_2020.shp, 1167.3652671522025, 1.9840922509640013, 0.0016996327600222432
census_geographies/2010_tracts.shp, study_areas/definitions/cbsa_28420_march_2020.shp, 1167.3652671522025, 0.9160136580139989, 0.0007846846944903732
census_geographies/2010_tracts.shp, study_areas/definitions/cbsa_28660_march_2020.shp, 1167.3652671522025, 0.7007138434239987, 0.0006002524343844802
census_geographies/2010_tracts.shp, study_areas/definitions/cbsa_28700_march_2020.shp, 1167.3652671522025, 0.5340321223224973, 0.0004574678871723443
census_geographies/2010_tracts.shp, study_areas/definitions/cbsa_28740_march_2020.shp, 1167.3652671522025, 0.3261256300315, 0.000279368968058375
census_geographies/2010_tracts.shp, study_areas/definitions/cbsa_28940_march_2020.shp, 1167.3652671522025, 0.8668418270254993, 0.0007425626334935999
census_geographies/2010_tracts.shp, study_areas/definitions/cbsa_29020_march_2020.shp, 1167.3652671522025, 0.08085330683357454, 6.926136069716797e-05
census_geographies/2010_tracts.shp, study_areas/definitions/cbsa_29100_march_2020.shp, 1167.3652671522025, 0.3036824420005007, 0.00026014346198712646
census_geographies/2010_tracts.shp, study_areas/definitions/cbsa_29180_march_2020.shp, 1167.3652671522025, 1.0446213090074974, 0.0008948538545744641
census_geographies/2010_tracts.shp, study_areas/definitions/cbsa_29200_march_2020.shp, 1167.3652671522025, 0.4541725581790003, 0.0003890577961831588
census_geographies/2010_tracts.shp, study_areas/definitions/cbsa_29340_march_2020.shp, 1167.3652671522025, 0.7338457417845002, 0.0006286342093890828
census_geographies/2010_tracts.shp, study_areas/definitions/cbsa_29420_march_2020.shp, 1167.3652671522025, 3.4722593722940087, 0.0029744412224672534
census_geographies/2010_tracts.shp, study_areas/definitions/cbsa_29460_march_2020.shp, 1167.3652671522025, 0.4774997324914993, 0.0004090405513403392
census_geographies/2010_tracts.shp, study_areas/definitions/cbsa_29540_march_2020.shp, 1167.3652671522025, 0.2688982367920003, 0.0002303462715213207
census_geographies/2010_tracts.shp, study_areas/definitions/cbsa_29620_march_2020.shp, 1167.3652671522025, 0.6425732924074999, 0.0005504474995860233
census_geographies/2010_tracts.shp, study_areas/definitions/cbsa_29700_march_2020.shp, 1167.3652671522025, 0.800333635728002, 0.0006855897277811107
census_geographies/2010_tracts.shp, study_areas/definitions/cbsa_29740_march_2020.shp, 1167.3652671522025, 0.9465177254249988, 0.0008108153909136229
census_geographies/2010_tracts.shp, study_areas/definitions/cbsa_29820_march_2020.shp, 1167.3652671522025, 2.0925129411619885, 0.0017925091657615372
census_geographies/2010_tracts.shp, study_areas/definitions/cbsa_29940_march_2020.shp, 1167.3652671522025, 0.12762345850650003, 0.00010932607136568192
census_geographies/2010_tracts.shp, study_areas/definitions/cbsa_30020_march_2020.shp, 1167.3652671522025, 0.4388268269030002, 0.0003759121838304492
census_geographies/2010_tracts.shp, study_areas/definitions/cbsa_30140_march_2020.shp, 1167.3652671522025, 0.09954808657149994, 8.527586812167913e-05
census_geographies/2010_tracts.shp, study_areas/definitions/cbsa_30300_march_2020.shp, 1167.3652671522025, 0.4524590155149994, 0.000387589924290601
census_geographies/2010_tracts.shp, study_areas/definitions/cbsa_30340_march_2020.shp, 1167.3652671522025, 0.14487445653349953, 0.00012410379219772574
census_geographies/2010_tracts.shp, study_areas/definitions/cbsa_30460_march_2020.shp, 1167.3652671522025, 0.39479836294399945, 0.0003381960848527843
census_geographies/2010_tracts.shp, study_areas/definitions/cbsa_30620_march_2020.shp, 1167.3652671522025, 0.11239407060899967, 9.628012223045317e-05
census_geographies/2010_tracts.shp, study_areas/definitions/cbsa_30700_march_2020.shp, 1167.3652671522025, 0.3931915674395008, 0.0003368196557695219
census_geographies/2010_tracts.shp, study_areas/definitions/cbsa_30780_march_2020.shp, 1167.3652671522025, 1.0706206349175003, 0.0009171256547055648
census_geographies/2010_tracts.shp, study_areas/definitions/cbsa_30860_march_2020.shp, 1167.3652671522025, 0.5173616476015007, 0.0004431874599658159
census_geographies/2010_tracts.shp, study_areas/definitions/cbsa_30980_march_2020.shp, 1167.3652671522025, 0.6761040473824981, 0.0005791709470951279
census_geographies/2010_tracts.shp, study_areas/definitions/cbsa_31020_march_2020.shp, 1167.3652671522025, 0.35201958522200033, 0.000301550504479849
census_geographies/2010_tracts.shp, study_areas/definitions/cbsa_31080_march_2020.shp, 1167.3652671522025, 1.4422975539350034, 0.0012355152192025556
census_geographies/2010_tracts.shp, study_areas/definitions/cbsa_31140_march_2020.shp, 1167.3652671522025, 0.877984581576, 0.0007521078502856701
census_geographies/2010_tracts.shp, study_areas/definitions/cbsa_31180_march_2020.shp, 1167.3652671522025, 0.6772371720889997, 0.0005801416156068491
census_geographies/2010_tracts.shp, study_areas/definitions/cbsa_31340_march_2020.shp, 1167.3652671522025, 0.5655275617779987, 0.0004844478225376775
census_geographies/2010_tracts.shp, study_areas/definitions/cbsa_31420_march_2020.shp, 1167.3652671522025, 0.43355212436700047, 0.00037139371588864776
census_geographies/2010_tracts.shp, study_areas/definitions/cbsa_31460_march_2020.shp, 1167.3652671522025, 0.5661750427505002, 0.0004850024741028051
census_geographies/2010_tracts.shp, study_areas/definitions/cbsa_31540_march_2020.shp, 1167.3652671522025, 0.9695430868730018, 0.0008305396041448196
census_geographies/2010_tracts.shp, study_areas/definitions/cbsa_31700_march_2020.shp, 1167.3652671522025, 0.25475189935999937, 0.00021822809580541042
census_geographies/2010_tracts.shp, study_areas/definitions/cbsa_31740_march_2020.shp, 1167.3652671522025, 0.5105007929030017, 0.0004373102466448849
census_geographies/2010_tracts.shp, study_areas/definitions/cbsa_31860_march_2020.shp, 1167.3652671522025, 0.3590677919225005, 0.0003075882091287926
census_geographies/2010_tracts.shp, study_areas/definitions/cbsa_31900_march_2020.shp, 1167.3652671522025, 0.13815560714499964, 0.0001183482248722642
census_geographies/2010_tracts.shp, study_areas/definitions/cbsa_32420_march_2020.shp, 1167.3652671522025, 0.07342096696700032, 6.289459608997225e-05
census_geographies/2010_tracts.shp, study_areas/definitions/cbsa_32580_march_2020.shp, 1167.3652671522025, 0.37085130664899946, 0.0003176823202507081
census_geographies/2010_tracts.shp, study_areas/definitions/cbsa_32780_march_2020.shp, 1167.3652671522025, 0.7938486417419994, 0.0006800344879872946
census_geographies/2010_tracts.shp, study_areas/definitions/cbsa_32820_march_2020.shp, 1167.3652671522025, 1.2021798389614962, 0.001029823203404213
census_geographies/2010_tracts.shp, study_areas/definitions/cbsa_32900_march_2020.shp, 1167.3652671522025, 0.5200400397924984, 0.0004454818508187591
census_geographies/2010_tracts.shp, study_areas/definitions/cbsa_33100_march_2020.shp, 1167.3652671522025, 1.4346794018865017, 0.0012289892823232735
census_geographies/2010_tracts.shp, study_areas/definitions/cbsa_33140_march_2020.shp, 1167.3652671522025, 0.17140714443799884, 0.00014683248616446164
census_geographies/2010_tracts.shp, study_areas/definitions/cbsa_33220_march_2020.shp, 1167.3652671522025, 0.15257568668400032, 0.0001307008962637804
census_geographies/2010_tracts.shp, study_areas/definitions/cbsa_33260_march_2020.shp, 1167.3652671522025, 0.4497529372930004, 0.0003852718167555015
census_geographies/2010_tracts.shp, study_areas/definitions/cbsa_33340_march_2020.shp, 1167.3652671522025, 0.9525899519319979, 0.0008160170417403708
census_geographies/2010_tracts.shp, study_areas/definitions/cbsa_33460_march_2020.shp, 1167.3652671522025, 2.2265482715720024, 0.001907327838358328
census_geographies/2010_tracts.shp, study_areas/definitions/cbsa_33540_march_2020.shp, 1167.3652671522025, 0.8025849880924998, 0.0006875183035472802
census_geographies/2010_tracts.shp, study_areas/definitions/cbsa_33660_march_2020.shp, 1167.3652671522025, 0.6682405124530006, 0.0005724348079013684
census_geographies/2010_tracts.shp, study_areas/definitions/cbsa_33700_march_2020.shp, 1167.3652671522025, 0.40002696768850055, 0.0003426750640477507
census_geographies/2010_tracts.shp, study_areas/definitions/cbsa_33740_march_2020.shp, 1167.3652671522025, 0.5838344503359995, 0.000500130050776882
census_geographies/2010_tracts.shp, study_areas/definitions/cbsa_33780_march_2020.shp, 1167.3652671522025, 0.19115643955450054, 0.00016375032299943985
census_geographies/2010_tracts.shp, study_areas/definitions/cbsa_33860_march_2020.shp, 1167.3652671522025, 0.6914378080149994, 0.0005923063050366128
census_geographies/2010_tracts.shp, study_areas/definitions/cbsa_34060_march_2020.shp, 1167.3652671522025, 0.27600392753699976, 0.00023643321872194613
census_geographies/2010_tracts.shp, study_areas/definitions/cbsa_34100_march_2020.shp, 1167.3652671522025, 0.20562933294050015, 0.00017614823631178838
census_geographies/2010_tracts.shp, study_areas/definitions/cbsa_34580_march_2020.shp, 1167.3652671522025, 0.6049462040960009, 0.0005182150104326577
census_geographies/2010_tracts.shp, study_areas/definitions/cbsa_34620_march_2020.shp, 1167.3652671522025, 0.10850233225250028, 9.294634276484227e-05
census_geographies/2010_tracts.shp, study_areas/definitions/cbsa_34740_march_2020.shp, 1167.3652671522025, 0.4194083976129999, 0.00035927777655758963
census_geographies/2010_tracts.shp, study_areas/definitions/cbsa_34820_march_2020.shp, 1167.3652671522025, 0.5822988766579998, 0.0004988146324402155
census_geographies/2010_tracts.shp, study_areas/definitions/cbsa_34900_march_2020.shp, 1167.3652671522025, 0.21093969181100033, 0.00018069724853608975
census_geographies/2010_tracts.shp, study_areas/definitions/cbsa_34940_march_2020.shp, 1167.3652671522025, 0.5386705592115, 0.0004614413109322598
census_geographies/2010_tracts.shp, study_areas/definitions/cbsa_34980_march_2020.shp, 1167.3652671522025, 1.494848334694, 0.0012805317896263054
census_geographies/2010_tracts.shp, study_areas/definitions/cbsa_35100_march_2020.shp, 1167.3652671522025, 0.4645154994325, 0.00039791786898516303
census_geographies/2010_tracts.shp, study_areas/definitions/cbsa_35300_march_2020.shp, 1167.3652671522025, 0.24021582688099935, 0.00020577606139251335
census_geographies/2010_tracts.shp, study_areas/definitions/cbsa_35380_march_2020.shp, 1167.3652671522025, 1.9049724530180006, 0.0016318563748818715
census_geographies/2010_tracts.shp, study_areas/definitions/cbsa_35620_march_2020.shp, 1167.3652671522025, 2.5449002936399974, 0.00218003770135144
census_geographies/2010_tracts.shp, study_areas/definitions/cbsa_35660_march_2020.shp, 1167.3652671522025, 0.4450606081185007, 0.0003812522272520835
census_geographies/2010_tracts.shp, study_areas/definitions/cbsa_35840_march_2020.shp, 1167.3652671522025, 0.38220253759849937, 0.00032740612416102264
census_geographies/2010_tracts.shp, study_areas/definitions/cbsa_35980_march_2020.shp, 1167.3652671522025, 0.2154214922734998, 0.0001845364928485686
census_geographies/2010_tracts.shp, study_areas/definitions/cbsa_36100_march_2020.shp, 1167.3652671522025, 0.39952674964099916, 0.0003422465623083408
census_geographies/2010_tracts.shp, study_areas/definitions/cbsa_36140_march_2020.shp, 1167.3652671522025, 0.16728718067050002, 0.00014330320198629735
census_geographies/2010_tracts.shp, study_areas/definitions/cbsa_36220_march_2020.shp, 1167.3652671522025, 0.22259089115250025, 0.0001906780143420856
census_geographies/2010_tracts.shp, study_areas/definitions/cbsa_36260_march_2020.shp, 1167.3652671522025, 2.408846818737984, 0.0020634902258265626
census_geographies/2010_tracts.shp, study_areas/definitions/cbsa_36420_march_2020.shp, 1167.3652671522025, 1.434919564289504, 0.0012291950126201738
census_geographies/2010_tracts.shp, study_areas/definitions/cbsa_36500_march_2020.shp, 1167.3652671522025, 0.2366307279620002, 0.00020270495843966891
census_geographies/2010_tracts.shp, study_areas/definitions/cbsa_36540_march_2020.shp, 1167.3652671522025, 1.2270011605844982, 0.0010510858898327325
census_geographies/2010_tracts.shp, study_areas/definitions/cbsa_36740_march_2020.shp, 1167.3652671522025, 0.9569576634774973, 0.0008197585540745132
census_geographies/2010_tracts.shp, study_areas/definitions/cbsa_36780_march_2020.shp, 1167.3652671522025, 0.16833865050900088, 0.0001442039224960534
census_geographies/2010_tracts.shp, study_areas/definitions/cbsa_36980_march_2020.shp, 1167.3652671522025, 0.24652942131700004, 0.000211184475205786
census_geographies/2010_tracts.shp, study_areas/definitions/cbsa_37100_march_2020.shp, 1167.3652671522025, 0.5604896625760005, 0.0004801322074138113
census_geographies/2010_tracts.shp, study_areas/definitions/cbsa_37340_march_2020.shp, 1167.3652671522025, 0.3709767448020008, 0.0003177897743240226
census_geographies/2010_tracts.shp, study_areas/definitions/cbsa_37460_march_2020.shp, 1167.3652671522025, 0.2507708692415002, 0.0002148178263460398
census_geographies/2010_tracts.shp, study_areas/definitions/cbsa_37620_march_2020.shp, 1167.3652671522025, 0.16501548652250034, 0.00014135720084002245
census_geographies/2010_tracts.shp, study_areas/definitions/cbsa_37860_march_2020.shp, 1167.3652671522025, 0.4993305007185004, 0.0004277414402919674
census_geographies/2010_tracts.shp, study_areas/definitions/cbsa_37900_march_2020.shp, 1167.3652671522025, 0.9385537762424996, 0.0008039932338676732
census_geographies/2010_tracts.shp, study_areas/definitions/cbsa_37980_march_2020.shp, 1167.3652671522025, 1.3283251395360052, 0.0011378830404783805
census_geographies/2010_tracts.shp, study_areas/definitions/cbsa_38060_march_2020.shp, 1167.3652671522025, 3.6557734678379963, 0.0031316448850292476
census_geographies/2010_tracts.shp, study_areas/definitions/cbsa_38220_march_2020.shp, 1167.3652671522025, 0.5273692941339996, 0.0004517603092822193
census_geographies/2010_tracts.shp, study_areas/definitions/cbsa_38300_march_2020.shp, 1167.3652671522025, 1.468694913201002, 0.0012581279866103058
census_geographies/2010_tracts.shp, study_areas/definitions/cbsa_38340_march_2020.shp, 1167.3652671522025, 0.2679110034100003, 0.00022950057788131
census_geographies/2010_tracts.shp, study_areas/definitions/cbsa_38540_march_2020.shp, 1167.3652671522025, 0.7368108284085, 0.0006311741912674481
census_geographies/2010_tracts.shp, study_areas/definitions/cbsa_38660_march_2020.shp, 1167.3652671522025, 0.0894781757885002, 7.664968138617228e-05
census_geographies/2010_tracts.shp, study_areas/definitions/cbsa_38860_march_2020.shp, 1167.3652671522025, 0.8256313811169999, 0.0007072605330558914
census_geographies/2010_tracts.shp, study_areas/definitions/cbsa_38900_march_2020.shp, 1167.3652671522025, 2.037399198884, 0.0017452970858506463
census_geographies/2010_tracts.shp, study_areas/definitions/cbsa_38940_march_2020.shp, 1167.3652671522025, 0.3400115131425019, 0.00029126403081356265
census_geographies/2010_tracts.shp, study_areas/definitions/cbsa_39100_march_2020.shp, 1167.3652671522025, 0.4653303776425007, 0.0003986159180302478
census_geographies/2010_tracts.shp, study_areas/definitions/cbsa_39150_march_2020.shp, 1167.3652671522025, 2.068759986856996, 0.0017721616747290708
census_geographies/2010_tracts.shp, study_areas/definitions/cbsa_39300_march_2020.shp, 1167.3652671522025, 0.6259205892815001, 0.0005361822960592606
census_geographies/2010_tracts.shp, study_areas/definitions/cbsa_39340_march_2020.shp, 1167.3652671522025, 1.5132087439649937, 0.0012962598653088928
census_geographies/2010_tracts.shp, study_areas/definitions/cbsa_39380_march_2020.shp, 1167.3652671522025, 0.6384992703210012, 0.0005469575704257722
census_geographies/2010_tracts.shp, study_areas/definitions/cbsa_39460_march_2020.shp, 1167.3652671522025, 0.20194549090099992, 0.00017299254704883216
census_geographies/2010_tracts.shp, study_areas/definitions/cbsa_39540_march_2020.shp, 1167.3652671522025, 0.22558139974600125, 0.00019323977343981545
census_geographies/2010_tracts.shp, study_areas/definitions/cbsa_39580_march_2020.shp, 1167.3652671522025, 0.5542391687985005, 0.000474777847511749
census_geographies/2010_tracts.shp, study_areas/definitions/cbsa_39660_march_2020.shp, 1167.3652671522025, 1.8311087028394974, 0.0015685824774506977
census_geographies/2010_tracts.shp, study_areas/definitions/cbsa_39740_march_2020.shp, 1167.3652671522025, 0.23792198036100035, 0.0002038110838618773
census_geographies/2010_tracts.shp, study_areas/definitions/cbsa_39820_march_2020.shp, 1167.3652671522025, 1.062748165705998, 0.0009103818621386443
census_geographies/2010_tracts.shp, study_areas/definitions/cbsa_39900_march_2020.shp, 1167.3652671522025, 1.8760952406655014, 0.0016071192911557594
census_geographies/2010_tracts.shp, study_areas/definitions/cbsa_40060_march_2020.shp, 1167.3652671522025, 1.1841660377499998, 0.0010143920425513284
census_geographies/2010_tracts.shp, study_areas/definitions/cbsa_40140_march_2020.shp, 1167.3652671522025, 6.972457658480507, 0.005972815754138271
census_geographies/2010_tracts.shp, study_areas/definitions/cbsa_40220_march_2020.shp, 1167.3652671522025, 0.4991691730629993, 0.00042760324219747153
census_geographies/2010_tracts.shp, study_areas/definitions/cbsa_40340_march_2020.shp, 1167.3652671522025, 0.7277991960075026, 0.0006234545574436825
census_geographies/2010_tracts.shp, study_areas/definitions/cbsa_40380_march_2020.shp, 1167.3652671522025, 1.5034546669599977, 0.001287904231233201
census_geographies/2010_tracts.shp, study_areas/definitions/cbsa_40420_march_2020.shp, 1167.3652671522025, 0.22668188670099995, 0.0001941824834775086
census_geographies/2010_tracts.shp, study_areas/definitions/cbsa_40580_march_2020.shp, 1167.3652671522025, 0.2714779230034992, 0.0002325561078802455
census_geographies/2010_tracts.shp, study_areas/definitions/cbsa_40660_march_2020.shp, 1167.3652671522025, 0.13143947587249977, 0.00011259498596625844
census_geographies/2010_tracts.shp, study_areas/definitions/cbsa_40900_march_2020.shp, 1167.3652671522025, 1.4247687871350048, 0.001220499553332386
census_geographies/2010_tracts.shp, study_areas/definitions/cbsa_40980_march_2020.shp, 1167.3652671522025, 0.2345616045494994, 0.00020093248544366445
census_geographies/2010_tracts.shp, study_areas/definitions/cbsa_41060_march_2020.shp, 1167.3652671522025, 0.5383954698239992, 0.00046120566113588385
census_geographies/2010_tracts.shp, study_areas/definitions/cbsa_41100_march_2020.shp, 1167.3652671522025, 0.6394106643105023, 0.000547738297774055
census_geographies/2010_tracts.shp, study_areas/definitions/cbsa_41140_march_2020.shp, 1167.3652671522025, 0.4565007316230003, 0.0003910521791835025
census_geographies/2010_tracts.shp, study_areas/definitions/cbsa_41180_march_2020.shp, 1167.3652671522025, 2.168667225419997, 0.0018577452031877555
census_geographies/2010_tracts.shp, study_areas/definitions/cbsa_41420_march_2020.shp, 1167.3652671522025, 0.5714162444074997, 0.0004894922441897509
census_geographies/2010_tracts.shp, study_areas/definitions/cbsa_41500_march_2020.shp, 1167.3652671522025, 0.9792525148324984, 0.0008388569905128266
census_geographies/2010_tracts.shp, study_areas/definitions/cbsa_41540_march_2020.shp, 1167.3652671522025, 0.7751262760045003, 0.0006639963495705398
census_geographies/2010_tracts.shp, study_areas/definitions/cbsa_41620_march_2020.shp, 1167.3652671522025, 2.2260249736884936, 0.00190687956574115
census_geographies/2010_tracts.shp, study_areas/definitions/cbsa_41660_march_2020.shp, 1167.3652671522025, 0.8643097385304995, 0.0007403935707621235
census_geographies/2010_tracts.shp, study_areas/definitions/cbsa_41700_march_2020.shp, 1167.3652671522025, 1.7749659615150009, 0.001520488926182501
census_geographies/2010_tracts.shp, study_areas/definitions/cbsa_41740_march_2020.shp, 1167.3652671522025, 1.1312895593420016, 0.0009690964697808699
census_geographies/2010_tracts.shp, study_areas/definitions/cbsa_41860_march_2020.shp, 1167.3652671522025, 0.9074712892554975, 0.0007773670459369426
census_geographies/2010_tracts.shp, study_areas/definitions/cbsa_41900_march_2020.shp, 1167.3652671522025, 0.08152441704649993, 6.983625377631753e-05
census_geographies/2010_tracts.shp, study_areas/definitions/cbsa_41940_march_2020.shp, 1167.3652671522025, 0.705672840741999, 0.0006045004597948112
census_geographies/2010_tracts.shp, study_areas/definitions/cbsa_41980_march_2020.shp, 1167.3652671522025, 0.44287924989049976, 0.0003793836105565377
census_geographies/2010_tracts.shp, study_areas/definitions/cbsa_42020_march_2020.shp, 1167.3652671522025, 0.928973789988999, 0.0007957867311362095
census_geographies/2010_tracts.shp, study_areas/definitions/cbsa_42100_march_2020.shp, 1167.3652671522025, 0.1592378165830001, 0.00013640787597823782
census_geographies/2010_tracts.shp, study_areas/definitions/cbsa_42140_march_2020.shp, 1167.3652671522025, 0.4916964505249994, 0.0004212018845862162
census_geographies/2010_tracts.shp, study_areas/definitions/cbsa_42200_march_2020.shp, 1167.3652671522025, 0.9637244702400011, 0.0008255552031207979
census_geographies/2010_tracts.shp, study_areas/definitions/cbsa_42220_march_2020.shp, 1167.3652671522025, 0.47303463338900015, 0.00040521561391232083
census_geographies/2010_tracts.shp, study_areas/definitions/cbsa_42340_march_2020.shp, 1167.3652671522025, 0.3884363213164981, 0.00033274616972637177
census_geographies/2010_tracts.shp, study_areas/definitions/cbsa_42540_march_2020.shp, 1167.3652671522025, 0.4947585640009994, 0.00042382498256776744
census_geographies/2010_tracts.shp, study_areas/definitions/cbsa_42660_march_2020.shp, 1167.3652671522025, 1.952985353113001, 0.001672985661015361
census_geographies/2010_tracts.shp, study_areas/definitions/cbsa_42680_march_2020.shp, 1167.3652671522025, 0.1461790157479994, 0.00012522131663605544
census_geographies/2010_tracts.shp, study_areas/definitions/cbsa_42700_march_2020.shp, 1167.3652671522025, 0.2612585842685009, 0.00022380191669214508
census_geographies/2010_tracts.shp, study_areas/definitions/cbsa_43100_march_2020.shp, 1167.3652671522025, 0.36773986235899914, 0.0003150169640185575
census_geographies/2010_tracts.shp, study_areas/definitions/cbsa_43300_march_2020.shp, 1167.3652671522025, 0.2464228019064993, 0.00021109314183010585
census_geographies/2010_tracts.shp, study_areas/definitions/cbsa_43340_march_2020.shp, 1167.3652671522025, 0.6702307615179993, 0.0005741397147724233
census_geographies/2010_tracts.shp, study_areas/definitions/cbsa_43420_march_2020.shp, 1167.3652671522025, 1.5352510461175004, 0.0013151419605474115
census_geographies/2010_tracts.shp, study_areas/definitions/cbsa_43580_march_2020.shp, 1167.3652671522025, 0.5944367285899999, 0.0005092122794094545
census_geographies/2010_tracts.shp, study_areas/definitions/cbsa_43620_march_2020.shp, 1167.3652671522025, 0.7454347669280015, 0.0006385617149176419
census_geographies/2010_tracts.shp, study_areas/definitions/cbsa_43780_march_2020.shp, 1167.3652671522025, 0.27196700278900016, 0.00023297506825131604
census_geographies/2010_tracts.shp, study_areas/definitions/cbsa_43900_march_2020.shp, 1167.3652671522025, 0.20933846412249996, 0.00017932558901052705
census_geographies/2010_tracts.shp, study_areas/definitions/cbsa_44060_march_2020.shp, 1167.3652671522025, 1.3510241749675032, 0.0011573277130844729
census_geographies/2010_tracts.shp, study_areas/definitions/cbsa_44100_march_2020.shp, 1167.3652671522025, 0.32493815450750024, 0.00027835174101092594
census_geographies/2010_tracts.shp, study_areas/definitions/cbsa_44140_march_2020.shp, 1167.3652671522025, 0.5389377244124999, 0.00046167017263349205
census_geographies/2010_tracts.shp, study_areas/definitions/cbsa_44180_march_2020.shp, 1167.3652671522025, 0.7957447588204979, 0.0006816587585835272
census_geographies/2010_tracts.shp, study_areas/definitions/cbsa_44220_march_2020.shp, 1167.3652671522025, 0.10982158948349964, 9.407645796367605e-05
census_geographies/2010_tracts.shp, study_areas/definitions/cbsa_44300_march_2020.shp, 1167.3652671522025, 0.3081439393115001, 0.00026396531401282807
census_geographies/2010_tracts.shp, study_areas/definitions/cbsa_44420_march_2020.shp, 1167.3652671522025, 0.2678717111924998, 0.00022946691899269466
census_geographies/2010_tracts.shp, study_areas/definitions/cbsa_44700_march_2020.shp, 1167.3652671522025, 0.3786412800109993, 0.0003243554444057582
census_geographies/2010_tracts.shp, study_areas/definitions/cbsa_44940_march_2020.shp, 1167.3652671522025, 0.3473755197060003, 0.0002975722590697133
census_geographies/2010_tracts.shp, study_areas/definitions/cbsa_45060_march_2020.shp, 1167.3652671522025, 0.7971328526670017, 0.0006828478412858849
census_geographies/2010_tracts.shp, study_areas/definitions/cbsa_45220_march_2020.shp, 1167.3652671522025, 0.6326532949839971, 0.00054194973311769
census_geographies/2010_tracts.shp, study_areas/definitions/cbsa_45300_march_2020.shp, 1167.3652671522025, 0.792455742265, 0.0006788412886381335
census_geographies/2010_tracts.shp, study_areas/definitions/cbsa_45460_march_2020.shp, 1167.3652671522025, 0.524608801102, 0.0004493955883935006
census_geographies/2010_tracts.shp, study_areas/definitions/cbsa_45500_march_2020.shp, 1167.3652671522025, 0.5339521103194996, 0.00045739934649767364
census_geographies/2010_tracts.shp, study_areas/definitions/cbsa_45540_march_2020.shp, 1167.3652671522025, 0.13866831127899967, 0.00011878742256678769
census_geographies/2010_tracts.shp, study_areas/definitions/cbsa_45780_march_2020.shp, 1167.3652671522025, 0.6173733596200006, 0.0005288604835109479
census_geographies/2010_tracts.shp, study_areas/definitions/cbsa_45820_march_2020.shp, 1167.3652671522025, 0.8865749818145019, 0.0007594666440413368
census_geographies/2010_tracts.shp, study_areas/definitions/cbsa_45940_march_2020.shp, 1167.3652671522025, 0.06277984360050039, 5.377909157229969e-05
census_geographies/2010_tracts.shp, study_areas/definitions/cbsa_46060_march_2020.shp, 1167.3652671522025, 2.2737870937190006, 0.001947794026171366
census_geographies/2010_tracts.shp, study_areas/definitions/cbsa_46140_march_2020.shp, 1167.3652671522025, 1.6776956194644947, 0.001437164242137551
census_geographies/2010_tracts.shp, study_areas/definitions/cbsa_46220_march_2020.shp, 1167.3652671522025, 0.890173928138999, 0.0007625496090958623
census_geographies/2010_tracts.shp, study_areas/definitions/cbsa_46300_march_2020.shp, 1167.3652671522025, 0.7170511833880016, 0.0006142474883951739
census_geographies/2010_tracts.shp, study_areas/definitions/cbsa_46340_march_2020.shp, 1167.3652671522025, 0.23570567505500029, 0.0002019125304541622
census_geographies/2010_tracts.shp, study_areas/definitions/cbsa_46520_march_2020.shp, 1167.3652671522025, 0.48845088797500036, 0.0004184216386415029
census_geographies/2010_tracts.shp, study_areas/definitions/cbsa_46540_march_2020.shp, 1167.3652671522025, 0.7806997443890006, 0.0006687707492732967
census_geographies/2010_tracts.shp, study_areas/definitions/cbsa_46660_march_2020.shp, 1167.3652671522025, 0.3977369309779998, 0.00034071335011387005
census_geographies/2010_tracts.shp, study_areas/definitions/cbsa_46700_march_2020.shp, 1167.3652671522025, 0.24161124505800016, 0.000206971418335422
census_geographies/2010_tracts.shp, study_areas/definitions/cbsa_47020_march_2020.shp, 1167.3652671522025, 0.4181818175005001, 0.0003582270513501384
census_geographies/2010_tracts.shp, study_areas/definitions/cbsa_47220_march_2020.shp, 1167.3652671522025, 0.18333586942950092, 0.00015705098874215295
census_geographies/2010_tracts.shp, study_areas/definitions/cbsa_47260_march_2020.shp, 1167.3652671522025, 1.2695086802495008, 0.0010874991024415845
census_geographies/2010_tracts.shp, study_areas/definitions/cbsa_47300_march_2020.shp, 1167.3652671522025, 1.256117574990999, 0.0010760278811920698
census_geographies/2010_tracts.shp, study_areas/definitions/cbsa_47380_march_2020.shp, 1167.3652671522025, 0.4506110874829992, 0.000386006933872779
census_geographies/2010_tracts.shp, study_areas/definitions/cbsa_47460_march_2020.shp, 1167.3652671522025, 0.3923678531675, 0.0003361140374894695
census_geographies/2010_tracts.shp, study_areas/definitions/cbsa_47580_march_2020.shp, 1167.3652671522025, 0.13200593597149982, 0.00011308023262806973
census_geographies/2010_tracts.shp, study_areas/definitions/cbsa_47900_march_2020.shp, 1167.3652671522025, 1.8804882822200042, 0.0016108825019331536
census_geographies/2010_tracts.shp, study_areas/definitions/cbsa_47940_march_2020.shp, 1167.3652671522025, 0.4296884139765001, 0.00036808394601693835
census_geographies/2010_tracts.shp, study_areas/definitions/cbsa_48060_march_2020.shp, 1167.3652671522025, 0.5397379834984978, 0.0004623556984997448
census_geographies/2010_tracts.shp, study_areas/definitions/cbsa_48140_march_2020.shp, 1167.3652671522025, 0.7347769004104989, 0.0006294318677160863
census_geographies/2010_tracts.shp, study_areas/definitions/cbsa_48260_march_2020.shp, 1167.3652671522025, 0.16248349598749978, 0.0001391882220240111
census_geographies/2010_tracts.shp, study_areas/definitions/cbsa_48300_march_2020.shp, 1167.3652671522025, 1.5063343509854987, 0.0012903710546915742
census_geographies/2010_tracts.shp, study_areas/definitions/cbsa_48540_march_2020.shp, 1167.3652671522025, 0.2628055884785004, 0.0002251271267643733
census_geographies/2010_tracts.shp, study_areas/definitions/cbsa_48620_march_2020.shp, 1167.3652671522025, 1.105512147744504, 0.0009470147680866078
census_geographies/2010_tracts.shp, study_areas/definitions/cbsa_48660_march_2020.shp, 1167.3652671522025, 0.674413044616499, 0.0005777223835532946
census_geographies/2010_tracts.shp, study_areas/definitions/cbsa_48700_march_2020.shp, 1167.3652671522025, 0.3465708785460001, 0.0002968829793878164
census_geographies/2010_tracts.shp, study_areas/definitions/cbsa_48900_march_2020.shp, 1167.3652671522025, 0.32030187363349977, 0.00027438016415794083
census_geographies/2010_tracts.shp, study_areas/definitions/cbsa_49020_march_2020.shp, 1167.3652671522025, 0.2890981319969991, 0.0002476501058681114
census_geographies/2010_tracts.shp, study_areas/definitions/cbsa_49180_march_2020.shp, 1167.3652671522025, 0.5286150951750003, 0.0004528274997118608
census_geographies/2010_tracts.shp, study_areas/definitions/cbsa_49340_march_2020.shp, 1167.3652671522025, 0.5932681808900008, 0.0005082112665021151
census_geographies/2010_tracts.shp, study_areas/definitions/cbsa_49420_march_2020.shp, 1167.3652671522025, 1.3076204010135053, 0.0011201467422475712
census_geographies/2010_tracts.shp, study_areas/definitions/cbsa_49500_march_2020.shp, 1167.3652671522025, 0.0619594025799999, 5.307627725737497e-05
census_geographies/2010_tracts.shp, study_areas/definitions/cbsa_49620_march_2020.shp, 1167.3652671522025, 0.2484846655210001, 0.0002128593958660262
census_geographies/2010_tracts.shp, study_areas/definitions/cbsa_49660_march_2020.shp, 1167.3652671522025, 0.4852863111385001, 0.0004157107674809961
census_geographies/2010_tracts.shp, study_areas/definitions/cbsa_49700_march_2020.shp, 1167.3652671522025, 0.33799825520249943, 0.00028953941385205767
census_geographies/2010_tracts.shp, study_areas/definitions/cbsa_49740_march_2020.shp, 1167.3652671522025, 1.3756988454049994, 0.0011784647737216206
census_geographies/2000_tracts.shp, study_areas/definitions/cbsa_10180_march_2020.shp, 1167.3652671522025, 0.6849778605165034, 0.0005867725208130552
census_geographies/2000_tracts.shp, study_areas/definitions/cbsa_10380_march_2020.shp, 1167.3652671522025, 0.13519730590349968, 0.00011581405555547722
census_geographies/2000_tracts.shp, study_areas/definitions/cbsa_10420_march_2020.shp, 1167.3652671522025, 0.2572129871249993, 0.0002203363371881644
census_geographies/2000_tracts.shp, study_areas/definitions/cbsa_10500_march_2020.shp, 1167.3652671522025, 0.3961829912349996, 0.00033938219885665385
census_geographies/2000_tracts.shp, study_areas/definitions/cbsa_10540_march_2020.shp, 1167.3652671522025, 0.6768327417395013, 0.0005797951684742518
census_geographies/2000_tracts.shp, study_areas/definitions/cbsa_10580_march_2020.shp, 1167.3652671522025, 0.8200983325934994, 0.0007025207582148956
census_geographies/2000_tracts.shp, study_areas/definitions/cbsa_10740_march_2020.shp, 1167.3652671522025, 2.381220773963993, 0.0020398249296666167
census_geographies/2000_tracts.shp, study_areas/definitions/cbsa_10780_march_2020.shp, 1167.3652671522025, 0.49734586297300104, 0.0004260413402450122
census_geographies/2000_tracts.shp, study_areas/definitions/cbsa_10900_march_2020.shp, 1167.3652671522025, 0.40789170064850144, 0.00034941222951026865
census_geographies/2000_tracts.shp, study_areas/definitions/cbsa_11020_march_2020.shp, 1167.3652671522025, 0.1449593141145, 0.00012417648373942928
census_geographies/2000_tracts.shp, study_areas/definitions/cbsa_11100_march_2020.shp, 1167.3652671522025, 1.3296802766390001, 0.0011390438914486178
census_geographies/2000_tracts.shp, study_areas/definitions/cbsa_11180_march_2020.shp, 1167.3652671522025, 0.3230801628220004, 0.0002767601297665445
census_geographies/2000_tracts.shp, study_areas/definitions/cbsa_11260_march_2020.shp, 1167.3652671522025, 12.162117994484001, 0.01041843400408305
census_geographies/2000_tracts.shp, study_areas/definitions/cbsa_11460_march_2020.shp, 1167.3652671522025, 0.20412294358949987, 0.0001748578181424393
census_geographies/2000_tracts.shp, study_areas/definitions/cbsa_11500_march_2020.shp, 1167.3652671522025, 0.15434327198850042, 0.00013221506269843212
census_geographies/2000_tracts.shp, study_areas/definitions/cbsa_11540_march_2020.shp, 1167.3652671522025, 0.3041868179229999, 0.0002605755254866082
census_geographies/2000_tracts.shp, study_areas/definitions/cbsa_11640_march_2020.shp, 1167.3652671522025, 0.07228186367549973, 6.191880614354062e-05
census_geographies/2000_tracts.shp, study_areas/definitions/cbsa_11700_march_2020.shp, 1167.3652671522025, 0.5258362538145007, 0.0004504470610962092
census_geographies/2000_tracts.shp, study_areas/definitions/cbsa_12020_march_2020.shp, 1167.3652671522025, 0.26144990368850035, 0.0002239658066290679
census_geographies/2000_tracts.shp, study_areas/definitions/cbsa_12060_march_2020.shp, 1167.3652671522025, 2.2253249714579995, 0.0019062799228956834
census_geographies/2000_tracts.shp, study_areas/definitions/cbsa_12100_march_2020.shp, 1167.3652671522025, 0.1820353841429995, 0.00015593695415238486
census_geographies/2000_tracts.shp, study_areas/definitions/cbsa_12220_march_2020.shp, 1167.3652671522025, 0.15317315361200004, 0.0001312127043026278
census_geographies/2000_tracts.shp, study_areas/definitions/cbsa_12260_march_2020.shp, 1167.3652671522025, 0.899797765885995, 0.0007707936763281122
census_geographies/2000_tracts.shp, study_areas/definitions/cbsa_12420_march_2020.shp, 1167.3652671522025, 1.0390543609800045, 0.0008900850404045226
census_geographies/2000_tracts.shp, study_areas/definitions/cbsa_12540_march_2020.shp, 1167.3652671522025, 2.0958533405355007, 0.0017953706517655375
census_geographies/2000_tracts.shp, study_areas/definitions/cbsa_12580_march_2020.shp, 1167.3652671522025, 0.8398238192759989, 0.0007194182000332735
census_geographies/2000_tracts.shp, study_areas/definitions/cbsa_12620_march_2020.shp, 1167.3652671522025, 1.058852761289499, 0.0009070449422163974
census_geographies/2000_tracts.shp, study_areas/definitions/cbsa_12700_march_2020.shp, 1167.3652671522025, 0.36615367366500035, 0.00031365818734545303
census_geographies/2000_tracts.shp, study_areas/definitions/cbsa_12940_march_2020.shp, 1167.3652671522025, 1.1145944732780035, 0.00095479495976188
census_geographies/2000_tracts.shp, study_areas/definitions/cbsa_12980_march_2020.shp, 1167.3652671522025, 0.20294719872300013, 0.0001738506399270312
census_geographies/2000_tracts.shp, study_areas/definitions/cbsa_13020_march_2020.shp, 1167.3652671522025, 0.1824561439680004, 0.00015629738960205977
census_geographies/2000_tracts.shp, study_areas/definitions/cbsa_13140_march_2020.shp, 1167.3652671522025, 0.5791336998474996, 0.000496103247324037
census_geographies/2000_tracts.shp, study_areas/definitions/cbsa_13220_march_2020.shp, 1167.3652671522025, 0.3390074136479995, 0.000290403889157171
census_geographies/2000_tracts.shp, study_areas/definitions/cbsa_13380_march_2020.shp, 1167.3652671522025, 0.7941252868595019, 0.000680271470468517
census_geographies/2000_tracts.shp, study_areas/definitions/cbsa_13460_march_2020.shp, 1167.3652671522025, 0.8865289264044999, 0.0007594271915997593
census_geographies/2000_tracts.shp, study_areas/definitions/cbsa_13740_march_2020.shp, 1167.3652671522025, 1.9475853006164976, 0.001668359814548576
census_geographies/2000_tracts.shp, study_areas/definitions/cbsa_13780_march_2020.shp, 1167.3652671522025, 0.3494304747854997, 0.00029933259504793933
census_geographies/2000_tracts.shp, study_areas/definitions/cbsa_13820_march_2020.shp, 1167.3652671522025, 1.1458497208229952, 0.0009815691395532997
census_geographies/2000_tracts.shp, study_areas/definitions/cbsa_13900_march_2020.shp, 1167.3652671522025, 1.3281004461114991, 0.0011376905613710879
census_geographies/2000_tracts.shp, study_areas/definitions/cbsa_13980_march_2020.shp, 1167.3652671522025, 0.28635871403950053, 0.0002453034385184982
census_geographies/2000_tracts.shp, study_areas/definitions/cbsa_14010_march_2020.shp, 1167.3652671522025, 0.3263603633489992, 0.00027957004763826674
census_geographies/2000_tracts.shp, study_areas/definitions/cbsa_14020_march_2020.shp, 1167.3652671522025, 0.21592768234050003, 0.00018497011039848518
census_geographies/2000_tracts.shp, study_areas/definitions/cbsa_14100_march_2020.shp, 1167.3652671522025, 0.1725595569144993, 0.0001478196771567993
census_geographies/2000_tracts.shp, study_areas/definitions/cbsa_14260_march_2020.shp, 1167.3652671522025, 3.384374661969996, 0.002899156551253411
census_geographies/2000_tracts.shp, study_areas/definitions/cbsa_14460_march_2020.shp, 1167.3652671522025, 1.280435662368499, 0.0010968594821157672
census_geographies/2000_tracts.shp, study_areas/definitions/cbsa_14500_march_2020.shp, 1167.3652671522025, 0.20381962177050017, 0.00017459798360089973
census_geographies/2000_tracts.shp, study_areas/definitions/cbsa_14540_march_2020.shp, 1167.3652671522025, 0.42991955442950003, 0.00036828194784164895
census_geographies/2000_tracts.shp, study_areas/definitions/cbsa_14740_march_2020.shp, 1167.3652671522025, 0.17544006776400015, 0.00015028720889733826
census_geographies/2000_tracts.shp, study_areas/definitions/cbsa_14860_march_2020.shp, 1167.3652671522025, 0.2328097233180003, 0.00019943177158760394
census_geographies/2000_tracts.shp, study_areas/definitions/cbsa_15180_march_2020.shp, 1167.3652671522025, 0.2984351542615, 0.0002556484783803232
census_geographies/2000_tracts.shp, study_areas/definitions/cbsa_15260_march_2020.shp, 1167.3652671522025, 0.39417265771400106, 0.0003376600870399276
census_geographies/2000_tracts.shp, study_areas/definitions/cbsa_15380_march_2020.shp, 1167.3652671522025, 0.6770409862795008, 0.0005799735569751429
census_geographies/2000_tracts.shp, study_areas/definitions/cbsa_15500_march_2020.shp, 1167.3652671522025, 0.11260527285599957, 9.646104439161625e-05
census_geographies/2000_tracts.shp, study_areas/definitions/cbsa_15540_march_2020.shp, 1167.3652671522025, 0.4427704962970013, 0.00037929044897587515
census_geographies/2000_tracts.shp, study_areas/definitions/cbsa_15680_march_2020.shp, 1167.3652671522025, 0.2036256714609992, 0.00017443183996534843
census_geographies/2000_tracts.shp, study_areas/definitions/cbsa_15940_march_2020.shp, 1167.3652671522025, 0.2703782365500002, 0.00023161408357607745
census_geographies/2000_tracts.shp, study_areas/definitions/cbsa_15980_march_2020.shp, 1167.3652671522025, 0.2844731587084997, 0.00024368821543104018
census_geographies/2000_tracts.shp, study_areas/definitions/cbsa_16020_march_2020.shp, 1167.3652671522025, 0.38444798509500006, 0.0003293296416406702
census_geographies/2000_tracts.shp, study_areas/definitions/cbsa_16060_march_2020.shp, 1167.3652671522025, 0.3692205026715004, 0.0003162853247914571
census_geographies/2000_tracts.shp, study_areas/definitions/cbsa_16180_march_2020.shp, 1167.3652671522025, 0.042438145167999645, 3.635378433995031e-05
census_geographies/2000_tracts.shp, study_areas/definitions/cbsa_16220_march_2020.shp, 1167.3652671522025, 1.5360672886064997, 0.0013158411782746876
census_geographies/2000_tracts.shp, study_areas/definitions/cbsa_16300_march_2020.shp, 1167.3652671522025, 0.5693246921359997, 0.00048770055796235236
census_geographies/2000_tracts.shp, study_areas/definitions/cbsa_16540_march_2020.shp, 1167.3652671522025, 0.21090350767299998, 0.00018066625212132694
census_geographies/2000_tracts.shp, study_areas/definitions/cbsa_16580_march_2020.shp, 1167.3652671522025, 0.39333364192650094, 0.00033694136102407923
census_geographies/2000_tracts.shp, study_areas/definitions/cbsa_16620_march_2020.shp, 1167.3652671522025, 0.7122632596520004, 0.0006101460097314465
census_geographies/2000_tracts.shp, study_areas/definitions/cbsa_16700_march_2020.shp, 1167.3652671522025, 0.7905407393685001, 0.0006772008398853865
census_geographies/2000_tracts.shp, study_areas/definitions/cbsa_16740_march_2020.shp, 1167.3652671522025, 1.4647702644439984, 0.0012547660151113781
census_geographies/2000_tracts.shp, study_areas/definitions/cbsa_16820_march_2020.shp, 1167.3652671522025, 0.44030228493150037, 0.0003771761053038879
census_geographies/2000_tracts.shp, study_areas/definitions/cbsa_16860_march_2020.shp, 1167.3652671522025, 0.5471180189800003, 0.00046867765760643147
census_geographies/2000_tracts.shp, study_areas/definitions/cbsa_16940_march_2020.shp, 1167.3652671522025, 0.7484297339885012, 0.0006411272932715413
census_geographies/2000_tracts.shp, study_areas/definitions/cbsa_16980_march_2020.shp, 1167.3652671522025, 2.688639491686502, 0.0023031689971772596
census_geographies/2000_tracts.shp, study_areas/definitions/cbsa_17020_march_2020.shp, 1167.3652671522025, 0.45594205885200056, 0.00039057360337975026
census_geographies/2000_tracts.shp, study_areas/definitions/cbsa_17140_march_2020.shp, 1167.3652671522025, 1.2489642779629953, 0.0010699001530256715
census_geographies/2000_tracts.shp, study_areas/definitions/cbsa_17300_march_2020.shp, 1167.3652671522025, 0.5855736414455018, 0.0005016198938949193
census_geographies/2000_tracts.shp, study_areas/definitions/cbsa_17420_march_2020.shp, 1167.3652671522025, 0.19820489900799973, 0.00016978824416416147
census_geographies/2000_tracts.shp, study_areas/definitions/cbsa_17460_march_2020.shp, 1167.3652671522025, 1.1129974961435012, 0.0009534269413879926
census_geographies/2000_tracts.shp, study_areas/definitions/cbsa_17660_march_2020.shp, 1167.3652671522025, 0.4081190391784996, 0.00034960697449403264
census_geographies/2000_tracts.shp, study_areas/definitions/cbsa_17780_march_2020.shp, 1167.3652671522025, 0.5205458653259998, 0.0004459151560983786
census_geographies/2000_tracts.shp, study_areas/definitions/cbsa_17820_march_2020.shp, 1167.3652671522025, 0.7224886668974994, 0.0006189053993871315
census_geographies/2000_tracts.shp, study_areas/definitions/cbsa_17860_march_2020.shp, 1167.3652671522025, 0.46627290320899895, 0.0003994233136184321
census_geographies/2000_tracts.shp, study_areas/definitions/cbsa_17900_march_2020.shp, 1167.3652671522025, 0.9700519082945012, 0.0008309754757916955
census_geographies/2000_tracts.shp, study_areas/definitions/cbsa_17980_march_2020.shp, 1167.3652671522025, 0.6997205335070003, 0.0005994015354028602
census_geographies/2000_tracts.shp, study_areas/definitions/cbsa_18020_march_2020.shp, 1167.3652671522025, 0.11060971153800003, 9.47515868857683e-05
census_geographies/2000_tracts.shp, study_areas/definitions/cbsa_18140_march_2020.shp, 1167.3652671522025, 1.324543133309506, 0.0011346432608370645
census_geographies/2000_tracts.shp, study_areas/definitions/cbsa_18580_march_2020.shp, 1167.3652671522025, 0.4445133326265001, 0.00038078341469837817
census_geographies/2000_tracts.shp, study_areas/definitions/cbsa_18700_march_2020.shp, 1167.3652671522025, 0.19903306003849966, 0.00017049767167053248
census_geographies/2000_tracts.shp, study_areas/definitions/cbsa_18880_march_2020.shp, 1167.3652671522025, 0.5658145404264993, 0.00048469365703059564
census_geographies/2000_tracts.shp, study_areas/definitions/cbsa_19060_march_2020.shp, 1167.3652671522025, 0.20598507101100041, 0.00017645297218196558
census_geographies/2000_tracts.shp, study_areas/definitions/cbsa_19100_march_2020.shp, 1167.3652671522025, 2.246943617199998, 0.0019247991013827542
census_geographies/2000_tracts.shp, study_areas/definitions/cbsa_19140_march_2020.shp, 1167.3652671522025, 0.16262351945000014, 0.00013930817030964233
census_geographies/2000_tracts.shp, study_areas/definitions/cbsa_19180_march_2020.shp, 1167.3652671522025, 0.24684423387149967, 0.0002114541530550059
census_geographies/2000_tracts.shp, study_areas/definitions/cbsa_19300_march_2020.shp, 1167.3652671522025, 0.4941813673019983, 0.0004233305386132979
census_geographies/2000_tracts.shp, study_areas/definitions/cbsa_19340_march_2020.shp, 1167.3652671522025, 0.6452322622535017, 0.0005527252526773829
census_geographies/2000_tracts.shp, study_areas/definitions/cbsa_19430_march_2020.shp, 1167.3652671522025, 0.3515689402784997, 0.00030116446854389897
census_geographies/2000_tracts.shp, study_areas/definitions/cbsa_19460_march_2020.shp, 1167.3652671522025, 0.3345873327244993, 0.0002866175156476327
census_geographies/2000_tracts.shp, study_areas/definitions/cbsa_19500_march_2020.shp, 1167.3652671522025, 0.159711695806, 0.0001368138150928698
census_geographies/2000_tracts.shp, study_areas/definitions/cbsa_19660_march_2020.shp, 1167.3652671522025, 0.48124806743049875, 0.0004122514871497826
census_geographies/2000_tracts.shp, study_areas/definitions/cbsa_19740_march_2020.shp, 1167.3652671522025, 2.274306557126989, 0.0019482390140621363
census_geographies/2000_tracts.shp, study_areas/definitions/cbsa_19780_march_2020.shp, 1167.3652671522025, 1.019136627322002, 0.0008730229140774373
census_geographies/2000_tracts.shp, study_areas/definitions/cbsa_19820_march_2020.shp, 1167.3652671522025, 1.2055556135065004, 0.0010327149928380716
census_geographies/2000_tracts.shp, study_areas/definitions/cbsa_20020_march_2020.shp, 1167.3652671522025, 0.42400869262400054, 0.00036321852684410714
census_geographies/2000_tracts.shp, study_areas/definitions/cbsa_20100_march_2020.shp, 1167.3652671522025, 0.21529285337349988, 0.00018442629691965107
census_geographies/2000_tracts.shp, study_areas/definitions/cbsa_20220_march_2020.shp, 1167.3652671522025, 0.17482258544700008, 0.000149758255077677
census_geographies/2000_tracts.shp, study_areas/definitions/cbsa_20260_march_2020.shp, 1167.3652671522025, 3.7645854798925007, 0.003224856508774018
census_geographies/2000_tracts.shp, study_areas/definitions/cbsa_20500_march_2020.shp, 1167.3652671522025, 0.608831893957499, 0.0005215436085765594
census_geographies/2000_tracts.shp, study_areas/definitions/cbsa_20700_march_2020.shp, 1167.3652671522025, 0.17112718160350002, 0.00014659266162763798
census_geographies/2000_tracts.shp, study_areas/definitions/cbsa_20740_march_2020.shp, 1167.3652671522025, 0.49798278698899945, 0.0004265869484054744
census_geographies/2000_tracts.shp, study_areas/definitions/cbsa_20940_march_2020.shp, 1167.3652671522025, 1.1204479446964979, 0.0009598092184375505
census_geographies/2000_tracts.shp, study_areas/definitions/cbsa_21060_march_2020.shp, 1167.3652671522025, 0.32252848894400077, 0.00027628754942385066
census_geographies/2000_tracts.shp, study_areas/definitions/cbsa_21140_march_2020.shp, 1167.3652671522025, 0.13085712507250002, 0.00011209612685473083
census_geographies/2000_tracts.shp, study_areas/definitions/cbsa_21300_march_2020.shp, 1167.3652671522025, 0.11586546167350005, 9.925381963449609e-05
census_geographies/2000_tracts.shp, study_areas/definitions/cbsa_21340_march_2020.shp, 1167.3652671522025, 1.373848289320994, 0.0011768795320358542
census_geographies/2000_tracts.shp, study_areas/definitions/cbsa_21420_march_2020.shp, 1167.3652671522025, 0.2757398832249993, 0.0002362070304675666
census_geographies/2000_tracts.shp, study_areas/definitions/cbsa_21500_march_2020.shp, 1167.3652671522025, 0.4393335941089998, 0.000376346295774893
census_geographies/2000_tracts.shp, study_areas/definitions/cbsa_21660_march_2020.shp, 1167.3652671522025, 1.370903564041004, 0.0011743569922937104
census_geographies/2000_tracts.shp, study_areas/definitions/cbsa_21780_march_2020.shp, 1167.3652671522025, 0.4017930685920003, 0.0003441879589001118
census_geographies/2000_tracts.shp, study_areas/definitions/cbsa_21820_march_2020.shp, 1167.3652671522025, 3.6395196273169996, 0.003117721359138634
census_geographies/2000_tracts.shp, study_areas/definitions/cbsa_22020_march_2020.shp, 1167.3652671522025, 0.8626805535419987, 0.0007389979621772671
census_geographies/2000_tracts.shp, study_areas/definitions/cbsa_22140_march_2020.shp, 1167.3652671522025, 1.4430114611704987, 0.0012361267734911606
census_geographies/2000_tracts.shp, study_areas/definitions/cbsa_22180_march_2020.shp, 1167.3652671522025, 0.42312440630349996, 0.00036246102073579384
census_geographies/2000_tracts.shp, study_areas/definitions/cbsa_22220_march_2020.shp, 1167.3652671522025, 0.6930382078784982, 0.0005936772554225216
census_geographies/2000_tracts.shp, study_areas/definitions/cbsa_22380_march_2020.shp, 1167.3652671522025, 4.821756461422492, 0.004130460788151774
census_geographies/2000_tracts.shp, study_areas/definitions/cbsa_22420_march_2020.shp, 1167.3652671522025, 0.18579162026900017, 0.0001591546583549127
census_geographies/2000_tracts.shp, study_areas/definitions/cbsa_22500_march_2020.shp, 1167.3652671522025, 0.3470038067414997, 0.0002972538386275775
census_geographies/2000_tracts.shp, study_areas/definitions/cbsa_22520_march_2020.shp, 1167.3652671522025, 0.3426986539824998, 0.00029356591602088363
census_geographies/2000_tracts.shp, study_areas/definitions/cbsa_22540_march_2020.shp, 1167.3652671522025, 0.22166406340549955, 0.00018988406597555445
census_geographies/2000_tracts.shp, study_areas/definitions/cbsa_22660_march_2020.shp, 1167.3652671522025, 0.7265148856935006, 0.0006223543788190991
census_geographies/2000_tracts.shp, study_areas/definitions/cbsa_22900_march_2020.shp, 1167.3652671522025, 0.6388814515804988, 0.0005472849583224756
census_geographies/2000_tracts.shp, study_areas/definitions/cbsa_23060_march_2020.shp, 1167.3652671522025, 0.2770690683780009, 0.00023734565022129984
census_geographies/2000_tracts.shp, study_areas/definitions/cbsa_23420_march_2020.shp, 1167.3652671522025, 1.572893606412002, 0.0013473877034641346
census_geographies/2000_tracts.shp, study_areas/definitions/cbsa_23460_march_2020.shp, 1167.3652671522025, 0.13873473532799974, 0.00011884432339369177
census_geographies/2000_tracts.shp, study_areas/definitions/cbsa_23540_march_2020.shp, 1167.3652671522025, 0.6593731156920006, 0.0005648387306404507
census_geographies/2000_tracts.shp, study_areas/definitions/cbsa_23580_march_2020.shp, 1167.3652671522025, 0.10886447060049995, 9.325656130413726e-05
census_geographies/2000_tracts.shp, study_areas/definitions/cbsa_23900_march_2020.shp, 1167.3652671522025, 0.1422615051800008, 0.00012186545992331
census_geographies/2000_tracts.shp, study_areas/definitions/cbsa_24020_march_2020.shp, 1167.3652671522025, 0.5118699517040012, 0.000438483109020977
census_geographies/2000_tracts.shp, study_areas/definitions/cbsa_24140_march_2020.shp, 1167.3652671522025, 0.14303553536549948, 0.00012252851732897269
census_geographies/2000_tracts.shp, study_areas/definitions/cbsa_24220_march_2020.shp, 1167.3652671522025, 1.069548189501996, 0.0009162069658892353
census_geographies/2000_tracts.shp, study_areas/definitions/cbsa_24260_march_2020.shp, 1167.3652671522025, 0.4502952889980003, 0.0003857364114460074
census_geographies/2000_tracts.shp, study_areas/definitions/cbsa_24300_march_2020.shp, 1167.3652671522025, 0.9000611258905024, 0.0007710192783842277
census_geographies/2000_tracts.shp, study_areas/definitions/cbsa_24340_march_2020.shp, 1167.3652671522025, 1.0883144260645004, 0.0009322826853667256
census_geographies/2000_tracts.shp, study_areas/definitions/cbsa_24420_march_2020.shp, 1167.3652671522025, 0.4647354677715012, 0.0003981063004429002
census_geographies/2000_tracts.shp, study_areas/definitions/cbsa_24500_march_2020.shp, 1167.3652671522025, 0.8353500981464983, 0.0007155858767190684
census_geographies/2000_tracts.shp, study_areas/definitions/cbsa_24540_march_2020.shp, 1167.3652671522025, 1.1074212158575012, 0.0009486501329263159
census_geographies/2000_tracts.shp, study_areas/definitions/cbsa_24580_march_2020.shp, 1167.3652671522025, 0.8377372451815014, 0.0007176307782611766
census_geographies/2000_tracts.shp, study_areas/definitions/cbsa_24660_march_2020.shp, 1167.3652671522025, 0.5230002648434999, 0.0004480176681283002
census_geographies/2000_tracts.shp, study_areas/definitions/cbsa_24780_march_2020.shp, 1167.3652671522025, 0.16867349883899993, 0.000144490763589772
census_geographies/2000_tracts.shp, study_areas/definitions/cbsa_24860_march_2020.shp, 1167.3652671522025, 0.7103621688895025, 0.0006085174785287531
census_geographies/2000_tracts.shp, study_areas/definitions/cbsa_25020_march_2020.shp, 1167.3652671522025, 0.04811093286150014, 4.121326393311938e-05
census_geographies/2000_tracts.shp, study_areas/definitions/cbsa_25060_march_2020.shp, 1167.3652671522025, 0.7348781028985019, 0.0006295185607939521
census_geographies/2000_tracts.shp, study_areas/definitions/cbsa_25180_march_2020.shp, 1167.3652671522025, 0.27643044009900053, 0.0002367985821381811
census_geographies/2000_tracts.shp, study_areas/definitions/cbsa_25220_march_2020.shp, 1167.3652671522025, 0.20063764361600048, 0.00017187220595097686
census_geographies/2000_tracts.shp, study_areas/definitions/cbsa_25260_march_2020.shp, 1167.3652671522025, 0.36060275778900036, 0.00030890310679595074
census_geographies/2000_tracts.shp, study_areas/definitions/cbsa_25420_march_2020.shp, 1167.3652671522025, 0.45668318655600065, 0.0003912084755357534
census_geographies/2000_tracts.shp, study_areas/definitions/cbsa_25500_march_2020.shp, 1167.3652671522025, 0.2329541854304998, 0.00019955552215357027
census_geographies/2000_tracts.shp, study_areas/definitions/cbsa_25540_march_2020.shp, 1167.3652671522025, 0.45024961412450065, 0.00038569728498337837
census_geographies/2000_tracts.shp, study_areas/definitions/cbsa_25620_march_2020.shp, 1167.3652671522025, 0.4994038999139996, 0.0004278043162379669
census_geographies/2000_tracts.shp, study_areas/definitions/cbsa_25860_march_2020.shp, 1167.3652671522025, 0.43016039743600004, 0.00036848826116386006
census_geographies/2000_tracts.shp, study_areas/definitions/cbsa_25940_march_2020.shp, 1167.3652671522025, 0.40278700192500005, 0.00034503939191852297
census_geographies/2000_tracts.shp, study_areas/definitions/cbsa_25980_march_2020.shp, 1167.3652671522025, 0.24819287484400165, 0.00021260943924558445
census_geographies/2000_tracts.shp, study_areas/definitions/cbsa_26140_march_2020.shp, 1167.3652671522025, 0.18518161196999983, 0.00015863210700259393
census_geographies/2000_tracts.shp, study_areas/definitions/cbsa_26300_march_2020.shp, 1167.3652671522025, 0.1869260504429994, 0.00016012644516913467
census_geographies/2000_tracts.shp, study_areas/definitions/cbsa_26380_march_2020.shp, 1167.3652671522025, 0.8562001334234968, 0.000733446640495142
census_geographies/2000_tracts.shp, study_areas/definitions/cbsa_26420_march_2020.shp, 1167.3652671522025, 2.281383960554497, 0.001954301729500615
census_geographies/2000_tracts.shp, study_areas/definitions/cbsa_26580_march_2020.shp, 1167.3652671522025, 0.6775033071760019, 0.0005803695948816235
census_geographies/2000_tracts.shp, study_areas/definitions/cbsa_26620_march_2020.shp, 1167.3652671522025, 0.3621823906809979, 0.0003102562675729979
census_geographies/2000_tracts.shp, study_areas/definitions/cbsa_26820_march_2020.shp, 1167.3652671522025, 1.5133715697990027, 0.0012963993467879043
census_geographies/2000_tracts.shp, study_areas/definitions/cbsa_26900_march_2020.shp, 1167.3652671522025, 1.1814199404074994, 0.0010120396534407637
census_geographies/2000_tracts.shp, study_areas/definitions/cbsa_26980_march_2020.shp, 1167.3652671522025, 0.33355439686100025, 0.000285732671895155
census_geographies/2000_tracts.shp, study_areas/definitions/cbsa_27060_march_2020.shp, 1167.3652671522025, 0.1393253892175008, 0.00011935029518000502
census_geographies/2000_tracts.shp, study_areas/definitions/cbsa_27100_march_2020.shp, 1167.3652671522025, 0.20441138488849978, 0.0001751049055855183
census_geographies/2000_tracts.shp, study_areas/definitions/cbsa_27140_march_2020.shp, 1167.3652671522025, 1.3643445060025001, 0.001168738307017503
census_geographies/2000_tracts.shp, study_areas/definitions/cbsa_27180_march_2020.shp, 1167.3652671522025, 0.4430284625194988, 0.00037951143055701026
census_geographies/2000_tracts.shp, study_areas/definitions/cbsa_27260_march_2020.shp, 1167.3652671522025, 0.8976637152445018, 0.0007689655847259874
census_geographies/2000_tracts.shp, study_areas/definitions/cbsa_27340_march_2020.shp, 1167.3652671522025, 0.23126106381750008, 0.00019810514354402835
census_geographies/2000_tracts.shp, study_areas/definitions/cbsa_27500_march_2020.shp, 1167.3652671522025, 0.20651760077150003, 0.00017690915310106963
census_geographies/2000_tracts.shp, study_areas/definitions/cbsa_27620_march_2020.shp, 1167.3652671522025, 0.6106353954449976, 0.0005230885418877056
census_geographies/2000_tracts.shp, study_areas/definitions/cbsa_27740_march_2020.shp, 1167.3652671522025, 0.2243675799095001, 0.0001921999790664037
census_geographies/2000_tracts.shp, study_areas/definitions/cbsa_27780_march_2020.shp, 1167.3652671522025, 0.19081145849850062, 0.0001634548019095915
census_geographies/2000_tracts.shp, study_areas/definitions/cbsa_27860_march_2020.shp, 1167.3652671522025, 0.3807605193029993, 0.0003261708481629472
census_geographies/2000_tracts.shp, study_areas/definitions/cbsa_27900_march_2020.shp, 1167.3652671522025, 0.3326657463250001, 0.0002849714272693251
census_geographies/2000_tracts.shp, study_areas/definitions/cbsa_27980_march_2020.shp, 1167.3652671522025, 0.5391509704310001, 0.000461852845550445
census_geographies/2000_tracts.shp, study_areas/definitions/cbsa_28020_march_2020.shp, 1167.3652671522025, 0.16394574190849998, 0.00014044082561103348
census_geographies/2000_tracts.shp, study_areas/definitions/cbsa_28100_march_2020.shp, 1167.3652671522025, 0.1892602367965003, 0.00016212597900758368
census_geographies/2000_tracts.shp, study_areas/definitions/cbsa_28140_march_2020.shp, 1167.3652671522025, 1.9840917338510011, 0.001699632317047782
census_geographies/2000_tracts.shp, study_areas/definitions/cbsa_28420_march_2020.shp, 1167.3652671522025, 0.9160064400899991, 0.00078467851140081
census_geographies/2000_tracts.shp, study_areas/definitions/cbsa_28660_march_2020.shp, 1167.3652671522025, 0.7007364808609994, 0.0006002718262900284
census_geographies/2000_tracts.shp, study_areas/definitions/cbsa_28700_march_2020.shp, 1167.3652671522025, 0.5340322591659974, 0.000457468004396579
census_geographies/2000_tracts.shp, study_areas/definitions/cbsa_28740_march_2020.shp, 1167.3652671522025, 0.3261256300315, 0.000279368968058375
census_geographies/2000_tracts.shp, study_areas/definitions/cbsa_28940_march_2020.shp, 1167.3652671522025, 0.8668269861544987, 0.0007425499203596579
census_geographies/2000_tracts.shp, study_areas/definitions/cbsa_29020_march_2020.shp, 1167.3652671522025, 0.08085330683357454, 6.926136069716797e-05
census_geographies/2000_tracts.shp, study_areas/definitions/cbsa_29100_march_2020.shp, 1167.3652671522025, 0.3036914550085008, 0.00026015118279932957
census_geographies/2000_tracts.shp, study_areas/definitions/cbsa_29180_march_2020.shp, 1167.3652671522025, 1.0446213090074974, 0.0008948538545744641
census_geographies/2000_tracts.shp, study_areas/definitions/cbsa_29200_march_2020.shp, 1167.3652671522025, 0.4541725581790003, 0.0003890577961831588
census_geographies/2000_tracts.shp, study_areas/definitions/cbsa_29340_march_2020.shp, 1167.3652671522025, 0.7338416695600005, 0.0006286307209997892
census_geographies/2000_tracts.shp, study_areas/definitions/cbsa_29420_march_2020.shp, 1167.3652671522025, 3.472310335421016, 0.0029744848790059916
census_geographies/2000_tracts.shp, study_areas/definitions/cbsa_29460_march_2020.shp, 1167.3652671522025, 0.47749226707349923, 0.0004090341562400136
census_geographies/2000_tracts.shp, study_areas/definitions/cbsa_29540_march_2020.shp, 1167.3652671522025, 0.2688739922625002, 0.00023032550293227466
census_geographies/2000_tracts.shp, study_areas/definitions/cbsa_29620_march_2020.shp, 1167.3652671522025, 0.6425732924074999, 0.0005504474995860233
census_geographies/2000_tracts.shp, study_areas/definitions/cbsa_29700_march_2020.shp, 1167.3652671522025, 0.8003414857075006, 0.0006855964523083169
census_geographies/2000_tracts.shp, study_areas/definitions/cbsa_29740_march_2020.shp, 1167.3652671522025, 0.9465177254249988, 0.0008108153909136229
census_geographies/2000_tracts.shp, study_areas/definitions/cbsa_29820_march_2020.shp, 1167.3652671522025, 2.101846668482503, 0.001800504715726189
census_geographies/2000_tracts.shp, study_areas/definitions/cbsa_29940_march_2020.shp, 1167.3652671522025, 0.12762315331700003, 0.00010932580993122898
census_geographies/2000_tracts.shp, study_areas/definitions/cbsa_30020_march_2020.shp, 1167.3652671522025, 0.4388268754245002, 0.00037591222539541723
census_geographies/2000_tracts.shp, study_areas/definitions/cbsa_30140_march_2020.shp, 1167.3652671522025, 0.09956679749400009, 8.529189645747654e-05
census_geographies/2000_tracts.shp, study_areas/definitions/cbsa_30300_march_2020.shp, 1167.3652671522025, 0.4524590155149994, 0.000387589924290601
census_geographies/2000_tracts.shp, study_areas/definitions/cbsa_30340_march_2020.shp, 1167.3652671522025, 0.1448797138589995, 0.0001241082957799788
census_geographies/2000_tracts.shp, study_areas/definitions/cbsa_30460_march_2020.shp, 1167.3652671522025, 0.3947665522719997, 0.00033816883487979395
census_geographies/2000_tracts.shp, study_areas/definitions/cbsa_30620_march_2020.shp, 1167.3652671522025, 0.11239407005799966, 9.628012175845008e-05
census_geographies/2000_tracts.shp, study_areas/definitions/cbsa_30700_march_2020.shp, 1167.3652671522025, 0.3931895659540008, 0.00033681794123718454
census_geographies/2000_tracts.shp, study_areas/definitions/cbsa_30780_march_2020.shp, 1167.3652671522025, 1.0706242668055, 0.0009171287658894435
census_geographies/2000_tracts.shp, study_areas/definitions/cbsa_30860_march_2020.shp, 1167.3652671522025, 0.5173622184965005, 0.0004431879490115464
census_geographies/2000_tracts.shp, study_areas/definitions/cbsa_30980_march_2020.shp, 1167.3652671522025, 0.676104079983998, 0.0005791709750225478
census_geographies/2000_tracts.shp, study_areas/definitions/cbsa_31020_march_2020.shp, 1167.3652671522025, 0.35199830652750036, 0.0003015322765137627
census_geographies/2000_tracts.shp, study_areas/definitions/cbsa_31080_march_2020.shp, 1167.3652671522025, 1.442698918527998, 0.0012358590401164446
census_geographies/2000_tracts.shp, study_areas/definitions/cbsa_31140_march_2020.shp, 1167.3652671522025, 0.8779828097059982, 0.0007521063324488356
census_geographies/2000_tracts.shp, study_areas/definitions/cbsa_31180_march_2020.shp, 1167.3652671522025, 0.6772375805494995, 0.0005801419655063289
census_geographies/2000_tracts.shp, study_areas/definitions/cbsa_31340_march_2020.shp, 1167.3652671522025, 0.565532262367501, 0.0004844518492032248
census_geographies/2000_tracts.shp, study_areas/definitions/cbsa_31420_march_2020.shp, 1167.3652671522025, 0.4335454975800004, 0.0003713880391847175
census_geographies/2000_tracts.shp, study_areas/definitions/cbsa_31460_march_2020.shp, 1167.3652671522025, 0.5661764051235002, 0.0004850036411522611
census_geographies/2000_tracts.shp, study_areas/definitions/cbsa_31540_march_2020.shp, 1167.3652671522025, 0.9695430868730018, 0.0008305396041448196
census_geographies/2000_tracts.shp, study_areas/definitions/cbsa_31700_march_2020.shp, 1167.3652671522025, 0.2547534084814991, 0.00021822938856402006
census_geographies/2000_tracts.shp, study_areas/definitions/cbsa_31740_march_2020.shp, 1167.3652671522025, 0.510479710135002, 0.00043729218651529836
census_geographies/2000_tracts.shp, study_areas/definitions/cbsa_31860_march_2020.shp, 1167.3652671522025, 0.3590677919225005, 0.0003075882091287926
census_geographies/2000_tracts.shp, study_areas/definitions/cbsa_31900_march_2020.shp, 1167.3652671522025, 0.13815550139899963, 0.00011834813428707807
census_geographies/2000_tracts.shp, study_areas/definitions/cbsa_32420_march_2020.shp, 1167.3652671522025, 0.07338917597800033, 6.286736297802816e-05
census_geographies/2000_tracts.shp, study_areas/definitions/cbsa_32580_march_2020.shp, 1167.3652671522025, 0.37085119121850013, 0.00031768222136949024
census_geographies/2000_tracts.shp, study_areas/definitions/cbsa_32780_march_2020.shp, 1167.3652671522025, 0.7938558571289994, 0.0006800406689035879
census_geographies/2000_tracts.shp, study_areas/definitions/cbsa_32820_march_2020.shp, 1167.3652671522025, 1.202163223280002, 0.0010298089699145234
census_geographies/2000_tracts.shp, study_areas/definitions/cbsa_32900_march_2020.shp, 1167.3652671522025, 0.5183318783014981, 0.00044401858859992733
census_geographies/2000_tracts.shp, study_areas/definitions/cbsa_33100_march_2020.shp, 1167.3652671522025, 1.4345941722355027, 0.0012289162720552818
census_geographies/2000_tracts.shp, study_areas/definitions/cbsa_33140_march_2020.shp, 1167.3652671522025, 0.17141116175599883, 0.00014683592751920554
census_geographies/2000_tracts.shp, study_areas/definitions/cbsa_33220_march_2020.shp, 1167.3652671522025, 0.15257568668400032, 0.0001307008962637804
census_geographies/2000_tracts.shp, study_areas/definitions/cbsa_33260_march_2020.shp, 1167.3652671522025, 0.4497529372930004, 0.0003852718167555015
census_geographies/2000_tracts.shp, study_areas/definitions/cbsa_33340_march_2020.shp, 1167.3652671522025, 0.9525899519319987, 0.0008160170417403715
census_geographies/2000_tracts.shp, study_areas/definitions/cbsa_33460_march_2020.shp, 1167.3652671522025, 2.2265620429395017, 0.0019073396353235853
census_geographies/2000_tracts.shp, study_areas/definitions/cbsa_33540_march_2020.shp, 1167.3652671522025, 0.8025840925714997, 0.0006875175364172093
census_geographies/2000_tracts.shp, study_areas/definitions/cbsa_33660_march_2020.shp, 1167.3652671522025, 0.6682405124529989, 0.0005724348079013669
census_geographies/2000_tracts.shp, study_areas/definitions/cbsa_33700_march_2020.shp, 1167.3652671522025, 0.4000161035610005, 0.00034266575751122283
census_geographies/2000_tracts.shp, study_areas/definitions/cbsa_33740_march_2020.shp, 1167.3652671522025, 0.5838561607379995, 0.0005001486485565239
census_geographies/2000_tracts.shp, study_areas/definitions/cbsa_33780_march_2020.shp, 1167.3652671522025, 0.19115651003300055, 0.00016375038337343073
census_geographies/2000_tracts.shp, study_areas/definitions/cbsa_33860_march_2020.shp, 1167.3652671522025, 0.6914433198325007, 0.0005923110266243252
census_geographies/2000_tracts.shp, study_areas/definitions/cbsa_34060_march_2020.shp, 1167.3652671522025, 0.2760043351619998, 0.0002364335679057119
census_geographies/2000_tracts.shp, study_areas/definitions/cbsa_34100_march_2020.shp, 1167.3652671522025, 0.2056290296005002, 0.0001761479764616725
census_geographies/2000_tracts.shp, study_areas/definitions/cbsa_34580_march_2020.shp, 1167.3652671522025, 0.6049462040960008, 0.0005182150104326576
census_geographies/2000_tracts.shp, study_areas/definitions/cbsa_34620_march_2020.shp, 1167.3652671522025, 0.10850233225250028, 9.294634276484227e-05
census_geographies/2000_tracts.shp, study_areas/definitions/cbsa_34740_march_2020.shp, 1167.3652671522025, 0.4194074895155003, 0.00035927699865411313
census_geographies/2000_tracts.shp, study_areas/definitions/cbsa_34820_march_2020.shp, 1167.3652671522025, 0.5822930336695007, 0.0004988096271615221
census_geographies/2000_tracts.shp, study_areas/definitions/cbsa_34900_march_2020.shp, 1167.3652671522025, 0.21093969181100033, 0.00018069724853608975
census_geographies/2000_tracts.shp, study_areas/definitions/cbsa_34940_march_2020.shp, 1167.3652671522025, 0.5394744908865, 0.0004621299828480872
census_geographies/2000_tracts.shp, study_areas/definitions/cbsa_34980_march_2020.shp, 1167.3652671522025, 1.4949079963430028, 0.00128058289757913
census_geographies/2000_tracts.shp, study_areas/definitions/cbsa_35100_march_2020.shp, 1167.3652671522025, 0.46471837922050013, 0.00039809166187904885
census_geographies/2000_tracts.shp, study_areas/definitions/cbsa_35300_march_2020.shp, 1167.3652671522025, 0.24021202462749955, 0.0002057728042684522
census_geographies/2000_tracts.shp, study_areas/definitions/cbsa_35380_march_2020.shp, 1167.3652671522025, 1.904946689114001, 0.0016318343047511895
census_geographies/2000_tracts.shp, study_areas/definitions/cbsa_35620_march_2020.shp, 1167.3652671522025, 2.5449742015419963, 0.002180101013070641
census_geographies/2000_tracts.shp, study_areas/definitions/cbsa_35660_march_2020.shp, 1167.3652671522025, 0.4450606081185007, 0.0003812522272520835
census_geographies/2000_tracts.shp, study_areas/definitions/cbsa_35840_march_2020.shp, 1167.3652671522025, 0.3822024876399988, 0.000327406081365077
census_geographies/2000_tracts.shp, study_areas/definitions/cbsa_35980_march_2020.shp, 1167.3652671522025, 0.2154215822644995, 0.00018453656993755032
census_geographies/2000_tracts.shp, study_areas/definitions/cbsa_36100_march_2020.shp, 1167.3652671522025, 0.39952578926799903, 0.0003422457396241072
census_geographies/2000_tracts.shp, study_areas/definitions/cbsa_36140_march_2020.shp, 1167.3652671522025, 0.16728718067050005, 0.00014330320198629735
census_geographies/2000_tracts.shp, study_areas/definitions/cbsa_36220_march_2020.shp, 1167.3652671522025, 0.2225930431104999, 0.00019067985777366627
census_geographies/2000_tracts.shp, study_areas/definitions/cbsa_36260_march_2020.shp, 1167.3652671522025, 2.4088227308169854, 0.0020634695913930427
census_geographies/2000_tracts.shp, study_areas/definitions/cbsa_36420_march_2020.shp, 1167.3652671522025, 1.4349129392335043, 0.0012291893373990702
census_geographies/2000_tracts.shp, study_areas/definitions/cbsa_36500_march_2020.shp, 1167.3652671522025, 0.2366184391184998, 0.0002026944314488065
census_geographies/2000_tracts.shp, study_areas/definitions/cbsa_36540_march_2020.shp, 1167.3652671522025, 1.2267663121744985, 0.0010508847116611627
census_geographies/2000_tracts.shp, study_areas/definitions/cbsa_36740_march_2020.shp, 1167.3652671522025, 0.9569549335529984, 0.0008197562155395442
census_geographies/2000_tracts.shp, study_areas/definitions/cbsa_36780_march_2020.shp, 1167.3652671522025, 0.16833865050900088, 0.0001442039224960534
census_geographies/2000_tracts.shp, study_areas/definitions/cbsa_36980_march_2020.shp, 1167.3652671522025, 0.24653010445600002, 0.00021118506040308387
census_geographies/2000_tracts.shp, study_areas/definitions/cbsa_37100_march_2020.shp, 1167.3652671522025, 0.5604290466800002, 0.00048008028202447005
census_geographies/2000_tracts.shp, study_areas/definitions/cbsa_37340_march_2020.shp, 1167.3652671522025, 0.37099214202750086, 0.0003178029640478677
census_geographies/2000_tracts.shp, study_areas/definitions/cbsa_37460_march_2020.shp, 1167.3652671522025, 0.2507709813154999, 0.00021481792235197972
census_geographies/2000_tracts.shp, study_areas/definitions/cbsa_37620_march_2020.shp, 1167.3652671522025, 0.1650156238080003, 0.00014135731844288748
census_geographies/2000_tracts.shp, study_areas/definitions/cbsa_37860_march_2020.shp, 1167.3652671522025, 0.4993282231464997, 0.0004277394892556767
census_geographies/2000_tracts.shp, study_areas/definitions/cbsa_37900_march_2020.shp, 1167.3652671522025, 0.9385532338964995, 0.0008039927692778697
census_geographies/2000_tracts.shp, study_areas/definitions/cbsa_37980_march_2020.shp, 1167.3652671522025, 1.3283432282290049, 0.001137898535793779
census_geographies/2000_tracts.shp, study_areas/definitions/cbsa_38060_march_2020.shp, 1167.3652671522025, 3.6558228580449947, 0.003131687194157666
census_geographies/2000_tracts.shp, study_areas/definitions/cbsa_38220_march_2020.shp, 1167.3652671522025, 0.5273657864119996, 0.00045175730446264943
census_geographies/2000_tracts.shp, study_areas/definitions/cbsa_38300_march_2020.shp, 1167.3652671522025, 1.4687031446770016, 0.0012581350379388238
census_geographies/2000_tracts.shp, study_areas/definitions/cbsa_38340_march_2020.shp, 1167.3652671522025, 0.2678863686544994, 0.00022947947501300125
census_geographies/2000_tracts.shp, study_areas/definitions/cbsa_38540_march_2020.shp, 1167.3652671522025, 0.7368135534245002, 0.0006311765255976505
census_geographies/2000_tracts.shp, study_areas/definitions/cbsa_38660_march_2020.shp, 1167.3652671522025, 0.0894781254360002, 7.66496382527149e-05
census_geographies/2000_tracts.shp, study_areas/definitions/cbsa_38860_march_2020.shp, 1167.3652671522025, 0.8255982338940009, 0.0007072321381533433
census_geographies/2000_tracts.shp, study_areas/definitions/cbsa_38900_march_2020.shp, 1167.3652671522025, 2.0371529017275, 0.001745086100340429
census_geographies/2000_tracts.shp, study_areas/definitions/cbsa_38940_march_2020.shp, 1167.3652671522025, 0.340102279592002, 0.00029134178406873835
census_geographies/2000_tracts.shp, study_areas/definitions/cbsa_39100_march_2020.shp, 1167.3652671522025, 0.4653322047210006, 0.0003986174831603329
census_geographies/2000_tracts.shp, study_areas/definitions/cbsa_39150_march_2020.shp, 1167.3652671522025, 2.068700996328501, 0.0017721111416781437
census_geographies/2000_tracts.shp, study_areas/definitions/cbsa_39300_march_2020.shp, 1167.3652671522025, 0.6258644426519999, 0.0005361341991772648
census_geographies/2000_tracts.shp, study_areas/definitions/cbsa_39340_march_2020.shp, 1167.3652671522025, 1.5131946602185098, 0.001296247800750455
census_geographies/2000_tracts.shp, study_areas/definitions/cbsa_39380_march_2020.shp, 1167.3652671522025, 0.6385022243144997, 0.0005469601009049475
census_geographies/2000_tracts.shp, study_areas/definitions/cbsa_39460_march_2020.shp, 1167.3652671522025, 0.20195794911399972, 0.00017300321912667308
census_geographies/2000_tracts.shp, study_areas/definitions/cbsa_39540_march_2020.shp, 1167.3652671522025, 0.22558139974600108, 0.0001932397734398153
census_geographies/2000_tracts.shp, study_areas/definitions/cbsa_39580_march_2020.shp, 1167.3652671522025, 0.5543125998354976, 0.00047484075073412794
census_geographies/2000_tracts.shp, study_areas/definitions/cbsa_39660_march_2020.shp, 1167.3652671522025, 1.831104828944497, 0.0015685791589563848
census_geographies/2000_tracts.shp, study_areas/definitions/cbsa_39740_march_2020.shp, 1167.3652671522025, 0.23792008555900018, 0.00020380946071781652
census_geographies/2000_tracts.shp, study_areas/definitions/cbsa_39820_march_2020.shp, 1167.3652671522025, 1.0627485725584989, 0.0009103822106606641
census_geographies/2000_tracts.shp, study_areas/definitions/cbsa_39900_march_2020.shp, 1167.3652671522025, 1.8782176473819994, 0.001608937408223501
census_geographies/2000_tracts.shp, study_areas/definitions/cbsa_40060_march_2020.shp, 1167.3652671522025, 1.1839752627335, 0.0010142286189667247
census_geographies/2000_tracts.shp, study_areas/definitions/cbsa_40140_march_2020.shp, 1167.3652671522025, 6.972442196989, 0.0059728025093622435
census_geographies/2000_tracts.shp, study_areas/definitions/cbsa_40220_march_2020.shp, 1167.3652671522025, 0.49915652047299897, 0.0004275924036104788
census_geographies/2000_tracts.shp, study_areas/definitions/cbsa_40340_march_2020.shp, 1167.3652671522025, 0.7278008595680027, 0.0006234559824993586
census_geographies/2000_tracts.shp, study_areas/definitions/cbsa_40380_march_2020.shp, 1167.3652671522025, 1.5034576233949966, 0.0012879067638038387
census_geographies/2000_tracts.shp, study_areas/definitions/cbsa_40420_march_2020.shp, 1167.3652671522025, 0.22668485923999995, 0.00019418502984331511
census_geographies/2000_tracts.shp, study_areas/definitions/cbsa_40580_march_2020.shp, 1167.3652671522025, 0.2714787714344998, 0.00023255683467161443
census_geographies/2000_tracts.shp, study_areas/definitions/cbsa_40660_march_2020.shp, 1167.3652671522025, 0.13146550654049977, 0.00011261728461496117
census_geographies/2000_tracts.shp, study_areas/definitions/cbsa_40900_march_2020.shp, 1167.3652671522025, 1.425205845770008, 0.0012208739508301543
census_geographies/2000_tracts.shp, study_areas/definitions/cbsa_40980_march_2020.shp, 1167.3652671522025, 0.2345616045494993, 0.00020093248544366437
census_geographies/2000_tracts.shp, study_areas/definitions/cbsa_41060_march_2020.shp, 1167.3652671522025, 0.5383876341094989, 0.00046119894882850173
census_geographies/2000_tracts.shp, study_areas/definitions/cbsa_41100_march_2020.shp, 1167.3652671522025, 0.6393603327935022, 0.0005476951822913382
census_geographies/2000_tracts.shp, study_areas/definitions/cbsa_41140_march_2020.shp, 1167.3652671522025, 0.45619083759399986, 0.0003907867146903225
census_geographies/2000_tracts.shp, study_areas/definitions/cbsa_41180_march_2020.shp, 1167.3652671522025, 2.1686725346120004, 0.0018577497512004067
census_geographies/2000_tracts.shp, study_areas/definitions/cbsa_41420_march_2020.shp, 1167.3652671522025, 0.5711839618634994, 0.0004892932640157331
census_geographies/2000_tracts.shp, study_areas/definitions/cbsa_41500_march_2020.shp, 1167.3652671522025, 0.9792525148324986, 0.0008388569905128268
census_geographies/2000_tracts.shp, study_areas/definitions/cbsa_41540_march_2020.shp, 1167.3652671522025, 0.7751262760044988, 0.0006639963495705385
census_geographies/2000_tracts.shp, study_areas/definitions/cbsa_41620_march_2020.shp, 1167.3652671522025, 2.2260470890434894, 0.001906898510415639
census_geographies/2000_tracts.shp, study_areas/definitions/cbsa_41660_march_2020.shp, 1167.3652671522025, 0.8643097385304995, 0.0007403935707621235
census_geographies/2000_tracts.shp, study_areas/definitions/cbsa_41700_march_2020.shp, 1167.3652671522025, 1.778402517851001, 0.0015234327831163156
census_geographies/2000_tracts.shp, study_areas/definitions/cbsa_41740_march_2020.shp, 1167.3652671522025, 1.1312895593419954, 0.0009690964697808646
census_geographies/2000_tracts.shp, study_areas/definitions/cbsa_41860_march_2020.shp, 1167.3652671522025, 0.9074714584805017, 0.0007773671909001422
census_geographies/2000_tracts.shp, study_areas/definitions/cbsa_41900_march_2020.shp, 1167.3652671522025, 0.08155656466449969, 6.986379238732846e-05
census_geographies/2000_tracts.shp, study_areas/definitions/cbsa_41940_march_2020.shp, 1167.3652671522025, 0.7056524661739995, 0.0006044830063305247
census_geographies/2000_tracts.shp, study_areas/definitions/cbsa_41980_march_2020.shp, 1167.3652671522025, 0.44286321420950026, 0.0003793698739126176
census_geographies/2000_tracts.shp, study_areas/definitions/cbsa_42020_march_2020.shp, 1167.3652671522025, 0.9290500107789973, 0.0007958520241444418
census_geographies/2000_tracts.shp, study_areas/definitions/cbsa_42100_march_2020.shp, 1167.3652671522025, 0.15923584064049998, 0.0001364061833267981
census_geographies/2000_tracts.shp, study_areas/definitions/cbsa_42140_march_2020.shp, 1167.3652671522025, 0.49169672198049963, 0.000421202117123116
census_geographies/2000_tracts.shp, study_areas/definitions/cbsa_42200_march_2020.shp, 1167.3652671522025, 0.9636482194429993, 0.0008254898844076691
census_geographies/2000_tracts.shp, study_areas/definitions/cbsa_42220_march_2020.shp, 1167.3652671522025, 0.4730346333889996, 0.00040521561391232034
census_geographies/2000_tracts.shp, study_areas/definitions/cbsa_42340_march_2020.shp, 1167.3652671522025, 0.3884363213164987, 0.0003327461697263723
census_geographies/2000_tracts.shp, study_areas/definitions/cbsa_42540_march_2020.shp, 1167.3652671522025, 0.49478893765549936, 0.0004238510015485909
census_geographies/2000_tracts.shp, study_areas/definitions/cbsa_42660_march_2020.shp, 1167.3652671522025, 1.9529852534910006, 0.001672985575676176
census_geographies/2000_tracts.shp, study_areas/definitions/cbsa_42680_march_2020.shp, 1167.3652671522025, 0.14617856196249943, 0.0001252209279098249
census_geographies/2000_tracts.shp, study_areas/definitions/cbsa_42700_march_2020.shp, 1167.3652671522025, 0.2612583393435007, 0.00022380170688206496
census_geographies/2000_tracts.shp, study_areas/definitions/cbsa_43100_march_2020.shp, 1167.3652671522025, 0.367739862358999, 0.0003150169640185574
census_geographies/2000_tracts.shp, study_areas/definitions/cbsa_43300_march_2020.shp, 1167.3652671522025, 0.24642350271899927, 0.0002110937421670524
census_geographies/2000_tracts.shp, study_areas/definitions/cbsa_43340_march_2020.shp, 1167.3652671522025, 0.6702272091584992, 0.0005741366717150359
census_geographies/2000_tracts.shp, study_areas/definitions/cbsa_43420_march_2020.shp, 1167.3652671522025, 1.5352511285125003, 0.0013151420311294326
census_geographies/2000_tracts.shp, study_areas/definitions/cbsa_43580_march_2020.shp, 1167.3652671522025, 0.5944367285900013, 0.0005092122794094557
census_geographies/2000_tracts.shp, study_areas/definitions/cbsa_43620_march_2020.shp, 1167.3652671522025, 0.7454347669280015, 0.0006385617149176419
census_geographies/2000_tracts.shp, study_areas/definitions/cbsa_43780_march_2020.shp, 1167.3652671522025, 0.27196477882200015, 0.00023297316313467212
census_geographies/2000_tracts.shp, study_areas/definitions/cbsa_43900_march_2020.shp, 1167.3652671522025, 0.20933844462699996, 0.00017932557231009868
census_geographies/2000_tracts.shp, study_areas/definitions/cbsa_44060_march_2020.shp, 1167.3652671522025, 1.3510243360335032, 0.0011573278510584254
census_geographies/2000_tracts.shp, study_areas/definitions/cbsa_44100_march_2020.shp, 1167.3652671522025, 0.3249380325950001, 0.00027835163657703233
census_geographies/2000_tracts.shp, study_areas/definitions/cbsa_44140_march_2020.shp, 1167.3652671522025, 0.5389575767280009, 0.00046168717872066946
census_geographies/2000_tracts.shp, study_areas/definitions/cbsa_44180_march_2020.shp, 1167.3652671522025, 0.7957561843059994, 0.0006816685459961074
census_geographies/2000_tracts.shp, study_areas/definitions/cbsa_44220_march_2020.shp, 1167.3652671522025, 0.10958666103749969, 9.387521123087488e-05
census_geographies/2000_tracts.shp, study_areas/definitions/cbsa_44300_march_2020.shp, 1167.3652671522025, 0.30832574327050033, 0.000264121052721282
census_geographies/2000_tracts.shp, study_areas/definitions/cbsa_44420_march_2020.shp, 1167.3652671522025, 0.2678720706704996, 0.00022946722693230014
census_geographies/2000_tracts.shp, study_areas/definitions/cbsa_44700_march_2020.shp, 1167.3652671522025, 0.37859889817350045, 0.00032431913885625163
census_geographies/2000_tracts.shp, study_areas/definitions/cbsa_44940_march_2020.shp, 1167.3652671522025, 0.3473755193765003, 0.0002975722587874538
census_geographies/2000_tracts.shp, study_areas/definitions/cbsa_45060_march_2020.shp, 1167.3652671522025, 0.7971328526670017, 0.0006828478412858849
census_geographies/2000_tracts.shp, study_areas/definitions/cbsa_45220_march_2020.shp, 1167.3652671522025, 0.6326408430875018, 0.0005419390664507559
census_geographies/2000_tracts.shp, study_areas/definitions/cbsa_45300_march_2020.shp, 1167.3652671522025, 0.7924583595979986, 0.0006788435307238561
census_geographies/2000_tracts.shp, study_areas/definitions/cbsa_45460_march_2020.shp, 1167.3652671522025, 0.524608801102, 0.0004493955883935006
census_geographies/2000_tracts.shp, study_areas/definitions/cbsa_45500_march_2020.shp, 1167.3652671522025, 0.5339525410045006, 0.00045739971543532593
census_geographies/2000_tracts.shp, study_areas/definitions/cbsa_45540_march_2020.shp, 1167.3652671522025, 0.13866399450399977, 0.00011878372468822186
census_geographies/2000_tracts.shp, study_areas/definitions/cbsa_45780_march_2020.shp, 1167.3652671522025, 0.6173733596200006, 0.0005288604835109479
census_geographies/2000_tracts.shp, study_areas/definitions/cbsa_45820_march_2020.shp, 1167.3652671522025, 0.8866007843040019, 0.0007594887472255125
census_geographies/2000_tracts.shp, study_areas/definitions/cbsa_45940_march_2020.shp, 1167.3652671522025, 0.06281644367950039, 5.381044429456226e-05
census_geographies/2000_tracts.shp, study_areas/definitions/cbsa_46060_march_2020.shp, 1167.3652671522025, 2.2737938223505005, 0.0019477997901183406
census_geographies/2000_tracts.shp, study_areas/definitions/cbsa_46140_march_2020.shp, 1167.3652671522025, 1.6777115977454984, 0.001437177929610918
census_geographies/2000_tracts.shp, study_areas/definitions/cbsa_46220_march_2020.shp, 1167.3652671522025, 0.8901699039114995, 0.0007625461618222347
census_geographies/2000_tracts.shp, study_areas/definitions/cbsa_46300_march_2020.shp, 1167.3652671522025, 0.7170631016015013, 0.0006142576978932934
census_geographies/2000_tracts.shp, study_areas/definitions/cbsa_46340_march_2020.shp, 1167.3652671522025, 0.23570503697050027, 0.00020191198385189642
census_geographies/2000_tracts.shp, study_areas/definitions/cbsa_46520_march_2020.shp, 1167.3652671522025, 0.4884508879750011, 0.00041842163864150354
census_geographies/2000_tracts.shp, study_areas/definitions/cbsa_46540_march_2020.shp, 1167.3652671522025, 0.7807068262070007, 0.0006687768157703901
census_geographies/2000_tracts.shp, study_areas/definitions/cbsa_46660_march_2020.shp, 1167.3652671522025, 0.3977783172014999, 0.0003407488027906497
census_geographies/2000_tracts.shp, study_areas/definitions/cbsa_46700_march_2020.shp, 1167.3652671522025, 0.24161124505799983, 0.00020697141833542172
census_geographies/2000_tracts.shp, study_areas/definitions/cbsa_47020_march_2020.shp, 1167.3652671522025, 0.4181818175005001, 0.0003582270513501384
census_geographies/2000_tracts.shp, study_areas/definitions/cbsa_47220_march_2020.shp, 1167.3652671522025, 0.18333607515850095, 0.00015705116497576708
census_geographies/2000_tracts.shp, study_areas/definitions/cbsa_47260_march_2020.shp, 1167.3652671522025, 1.2695086802495008, 0.0010874991024415845
census_geographies/2000_tracts.shp, study_areas/definitions/cbsa_47300_march_2020.shp, 1167.3652671522025, 1.256094713292999, 0.0010760082971778427
census_geographies/2000_tracts.shp, study_areas/definitions/cbsa_47380_march_2020.shp, 1167.3652671522025, 0.4506103137309993, 0.0003860062710536754
census_geographies/2000_tracts.shp, study_areas/definitions/cbsa_47460_march_2020.shp, 1167.3652671522025, 0.39236785316750034, 0.0003361140374894698
census_geographies/2000_tracts.shp, study_areas/definitions/cbsa_47580_march_2020.shp, 1167.3652671522025, 0.1320019029979998, 0.00011307677786235629
census_geographies/2000_tracts.shp, study_areas/definitions/cbsa_47900_march_2020.shp, 1167.3652671522025, 1.8798363900325121, 0.00161032407158934
census_geographies/2000_tracts.shp, study_areas/definitions/cbsa_47940_march_2020.shp, 1167.3652671522025, 0.4296884139765001, 0.00036808394601693835
census_geographies/2000_tracts.shp, study_areas/definitions/cbsa_48060_march_2020.shp, 1167.3652671522025, 0.5397379834984978, 0.0004623556984997448
census_geographies/2000_tracts.shp, study_areas/definitions/cbsa_48140_march_2020.shp, 1167.3652671522025, 0.7347790809129989, 0.0006294337355997397
census_geographies/2000_tracts.shp, study_areas/definitions/cbsa_48260_march_2020.shp, 1167.3652671522025, 0.16248190993549957, 0.00013918686336443397
census_geographies/2000_tracts.shp, study_areas/definitions/cbsa_48300_march_2020.shp, 1167.3652671522025, 1.5063357378059985, 0.0012903722426834895
census_geographies/2000_tracts.shp, study_areas/definitions/cbsa_48540_march_2020.shp, 1167.3652671522025, 0.2628076656075003, 0.0002251289060951949
census_geographies/2000_tracts.shp, study_areas/definitions/cbsa_48620_march_2020.shp, 1167.3652671522025, 1.105512080605504, 0.0009470147105733326
census_geographies/2000_tracts.shp, study_areas/definitions/cbsa_48660_march_2020.shp, 1167.3652671522025, 0.674413044616499, 0.0005777223835532946
census_geographies/2000_tracts.shp, study_areas/definitions/cbsa_48700_march_2020.shp, 1167.3652671522025, 0.3465116009619999, 0.0002968322004365591
census_geographies/2000_tracts.shp, study_areas/definitions/cbsa_48900_march_2020.shp, 1167.3652671522025, 0.3203018736334993, 0.00027438016415794045
census_geographies/2000_tracts.shp, study_areas/definitions/cbsa_49020_march_2020.shp, 1167.3652671522025, 0.289097530171, 0.0002476495903259619
census_geographies/2000_tracts.shp, study_areas/definitions/cbsa_49180_march_2020.shp, 1167.3652671522025, 0.5286578171735001, 0.000452864096653454
census_geographies/2000_tracts.shp, study_areas/definitions/cbsa_49340_march_2020.shp, 1167.3652671522025, 0.5932597916250003, 0.0005082040800068197
census_geographies/2000_tracts.shp, study_areas/definitions/cbsa_49420_march_2020.shp, 1167.3652671522025, 1.3076143291865028, 0.001120141540938972
census_geographies/2000_tracts.shp, study_areas/definitions/cbsa_49500_march_2020.shp, 1167.3652671522025, 0.061948078174499925, 5.3066576432946985e-05
census_geographies/2000_tracts.shp, study_areas/definitions/cbsa_49620_march_2020.shp, 1167.3652671522025, 0.2484920195540001, 0.0002128656955506296
census_geographies/2000_tracts.shp, study_areas/definitions/cbsa_49660_march_2020.shp, 1167.3652671522025, 0.4848248802035004, 0.0004153154919421535
census_geographies/2000_tracts.shp, study_areas/definitions/cbsa_49700_march_2020.shp, 1167.3652671522025, 0.33792184459999935, 0.00028947395824475964
census_geographies/2000_tracts.shp, study_areas/definitions/cbsa_49740_march_2020.shp, 1167.3652671522025, 1.3756983260090012, 0.0011784643287914751
census_geographies/1990_tracts.shp, study_areas/definitions/cbsa_10180_march_2020.shp, 9295699951354.111, 7142354815.119435, 0.0007683504042187811
census_geographies/1990_tracts.shp, study_areas/definitions/cbsa_10420_march_2020.shp, 9295699951354.111, 2401271117.4618254, 0.0002583206353505451
census_geographies/1990_tracts.shp, study_areas/definitions/cbsa_10500_march_2020.shp, 9295699951354.111, 4166989435.8464484, 0.00044827064746635247
census_geographies/1990_tracts.shp, study_areas/definitions/cbsa_10540_march_2020.shp, 9295699951354.111, 5982603807.917719, 0.0006435883084894784
census_geographies/1990_tracts.shp, study_areas/definitions/cbsa_10580_march_2020.shp, 9295699951354.111, 7454660799.948497, 0.0008019472271006952
census_geographies/1990_tracts.shp, study_areas/definitions/cbsa_10740_march_2020.shp, 9295699951354.111, 24079281999.673126, 0.002590367817989379
census_geographies/1990_tracts.shp, study_areas/definitions/cbsa_10780_march_2020.shp, 9295699951354.111, 5248759334.679081, 0.0005646437989765892
census_geographies/1990_tracts.shp, study_areas/definitions/cbsa_10900_march_2020.shp, 9295699951354.111, 3822006911.776883, 0.0004111585928739157
census_geographies/1990_tracts.shp, study_areas/definitions/cbsa_11020_march_2020.shp, 9295699951354.111, 1365216100.7629306, 0.00014686533643591397
census_geographies/1990_tracts.shp, study_areas/definitions/cbsa_11100_march_2020.shp, 9295699951354.111, 13425929214.129082, 0.0014443161122227614
census_geographies/1990_tracts.shp, study_areas/definitions/cbsa_11180_march_2020.shp, 9295699951354.111, 2971239111.5344195, 0.00031963586680759816
census_geographies/1990_tracts.shp, study_areas/definitions/cbsa_11260_march_2020.shp, 9295699951354.111, 68862990777.89221, 0.007408047929501091
census_geographies/1990_tracts.shp, study_areas/definitions/cbsa_11460_march_2020.shp, 9295699951354.111, 1871320984.7098024, 0.00020131039023448747
census_geographies/1990_tracts.shp, study_areas/definitions/cbsa_11500_march_2020.shp, 9295699951354.111, 1585924087.7038572, 0.00017060835612199752
census_geographies/1990_tracts.shp, study_areas/definitions/cbsa_11540_march_2020.shp, 9295699951354.111, 2697237261.5863953, 0.0002901596733652625
census_geographies/1990_tracts.shp, study_areas/definitions/cbsa_11700_march_2020.shp, 9295699951354.111, 5286328035.718603, 0.0005686853129277844
census_geographies/1990_tracts.shp, study_areas/definitions/cbsa_12020_march_2020.shp, 9295699951354.111, 2681104413.127276, 0.0002884241560246055
census_geographies/1990_tracts.shp, study_areas/definitions/cbsa_12060_march_2020.shp, 9295699951354.111, 22882500022.726322, 0.0024616220556250863
census_geographies/1990_tracts.shp, study_areas/definitions/cbsa_12100_march_2020.shp, 9295699951354.111, 1476779943.557592, 0.00015886699778239598
census_geographies/1990_tracts.shp, study_areas/definitions/cbsa_12220_march_2020.shp, 9295699951354.111, 1594298967.1225429, 0.00017150929735961412
census_geographies/1990_tracts.shp, study_areas/definitions/cbsa_12260_march_2020.shp, 9295699951354.111, 9276910419.666866, 0.0009979786856519064
census_geographies/1990_tracts.shp, study_areas/definitions/cbsa_12420_march_2020.shp, 9295699951354.111, 11085205777.51647, 0.0011925089918486105
census_geographies/1990_tracts.shp, study_areas/definitions/cbsa_12540_march_2020.shp, 9295699951354.111, 21138168875.193672, 0.002273972803103919
census_geographies/1990_tracts.shp, study_areas/definitions/cbsa_12580_march_2020.shp, 9295699951354.111, 6845585163.279758, 0.0007364249275583122
census_geographies/1990_tracts.shp, study_areas/definitions/cbsa_12620_march_2020.shp, 9295699951354.111, 9210115730.27563, 0.0009907931385988837
census_geographies/1990_tracts.shp, study_areas/definitions/cbsa_12700_march_2020.shp, 9295699951354.111, 1087046722.1950145, 0.00011694081434251367
census_geographies/1990_tracts.shp, study_areas/definitions/cbsa_12940_march_2020.shp, 9295699951354.111, 11865438433.54621, 0.0012764437853674227
census_geographies/1990_tracts.shp, study_areas/definitions/cbsa_12980_march_2020.shp, 9295699951354.111, 1860738549.3741314, 0.0002001719675884199
census_geographies/1990_tracts.shp, study_areas/definitions/cbsa_13020_march_2020.shp, 9295699951354.111, 1159619594.3325639, 0.00012474795877675046
census_geographies/1990_tracts.shp, study_areas/definitions/cbsa_13140_march_2020.shp, 9295699951354.111, 5759178734.06892, 0.000619552993772134
census_geographies/1990_tracts.shp, study_areas/definitions/cbsa_13220_march_2020.shp, 9295699951354.111, 3309241080.1220345, 0.0003559969768215222
census_geographies/1990_tracts.shp, study_areas/definitions/cbsa_13380_march_2020.shp, 9295699951354.111, 5603004519.111405, 0.0006027522992816922
census_geographies/1990_tracts.shp, study_areas/definitions/cbsa_13460_march_2020.shp, 9295699951354.111, 7911898042.791988, 0.0008511352651436922
census_geographies/1990_tracts.shp, study_areas/definitions/cbsa_13740_march_2020.shp, 9295699951354.111, 16875796083.976738, 0.0018154411364706784
census_geographies/1990_tracts.shp, study_areas/definitions/cbsa_13780_march_2020.shp, 9295699951354.111, 3207335824.9054036, 0.0003450343537000878
census_geographies/1990_tracts.shp, study_areas/definitions/cbsa_13820_march_2020.shp, 9295699951354.111, 11822053316.022198, 0.0012717765609786137
census_geographies/1990_tracts.shp, study_areas/definitions/cbsa_13900_march_2020.shp, 9295699951354.111, 11251985698.01463, 0.0012104506123151646
census_geographies/1990_tracts.shp, study_areas/definitions/cbsa_13980_march_2020.shp, 9295699951354.111, 2822074417.3446345, 0.00030358923288326887
census_geographies/1990_tracts.shp, study_areas/definitions/cbsa_14010_march_2020.shp, 9295699951354.111, 3072453892.1031156, 0.0003305242109988231
census_geographies/1990_tracts.shp, study_areas/definitions/cbsa_14020_march_2020.shp, 9295699951354.111, 2069787754.4677157, 0.0002226607749065963
census_geographies/1990_tracts.shp, study_areas/definitions/cbsa_14100_march_2020.shp, 9295699951354.111, 1611187090.5745401, 0.00017332606463269475
census_geographies/1990_tracts.shp, study_areas/definitions/cbsa_14260_march_2020.shp, 9295699951354.111, 30647518428.21988, 0.003296956505545925
census_geographies/1990_tracts.shp, study_areas/definitions/cbsa_14460_march_2020.shp, 9295699951354.111, 9381315676.952627, 0.0010092102505509597
census_geographies/1990_tracts.shp, study_areas/definitions/cbsa_14500_march_2020.shp, 9295699951354.111, 1899541126.667801, 0.00020434621777901655
census_geographies/1990_tracts.shp, study_areas/definitions/cbsa_14540_march_2020.shp, 9295699951354.111, 4245700915.797563, 0.00045673816259302654
census_geographies/1990_tracts.shp, study_areas/definitions/cbsa_14740_march_2020.shp, 9295699951354.111, 1031735032.3926079, 0.00011099056959581773
census_geographies/1990_tracts.shp, study_areas/definitions/cbsa_14860_march_2020.shp, 9295699951354.111, 1673888422.6219566, 0.00018007126212998302
census_geographies/1990_tracts.shp, study_areas/definitions/cbsa_15180_march_2020.shp, 9295699951354.111, 2466069915.719219, 0.0002652914711774862
census_geographies/1990_tracts.shp, study_areas/definitions/cbsa_15260_march_2020.shp, 9295699951354.111, 3454810300.6349497, 0.0003716568218331622
census_geographies/1990_tracts.shp, study_areas/definitions/cbsa_15380_march_2020.shp, 9295699951354.111, 4067514582.4763384, 0.0004375694787656975
census_geographies/1990_tracts.shp, study_areas/definitions/cbsa_15500_march_2020.shp, 9295699951354.111, 1126061759.5134773, 0.00012113792026489012
census_geographies/1990_tracts.shp, study_areas/definitions/cbsa_15540_march_2020.shp, 9295699951354.111, 3901322949.5964737, 0.000419691144293891
census_geographies/1990_tracts.shp, study_areas/definitions/cbsa_15680_march_2020.shp, 9295699951354.111, 950233547.746172, 0.00010222291518862447
census_geographies/1990_tracts.shp, study_areas/definitions/cbsa_15940_march_2020.shp, 9295699951354.111, 2537965512.824564, 0.0002730257566515856
census_geographies/1990_tracts.shp, study_areas/definitions/cbsa_15980_march_2020.shp, 9295699951354.111, 2116887581.1585102, 0.00022772761515932338
census_geographies/1990_tracts.shp, study_areas/definitions/cbsa_16020_march_2020.shp, 9295699951354.111, 3781468345.8465023, 0.0004067975908899311
census_geographies/1990_tracts.shp, study_areas/definitions/cbsa_16060_march_2020.shp, 9295699951354.111, 3615062326.197676, 0.0003888961934137157
census_geographies/1990_tracts.shp, study_areas/definitions/cbsa_16180_march_2020.shp, 9295699951354.111, 403156896.5622299, 4.33702570728417e-05
census_geographies/1990_tracts.shp, study_areas/definitions/cbsa_16220_march_2020.shp, 9295699951354.111, 13922899774.589169, 0.0014977785263562654
census_geographies/1990_tracts.shp, study_areas/definitions/cbsa_16300_march_2020.shp, 9295699951354.111, 5230952599.901268, 0.0005627282106001357
census_geographies/1990_tracts.shp, study_areas/definitions/cbsa_16540_march_2020.shp, 9295699951354.111, 2001100353.9959204, 0.00021527161638908306
census_geographies/1990_tracts.shp, study_areas/definitions/cbsa_16580_march_2020.shp, 9295699951354.111, 3724047352.1955233, 0.0004006204343604097
census_geographies/1990_tracts.shp, study_areas/definitions/cbsa_16620_march_2020.shp, 9295699951354.111, 6910560010.7409935, 0.0007434147021639104
census_geographies/1990_tracts.shp, study_areas/definitions/cbsa_16700_march_2020.shp, 9295699951354.111, 7101814893.576679, 0.0007639892564025964
census_geographies/1990_tracts.shp, study_areas/definitions/cbsa_16740_march_2020.shp, 9295699951354.111, 14805395140.778416, 0.0015927143967917879
census_geographies/1990_tracts.shp, study_areas/definitions/cbsa_16820_march_2020.shp, 9295699951354.111, 4294005473.312671, 0.00046193460371826657
census_geographies/1990_tracts.shp, study_areas/definitions/cbsa_16860_march_2020.shp, 9295699951354.111, 5537125867.888422, 0.0005956652965204438
census_geographies/1990_tracts.shp, study_areas/definitions/cbsa_16940_march_2020.shp, 9295699951354.111, 6960899436.070892, 0.0007488300474949057
census_geographies/1990_tracts.shp, study_areas/definitions/cbsa_16980_march_2020.shp, 9295699951354.111, 18914362922.840538, 0.0020347432707404963
census_geographies/1990_tracts.shp, study_areas/definitions/cbsa_17020_march_2020.shp, 9295699951354.111, 4343701937.11845, 0.00046728078142041366
census_geographies/1990_tracts.shp, study_areas/definitions/cbsa_17140_march_2020.shp, 9295699951354.111, 11994527196.719091, 0.0012903307184492158
census_geographies/1990_tracts.shp, study_areas/definitions/cbsa_17300_march_2020.shp, 9295699951354.111, 5807245485.243784, 0.0006247238524945976
census_geographies/1990_tracts.shp, study_areas/definitions/cbsa_17420_march_2020.shp, 9295699951354.111, 2004283499.2310574, 0.0002156140484008514
census_geographies/1990_tracts.shp, study_areas/definitions/cbsa_17460_march_2020.shp, 9295699951354.111, 5224524855.13019, 0.0005620367355305104
census_geographies/1990_tracts.shp, study_areas/definitions/cbsa_17660_march_2020.shp, 9295699951354.111, 3407544131.4071536, 0.0003665720870122076
census_geographies/1990_tracts.shp, study_areas/definitions/cbsa_17780_march_2020.shp, 9295699951354.111, 5526478905.897301, 0.0005945199323147532
census_geographies/1990_tracts.shp, study_areas/definitions/cbsa_17820_march_2020.shp, 9295699951354.111, 6963226756.750935, 0.0007490804127920025
census_geographies/1990_tracts.shp, study_areas/definitions/cbsa_17860_march_2020.shp, 9295699951354.111, 4486073871.127211, 0.00048259667315033345
census_geographies/1990_tracts.shp, study_areas/definitions/cbsa_17900_march_2020.shp, 9295699951354.111, 9929867477.618467, 0.0010682216002649673
census_geographies/1990_tracts.shp, study_areas/definitions/cbsa_17980_march_2020.shp, 9295699951354.111, 7298523130.792226, 0.0007851504640840999
census_geographies/1990_tracts.shp, study_areas/definitions/cbsa_18020_march_2020.shp, 9295699951354.111, 1060234370.9785252, 0.00011405643217045534
census_geographies/1990_tracts.shp, study_areas/definitions/cbsa_18140_march_2020.shp, 9295699951354.111, 12560819648.55799, 0.001351250547488707
census_geographies/1990_tracts.shp, study_areas/definitions/cbsa_18580_march_2020.shp, 9295699951354.111, 4017610649.9143147, 0.0004322009822755807
census_geographies/1990_tracts.shp, study_areas/definitions/cbsa_18700_march_2020.shp, 9295699951354.111, 1758504503.5068662, 0.00018917397427944128
census_geographies/1990_tracts.shp, study_areas/definitions/cbsa_18880_march_2020.shp, 9295699951354.111, 5197694981.209625, 0.0005591504683251392
census_geographies/1990_tracts.shp, study_areas/definitions/cbsa_19060_march_2020.shp, 9295699951354.111, 1965660022.8468182, 0.00021145906528109043
census_geographies/1990_tracts.shp, study_areas/definitions/cbsa_19100_march_2020.shp, 9295699951354.111, 23328629346.511337, 0.002509615141258194
census_geographies/1990_tracts.shp, study_areas/definitions/cbsa_19140_march_2020.shp, 9295699951354.111, 1650308837.61573, 0.00017753465002657797
census_geographies/1990_tracts.shp, study_areas/definitions/cbsa_19180_march_2020.shp, 9295699951354.111, 2336514828.4313474, 0.0002513543725226399
census_geographies/1990_tracts.shp, study_areas/definitions/cbsa_19300_march_2020.shp, 9295699951354.111, 4232266030.9886045, 0.00045529288306816394
census_geographies/1990_tracts.shp, study_areas/definitions/cbsa_19340_march_2020.shp, 9295699951354.111, 5992713867.014727, 0.000644675914495472
census_geographies/1990_tracts.shp, study_areas/definitions/cbsa_19430_march_2020.shp, 9295699951354.111, 3340505372.534707, 0.00035936028378886017
census_geographies/1990_tracts.shp, study_areas/definitions/cbsa_19460_march_2020.shp, 9295699951354.111, 3411368715.3544383, 0.00036698352283385627
census_geographies/1990_tracts.shp, study_areas/definitions/cbsa_19500_march_2020.shp, 9295699951354.111, 1516119627.540001, 0.00016309902809622708
census_geographies/1990_tracts.shp, study_areas/definitions/cbsa_19660_march_2020.shp, 9295699951354.111, 4479538632.407966, 0.0004818936342448777
census_geographies/1990_tracts.shp, study_areas/definitions/cbsa_19740_march_2020.shp, 9295699951354.111, 21769202122.922695, 0.002341857228271612
census_geographies/1990_tracts.shp, study_areas/definitions/cbsa_19780_march_2020.shp, 9295699951354.111, 9440748827.276934, 0.001015603868098356
census_geographies/1990_tracts.shp, study_areas/definitions/cbsa_19820_march_2020.shp, 9295699951354.111, 10316206016.97025, 0.0011097825952813246
census_geographies/1990_tracts.shp, study_areas/definitions/cbsa_20020_march_2020.shp, 9295699951354.111, 4477863500.454097, 0.0004817134292078568
census_geographies/1990_tracts.shp, study_areas/definitions/cbsa_20100_march_2020.shp, 9295699951354.111, 1548770578.1471016, 0.00016661150706800634
census_geographies/1990_tracts.shp, study_areas/definitions/cbsa_20220_march_2020.shp, 9295699951354.111, 1596874144.2117953, 0.00017178632621195756
census_geographies/1990_tracts.shp, study_areas/definitions/cbsa_20260_march_2020.shp, 9295699951354.111, 29089716735.926376, 0.003129373461725048
census_geographies/1990_tracts.shp, study_areas/definitions/cbsa_20500_march_2020.shp, 9295699951354.111, 6083172889.475953, 0.0006544071905623215
census_geographies/1990_tracts.shp, study_areas/definitions/cbsa_20700_march_2020.shp, 9295699951354.111, 1599103187.8812108, 0.00017202611920022958
census_geographies/1990_tracts.shp, study_areas/definitions/cbsa_20740_march_2020.shp, 9295699951354.111, 4368217874.00241, 0.00046991812309583945
census_geographies/1990_tracts.shp, study_areas/definitions/cbsa_20940_march_2020.shp, 9295699951354.111, 11607768479.497828, 0.0012487245221170155
census_geographies/1990_tracts.shp, study_areas/definitions/cbsa_21060_march_2020.shp, 9295699951354.111, 3154092835.1713395, 0.0003393066527186993
census_geographies/1990_tracts.shp, study_areas/definitions/cbsa_21140_march_2020.shp, 9295699951354.111, 1211714489.6126027, 0.0001303521516350247
census_geographies/1990_tracts.shp, study_areas/definitions/cbsa_21300_march_2020.shp, 9295699951354.111, 1063925242.1806772, 0.00011445348362666272
census_geographies/1990_tracts.shp, study_areas/definitions/cbsa_21340_march_2020.shp, 9295699951354.111, 14469458474.623688, 0.0015565754650370262
census_geographies/1990_tracts.shp, study_areas/definitions/cbsa_21420_march_2020.shp, 9295699951354.111, 2745256578.0617104, 0.0002953254292229825
census_geographies/1990_tracts.shp, study_areas/definitions/cbsa_21500_march_2020.shp, 9295699951354.111, 2082480115.2582731, 0.00022402617620579683
census_geographies/1990_tracts.shp, study_areas/definitions/cbsa_21660_march_2020.shp, 9295699951354.111, 11959969267.795341, 0.0012866130931918822
census_geographies/1990_tracts.shp, study_areas/definitions/cbsa_21780_march_2020.shp, 9295699951354.111, 3919383118.1733584, 0.00042163399622235215
census_geographies/1990_tracts.shp, study_areas/definitions/cbsa_21820_march_2020.shp, 9295699951354.111, 19281233686.69605, 0.0020742099882308847
census_geographies/1990_tracts.shp, study_areas/definitions/cbsa_22020_march_2020.shp, 9295699951354.111, 7305297780.802248, 0.0007858792580474889
census_geographies/1990_tracts.shp, study_areas/definitions/cbsa_22140_march_2020.shp, 9295699951354.111, 14344361943.636108, 0.0015431180028080138
census_geographies/1990_tracts.shp, study_areas/definitions/cbsa_22180_march_2020.shp, 9295699951354.111, 4278944034.9442835, 0.00046031434505595963
census_geographies/1990_tracts.shp, study_areas/definitions/cbsa_22220_march_2020.shp, 9295699951354.111, 6923895263.631715, 0.0007448492636235646
census_geographies/1990_tracts.shp, study_areas/definitions/cbsa_22380_march_2020.shp, 9295699951354.111, 48332418992.195404, 0.005199438368829319
census_geographies/1990_tracts.shp, study_areas/definitions/cbsa_22420_march_2020.shp, 9295699951354.111, 1681776520.803232, 0.00018091983708642042
census_geographies/1990_tracts.shp, study_areas/definitions/cbsa_22500_march_2020.shp, 9295699951354.111, 3549661000.019172, 0.00038186053966835393
census_geographies/1990_tracts.shp, study_areas/definitions/cbsa_22520_march_2020.shp, 9295699951354.111, 3476814595.5283093, 0.0003740239695475368
census_geographies/1990_tracts.shp, study_areas/definitions/cbsa_22540_march_2020.shp, 9295699951354.111, 1983388384.2298205, 0.00021336622251247458
census_geographies/1990_tracts.shp, study_areas/definitions/cbsa_22660_march_2020.shp, 9295699951354.111, 6821639817.23865, 0.0007338489681183113
census_geographies/1990_tracts.shp, study_areas/definitions/cbsa_22900_march_2020.shp, 9295699951354.111, 6434509795.381196, 0.0006922028280876123
census_geographies/1990_tracts.shp, study_areas/definitions/cbsa_23060_march_2020.shp, 9295699951354.111, 2584804231.299916, 0.00027806450776451594
census_geographies/1990_tracts.shp, study_areas/definitions/cbsa_23420_march_2020.shp, 9295699951354.111, 15585349948.602037, 0.001676619300339154
census_geographies/1990_tracts.shp, study_areas/definitions/cbsa_23460_march_2020.shp, 9295699951354.111, 1421279646.2212377, 0.000152896463274312
census_geographies/1990_tracts.shp, study_areas/definitions/cbsa_23540_march_2020.shp, 9295699951354.111, 6373388773.065134, 0.0006856276349729553
census_geographies/1990_tracts.shp, study_areas/definitions/cbsa_23580_march_2020.shp, 9295699951354.111, 1111740563.4934871, 0.00011959729437389371
census_geographies/1990_tracts.shp, study_areas/definitions/cbsa_23900_march_2020.shp, 9295699951354.111, 1350727924.1408937, 0.0001453067473358079
census_geographies/1990_tracts.shp, study_areas/definitions/cbsa_24020_march_2020.shp, 9295699951354.111, 4603646909.755713, 0.0004952447834856262
census_geographies/1990_tracts.shp, study_areas/definitions/cbsa_24140_march_2020.shp, 9295699951354.111, 1441830386.265625, 0.00015510724246812555
census_geographies/1990_tracts.shp, study_areas/definitions/cbsa_24220_march_2020.shp, 9295699951354.111, 8903253794.116352, 0.0009577819680829316
census_geographies/1990_tracts.shp, study_areas/definitions/cbsa_24260_march_2020.shp, 9295699951354.111, 4202727400.012175, 0.00045211521692887266
census_geographies/1990_tracts.shp, study_areas/definitions/cbsa_24300_march_2020.shp, 9295699951354.111, 8653480811.144552, 0.0009309122343050663
census_geographies/1990_tracts.shp, study_areas/definitions/cbsa_24340_march_2020.shp, 9295699951354.111, 7124369548.604856, 0.0007664156100011644
census_geographies/1990_tracts.shp, study_areas/definitions/cbsa_24420_march_2020.shp, 9295699951354.111, 4251831864.4148693, 0.000457397709335003
census_geographies/1990_tracts.shp, study_areas/definitions/cbsa_24500_march_2020.shp, 9295699951354.111, 7023046466.859113, 0.000755515615135153
census_geographies/1990_tracts.shp, study_areas/definitions/cbsa_24540_march_2020.shp, 9295699951354.111, 10415731020.200718, 0.0011204891589345514
census_geographies/1990_tracts.shp, study_areas/definitions/cbsa_24580_march_2020.shp, 9295699951354.111, 4910490314.109452, 0.0005282539604125387
census_geographies/1990_tracts.shp, study_areas/definitions/cbsa_24660_march_2020.shp, 9295699951354.111, 5231715298.685788, 0.0005628102591589868
census_geographies/1990_tracts.shp, study_areas/definitions/cbsa_24780_march_2020.shp, 9295699951354.111, 1695533103.7120678, 0.0001823997238061754
census_geographies/1990_tracts.shp, study_areas/definitions/cbsa_24860_march_2020.shp, 9295699951354.111, 7221593594.234917, 0.0007768746444083473
census_geographies/1990_tracts.shp, study_areas/definitions/cbsa_25060_march_2020.shp, 9295699951354.111, 5840027670.9788065, 0.0006282504492981279
census_geographies/1990_tracts.shp, study_areas/definitions/cbsa_25180_march_2020.shp, 9295699951354.111, 2638650539.3182526, 0.0002838571116889243
census_geographies/1990_tracts.shp, study_areas/definitions/cbsa_25220_march_2020.shp, 9295699951354.111, 2076328646.4642386, 0.00022336442197252486
census_geographies/1990_tracts.shp, study_areas/definitions/cbsa_25260_march_2020.shp, 9295699951354.111, 3603970111.6208096, 0.00038770293043890867
census_geographies/1990_tracts.shp, study_areas/definitions/cbsa_25420_march_2020.shp, 9295699951354.111, 4310878003.454839, 0.0004637496935157497
census_geographies/1990_tracts.shp, study_areas/definitions/cbsa_25500_march_2020.shp, 9295699951354.111, 2255588274.088686, 0.00024264856717541887
census_geographies/1990_tracts.shp, study_areas/definitions/cbsa_25540_march_2020.shp, 9295699951354.111, 4016416788.0676026, 0.0004320725506509629
census_geographies/1990_tracts.shp, study_areas/definitions/cbsa_25620_march_2020.shp, 9295699951354.111, 5272767205.686762, 0.0005672264846412855
census_geographies/1990_tracts.shp, study_areas/definitions/cbsa_25860_march_2020.shp, 9295699951354.111, 4314512256.556889, 0.0004641406541880034
census_geographies/1990_tracts.shp, study_areas/definitions/cbsa_25940_march_2020.shp, 9295699951354.111, 3253197017.084605, 0.0003499679458361508
census_geographies/1990_tracts.shp, study_areas/definitions/cbsa_25980_march_2020.shp, 9295699951354.111, 2408787959.8181877, 0.00025912927185943625
census_geographies/1990_tracts.shp, study_areas/definitions/cbsa_26140_march_2020.shp, 9295699951354.111, 1636730249.7751138, 0.00017607391141499678
census_geographies/1990_tracts.shp, study_areas/definitions/cbsa_26300_march_2020.shp, 9295699951354.111, 1902555927.0379176, 0.000204670539818873
census_geographies/1990_tracts.shp, study_areas/definitions/cbsa_26380_march_2020.shp, 9295699951354.111, 6819271343.087949, 0.000733594175669857
census_geographies/1990_tracts.shp, study_areas/definitions/cbsa_26420_march_2020.shp, 9295699951354.111, 22166615917.35237, 0.0023846096618171655
census_geographies/1990_tracts.shp, study_areas/definitions/cbsa_26580_march_2020.shp, 9295699951354.111, 6569179797.053917, 0.0007066901719538591
census_geographies/1990_tracts.shp, study_areas/definitions/cbsa_26620_march_2020.shp, 9295699951354.111, 3677633661.642507, 0.0003956274063156248
census_geographies/1990_tracts.shp, study_areas/definitions/cbsa_26820_march_2020.shp, 9295699951354.111, 13570545771.334068, 0.00145987347293382
census_geographies/1990_tracts.shp, study_areas/definitions/cbsa_26900_march_2020.shp, 9295699951354.111, 11242664264.132238, 0.0012094478439457926
census_geographies/1990_tracts.shp, study_areas/definitions/cbsa_26980_march_2020.shp, 9295699951354.111, 3092734242.946326, 0.0003327059026357456
census_geographies/1990_tracts.shp, study_areas/definitions/cbsa_27060_march_2020.shp, 9295699951354.111, 1273292795.0630195, 0.00013697653772457857
census_geographies/1990_tracts.shp, study_areas/definitions/cbsa_27100_march_2020.shp, 9295699951354.111, 1874527770.8531885, 0.00020165536545530653
census_geographies/1990_tracts.shp, study_areas/definitions/cbsa_27140_march_2020.shp, 9295699951354.111, 14228588453.974632, 0.0015306634818717383
census_geographies/1990_tracts.shp, study_areas/definitions/cbsa_27180_march_2020.shp, 9295699951354.111, 4445584800.2774105, 0.00047824099567992393
census_geographies/1990_tracts.shp, study_areas/definitions/cbsa_27260_march_2020.shp, 9295699951354.111, 8799783581.179188, 0.0009466509920963312
census_geographies/1990_tracts.shp, study_areas/definitions/cbsa_27340_march_2020.shp, 9295699951354.111, 1992622721.7834466, 0.00021435962135300847
census_geographies/1990_tracts.shp, study_areas/definitions/cbsa_27500_march_2020.shp, 9295699951354.111, 1880823890.4733121, 0.00020233268073582033
census_geographies/1990_tracts.shp, study_areas/definitions/cbsa_27620_march_2020.shp, 9295699951354.111, 5900938362.29613, 0.0006348030157144365
census_geographies/1990_tracts.shp, study_areas/definitions/cbsa_27740_march_2020.shp, 9295699951354.111, 2237515711.8914084, 0.00024070438198314136
census_geographies/1990_tracts.shp, study_areas/definitions/cbsa_27780_march_2020.shp, 9295699951354.111, 1795970460.77578, 0.0001932044354028617
census_geographies/1990_tracts.shp, study_areas/definitions/cbsa_27860_march_2020.shp, 9295699951354.111, 3823789662.9593997, 0.00041135037522401803
census_geographies/1990_tracts.shp, study_areas/definitions/cbsa_27900_march_2020.shp, 9295699951354.111, 3284074852.6037326, 0.00035328967907632806
census_geographies/1990_tracts.shp, study_areas/definitions/cbsa_27980_march_2020.shp, 9295699951354.111, 3005567551.5823054, 0.0003233288044268772
census_geographies/1990_tracts.shp, study_areas/definitions/cbsa_28020_march_2020.shp, 9295699951354.111, 1502588494.728968, 0.00016164339453642593
census_geographies/1990_tracts.shp, study_areas/definitions/cbsa_28100_march_2020.shp, 9295699951354.111, 1764925245.6324418, 0.00018986469602811824
census_geographies/1990_tracts.shp, study_areas/definitions/cbsa_28140_march_2020.shp, 9295699951354.111, 19095390860.961437, 0.0020542176448132663
census_geographies/1990_tracts.shp, study_areas/definitions/cbsa_28420_march_2020.shp, 9295699951354.111, 7835805960.244873, 0.0008429495359414463
census_geographies/1990_tracts.shp, study_areas/definitions/cbsa_28660_march_2020.shp, 9295699951354.111, 7403933092.319156, 0.0007964901116715389
census_geographies/1990_tracts.shp, study_areas/definitions/cbsa_28700_march_2020.shp, 9295699951354.111, 5301970541.465854, 0.0005703680808558705
census_geographies/1990_tracts.shp, study_areas/definitions/cbsa_28740_march_2020.shp, 9295699951354.111, 3006324795.9028807, 0.00032341026621292214
census_geographies/1990_tracts.shp, study_areas/definitions/cbsa_28940_march_2020.shp, 9295699951354.111, 8668846786.610788, 0.000932565254039637
census_geographies/1990_tracts.shp, study_areas/definitions/cbsa_29020_march_2020.shp, 9295699951354.111, 761266959.3011994, 8.18945279306595e-05
census_geographies/1990_tracts.shp, study_areas/definitions/cbsa_29100_march_2020.shp, 9295699951354.111, 2716401667.573751, 0.00029222131542424093
census_geographies/1990_tracts.shp, study_areas/definitions/cbsa_29180_march_2020.shp, 9295699951354.111, 9502961330.927467, 0.0010222964790879642
census_geographies/1990_tracts.shp, study_areas/definitions/cbsa_29200_march_2020.shp, 9295699951354.111, 4276382647.3243756, 0.0004600387996281476
census_geographies/1990_tracts.shp, study_areas/definitions/cbsa_29340_march_2020.shp, 9295699951354.111, 6978243045.0463295, 0.0007506958143619733
census_geographies/1990_tracts.shp, study_areas/definitions/cbsa_29420_march_2020.shp, 9295699951354.111, 34886574350.61867, 0.0037529798221958223
census_geographies/1990_tracts.shp, study_areas/definitions/cbsa_29460_march_2020.shp, 9295699951354.111, 5205961005.434332, 0.0005600396992886991
census_geographies/1990_tracts.shp, study_areas/definitions/cbsa_29540_march_2020.shp, 9295699951354.111, 2548041312.099847, 0.0002741096771016874
census_geographies/1990_tracts.shp, study_areas/definitions/cbsa_29620_march_2020.shp, 9295699951354.111, 5841065271.287543, 0.0006283620708343401
census_geographies/1990_tracts.shp, study_areas/definitions/cbsa_29700_march_2020.shp, 9295699951354.111, 8742783456.57398, 0.0009405191112370632
census_geographies/1990_tracts.shp, study_areas/definitions/cbsa_29740_march_2020.shp, 9295699951354.111, 9879943151.134491, 0.0010628509098656173
census_geographies/1990_tracts.shp, study_areas/definitions/cbsa_29820_march_2020.shp, 9295699951354.111, 20954421504.50415, 0.0022542058816616283
census_geographies/1990_tracts.shp, study_areas/definitions/cbsa_29940_march_2020.shp, 9295699951354.111, 1228874341.3083673, 0.00013219815051467493
census_geographies/1990_tracts.shp, study_areas/definitions/cbsa_30020_march_2020.shp, 9295699951354.111, 4469753866.064599, 0.0004808410221344856
census_geographies/1990_tracts.shp, study_areas/definitions/cbsa_30140_march_2020.shp, 9295699951354.111, 939129494.6374706, 0.00010102837866455306
census_geographies/1990_tracts.shp, study_areas/definitions/cbsa_30300_march_2020.shp, 9295699951354.111, 3877254420.402063, 0.00041710193322636887
census_geographies/1990_tracts.shp, study_areas/definitions/cbsa_30340_march_2020.shp, 9295699951354.111, 1287795918.7937386, 0.00013853673478414548
census_geographies/1990_tracts.shp, study_areas/definitions/cbsa_30460_march_2020.shp, 9295699951354.111, 3843722138.646586, 0.0004134946436267737
census_geographies/1990_tracts.shp, study_areas/definitions/cbsa_30620_march_2020.shp, 9295699951354.111, 1053814261.7219664, 0.00011336577850368938
census_geographies/1990_tracts.shp, study_areas/definitions/cbsa_30700_march_2020.shp, 9295699951354.111, 3684077737.212147, 0.00039632063819739416
census_geographies/1990_tracts.shp, study_areas/definitions/cbsa_30780_march_2020.shp, 9295699951354.111, 10873463645.741547, 0.001169730488574731
census_geographies/1990_tracts.shp, study_areas/definitions/cbsa_30860_march_2020.shp, 9295699951354.111, 4768647486.698317, 0.0005129949881830753
census_geographies/1990_tracts.shp, study_areas/definitions/cbsa_30980_march_2020.shp, 9295699951354.111, 7050926556.151449, 0.0007585148609626041
census_geographies/1990_tracts.shp, study_areas/definitions/cbsa_31020_march_2020.shp, 9295699951354.111, 3019984197.0471063, 0.0003248796984467192
census_geographies/1990_tracts.shp, study_areas/definitions/cbsa_31080_march_2020.shp, 9295699951354.111, 12658814278.174004, 0.0013617924787180749
census_geographies/1990_tracts.shp, study_areas/definitions/cbsa_31140_march_2020.shp, 9295699951354.111, 8525710037.514134, 0.0009171670860860981
census_geographies/1990_tracts.shp, study_areas/definitions/cbsa_31180_march_2020.shp, 9295699951354.111, 6982276018.333875, 0.0007511296680049103
census_geographies/1990_tracts.shp, study_areas/definitions/cbsa_31340_march_2020.shp, 9295699951354.111, 5559898629.36438, 0.0005981151132739031
census_geographies/1990_tracts.shp, study_areas/definitions/cbsa_31420_march_2020.shp, 9295699951354.111, 4500721075.291786, 0.00048417236989627263
census_geographies/1990_tracts.shp, study_areas/definitions/cbsa_31460_march_2020.shp, 9295699951354.111, 5577017201.6171875, 0.0005999566714505215
census_geographies/1990_tracts.shp, study_areas/definitions/cbsa_31540_march_2020.shp, 9295699951354.111, 8771336999.56781, 0.0009435908049388021
census_geographies/1990_tracts.shp, study_areas/definitions/cbsa_31700_march_2020.shp, 9295699951354.111, 2310847111.112349, 0.00024859312619871367
census_geographies/1990_tracts.shp, study_areas/definitions/cbsa_31740_march_2020.shp, 9295699951354.111, 4891364858.711, 0.0005261965085263398
census_geographies/1990_tracts.shp, study_areas/definitions/cbsa_31860_march_2020.shp, 9295699951354.111, 3193010913.8190713, 0.0003434933281548038
census_geographies/1990_tracts.shp, study_areas/definitions/cbsa_31900_march_2020.shp, 9295699951354.111, 1295837228.6775382, 0.00013940179173799308
census_geographies/1990_tracts.shp, study_areas/definitions/cbsa_32580_march_2020.shp, 9295699951354.111, 4099200916.5945086, 0.00044097818755406095
census_geographies/1990_tracts.shp, study_areas/definitions/cbsa_32780_march_2020.shp, 9295699951354.111, 7256396438.727144, 0.000780618616855216
census_geographies/1990_tracts.shp, study_areas/definitions/cbsa_32820_march_2020.shp, 9295699951354.111, 12171932266.645742, 0.0013094153565996554
census_geographies/1990_tracts.shp, study_areas/definitions/cbsa_32900_march_2020.shp, 9295699951354.111, 5107135706.964201, 0.0005494084075099951
census_geographies/1990_tracts.shp, study_areas/definitions/cbsa_33100_march_2020.shp, 9295699951354.111, 14036674824.795946, 0.0015100180619267098
census_geographies/1990_tracts.shp, study_areas/definitions/cbsa_33140_march_2020.shp, 9295699951354.111, 1563353209.1481245, 0.0001681802572511379
census_geographies/1990_tracts.shp, study_areas/definitions/cbsa_33220_march_2020.shp, 9295699951354.111, 1367212793.3574638, 0.0001470801338804294
census_geographies/1990_tracts.shp, study_areas/definitions/cbsa_33260_march_2020.shp, 9295699951354.111, 4707604364.124378, 0.0005064281752595315
census_geographies/1990_tracts.shp, study_areas/definitions/cbsa_33340_march_2020.shp, 9295699951354.111, 3867654283.363305, 0.0004160691829128909
census_geographies/1990_tracts.shp, study_areas/definitions/cbsa_33460_march_2020.shp, 9295699951354.111, 19475765819.29014, 0.0020951370979280684
census_geographies/1990_tracts.shp, study_areas/definitions/cbsa_33540_march_2020.shp, 9295699951354.111, 6781354940.950724, 0.0007295152572091012
census_geographies/1990_tracts.shp, study_areas/definitions/cbsa_33660_march_2020.shp, 9295699951354.111, 6070561864.944237, 0.0006530505391430942
census_geographies/1990_tracts.shp, study_areas/definitions/cbsa_33700_march_2020.shp, 9295699951354.111, 3922646684.0249805, 0.00042198507961238205
census_geographies/1990_tracts.shp, study_areas/definitions/cbsa_33740_march_2020.shp, 9295699951354.111, 6068869728.598053, 0.0006528685048309887
census_geographies/1990_tracts.shp, study_areas/definitions/cbsa_33780_march_2020.shp, 9295699951354.111, 1444060309.6656592, 0.00015534713009484583
census_geographies/1990_tracts.shp, study_areas/definitions/cbsa_33860_march_2020.shp, 9295699951354.111, 7216977643.403957, 0.0007763780760105811
census_geographies/1990_tracts.shp, study_areas/definitions/cbsa_34060_march_2020.shp, 9295699951354.111, 2634738089.86374, 0.00028343622359281676
census_geographies/1990_tracts.shp, study_areas/definitions/cbsa_34100_march_2020.shp, 9295699951354.111, 2052684389.2124937, 0.00022082085264740905
census_geographies/1990_tracts.shp, study_areas/definitions/cbsa_34580_march_2020.shp, 9295699951354.111, 4545166237.296439, 0.0004889536302894912
census_geographies/1990_tracts.shp, study_areas/definitions/cbsa_34620_march_2020.shp, 9295699951354.111, 1025438514.300197, 0.00011031321144900128
census_geographies/1990_tracts.shp, study_areas/definitions/cbsa_34740_march_2020.shp, 9295699951354.111, 1365425273.512688, 0.00014688783853374974
census_geographies/1990_tracts.shp, study_areas/definitions/cbsa_34820_march_2020.shp, 9295699951354.111, 5201509929.657397, 0.0005595608675922989
census_geographies/1990_tracts.shp, study_areas/definitions/cbsa_34900_march_2020.shp, 9295699951354.111, 2036357685.728433, 0.0002190644810380089
census_geographies/1990_tracts.shp, study_areas/definitions/cbsa_34940_march_2020.shp, 9295699951354.111, 5289833758.2642975, 0.0005690624467169601
census_geographies/1990_tracts.shp, study_areas/definitions/cbsa_34980_march_2020.shp, 9295699951354.111, 14932671234.797728, 0.0016064063290492153
census_geographies/1990_tracts.shp, study_areas/definitions/cbsa_35100_march_2020.shp, 9295699951354.111, 3982653019.9818444, 0.00042844035853391424
census_geographies/1990_tracts.shp, study_areas/definitions/cbsa_35300_march_2020.shp, 9295699951354.111, 1603794994.3961165, 0.00017253084789623513
census_geographies/1990_tracts.shp, study_areas/definitions/cbsa_35380_march_2020.shp, 9295699951354.111, 10265586278.530886, 0.0011043370948129077
census_geographies/1990_tracts.shp, study_areas/definitions/cbsa_35620_march_2020.shp, 9295699951354.111, 17862888278.73343, 0.0019216291803966121
census_geographies/1990_tracts.shp, study_areas/definitions/cbsa_35660_march_2020.shp, 9295699951354.111, 1502799711.9740062, 0.00016166611657415775
census_geographies/1990_tracts.shp, study_areas/definitions/cbsa_35840_march_2020.shp, 9295699951354.111, 3451128823.3634505, 0.0003712607809442819
census_geographies/1990_tracts.shp, study_areas/definitions/cbsa_35980_march_2020.shp, 9295699951354.111, 1781000398.816026, 0.0001915940067059271
census_geographies/1990_tracts.shp, study_areas/definitions/cbsa_36100_march_2020.shp, 9295699951354.111, 4307277510.502721, 0.0004633623646463843
census_geographies/1990_tracts.shp, study_areas/definitions/cbsa_36140_march_2020.shp, 9295699951354.111, 674355281.6559929, 7.254486323622774e-05
census_geographies/1990_tracts.shp, study_areas/definitions/cbsa_36220_march_2020.shp, 9295699951354.111, 2335408160.5932207, 0.00025123532093492543
census_geographies/1990_tracts.shp, study_areas/definitions/cbsa_36260_march_2020.shp, 9295699951354.111, 22359698842.615013, 0.0024053808706850375
census_geographies/1990_tracts.shp, study_areas/definitions/cbsa_36420_march_2020.shp, 9295699951354.111, 14456870317.043913, 0.0015552212735672445
census_geographies/1990_tracts.shp, study_areas/definitions/cbsa_36500_march_2020.shp, 9295699951354.111, 1905247547.1850858, 0.00020496009522204373
census_geographies/1990_tracts.shp, study_areas/definitions/cbsa_36540_march_2020.shp, 9295699951354.111, 11411932425.979326, 0.0012276571410114138
census_geographies/1990_tracts.shp, study_areas/definitions/cbsa_36740_march_2020.shp, 9295699951354.111, 10390769314.977545, 0.0011178038630069932
census_geographies/1990_tracts.shp, study_areas/definitions/cbsa_36780_march_2020.shp, 9295699951354.111, 1498806804.576524, 0.00016123657308433152
census_geographies/1990_tracts.shp, study_areas/definitions/cbsa_36980_march_2020.shp, 9295699951354.111, 2412240031.059231, 0.000259500634022491
census_geographies/1990_tracts.shp, study_areas/definitions/cbsa_37100_march_2020.shp, 9295699951354.111, 4810498960.546396, 0.0005174972283658582
census_geographies/1990_tracts.shp, study_areas/definitions/cbsa_37340_march_2020.shp, 9295699951354.111, 2813711137.557214, 0.0003026895394948003
census_geographies/1990_tracts.shp, study_areas/definitions/cbsa_37460_march_2020.shp, 9295699951354.111, 2000814090.9795723, 0.0002152408211807775
census_geographies/1990_tracts.shp, study_areas/definitions/cbsa_37620_march_2020.shp, 9295699951354.111, 1584476230.9554489, 0.00017045260058384706
census_geographies/1990_tracts.shp, study_areas/definitions/cbsa_37860_march_2020.shp, 9295699951354.111, 4382381558.67126, 0.0004714418044477517
census_geographies/1990_tracts.shp, study_areas/definitions/cbsa_37900_march_2020.shp, 9295699951354.111, 8808114060.697567, 0.0009475471569426552
census_geographies/1990_tracts.shp, study_areas/definitions/cbsa_37980_march_2020.shp, 9295699951354.111, 12156934647.050358, 0.001307801963345369
census_geographies/1990_tracts.shp, study_areas/definitions/cbsa_38060_march_2020.shp, 9295699951354.111, 37810092300.2589, 0.004067482007608376
census_geographies/1990_tracts.shp, study_areas/definitions/cbsa_38220_march_2020.shp, 9295699951354.111, 5399317833.320983, 0.0005808403736756219
census_geographies/1990_tracts.shp, study_areas/definitions/cbsa_38300_march_2020.shp, 9295699951354.111, 13839120339.33169, 0.0014887658177172268
census_geographies/1990_tracts.shp, study_areas/definitions/cbsa_38340_march_2020.shp, 9295699951354.111, 2450811232.2335815, 0.0002636499935517572
census_geographies/1990_tracts.shp, study_areas/definitions/cbsa_38540_march_2020.shp, 9295699951354.111, 6708078558.116055, 0.0007216324314705192
census_geographies/1990_tracts.shp, study_areas/definitions/cbsa_38860_march_2020.shp, 9295699951354.111, 5685621802.010854, 0.0006116399874957911
census_geographies/1990_tracts.shp, study_areas/definitions/cbsa_38900_march_2020.shp, 9295699951354.111, 17641069975.62402, 0.0018977667166477584
census_geographies/1990_tracts.shp, study_areas/definitions/cbsa_38940_march_2020.shp, 9295699951354.111, 3196335833.1555896, 0.00034385101174548745
census_geographies/1990_tracts.shp, study_areas/definitions/cbsa_39100_march_2020.shp, 9295699951354.111, 4309502120.590887, 0.0004636016806849622
census_geographies/1990_tracts.shp, study_areas/definitions/cbsa_39150_march_2020.shp, 9295699951354.111, 21051038044.934765, 0.0022645995627116004
census_geographies/1990_tracts.shp, study_areas/definitions/cbsa_39300_march_2020.shp, 9295699951354.111, 4315996639.47873, 0.0004643003390885068
census_geographies/1990_tracts.shp, study_areas/definitions/cbsa_39340_march_2020.shp, 9295699951354.111, 14368985263.389177, 0.0015457668963697604
census_geographies/1990_tracts.shp, study_areas/definitions/cbsa_39380_march_2020.shp, 9295699951354.111, 6210015201.338358, 0.00066805245800062
census_geographies/1990_tracts.shp, study_areas/definitions/cbsa_39460_march_2020.shp, 9295699951354.111, 1842260836.6487432, 0.000198184197670922
census_geographies/1990_tracts.shp, study_areas/definitions/cbsa_39540_march_2020.shp, 9295699951354.111, 881008018.0198613, 9.47758665437049e-05
census_geographies/1990_tracts.shp, study_areas/definitions/cbsa_39580_march_2020.shp, 9295699951354.111, 5562379205.712919, 0.0005983819652981208
census_geographies/1990_tracts.shp, study_areas/definitions/cbsa_39660_march_2020.shp, 9295699951354.111, 16230592489.136507, 0.0017460323132280303
census_geographies/1990_tracts.shp, study_areas/definitions/cbsa_39740_march_2020.shp, 9295699951354.111, 2242058174.8225913, 0.00024119304480089087
census_geographies/1990_tracts.shp, study_areas/definitions/cbsa_39820_march_2020.shp, 9295699951354.111, 9964678303.664762, 0.001071966431340461
census_geographies/1990_tracts.shp, study_areas/definitions/cbsa_39900_march_2020.shp, 9295699951354.111, 17649265796.962196, 0.00189864839542193
census_geographies/1990_tracts.shp, study_areas/definitions/cbsa_40060_march_2020.shp, 9295699951354.111, 11580458298.96116, 0.0012457865851483543
census_geographies/1990_tracts.shp, study_areas/definitions/cbsa_40140_march_2020.shp, 9295699951354.111, 70988542344.28036, 0.007636707586924577
census_geographies/1990_tracts.shp, study_areas/definitions/cbsa_40220_march_2020.shp, 9295699951354.111, 4912306469.3827305, 0.0005284493362618865
census_geographies/1990_tracts.shp, study_areas/definitions/cbsa_40340_march_2020.shp, 9295699951354.111, 6490713895.523219, 0.0006982490753240924
census_geographies/1990_tracts.shp, study_areas/definitions/cbsa_40380_march_2020.shp, 9295699951354.111, 8664454945.63786, 0.0009320927946233572
census_geographies/1990_tracts.shp, study_areas/definitions/cbsa_40420_march_2020.shp, 9295699951354.111, 2075125741.003929, 0.00022323501746650544
census_geographies/1990_tracts.shp, study_areas/definitions/cbsa_40580_march_2020.shp, 9295699951354.111, 2717621650.922281, 0.0002923525571117862
census_geographies/1990_tracts.shp, study_areas/definitions/cbsa_40660_march_2020.shp, 9295699951354.111, 1342825205.5323215, 0.00014445659956318954
census_geographies/1990_tracts.shp, study_areas/definitions/cbsa_40900_march_2020.shp, 9295699951354.111, 13708097605.889448, 0.0014746708346467853
census_geographies/1990_tracts.shp, study_areas/definitions/cbsa_40980_march_2020.shp, 9295699951354.111, 2112841461.9699292, 0.00022729234732475956
census_geographies/1990_tracts.shp, study_areas/definitions/cbsa_41060_march_2020.shp, 9295699951354.111, 4669482527.4840975, 0.0005023271568488923
census_geographies/1990_tracts.shp, study_areas/definitions/cbsa_41100_march_2020.shp, 9295699951354.111, 6293430625.904779, 0.0006770260075991384
census_geographies/1990_tracts.shp, study_areas/definitions/cbsa_41140_march_2020.shp, 9295699951354.111, 4335385140.092728, 0.00046638608849043037
census_geographies/1990_tracts.shp, study_areas/definitions/cbsa_41180_march_2020.shp, 9295699951354.111, 20931165423.531815, 0.0022517040710293965
census_geographies/1990_tracts.shp, study_areas/definitions/cbsa_41420_march_2020.shp, 9295699951354.111, 5020595519.430921, 0.0005400987064669151
census_geographies/1990_tracts.shp, study_areas/definitions/cbsa_41500_march_2020.shp, 9295699951354.111, 8584814986.276196, 0.0009235253968180889
census_geographies/1990_tracts.shp, study_areas/definitions/cbsa_41540_march_2020.shp, 9295699951354.111, 5550989169.048397, 0.0005971566636291633
census_geographies/1990_tracts.shp, study_areas/definitions/cbsa_41620_march_2020.shp, 9295699951354.111, 20963005084.104626, 0.0022551292741598153
census_geographies/1990_tracts.shp, study_areas/definitions/cbsa_41660_march_2020.shp, 9295699951354.111, 9105554291.618404, 0.000979544772235467
census_geographies/1990_tracts.shp, study_areas/definitions/cbsa_41700_march_2020.shp, 9295699951354.111, 19126718528.037334, 0.0020575877694127952
census_geographies/1990_tracts.shp, study_areas/definitions/cbsa_41740_march_2020.shp, 9295699951354.111, 10975735021.716526, 0.0011807324977305966
census_geographies/1990_tracts.shp, study_areas/definitions/cbsa_41860_march_2020.shp, 9295699951354.111, 6503630841.320879, 0.0006996386367197115
census_geographies/1990_tracts.shp, study_areas/definitions/cbsa_41940_march_2020.shp, 9295699951354.111, 6964563186.655977, 0.0007492241814067422
census_geographies/1990_tracts.shp, study_areas/definitions/cbsa_42020_march_2020.shp, 9295699951354.111, 8606053310.777933, 0.0009258101440251719
census_geographies/1990_tracts.shp, study_areas/definitions/cbsa_42100_march_2020.shp, 9295699951354.111, 1157808273.6635053, 0.00012455310301779336
census_geographies/1990_tracts.shp, study_areas/definitions/cbsa_42140_march_2020.shp, 9295699951354.111, 4948965488.471402, 0.0005323929897017043
census_geographies/1990_tracts.shp, study_areas/definitions/cbsa_42200_march_2020.shp, 9295699951354.111, 7123532727.450155, 0.000766325587608114
census_geographies/1990_tracts.shp, study_areas/definitions/cbsa_42220_march_2020.shp, 9295699951354.111, 4115215168.8479958, 0.00044270094671553266
census_geographies/1990_tracts.shp, study_areas/definitions/cbsa_42340_march_2020.shp, 9295699951354.111, 3608424443.8130383, 0.0003881821124494661
census_geographies/1990_tracts.shp, study_areas/definitions/cbsa_42540_march_2020.shp, 9295699951354.111, 4600903379.880247, 0.0004949496438092357
census_geographies/1990_tracts.shp, study_areas/definitions/cbsa_42660_march_2020.shp, 9295699951354.111, 15416040927.860134, 0.0016584056078116493
census_geographies/1990_tracts.shp, study_areas/definitions/cbsa_42680_march_2020.shp, 9295699951354.111, 1333798800.5071614, 0.00014348556940167436
census_geographies/1990_tracts.shp, study_areas/definitions/cbsa_42700_march_2020.shp, 9295699951354.111, 2865314459.5407853, 0.0003082408505583695
census_geographies/1990_tracts.shp, study_areas/definitions/cbsa_43100_march_2020.shp, 9295699951354.111, 1340638063.3766081, 0.00014422131419821875
census_geographies/1990_tracts.shp, study_areas/definitions/cbsa_43300_march_2020.shp, 9295699951354.111, 2536123787.7773046, 0.00027282763009232734
census_geographies/1990_tracts.shp, study_areas/definitions/cbsa_43340_march_2020.shp, 9295699951354.111, 6988722770.823775, 0.0007518231878607186
census_geographies/1990_tracts.shp, study_areas/definitions/cbsa_43420_march_2020.shp, 9295699951354.111, 16106743837.346247, 0.001732709093627744
census_geographies/1990_tracts.shp, study_areas/definitions/cbsa_43580_march_2020.shp, 9295699951354.111, 5424882668.089269, 0.0005835905522422786
census_geographies/1990_tracts.shp, study_areas/definitions/cbsa_43620_march_2020.shp, 9295699951354.111, 6699917583.810472, 0.0007207545014224012
census_geographies/1990_tracts.shp, study_areas/definitions/cbsa_43780_march_2020.shp, 9295699951354.111, 2510813904.2269173, 0.00027010487831646986
census_geographies/1990_tracts.shp, study_areas/definitions/cbsa_43900_march_2020.shp, 9295699951354.111, 2121592411.576569, 0.00022823374492283554
census_geographies/1990_tracts.shp, study_areas/definitions/cbsa_44060_march_2020.shp, 9295699951354.111, 11192016850.069662, 0.001203999366227318
census_geographies/1990_tracts.shp, study_areas/definitions/cbsa_44100_march_2020.shp, 9295699951354.111, 3088244436.6217237, 0.0003322229044378586
census_geographies/1990_tracts.shp, study_areas/definitions/cbsa_44140_march_2020.shp, 9295699951354.111, 4932043248.074484, 0.0005305725522429357
census_geographies/1990_tracts.shp, study_areas/definitions/cbsa_44180_march_2020.shp, 9295699951354.111, 7823945927.461205, 0.0008416736736776325
census_geographies/1990_tracts.shp, study_areas/definitions/cbsa_44220_march_2020.shp, 9295699951354.111, 1045215542.8799076, 0.00011244075737703327
census_geographies/1990_tracts.shp, study_areas/definitions/cbsa_44300_march_2020.shp, 9295699951354.111, 2879676500.061497, 0.0003097858703627813
census_geographies/1990_tracts.shp, study_areas/definitions/cbsa_44420_march_2020.shp, 9295699951354.111, 2605585397.793623, 0.00028030007545736945
census_geographies/1990_tracts.shp, study_areas/definitions/cbsa_44700_march_2020.shp, 9295699951354.111, 3689368845.1780744, 0.0003968898377190672
census_geographies/1990_tracts.shp, study_areas/definitions/cbsa_44940_march_2020.shp, 9295699951354.111, 3568260462.128855, 0.00038386140697334623
census_geographies/1990_tracts.shp, study_areas/definitions/cbsa_45060_march_2020.shp, 9295699951354.111, 6428611379.760904, 0.0006915682964599609
census_geographies/1990_tracts.shp, study_areas/definitions/cbsa_45220_march_2020.shp, 9295699951354.111, 6368177813.074483, 0.0006850670574997234
census_geographies/1990_tracts.shp, study_areas/definitions/cbsa_45300_march_2020.shp, 9295699951354.111, 6780587577.287246, 0.0007294327068183298
census_geographies/1990_tracts.shp, study_areas/definitions/cbsa_45460_march_2020.shp, 9295699951354.111, 5011448764.163326, 0.0005391147294328605
census_geographies/1990_tracts.shp, study_areas/definitions/cbsa_45500_march_2020.shp, 9295699951354.111, 5504460074.510568, 0.0005921512208135256
census_geographies/1990_tracts.shp, study_areas/definitions/cbsa_45540_march_2020.shp, 9295699951354.111, 1503042389.2779253, 0.00016169222297875223
census_geographies/1990_tracts.shp, study_areas/definitions/cbsa_45780_march_2020.shp, 9295699951354.111, 4252381434.8982677, 0.0004574568302711643
census_geographies/1990_tracts.shp, study_areas/definitions/cbsa_45820_march_2020.shp, 9295699951354.111, 8521424939.921287, 0.0009167061097620695
census_geographies/1990_tracts.shp, study_areas/definitions/cbsa_45940_march_2020.shp, 9295699951354.111, 589848904.586078, 6.34539526526084e-05
census_geographies/1990_tracts.shp, study_areas/definitions/cbsa_46060_march_2020.shp, 9295699951354.111, 23799178876.139874, 0.002560235270144776
census_geographies/1990_tracts.shp, study_areas/definitions/cbsa_46140_march_2020.shp, 9295699951354.111, 16731921939.796515, 0.0017999636420449612
census_geographies/1990_tracts.shp, study_areas/definitions/cbsa_46220_march_2020.shp, 9295699951354.111, 9214468263.214136, 0.0009912613693896022
census_geographies/1990_tracts.shp, study_areas/definitions/cbsa_46300_march_2020.shp, 9295699951354.111, 6553500320.2049465, 0.0007050034267995379
census_geographies/1990_tracts.shp, study_areas/definitions/cbsa_46340_march_2020.shp, 9295699951354.111, 2460155506.9727974, 0.00026465521906335034
census_geographies/1990_tracts.shp, study_areas/definitions/cbsa_46520_march_2020.shp, 9295699951354.111, 1560423837.4316986, 0.00016786512533726848
census_geographies/1990_tracts.shp, study_areas/definitions/cbsa_46540_march_2020.shp, 9295699951354.111, 7032970933.229839, 0.0007565832557025834
census_geographies/1990_tracts.shp, study_areas/definitions/cbsa_46660_march_2020.shp, 9295699951354.111, 4219232828.340231, 0.0004538908151532594
census_geographies/1990_tracts.shp, study_areas/definitions/cbsa_46700_march_2020.shp, 9295699951354.111, 2177951351.6119766, 0.00023429664931199859
census_geographies/1990_tracts.shp, study_areas/definitions/cbsa_47020_march_2020.shp, 9295699951354.111, 4525658443.920462, 0.0004868550477752034
census_geographies/1990_tracts.shp, study_areas/definitions/cbsa_47220_march_2020.shp, 9295699951354.111, 1304489276.7642484, 0.00014033254984464322
census_geographies/1990_tracts.shp, study_areas/definitions/cbsa_47260_march_2020.shp, 9295699951354.111, 9330283599.409786, 0.0010037203920346674
census_geographies/1990_tracts.shp, study_areas/definitions/cbsa_47300_march_2020.shp, 9295699951354.111, 12532928404.30661, 0.0013482501016484434
census_geographies/1990_tracts.shp, study_areas/definitions/cbsa_47380_march_2020.shp, 9295699951354.111, 4750203429.099321, 0.0005110108387703882
census_geographies/1990_tracts.shp, study_areas/definitions/cbsa_47460_march_2020.shp, 9295699951354.111, 3364955460.8627076, 0.0003619905416990715
census_geographies/1990_tracts.shp, study_areas/definitions/cbsa_47580_march_2020.shp, 9295699951354.111, 1376038746.3511472, 0.00014802960008952296
census_geographies/1990_tracts.shp, study_areas/definitions/cbsa_47900_march_2020.shp, 9295699951354.111, 17234181629.04428, 0.0018539950427868281
census_geographies/1990_tracts.shp, study_areas/definitions/cbsa_47940_march_2020.shp, 9295699951354.111, 3921356116.154594, 0.00042184624468040915
census_geographies/1990_tracts.shp, study_areas/definitions/cbsa_48060_march_2020.shp, 9295699951354.111, 3336992693.476691, 0.0003589824016415879
census_geographies/1990_tracts.shp, study_areas/definitions/cbsa_48140_march_2020.shp, 9295699951354.111, 6431335819.339311, 0.0006918613824666806
census_geographies/1990_tracts.shp, study_areas/definitions/cbsa_48260_march_2020.shp, 9295699951354.111, 1531938928.8961205, 0.00016480081509870183
census_geographies/1990_tracts.shp, study_areas/definitions/cbsa_48300_march_2020.shp, 9295699951354.111, 12541373265.032518, 0.0013491585712386948
census_geographies/1990_tracts.shp, study_areas/definitions/cbsa_48540_march_2020.shp, 9295699951354.111, 2492674243.9811954, 0.00026815347494279715
census_geographies/1990_tracts.shp, study_areas/definitions/cbsa_48620_march_2020.shp, 9295699951354.111, 10829092766.489336, 0.0011649572192690939
census_geographies/1990_tracts.shp, study_areas/definitions/cbsa_48660_march_2020.shp, 9295699951354.111, 6928219840.899048, 0.0007453144870376123
census_geographies/1990_tracts.shp, study_areas/definitions/cbsa_48700_march_2020.shp, 9295699951354.111, 3221307172.733948, 0.00034653734410443164
census_geographies/1990_tracts.shp, study_areas/definitions/cbsa_48900_march_2020.shp, 9295699951354.111, 2795814325.8114314, 0.0003007642609424117
census_geographies/1990_tracts.shp, study_areas/definitions/cbsa_49020_march_2020.shp, 9295699951354.111, 2770168608.1666594, 0.000298005381269124
census_geographies/1990_tracts.shp, study_areas/definitions/cbsa_49180_march_2020.shp, 9295699951354.111, 5283479576.95325, 0.0005683788853558684
census_geographies/1990_tracts.shp, study_areas/definitions/cbsa_49340_march_2020.shp, 9295699951354.111, 5440186777.5820055, 0.0005852369166444028
census_geographies/1990_tracts.shp, study_areas/definitions/cbsa_49420_march_2020.shp, 9295699951354.111, 11166847761.981897, 0.0012012917607517242
census_geographies/1990_tracts.shp, study_areas/definitions/cbsa_49620_march_2020.shp, 9295699951354.111, 2357546747.3581977, 0.0002536169153152122
census_geographies/1990_tracts.shp, study_areas/definitions/cbsa_49660_march_2020.shp, 9295699951354.111, 4508342043.45451, 0.0004849922079076763
census_geographies/1990_tracts.shp, study_areas/definitions/cbsa_49700_march_2020.shp, 9295699951354.111, 3243479223.9817653, 0.0003489225384807397
census_geographies/1990_tracts.shp, study_areas/definitions/cbsa_49740_march_2020.shp, 9295699951354.111, 14294372778.955776, 0.0015377403373345226
census_geographies/1980_tracts.shp, study_areas/definitions/cbsa_10180_march_2020.shp, 2014211535140.1255, 7142354815.119435, 0.0035459804943588275
census_geographies/1980_tracts.shp, study_areas/definitions/cbsa_10420_march_2020.shp, 2014211535140.1255, 2401346779.178394, 0.0011922018801323844
census_geographies/1980_tracts.shp, study_areas/definitions/cbsa_10500_march_2020.shp, 2014211535140.1255, 1804338775.770214, 0.000895804012781949
census_geographies/1980_tracts.shp, study_areas/definitions/cbsa_10540_march_2020.shp, 2014211535140.1255, 5980573954.202403, 0.0029691886129459308
census_geographies/1980_tracts.shp, study_areas/definitions/cbsa_10580_march_2020.shp, 2014211535140.1255, 5832418697.79479, 0.0028956336492179996
census_geographies/1980_tracts.shp, study_areas/definitions/cbsa_10740_march_2020.shp, 2014211535140.1255, 12646932585.447031, 0.0062788502422945385
census_geographies/1980_tracts.shp, study_areas/definitions/cbsa_10780_march_2020.shp, 2014211535140.1255, 5248759334.679081, 0.002605863010467733
census_geographies/1980_tracts.shp, study_areas/definitions/cbsa_10900_march_2020.shp, 2014211535140.1255, 3822006911.7768755, 0.0018975201189635649
census_geographies/1980_tracts.shp, study_areas/definitions/cbsa_11020_march_2020.shp, 2014211535140.1255, 1365216100.7629306, 0.0006777918192529638
census_geographies/1980_tracts.shp, study_areas/definitions/cbsa_11100_march_2020.shp, 2014211535140.1255, 4777025827.952399, 0.0023716604460911647
census_geographies/1980_tracts.shp, study_areas/definitions/cbsa_11180_march_2020.shp, 2014211535140.1255, 2971239111.5344195, 0.001475137571053437
census_geographies/1980_tracts.shp, study_areas/definitions/cbsa_11260_march_2020.shp, 2014211535140.1255, 4426682387.830579, 0.002197724673204506
census_geographies/1980_tracts.shp, study_areas/definitions/cbsa_11460_march_2020.shp, 2014211535140.1255, 1871320984.7098024, 0.0009290588163470216
census_geographies/1980_tracts.shp, study_areas/definitions/cbsa_11500_march_2020.shp, 2014211535140.1255, 1585924087.703856, 0.0007873671955679301
census_geographies/1980_tracts.shp, study_areas/definitions/cbsa_11540_march_2020.shp, 2014211535140.1255, 2697237261.586396, 0.0013391032741746033
census_geographies/1980_tracts.shp, study_areas/definitions/cbsa_11700_march_2020.shp, 2014211535140.1255, 2878489445.393557, 0.0014290899417341014
census_geographies/1980_tracts.shp, study_areas/definitions/cbsa_12020_march_2020.shp, 2014211535140.1255, 314126503.0768926, 0.0001559550710521769
census_geographies/1980_tracts.shp, study_areas/definitions/cbsa_12060_march_2020.shp, 2014211535140.1255, 11351581090.663677, 0.005635744256560405
census_geographies/1980_tracts.shp, study_areas/definitions/cbsa_12100_march_2020.shp, 2014211535140.1255, 1476779943.557592, 0.0007331801639468094
census_geographies/1980_tracts.shp, study_areas/definitions/cbsa_12220_march_2020.shp, 2014211535140.1255, 1594298967.1225429, 0.0007915250902441238
census_geographies/1980_tracts.shp, study_areas/definitions/cbsa_12260_march_2020.shp, 2014211535140.1255, 4446250825.974172, 0.002207439858428203
census_geographies/1980_tracts.shp, study_areas/definitions/cbsa_12420_march_2020.shp, 2014211535140.1255, 7346934480.72763, 0.0036475486077565907
census_geographies/1980_tracts.shp, study_areas/definitions/cbsa_12540_march_2020.shp, 2014211535140.1255, 21138168875.193672, 0.010494512868393003
census_geographies/1980_tracts.shp, study_areas/definitions/cbsa_12580_march_2020.shp, 2014211535140.1255, 5868226628.377456, 0.0029134112907208687
census_geographies/1980_tracts.shp, study_areas/definitions/cbsa_12620_march_2020.shp, 2014211535140.1255, 9210115730.27563, 0.004572566272010203
census_geographies/1980_tracts.shp, study_areas/definitions/cbsa_12940_march_2020.shp, 2014211535140.1255, 4350976028.717139, 0.0021601385717485966
census_geographies/1980_tracts.shp, study_areas/definitions/cbsa_12980_march_2020.shp, 2014211535140.1255, 1860738549.3741314, 0.0009238049315632992
census_geographies/1980_tracts.shp, study_areas/definitions/cbsa_13020_march_2020.shp, 2014211535140.1255, 1159619594.3325639, 0.0005757188726713806
census_geographies/1980_tracts.shp, study_areas/definitions/cbsa_13140_march_2020.shp, 2014211535140.1255, 5759178734.06892, 0.0028592720444669
census_geographies/1980_tracts.shp, study_areas/definitions/cbsa_13220_march_2020.shp, 2014211535140.1255, 3309241080.1220345, 0.0016429461466130548
census_geographies/1980_tracts.shp, study_areas/definitions/cbsa_13380_march_2020.shp, 2014211535140.1255, 5603004519.111398, 0.002781735890873848
census_geographies/1980_tracts.shp, study_areas/definitions/cbsa_13740_march_2020.shp, 2014211535140.1255, 6860888507.04842, 0.003406240301652884
census_geographies/1980_tracts.shp, study_areas/definitions/cbsa_13780_march_2020.shp, 2014211535140.1255, 3202930246.3825345, 0.0015901657747976862
census_geographies/1980_tracts.shp, study_areas/definitions/cbsa_13820_march_2020.shp, 2014211535140.1255, 10200278560.951458, 0.005064154575126014
census_geographies/1980_tracts.shp, study_areas/definitions/cbsa_13900_march_2020.shp, 2014211535140.1255, 9358242298.798273, 0.004646106993001227
census_geographies/1980_tracts.shp, study_areas/definitions/cbsa_13980_march_2020.shp, 2014211535140.1255, 853641488.6873691, 0.0004238092542886677
census_geographies/1980_tracts.shp, study_areas/definitions/cbsa_14010_march_2020.shp, 2014211535140.1255, 3072453892.1031156, 0.0015253878942210356
census_geographies/1980_tracts.shp, study_areas/definitions/cbsa_14020_march_2020.shp, 2014211535140.1255, 1065309732.4772804, 0.0005288966495781529
census_geographies/1980_tracts.shp, study_areas/definitions/cbsa_14260_march_2020.shp, 2014211535140.1255, 4309272379.748126, 0.0021394338700618833
census_geographies/1980_tracts.shp, study_areas/definitions/cbsa_14460_march_2020.shp, 2014211535140.1255, 9381291156.95702, 0.004657550109951276
census_geographies/1980_tracts.shp, study_areas/definitions/cbsa_14500_march_2020.shp, 2014211535140.1255, 1899541126.667801, 0.0009430693318592542
census_geographies/1980_tracts.shp, study_areas/definitions/cbsa_14740_march_2020.shp, 2014211535140.1255, 1031735032.3926079, 0.0005122277448981205
census_geographies/1980_tracts.shp, study_areas/definitions/cbsa_14860_march_2020.shp, 2014211535140.1255, 1673888422.6219566, 0.0008310390410436741
census_geographies/1980_tracts.shp, study_areas/definitions/cbsa_15180_march_2020.shp, 2014211535140.1255, 2466069915.719219, 0.0012243351170897047
census_geographies/1980_tracts.shp, study_areas/definitions/cbsa_15380_march_2020.shp, 2014211535140.1255, 4067514582.4763384, 0.002019407848438008
census_geographies/1980_tracts.shp, study_areas/definitions/cbsa_15500_march_2020.shp, 2014211535140.1255, 1126061759.5134773, 0.0005590583411265883
census_geographies/1980_tracts.shp, study_areas/definitions/cbsa_15540_march_2020.shp, 2014211535140.1255, 1604840368.921848, 0.0007967586030184272
census_geographies/1980_tracts.shp, study_areas/definitions/cbsa_15940_march_2020.shp, 2014211535140.1255, 2537965512.824563, 0.0012600292812085404
census_geographies/1980_tracts.shp, study_areas/definitions/cbsa_15980_march_2020.shp, 2014211535140.1255, 2116887581.158513, 0.001050975800816891
census_geographies/1980_tracts.shp, study_areas/definitions/cbsa_16180_march_2020.shp, 2014211535140.1255, 403156896.5622294, 0.00020015618495312728
census_geographies/1980_tracts.shp, study_areas/definitions/cbsa_16220_march_2020.shp, 2014211535140.1255, 13922899774.589169, 0.006912332459470586
census_geographies/1980_tracts.shp, study_areas/definitions/cbsa_16300_march_2020.shp, 2014211535140.1255, 1876552392.5840526, 0.0009316560648400337
census_geographies/1980_tracts.shp, study_areas/definitions/cbsa_16580_march_2020.shp, 2014211535140.1255, 2583589403.5663834, 0.0012826802738902232
census_geographies/1980_tracts.shp, study_areas/definitions/cbsa_16620_march_2020.shp, 2014211535140.1255, 2359448008.571998, 0.0011714003059802034
census_geographies/1980_tracts.shp, study_areas/definitions/cbsa_16700_march_2020.shp, 2014211535140.1255, 7101814893.576679, 0.003525853550969073
census_geographies/1980_tracts.shp, study_areas/definitions/cbsa_16740_march_2020.shp, 2014211535140.1255, 12619478735.626497, 0.006265220169513417
census_geographies/1980_tracts.shp, study_areas/definitions/cbsa_16820_march_2020.shp, 2014211535140.1255, 1907381348.100888, 0.0009469617837176146
census_geographies/1980_tracts.shp, study_areas/definitions/cbsa_16860_march_2020.shp, 2014211535140.1255, 5536385253.310622, 0.0027486612784815893
census_geographies/1980_tracts.shp, study_areas/definitions/cbsa_16940_march_2020.shp, 2014211535140.1255, 6960899436.070892, 0.003455892946014051
census_geographies/1980_tracts.shp, study_areas/definitions/cbsa_16980_march_2020.shp, 2014211535140.1255, 13656338801.508368, 0.006779992350981308
census_geographies/1980_tracts.shp, study_areas/definitions/cbsa_17020_march_2020.shp, 2014211535140.1255, 4343701937.11845, 0.0021565271876055787
census_geographies/1980_tracts.shp, study_areas/definitions/cbsa_17140_march_2020.shp, 2014211535140.1255, 6826217638.830032, 0.0033890271799854148
census_geographies/1980_tracts.shp, study_areas/definitions/cbsa_17300_march_2020.shp, 2014211535140.1255, 4561121125.175253, 0.0022644697667556267
census_geographies/1980_tracts.shp, study_areas/definitions/cbsa_17460_march_2020.shp, 2014211535140.1255, 5223780196.639534, 0.002593461563249425
census_geographies/1980_tracts.shp, study_areas/definitions/cbsa_17780_march_2020.shp, 2014211535140.1255, 1528878532.6791136, 0.0007590456642741607
census_geographies/1980_tracts.shp, study_areas/definitions/cbsa_17820_march_2020.shp, 2014211535140.1255, 6963226756.750935, 0.0034570483959950682
census_geographies/1980_tracts.shp, study_areas/definitions/cbsa_17860_march_2020.shp, 2014211535140.1255, 1790489380.4506125, 0.0008889281732397839
census_geographies/1980_tracts.shp, study_areas/definitions/cbsa_17900_march_2020.shp, 2014211535140.1255, 3961688769.2857294, 0.0019668682758338593
census_geographies/1980_tracts.shp, study_areas/definitions/cbsa_17980_march_2020.shp, 2014211535140.1255, 2899634608.725014, 0.001439587927155472
census_geographies/1980_tracts.shp, study_areas/definitions/cbsa_18140_march_2020.shp, 2014211535140.1255, 8207680777.389917, 0.004074885201577858
census_geographies/1980_tracts.shp, study_areas/definitions/cbsa_18580_march_2020.shp, 2014211535140.1255, 4017610649.9143267, 0.001994631934046008
census_geographies/1980_tracts.shp, study_areas/definitions/cbsa_18700_march_2020.shp, 2014211535140.1255, 1758504503.5068662, 0.0008730485715267884
census_geographies/1980_tracts.shp, study_areas/definitions/cbsa_18880_march_2020.shp, 2014211535140.1255, 2431976532.5147676, 0.001207408700668363
census_geographies/1980_tracts.shp, study_areas/definitions/cbsa_19060_march_2020.shp, 2014211535140.1255, 1113218808.2552426, 0.0005526821730656992
census_geographies/1980_tracts.shp, study_areas/definitions/cbsa_19100_march_2020.shp, 2014211535140.1255, 21042035446.32379, 0.010446785295001267
census_geographies/1980_tracts.shp, study_areas/definitions/cbsa_19180_march_2020.shp, 2014211535140.1255, 2336514828.4313474, 0.0011600146199484455
census_geographies/1980_tracts.shp, study_areas/definitions/cbsa_19300_march_2020.shp, 2014211535140.1255, 4232266030.9885955, 0.0021012023599071305
census_geographies/1980_tracts.shp, study_areas/definitions/cbsa_19340_march_2020.shp, 2014211535140.1255, 5992713867.014727, 0.0029752157419741035
census_geographies/1980_tracts.shp, study_areas/definitions/cbsa_19430_march_2020.shp, 2014211535140.1255, 3340505372.534707, 0.0016584679981501117
census_geographies/1980_tracts.shp, study_areas/definitions/cbsa_19460_march_2020.shp, 2014211535140.1255, 1551567087.5781558, 0.0007703099006779423
census_geographies/1980_tracts.shp, study_areas/definitions/cbsa_19500_march_2020.shp, 2014211535140.1255, 1516119627.540001, 0.0007527112227735936
census_geographies/1980_tracts.shp, study_areas/definitions/cbsa_19660_march_2020.shp, 2014211535140.1255, 3164722375.0265894, 0.0015711966294575037
census_geographies/1980_tracts.shp, study_areas/definitions/cbsa_19740_march_2020.shp, 2014211535140.1255, 10222828829.228594, 0.005075350156068592
census_geographies/1980_tracts.shp, study_areas/definitions/cbsa_19780_march_2020.shp, 2014211535140.1255, 7904748098.2494135, 0.0039244875527433085
census_geographies/1980_tracts.shp, study_areas/definitions/cbsa_19820_march_2020.shp, 2014211535140.1255, 10316206016.97028, 0.00512170933240763
census_geographies/1980_tracts.shp, study_areas/definitions/cbsa_20020_march_2020.shp, 2014211535140.1255, 4477863500.454097, 0.002223134671971074
census_geographies/1980_tracts.shp, study_areas/definitions/cbsa_20100_march_2020.shp, 2014211535140.1255, 1548770578.1471016, 0.0007689215115329761
census_geographies/1980_tracts.shp, study_areas/definitions/cbsa_20220_march_2020.shp, 2014211535140.1255, 1596874144.2117953, 0.0007928035940379536
census_geographies/1980_tracts.shp, study_areas/definitions/cbsa_20260_march_2020.shp, 2014211535140.1255, 20897579313.580902, 0.010375066843278252
census_geographies/1980_tracts.shp, study_areas/definitions/cbsa_20500_march_2020.shp, 2014211535140.1255, 3646858867.9824147, 0.00181056398712795
census_geographies/1980_tracts.shp, study_areas/definitions/cbsa_20700_march_2020.shp, 2014211535140.1255, 1599103187.8812108, 0.0007939102522168625
census_geographies/1980_tracts.shp, study_areas/definitions/cbsa_20740_march_2020.shp, 2014211535140.1255, 4368217874.00241, 0.0021686986683345155
census_geographies/1980_tracts.shp, study_areas/definitions/cbsa_20940_march_2020.shp, 2014211535140.1255, 11607768479.497816, 0.005762934169022263
census_geographies/1980_tracts.shp, study_areas/definitions/cbsa_21140_march_2020.shp, 2014211535140.1255, 1211714489.6126027, 0.0006015825391091833
census_geographies/1980_tracts.shp, study_areas/definitions/cbsa_21300_march_2020.shp, 2014211535140.1255, 1063925242.1806772, 0.0005282092886567953
census_geographies/1980_tracts.shp, study_areas/definitions/cbsa_21340_march_2020.shp, 2014211535140.1255, 2628017513.933224, 0.00130473759487749
census_geographies/1980_tracts.shp, study_areas/definitions/cbsa_21420_march_2020.shp, 2014211535140.1255, 2745256578.0617104, 0.0013629435291019358
census_geographies/1980_tracts.shp, study_areas/definitions/cbsa_21500_march_2020.shp, 2014211535140.1255, 2082480115.2582746, 0.0010338934510735983
census_geographies/1980_tracts.shp, study_areas/definitions/cbsa_21660_march_2020.shp, 2014211535140.1255, 11959986388.350155, 0.005937800563493505
census_geographies/1980_tracts.shp, study_areas/definitions/cbsa_21780_march_2020.shp, 2014211535140.1255, 3919383118.1733584, 0.0019458646968282271
census_geographies/1980_tracts.shp, study_areas/definitions/cbsa_21820_march_2020.shp, 2014211535140.1255, 19281233686.69605, 0.009572596199710813
census_geographies/1980_tracts.shp, study_areas/definitions/cbsa_22020_march_2020.shp, 2014211535140.1255, 7305297780.802248, 0.0036268771444077893
census_geographies/1980_tracts.shp, study_areas/definitions/cbsa_22140_march_2020.shp, 2014211535140.1255, 14344361943.636112, 0.007121576703033923
census_geographies/1980_tracts.shp, study_areas/definitions/cbsa_22180_march_2020.shp, 2014211535140.1255, 1705410396.4137678, 0.0008466888242178223
census_geographies/1980_tracts.shp, study_areas/definitions/cbsa_22220_march_2020.shp, 2014211535140.1255, 4755898499.831231, 0.0023611713153555993
census_geographies/1980_tracts.shp, study_areas/definitions/cbsa_22420_march_2020.shp, 2014211535140.1255, 1681776520.803232, 0.000834955262375773
census_geographies/1980_tracts.shp, study_areas/definitions/cbsa_22500_march_2020.shp, 2014211535140.1255, 2081700037.4859114, 0.0010335061641582202
census_geographies/1980_tracts.shp, study_areas/definitions/cbsa_22520_march_2020.shp, 2014211535140.1255, 3476814595.5283093, 0.0017261417357965995
census_geographies/1980_tracts.shp, study_areas/definitions/cbsa_22540_march_2020.shp, 2014211535140.1255, 1983388384.2298205, 0.0009846971629481008
census_geographies/1980_tracts.shp, study_areas/definitions/cbsa_22660_march_2020.shp, 2014211535140.1255, 6821639817.23865, 0.0033867544189017267
census_geographies/1980_tracts.shp, study_areas/definitions/cbsa_22900_march_2020.shp, 2014211535140.1255, 4830657101.958297, 0.00239828688183053
census_geographies/1980_tracts.shp, study_areas/definitions/cbsa_23060_march_2020.shp, 2014211535140.1255, 1709650714.4510422, 0.0008487940241748762
census_geographies/1980_tracts.shp, study_areas/definitions/cbsa_23420_march_2020.shp, 2014211535140.1255, 15585349948.60206, 0.007737692728245552
census_geographies/1980_tracts.shp, study_areas/definitions/cbsa_23460_march_2020.shp, 2014211535140.1255, 1421279646.2212398, 0.000705625810112523
census_geographies/1980_tracts.shp, study_areas/definitions/cbsa_23540_march_2020.shp, 2014211535140.1255, 2510079789.1715393, 0.0012461847950825666
census_geographies/1980_tracts.shp, study_areas/definitions/cbsa_23900_march_2020.shp, 2014211535140.1255, 1350727924.1408937, 0.0006705988425624451
census_geographies/1980_tracts.shp, study_areas/definitions/cbsa_24020_march_2020.shp, 2014211535140.1255, 4603646909.755695, 0.002285582635904936
census_geographies/1980_tracts.shp, study_areas/definitions/cbsa_24140_march_2020.shp, 2014211535140.1255, 1441830386.265625, 0.0007158286809063076
census_geographies/1980_tracts.shp, study_areas/definitions/cbsa_24220_march_2020.shp, 2014211535140.1255, 8903253794.116352, 0.0044202178563618275
census_geographies/1980_tracts.shp, study_areas/definitions/cbsa_24300_march_2020.shp, 2014211535140.1255, 8653480811.144552, 0.004296212517987861
census_geographies/1980_tracts.shp, study_areas/definitions/cbsa_24340_march_2020.shp, 2014211535140.1255, 5257050203.192988, 0.002609979196066546
census_geographies/1980_tracts.shp, study_areas/definitions/cbsa_24500_march_2020.shp, 2014211535140.1255, 7023046466.859113, 0.0034867472181220184
census_geographies/1980_tracts.shp, study_areas/definitions/cbsa_24540_march_2020.shp, 2014211535140.1255, 10415731020.200718, 0.005171120728129537
census_geographies/1980_tracts.shp, study_areas/definitions/cbsa_24580_march_2020.shp, 2014211535140.1255, 1384738120.6052315, 0.000687483959081238
census_geographies/1980_tracts.shp, study_areas/definitions/cbsa_24660_march_2020.shp, 2014211535140.1255, 5231715298.685788, 0.002597401120693029
census_geographies/1980_tracts.shp, study_areas/definitions/cbsa_24860_march_2020.shp, 2014211535140.1255, 5346476870.514903, 0.0026543770489046263
census_geographies/1980_tracts.shp, study_areas/definitions/cbsa_25060_march_2020.shp, 2014211535140.1255, 5840027670.9788065, 0.0028994112927530845
census_geographies/1980_tracts.shp, study_areas/definitions/cbsa_25180_march_2020.shp, 2014211535140.1255, 1210934765.1610208, 0.0006011954276077452
census_geographies/1980_tracts.shp, study_areas/definitions/cbsa_25260_march_2020.shp, 2014211535140.1255, 3603970111.6208096, 0.0017892709125856968
census_geographies/1980_tracts.shp, study_areas/definitions/cbsa_25420_march_2020.shp, 2014211535140.1255, 4310878003.454839, 0.0021402310175703257
census_geographies/1980_tracts.shp, study_areas/definitions/cbsa_25500_march_2020.shp, 2014211535140.1255, 2255588274.088686, 0.0011198368367658902
census_geographies/1980_tracts.shp, study_areas/definitions/cbsa_25540_march_2020.shp, 2014211535140.1255, 4016416788.0676026, 0.0019940392148475043
census_geographies/1980_tracts.shp, study_areas/definitions/cbsa_25620_march_2020.shp, 2014211535140.1255, 2514032721.0174584, 0.001248147315789531
census_geographies/1980_tracts.shp, study_areas/definitions/cbsa_25860_march_2020.shp, 2014211535140.1255, 2404566286.8057933, 0.0011938002761157415
census_geographies/1980_tracts.shp, study_areas/definitions/cbsa_26380_march_2020.shp, 2014211535140.1255, 6819415394.951041, 0.0033856500551103365
census_geographies/1980_tracts.shp, study_areas/definitions/cbsa_26420_march_2020.shp, 2014211535140.1255, 22166634598.60652, 0.011005117492321592
census_geographies/1980_tracts.shp, study_areas/definitions/cbsa_26580_march_2020.shp, 2014211535140.1255, 5501726631.86226, 0.002731454236994782
census_geographies/1980_tracts.shp, study_areas/definitions/cbsa_26620_march_2020.shp, 2014211535140.1255, 3677633661.642507, 0.0018258428161502212
census_geographies/1980_tracts.shp, study_areas/definitions/cbsa_26900_march_2020.shp, 2014211535140.1255, 9172733275.428394, 0.0045540069230068534
census_geographies/1980_tracts.shp, study_areas/definitions/cbsa_26980_march_2020.shp, 2014211535140.1255, 1614458128.976872, 0.0008015335533586628
census_geographies/1980_tracts.shp, study_areas/definitions/cbsa_27100_march_2020.shp, 2014211535140.1255, 1874527770.8531885, 0.0009306508964674262
census_geographies/1980_tracts.shp, study_areas/definitions/cbsa_27140_march_2020.shp, 2014211535140.1255, 6281849092.706094, 0.0031187633389603616
census_geographies/1980_tracts.shp, study_areas/definitions/cbsa_27180_march_2020.shp, 2014211535140.1255, 1446865678.2543733, 0.0007183285633173167
census_geographies/1980_tracts.shp, study_areas/definitions/cbsa_27260_march_2020.shp, 2014211535140.1255, 8799750937.001003, 0.004368831566833827
census_geographies/1980_tracts.shp, study_areas/definitions/cbsa_27340_march_2020.shp, 2014211535140.1255, 1992622721.7834466, 0.0009892817546816516
census_geographies/1980_tracts.shp, study_areas/definitions/cbsa_27500_march_2020.shp, 2014211535140.1255, 1880823890.4733121, 0.0009337767447263011
census_geographies/1980_tracts.shp, study_areas/definitions/cbsa_27740_march_2020.shp, 2014211535140.1255, 2237515711.8913994, 0.0011108643123403318
census_geographies/1980_tracts.shp, study_areas/definitions/cbsa_27780_march_2020.shp, 2014211535140.1255, 1795970460.77578, 0.0008916493771598012
census_geographies/1980_tracts.shp, study_areas/definitions/cbsa_27900_march_2020.shp, 2014211535140.1255, 3284074852.6037326, 0.0016304518146726156
census_geographies/1980_tracts.shp, study_areas/definitions/cbsa_27980_march_2020.shp, 2014211535140.1255, 3005567551.5823054, 0.0014921806866592157
census_geographies/1980_tracts.shp, study_areas/definitions/cbsa_28020_march_2020.shp, 2014211535140.1255, 1502648390.1251128, 0.0007460231281122993
census_geographies/1980_tracts.shp, study_areas/definitions/cbsa_28100_march_2020.shp, 2014211535140.1255, 1764925245.6324418, 0.0008762362913931276
census_geographies/1980_tracts.shp, study_areas/definitions/cbsa_28140_march_2020.shp, 2014211535140.1255, 9927202681.086187, 0.0049285799966365335
census_geographies/1980_tracts.shp, study_areas/definitions/cbsa_28420_march_2020.shp, 2014211535140.1255, 7835805960.244873, 0.003890259698914766
census_geographies/1980_tracts.shp, study_areas/definitions/cbsa_28660_march_2020.shp, 2014211535140.1255, 5554744358.898866, 0.0027577760637302827
census_geographies/1980_tracts.shp, study_areas/definitions/cbsa_28700_march_2020.shp, 2014211535140.1255, 5301970541.465854, 0.0026322808945173698
census_geographies/1980_tracts.shp, study_areas/definitions/cbsa_28940_march_2020.shp, 2014211535140.1255, 5385550576.198667, 0.0026737760569045706
census_geographies/1980_tracts.shp, study_areas/definitions/cbsa_29020_march_2020.shp, 2014211535140.1255, 761266959.3011994, 0.0003779478699332537
census_geographies/1980_tracts.shp, study_areas/definitions/cbsa_29100_march_2020.shp, 2014211535140.1255, 2716401667.5737505, 0.001348617868671264
census_geographies/1980_tracts.shp, study_areas/definitions/cbsa_29180_march_2020.shp, 2014211535140.1255, 700061668.0572757, 0.0003475611453136542
census_geographies/1980_tracts.shp, study_areas/definitions/cbsa_29200_march_2020.shp, 2014211535140.1255, 1302943394.829771, 0.0006468751529313068
census_geographies/1980_tracts.shp, study_areas/definitions/cbsa_29340_march_2020.shp, 2014211535140.1255, 2834372400.1831694, 0.0014071870559444425
census_geographies/1980_tracts.shp, study_areas/definitions/cbsa_29460_march_2020.shp, 2014211535140.1255, 5205961005.434344, 0.002584614830473689
census_geographies/1980_tracts.shp, study_areas/definitions/cbsa_29540_march_2020.shp, 2014211535140.1255, 2548041312.099847, 0.0012650316352808414
census_geographies/1980_tracts.shp, study_areas/definitions/cbsa_29620_march_2020.shp, 2014211535140.1255, 5841065271.287534, 0.0028999264324445348
census_geographies/1980_tracts.shp, study_areas/definitions/cbsa_29700_march_2020.shp, 2014211535140.1255, 8742783456.573982, 0.004340548797406108
census_geographies/1980_tracts.shp, study_areas/definitions/cbsa_29740_march_2020.shp, 2014211535140.1255, 9879943151.134491, 0.004905116954583998
census_geographies/1980_tracts.shp, study_areas/definitions/cbsa_29820_march_2020.shp, 2014211535140.1255, 20954421504.50415, 0.010403287409952394
census_geographies/1980_tracts.shp, study_areas/definitions/cbsa_29940_march_2020.shp, 2014211535140.1255, 1228874341.3083673, 0.0006101019281586412
census_geographies/1980_tracts.shp, study_areas/definitions/cbsa_30020_march_2020.shp, 2014211535140.1255, 2807108117.646483, 0.0013936510980467585
census_geographies/1980_tracts.shp, study_areas/definitions/cbsa_30140_march_2020.shp, 2014211535140.1255, 939129494.6374706, 0.0004662516713132302
census_geographies/1980_tracts.shp, study_areas/definitions/cbsa_30340_march_2020.shp, 2014211535140.1255, 1287795918.7937386, 0.0006393548524207755
census_geographies/1980_tracts.shp, study_areas/definitions/cbsa_30460_march_2020.shp, 2014211535140.1255, 3843722138.646586, 0.001908301125074822
census_geographies/1980_tracts.shp, study_areas/definitions/cbsa_30620_march_2020.shp, 2014211535140.1255, 1053814261.7219664, 0.0005231894681055206
census_geographies/1980_tracts.shp, study_areas/definitions/cbsa_30700_march_2020.shp, 2014211535140.1255, 2192958202.2754173, 0.001088742748225229
census_geographies/1980_tracts.shp, study_areas/definitions/cbsa_30780_march_2020.shp, 2014211535140.1255, 6062531613.93637, 0.003009878311274098
census_geographies/1980_tracts.shp, study_areas/definitions/cbsa_30980_march_2020.shp, 2014211535140.1255, 3085916409.0999193, 0.0015320716594373178
census_geographies/1980_tracts.shp, study_areas/definitions/cbsa_31020_march_2020.shp, 2014211535140.1255, 3019984197.047095, 0.0014993381501198677
census_geographies/1980_tracts.shp, study_areas/definitions/cbsa_31080_march_2020.shp, 2014211535140.1255, 12659194697.000677, 0.006284938039598704
census_geographies/1980_tracts.shp, study_areas/definitions/cbsa_31140_march_2020.shp, 2014211535140.1255, 3677348027.3114424, 0.0018257010066500365
census_geographies/1980_tracts.shp, study_areas/definitions/cbsa_31180_march_2020.shp, 2014211535140.1255, 2332821293.9884043, 0.0011581808828366746
census_geographies/1980_tracts.shp, study_areas/definitions/cbsa_31340_march_2020.shp, 2014211535140.1255, 5559898629.364387, 0.002760335015645511
census_geographies/1980_tracts.shp, study_areas/definitions/cbsa_31420_march_2020.shp, 2014211535140.1255, 4500721075.291786, 0.0022344828220729447
census_geographies/1980_tracts.shp, study_areas/definitions/cbsa_31460_march_2020.shp, 2014211535140.1255, 5577017201.6171875, 0.002768833910599764
census_geographies/1980_tracts.shp, study_areas/definitions/cbsa_31540_march_2020.shp, 2014211535140.1255, 3207199149.5254397, 0.001592285166464564
census_geographies/1980_tracts.shp, study_areas/definitions/cbsa_31700_march_2020.shp, 2014211535140.1255, 2310762620.941465, 0.0011472293652517033
census_geographies/1980_tracts.shp, study_areas/definitions/cbsa_31900_march_2020.shp, 2014211535140.1255, 1295837228.6775382, 0.0006433471391014494
census_geographies/1980_tracts.shp, study_areas/definitions/cbsa_32580_march_2020.shp, 2014211535140.1255, 4099200916.5945096, 0.0020351392319423564
census_geographies/1980_tracts.shp, study_areas/definitions/cbsa_32780_march_2020.shp, 2014211535140.1255, 7256485673.62637, 0.0036026432909498497
census_geographies/1980_tracts.shp, study_areas/definitions/cbsa_32820_march_2020.shp, 2014211535140.1255, 8023956720.677393, 0.003983671317878327
census_geographies/1980_tracts.shp, study_areas/definitions/cbsa_32900_march_2020.shp, 2014211535140.1255, 5107144471.437148, 0.0025355551700193455
census_geographies/1980_tracts.shp, study_areas/definitions/cbsa_33100_march_2020.shp, 2014211535140.1255, 14036656462.81201, 0.006968809490923456
census_geographies/1980_tracts.shp, study_areas/definitions/cbsa_33140_march_2020.shp, 2014211535140.1255, 1563353209.1481245, 0.0007761613821953236
census_geographies/1980_tracts.shp, study_areas/definitions/cbsa_33220_march_2020.shp, 2014211535140.1255, 1367212793.3574638, 0.0006787831215862583
census_geographies/1980_tracts.shp, study_areas/definitions/cbsa_33260_march_2020.shp, 2014211535140.1255, 2336120707.723772, 0.0011598189499799742
census_geographies/1980_tracts.shp, study_areas/definitions/cbsa_33340_march_2020.shp, 2014211535140.1255, 3867654283.363304, 0.001920182769231454
census_geographies/1980_tracts.shp, study_areas/definitions/cbsa_33460_march_2020.shp, 2014211535140.1255, 13780404727.807133, 0.006841587632377675
census_geographies/1980_tracts.shp, study_areas/definitions/cbsa_33540_march_2020.shp, 2014211535140.1255, 6781354940.950724, 0.00336675409838667
census_geographies/1980_tracts.shp, study_areas/definitions/cbsa_33660_march_2020.shp, 2014211535140.1255, 3251206571.226927, 0.0016141336272313352
census_geographies/1980_tracts.shp, study_areas/definitions/cbsa_33700_march_2020.shp, 2014211535140.1255, 3923039392.871887, 0.0019476799355133113
census_geographies/1980_tracts.shp, study_areas/definitions/cbsa_33740_march_2020.shp, 2014211535140.1255, 1638708247.288766, 0.0008135730625605634
census_geographies/1980_tracts.shp, study_areas/definitions/cbsa_33780_march_2020.shp, 2014211535140.1255, 1444060309.6656651, 0.0007169357758470012
census_geographies/1980_tracts.shp, study_areas/definitions/cbsa_33860_march_2020.shp, 2014211535140.1255, 5339120331.333654, 0.0026507247318302246
census_geographies/1980_tracts.shp, study_areas/definitions/cbsa_34060_march_2020.shp, 2014211535140.1255, 947653814.6821333, 0.0004704837591033886
census_geographies/1980_tracts.shp, study_areas/definitions/cbsa_34620_march_2020.shp, 2014211535140.1255, 1025438514.300197, 0.0005091016988088388
census_geographies/1980_tracts.shp, study_areas/definitions/cbsa_34740_march_2020.shp, 2014211535140.1255, 1365425273.512688, 0.0006778956677048806
census_geographies/1980_tracts.shp, study_areas/definitions/cbsa_34820_march_2020.shp, 2014211535140.1255, 2236934291.0053153, 0.0011105756530431622
census_geographies/1980_tracts.shp, study_areas/definitions/cbsa_34900_march_2020.shp, 2014211535140.1255, 2036357685.728433, 0.0010109949477509902
census_geographies/1980_tracts.shp, study_areas/definitions/cbsa_34940_march_2020.shp, 2014211535140.1255, 5289833758.264301, 0.0026262553192538916
census_geographies/1980_tracts.shp, study_areas/definitions/cbsa_34980_march_2020.shp, 2014211535140.1255, 11011994694.420012, 0.00546714905674191
census_geographies/1980_tracts.shp, study_areas/definitions/cbsa_35300_march_2020.shp, 2014211535140.1255, 1603794994.3961165, 0.0007962396036444816
census_geographies/1980_tracts.shp, study_areas/definitions/cbsa_35380_march_2020.shp, 2014211535140.1255, 8860267230.74766, 0.00439887622336115
census_geographies/1980_tracts.shp, study_areas/definitions/cbsa_35620_march_2020.shp, 2014211535140.1255, 16395347739.527988, 0.008139834100586357
census_geographies/1980_tracts.shp, study_areas/definitions/cbsa_35660_march_2020.shp, 2014211535140.1255, 1502799711.9740062, 0.0007460982552011146
census_geographies/1980_tracts.shp, study_areas/definitions/cbsa_35840_march_2020.shp, 2014211535140.1255, 3451067607.3216014, 0.001713359072328774
census_geographies/1980_tracts.shp, study_areas/definitions/cbsa_35980_march_2020.shp, 2014211535140.1255, 1781000398.8160262, 0.0008842171578032021
census_geographies/1980_tracts.shp, study_areas/definitions/cbsa_36100_march_2020.shp, 2014211535140.1255, 4307277510.502723, 0.0021384434729707137
census_geographies/1980_tracts.shp, study_areas/definitions/cbsa_36140_march_2020.shp, 2014211535140.1255, 674355281.6559925, 0.00033479863951284473
census_geographies/1980_tracts.shp, study_areas/definitions/cbsa_36220_march_2020.shp, 2014211535140.1255, 2335408160.5932207, 0.001159465190149827
census_geographies/1980_tracts.shp, study_areas/definitions/cbsa_36260_march_2020.shp, 2014211535140.1255, 3349101675.571373, 0.0016627358234935247
census_geographies/1980_tracts.shp, study_areas/definitions/cbsa_36420_march_2020.shp, 2014211535140.1255, 10016215508.400183, 0.004972772389422033
census_geographies/1980_tracts.shp, study_areas/definitions/cbsa_36500_march_2020.shp, 2014211535140.1255, 1905247547.1850858, 0.0009459024109166075
census_geographies/1980_tracts.shp, study_areas/definitions/cbsa_36540_march_2020.shp, 2014211535140.1255, 6164771298.148767, 0.0030606374705921314
census_geographies/1980_tracts.shp, study_areas/definitions/cbsa_36740_march_2020.shp, 2014211535140.1255, 10390769314.977545, 0.0051587279358196484
census_geographies/1980_tracts.shp, study_areas/definitions/cbsa_36780_march_2020.shp, 2014211535140.1255, 1498806804.576524, 0.0007441158877447569
census_geographies/1980_tracts.shp, study_areas/definitions/cbsa_36980_march_2020.shp, 2014211535140.1255, 1233545187.308649, 0.0006124208732737862
census_geographies/1980_tracts.shp, study_areas/definitions/cbsa_37100_march_2020.shp, 2014211535140.1255, 4810498960.546396, 0.0023882789253372723
census_geographies/1980_tracts.shp, study_areas/definitions/cbsa_37340_march_2020.shp, 2014211535140.1255, 2813711137.557214, 0.0013969293137631982
census_geographies/1980_tracts.shp, study_areas/definitions/cbsa_37460_march_2020.shp, 2014211535140.1255, 2000814090.9795723, 0.0009933485416368539
census_geographies/1980_tracts.shp, study_areas/definitions/cbsa_37620_march_2020.shp, 2014211535140.1255, 1584476230.9554489, 0.0007866483749658495
census_geographies/1980_tracts.shp, study_areas/definitions/cbsa_37860_march_2020.shp, 2014211535140.1255, 4382381558.67126, 0.002175730543796327
census_geographies/1980_tracts.shp, study_areas/definitions/cbsa_37900_march_2020.shp, 2014211535140.1255, 4743603677.602291, 0.0023550672781110283
census_geographies/1980_tracts.shp, study_areas/definitions/cbsa_37980_march_2020.shp, 2014211535140.1255, 12156933390.672775, 0.006035579271879722
census_geographies/1980_tracts.shp, study_areas/definitions/cbsa_38060_march_2020.shp, 2014211535140.1255, 37810092300.2589, 0.018771659103634573
census_geographies/1980_tracts.shp, study_areas/definitions/cbsa_38220_march_2020.shp, 2014211535140.1255, 2366486286.3514266, 0.0011748946151213426
census_geographies/1980_tracts.shp, study_areas/definitions/cbsa_38300_march_2020.shp, 2014211535140.1255, 10050913603.89158, 0.004989999028673199
census_geographies/1980_tracts.shp, study_areas/definitions/cbsa_38340_march_2020.shp, 2014211535140.1255, 2450811232.2335815, 0.0012167596051737845
census_geographies/1980_tracts.shp, study_areas/definitions/cbsa_38540_march_2020.shp, 2014211535140.1255, 2971852866.9872537, 0.0014754422835635815
census_geographies/1980_tracts.shp, study_areas/definitions/cbsa_38860_march_2020.shp, 2014211535140.1255, 5015012390.907567, 0.002489814154777284
census_geographies/1980_tracts.shp, study_areas/definitions/cbsa_38900_march_2020.shp, 2014211535140.1255, 11513664011.058434, 0.005716213918046819
census_geographies/1980_tracts.shp, study_areas/definitions/cbsa_38940_march_2020.shp, 2014211535140.1255, 3196335833.155607, 0.0015868918320603516
census_geographies/1980_tracts.shp, study_areas/definitions/cbsa_39100_march_2020.shp, 2014211535140.1255, 4309502120.590886, 0.0021395479299998552
census_geographies/1980_tracts.shp, study_areas/definitions/cbsa_39300_march_2020.shp, 2014211535140.1255, 4315996639.47873, 0.00214277227797649
census_geographies/1980_tracts.shp, study_areas/definitions/cbsa_39340_march_2020.shp, 2014211535140.1255, 5545097987.094096, 0.0027529869084521614
census_geographies/1980_tracts.shp, study_areas/definitions/cbsa_39380_march_2020.shp, 2014211535140.1255, 6210015201.338358, 0.003083099810023845
census_geographies/1980_tracts.shp, study_areas/definitions/cbsa_39540_march_2020.shp, 2014211535140.1255, 881008018.0198613, 0.0004373959748763781
census_geographies/1980_tracts.shp, study_areas/definitions/cbsa_39580_march_2020.shp, 2014211535140.1255, 4281411896.2136106, 0.0021256019149526713
census_geographies/1980_tracts.shp, study_areas/definitions/cbsa_39660_march_2020.shp, 2014211535140.1255, 16230592489.136507, 0.008058037701589953
census_geographies/1980_tracts.shp, study_areas/definitions/cbsa_39740_march_2020.shp, 2014211535140.1255, 2242059431.200169, 0.00111312014258929
census_geographies/1980_tracts.shp, study_areas/definitions/cbsa_39820_march_2020.shp, 2014211535140.1255, 9964678303.664762, 0.0049471856008269435
census_geographies/1980_tracts.shp, study_areas/definitions/cbsa_39900_march_2020.shp, 2014211535140.1255, 16967438753.229788, 0.008423861375637188
census_geographies/1980_tracts.shp, study_areas/definitions/cbsa_40060_march_2020.shp, 2014211535140.1255, 9085152807.811352, 0.004510525656968453
census_geographies/1980_tracts.shp, study_areas/definitions/cbsa_40140_march_2020.shp, 2014211535140.1255, 70988161925.45374, 0.035243647793187324
census_geographies/1980_tracts.shp, study_areas/definitions/cbsa_40220_march_2020.shp, 2014211535140.1255, 3069400753.4507885, 0.0015238720958060917
census_geographies/1980_tracts.shp, study_areas/definitions/cbsa_40340_march_2020.shp, 2014211535140.1255, 1695132687.294955, 0.0008415862275245223
census_geographies/1980_tracts.shp, study_areas/definitions/cbsa_40380_march_2020.shp, 2014211535140.1255, 7691248354.494335, 0.0038184908686660197
census_geographies/1980_tracts.shp, study_areas/definitions/cbsa_40420_march_2020.shp, 2014211535140.1255, 2075125741.003929, 0.0010302422088251846
census_geographies/1980_tracts.shp, study_areas/definitions/cbsa_40580_march_2020.shp, 2014211535140.1255, 2717621650.922281, 0.0013492235564688195
census_geographies/1980_tracts.shp, study_areas/definitions/cbsa_40660_march_2020.shp, 2014211535140.1255, 1342825205.5323215, 0.0006666753625948743
census_geographies/1980_tracts.shp, study_areas/definitions/cbsa_40900_march_2020.shp, 2014211535140.1255, 13710752434.570993, 0.006807007206230282
census_geographies/1980_tracts.shp, study_areas/definitions/cbsa_40980_march_2020.shp, 2014211535140.1255, 2112841461.9699292, 0.0010489670151863876
census_geographies/1980_tracts.shp, study_areas/definitions/cbsa_41060_march_2020.shp, 2014211535140.1255, 4669482527.484092, 0.0023182681888271697
census_geographies/1980_tracts.shp, study_areas/definitions/cbsa_41140_march_2020.shp, 2014211535140.1255, 3232653657.039831, 0.001604922621404281
census_geographies/1980_tracts.shp, study_areas/definitions/cbsa_41180_march_2020.shp, 2014211535140.1255, 15981746845.711798, 0.00793449276150629
census_geographies/1980_tracts.shp, study_areas/definitions/cbsa_41420_march_2020.shp, 2014211535140.1255, 5022932012.952263, 0.002493746026830705
census_geographies/1980_tracts.shp, study_areas/definitions/cbsa_41500_march_2020.shp, 2014211535140.1255, 8584902019.109661, 0.004262165055326437
census_geographies/1980_tracts.shp, study_areas/definitions/cbsa_41540_march_2020.shp, 2014211535140.1255, 3454873476.775222, 0.0017152485806486417
census_geographies/1980_tracts.shp, study_areas/definitions/cbsa_41620_march_2020.shp, 2014211535140.1255, 20963005084.10467, 0.010407548918463676
census_geographies/1980_tracts.shp, study_areas/definitions/cbsa_41660_march_2020.shp, 2014211535140.1255, 3990038270.816617, 0.0019809430147757724
census_geographies/1980_tracts.shp, study_areas/definitions/cbsa_41700_march_2020.shp, 2014211535140.1255, 6592768242.667518, 0.003273126048406266
census_geographies/1980_tracts.shp, study_areas/definitions/cbsa_41740_march_2020.shp, 2014211535140.1255, 10975735021.716513, 0.0054491471378416804
census_geographies/1980_tracts.shp, study_areas/definitions/cbsa_41860_march_2020.shp, 2014211535140.1255, 6503478322.229573, 0.0032287960865923335
census_geographies/1980_tracts.shp, study_areas/definitions/cbsa_41940_march_2020.shp, 2014211535140.1255, 3363554349.157325, 0.0016699111739141776
census_geographies/1980_tracts.shp, study_areas/definitions/cbsa_42020_march_2020.shp, 2014211535140.1255, 8606053310.777933, 0.004272666083296571
census_geographies/1980_tracts.shp, study_areas/definitions/cbsa_42100_march_2020.shp, 2014211535140.1255, 1156730715.361954, 0.000574284624619371
census_geographies/1980_tracts.shp, study_areas/definitions/cbsa_42140_march_2020.shp, 2014211535140.1255, 4948965488.471397, 0.0024570237048747246
census_geographies/1980_tracts.shp, study_areas/definitions/cbsa_42200_march_2020.shp, 2014211535140.1255, 7123532727.450155, 0.0035366358513851835
census_geographies/1980_tracts.shp, study_areas/definitions/cbsa_42220_march_2020.shp, 2014211535140.1255, 4115215168.8479958, 0.0020430898627346542
census_geographies/1980_tracts.shp, study_areas/definitions/cbsa_42340_march_2020.shp, 2014211535140.1255, 3608424443.813045, 0.001791482364617683
census_geographies/1980_tracts.shp, study_areas/definitions/cbsa_42540_march_2020.shp, 2014211535140.1255, 3552500866.451862, 0.0017637178640250017
census_geographies/1980_tracts.shp, study_areas/definitions/cbsa_42660_march_2020.shp, 2014211535140.1255, 15416040927.860134, 0.007653635508937578
census_geographies/1980_tracts.shp, study_areas/definitions/cbsa_42680_march_2020.shp, 2014211535140.1255, 1333798800.5071604, 0.0006621940035778666
census_geographies/1980_tracts.shp, study_areas/definitions/cbsa_43100_march_2020.shp, 2014211535140.1255, 1340638063.3766081, 0.0006655895073519883
census_geographies/1980_tracts.shp, study_areas/definitions/cbsa_43300_march_2020.shp, 2014211535140.1255, 2536123787.7773046, 0.001259114915951899
census_geographies/1980_tracts.shp, study_areas/definitions/cbsa_43340_march_2020.shp, 2014211535140.1255, 4671979862.573918, 0.002319508046233533
census_geographies/1980_tracts.shp, study_areas/definitions/cbsa_43580_march_2020.shp, 2014211535140.1255, 4174656197.2877636, 0.002072600679946627
census_geographies/1980_tracts.shp, study_areas/definitions/cbsa_43620_march_2020.shp, 2014211535140.1255, 3605940093.183405, 0.0017902489536346267
census_geographies/1980_tracts.shp, study_areas/definitions/cbsa_43780_march_2020.shp, 2014211535140.1255, 2510813904.2269173, 0.0012465492627874578
census_geographies/1980_tracts.shp, study_areas/definitions/cbsa_43900_march_2020.shp, 2014211535140.1255, 2121592411.576569, 0.0010533116182501524
census_geographies/1980_tracts.shp, study_areas/definitions/cbsa_44060_march_2020.shp, 2014211535140.1255, 4617172739.488288, 0.0022922978341334333
census_geographies/1980_tracts.shp, study_areas/definitions/cbsa_44100_march_2020.shp, 2014211535140.1255, 3088244436.6217237, 0.0015332274603456083
census_geographies/1980_tracts.shp, study_areas/definitions/cbsa_44140_march_2020.shp, 2014211535140.1255, 3055003871.071336, 0.0015167244441675804
census_geographies/1980_tracts.shp, study_areas/definitions/cbsa_44180_march_2020.shp, 2014211535140.1255, 3216379296.786522, 0.001596842854225221
census_geographies/1980_tracts.shp, study_areas/definitions/cbsa_44220_march_2020.shp, 2014211535140.1255, 1045823897.1862049, 0.0005192224743730547
census_geographies/1980_tracts.shp, study_areas/definitions/cbsa_44300_march_2020.shp, 2014211535140.1255, 2879676500.061497, 0.0014296792813576866
census_geographies/1980_tracts.shp, study_areas/definitions/cbsa_44420_march_2020.shp, 2014211535140.1255, 2605585397.7936153, 0.0012936006731846805
census_geographies/1980_tracts.shp, study_areas/definitions/cbsa_44700_march_2020.shp, 2014211535140.1255, 3688976136.3311677, 0.0018314740393314904
census_geographies/1980_tracts.shp, study_areas/definitions/cbsa_44940_march_2020.shp, 2014211535140.1255, 1766482589.7230403, 0.0008770094694151123
census_geographies/1980_tracts.shp, study_areas/definitions/cbsa_45060_march_2020.shp, 2014211535140.1255, 6428611379.760904, 0.0031916267321513855
census_geographies/1980_tracts.shp, study_areas/definitions/cbsa_45220_march_2020.shp, 2014211535140.1255, 3414218069.9918904, 0.0016950643020492726
census_geographies/1980_tracts.shp, study_areas/definitions/cbsa_45300_march_2020.shp, 2014211535140.1255, 5510412195.3764105, 0.0027357663776824016
census_geographies/1980_tracts.shp, study_areas/definitions/cbsa_45460_march_2020.shp, 2014211535140.1255, 5011448764.163326, 0.0024880449132244136
census_geographies/1980_tracts.shp, study_areas/definitions/cbsa_45500_march_2020.shp, 2014211535140.1255, 5504102156.569174, 0.0027326336189343004
census_geographies/1980_tracts.shp, study_areas/definitions/cbsa_45780_march_2020.shp, 2014211535140.1255, 4252381434.8982677, 0.002111189098419316
census_geographies/1980_tracts.shp, study_areas/definitions/cbsa_45820_march_2020.shp, 2014211535140.1255, 4746114349.4287195, 0.0023563137568361407
census_geographies/1980_tracts.shp, study_areas/definitions/cbsa_45940_march_2020.shp, 2014211535140.1255, 589814958.3102447, 0.0002928267205406567
census_geographies/1980_tracts.shp, study_areas/definitions/cbsa_46060_march_2020.shp, 2014211535140.1255, 23799178876.139874, 0.011815630315355236
census_geographies/1980_tracts.shp, study_areas/definitions/cbsa_46140_march_2020.shp, 2014211535140.1255, 15191203544.183634, 0.0075420100020064705
census_geographies/1980_tracts.shp, study_areas/definitions/cbsa_46220_march_2020.shp, 2014211535140.1255, 3499697745.7840233, 0.0017375025833821147
census_geographies/1980_tracts.shp, study_areas/definitions/cbsa_46340_march_2020.shp, 2014211535140.1255, 2459094135.3103476, 0.0012208718361546233
census_geographies/1980_tracts.shp, study_areas/definitions/cbsa_46520_march_2020.shp, 2014211535140.1255, 1560423837.4317014, 0.0007747070306213618
census_geographies/1980_tracts.shp, study_areas/definitions/cbsa_46540_march_2020.shp, 2014211535140.1255, 7032970933.229858, 0.003491674439616684
census_geographies/1980_tracts.shp, study_areas/definitions/cbsa_46700_march_2020.shp, 2014211535140.1255, 2179098207.159875, 0.0010818616461792225
census_geographies/1980_tracts.shp, study_areas/definitions/cbsa_47020_march_2020.shp, 2014211535140.1255, 2299917272.3201957, 0.0011418449513348626
census_geographies/1980_tracts.shp, study_areas/definitions/cbsa_47220_march_2020.shp, 2014211535140.1255, 1304489276.7642484, 0.0006476426403116081
census_geographies/1980_tracts.shp, study_areas/definitions/cbsa_47260_march_2020.shp, 2014211535140.1255, 7581535665.576101, 0.0037640215703802263
census_geographies/1980_tracts.shp, study_areas/definitions/cbsa_47300_march_2020.shp, 2014211535140.1255, 12532928404.30661, 0.00622225033749234
census_geographies/1980_tracts.shp, study_areas/definitions/cbsa_47380_march_2020.shp, 2014211535140.1255, 2746018218.3650236, 0.001363321662326786
census_geographies/1980_tracts.shp, study_areas/definitions/cbsa_47580_march_2020.shp, 2014211535140.1255, 1376038746.3511472, 0.0006831649617454
census_geographies/1980_tracts.shp, study_areas/definitions/cbsa_47900_march_2020.shp, 2014211535140.1255, 10895226223.44774, 0.005409176758929532
census_geographies/1980_tracts.shp, study_areas/definitions/cbsa_47940_march_2020.shp, 2014211535140.1255, 1481228892.621875, 0.000735388943405504
census_geographies/1980_tracts.shp, study_areas/definitions/cbsa_48140_march_2020.shp, 2014211535140.1255, 4082124881.536356, 0.002026661455522033
census_geographies/1980_tracts.shp, study_areas/definitions/cbsa_48260_march_2020.shp, 2014211535140.1255, 1531938928.8961205, 0.0007605650658680922
census_geographies/1980_tracts.shp, study_areas/definitions/cbsa_48540_march_2020.shp, 2014211535140.1255, 2492674243.9811954, 0.0012375434260472468
census_geographies/1980_tracts.shp, study_areas/definitions/cbsa_48620_march_2020.shp, 2014211535140.1255, 7760504691.883767, 0.003852874713749408
census_geographies/1980_tracts.shp, study_areas/definitions/cbsa_48660_march_2020.shp, 2014211535140.1255, 6928219840.899048, 0.003439668436025049
census_geographies/1980_tracts.shp, study_areas/definitions/cbsa_48700_march_2020.shp, 2014211535140.1255, 3221307172.733948, 0.0015992894075595922
census_geographies/1980_tracts.shp, study_areas/definitions/cbsa_48900_march_2020.shp, 2014211535140.1255, 527812339.6062043, 0.00026204414501552597
census_geographies/1980_tracts.shp, study_areas/definitions/cbsa_49180_march_2020.shp, 2014211535140.1255, 4592242337.324476, 0.0022799205829217937
census_geographies/1980_tracts.shp, study_areas/definitions/cbsa_49340_march_2020.shp, 2014211535140.1255, 5440186441.366848, 0.0027009012442123577
census_geographies/1980_tracts.shp, study_areas/definitions/cbsa_49420_march_2020.shp, 2014211535140.1255, 11166847761.981897, 0.005544029297401992
census_geographies/1980_tracts.shp, study_areas/definitions/cbsa_49620_march_2020.shp, 2014211535140.1255, 2357546747.3581996, 0.0011704563826729296
census_geographies/1980_tracts.shp, study_areas/definitions/cbsa_49660_march_2020.shp, 2014211535140.1255, 4508303207.4642, 0.002238247139792378
census_geographies/1980_tracts.shp, study_areas/definitions/cbsa_49700_march_2020.shp, 2014211535140.1255, 3243479223.9817653, 0.0016102972142675778
census_geographies/1980_tracts.shp, study_areas/definitions/cbsa_49740_march_2020.shp, 2014211535140.1255, 10942453006.092854, 0.005432623542855247
