filename, target_name, source_area, overlap_area, overlap_percentage
census_geographies/2020_block_groups.shp, study_areas/definitions/max_county_01003_march_2020.shp, 1168.8286754206283, 0.49417171739199756, 0.00042279226013526675
census_geographies/2020_block_groups.shp, study_areas/definitions/max_county_01015_march_2020.shp, 1168.8286754206283, 0.15434144105800024, 0.00013204795904109482
census_geographies/2020_block_groups.shp, study_areas/definitions/max_county_01055_march_2020.shp, 1168.8286754206283, 0.13873429572099963, 0.00011869515065676591
census_geographies/2020_block_groups.shp, study_areas/definitions/max_county_01069_march_2020.shp, 1168.8286754206283, 0.1425055772245006, 0.00012192169838168702
census_geographies/2020_block_groups.shp, study_areas/definitions/max_county_01073_march_2020.shp, 1168.8286754206283, 0.28267400239949875, 0.0002418438290776639
census_geographies/2020_block_groups.shp, study_areas/definitions/max_county_01077_march_2020.shp, 1168.8286754206283, 0.18381085458949992, 0.00015726073329211537
census_geographies/2020_block_groups.shp, study_areas/definitions/max_county_01081_march_2020.shp, 1168.8286754206283, 0.1532210042735006, 0.00013108936108053706
census_geographies/2020_block_groups.shp, study_areas/definitions/max_county_01089_march_2020.shp, 1168.8286754206283, 0.20725413289349953, 0.00017731780307230624
census_geographies/2020_block_groups.shp, study_areas/definitions/max_county_01097_march_2020.shp, 1168.8286754206283, 0.4008546777334999, 0.0003429541781127535
census_geographies/2020_block_groups.shp, study_areas/definitions/max_county_01101_march_2020.shp, 1168.8286754206283, 0.1981931389035001, 0.00016956560278791588
census_geographies/2020_block_groups.shp, study_areas/definitions/max_county_01103_march_2020.shp, 1168.8286754206283, 0.1522080482179998, 0.00013022271905095454
census_geographies/2020_block_groups.shp, study_areas/definitions/max_county_01125_march_2020.shp, 1168.8286754206283, 0.33876103336149954, 0.00028982950237731723
census_geographies/2020_block_groups.shp, study_areas/definitions/max_county_02020_march_2020.shp, 1168.8286754206283, 0.8401564365494968, 0.0007188020402110243
census_geographies/2020_block_groups.shp, study_areas/definitions/max_county_02090_march_2020.shp, 1168.8286754206283, 3.6351424832615025, 0.0031100729813574412
census_geographies/2020_block_groups.shp, study_areas/definitions/max_county_04003_march_2020.shp, 1168.8286754206283, 1.5346778593574966, 0.0013130049695308935
census_geographies/2020_block_groups.shp, study_areas/definitions/max_county_04005_march_2020.shp, 1168.8286754206283, 4.821766967469006, 0.004125298316910123
census_geographies/2020_block_groups.shp, study_areas/definitions/max_county_04013_march_2020.shp, 1168.8286754206283, 2.314604036931502, 0.0019802765671355057
census_geographies/2020_block_groups.shp, study_areas/definitions/max_county_04015_march_2020.shp, 1168.8286754206283, 3.4723526315315034, 0.0029707969222109495
census_geographies/2020_block_groups.shp, study_areas/definitions/max_county_04019_march_2020.shp, 1168.8286754206283, 2.274165108149499, 0.0019456787431494967
census_geographies/2020_block_groups.shp, study_areas/definitions/max_county_04025_march_2020.shp, 1168.8286754206283, 2.0686154568964907, 0.0017698192219249367
census_geographies/2020_block_groups.shp, study_areas/definitions/max_county_04027_march_2020.shp, 1168.8286754206283, 1.375660361716503, 0.0011769563757677676
census_geographies/2020_block_groups.shp, study_areas/definitions/max_county_05007_march_2020.shp, 1168.8286754206283, 0.22991221915700005, 0.00019670309600700134
census_geographies/2020_block_groups.shp, study_areas/definitions/max_county_05031_march_2020.shp, 1168.8286754206283, 0.18411654632949997, 0.00015752227011648362
census_geographies/2020_block_groups.shp, study_areas/definitions/max_county_05051_march_2020.shp, 1168.8286754206283, 0.18690495533149976, 0.00015990791401848347
census_geographies/2020_block_groups.shp, study_areas/definitions/max_county_05069_march_2020.shp, 1168.8286754206283, 0.23224119107049995, 0.00019869566511697954
census_geographies/2020_block_groups.shp, study_areas/definitions/max_county_05119_march_2020.shp, 1168.8286754206283, 0.20590002924399953, 0.00017615928970077837
census_geographies/2020_block_groups.shp, study_areas/definitions/max_county_05131_march_2020.shp, 1168.8286754206283, 0.1395195356715001, 0.00011936696849201701
census_geographies/2020_block_groups.shp, study_areas/definitions/max_county_06001_march_2020.shp, 1168.8286754206283, 0.21715284632800066, 0.00018578672041037452
census_geographies/2020_block_groups.shp, study_areas/definitions/max_county_06007_march_2020.shp, 1168.8286754206283, 0.4559419584519998, 0.0003900845077127486
census_geographies/2020_block_groups.shp, study_areas/definitions/max_county_06019_march_2020.shp, 1168.8286754206283, 1.5711865390300004, 0.0013442402398833814
census_geographies/2020_block_groups.shp, study_areas/definitions/max_county_06025_march_2020.shp, 1168.8286754206283, 1.1201840448070026, 0.0009583817272483327
census_geographies/2020_block_groups.shp, study_areas/definitions/max_county_06029_march_2020.shp, 1168.8286754206283, 2.0967523932280017, 0.0017938919854729265
census_geographies/2020_block_groups.shp, study_areas/definitions/max_county_06031_march_2020.shp, 1168.8286754206283, 0.36075575452400044, 0.00030864724840377026
census_geographies/2020_block_groups.shp, study_areas/definitions/max_county_06037_march_2020.shp, 1168.8286754206283, 1.2031893109815026, 0.0010293974953587692
census_geographies/2020_block_groups.shp, study_areas/definitions/max_county_06039_march_2020.shp, 1168.8286754206283, 0.5661621613774984, 0.0004843842158250889
census_geographies/2020_block_groups.shp, study_areas/definitions/max_county_06047_march_2020.shp, 1168.8286754206283, 0.520077679279499, 0.0004449562970315883
census_geographies/2020_block_groups.shp, study_areas/definitions/max_county_06053_march_2020.shp, 1168.8286754206283, 0.9792525307709996, 0.0008378067302452127
census_geographies/2020_block_groups.shp, study_areas/definitions/max_county_06055_march_2020.shp, 1168.8286754206283, 0.21092739643649966, 0.0001804604908076822
census_geographies/2020_block_groups.shp, study_areas/definitions/max_county_06065_march_2020.shp, 1168.8286754206283, 1.840397105779499, 0.0015745653272214528
census_geographies/2020_block_groups.shp, study_areas/definitions/max_county_06067_march_2020.shp, 1168.8286754206283, 0.2657774683394994, 0.00022738787465481508
census_geographies/2020_block_groups.shp, study_areas/definitions/max_county_06073_march_2020.shp, 1168.8286754206283, 1.131333325245002, 0.0009679205764162717
census_geographies/2020_block_groups.shp, study_areas/definitions/max_county_06077_march_2020.shp, 1168.8286754206283, 0.3787062620000013, 0.0003240049375617138
census_geographies/2020_block_groups.shp, study_areas/definitions/max_county_06079_march_2020.shp, 1168.8286754206283, 0.9290327417954992, 0.0007948408191313125
census_geographies/2020_block_groups.shp, study_areas/definitions/max_county_06083_march_2020.shp, 1168.8286754206283, 0.9633628968150015, 0.000824212236637944
census_geographies/2020_block_groups.shp, study_areas/definitions/max_county_06085_march_2020.shp, 1168.8286754206283, 0.34294431357899985, 0.00029340853864282885
census_geographies/2020_block_groups.shp, study_areas/definitions/max_county_06087_march_2020.shp, 1168.8286754206283, 0.15923593485999998, 0.0001362354793380608
census_geographies/2020_block_groups.shp, study_areas/definitions/max_county_06089_march_2020.shp, 1168.8286754206283, 1.0627481650289965, 0.0009092420363887321
census_geographies/2020_block_groups.shp, study_areas/definitions/max_county_06095_march_2020.shp, 1168.8286754206283, 0.24162353615350005, 0.00020672279970077444
census_geographies/2020_block_groups.shp, study_areas/definitions/max_county_06097_march_2020.shp, 1168.8286754206283, 0.47303324107650063, 0.0004047070807073324
census_geographies/2020_block_groups.shp, study_areas/definitions/max_county_06099_march_2020.shp, 1168.8286754206283, 0.3998437993819994, 0.00034208931367816326
census_geographies/2020_block_groups.shp, study_areas/definitions/max_county_06101_march_2020.shp, 1168.8286754206283, 0.16393592227650008, 0.00014025658826132426
census_geographies/2020_block_groups.shp, study_areas/definitions/max_county_06107_march_2020.shp, 1168.8286754206283, 1.256017790910998, 0.0010745952912722583
census_geographies/2020_block_groups.shp, study_areas/definitions/max_county_06111_march_2020.shp, 1168.8286754206283, 0.5600245892329991, 0.00047913317067744095
census_geographies/2020_block_groups.shp, study_areas/definitions/max_county_08013_march_2020.shp, 1168.8286754206283, 0.20253550778250004, 0.00017328074853195508
census_geographies/2020_block_groups.shp, study_areas/definitions/max_county_08031_march_2020.shp, 1168.8286754206283, 0.04212047048749981, 3.6036479403058665e-05
census_geographies/2020_block_groups.shp, study_areas/definitions/max_county_08041_march_2020.shp, 1168.8286754206283, 0.5720852746259992, 0.0004894517790814141
census_geographies/2020_block_groups.shp, study_areas/definitions/max_county_08069_march_2020.shp, 1168.8286754206283, 0.7265265796529986, 0.0006215851774782496
census_geographies/2020_block_groups.shp, study_areas/definitions/max_county_08077_march_2020.shp, 1168.8286754206283, 0.9000455715105007, 0.0007700406316491164
census_geographies/2020_block_groups.shp, study_areas/definitions/max_county_08101_march_2020.shp, 1168.8286754206283, 0.6384925399865, 0.0005462670050909939
census_geographies/2020_block_groups.shp, study_areas/definitions/max_county_08123_march_2020.shp, 1168.8286754206283, 1.106115809217998, 0.0009463455444570935
census_geographies/2020_block_groups.shp, study_areas/definitions/max_county_09001_march_2020.shp, 1168.8286754206283, 0.2328113731045001, 0.0001991834885644963
census_geographies/2020_block_groups.shp, study_areas/definitions/max_county_09003_march_2020.shp, 1168.8286754206283, 0.21062684147449995, 0.00018020334879164504
census_geographies/2020_block_groups.shp, study_areas/definitions/max_county_09009_march_2020.shp, 1168.8286754206283, 0.24021888557399912, 0.00020552104053021386
census_geographies/2020_block_groups.shp, study_areas/definitions/max_county_09011_march_2020.shp, 1168.8286754206283, 0.2154952791699997, 0.00018436857659438332
census_geographies/2020_block_groups.shp, study_areas/definitions/max_county_10001_march_2020.shp, 1168.8286754206283, 0.2152925177699999, 0.0001841951025820976
census_geographies/2020_block_groups.shp, study_areas/definitions/max_county_10005_march_2020.shp, 1168.8286754206283, 0.3208096992124995, 0.0002744711059531879
census_geographies/2020_block_groups.shp, study_areas/definitions/max_county_12001_march_2020.shp, 1168.8286754206283, 0.23385165619199993, 0.00020007351043799755
census_geographies/2020_block_groups.shp, study_areas/definitions/max_county_12005_march_2020.shp, 1168.8286754206283, 0.35563664927349886, 0.0003042675601242546
census_geographies/2020_block_groups.shp, study_areas/definitions/max_county_12009_march_2020.shp, 1168.8286754206283, 0.37097945560349993, 0.0003173942113201449
census_geographies/2020_block_groups.shp, study_areas/definitions/max_county_12015_march_2020.shp, 1168.8286754206283, 0.22287657631300004, 0.0001906836998440281
census_geographies/2020_block_groups.shp, study_areas/definitions/max_county_12017_march_2020.shp, 1168.8286754206283, 0.23007765770599914, 0.00019684463817864556
census_geographies/2020_block_groups.shp, study_areas/definitions/max_county_12021_march_2020.shp, 1168.8286754206283, 0.6088235569754994, 0.000520883487698829
census_geographies/2020_block_groups.shp, study_areas/definitions/max_county_12031_march_2020.shp, 1168.8286754206283, 0.22315039489949984, 0.00019091796735667385
census_geographies/2020_block_groups.shp, study_areas/definitions/max_county_12033_march_2020.shp, 1168.8286754206283, 0.2740333751074986, 0.00023445127662433652
census_geographies/2020_block_groups.shp, study_areas/definitions/max_county_12055_march_2020.shp, 1168.8286754206283, 0.2614207035315002, 0.0002236604123674689
census_geographies/2020_block_groups.shp, study_areas/definitions/max_county_12057_march_2020.shp, 1168.8286754206283, 0.31616383055800046, 0.0002704962987361874
census_geographies/2020_block_groups.shp, study_areas/definitions/max_county_12061_march_2020.shp, 1168.8286754206283, 0.14617894329549916, 0.00012506447383564876
census_geographies/2020_block_groups.shp, study_areas/definitions/max_county_12071_march_2020.shp, 1168.8286754206283, 0.3554046846889998, 0.0003040691011119313
census_geographies/2020_block_groups.shp, study_areas/definitions/max_county_12073_march_2020.shp, 1168.8286754206283, 0.1707179695265002, 0.00014605901884214438
census_geographies/2020_block_groups.shp, study_areas/definitions/max_county_12083_march_2020.shp, 1168.8286754206283, 0.3995395578209996, 0.000341829017565142
census_geographies/2020_block_groups.shp, study_areas/definitions/max_county_12086_march_2020.shp, 1168.8286754206283, 0.556128582429001, 0.00047579991330112267
census_geographies/2020_block_groups.shp, study_areas/definitions/max_county_12091_march_2020.shp, 1168.8286754206283, 0.30375283948299986, 0.0002598779837204865
census_geographies/2020_block_groups.shp, study_areas/definitions/max_county_12095_march_2020.shp, 1168.8286754206283, 0.23955057699800042, 0.00020494926419545016
census_geographies/2020_block_groups.shp, study_areas/definitions/max_county_12105_march_2020.shp, 1168.8286754206283, 0.47746450445349936, 0.00040849828079523584
census_geographies/2020_block_groups.shp, study_areas/definitions/max_county_12111_march_2020.shp, 1168.8286754206283, 0.1625295743880009, 0.00013905337694552293
census_geographies/2020_block_groups.shp, study_areas/definitions/max_county_12115_march_2020.shp, 1168.8286754206283, 0.23010587542350003, 0.00019686878005511924
census_geographies/2020_block_groups.shp, study_areas/definitions/max_county_12119_march_2020.shp, 1168.8286754206283, 0.13866832517049982, 0.00011863870906537865
census_geographies/2020_block_groups.shp, study_areas/definitions/max_county_12127_march_2020.shp, 1168.8286754206283, 0.34373525582550063, 0.00029408523511950977
census_geographies/2020_block_groups.shp, study_areas/definitions/max_county_13021_march_2020.shp, 1168.8286754206283, 0.06356288645850018, 5.438169664653864e-05
census_geographies/2020_block_groups.shp, study_areas/definitions/max_county_13051_march_2020.shp, 1168.8286754206283, 0.1556757919994998, 0.0001331895728375046
census_geographies/2020_block_groups.shp, study_areas/definitions/max_county_13059_march_2020.shp, 1168.8286754206283, 0.030572850369500037, 2.6156827781879783e-05
census_geographies/2020_block_groups.shp, study_areas/definitions/max_county_13095_march_2020.shp, 1168.8286754206283, 0.0822922417134999, 7.040573477022649e-05
census_geographies/2020_block_groups.shp, study_areas/definitions/max_county_13115_march_2020.shp, 1168.8286754206283, 0.1314394952739997, 0.00011245403029378822
census_geographies/2020_block_groups.shp, study_areas/definitions/max_county_13121_march_2020.shp, 1168.8286754206283, 0.13471244398999954, 0.00011525422572433068
census_geographies/2020_block_groups.shp, study_areas/definitions/max_county_13127_march_2020.shp, 1168.8286754206283, 0.1434860451379999, 0.00012276054494159578
census_geographies/2020_block_groups.shp, study_areas/definitions/max_county_13139_march_2020.shp, 1168.8286754206283, 0.10889715550900006, 9.316776513017279e-05
census_geographies/2020_block_groups.shp, study_areas/definitions/max_county_13153_march_2020.shp, 1168.8286754206283, 0.09437183807349984, 8.074052259159205e-05
census_geographies/2020_block_groups.shp, study_areas/definitions/max_county_13179_march_2020.shp, 1168.8286754206283, 0.14862881849549983, 0.0001271604826447405
census_geographies/2020_block_groups.shp, study_areas/definitions/max_county_13185_march_2020.shp, 1168.8286754206283, 0.1246764682150002, 0.00010666787257776052
census_geographies/2020_block_groups.shp, study_areas/definitions/max_county_13215_march_2020.shp, 1168.8286754206283, 0.05493180674050014, 4.6997312690614596e-05
census_geographies/2020_block_groups.shp, study_areas/definitions/max_county_13245_march_2020.shp, 1168.8286754206283, 0.08244263096700034, 7.053440140603291e-05
census_geographies/2020_block_groups.shp, study_areas/definitions/max_county_13313_march_2020.shp, 1168.8286754206283, 0.0742605907079997, 6.353419647346984e-05
census_geographies/2020_block_groups.shp, study_areas/definitions/max_county_15003_march_2020.shp, 1168.8286754206283, 0.49732218090150027, 0.00042548766244336714
census_geographies/2020_block_groups.shp, study_areas/definitions/max_county_15009_march_2020.shp, 1168.8286754206283, 0.5391509872824999, 0.0004612746064674318
census_geographies/2020_block_groups.shp, study_areas/definitions/max_county_16001_march_2020.shp, 1168.8286754206283, 0.3054541219029996, 0.0002613335284515289
census_geographies/2020_block_groups.shp, study_areas/definitions/max_county_16005_march_2020.shp, 1168.8286754206283, 0.32651319813900004, 0.0002793507765554239
census_geographies/2020_block_groups.shp, study_areas/definitions/max_county_16019_march_2020.shp, 1168.8286754206283, 0.5467364386669983, 0.00046776439538518625
census_geographies/2020_block_groups.shp, study_areas/definitions/max_county_16055_march_2020.shp, 1168.8286754206283, 0.4060612446290006, 0.0003474086948481741
census_geographies/2020_block_groups.shp, study_areas/definitions/max_county_16069_march_2020.shp, 1168.8286754206283, 0.25916544990999996, 0.00022173091348630172
census_geographies/2020_block_groups.shp, study_areas/definitions/max_county_16083_march_2020.shp, 1168.8286754206283, 0.545838968034001, 0.00046699655776118686
census_geographies/2020_block_groups.shp, study_areas/definitions/max_county_17019_march_2020.shp, 1168.8286754206283, 0.27329115450300073, 0.0002338162643080698
census_geographies/2020_block_groups.shp, study_areas/definitions/max_county_17031_march_2020.shp, 1168.8286754206283, 0.4593142613764995, 0.0003929697063696742
census_geographies/2020_block_groups.shp, study_areas/definitions/max_county_17091_march_2020.shp, 1168.8286754206283, 0.1892436237255003, 0.0001619087790239206
census_geographies/2020_block_groups.shp, study_areas/definitions/max_county_17113_march_2020.shp, 1168.8286754206283, 0.3263580030579994, 0.00027921799825842943
census_geographies/2020_block_groups.shp, study_areas/definitions/max_county_17115_march_2020.shp, 1168.8286754206283, 0.1596809507605001, 0.00013661621597625115
census_geographies/2020_block_groups.shp, study_areas/definitions/max_county_17143_march_2020.shp, 1168.8286754206283, 0.17424431030050033, 0.00014907600571811326
census_geographies/2020_block_groups.shp, study_areas/definitions/max_county_17167_march_2020.shp, 1168.8286754206283, 0.2387326543125003, 0.0002042494844050495
census_geographies/2020_block_groups.shp, study_areas/definitions/max_county_17183_march_2020.shp, 1168.8286754206283, 0.24683156093749958, 0.00021117856374346043
census_geographies/2020_block_groups.shp, study_areas/definitions/max_county_17199_march_2020.shp, 1168.8286754206283, 0.11761871167750011, 0.00010062955688109934
census_geographies/2020_block_groups.shp, study_areas/definitions/max_county_17201_march_2020.shp, 1168.8286754206283, 0.14688706630000015, 0.0001256703136985749
census_geographies/2020_block_groups.shp, study_areas/definitions/max_county_18003_march_2020.shp, 1168.8286754206283, 0.18320492349449996, 0.00015674232447160803
census_geographies/2020_block_groups.shp, study_areas/definitions/max_county_18005_march_2020.shp, 1168.8286754206283, 0.11061170526649992, 9.46346608297353e-05
census_geographies/2020_block_groups.shp, study_areas/definitions/max_county_18035_march_2020.shp, 1168.8286754206283, 0.10850230556550028, 9.282994834675268e-05
census_geographies/2020_block_groups.shp, study_areas/definitions/max_county_18039_march_2020.shp, 1168.8286754206283, 0.13089498054699986, 0.00011198816670021761
census_geographies/2020_block_groups.shp, study_areas/definitions/max_county_18067_march_2020.shp, 1168.8286754206283, 0.08085332223849974, 6.917465659319397e-05
census_geographies/2020_block_groups.shp, study_areas/definitions/max_county_18091_march_2020.shp, 1168.8286754206283, 0.17140712177849962, 0.00014664862813775086
census_geographies/2020_block_groups.shp, study_areas/definitions/max_county_18097_march_2020.shp, 1168.8286754206283, 0.10974037939849997, 9.38891915523954e-05
census_geographies/2020_block_groups.shp, study_areas/definitions/max_county_18105_march_2020.shp, 1168.8286754206283, 0.11102493477349974, 9.498820238436143e-05
census_geographies/2020_block_groups.shp, study_areas/definitions/max_county_18141_march_2020.shp, 1168.8286754206283, 0.1290911596060001, 0.00011044489438073022
census_geographies/2020_block_groups.shp, study_areas/definitions/max_county_18157_march_2020.shp, 1168.8286754206283, 0.1382423788839996, 0.00011827428757619253
census_geographies/2020_block_groups.shp, study_areas/definitions/max_county_18163_march_2020.shp, 1168.8286754206283, 0.06294609506550003, 5.3853996217920915e-05
census_geographies/2020_block_groups.shp, study_areas/definitions/max_county_18167_march_2020.shp, 1168.8286754206283, 0.111210564882, 9.514701959376422e-05
census_geographies/2020_block_groups.shp, study_areas/definitions/max_county_19013_march_2020.shp, 1168.8286754206283, 0.1623644648020004, 0.0001389121162206001
census_geographies/2020_block_groups.shp, study_areas/definitions/max_county_19061_march_2020.shp, 1168.8286754206283, 0.17477393729249976, 0.00014952913200012274
census_geographies/2020_block_groups.shp, study_areas/definitions/max_county_19103_march_2020.shp, 1168.8286754206283, 0.17447331037149974, 0.00014927192841903176
census_geographies/2020_block_groups.shp, study_areas/definitions/max_county_19113_march_2020.shp, 1168.8286754206283, 0.2042038266639994, 0.0001747080910643403
census_geographies/2020_block_groups.shp, study_areas/definitions/max_county_19153_march_2020.shp, 1168.8286754206283, 0.1656798194275002, 0.00014174859233999948
census_geographies/2020_block_groups.shp, study_areas/definitions/max_county_19163_march_2020.shp, 1168.8286754206283, 0.13104153487199982, 0.00011211355233464108
census_geographies/2020_block_groups.shp, study_areas/definitions/max_county_19169_march_2020.shp, 1168.8286754206283, 0.16154095160299992, 0.00013820755342511246
census_geographies/2020_block_groups.shp, study_areas/definitions/max_county_19193_march_2020.shp, 1168.8286754206283, 0.2485675015945, 0.0002126637605849699
census_geographies/2020_block_groups.shp, study_areas/definitions/max_county_20045_march_2020.shp, 1168.8286754206283, 0.12762349472450013, 0.0001091892228590063
census_geographies/2020_block_groups.shp, study_areas/definitions/max_county_20161_march_2020.shp, 1168.8286754206283, 0.16822699258750054, 0.00014392784513689348
census_geographies/2020_block_groups.shp, study_areas/definitions/max_county_20173_march_2020.shp, 1168.8286754206283, 0.2669638623250001, 0.00022840290278549791
census_geographies/2020_block_groups.shp, study_areas/definitions/max_county_20177_march_2020.shp, 1168.8286754206283, 0.14975427065500058, 0.0001281233715463973
census_geographies/2020_block_groups.shp, study_areas/definitions/max_county_21059_march_2020.shp, 1168.8286754206283, 0.1261292631920001, 0.00010791082204293949
census_geographies/2020_block_groups.shp, study_areas/definitions/max_county_21067_march_2020.shp, 1168.8286754206283, 0.07590028215800021, 6.493704659554648e-05
census_geographies/2020_block_groups.shp, study_areas/definitions/max_county_21093_march_2020.shp, 1168.8286754206283, 0.1667291753209996, 0.00014264637651963705
census_geographies/2020_block_groups.shp, study_areas/definitions/max_county_21111_march_2020.shp, 1168.8286754206283, 0.10589525438700005, 9.059946646919092e-05
census_geographies/2020_block_groups.shp, study_areas/definitions/max_county_21227_march_2020.shp, 1168.8286754206283, 0.14355388772550076, 0.00012281858816805619
census_geographies/2020_block_groups.shp, study_areas/definitions/max_county_22017_march_2020.shp, 1168.8286754206283, 0.23308031045700117, 0.00019941357990136763
census_geographies/2020_block_groups.shp, study_areas/definitions/max_county_22019_march_2020.shp, 1168.8286754206283, 0.26555732131099996, 0.00022719952623974888
census_geographies/2020_block_groups.shp, study_areas/definitions/max_county_22033_march_2020.shp, 1168.8286754206283, 0.11450859531299991, 9.796867387069496e-05
census_geographies/2020_block_groups.shp, study_areas/definitions/max_county_22051_march_2020.shp, 1168.8286754206283, 0.15498273736849905, 0.00013259662483274134
census_geographies/2020_block_groups.shp, study_areas/definitions/max_county_22055_march_2020.shp, 1168.8286754206283, 0.06533808716200001, 5.5900482710596304e-05
census_geographies/2020_block_groups.shp, study_areas/definitions/max_county_22073_march_2020.shp, 1168.8286754206283, 0.1569569177594999, 0.0001342856494370448
census_geographies/2020_block_groups.shp, study_areas/definitions/max_county_22079_march_2020.shp, 1168.8286754206283, 0.33371748889649944, 0.0002855144606855269
census_geographies/2020_block_groups.shp, study_areas/definitions/max_county_22105_march_2020.shp, 1168.8286754206283, 0.2056491864704988, 0.00017594467931452098
census_geographies/2020_block_groups.shp, study_areas/definitions/max_county_22109_march_2020.shp, 1168.8286754206283, 0.5009775290985002, 0.00042861502257224537
census_geographies/2020_block_groups.shp, study_areas/definitions/max_county_23001_march_2020.shp, 1168.8286754206283, 0.1448744536459999, 0.0001239484080880063
census_geographies/2020_block_groups.shp, study_areas/definitions/max_county_23005_march_2020.shp, 1168.8286754206283, 0.3526874434584997, 0.0003017443453221042
census_geographies/2020_block_groups.shp, study_areas/definitions/max_county_23019_march_2020.shp, 1168.8286754206283, 1.0587520765590004, 0.000905823153404399
census_geographies/2020_block_groups.shp, study_areas/definitions/max_county_24001_march_2020.shp, 1168.8286754206283, 0.11625307449, 9.946117590601019e-05
census_geographies/2020_block_groups.shp, study_areas/definitions/max_county_24005_march_2020.shp, 1168.8286754206283, 0.18474833985500044, 0.00015806280573028785
census_geographies/2020_block_groups.shp, study_areas/definitions/max_county_24037_march_2020.shp, 1168.8286754206283, 0.20362567525649983, 0.00017421344936050675
census_geographies/2020_block_groups.shp, study_areas/definitions/max_county_24043_march_2020.shp, 1168.8286754206283, 0.12693628154300005, 0.00010860127254947717
census_geographies/2020_block_groups.shp, study_areas/definitions/max_county_25001_march_2020.shp, 1168.8286754206283, 0.36615475802900044, 0.00031326640570075997
census_geographies/2020_block_groups.shp, study_areas/definitions/max_county_25003_march_2020.shp, 1168.8286754206283, 0.267917202008, 0.0002292185395875783
census_geographies/2020_block_groups.shp, study_areas/definitions/max_county_25013_march_2020.shp, 1168.8286754206283, 0.17885292713700066, 0.0001530189418672814
census_geographies/2020_block_groups.shp, study_areas/definitions/max_county_25017_march_2020.shp, 1168.8286754206283, 0.2401799028269998, 0.00020548768855329963
census_geographies/2020_block_groups.shp, study_areas/definitions/max_county_25027_march_2020.shp, 1168.8286754206283, 0.44688566245600175, 0.00038233632683180044
census_geographies/2020_block_groups.shp, study_areas/definitions/max_county_26017_march_2020.shp, 1168.8286754206283, 0.18245615072800042, 0.00015610170640478136
census_geographies/2020_block_groups.shp, study_areas/definitions/max_county_26021_march_2020.shp, 1168.8286754206283, 0.44506061584850015, 0.00038077489473667766
census_geographies/2020_block_groups.shp, study_areas/definitions/max_county_26025_march_2020.shp, 1168.8286754206283, 0.2029464720515001, 0.00017363235204549153
census_geographies/2020_block_groups.shp, study_areas/definitions/max_county_26049_march_2020.shp, 1168.8286754206283, 0.1857915306950005, 0.00015895531535290184
census_geographies/2020_block_groups.shp, study_areas/definitions/max_county_26065_march_2020.shp, 1168.8286754206283, 0.1592910437954995, 0.00013628262819456851
census_geographies/2020_block_groups.shp, study_areas/definitions/max_county_26075_march_2020.shp, 1168.8286754206283, 0.2044112854969998, 0.0001748855840000999
census_geographies/2020_block_groups.shp, study_areas/definitions/max_county_26077_march_2020.shp, 1168.8286754206283, 0.16394613076999995, 0.00014026532221328363
census_geographies/2020_block_groups.shp, study_areas/definitions/max_county_26081_march_2020.shp, 1168.8286754206283, 0.2494305527034998, 0.00021340215033117393
census_geographies/2020_block_groups.shp, study_areas/definitions/max_county_26111_march_2020.shp, 1168.8286754206283, 0.15257592742900025, 0.00013053746082512265
census_geographies/2020_block_groups.shp, study_areas/definitions/max_county_26115_march_2020.shp, 1168.8286754206283, 0.19113262295600025, 0.0001635249262576631
census_geographies/2020_block_groups.shp, study_areas/definitions/max_county_26121_march_2020.shp, 1168.8286754206283, 0.41940815997100017, 0.0003588277467782582
census_geographies/2020_block_groups.shp, study_areas/definitions/max_county_26145_march_2020.shp, 1168.8286754206283, 0.23456160102599974, 0.00020068090898059775
census_geographies/2020_block_groups.shp, study_areas/definitions/max_county_26161_march_2020.shp, 1168.8286754206283, 0.20412364020700044, 0.00017463948694922474
census_geographies/2020_block_groups.shp, study_areas/definitions/max_county_26163_march_2020.shp, 1168.8286754206283, 0.19018158479650002, 0.00016271125854099965
census_geographies/2020_block_groups.shp, study_areas/definitions/max_county_27013_march_2020.shp, 1168.8286754206283, 0.22262746647350024, 0.00019047057208224544
census_geographies/2020_block_groups.shp, study_areas/definitions/max_county_27053_march_2020.shp, 1168.8286754206283, 0.1793703664805, 0.0001534616409166636
census_geographies/2020_block_groups.shp, study_areas/definitions/max_county_27109_march_2020.shp, 1168.8286754206283, 0.19029909427800012, 0.00016281179464519628
census_geographies/2020_block_groups.shp, study_areas/definitions/max_county_27137_march_2020.shp, 1168.8286754206283, 2.124748778786497, 0.0018178444997697032
census_geographies/2020_block_groups.shp, study_areas/definitions/max_county_27145_march_2020.shp, 1168.8286754206283, 0.41482826326849837, 0.00035490938235170643
census_geographies/2020_block_groups.shp, study_areas/definitions/max_county_28035_march_2020.shp, 1168.8286754206283, 0.11524726281350015, 9.860064630261224e-05
census_geographies/2020_block_groups.shp, study_areas/definitions/max_county_28047_march_2020.shp, 1168.8286754206283, 0.23943481994000035, 0.00020485022739011305
census_geographies/2020_block_groups.shp, study_areas/definitions/max_county_28049_march_2020.shp, 1168.8286754206283, 0.2174717326929998, 0.00018605954599354595
census_geographies/2020_block_groups.shp, study_areas/definitions/max_county_29019_march_2020.shp, 1168.8286754206283, 0.18608641403449966, 0.00015920760497044824
census_geographies/2020_block_groups.shp, study_areas/definitions/max_county_29021_march_2020.shp, 1168.8286754206283, 0.11285733794650007, 9.655592844339305e-05
census_geographies/2020_block_groups.shp, study_areas/definitions/max_county_29031_march_2020.shp, 1168.8286754206283, 0.15450536048349975, 0.00013218820151541684
census_geographies/2020_block_groups.shp, study_areas/definitions/max_county_29051_march_2020.shp, 1168.8286754206283, 0.10670767559549982, 9.129453943033932e-05
census_geographies/2020_block_groups.shp, study_areas/definitions/max_county_29077_march_2020.shp, 1168.8286754206283, 0.17832996223699968, 0.00015257151538725192
census_geographies/2020_block_groups.shp, study_areas/definitions/max_county_29095_march_2020.shp, 1168.8286754206283, 0.1660114110619998, 0.00014203228801026548
census_geographies/2020_block_groups.shp, study_areas/definitions/max_county_29097_march_2020.shp, 1168.8286754206283, 0.16857967564800053, 0.00014422958573234308
census_geographies/2020_block_groups.shp, study_areas/definitions/max_county_29189_march_2020.shp, 1168.8286754206283, 0.14020124110799975, 0.00011995020660966014
census_geographies/2020_block_groups.shp, study_areas/definitions/max_county_30013_march_2020.shp, 1168.8286754206283, 0.8353414548279998, 0.0007146825470613852
census_geographies/2020_block_groups.shp, study_areas/definitions/max_county_30063_march_2020.shp, 1168.8286754206283, 0.8024746081125009, 0.000686563073774446
census_geographies/2020_block_groups.shp, study_areas/definitions/max_county_30111_march_2020.shp, 1168.8286754206283, 0.7959206695165003, 0.0006809558032361509
census_geographies/2020_block_groups.shp, study_areas/definitions/max_county_31055_march_2020.shp, 1168.8286754206283, 0.09448443824600013, 8.083685850023987e-05
census_geographies/2020_block_groups.shp, study_areas/definitions/max_county_31079_march_2020.shp, 1168.8286754206283, 0.1527617536245001, 0.00013069644579820518
census_geographies/2020_block_groups.shp, study_areas/definitions/max_county_31109_march_2020.shp, 1168.8286754206283, 0.23386188029500057, 0.00020008225774478051
census_geographies/2020_block_groups.shp, study_areas/definitions/max_county_32003_march_2020.shp, 1168.8286754206283, 2.0925202357360018, 0.0017902711318944695
census_geographies/2020_block_groups.shp, study_areas/definitions/max_county_32031_march_2020.shp, 1168.8286754206283, 1.804285179403494, 0.0015436695020800914
census_geographies/2020_block_groups.shp, study_areas/definitions/max_county_32510_march_2020.shp, 1168.8286754206283, 0.042403990568999635, 3.627904710135524e-05
census_geographies/2020_block_groups.shp, study_areas/definitions/max_county_33011_march_2020.shp, 1168.8286754206283, 0.2548275671854997, 0.00021801960590485555
census_geographies/2020_block_groups.shp, study_areas/definitions/max_county_34001_march_2020.shp, 1168.8286754206283, 0.18213055688699942, 0.00015582314219101084
census_geographies/2020_block_groups.shp, study_areas/definitions/max_county_34009_march_2020.shp, 1168.8286754206283, 0.16725761980500023, 0.00014309849109820047
census_geographies/2020_block_groups.shp, study_areas/definitions/max_county_34011_march_2020.shp, 1168.8286754206283, 0.18339651318850023, 0.00015690624044837113
census_geographies/2020_block_groups.shp, study_areas/definitions/max_county_34021_march_2020.shp, 1168.8286754206283, 0.06277075228599983, 5.370398040877156e-05
census_geographies/2020_block_groups.shp, study_areas/definitions/max_county_35001_march_2020.shp, 1168.8286754206283, 0.29872612444650043, 0.00025557734057046245
census_geographies/2020_block_groups.shp, study_areas/definitions/max_county_35013_march_2020.shp, 1168.8286754206283, 0.9465988528729984, 0.0008098696351134132
census_geographies/2020_block_groups.shp, study_areas/definitions/max_county_35045_march_2020.shp, 1168.8286754206283, 1.4430222028415007, 0.0012345882961180756
census_geographies/2020_block_groups.shp, study_areas/definitions/max_county_35049_march_2020.shp, 1168.8286754206283, 0.49183208193950073, 0.0004207905677557956
census_geographies/2020_block_groups.shp, study_areas/definitions/max_county_36001_march_2020.shp, 1168.8286754206283, 0.15151099090649972, 0.00012962634652334757
census_geographies/2020_block_groups.shp, study_areas/definitions/max_county_36007_march_2020.shp, 1168.8286754206283, 0.2018280566469997, 0.0001726754834915113
census_geographies/2020_block_groups.shp, study_areas/definitions/max_county_36015_march_2020.shp, 1168.8286754206283, 0.11585974571950008, 9.91246605733774e-05
census_geographies/2020_block_groups.shp, study_areas/definitions/max_county_36029_march_2020.shp, 1168.8286754206283, 0.34942338174399845, 0.00029895175323128593
census_geographies/2020_block_groups.shp, study_areas/definitions/max_county_36045_march_2020.shp, 1168.8286754206283, 0.5397777306079983, 0.00046181082134535035
census_geographies/2020_block_groups.shp, study_areas/definitions/max_county_36047_march_2020.shp, 1168.8286754206283, 0.026701499085499805, 2.2844664617670072e-05
census_geographies/2020_block_groups.shp, study_areas/definitions/max_county_36055_march_2020.shp, 1168.8286754206283, 0.39271067424050177, 0.00033598651581608085
census_geographies/2020_block_groups.shp, study_areas/definitions/max_county_36065_march_2020.shp, 1168.8286754206283, 0.3609827696455003, 0.0003088414728664942
census_geographies/2020_block_groups.shp, study_areas/definitions/max_county_36067_march_2020.shp, 1168.8286754206283, 0.23035986974849992, 0.00019708608677452232
census_geographies/2020_block_groups.shp, study_areas/definitions/max_county_36071_march_2020.shp, 1168.8286754206283, 0.233863490459, 0.00020008363533247434
census_geographies/2020_block_groups.shp, study_areas/definitions/max_county_36109_march_2020.shp, 1168.8286754206283, 0.1393226784950002, 0.0001191985458817238
census_geographies/2020_block_groups.shp, study_areas/definitions/max_county_36111_march_2020.shp, 1168.8286754206283, 0.32612560528150003, 0.0002790191686254931
census_geographies/2020_block_groups.shp, study_areas/definitions/max_county_36113_march_2020.shp, 1168.8286754206283, 0.26879143235550046, 0.00022996649381379187
census_geographies/2020_block_groups.shp, study_areas/definitions/max_county_37001_march_2020.shp, 1168.8286754206283, 0.112478892253, 9.623214643713463e-05
census_geographies/2020_block_groups.shp, study_areas/definitions/max_county_37021_march_2020.shp, 1168.8286754206283, 0.17003036565499996, 0.00014547073427490206
census_geographies/2020_block_groups.shp, study_areas/definitions/max_county_37035_march_2020.shp, 1168.8286754206283, 0.1072518505714998, 9.17601123474344e-05
census_geographies/2020_block_groups.shp, study_areas/definitions/max_county_37049_march_2020.shp, 1168.8286754206283, 0.1980375385949994, 0.00016943247779554286
census_geographies/2020_block_groups.shp, study_areas/definitions/max_county_37051_march_2020.shp, 1168.8286754206283, 0.16849578151000003, 0.00014415780948338146
census_geographies/2020_block_groups.shp, study_areas/definitions/max_county_37063_march_2020.shp, 1168.8286754206283, 0.0771463196340002, 6.600310315473517e-05
census_geographies/2020_block_groups.shp, study_areas/definitions/max_county_37067_march_2020.shp, 1168.8286754206283, 0.10692531961100012, 9.14807463741602e-05
census_geographies/2020_block_groups.shp, study_areas/definitions/max_county_37081_march_2020.shp, 1168.8286754206283, 0.1704199017985003, 0.00014580400479751322
census_geographies/2020_block_groups.shp, study_areas/definitions/max_county_37119_march_2020.shp, 1168.8286754206283, 0.14006895654649976, 0.00011983702957671954
census_geographies/2020_block_groups.shp, study_areas/definitions/max_county_37127_march_2020.shp, 1168.8286754206283, 0.1404718687605001, 0.0001201817440951714
census_geographies/2020_block_groups.shp, study_areas/definitions/max_county_37129_march_2020.shp, 1168.8286754206283, 0.0832923311849999, 7.126136869890307e-05
census_geographies/2020_block_groups.shp, study_areas/definitions/max_county_37133_march_2020.shp, 1168.8286754206283, 0.2306914662425004, 0.00019736978660237015
census_geographies/2020_block_groups.shp, study_areas/definitions/max_county_37147_march_2020.shp, 1168.8286754206283, 0.16885998943000025, 0.0001444694102574377
census_geographies/2020_block_groups.shp, study_areas/definitions/max_county_37183_march_2020.shp, 1168.8286754206283, 0.2212900200514998, 0.0001893263099246464
census_geographies/2020_block_groups.shp, study_areas/definitions/max_county_37191_march_2020.shp, 1168.8286754206283, 0.14325886960650008, 0.00012256618323891247
census_geographies/2020_block_groups.shp, study_areas/definitions/max_county_38015_march_2020.shp, 1168.8286754206283, 0.5108774554654996, 0.0004370849776436647
census_geographies/2020_block_groups.shp, study_areas/definitions/max_county_38017_march_2020.shp, 1168.8286754206283, 0.5408462137424976, 0.0004627249699771974
census_geographies/2020_block_groups.shp, study_areas/definitions/max_county_38035_march_2020.shp, 1168.8286754206283, 0.4486257236424996, 0.0003838250490227337
census_geographies/2020_block_groups.shp, study_areas/definitions/max_county_39003_march_2020.shp, 1168.8286754206283, 0.11239464696799988, 9.616006976176576e-05
census_geographies/2020_block_groups.shp, study_areas/definitions/max_county_39013_march_2020.shp, 1168.8286754206283, 0.14788696240199997, 0.00012652578218854841
census_geographies/2020_block_groups.shp, study_areas/definitions/max_county_39023_march_2020.shp, 1168.8286754206283, 0.10981939311199963, 9.395679231815453e-05
census_geographies/2020_block_groups.shp, study_areas/definitions/max_county_39035_march_2020.shp, 1168.8286754206283, 0.3485831344424994, 0.0002982328734508966
census_geographies/2020_block_groups.shp, study_areas/definitions/max_county_39049_march_2020.shp, 1168.8286754206283, 0.14843051596749995, 0.0001269908234533038
census_geographies/2020_block_groups.shp, study_areas/definitions/max_county_39061_march_2020.shp, 1168.8286754206283, 0.11143474269550005, 9.533881657668763e-05
census_geographies/2020_block_groups.shp, study_areas/definitions/max_county_39081_march_2020.shp, 1168.8286754206283, 0.11288502803499993, 9.657961890298063e-05
census_geographies/2020_block_groups.shp, study_areas/definitions/max_county_39095_march_2020.shp, 1168.8286754206283, 0.16688002597849927, 0.00014277543791304048
census_geographies/2020_block_groups.shp, study_areas/definitions/max_county_39099_march_2020.shp, 1168.8286754206283, 0.11788312035250018, 0.00010085577367450998
census_geographies/2020_block_groups.shp, study_areas/definitions/max_county_39113_march_2020.shp, 1168.8286754206283, 0.12636641262950038, 0.00010811371699451564
census_geographies/2020_block_groups.shp, study_areas/definitions/max_county_39139_march_2020.shp, 1168.8286754206283, 0.13815535275399954, 0.00011819983172835945
census_geographies/2020_block_groups.shp, study_areas/definitions/max_county_39151_march_2020.shp, 1168.8286754206283, 0.16047638928099983, 0.00013729675927333742
census_geographies/2020_block_groups.shp, study_areas/definitions/max_county_39153_march_2020.shp, 1168.8286754206283, 0.11667888796649971, 9.982548376862013e-05
census_geographies/2020_block_groups.shp, study_areas/definitions/max_county_40031_march_2020.shp, 1168.8286754206283, 0.2760694564625, 0.0002361932610552615
census_geographies/2020_block_groups.shp, study_areas/definitions/max_county_40047_march_2020.shp, 1168.8286754206283, 0.27574588322899973, 0.0002359164255871517
census_geographies/2020_block_groups.shp, study_areas/definitions/max_county_40109_march_2020.shp, 1168.8286754206283, 0.18496502089299985, 0.00015824818879160043
census_geographies/2020_block_groups.shp, study_areas/definitions/max_county_40143_march_2020.shp, 1168.8286754206283, 0.15214670261399937, 0.00013017023436668004
census_geographies/2020_block_groups.shp, study_areas/definitions/max_county_41003_march_2020.shp, 1168.8286754206283, 0.19872329739000089, 0.00017001918379396877
census_geographies/2020_block_groups.shp, study_areas/definitions/max_county_41017_march_2020.shp, 1168.8286754206283, 0.8863677937635003, 0.0007583385079464462
census_geographies/2020_block_groups.shp, study_areas/definitions/max_county_41029_march_2020.shp, 1168.8286754206283, 0.7937534024850004, 0.0006791015819314588
census_geographies/2020_block_groups.shp, study_areas/definitions/max_county_41033_march_2020.shp, 1168.8286754206283, 0.46444022977250043, 0.0003973552664639765
census_geographies/2020_block_groups.shp, study_areas/definitions/max_county_41039_march_2020.shp, 1168.8286754206283, 1.3711264291990073, 0.0011730773363389443
census_geographies/2020_block_groups.shp, study_areas/definitions/max_county_41043_march_2020.shp, 1168.8286754206283, 0.6764513988180024, 0.0005787429869262634
census_geographies/2020_block_groups.shp, study_areas/definitions/max_county_41047_march_2020.shp, 1168.8286754206283, 0.3515556673930018, 0.0003007760459559968
census_geographies/2020_block_groups.shp, study_areas/definitions/max_county_41051_march_2020.shp, 1168.8286754206283, 0.1388084400729997, 0.00011875858540435489
census_geographies/2020_block_groups.shp, study_areas/definitions/max_county_42001_march_2020.shp, 1168.8286754206283, 0.14224048528950056, 0.00012169489702014048
census_geographies/2020_block_groups.shp, study_areas/definitions/max_county_42003_march_2020.shp, 1168.8286754206283, 0.20468959326800074, 0.0001751236922676788
census_geographies/2020_block_groups.shp, study_areas/definitions/max_county_42011_march_2020.shp, 1168.8286754206283, 0.2379214619530003, 0.0002035554627947326
census_geographies/2020_block_groups.shp, study_areas/definitions/max_county_42013_march_2020.shp, 1168.8286754206283, 0.14484023169900032, 0.00012391912924866977
census_geographies/2020_block_groups.shp, study_areas/definitions/max_county_42021_march_2020.shp, 1168.8286754206283, 0.1905929544739997, 0.00016306320890477016
census_geographies/2020_block_groups.shp, study_areas/definitions/max_county_42027_march_2020.shp, 1168.8286754206283, 0.30815496103700024, 0.0002636442513066374
census_geographies/2020_block_groups.shp, study_areas/definitions/max_county_42037_march_2020.shp, 1168.8286754206283, 0.13603384760749998, 0.00011638476234213304
census_geographies/2020_block_groups.shp, study_areas/definitions/max_county_42043_march_2020.shp, 1168.8286754206283, 0.15338732605850006, 0.0001312316589112603
census_geographies/2020_block_groups.shp, study_areas/definitions/max_county_42049_march_2020.shp, 1168.8286754206283, 0.4393136267024986, 0.0003758580157561604
census_geographies/2020_block_groups.shp, study_areas/definitions/max_county_42055_march_2020.shp, 1168.8286754206283, 0.21090246154100006, 0.0001804391575738012
census_geographies/2020_block_groups.shp, study_areas/definitions/max_county_42071_march_2020.shp, 1168.8286754206283, 0.26890689215499997, 0.00023006527629742485
census_geographies/2020_block_groups.shp, study_areas/definitions/max_county_42075_march_2020.shp, 1168.8286754206283, 0.09954858582399997, 8.516952733742202e-05
census_geographies/2020_block_groups.shp, study_areas/definitions/max_county_42077_march_2020.shp, 1168.8286754206283, 0.0959716978144999, 8.210929440104848e-05
census_geographies/2020_block_groups.shp, study_areas/definitions/max_county_42079_march_2020.shp, 1168.8286754206283, 0.2517843951249988, 0.00021541599758783186
census_geographies/2020_block_groups.shp, study_areas/definitions/max_county_42081_march_2020.shp, 1168.8286754206283, 0.3466016008920004, 0.0002965375577967133
census_geographies/2020_block_groups.shp, study_areas/definitions/max_county_42089_march_2020.shp, 1168.8286754206283, 0.17120945878300026, 0.00014647951610306516
census_geographies/2020_block_groups.shp, study_areas/definitions/max_county_42101_march_2020.shp, 1168.8286754206283, 0.03898349136250009, 3.335261375964363e-05
census_geographies/2020_block_groups.shp, study_areas/definitions/max_county_42133_march_2020.shp, 1168.8286754206283, 0.2484887215694997, 0.00021259635975313118
census_geographies/2020_block_groups.shp, study_areas/definitions/max_county_44007_march_2020.shp, 1168.8286754206283, 0.12237796946549985, 0.00010470137500815463
census_geographies/2020_block_groups.shp, study_areas/definitions/max_county_45013_march_2020.shp, 1168.8286754206283, 0.22914843579750013, 0.00019604963551654489
census_geographies/2020_block_groups.shp, study_areas/definitions/max_county_45019_march_2020.shp, 1168.8286754206283, 0.338696472258, 0.0002897742666487137
census_geographies/2020_block_groups.shp, study_areas/definitions/max_county_45041_march_2020.shp, 1168.8286754206283, 0.20333288397049976, 0.00017396294961477226
census_geographies/2020_block_groups.shp, study_areas/definitions/max_county_45045_march_2020.shp, 1168.8286754206283, 0.20320094537149938, 0.00017385006857260164
census_geographies/2020_block_groups.shp, study_areas/definitions/max_county_45051_march_2020.shp, 1168.8286754206283, 0.3167746154720007, 0.00027101886027736485
census_geographies/2020_block_groups.shp, study_areas/definitions/max_county_45079_march_2020.shp, 1168.8286754206283, 0.1951551775025002, 0.00016696645248908646
census_geographies/2020_block_groups.shp, study_areas/definitions/max_county_45083_march_2020.shp, 1168.8286754206283, 0.2094730235315008, 0.00017921619133455755
census_geographies/2020_block_groups.shp, study_areas/definitions/max_county_45085_march_2020.shp, 1168.8286754206283, 0.17222539435400042, 0.00014734870727912402
census_geographies/2020_block_groups.shp, study_areas/definitions/max_county_46099_march_2020.shp, 1168.8286754206283, 0.23525592824850075, 0.00020127494576041165
census_geographies/2020_block_groups.shp, study_areas/definitions/max_county_46103_march_2020.shp, 1168.8286754206283, 0.8092773141854983, 0.0006923831791637576
census_geographies/2020_block_groups.shp, study_areas/definitions/max_county_47011_march_2020.shp, 1168.8286754206283, 0.08492105022299988, 7.265483129290886e-05
census_geographies/2020_block_groups.shp, study_areas/definitions/max_county_47037_march_2020.shp, 1168.8286754206283, 0.1363464662045001, 0.00011665222549013257
census_geographies/2020_block_groups.shp, study_areas/definitions/max_county_47063_march_2020.shp, 1168.8286754206283, 0.04563629402550002, 3.904446818014352e-05
census_geographies/2020_block_groups.shp, study_areas/definitions/max_county_47065_march_2020.shp, 1168.8286754206283, 0.1475414586730001, 0.00012623018392315203
census_geographies/2020_block_groups.shp, study_areas/definitions/max_county_47093_march_2020.shp, 1168.8286754206283, 0.1361408106624999, 0.00011647627537329769
census_geographies/2020_block_groups.shp, study_areas/definitions/max_county_47113_march_2020.shp, 1168.8286754206283, 0.14391952439450026, 0.0001231314113188639
census_geographies/2020_block_groups.shp, study_areas/definitions/max_county_47125_march_2020.shp, 1168.8286754206283, 0.14167049994299988, 0.00012120724185006556
census_geographies/2020_block_groups.shp, study_areas/definitions/max_county_47157_march_2020.shp, 1168.8286754206283, 0.20001151400549988, 0.00017112132702726634
census_geographies/2020_block_groups.shp, study_areas/definitions/max_county_47163_march_2020.shp, 1168.8286754206283, 0.11196365647949996, 9.579133266832918e-05
census_geographies/2020_block_groups.shp, study_areas/definitions/max_county_47179_march_2020.shp, 1168.8286754206283, 0.08570031464100003, 7.332153671722582e-05
census_geographies/2020_block_groups.shp, study_areas/definitions/max_county_48027_march_2020.shp, 1168.8286754206283, 0.2667878325024993, 0.0002282522991716386
census_geographies/2020_block_groups.shp, study_areas/definitions/max_county_48029_march_2020.shp, 1168.8286754206283, 0.3025290093765, 0.00025883092684017903
census_geographies/2020_block_groups.shp, study_areas/definitions/max_county_48037_march_2020.shp, 1168.8286754206283, 0.23178941722999968, 0.00019830914667334394
census_geographies/2020_block_groups.shp, study_areas/definitions/max_county_48041_march_2020.shp, 1168.8286754206283, 0.14411962425750044, 0.00012330260823352566
census_geographies/2020_block_groups.shp, study_areas/definitions/max_county_48061_march_2020.shp, 1168.8286754206283, 0.29842848201400074, 0.0002553226903905355
census_geographies/2020_block_groups.shp, study_areas/definitions/max_county_48113_march_2020.shp, 1168.8286754206283, 0.2264519013694997, 0.0001937425955844265
census_geographies/2020_block_groups.shp, study_areas/definitions/max_county_48135_march_2020.shp, 1168.8286754206283, 0.22260324749900012, 0.0001904498513598595
census_geographies/2020_block_groups.shp, study_areas/definitions/max_county_48141_march_2020.shp, 1168.8286754206283, 0.25034500333400067, 0.0002141845153173613
census_geographies/2020_block_groups.shp, study_areas/definitions/max_county_48181_march_2020.shp, 1168.8286754206283, 0.24642786464399943, 0.0002108331784000055
census_geographies/2020_block_groups.shp, study_areas/definitions/max_county_48183_march_2020.shp, 1168.8286754206283, 0.068521777745, 5.862431268666552e-05
census_geographies/2020_block_groups.shp, study_areas/definitions/max_county_48201_march_2020.shp, 1168.8286754206283, 0.42979722835149864, 0.0003677161909095247
census_geographies/2020_block_groups.shp, study_areas/definitions/max_county_48215_march_2020.shp, 1168.8286754206283, 0.37083193743300025, 0.0003172680010605903
census_geographies/2020_block_groups.shp, study_areas/definitions/max_county_48245_march_2020.shp, 1168.8286754206283, 0.26904730627199924, 0.00023018540863157445
census_geographies/2020_block_groups.shp, study_areas/definitions/max_county_48303_march_2020.shp, 1168.8286754206283, 0.2266307753360003, 0.0001938956325266766
census_geographies/2020_block_groups.shp, study_areas/definitions/max_county_48309_march_2020.shp, 1168.8286754206283, 0.260833331753, 0.0002231578821071732
census_geographies/2020_block_groups.shp, study_areas/definitions/max_county_48329_march_2020.shp, 1168.8286754206283, 0.22264804860300047, 0.00019048818127504936
census_geographies/2020_block_groups.shp, study_areas/definitions/max_county_48355_march_2020.shp, 1168.8286754206283, 0.27625428919449946, 0.00023635139606331386
census_geographies/2020_block_groups.shp, study_areas/definitions/max_county_48381_march_2020.shp, 1168.8286754206283, 0.23580608910450038, 0.00020174563994132026
census_geographies/2020_block_groups.shp, study_areas/definitions/max_county_48423_march_2020.shp, 1168.8286754206283, 0.23570571507000038, 0.00020165976419527572
census_geographies/2020_block_groups.shp, study_areas/definitions/max_county_48441_march_2020.shp, 1168.8286754206283, 0.2279747630840022, 0.00019504549116401557
census_geographies/2020_block_groups.shp, study_areas/definitions/max_county_48451_march_2020.shp, 1168.8286754206283, 0.37841208037450036, 0.00032375324830075764
census_geographies/2020_block_groups.shp, study_areas/definitions/max_county_48453_march_2020.shp, 1168.8286754206283, 0.2490386812340002, 0.0002130668818031678
census_geographies/2020_block_groups.shp, study_areas/definitions/max_county_48469_march_2020.shp, 1168.8286754206283, 0.2127517040375006, 0.00018202129064033896
census_geographies/2020_block_groups.shp, study_areas/definitions/max_county_48479_march_2020.shp, 1168.8286754206283, 0.8003336524245004, 0.0006847313633338804
census_geographies/2020_block_groups.shp, study_areas/definitions/max_county_48485_march_2020.shp, 1168.8286754206283, 0.15992904471449984, 0.00013682847458969632
census_geographies/2020_block_groups.shp, study_areas/definitions/max_county_49005_march_2020.shp, 1168.8286754206283, 0.32869041700150103, 0.00028121351222258015
census_geographies/2020_block_groups.shp, study_areas/definitions/max_county_49011_march_2020.shp, 1168.8286754206283, 0.17605357077550016, 0.00015062393187106183
census_geographies/2020_block_groups.shp, study_areas/definitions/max_county_49035_march_2020.shp, 1168.8286754206283, 0.22224616604149966, 0.000190144347683393
census_geographies/2020_block_groups.shp, study_areas/definitions/max_county_49049_march_2020.shp, 1168.8286754206283, 0.5867291195620004, 0.0005019804286978612
census_geographies/2020_block_groups.shp, study_areas/definitions/max_county_49053_march_2020.shp, 1168.8286754206283, 0.6395656668300009, 0.000547185126682351
census_geographies/2020_block_groups.shp, study_areas/definitions/max_county_50007_march_2020.shp, 1168.8286754206283, 0.1815816712485002, 0.00015535353903184664
census_geographies/2020_block_groups.shp, study_areas/definitions/max_county_51003_march_2020.shp, 1168.8286754206283, 0.19292257121549983, 0.00016505632970210322
census_geographies/2020_block_groups.shp, study_areas/definitions/max_county_51015_march_2020.shp, 1168.8286754206283, 0.25846704835399853, 0.00022113339088039021
census_geographies/2020_block_groups.shp, study_areas/definitions/max_county_51019_march_2020.shp, 1168.8286754206283, 0.20438573967850016, 0.00017486372808653717
census_geographies/2020_block_groups.shp, study_areas/definitions/max_county_51041_march_2020.shp, 1168.8286754206283, 0.11514459010249944, 9.851280390692175e-05
census_geographies/2020_block_groups.shp, study_areas/definitions/max_county_51059_march_2020.shp, 1168.8286754206283, 0.10922480970050008, 9.344809209201953e-05
census_geographies/2020_block_groups.shp, study_areas/definitions/max_county_51069_march_2020.shp, 1168.8286754206283, 0.11219370457400014, 9.59881520134889e-05
census_geographies/2020_block_groups.shp, study_areas/definitions/max_county_51121_march_2020.shp, 1168.8286754206283, 0.10229426981649992, 8.75186175422049e-05
census_geographies/2020_block_groups.shp, study_areas/definitions/max_county_51165_march_2020.shp, 1168.8286754206283, 0.2284290924254997, 0.0001954341959853907
census_geographies/2020_block_groups.shp, study_areas/definitions/max_county_51770_march_2020.shp, 1168.8286754206283, 0.01127597356649992, 9.647242409108433e-06
census_geographies/2020_block_groups.shp, study_areas/definitions/max_county_51810_march_2020.shp, 1168.8286754206283, 0.13006609073400066, 0.00011127900390294032
census_geographies/2020_block_groups.shp, study_areas/definitions/max_county_53005_march_2020.shp, 1168.8286754206283, 0.5316130571320002, 0.00045482547469216373
census_geographies/2020_block_groups.shp, study_areas/definitions/max_county_53007_march_2020.shp, 1168.8286754206283, 0.9323430933635012, 0.0007976730148479437
census_geographies/2020_block_groups.shp, study_areas/definitions/max_county_53015_march_2020.shp, 1168.8286754206283, 0.3520865257494983, 0.00030123022574099007
census_geographies/2020_block_groups.shp, study_areas/definitions/max_county_53033_march_2020.shp, 1168.8286754206283, 0.7133185287714996, 0.0006102849320622601
census_geographies/2020_block_groups.shp, study_areas/definitions/max_county_53035_march_2020.shp, 1168.8286754206283, 0.17541001542350032, 0.00015007333333978587
census_geographies/2020_block_groups.shp, study_areas/definitions/max_county_53057_march_2020.shp, 1168.8286754206283, 0.6039753339060004, 0.0005167355546685633
census_geographies/2020_block_groups.shp, study_areas/definitions/max_county_53063_march_2020.shp, 1168.8286754206283, 0.551917900035999, 0.0004721974329021141
census_geographies/2020_block_groups.shp, study_areas/definitions/max_county_53067_march_2020.shp, 1168.8286754206283, 0.23681093000900022, 0.00020260533899356864
census_geographies/2020_block_groups.shp, study_areas/definitions/max_county_53071_march_2020.shp, 1168.8286754206283, 0.3923504219530001, 0.00033567829931260395
census_geographies/2020_block_groups.shp, study_areas/definitions/max_county_53073_march_2020.shp, 1168.8286754206283, 0.794573246598498, 0.0006798030056137642
census_geographies/2020_block_groups.shp, study_areas/definitions/max_county_53077_march_2020.shp, 1168.8286754206283, 1.3073150728350011, 0.0011184830594308747
census_geographies/2020_block_groups.shp, study_areas/definitions/max_county_54011_march_2020.shp, 1168.8286754206283, 0.07695165466999995, 6.583655610802604e-05
census_geographies/2020_block_groups.shp, study_areas/definitions/max_county_54039_march_2020.shp, 1168.8286754206283, 0.24310122423999922, 0.00020798704664951343
census_geographies/2020_block_groups.shp, study_areas/definitions/max_county_54061_march_2020.shp, 1168.8286754206283, 0.09941510433100027, 8.505532626090268e-05
census_geographies/2020_block_groups.shp, study_areas/definitions/max_county_54081_march_2020.shp, 1168.8286754206283, 0.16138859485249996, 0.00013807720348272664
census_geographies/2020_block_groups.shp, study_areas/definitions/max_county_54107_march_2020.shp, 1168.8286754206283, 0.10176924271500022, 8.706942673046275e-05
census_geographies/2020_block_groups.shp, study_areas/definitions/max_county_55009_march_2020.shp, 1168.8286754206283, 0.1803738941564993, 0.0001543202164265758
census_geographies/2020_block_groups.shp, study_areas/definitions/max_county_55025_march_2020.shp, 1168.8286754206283, 0.35420336574849975, 0.00030304130382584256
census_geographies/2020_block_groups.shp, study_areas/definitions/max_county_55035_march_2020.shp, 1168.8286754206283, 0.18981763706250054, 0.00016239988037099667
census_geographies/2020_block_groups.shp, study_areas/definitions/max_county_55039_march_2020.shp, 1168.8286754206283, 0.22166454361449953, 0.0001896467363232073
census_geographies/2020_block_groups.shp, study_areas/definitions/max_county_55063_march_2020.shp, 1168.8286754206283, 0.13929719638950036, 0.00011917674447828827
census_geographies/2020_block_groups.shp, study_areas/definitions/max_county_55073_march_2020.shp, 1168.8286754206283, 0.46512028096300045, 0.0003979370892792452
census_geographies/2020_block_groups.shp, study_areas/definitions/max_county_55079_march_2020.shp, 1168.8286754206283, 0.34018443842349944, 0.00029104730708380056
census_geographies/2020_block_groups.shp, study_areas/definitions/max_county_55087_march_2020.shp, 1168.8286754206283, 0.1886469860615001, 0.00016139832126689686
census_geographies/2020_block_groups.shp, study_areas/definitions/max_county_55101_march_2020.shp, 1168.8286754206283, 0.22558894138650087, 0.0001930042838017452
census_geographies/2020_block_groups.shp, study_areas/definitions/max_county_55105_march_2020.shp, 1168.8286754206283, 0.2065336913965, 0.00017670142403220418
census_geographies/2020_block_groups.shp, study_areas/definitions/max_county_55117_march_2020.shp, 1168.8286754206283, 0.3677439786474993, 0.00031462607513043663
census_geographies/2020_block_groups.shp, study_areas/definitions/max_county_55139_march_2020.shp, 1168.8286754206283, 0.16833849120650068, 0.00014402323860331407
census_geographies/2020_block_groups.shp, study_areas/definitions/max_county_56021_march_2020.shp, 1168.8286754206283, 0.7484228533665013, 0.0006403186960631036
census_geographies/2020_block_groups.shp, study_areas/definitions/max_county_56025_march_2020.shp, 1168.8286754206283, 1.5360723497075046, 0.001314198036042122
census_geographies/2020_block_groups.shp, study_areas/definitions/max_county_72005_march_2020.shp, 1168.8286754206283, 0.01674465109849994, 1.4326009834139306e-05
census_geographies/2020_block_groups.shp, study_areas/definitions/max_county_72013_march_2020.shp, 1168.8286754206283, 0.037918438294999704, 3.2441399746933766e-05
census_geographies/2020_block_groups.shp, study_areas/definitions/max_county_72023_march_2020.shp, 1168.8286754206283, 0.03920556070999983, 3.354260682891858e-05
census_geographies/2020_block_groups.shp, study_areas/definitions/max_county_72057_march_2020.shp, 1168.8286754206283, 0.023598756971499973, 2.0190090701708227e-05
census_geographies/2020_block_groups.shp, study_areas/definitions/max_county_72097_march_2020.shp, 1168.8286754206283, 0.06062356054750028, 5.1866934669175174e-05
census_geographies/2020_block_groups.shp, study_areas/definitions/max_county_72113_march_2020.shp, 1168.8286754206283, 0.0427795637305002, 3.660037149166027e-05
census_geographies/2020_block_groups.shp, study_areas/definitions/max_county_72127_march_2020.shp, 1168.8286754206283, 0.0170437474609999, 1.4581903934609012e-05
census_geographies/2020_block_groups.shp, study_areas/definitions/max_county_72153_march_2020.shp, 1168.8286754206283, 0.015106755070000035, 1.2924695798178926e-05
census_geographies/2010_block_groups.shp, study_areas/definitions/max_county_01003_march_2020.shp, 1167.3652671522018, 0.4941813673019969, 0.000423330538613297
census_geographies/2010_block_groups.shp, study_areas/definitions/max_county_01015_march_2020.shp, 1167.3652671522018, 0.1543445304310007, 0.0001322161407179139
census_geographies/2010_block_groups.shp, study_areas/definitions/max_county_01055_march_2020.shp, 1167.3652671522018, 0.13873451178149984, 0.00011884413189707447
census_geographies/2010_block_groups.shp, study_areas/definitions/max_county_01069_march_2020.shp, 1167.3652671522018, 0.1424998992540003, 0.0001220696754167015
census_geographies/2010_block_groups.shp, study_areas/definitions/max_county_01073_march_2020.shp, 1167.3652671522018, 0.2825897439844996, 0.00024207482605155783
census_geographies/2010_block_groups.shp, study_areas/definitions/max_county_01077_march_2020.shp, 1167.3652671522018, 0.1841654197430002, 0.00015776160634989032
census_geographies/2010_block_groups.shp, study_areas/definitions/max_county_01081_march_2020.shp, 1167.3652671522018, 0.15322076510700058, 0.0001312534897331527
census_geographies/2010_block_groups.shp, study_areas/definitions/max_county_01089_march_2020.shp, 1167.3652671522018, 0.20725411920249961, 0.00017754007681597202
census_geographies/2010_block_groups.shp, study_areas/definitions/max_county_01097_march_2020.shp, 1167.3652671522018, 0.4008449901325005, 0.0003433758065377134
census_geographies/2010_block_groups.shp, study_areas/definitions/max_county_01101_march_2020.shp, 1167.3652671522018, 0.19819308805799998, 0.0001697781265511641
census_geographies/2010_block_groups.shp, study_areas/definitions/max_county_01103_march_2020.shp, 1167.3652671522018, 0.15220874960249994, 0.00013038656698585404
census_geographies/2010_block_groups.shp, study_areas/definitions/max_county_01125_march_2020.shp, 1167.3652671522018, 0.33876500843699914, 0.00029019623760386453
census_geographies/2010_block_groups.shp, study_areas/definitions/max_county_02020_march_2020.shp, 1167.3652671522018, 0.8463470898194989, 0.0007250062286709714
census_geographies/2010_block_groups.shp, study_areas/definitions/max_county_02090_march_2020.shp, 1167.3652671522018, 3.6395040692670024, 0.003117708031647717
census_geographies/2010_block_groups.shp, study_areas/definitions/max_county_04003_march_2020.shp, 1167.3652671522018, 1.5352510461175004, 0.0013151419605474124
census_geographies/2010_block_groups.shp, study_areas/definitions/max_county_04005_march_2020.shp, 1167.3652671522018, 4.82175261181152, 0.004130457490459888
census_geographies/2010_block_groups.shp, study_areas/definitions/max_county_04013_march_2020.shp, 1167.3652671522018, 2.314199781930511, 0.0019824127435074564
census_geographies/2010_block_groups.shp, study_areas/definitions/max_county_04015_march_2020.shp, 1167.3652671522018, 3.47225937229401, 0.002974441222467256
census_geographies/2010_block_groups.shp, study_areas/definitions/max_county_04019_march_2020.shp, 1167.3652671522018, 2.273787093719009, 0.0019477940261713742
census_geographies/2010_block_groups.shp, study_areas/definitions/max_county_04025_march_2020.shp, 1167.3652671522018, 2.0687599868570024, 0.001772161674729077
census_geographies/2010_block_groups.shp, study_areas/definitions/max_county_04027_march_2020.shp, 1167.3652671522018, 1.3756988454049994, 0.0011784647737216212
census_geographies/2010_block_groups.shp, study_areas/definitions/max_county_05007_march_2020.shp, 1167.3652671522018, 0.22980242091849956, 0.00019685562641340586
census_geographies/2010_block_groups.shp, study_areas/definitions/max_county_05031_march_2020.shp, 1167.3652671522018, 0.1841122122839997, 0.00015771602724924577
census_geographies/2010_block_groups.shp, study_areas/definitions/max_county_05051_march_2020.shp, 1167.3652671522018, 0.1869260504429994, 0.00016012644516913475
census_geographies/2010_block_groups.shp, study_areas/definitions/max_county_05069_march_2020.shp, 1167.3652671522018, 0.2316724916045002, 0.00019845758489086057
census_geographies/2010_block_groups.shp, study_areas/definitions/max_county_05119_march_2020.shp, 1167.3652671522018, 0.2059826091635002, 0.00017645086328977103
census_geographies/2010_block_groups.shp, study_areas/definitions/max_county_05131_march_2020.shp, 1167.3652671522018, 0.13965286320449996, 0.00011963081919096702
census_geographies/2010_block_groups.shp, study_areas/definitions/max_county_06001_march_2020.shp, 1167.3652671522018, 0.2171846401490004, 0.0001860468580488302
census_geographies/2010_block_groups.shp, study_areas/definitions/max_county_06007_march_2020.shp, 1167.3652671522018, 0.45594194228650115, 0.0003905735035262576
census_geographies/2010_block_groups.shp, study_areas/definitions/max_county_06019_march_2020.shp, 1167.3652671522018, 1.571172543935001, 0.0013459133898748683
census_geographies/2010_block_groups.shp, study_areas/definitions/max_county_06025_march_2020.shp, 1167.3652671522018, 1.120447425300499, 0.000959808773507405
census_geographies/2010_block_groups.shp, study_areas/definitions/max_county_06029_march_2020.shp, 1167.3652671522018, 2.096175756296489, 0.0017956468427488244
census_geographies/2010_block_groups.shp, study_areas/definitions/max_county_06031_march_2020.shp, 1167.3652671522018, 0.3605848528290004, 0.00030888776887173493
census_geographies/2010_block_groups.shp, study_areas/definitions/max_county_06037_march_2020.shp, 1167.3652671522018, 1.2035679462259998, 0.0010310122976008313
census_geographies/2010_block_groups.shp, study_areas/definitions/max_county_06039_march_2020.shp, 1167.3652671522018, 0.5661750427504976, 0.0004850024741028031
census_geographies/2010_block_groups.shp, study_areas/definitions/max_county_06047_march_2020.shp, 1167.3652671522018, 0.5200400397924986, 0.0004454818508187596
census_geographies/2010_block_groups.shp, study_areas/definitions/max_county_06053_march_2020.shp, 1167.3652671522018, 0.9792525148324984, 0.000838856990512827
census_geographies/2010_block_groups.shp, study_areas/definitions/max_county_06055_march_2020.shp, 1167.3652671522018, 0.21093969181100033, 0.00018069724853608986
census_geographies/2010_block_groups.shp, study_areas/definitions/max_county_06065_march_2020.shp, 1167.3652671522018, 1.8403730893054964, 0.0015765186279656095
census_geographies/2010_block_groups.shp, study_areas/definitions/max_county_06067_march_2020.shp, 1167.3652671522018, 0.26568544274199957, 0.00022759409605370702
census_geographies/2010_block_groups.shp, study_areas/definitions/max_county_06073_march_2020.shp, 1167.3652671522018, 1.1312895593420016, 0.0009690964697808706
census_geographies/2010_block_groups.shp, study_areas/definitions/max_county_06077_march_2020.shp, 1167.3652671522018, 0.3786412800109997, 0.0003243554444057588
census_geographies/2010_block_groups.shp, study_areas/definitions/max_county_06079_march_2020.shp, 1167.3652671522018, 0.928973789988999, 0.0007957867311362099
census_geographies/2010_block_groups.shp, study_areas/definitions/max_county_06083_march_2020.shp, 1167.3652671522018, 0.9637244702400011, 0.0008255552031207985
census_geographies/2010_block_groups.shp, study_areas/definitions/max_county_06085_march_2020.shp, 1167.3652671522018, 0.34294336493149996, 0.00029377554273831823
census_geographies/2010_block_groups.shp, study_areas/definitions/max_county_06087_march_2020.shp, 1167.3652671522018, 0.1592378165830001, 0.0001364078759782379
census_geographies/2010_block_groups.shp, study_areas/definitions/max_county_06089_march_2020.shp, 1167.3652671522018, 1.062748165705998, 0.0009103818621386448
census_geographies/2010_block_groups.shp, study_areas/definitions/max_county_06095_march_2020.shp, 1167.3652671522018, 0.24161124505799966, 0.0002069714183354217
census_geographies/2010_block_groups.shp, study_areas/definitions/max_county_06097_march_2020.shp, 1167.3652671522018, 0.4730346333889998, 0.0004052156139123208
census_geographies/2010_block_groups.shp, study_areas/definitions/max_county_06099_march_2020.shp, 1167.3652671522018, 0.4000269676884991, 0.0003426750640477496
census_geographies/2010_block_groups.shp, study_areas/definitions/max_county_06101_march_2020.shp, 1167.3652671522018, 0.1639561800249996, 0.00014044976721379776
census_geographies/2010_block_groups.shp, study_areas/definitions/max_county_06107_march_2020.shp, 1167.3652671522018, 1.2561175749909967, 0.0010760278811920685
census_geographies/2010_block_groups.shp, study_areas/definitions/max_county_06111_march_2020.shp, 1167.3652671522018, 0.5604896625759999, 0.00048013220741381104
census_geographies/2010_block_groups.shp, study_areas/definitions/max_county_08013_march_2020.shp, 1167.3652671522018, 0.2025107077859999, 0.00017347672873635055
census_geographies/2010_block_groups.shp, study_areas/definitions/max_county_08031_march_2020.shp, 1167.3652671522018, 0.042094767159500335, 3.6059636468533023e-05
census_geographies/2010_block_groups.shp, study_areas/definitions/max_county_08041_march_2020.shp, 1167.3652671522018, 0.5721966299169996, 0.0004901607457560207
census_geographies/2010_block_groups.shp, study_areas/definitions/max_county_08069_march_2020.shp, 1167.3652671522018, 0.7265147759890015, 0.0006223542848429446
census_geographies/2010_block_groups.shp, study_areas/definitions/max_county_08077_march_2020.shp, 1167.3652671522018, 0.9000615034724999, 0.0007710196018322596
census_geographies/2010_block_groups.shp, study_areas/definitions/max_county_08101_march_2020.shp, 1167.3652671522018, 0.6384992703210005, 0.000546957570425772
census_geographies/2010_block_groups.shp, study_areas/definitions/max_county_08123_march_2020.shp, 1167.3652671522018, 1.1061297606840006, 0.0009475438338014066
census_geographies/2010_block_groups.shp, study_areas/definitions/max_county_09001_march_2020.shp, 1167.3652671522018, 0.23281125448800005, 0.00019943308323361824
census_geographies/2010_block_groups.shp, study_areas/definitions/max_county_09003_march_2020.shp, 1167.3652671522018, 0.21062874443850035, 0.00018043088171736606
census_geographies/2010_block_groups.shp, study_areas/definitions/max_county_09009_march_2020.shp, 1167.3652671522018, 0.24021582688099932, 0.00020577606139251343
census_geographies/2010_block_groups.shp, study_areas/definitions/max_county_09011_march_2020.shp, 1167.3652671522018, 0.21542149227349972, 0.00018453649284856863
census_geographies/2010_block_groups.shp, study_areas/definitions/max_county_10001_march_2020.shp, 1167.3652671522018, 0.2152928533734999, 0.00018442629691965118
census_geographies/2010_block_groups.shp, study_areas/definitions/max_county_10005_march_2020.shp, 1167.3652671522018, 0.32080107072099956, 0.00027480779131247986
census_geographies/2010_block_groups.shp, study_areas/definitions/max_county_12001_march_2020.shp, 1167.3652671522018, 0.23385157857600006, 0.00020032425596016156
census_geographies/2010_block_groups.shp, study_areas/definitions/max_county_12005_march_2020.shp, 1167.3652671522018, 0.2507708692415, 0.00021481782634603976
census_geographies/2010_block_groups.shp, study_areas/definitions/max_county_12009_march_2020.shp, 1167.3652671522018, 0.37097674480200027, 0.00031778977432402234
census_geographies/2010_block_groups.shp, study_areas/definitions/max_county_12015_march_2020.shp, 1167.3652671522018, 0.201945490901, 0.00017299254704883233
census_geographies/2010_block_groups.shp, study_areas/definitions/max_county_12017_march_2020.shp, 1167.3652671522018, 0.18518502092899994, 0.00015863502721882457
census_geographies/2010_block_groups.shp, study_areas/definitions/max_county_12021_march_2020.shp, 1167.3652671522018, 0.5386705592115, 0.00046144131093226007
census_geographies/2010_block_groups.shp, study_areas/definitions/max_county_12031_march_2020.shp, 1167.3652671522018, 0.2231497422604998, 0.0001911567429146454
census_geographies/2010_block_groups.shp, study_areas/definitions/max_county_12033_march_2020.shp, 1167.3652671522018, 0.21311818975250024, 0.0001825634150246769
census_geographies/2010_block_groups.shp, study_areas/definitions/max_county_12055_march_2020.shp, 1167.3652671522018, 0.26125858426850024, 0.00022380191669214464
census_geographies/2010_block_groups.shp, study_areas/definitions/max_county_12057_march_2020.shp, 1167.3652671522018, 0.3004886537729998, 0.00025740756747546947
census_geographies/2010_block_groups.shp, study_areas/definitions/max_county_12061_march_2020.shp, 1167.3652671522018, 0.14617901574799966, 0.00012522131663605574
census_geographies/2010_block_groups.shp, study_areas/definitions/max_county_12071_march_2020.shp, 1167.3652671522018, 0.28447256788199954, 0.00024368770931139057
census_geographies/2010_block_groups.shp, study_areas/definitions/max_county_12073_march_2020.shp, 1167.3652671522018, 0.17071713550300005, 0.00014624140387478382
census_geographies/2010_block_groups.shp, study_areas/definitions/max_county_12083_march_2020.shp, 1167.3652671522018, 0.399526749641, 0.0003422465623083417
census_geographies/2010_block_groups.shp, study_areas/definitions/max_county_12086_march_2020.shp, 1167.3652671522018, 0.5658637224805007, 0.00048473578784893125
census_geographies/2010_block_groups.shp, study_areas/definitions/max_county_12091_march_2020.shp, 1167.3652671522018, 0.2637780937609996, 0.00022596020387388144
census_geographies/2010_block_groups.shp, study_areas/definitions/max_county_12095_march_2020.shp, 1167.3652671522018, 0.2395100041890004, 0.00020517143256565038
census_geographies/2010_block_groups.shp, study_areas/definitions/max_county_12105_march_2020.shp, 1167.3652671522018, 0.4774997324914988, 0.00040904055134033905
census_geographies/2010_block_groups.shp, study_areas/definitions/max_county_12111_march_2020.shp, 1167.3652671522018, 0.16259240904700106, 0.00013928152020802086
census_geographies/2010_block_groups.shp, study_areas/definitions/max_county_12115_march_2020.shp, 1167.3652671522018, 0.17109069507699926, 0.0001465614061778423
census_geographies/2010_block_groups.shp, study_areas/definitions/max_county_12119_march_2020.shp, 1167.3652671522018, 0.13866831127899978, 0.00011878742256678785
census_geographies/2010_block_groups.shp, study_areas/definitions/max_county_12127_march_2020.shp, 1167.3652671522018, 0.34373411495750084, 0.00029445292285939205
census_geographies/2010_block_groups.shp, study_areas/definitions/max_county_13021_march_2020.shp, 1167.3652671522018, 0.06367755727700034, 5.4548099955331305e-05
census_geographies/2010_block_groups.shp, study_areas/definitions/max_county_13051_march_2020.shp, 1167.3652671522018, 0.1562412225059995, 0.00013384090387334496
census_geographies/2010_block_groups.shp, study_areas/definitions/max_county_13059_march_2020.shp, 1167.3652671522018, 0.030573481372500152, 2.619015849862009e-05
census_geographies/2010_block_groups.shp, study_areas/definitions/max_county_13095_march_2020.shp, 1167.3652671522018, 0.08230727994749985, 7.050687755023688e-05
census_geographies/2010_block_groups.shp, study_areas/definitions/max_county_13115_march_2020.shp, 1167.3652671522018, 0.13143947587249966, 0.00011259498596625841
census_geographies/2010_block_groups.shp, study_areas/definitions/max_county_13121_march_2020.shp, 1167.3652671522018, 0.13472170400799963, 0.00011540664074806204
census_geographies/2010_block_groups.shp, study_areas/definitions/max_county_13127_march_2020.shp, 1167.3652671522018, 0.1434695649430002, 0.00012290032004549486
census_geographies/2010_block_groups.shp, study_areas/definitions/max_county_13139_march_2020.shp, 1167.3652671522018, 0.10890161447399996, 9.328837985703175e-05
census_geographies/2010_block_groups.shp, study_areas/definitions/max_county_13153_march_2020.shp, 1167.3652671522018, 0.09437629109749979, 8.084555344680728e-05
census_geographies/2010_block_groups.shp, study_areas/definitions/max_county_13179_march_2020.shp, 1167.3652671522018, 0.14862880163100034, 0.00012731987648868605
census_geographies/2010_block_groups.shp, study_areas/definitions/max_county_13185_march_2020.shp, 1167.3652671522018, 0.1246764772375, 0.00010680159907588257
census_geographies/2010_block_groups.shp, study_areas/definitions/max_county_13215_march_2020.shp, 1167.3652671522018, 0.054930711230500195, 4.705529004174003e-05
census_geographies/2010_block_groups.shp, study_areas/definitions/max_county_13245_march_2020.shp, 1167.3652671522018, 0.08244409124500003, 7.062407419926339e-05
census_geographies/2010_block_groups.shp, study_areas/definitions/max_county_13313_march_2020.shp, 1167.3652671522018, 0.07426054821199982, 6.361380649362568e-05
census_geographies/2010_block_groups.shp, study_areas/definitions/max_county_15003_march_2020.shp, 1167.3652671522018, 0.48845088797500097, 0.00041842163864150365
census_geographies/2010_block_groups.shp, study_areas/definitions/max_county_15009_march_2020.shp, 1167.3652671522018, 0.5391509704310007, 0.00046185284555044575
census_geographies/2010_block_groups.shp, study_areas/definitions/max_county_16001_march_2020.shp, 1167.3652671522018, 0.3054229224954995, 0.00026163440963134144
census_geographies/2010_block_groups.shp, study_areas/definitions/max_county_16005_march_2020.shp, 1167.3652671522018, 0.32634054017199987, 0.0002795530665120015
census_geographies/2010_block_groups.shp, study_areas/definitions/max_county_16019_march_2020.shp, 1167.3652671522018, 0.5468372761480003, 0.00046843716490042127
census_geographies/2010_block_groups.shp, study_areas/definitions/max_county_16055_march_2020.shp, 1167.3652671522018, 0.40811886250549995, 0.0003496068231506576
census_geographies/2010_block_groups.shp, study_areas/definitions/max_county_16069_march_2020.shp, 1167.3652671522018, 0.25909112855749983, 0.00022194520930844122
census_geographies/2010_block_groups.shp, study_areas/definitions/max_county_16083_march_2020.shp, 1167.3652671522018, 0.5457369335489987, 0.0004674945785223925
census_geographies/2010_block_groups.shp, study_areas/definitions/max_county_17019_march_2020.shp, 1167.3652671522018, 0.2732717794995002, 0.00023409277900322424
census_geographies/2010_block_groups.shp, study_areas/definitions/max_county_17031_march_2020.shp, 1167.3652671522018, 0.45937539364099805, 0.0003935147006400563
census_geographies/2010_block_groups.shp, study_areas/definitions/max_county_17091_march_2020.shp, 1167.3652671522018, 0.1892610578935004, 0.00016212668238383044
census_geographies/2010_block_groups.shp, study_areas/definitions/max_county_17113_march_2020.shp, 1167.3652671522018, 0.3263603633489992, 0.0002795700476382669
census_geographies/2010_block_groups.shp, study_areas/definitions/max_county_17115_march_2020.shp, 1167.3652671522018, 0.15971169580599995, 0.00013681381509286986
census_geographies/2010_block_groups.shp, study_areas/definitions/max_county_17143_march_2020.shp, 1167.3652671522018, 0.17424917743250035, 0.00014926705662365885
census_geographies/2010_block_groups.shp, study_areas/definitions/max_county_17167_march_2020.shp, 1167.3652671522018, 0.23873467812800042, 0.00020450726507427778
census_geographies/2010_block_groups.shp, study_areas/definitions/max_county_17183_march_2020.shp, 1167.3652671522018, 0.24684559774949957, 0.00021145532139368997
census_geographies/2010_block_groups.shp, study_areas/definitions/max_county_17199_march_2020.shp, 1167.3652671522018, 0.11762445190600009, 0.00010076062327342153
census_geographies/2010_block_groups.shp, study_areas/definitions/max_county_17201_march_2020.shp, 1167.3652671522018, 0.14690734547550047, 0.00012584522566264308
census_geographies/2010_block_groups.shp, study_areas/definitions/max_county_18003_march_2020.shp, 1167.3652671522018, 0.1832043683995, 0.00015693834102707948
census_geographies/2010_block_groups.shp, study_areas/definitions/max_county_18005_march_2020.shp, 1167.3652671522018, 0.11060971153799971, 9.475158688576808e-05
census_geographies/2010_block_groups.shp, study_areas/definitions/max_county_18035_march_2020.shp, 1167.3652671522018, 0.10850233225250025, 9.29463427648423e-05
census_geographies/2010_block_groups.shp, study_areas/definitions/max_county_18039_march_2020.shp, 1167.3652671522018, 0.13089496588799984, 0.00011212854242898566
census_geographies/2010_block_groups.shp, study_areas/definitions/max_county_18067_march_2020.shp, 1167.3652671522018, 0.08085330683357474, 6.926136069716818e-05
census_geographies/2010_block_groups.shp, study_areas/definitions/max_county_18091_march_2020.shp, 1167.3652671522018, 0.17140714443799962, 0.0001468324861644624
census_geographies/2010_block_groups.shp, study_areas/definitions/max_county_18097_march_2020.shp, 1167.3652671522018, 0.1097401741634997, 9.400671516569261e-05
census_geographies/2010_block_groups.shp, study_areas/definitions/max_county_18105_march_2020.shp, 1167.3652671522018, 0.11102477182399963, 9.51071399398798e-05
census_geographies/2010_block_groups.shp, study_areas/definitions/max_county_18141_march_2020.shp, 1167.3652671522018, 0.12909116092749967, 0.00011058334915379035
census_geographies/2010_block_groups.shp, study_areas/definitions/max_county_18157_march_2020.shp, 1167.3652671522018, 0.1382423769919996, 0.00011842255451821273
census_geographies/2010_block_groups.shp, study_areas/definitions/max_county_18163_march_2020.shp, 1167.3652671522018, 0.06280567791200005, 5.380122201615187e-05
census_geographies/2010_block_groups.shp, study_areas/definitions/max_county_18167_march_2020.shp, 1167.3652671522018, 0.11121055925300014, 9.526629100786878e-05
census_geographies/2010_block_groups.shp, study_areas/definitions/max_county_19013_march_2020.shp, 1167.3652671522018, 0.16236469574100046, 0.00013908645417992486
census_geographies/2010_block_groups.shp, study_areas/definitions/max_county_19061_march_2020.shp, 1167.3652671522018, 0.17482258544700036, 0.00014975825507767732
census_geographies/2010_block_groups.shp, study_areas/definitions/max_county_19103_march_2020.shp, 1167.3652671522018, 0.17449760445499962, 0.00014947986664078856
census_geographies/2010_block_groups.shp, study_areas/definitions/max_county_19113_march_2020.shp, 1167.3652671522018, 0.20415762570149953, 0.00017488752787680922
census_geographies/2010_block_groups.shp, study_areas/definitions/max_county_19153_march_2020.shp, 1167.3652671522018, 0.16567982484649943, 0.0001419262929165923
census_geographies/2010_block_groups.shp, study_areas/definitions/max_county_19163_march_2020.shp, 1167.3652671522018, 0.13104154836649964, 0.00011225410936388119
census_geographies/2010_block_groups.shp, study_areas/definitions/max_county_19169_march_2020.shp, 1167.3652671522018, 0.16154096340299975, 0.00013838082042399668
census_geographies/2010_block_groups.shp, study_areas/definitions/max_county_19193_march_2020.shp, 1167.3652671522018, 0.2485497770049996, 0.00021291517231049632
census_geographies/2010_block_groups.shp, study_areas/definitions/max_county_20045_march_2020.shp, 1167.3652671522018, 0.12762345850650003, 0.00010932607136568199
census_geographies/2010_block_groups.shp, study_areas/definitions/max_county_20161_march_2020.shp, 1167.3652671522018, 0.1681995778614998, 0.00014408478870698646
census_geographies/2010_block_groups.shp, study_areas/definitions/max_county_20173_march_2020.shp, 1167.3652671522018, 0.2669639085989997, 0.00022868926814163367
census_geographies/2010_block_groups.shp, study_areas/definitions/max_county_20177_march_2020.shp, 1167.3652671522018, 0.14975347580800075, 0.0001282833060241082
census_geographies/2010_block_groups.shp, study_areas/definitions/max_county_21059_march_2020.shp, 1167.3652671522018, 0.12615668821950002, 0.00010806959207143486
census_geographies/2010_block_groups.shp, study_areas/definitions/max_county_21067_march_2020.shp, 1167.3652671522018, 0.07590368337499984, 6.502136521516317e-05
census_geographies/2010_block_groups.shp, study_areas/definitions/max_county_21093_march_2020.shp, 1167.3652671522018, 0.16673221502550006, 0.00014282780181754492
census_geographies/2010_block_groups.shp, study_areas/definitions/max_county_21111_march_2020.shp, 1167.3652671522018, 0.10591663278850029, 9.073135527398796e-05
census_geographies/2010_block_groups.shp, study_areas/definitions/max_county_21227_march_2020.shp, 1167.3652671522018, 0.14355389497650062, 0.0001229725596742326
census_geographies/2010_block_groups.shp, study_areas/definitions/max_county_22017_march_2020.shp, 1167.3652671522018, 0.23302612656200086, 0.0001996171490783431
census_geographies/2010_block_groups.shp, study_areas/definitions/max_county_22019_march_2020.shp, 1167.3652671522018, 0.26558397879699935, 0.00022750717900395812
census_geographies/2010_block_groups.shp, study_areas/definitions/max_county_22033_march_2020.shp, 1167.3652671522018, 0.11448171179399995, 9.806845810418802e-05
census_geographies/2010_block_groups.shp, study_areas/definitions/max_county_22051_march_2020.shp, 1167.3652671522018, 0.16066977286599898, 0.00013763453255548227
census_geographies/2010_block_groups.shp, study_areas/definitions/max_county_22055_march_2020.shp, 1167.3652671522018, 0.06532310341599987, 5.5957723991014546e-05
census_geographies/2010_block_groups.shp, study_areas/definitions/max_county_22073_march_2020.shp, 1167.3652671522018, 0.15696645413350024, 0.000134462158974818
census_geographies/2010_block_groups.shp, study_areas/definitions/max_county_22079_march_2020.shp, 1167.3652671522018, 0.3337511506085001, 0.00028590121703953817
census_geographies/2010_block_groups.shp, study_areas/definitions/max_county_22105_march_2020.shp, 1167.3652671522018, 0.20062778105850002, 0.00017186375738926455
census_geographies/2010_block_groups.shp, study_areas/definitions/max_county_22109_march_2020.shp, 1167.3652671522018, 0.5009360053934994, 0.000429116763612076
census_geographies/2010_block_groups.shp, study_areas/definitions/max_county_23001_march_2020.shp, 1167.3652671522018, 0.14487445653349953, 0.00012410379219772582
census_geographies/2010_block_groups.shp, study_areas/definitions/max_county_23005_march_2020.shp, 1167.3652671522018, 0.3526874445639993, 0.00030212261276574
census_geographies/2010_block_groups.shp, study_areas/definitions/max_county_23019_march_2020.shp, 1167.3652671522018, 1.058752085311999, 0.0009069587001631754
census_geographies/2010_block_groups.shp, study_areas/definitions/max_county_24001_march_2020.shp, 1167.3652671522018, 0.11680425431550027, 0.0001000580174879156
census_geographies/2010_block_groups.shp, study_areas/definitions/max_county_24005_march_2020.shp, 1167.3652671522018, 0.18475261894049974, 0.0001582646187437163
census_geographies/2010_block_groups.shp, study_areas/definitions/max_county_24037_march_2020.shp, 1167.3652671522018, 0.20362567146099989, 0.00017443183996534913
census_geographies/2010_block_groups.shp, study_areas/definitions/max_county_24043_march_2020.shp, 1167.3652671522018, 0.12693628648500016, 0.00010873741926095024
census_geographies/2010_block_groups.shp, study_areas/definitions/max_county_25001_march_2020.shp, 1167.3652671522018, 0.3661536736650003, 0.00031365818734545314
census_geographies/2010_block_groups.shp, study_areas/definitions/max_county_25003_march_2020.shp, 1167.3652671522018, 0.2679110034099996, 0.00022950057788130956
census_geographies/2010_block_groups.shp, study_areas/definitions/max_county_25013_march_2020.shp, 1167.3652671522018, 0.17888081017249957, 0.0001532346517460477
census_geographies/2010_block_groups.shp, study_areas/definitions/max_county_25017_march_2020.shp, 1167.3652671522018, 0.24021492354199972, 0.0002057752875653104
census_geographies/2010_block_groups.shp, study_areas/definitions/max_county_25027_march_2020.shp, 1167.3652671522018, 0.44689661446600115, 0.0003828250051984239
census_geographies/2010_block_groups.shp, study_areas/definitions/max_county_26017_march_2020.shp, 1167.3652671522018, 0.18245614396800025, 0.00015629738960205975
census_geographies/2010_block_groups.shp, study_areas/definitions/max_county_26021_march_2020.shp, 1167.3652671522018, 0.44506060811850057, 0.00038125222725208363
census_geographies/2010_block_groups.shp, study_areas/definitions/max_county_26025_march_2020.shp, 1167.3652671522018, 0.20295285300500002, 0.00017385548355409387
census_geographies/2010_block_groups.shp, study_areas/definitions/max_county_26049_march_2020.shp, 1167.3652671522018, 0.18579151985800008, 0.00015915457233984712
census_geographies/2010_block_groups.shp, study_areas/definitions/max_county_26065_march_2020.shp, 1167.3652671522018, 0.15929058649749978, 0.0001364530802651775
census_geographies/2010_block_groups.shp, study_areas/definitions/max_county_26075_march_2020.shp, 1167.3652671522018, 0.20441215897399992, 0.00017510556869030825
census_geographies/2010_block_groups.shp, study_areas/definitions/max_county_26077_march_2020.shp, 1167.3652671522018, 0.16394584377400018, 0.0001404409128720675
census_geographies/2010_block_groups.shp, study_areas/definitions/max_county_26081_march_2020.shp, 1167.3652671522018, 0.24943104058849944, 0.0002136700890518944
census_geographies/2010_block_groups.shp, study_areas/definitions/max_county_26111_march_2020.shp, 1167.3652671522018, 0.15257568668400034, 0.0001307008962637805
census_geographies/2010_block_groups.shp, study_areas/definitions/max_county_26115_march_2020.shp, 1167.3652671522018, 0.19115643955450046, 0.00016375032299943988
census_geographies/2010_block_groups.shp, study_areas/definitions/max_county_26121_march_2020.shp, 1167.3652671522018, 0.41940839761300014, 0.00035927777655759
census_geographies/2010_block_groups.shp, study_areas/definitions/max_county_26145_march_2020.shp, 1167.3652671522018, 0.23456160454949965, 0.00020093248544366478
census_geographies/2010_block_groups.shp, study_areas/definitions/max_county_26161_march_2020.shp, 1167.3652671522018, 0.20412300627300042, 0.00017485787183900062
census_geographies/2010_block_groups.shp, study_areas/definitions/max_county_26163_march_2020.shp, 1167.3652671522018, 0.19016261755399896, 0.00016289898535177633
census_geographies/2010_block_groups.shp, study_areas/definitions/max_county_27013_march_2020.shp, 1167.3652671522018, 0.22262626348549955, 0.00019070831534040612
census_geographies/2010_block_groups.shp, study_areas/definitions/max_county_27053_march_2020.shp, 1167.3652671522018, 0.1792976900170005, 0.00015359176348838855
census_geographies/2010_block_groups.shp, study_areas/definitions/max_county_27109_march_2020.shp, 1167.3652671522018, 0.1903108107800005, 0.00016302593210115415
census_geographies/2010_block_groups.shp, study_areas/definitions/max_county_27137_march_2020.shp, 1167.3652671522018, 2.1245519238470028, 0.00181995471651291
census_geographies/2010_block_groups.shp, study_areas/definitions/max_county_27145_march_2020.shp, 1167.3652671522018, 0.41480649445099904, 0.00035533564868083086
census_geographies/2010_block_groups.shp, study_areas/definitions/max_county_28035_march_2020.shp, 1167.3652671522018, 0.1152456055235, 9.872283231849334e-05
census_geographies/2010_block_groups.shp, study_areas/definitions/max_county_28047_march_2020.shp, 1167.3652671522018, 0.23736884322599985, 0.00020333725004947534
census_geographies/2010_block_groups.shp, study_areas/definitions/max_county_28049_march_2020.shp, 1167.3652671522018, 0.2174743934440007, 0.00018629506938692075
census_geographies/2010_block_groups.shp, study_areas/definitions/max_county_29019_march_2020.shp, 1167.3652671522018, 0.1860693947514995, 0.0001593926082839671
census_geographies/2010_block_groups.shp, study_areas/definitions/max_county_29021_march_2020.shp, 1167.3652671522018, 0.11271619482450031, 9.655606346715497e-05
census_geographies/2010_block_groups.shp, study_areas/definitions/max_county_29031_march_2020.shp, 1167.3652671522018, 0.1544989416444996, 0.0001323484139813421
census_geographies/2010_block_groups.shp, study_areas/definitions/max_county_29051_march_2020.shp, 1167.3652671522018, 0.10751092957549988, 9.209707758204402e-05
census_geographies/2010_block_groups.shp, study_areas/definitions/max_county_29077_march_2020.shp, 1167.3652671522018, 0.17832996223049977, 0.00015276277892483246
census_geographies/2010_block_groups.shp, study_areas/definitions/max_county_29095_march_2020.shp, 1167.3652671522018, 0.165985656088, 0.0001421882771044949
census_geographies/2010_block_groups.shp, study_areas/definitions/max_county_29097_march_2020.shp, 1167.3652671522018, 0.16858142854050034, 0.0001444118934185495
census_geographies/2010_block_groups.shp, study_areas/definitions/max_county_29189_march_2020.shp, 1167.3652671522018, 0.1401604570549997, 0.00012006563926381191
census_geographies/2010_block_groups.shp, study_areas/definitions/max_county_30013_march_2020.shp, 1167.3652671522018, 0.8353499855379982, 0.0007155857802552598
census_geographies/2010_block_groups.shp, study_areas/definitions/max_county_30063_march_2020.shp, 1167.3652671522018, 0.8025849880924998, 0.0006875183035472807
census_geographies/2010_block_groups.shp, study_areas/definitions/max_county_30111_march_2020.shp, 1167.3652671522018, 0.7959719640135001, 0.0006818533893468332
census_geographies/2010_block_groups.shp, study_areas/definitions/max_county_31055_march_2020.shp, 1167.3652671522018, 0.09448367414850001, 8.093754097977729e-05
census_geographies/2010_block_groups.shp, study_areas/definitions/max_county_31079_march_2020.shp, 1167.3652671522018, 0.1527617636105002, 0.00013086029532398538
census_geographies/2010_block_groups.shp, study_areas/definitions/max_county_31109_march_2020.shp, 1167.3652671522018, 0.23386159679200075, 0.00020033283786360053
census_geographies/2010_block_groups.shp, study_areas/definitions/max_county_32003_march_2020.shp, 1167.3652671522018, 2.0925129411620014, 0.0017925091657615493
census_geographies/2010_block_groups.shp, study_areas/definitions/max_county_32031_march_2020.shp, 1167.3652671522018, 1.8046456604100019, 0.0015459134438807242
census_geographies/2010_block_groups.shp, study_areas/definitions/max_county_32510_march_2020.shp, 1167.3652671522018, 0.042437875567499624, 3.635355339209912e-05
census_geographies/2010_block_groups.shp, study_areas/definitions/max_county_33011_march_2020.shp, 1167.3652671522018, 0.25475189935999987, 0.00021822809580541097
census_geographies/2010_block_groups.shp, study_areas/definitions/max_county_34001_march_2020.shp, 1167.3652671522018, 0.18212836665649934, 0.00015601660575425817
census_geographies/2010_block_groups.shp, study_areas/definitions/max_county_34009_march_2020.shp, 1167.3652671522018, 0.16728718067050002, 0.00014330320198629743
census_geographies/2010_block_groups.shp, study_areas/definitions/max_county_34011_march_2020.shp, 1167.3652671522018, 0.18333586942950097, 0.0001570509887421531
census_geographies/2010_block_groups.shp, study_areas/definitions/max_county_34021_march_2020.shp, 1167.3652671522018, 0.06277984360050036, 5.37790915722997e-05
census_geographies/2010_block_groups.shp, study_areas/definitions/max_county_35001_march_2020.shp, 1167.3652671522018, 0.2986770966430008, 0.00025585573346003883
census_geographies/2010_block_groups.shp, study_areas/definitions/max_county_35013_march_2020.shp, 1167.3652671522018, 0.946517725425, 0.0008108153909136244
census_geographies/2010_block_groups.shp, study_areas/definitions/max_county_35045_march_2020.shp, 1167.3652671522018, 1.4430114611704987, 0.0012361267734911612
census_geographies/2010_block_groups.shp, study_areas/definitions/max_county_35049_march_2020.shp, 1167.3652671522018, 0.49169645052499916, 0.00042120188458621624
census_geographies/2010_block_groups.shp, study_areas/definitions/max_county_36001_march_2020.shp, 1167.3652671522018, 0.1515110263665001, 0.00012978887639522856
census_geographies/2010_block_groups.shp, study_areas/definitions/max_county_36007_march_2020.shp, 1167.3652671522018, 0.20187919569350019, 0.0001729357565914106
census_geographies/2010_block_groups.shp, study_areas/definitions/max_county_36015_march_2020.shp, 1167.3652671522018, 0.11586511215100011, 9.92535202230696e-05
census_geographies/2010_block_groups.shp, study_areas/definitions/max_county_36029_march_2020.shp, 1167.3652671522018, 0.34942337301950016, 0.00029932651146279317
census_geographies/2010_block_groups.shp, study_areas/definitions/max_county_36045_march_2020.shp, 1167.3652671522018, 0.539737983498498, 0.00046235569849974525
census_geographies/2010_block_groups.shp, study_areas/definitions/max_county_36047_march_2020.shp, 1167.3652671522018, 0.026719749414000057, 2.2888936450185064e-05
census_geographies/2010_block_groups.shp, study_areas/definitions/max_county_36055_march_2020.shp, 1167.3652671522018, 0.3927117402995019, 0.0003364086214913056
census_geographies/2010_block_groups.shp, study_areas/definitions/max_county_36065_march_2020.shp, 1167.3652671522018, 0.3609880261679997, 0.0003092331392115454
census_geographies/2010_block_groups.shp, study_areas/definitions/max_county_36067_march_2020.shp, 1167.3652671522018, 0.23035995280299928, 0.00019733322489966186
census_geographies/2010_block_groups.shp, study_areas/definitions/max_county_36071_march_2020.shp, 1167.3652671522018, 0.2338800855900001, 0.0002003486759209075
census_geographies/2010_block_groups.shp, study_areas/definitions/max_county_36109_march_2020.shp, 1167.3652671522018, 0.13932557366500026, 0.00011935045318324938
census_geographies/2010_block_groups.shp, study_areas/definitions/max_county_36111_march_2020.shp, 1167.3652671522018, 0.32612563003150025, 0.0002793689680583753
census_geographies/2010_block_groups.shp, study_areas/definitions/max_county_36113_march_2020.shp, 1167.3652671522018, 0.2687917243735002, 0.00023025502979818823
census_geographies/2010_block_groups.shp, study_areas/definitions/max_county_37001_march_2020.shp, 1167.3652671522018, 0.11260826809149951, 9.646361019992347e-05
census_geographies/2010_block_groups.shp, study_areas/definitions/max_county_37021_march_2020.shp, 1167.3652671522018, 0.1700797760205001, 0.00014569542268069296
census_geographies/2010_block_groups.shp, study_areas/definitions/max_county_37035_march_2020.shp, 1167.3652671522018, 0.10658018983899993, 9.129977808831273e-05
census_geographies/2010_block_groups.shp, study_areas/definitions/max_county_37049_march_2020.shp, 1167.3652671522018, 0.19826160510050023, 0.00016983682029889514
census_geographies/2010_block_groups.shp, study_areas/definitions/max_county_37051_march_2020.shp, 1167.3652671522018, 0.16846724395449986, 0.00014431407948728613
census_geographies/2010_block_groups.shp, study_areas/definitions/max_county_37063_march_2020.shp, 1167.3652671522018, 0.07714729604750029, 6.608668102290024e-05
census_geographies/2010_block_groups.shp, study_areas/definitions/max_county_37067_march_2020.shp, 1167.3652671522018, 0.10701437808999985, 9.167171672929965e-05
census_geographies/2010_block_groups.shp, study_areas/definitions/max_county_37081_march_2020.shp, 1167.3652671522018, 0.17041779314250038, 0.00014598497825640824
census_geographies/2010_block_groups.shp, study_areas/definitions/max_county_37119_march_2020.shp, 1167.3652671522018, 0.14002523946000053, 0.00011994980782801032
census_geographies/2010_block_groups.shp, study_areas/definitions/max_county_37127_march_2020.shp, 1167.3652671522018, 0.1404565282324996, 0.0001203192626889993
census_geographies/2010_block_groups.shp, study_areas/definitions/max_county_37129_march_2020.shp, 1167.3652671522018, 0.08312601766750007, 7.12082327670128e-05
census_geographies/2010_block_groups.shp, study_areas/definitions/max_county_37133_march_2020.shp, 1167.3652671522018, 0.23087372699399986, 0.000197773339237014
census_geographies/2010_block_groups.shp, study_areas/definitions/max_county_37147_march_2020.shp, 1167.3652671522018, 0.16867349883899993, 0.00014449076358977208
census_geographies/2010_block_groups.shp, study_areas/definitions/max_county_37183_march_2020.shp, 1167.3652671522018, 0.22136930894400034, 0.00018963157048867215
census_geographies/2010_block_groups.shp, study_areas/definitions/max_county_37191_march_2020.shp, 1167.3652671522018, 0.14303520374799972, 0.00012252823325550484
census_geographies/2010_block_groups.shp, study_areas/definitions/max_county_38015_march_2020.shp, 1167.3652671522018, 0.5108200059114992, 0.00043758369405460325
census_geographies/2010_block_groups.shp, study_areas/definitions/max_county_38017_march_2020.shp, 1167.3652671522018, 0.540873466532499, 0.00046332838722533247
census_geographies/2010_block_groups.shp, study_areas/definitions/max_county_38035_march_2020.shp, 1167.3652671522018, 0.4486523231850006, 0.0003843289977947451
census_geographies/2010_block_groups.shp, study_areas/definitions/max_county_39003_march_2020.shp, 1167.3652671522018, 0.11239407060899957, 9.628012223045314e-05
census_geographies/2010_block_groups.shp, study_areas/definitions/max_county_39013_march_2020.shp, 1167.3652671522018, 0.14788666783799997, 0.0001266841424867564
census_geographies/2010_block_groups.shp, study_areas/definitions/max_county_39023_march_2020.shp, 1167.3652671522018, 0.10982158948349977, 9.407645796367622e-05
census_geographies/2010_block_groups.shp, study_areas/definitions/max_county_39035_march_2020.shp, 1167.3652671522018, 0.34859926741150016, 0.0002986205579526203
census_geographies/2010_block_groups.shp, study_areas/definitions/max_county_39049_march_2020.shp, 1167.3652671522018, 0.14839827286999943, 0.00012712239865763557
census_geographies/2010_block_groups.shp, study_areas/definitions/max_county_39061_march_2020.shp, 1167.3652671522018, 0.11143231625250036, 9.54562546856825e-05
census_geographies/2010_block_groups.shp, study_areas/definitions/max_county_39081_march_2020.shp, 1167.3652671522018, 0.11288406074749992, 9.66998624371287e-05
census_geographies/2010_block_groups.shp, study_areas/definitions/max_county_39095_march_2020.shp, 1167.3652671522018, 0.16689125807149985, 0.00014296404284721661
census_geographies/2010_block_groups.shp, study_areas/definitions/max_county_39099_march_2020.shp, 1167.3652671522018, 0.11791318219550012, 0.00010100795827440575
census_geographies/2010_block_groups.shp, study_areas/definitions/max_county_39113_march_2020.shp, 1167.3652671522018, 0.1263906301185003, 0.00010826999369857165
census_geographies/2010_block_groups.shp, study_areas/definitions/max_county_39139_march_2020.shp, 1167.3652671522018, 0.13815560714499978, 0.00011834822487226439
census_geographies/2010_block_groups.shp, study_areas/definitions/max_county_39151_march_2020.shp, 1167.3652671522018, 0.16047584341699994, 0.0001374684067896608
census_geographies/2010_block_groups.shp, study_areas/definitions/max_county_39153_march_2020.shp, 1167.3652671522018, 0.11665759213799957, 9.993238228047236e-05
census_geographies/2010_block_groups.shp, study_areas/definitions/max_county_40031_march_2020.shp, 1167.3652671522018, 0.2760286180180005, 0.00023645436932638472
census_geographies/2010_block_groups.shp, study_areas/definitions/max_county_40047_march_2020.shp, 1167.3652671522018, 0.27574160349749977, 0.00023620850410443846
census_geographies/2010_block_groups.shp, study_areas/definitions/max_county_40109_march_2020.shp, 1167.3652671522018, 0.1849472381810002, 0.00015843133540556734
census_geographies/2010_block_groups.shp, study_areas/definitions/max_county_40143_march_2020.shp, 1167.3652671522018, 0.1521994444574993, 0.0001303785959203594
census_geographies/2010_block_groups.shp, study_areas/definitions/max_county_41003_march_2020.shp, 1167.3652671522018, 0.1988527839680005, 0.00017034324179706294
census_geographies/2010_block_groups.shp, study_areas/definitions/max_county_41017_march_2020.shp, 1167.3652671522018, 0.8865352232289997, 0.0007594325856479442
census_geographies/2010_block_groups.shp, study_areas/definitions/max_county_41029_march_2020.shp, 1167.3652671522018, 0.7938486417419996, 0.0006800344879872953
census_geographies/2010_block_groups.shp, study_areas/definitions/max_county_41033_march_2020.shp, 1167.3652671522018, 0.46473104173000135, 0.00039810250896338295
census_geographies/2010_block_groups.shp, study_areas/definitions/max_county_41039_march_2020.shp, 1167.3652671522018, 1.3709393564535, 0.0011743876531446914
census_geographies/2010_block_groups.shp, study_areas/definitions/max_county_41043_march_2020.shp, 1167.3652671522018, 0.6765582464645006, 0.0005795600276124118
census_geographies/2010_block_groups.shp, study_areas/definitions/max_county_41047_march_2020.shp, 1167.3652671522018, 0.3518942421299996, 0.00030144313183863076
census_geographies/2010_block_groups.shp, study_areas/definitions/max_county_41051_march_2020.shp, 1167.3652671522018, 0.1389379102175003, 0.00011901836908034843
census_geographies/2010_block_groups.shp, study_areas/definitions/max_county_42001_march_2020.shp, 1167.3652671522018, 0.14226700416950042, 0.0001218701705221726
census_geographies/2010_block_groups.shp, study_areas/definitions/max_county_42003_march_2020.shp, 1167.3652671522018, 0.20476269400499994, 0.00017540584748124328
census_geographies/2010_block_groups.shp, study_areas/definitions/max_county_42011_march_2020.shp, 1167.3652671522018, 0.23792198036100054, 0.0002038110838618776
census_geographies/2010_block_groups.shp, study_areas/definitions/max_county_42013_march_2020.shp, 1167.3652671522018, 0.14498322434950028, 0.00012419696596180919
census_geographies/2010_block_groups.shp, study_areas/definitions/max_county_42021_march_2020.shp, 1167.3652671522018, 0.1908410548040003, 0.00016348015499001336
census_geographies/2010_block_groups.shp, study_areas/definitions/max_county_42027_march_2020.shp, 1167.3652671522018, 0.3081439393115004, 0.00026396531401282855
census_geographies/2010_block_groups.shp, study_areas/definitions/max_county_42037_march_2020.shp, 1167.3652671522018, 0.1359692192675002, 0.0001164752996285373
census_geographies/2010_block_groups.shp, study_areas/definitions/max_county_42043_march_2020.shp, 1167.3652671522018, 0.15339346513399948, 0.00013140142974118481
census_geographies/2010_block_groups.shp, study_areas/definitions/max_county_42049_march_2020.shp, 1167.3652671522018, 0.4393552350514999, 0.00037636483405345013
census_geographies/2010_block_groups.shp, study_areas/definitions/max_county_42055_march_2020.shp, 1167.3652671522018, 0.21088175676600004, 0.00018064761964389092
census_geographies/2010_block_groups.shp, study_areas/definitions/max_county_42071_march_2020.shp, 1167.3652671522018, 0.2688982367919997, 0.00023034627152132033
census_geographies/2010_block_groups.shp, study_areas/definitions/max_county_42075_march_2020.shp, 1167.3652671522018, 0.0995480865715, 8.527586812167922e-05
census_geographies/2010_block_groups.shp, study_areas/definitions/max_county_42077_march_2020.shp, 1167.3652671522018, 0.0959774358799997, 8.221714195261054e-05
census_geographies/2010_block_groups.shp, study_areas/definitions/max_county_42079_march_2020.shp, 1167.3652671522018, 0.2518803959914994, 0.00021576828014248183
census_geographies/2010_block_groups.shp, study_areas/definitions/max_county_42081_march_2020.shp, 1167.3652671522018, 0.34657087854600027, 0.0002968829793878167
census_geographies/2010_block_groups.shp, study_areas/definitions/max_county_42089_march_2020.shp, 1167.3652671522018, 0.17122129677600006, 0.00014667328349908507
census_geographies/2010_block_groups.shp, study_areas/definitions/max_county_42101_march_2020.shp, 1167.3652671522018, 0.03898588397800009, 3.33964741585181e-05
census_geographies/2010_block_groups.shp, study_areas/definitions/max_county_42133_march_2020.shp, 1167.3652671522018, 0.24848466552099957, 0.00021285939586602586
census_geographies/2010_block_groups.shp, study_areas/definitions/max_county_44007_march_2020.shp, 1167.3652671522018, 0.12236924380000001, 0.00010482515391135535
census_geographies/2010_block_groups.shp, study_areas/definitions/max_county_45013_march_2020.shp, 1167.3652671522018, 0.2291276025055005, 0.00019627755677917278
census_geographies/2010_block_groups.shp, study_areas/definitions/max_county_45019_march_2020.shp, 1167.3652671522018, 0.3386977735345006, 0.0002901386421756036
census_geographies/2010_block_groups.shp, study_areas/definitions/max_county_45041_march_2020.shp, 1167.3652671522018, 0.2031932408769998, 0.00017406140699448045
census_geographies/2010_block_groups.shp, study_areas/definitions/max_county_45045_march_2020.shp, 1167.3652671522018, 0.20302015536700077, 0.00017391313677018186
census_geographies/2010_block_groups.shp, study_areas/definitions/max_county_45051_march_2020.shp, 1167.3652671522018, 0.31684438583600116, 0.000271418376708214
census_geographies/2010_block_groups.shp, study_areas/definitions/max_county_45079_march_2020.shp, 1167.3652671522018, 0.19509385863449955, 0.00016712323393896478
census_geographies/2010_block_groups.shp, study_areas/definitions/max_county_45083_march_2020.shp, 1167.3652671522018, 0.2093384641224997, 0.00017932558901052694
census_geographies/2010_block_groups.shp, study_areas/definitions/max_county_45085_march_2020.shp, 1167.3652671522018, 0.17222542134750018, 0.00014753344663718295
census_geographies/2010_block_groups.shp, study_areas/definitions/max_county_46099_march_2020.shp, 1167.3652671522018, 0.23525664811599994, 0.0002015278805492566
census_geographies/2010_block_groups.shp, study_areas/definitions/max_county_46103_march_2020.shp, 1167.3652671522018, 0.8092278238489995, 0.0006932087553222464
census_geographies/2010_block_groups.shp, study_areas/definitions/max_county_47011_march_2020.shp, 1167.3652671522018, 0.0849210567295, 7.274591691139286e-05
census_geographies/2010_block_groups.shp, study_areas/definitions/max_county_47037_march_2020.shp, 1167.3652671522018, 0.13644669468250004, 0.00011688431934878703
census_geographies/2010_block_groups.shp, study_areas/definitions/max_county_47063_march_2020.shp, 1167.3652671522018, 0.04563633791550012, 3.909345189516421e-05
census_geographies/2010_block_groups.shp, study_areas/definitions/max_county_47065_march_2020.shp, 1167.3652671522018, 0.14759497336549984, 0.00012643426827796506
census_geographies/2010_block_groups.shp, study_areas/definitions/max_county_47093_march_2020.shp, 1167.3652671522018, 0.13612641717100007, 0.00011660996005396126
census_geographies/2010_block_groups.shp, study_areas/definitions/max_county_47113_march_2020.shp, 1167.3652671522018, 0.14391991727100037, 0.00012328610531825597
census_geographies/2010_block_groups.shp, study_areas/definitions/max_county_47125_march_2020.shp, 1167.3652671522018, 0.14167064898399992, 0.00012135931483519872
census_geographies/2010_block_groups.shp, study_areas/definitions/max_county_47157_march_2020.shp, 1167.3652671522018, 0.20120372258700017, 0.00017235712612714482
census_geographies/2010_block_groups.shp, study_areas/definitions/max_county_47163_march_2020.shp, 1167.3652671522018, 0.11196378695699978, 9.591152838574378e-05
census_geographies/2010_block_groups.shp, study_areas/definitions/max_county_47179_march_2020.shp, 1167.3652671522018, 0.08569342447800013, 7.340755022380444e-05
census_geographies/2010_block_groups.shp, study_areas/definitions/max_county_48027_march_2020.shp, 1167.3652671522018, 0.2661925043049999, 0.00022802846015316093
census_geographies/2010_block_groups.shp, study_areas/definitions/max_county_48029_march_2020.shp, 1167.3652671522018, 0.30253198735599945, 0.000259157948132232
census_geographies/2010_block_groups.shp, study_areas/definitions/max_county_48037_march_2020.shp, 1167.3652671522018, 0.23179972244400043, 0.0001985665746330435
census_geographies/2010_block_groups.shp, study_areas/definitions/max_county_48041_march_2020.shp, 1167.3652671522018, 0.1441194229315003, 0.00012345700783361572
census_geographies/2010_block_groups.shp, study_areas/definitions/max_county_48061_march_2020.shp, 1167.3652671522018, 0.29843515426150113, 0.00025564847838032426
census_geographies/2010_block_groups.shp, study_areas/definitions/max_county_48113_march_2020.shp, 1167.3652671522018, 0.22647120539249996, 0.00019400200756784422
census_geographies/2010_block_groups.shp, study_areas/definitions/max_county_48135_march_2020.shp, 1167.3652671522018, 0.22259089115250005, 0.00019067801434208555
census_geographies/2010_block_groups.shp, study_areas/definitions/max_county_48141_march_2020.shp, 1167.3652671522018, 0.2502635510505007, 0.000214383242411367
census_geographies/2010_block_groups.shp, study_areas/definitions/max_county_48181_march_2020.shp, 1167.3652671522018, 0.24642280190649962, 0.00021109314183010626
census_geographies/2010_block_groups.shp, study_areas/definitions/max_county_48183_march_2020.shp, 1167.3652671522018, 0.06851840627099998, 5.8694915977885186e-05
census_geographies/2010_block_groups.shp, study_areas/definitions/max_county_48201_march_2020.shp, 1167.3652671522018, 0.42981693250199904, 0.00036819403882945855
census_geographies/2010_block_groups.shp, study_areas/definitions/max_county_48215_march_2020.shp, 1167.3652671522018, 0.37085130664900046, 0.0003176823202507092
census_geographies/2010_block_groups.shp, study_areas/definitions/max_county_48245_march_2020.shp, 1167.3652671522018, 0.2690473076869993, 0.00023047397010821015
census_geographies/2010_block_groups.shp, study_areas/definitions/max_county_48303_march_2020.shp, 1167.3652671522018, 0.22663020687100005, 0.00019413821298955254
census_geographies/2010_block_groups.shp, study_areas/definitions/max_county_48309_march_2020.shp, 1167.3652671522018, 0.2608303922775001, 0.00022343511462680248
census_geographies/2010_block_groups.shp, study_areas/definitions/max_county_48329_march_2020.shp, 1167.3652671522018, 0.22266046138100037, 0.0001907376102804417
census_geographies/2010_block_groups.shp, study_areas/definitions/max_county_48355_march_2020.shp, 1167.3652671522018, 0.27630254927399905, 0.00023668902703267988
census_geographies/2010_block_groups.shp, study_areas/definitions/max_county_48381_march_2020.shp, 1167.3652671522018, 0.23580277139350028, 0.000201995706081562
census_geographies/2010_block_groups.shp, study_areas/definitions/max_county_48423_march_2020.shp, 1167.3652671522018, 0.23570567505500026, 0.0002019125304541623
census_geographies/2010_block_groups.shp, study_areas/definitions/max_county_48441_march_2020.shp, 1167.3652671522018, 0.22797477603000219, 0.0001952900111429122
census_geographies/2010_block_groups.shp, study_areas/definitions/max_county_48451_march_2020.shp, 1167.3652671522018, 0.3784074795700002, 0.000324155163955776
census_geographies/2010_block_groups.shp, study_areas/definitions/max_county_48453_march_2020.shp, 1167.3652671522018, 0.24855015927650026, 0.0002129154997756963
census_geographies/2010_block_groups.shp, study_areas/definitions/max_county_48469_march_2020.shp, 1167.3652671522018, 0.21275192972650037, 0.00018224966573274074
census_geographies/2010_block_groups.shp, study_areas/definitions/max_county_48479_march_2020.shp, 1167.3652671522018, 0.800333635728002, 0.000685589727781111
census_geographies/2010_block_groups.shp, study_areas/definitions/max_county_48485_march_2020.shp, 1167.3652671522018, 0.15999336866049965, 0.0001370551044839675
census_geographies/2010_block_groups.shp, study_areas/definitions/max_county_49005_march_2020.shp, 1167.3652671522018, 0.3287331283794999, 0.00028160262912519865
census_geographies/2010_block_groups.shp, study_areas/definitions/max_county_49011_march_2020.shp, 1167.3652671522018, 0.17570844000999955, 0.00015051710458941604
census_geographies/2010_block_groups.shp, study_areas/definitions/max_county_49035_march_2020.shp, 1167.3652671522018, 0.2226971315019997, 0.00019076902300277563
census_geographies/2010_block_groups.shp, study_areas/definitions/max_county_49049_march_2020.shp, 1167.3652671522018, 0.5866987550099998, 0.0005025836998228128
census_geographies/2010_block_groups.shp, study_areas/definitions/max_county_49053_march_2020.shp, 1167.3652671522018, 0.6394106643105004, 0.0005477382977740537
census_geographies/2010_block_groups.shp, study_areas/definitions/max_county_50007_march_2020.shp, 1167.3652671522018, 0.1813776484340004, 0.00015537351807328722
census_geographies/2010_block_groups.shp, study_areas/definitions/max_county_51003_march_2020.shp, 1167.3652671522018, 0.19296334374699994, 0.0001652981711694539
census_geographies/2010_block_groups.shp, study_areas/definitions/max_county_51015_march_2020.shp, 1167.3652671522018, 0.25849571600349963, 0.00022143516110780158
census_geographies/2010_block_groups.shp, study_areas/definitions/max_county_51019_march_2020.shp, 1167.3652671522018, 0.20433599765850005, 0.00017504032662971
census_geographies/2010_block_groups.shp, study_areas/definitions/max_county_51041_march_2020.shp, 1167.3652671522018, 0.11513088408249975, 9.862455850118154e-05
census_geographies/2010_block_groups.shp, study_areas/definitions/max_county_51059_march_2020.shp, 1167.3652671522018, 0.10915870726000015, 9.350861322634159e-05
census_geographies/2010_block_groups.shp, study_areas/definitions/max_county_51069_march_2020.shp, 1167.3652671522018, 0.11222319301200023, 9.61337433704617e-05
census_geographies/2010_block_groups.shp, study_areas/definitions/max_county_51121_march_2020.shp, 1167.3652671522018, 0.10229191348900027, 8.762631231828777e-05
census_geographies/2010_block_groups.shp, study_areas/definitions/max_county_51165_march_2020.shp, 1167.3652671522018, 0.22828400481849967, 0.00019555490577118212
census_geographies/2010_block_groups.shp, study_areas/definitions/max_county_51770_march_2020.shp, 1167.3652671522018, 0.011289457370000028, 9.670886814664927e-06
census_geographies/2010_block_groups.shp, study_areas/definitions/max_county_51810_march_2020.shp, 1167.3652671522018, 0.13002279487900026, 0.0001113814146588343
census_geographies/2010_block_groups.shp, study_areas/definitions/max_county_53005_march_2020.shp, 1167.3652671522018, 0.5317042884224998, 0.0004554737950355481
census_geographies/2010_block_groups.shp, study_areas/definitions/max_county_53007_march_2020.shp, 1167.3652671522018, 0.9321932742095003, 0.000798544637603956
census_geographies/2010_block_groups.shp, study_areas/definitions/max_county_53015_march_2020.shp, 1167.3652671522018, 0.35201958522200033, 0.00030155050447984916
census_geographies/2010_block_groups.shp, study_areas/definitions/max_county_53033_march_2020.shp, 1167.3652671522018, 0.7131354131354992, 0.0006108931224887301
census_geographies/2010_block_groups.shp, study_areas/definitions/max_county_53035_march_2020.shp, 1167.3652671522018, 0.1754378003025002, 0.000150285266522005
census_geographies/2010_block_groups.shp, study_areas/definitions/max_county_53057_march_2020.shp, 1167.3652671522018, 0.6049462040960005, 0.0005182150104326577
census_geographies/2010_block_groups.shp, study_areas/definitions/max_county_53063_march_2020.shp, 1167.3652671522018, 0.5518299884389992, 0.0004727140715649297
census_geographies/2010_block_groups.shp, study_areas/definitions/max_county_53067_march_2020.shp, 1167.3652671522018, 0.23663072796199972, 0.00020270495843966862
census_geographies/2010_block_groups.shp, study_areas/definitions/max_county_53071_march_2020.shp, 1167.3652671522018, 0.3923678531675005, 0.0003361140374894702
census_geographies/2010_block_groups.shp, study_areas/definitions/max_county_53073_march_2020.shp, 1167.3652671522018, 0.7941252868595022, 0.0006802714704685176
census_geographies/2010_block_groups.shp, study_areas/definitions/max_county_53077_march_2020.shp, 1167.3652671522018, 1.3076204010135053, 0.0011201467422475718
census_geographies/2010_block_groups.shp, study_areas/definitions/max_county_54011_march_2020.shp, 1167.3652671522018, 0.07695167799050015, 6.591910874496418e-05
census_geographies/2010_block_groups.shp, study_areas/definitions/max_county_54039_march_2020.shp, 1167.3652671522018, 0.24310129593049878, 0.00020824784047545513
census_geographies/2010_block_groups.shp, study_areas/definitions/max_county_54061_march_2020.shp, 1167.3652671522018, 0.09941512345100016, 8.516196793615785e-05
census_geographies/2010_block_groups.shp, study_areas/definitions/max_county_54081_march_2020.shp, 1167.3652671522018, 0.16138866283799985, 0.00013825035520519552
census_geographies/2010_block_groups.shp, study_areas/definitions/max_county_54107_march_2020.shp, 1167.3652671522018, 0.10176924385600021, 8.717857787928469e-05
census_geographies/2010_block_groups.shp, study_areas/definitions/max_county_55009_march_2020.shp, 1167.3652671522018, 0.1803667859474995, 0.0001545075830356902
census_geographies/2010_block_groups.shp, study_areas/definitions/max_county_55025_march_2020.shp, 1167.3652671522018, 0.3544164341765001, 0.00030360371697635155
census_geographies/2010_block_groups.shp, study_areas/definitions/max_county_55035_march_2020.shp, 1167.3652671522018, 0.18983136465650008, 0.00016261522421306523
census_geographies/2010_block_groups.shp, study_areas/definitions/max_county_55039_march_2020.shp, 1167.3652671522018, 0.2216639886304997, 0.00018988400192105338
census_geographies/2010_block_groups.shp, study_areas/definitions/max_county_55063_march_2020.shp, 1167.3652671522018, 0.1392609368420002, 0.0001192950833475871
census_geographies/2010_block_groups.shp, study_areas/definitions/max_county_55073_march_2020.shp, 1167.3652671522018, 0.46511344922200043, 0.00039843009065761305
census_geographies/2010_block_groups.shp, study_areas/definitions/max_county_55079_march_2020.shp, 1167.3652671522018, 0.34019216095599947, 0.00029141877913320256
census_geographies/2010_block_groups.shp, study_areas/definitions/max_county_55087_march_2020.shp, 1167.3652671522018, 0.18864135111950037, 0.0001615958230277766
census_geographies/2010_block_groups.shp, study_areas/definitions/max_county_55101_march_2020.shp, 1167.3652671522018, 0.22558139974600094, 0.0001932397734398153
census_geographies/2010_block_groups.shp, study_areas/definitions/max_county_55105_march_2020.shp, 1167.3652671522018, 0.20651889823049996, 0.0001769102645432519
census_geographies/2010_block_groups.shp, study_areas/definitions/max_county_55117_march_2020.shp, 1167.3652671522018, 0.3677398623589992, 0.00031501696401855774
census_geographies/2010_block_groups.shp, study_areas/definitions/max_county_55139_march_2020.shp, 1167.3652671522018, 0.1683386505090007, 0.00014420392249605334
census_geographies/2010_block_groups.shp, study_areas/definitions/max_county_56021_march_2020.shp, 1167.3652671522018, 0.7484289797895015, 0.0006411266472021228
census_geographies/2010_block_groups.shp, study_areas/definitions/max_county_56025_march_2020.shp, 1167.3652671522018, 1.5360723497964996, 0.0013158455138414064
census_geographies/2010_block_groups.shp, study_areas/definitions/max_county_72005_march_2020.shp, 1167.3652671522018, 0.016744263975999957, 1.4343637289164635e-05
census_geographies/2010_block_groups.shp, study_areas/definitions/max_county_72013_march_2020.shp, 1167.3652671522018, 0.03791844443299965, 3.248207352057171e-05
census_geographies/2010_block_groups.shp, study_areas/definitions/max_county_72023_march_2020.shp, 1167.3652671522018, 0.03920573478349983, 3.358480493354284e-05
census_geographies/2010_block_groups.shp, study_areas/definitions/max_county_72057_march_2020.shp, 1167.3652671522018, 0.023598756091499945, 2.0215400231214112e-05
census_geographies/2010_block_groups.shp, study_areas/definitions/max_county_72097_march_2020.shp, 1167.3652671522018, 0.060623188052500276, 5.193163593122065e-05
census_geographies/2010_block_groups.shp, study_areas/definitions/max_county_72113_march_2020.shp, 1167.3652671522018, 0.04277956102150019, 3.664625137071392e-05
census_geographies/2010_block_groups.shp, study_areas/definitions/max_county_72127_march_2020.shp, 1167.3652671522018, 0.01704415661849985, 1.4600534295558772e-05
census_geographies/2010_block_groups.shp, study_areas/definitions/max_county_72153_march_2020.shp, 1167.3652671522018, 0.015212955133500025, 1.3031872338134719e-05
census_geographies/2000_block_groups.shp, study_areas/definitions/max_county_01003_march_2020.shp, 1167.365267152196, 0.49418136730199824, 0.0004233305386133002
census_geographies/2000_block_groups.shp, study_areas/definitions/max_county_01015_march_2020.shp, 1167.365267152196, 0.15434327198850026, 0.00013221506269843272
census_geographies/2000_block_groups.shp, study_areas/definitions/max_county_01055_march_2020.shp, 1167.365267152196, 0.1387347353279998, 0.00011884432339369246
census_geographies/2000_block_groups.shp, study_areas/definitions/max_county_01069_march_2020.shp, 1167.365267152196, 0.14250580604400034, 0.0001220747353496693
census_geographies/2000_block_groups.shp, study_areas/definitions/max_county_01073_march_2020.shp, 1167.365267152196, 0.2825878577509995, 0.0002420732102475316
census_geographies/2000_block_groups.shp, study_areas/definitions/max_county_01077_march_2020.shp, 1167.365267152196, 0.1841654197430002, 0.00015776160634989108
census_geographies/2000_block_groups.shp, study_areas/definitions/max_county_01081_march_2020.shp, 1167.365267152196, 0.15317315361200048, 0.00013121270430262888
census_geographies/2000_block_groups.shp, study_areas/definitions/max_county_01089_march_2020.shp, 1167.365267152196, 0.2072427812569996, 0.00017753036439277593
census_geographies/2000_block_groups.shp, study_areas/definitions/max_county_01097_march_2020.shp, 1167.365267152196, 0.40084499013250036, 0.0003433758065377149
census_geographies/2000_block_groups.shp, study_areas/definitions/max_county_01101_march_2020.shp, 1167.365267152196, 0.19819292998800006, 0.0001697779911436756
census_geographies/2000_block_groups.shp, study_areas/definitions/max_county_01103_march_2020.shp, 1167.365267152196, 0.1522088875674999, 0.0001303866851707997
census_geographies/2000_block_groups.shp, study_areas/definitions/max_county_01125_march_2020.shp, 1167.365267152196, 0.3387655899839992, 0.0002901967357744184
census_geographies/2000_block_groups.shp, study_areas/definitions/max_county_02020_march_2020.shp, 1167.365267152196, 0.8463470898194989, 0.000725006228670975
census_geographies/2000_block_groups.shp, study_areas/definitions/max_county_02090_march_2020.shp, 1167.365267152196, 3.639519627317002, 0.0031177213591386532
census_geographies/2000_block_groups.shp, study_areas/definitions/max_county_04003_march_2020.shp, 1167.365267152196, 1.5352511285124997, 0.0013151420311294394
census_geographies/2000_block_groups.shp, study_areas/definitions/max_county_04005_march_2020.shp, 1167.365267152196, 4.8217564614225195, 0.00413046078815182
census_geographies/2000_block_groups.shp, study_areas/definitions/max_county_04013_march_2020.shp, 1167.365267152196, 2.314256797592496, 0.001982461584828678
census_geographies/2000_block_groups.shp, study_areas/definitions/max_county_04015_march_2020.shp, 1167.365267152196, 3.472310335421014, 0.002974484879006006
census_geographies/2000_block_groups.shp, study_areas/definitions/max_county_04019_march_2020.shp, 1167.365267152196, 2.2737938223505068, 0.0019477997901183564
census_geographies/2000_block_groups.shp, study_areas/definitions/max_county_04025_march_2020.shp, 1167.365267152196, 2.0687009963284937, 0.0017721111416781473
census_geographies/2000_block_groups.shp, study_areas/definitions/max_county_04027_march_2020.shp, 1167.365267152196, 1.3756983260089994, 0.0011784643287914799
census_geographies/2000_block_groups.shp, study_areas/definitions/max_county_05007_march_2020.shp, 1167.365267152196, 0.2288661409064999, 0.00019605358095399055
census_geographies/2000_block_groups.shp, study_areas/definitions/max_county_05031_march_2020.shp, 1167.365267152196, 0.18411277895899975, 0.00015771651267999898
census_geographies/2000_block_groups.shp, study_areas/definitions/max_county_05051_march_2020.shp, 1167.365267152196, 0.1869260504429994, 0.00016012644516913554
census_geographies/2000_block_groups.shp, study_areas/definitions/max_county_05069_march_2020.shp, 1167.365267152196, 0.23166920188000018, 0.00019845476681446968
census_geographies/2000_block_groups.shp, study_areas/definitions/max_county_05119_march_2020.shp, 1167.365267152196, 0.20598064250700035, 0.00017644917859299772
census_geographies/2000_block_groups.shp, study_areas/definitions/max_county_05131_march_2020.shp, 1167.365267152196, 0.1396824245665, 0.00011965614233774253
census_geographies/2000_block_groups.shp, study_areas/definitions/max_county_06001_march_2020.shp, 1167.365267152196, 0.21717707509450063, 0.0001860403775969
census_geographies/2000_block_groups.shp, study_areas/definitions/max_county_06007_march_2020.shp, 1167.365267152196, 0.45594205885200106, 0.00039057360337975286
census_geographies/2000_block_groups.shp, study_areas/definitions/max_county_06019_march_2020.shp, 1167.365267152196, 1.5728936064120025, 0.0013473877034641422
census_geographies/2000_block_groups.shp, study_areas/definitions/max_county_06025_march_2020.shp, 1167.365267152196, 1.120447944696499, 0.0009598092184375567
census_geographies/2000_block_groups.shp, study_areas/definitions/max_county_06029_march_2020.shp, 1167.365267152196, 2.095853340535492, 0.00179537065176554
census_geographies/2000_block_groups.shp, study_areas/definitions/max_county_06031_march_2020.shp, 1167.365267152196, 0.3606027577890001, 0.0003089031067959522
census_geographies/2000_block_groups.shp, study_areas/definitions/max_county_06037_march_2020.shp, 1167.365267152196, 1.2040007598459994, 0.0010313830586917976
census_geographies/2000_block_groups.shp, study_areas/definitions/max_county_06039_march_2020.shp, 1167.365267152196, 0.5661764051234975, 0.00048500364115226145
census_geographies/2000_block_groups.shp, study_areas/definitions/max_county_06047_march_2020.shp, 1167.365267152196, 0.518331878301499, 0.00044401858859993053
census_geographies/2000_block_groups.shp, study_areas/definitions/max_county_06053_march_2020.shp, 1167.365267152196, 0.9792525148325032, 0.0008388569905128353
census_geographies/2000_block_groups.shp, study_areas/definitions/max_county_06055_march_2020.shp, 1167.365267152196, 0.21093969181100009, 0.0001806972485360905
census_geographies/2000_block_groups.shp, study_areas/definitions/max_county_06065_march_2020.shp, 1167.365267152196, 1.8403759944914964, 0.0015765211166348296
census_geographies/2000_block_groups.shp, study_areas/definitions/max_county_06067_march_2020.shp, 1167.365267152196, 0.2656375292274995, 0.00022755305190424755
census_geographies/2000_block_groups.shp, study_areas/definitions/max_county_06073_march_2020.shp, 1167.365267152196, 1.1312895593419954, 0.0009690964697808699
census_geographies/2000_block_groups.shp, study_areas/definitions/max_county_06077_march_2020.shp, 1167.365267152196, 0.37859889817349973, 0.00032431913885625277
census_geographies/2000_block_groups.shp, study_areas/definitions/max_county_06079_march_2020.shp, 1167.365267152196, 0.9290500107789991, 0.0007958520241444476
census_geographies/2000_block_groups.shp, study_areas/definitions/max_county_06083_march_2020.shp, 1167.365267152196, 0.9636482194430004, 0.0008254898844076745
census_geographies/2000_block_groups.shp, study_areas/definitions/max_county_06085_march_2020.shp, 1167.365267152196, 0.3429213205874989, 0.00029375665889397264
census_geographies/2000_block_groups.shp, study_areas/definitions/max_county_06087_march_2020.shp, 1167.365267152196, 0.15923584064050011, 0.00013640618332679897
census_geographies/2000_block_groups.shp, study_areas/definitions/max_county_06089_march_2020.shp, 1167.365267152196, 1.062748572558498, 0.0009103822106606683
census_geographies/2000_block_groups.shp, study_areas/definitions/max_county_06095_march_2020.shp, 1167.365267152196, 0.24161124505800047, 0.0002069714183354234
census_geographies/2000_block_groups.shp, study_areas/definitions/max_county_06097_march_2020.shp, 1167.365267152196, 0.4730346333889998, 0.0004052156139123228
census_geographies/2000_block_groups.shp, study_areas/definitions/max_county_06099_march_2020.shp, 1167.365267152196, 0.40001610356099926, 0.00034266575751122364
census_geographies/2000_block_groups.shp, study_areas/definitions/max_county_06101_march_2020.shp, 1167.365267152196, 0.16395519017449958, 0.0001404489192782569
census_geographies/2000_block_groups.shp, study_areas/definitions/max_county_06107_march_2020.shp, 1167.365267152196, 1.256094713293, 0.0010760082971778496
census_geographies/2000_block_groups.shp, study_areas/definitions/max_county_06111_march_2020.shp, 1167.365267152196, 0.5604290466799987, 0.0004800802820244714
census_geographies/2000_block_groups.shp, study_areas/definitions/max_county_08013_march_2020.shp, 1167.365267152196, 0.20376485469350022, 0.00017455106848483461
census_geographies/2000_block_groups.shp, study_areas/definitions/max_county_08031_march_2020.shp, 1167.365267152196, 0.04210518752100043, 3.6068562861833837e-05
census_geographies/2000_block_groups.shp, study_areas/definitions/max_county_08041_march_2020.shp, 1167.365267152196, 0.5721962037725, 0.0004901603807079001
census_geographies/2000_block_groups.shp, study_areas/definitions/max_county_08069_march_2020.shp, 1167.365267152196, 0.7265148856935014, 0.0006223543788191031
census_geographies/2000_block_groups.shp, study_areas/definitions/max_county_08077_march_2020.shp, 1167.365267152196, 0.9000611258905, 0.0007710192783842299
census_geographies/2000_block_groups.shp, study_areas/definitions/max_county_08101_march_2020.shp, 1167.365267152196, 0.6385022243145001, 0.0005469601009049508
census_geographies/2000_block_groups.shp, study_areas/definitions/max_county_08123_march_2020.shp, 1167.365267152196, 1.1074212158574996, 0.0009486501329263198
census_geographies/2000_block_groups.shp, study_areas/definitions/max_county_09001_march_2020.shp, 1167.365267152196, 0.23280972331800043, 0.00019943177158760514
census_geographies/2000_block_groups.shp, study_areas/definitions/max_county_09003_march_2020.shp, 1167.365267152196, 0.21063428409950033, 0.00018043562715665303
census_geographies/2000_block_groups.shp, study_areas/definitions/max_county_09009_march_2020.shp, 1167.365267152196, 0.24021202462749955, 0.0002057728042684533
census_geographies/2000_block_groups.shp, study_areas/definitions/max_county_09011_march_2020.shp, 1167.365267152196, 0.2154215822644995, 0.00018453656993755132
census_geographies/2000_block_groups.shp, study_areas/definitions/max_county_10001_march_2020.shp, 1167.365267152196, 0.2152928533734999, 0.0001844262969196521
census_geographies/2000_block_groups.shp, study_areas/definitions/max_county_10005_march_2020.shp, 1167.365267152196, 0.32080107072099945, 0.0002748077913124811
census_geographies/2000_block_groups.shp, study_areas/definitions/max_county_12001_march_2020.shp, 1167.365267152196, 0.2338513201910007, 0.0002003240346198446
census_geographies/2000_block_groups.shp, study_areas/definitions/max_county_12005_march_2020.shp, 1167.365267152196, 0.2507709813155007, 0.00021481792235198156
census_geographies/2000_block_groups.shp, study_areas/definitions/max_county_12009_march_2020.shp, 1167.365267152196, 0.3709921420274991, 0.0003178029640478679
census_geographies/2000_block_groups.shp, study_areas/definitions/max_county_12015_march_2020.shp, 1167.365267152196, 0.20195794911400003, 0.00017300321912667427
census_geographies/2000_block_groups.shp, study_areas/definitions/max_county_12017_march_2020.shp, 1167.365267152196, 0.18518161196999997, 0.0001586321070025949
census_geographies/2000_block_groups.shp, study_areas/definitions/max_county_12021_march_2020.shp, 1167.365267152196, 0.5394744908864991, 0.0004621299828480889
census_geographies/2000_block_groups.shp, study_areas/definitions/max_county_12031_march_2020.shp, 1167.365267152196, 0.22314974226049988, 0.0001911567429146464
census_geographies/2000_block_groups.shp, study_areas/definitions/max_county_12033_march_2020.shp, 1167.365267152196, 0.21311779900349995, 0.00018256308029739808
census_geographies/2000_block_groups.shp, study_areas/definitions/max_county_12055_march_2020.shp, 1167.365267152196, 0.2612583393435009, 0.00022380170688206637
census_geographies/2000_block_groups.shp, study_areas/definitions/max_county_12057_march_2020.shp, 1167.365267152196, 0.3043269847364999, 0.0002606955965709943
census_geographies/2000_block_groups.shp, study_areas/definitions/max_county_12061_march_2020.shp, 1167.365267152196, 0.1461785619624992, 0.0001252209279098254
census_geographies/2000_block_groups.shp, study_areas/definitions/max_county_12071_march_2020.shp, 1167.365267152196, 0.2844731587085002, 0.00024368821543104194
census_geographies/2000_block_groups.shp, study_areas/definitions/max_county_12073_march_2020.shp, 1167.365267152196, 0.17071713550300005, 0.00014624140387478453
census_geographies/2000_block_groups.shp, study_areas/definitions/max_county_12083_march_2020.shp, 1167.365267152196, 0.3995257892679994, 0.0003422457396241094
census_geographies/2000_block_groups.shp, study_areas/definitions/max_county_12086_march_2020.shp, 1167.365267152196, 0.5658689601900005, 0.00048474027462753436
census_geographies/2000_block_groups.shp, study_areas/definitions/max_county_12091_march_2020.shp, 1167.365267152196, 0.2637799805839995, 0.0002259618201828931
census_geographies/2000_block_groups.shp, study_areas/definitions/max_county_12095_march_2020.shp, 1167.365267152196, 0.2397655436425001, 0.00020539033530388607
census_geographies/2000_block_groups.shp, study_areas/definitions/max_county_12105_march_2020.shp, 1167.365267152196, 0.477492267073499, 0.0004090341562400157
census_geographies/2000_block_groups.shp, study_areas/definitions/max_county_12111_march_2020.shp, 1167.365267152196, 0.16259266455100108, 0.00013928173908038925
census_geographies/2000_block_groups.shp, study_areas/definitions/max_county_12115_march_2020.shp, 1167.365267152196, 0.17109064511849964, 0.00014656136338189816
census_geographies/2000_block_groups.shp, study_areas/definitions/max_county_12119_march_2020.shp, 1167.365267152196, 0.13866399450399985, 0.00011878372468822258
census_geographies/2000_block_groups.shp, study_areas/definitions/max_county_12127_march_2020.shp, 1167.365267152196, 0.34373456103700073, 0.0002944533049844339
census_geographies/2000_block_groups.shp, study_areas/definitions/max_county_13021_march_2020.shp, 1167.365267152196, 0.06368254708800032, 5.455237437666343e-05
census_geographies/2000_block_groups.shp, study_areas/definitions/max_county_13051_march_2020.shp, 1167.365267152196, 0.15624122250599945, 0.00013384090387334556
census_geographies/2000_block_groups.shp, study_areas/definitions/max_county_13059_march_2020.shp, 1167.365267152196, 0.03060245726350009, 2.621498011342689e-05
census_geographies/2000_block_groups.shp, study_areas/definitions/max_county_13095_march_2020.shp, 1167.365267152196, 0.08230661384699982, 7.050630694862797e-05
census_geographies/2000_block_groups.shp, study_areas/definitions/max_county_13115_march_2020.shp, 1167.365267152196, 0.13146550654049965, 0.00011261728461496168
census_geographies/2000_block_groups.shp, study_areas/definitions/max_county_13121_march_2020.shp, 1167.365267152196, 0.13472759134399961, 0.00011541168401615156
census_geographies/2000_block_groups.shp, study_areas/definitions/max_county_13127_march_2020.shp, 1167.365267152196, 0.1434691081280002, 0.00012289992872410458
census_geographies/2000_block_groups.shp, study_areas/definitions/max_county_13139_march_2020.shp, 1167.365267152196, 0.10886447060049995, 9.325656130413778e-05
census_geographies/2000_block_groups.shp, study_areas/definitions/max_county_13153_march_2020.shp, 1167.365267152196, 0.0943761562634998, 8.084543794397083e-05
census_geographies/2000_block_groups.shp, study_areas/definitions/max_county_13179_march_2020.shp, 1167.365267152196, 0.14862880163100034, 0.00012731987648868668
census_geographies/2000_block_groups.shp, study_areas/definitions/max_county_13185_march_2020.shp, 1167.365267152196, 0.124672353103, 0.00010679806621893072
census_geographies/2000_block_groups.shp, study_areas/definitions/max_county_13215_march_2020.shp, 1167.365267152196, 0.054930711230500195, 4.705529004174026e-05
census_geographies/2000_block_groups.shp, study_areas/definitions/max_county_13245_march_2020.shp, 1167.365267152196, 0.08240870050400009, 7.059375743209944e-05
census_geographies/2000_block_groups.shp, study_areas/definitions/max_county_13313_march_2020.shp, 1167.365267152196, 0.07418221589799989, 6.354670469078495e-05
census_geographies/2000_block_groups.shp, study_areas/definitions/max_county_15003_march_2020.shp, 1167.365267152196, 0.4884508879750007, 0.00041842163864150544
census_geographies/2000_block_groups.shp, study_areas/definitions/max_county_15009_march_2020.shp, 1167.365267152196, 0.5391509704310007, 0.000461852845550448
census_geographies/2000_block_groups.shp, study_areas/definitions/max_county_16001_march_2020.shp, 1167.365267152196, 0.3054229189475001, 0.0002616344065920203
census_geographies/2000_block_groups.shp, study_areas/definitions/max_county_16005_march_2020.shp, 1167.365267152196, 0.3263419973349999, 0.0002795543147614078
census_geographies/2000_block_groups.shp, study_areas/definitions/max_county_16019_march_2020.shp, 1167.365267152196, 0.546808245228, 0.0004684122961461294
census_geographies/2000_block_groups.shp, study_areas/definitions/max_county_16055_march_2020.shp, 1167.365267152196, 0.40811903917850023, 0.000349606974494035
census_geographies/2000_block_groups.shp, study_areas/definitions/max_county_16069_march_2020.shp, 1167.365267152196, 0.25909112855749983, 0.0002219452093084423
census_geographies/2000_block_groups.shp, study_areas/definitions/max_county_16083_march_2020.shp, 1167.365267152196, 0.5457323837519986, 0.00046749068103021463
census_geographies/2000_block_groups.shp, study_areas/definitions/max_county_17019_march_2020.shp, 1167.365267152196, 0.2732731433775002, 0.0002340939473419094
census_geographies/2000_block_groups.shp, study_areas/definitions/max_county_17031_march_2020.shp, 1167.365267152196, 0.45935622792449965, 0.0003934982827141205
census_geographies/2000_block_groups.shp, study_areas/definitions/max_county_17091_march_2020.shp, 1167.365267152196, 0.1892602367965004, 0.00016212597900758466
census_geographies/2000_block_groups.shp, study_areas/definitions/max_county_17113_march_2020.shp, 1167.365267152196, 0.3263603633489992, 0.00027957004763826826
census_geographies/2000_block_groups.shp, study_areas/definitions/max_county_17115_march_2020.shp, 1167.365267152196, 0.159711695806, 0.00013681381509287056
census_geographies/2000_block_groups.shp, study_areas/definitions/max_county_17143_march_2020.shp, 1167.365267152196, 0.17424917743250035, 0.00014926705662365958
census_geographies/2000_block_groups.shp, study_areas/definitions/max_county_17167_march_2020.shp, 1167.365267152196, 0.2387354359480003, 0.00020450791424555465
census_geographies/2000_block_groups.shp, study_areas/definitions/max_county_17183_march_2020.shp, 1167.365267152196, 0.24684423387149923, 0.00021145415305500668
census_geographies/2000_block_groups.shp, study_areas/definitions/max_county_17199_march_2020.shp, 1167.365267152196, 0.11762656293349993, 0.00010076243164271247
census_geographies/2000_block_groups.shp, study_areas/definitions/max_county_17201_march_2020.shp, 1167.365267152196, 0.1469103180145007, 0.00012584777202845042
census_geographies/2000_block_groups.shp, study_areas/definitions/max_county_18003_march_2020.shp, 1167.365267152196, 0.18320487073049999, 0.00015693877133883796
census_geographies/2000_block_groups.shp, study_areas/definitions/max_county_18005_march_2020.shp, 1167.365267152196, 0.11060971153799971, 9.475158688576854e-05
census_geographies/2000_block_groups.shp, study_areas/definitions/max_county_18035_march_2020.shp, 1167.365267152196, 0.10850233225250025, 9.294634276484275e-05
census_geographies/2000_block_groups.shp, study_areas/definitions/max_county_18039_march_2020.shp, 1167.365267152196, 0.13085712507249994, 0.00011209612685473136
census_geographies/2000_block_groups.shp, study_areas/definitions/max_county_18067_march_2020.shp, 1167.365267152196, 0.08085330683357461, 6.926136069716841e-05
census_geographies/2000_block_groups.shp, study_areas/definitions/max_county_18091_march_2020.shp, 1167.365267152196, 0.17141116175599955, 0.00014683592751920697
census_geographies/2000_block_groups.shp, study_areas/definitions/max_county_18097_march_2020.shp, 1167.365267152196, 0.10974008194250003, 9.400663616642671e-05
census_geographies/2000_block_groups.shp, study_areas/definitions/max_county_18105_march_2020.shp, 1167.365267152196, 0.1110216629554996, 9.510447679014684e-05
census_geographies/2000_block_groups.shp, study_areas/definitions/max_county_18141_march_2020.shp, 1167.365267152196, 0.12909116092749967, 0.00011058334915379088
census_geographies/2000_block_groups.shp, study_areas/definitions/max_county_18157_march_2020.shp, 1167.365267152196, 0.1382423131084999, 0.00011842249979369693
census_geographies/2000_block_groups.shp, study_areas/definitions/max_county_18163_march_2020.shp, 1167.365267152196, 0.06280187336350006, 5.3797962926125176e-05
census_geographies/2000_block_groups.shp, study_areas/definitions/max_county_18167_march_2020.shp, 1167.365267152196, 0.11121084206000015, 9.526653326880331e-05
census_geographies/2000_block_groups.shp, study_areas/definitions/max_county_19013_march_2020.shp, 1167.365267152196, 0.16236613292700047, 0.0001390876853164348
census_geographies/2000_block_groups.shp, study_areas/definitions/max_county_19061_march_2020.shp, 1167.365267152196, 0.17482258544700036, 0.00014975825507767805
census_geographies/2000_block_groups.shp, study_areas/definitions/max_county_19103_march_2020.shp, 1167.365267152196, 0.17449740775250044, 0.00014947969813954574
census_geographies/2000_block_groups.shp, study_areas/definitions/max_county_19113_march_2020.shp, 1167.365267152196, 0.20415762570149953, 0.00017488752787681006
census_geographies/2000_block_groups.shp, study_areas/definitions/max_county_19153_march_2020.shp, 1167.365267152196, 0.16567982484649943, 0.000141926292916593
census_geographies/2000_block_groups.shp, study_areas/definitions/max_county_19163_march_2020.shp, 1167.365267152196, 0.13104154836649987, 0.00011225410936388192
census_geographies/2000_block_groups.shp, study_areas/definitions/max_county_19169_march_2020.shp, 1167.365267152196, 0.16154111780099978, 0.00013838095268594173
census_geographies/2000_block_groups.shp, study_areas/definitions/max_county_19193_march_2020.shp, 1167.365267152196, 0.2485497770049996, 0.00021291517231049735
census_geographies/2000_block_groups.shp, study_areas/definitions/max_county_20045_march_2020.shp, 1167.365267152196, 0.12762315331700003, 0.00010932580993122957
census_geographies/2000_block_groups.shp, study_areas/definitions/max_county_20161_march_2020.shp, 1167.365267152196, 0.16819574363549944, 0.00014408150419432583
census_geographies/2000_block_groups.shp, study_areas/definitions/max_county_20173_march_2020.shp, 1167.365267152196, 0.26696308949849984, 0.00022868856647564992
census_geographies/2000_block_groups.shp, study_areas/definitions/max_county_20177_march_2020.shp, 1167.365267152196, 0.14974435506850026, 0.0001282754929258806
census_geographies/2000_block_groups.shp, study_areas/definitions/max_county_21059_march_2020.shp, 1167.365267152196, 0.12615668821950002, 0.00010806959207143537
census_geographies/2000_block_groups.shp, study_areas/definitions/max_county_21067_march_2020.shp, 1167.365267152196, 0.07590295628249968, 6.502074236598285e-05
census_geographies/2000_block_groups.shp, study_areas/definitions/max_county_21093_march_2020.shp, 1167.365267152196, 0.16673221502550006, 0.00014282780181754562
census_geographies/2000_block_groups.shp, study_areas/definitions/max_county_21111_march_2020.shp, 1167.365267152196, 0.10591640248600029, 9.073115798997929e-05
census_geographies/2000_block_groups.shp, study_areas/definitions/max_county_21227_march_2020.shp, 1167.365267152196, 0.14355389497650067, 0.00012297255967423326
census_geographies/2000_block_groups.shp, study_areas/definitions/max_county_22017_march_2020.shp, 1167.365267152196, 0.23308963378950084, 0.00019967155126871837
census_geographies/2000_block_groups.shp, study_areas/definitions/max_county_22019_march_2020.shp, 1167.365267152196, 0.2655799065724993, 0.00022750369061466528
census_geographies/2000_block_groups.shp, study_areas/definitions/max_county_22033_march_2020.shp, 1167.365267152196, 0.11448135094599997, 9.80681489909999e-05
census_geographies/2000_block_groups.shp, study_areas/definitions/max_county_22051_march_2020.shp, 1167.365267152196, 0.160673916462999, 0.00013763808208459488
census_geographies/2000_block_groups.shp, study_areas/definitions/max_county_22055_march_2020.shp, 1167.365267152196, 0.06558864995850003, 5.6185199100967306e-05
census_geographies/2000_block_groups.shp, study_areas/definitions/max_county_22073_march_2020.shp, 1167.365267152196, 0.1571921961365003, 0.000134655536325809
census_geographies/2000_block_groups.shp, study_areas/definitions/max_county_22079_march_2020.shp, 1167.365267152196, 0.33375145127749845, 0.00028590147460159557
census_geographies/2000_block_groups.shp, study_areas/definitions/max_county_22105_march_2020.shp, 1167.365267152196, 0.20063764361600003, 0.00017187220595097743
census_geographies/2000_block_groups.shp, study_areas/definitions/max_county_22109_march_2020.shp, 1167.365267152196, 0.5009368374194987, 0.00042911747635043237
census_geographies/2000_block_groups.shp, study_areas/definitions/max_county_23001_march_2020.shp, 1167.365267152196, 0.1448797138589995, 0.00012410829577997947
census_geographies/2000_block_groups.shp, study_areas/definitions/max_county_23005_march_2020.shp, 1167.365267152196, 0.3526647244494994, 0.000302103150036175
census_geographies/2000_block_groups.shp, study_areas/definitions/max_county_23019_march_2020.shp, 1167.365267152196, 1.0588527612895, 0.0009070449422164034
census_geographies/2000_block_groups.shp, study_areas/definitions/max_county_24001_march_2020.shp, 1167.365267152196, 0.11680425431550027, 0.00010005801748791609
census_geographies/2000_block_groups.shp, study_areas/definitions/max_county_24005_march_2020.shp, 1167.365267152196, 0.1847514106529999, 0.0001582635836885087
census_geographies/2000_block_groups.shp, study_areas/definitions/max_county_24037_march_2020.shp, 1167.365267152196, 0.20362567146099958, 0.0001744318399653497
census_geographies/2000_block_groups.shp, study_areas/definitions/max_county_24043_march_2020.shp, 1167.365267152196, 0.12693604801850017, 0.00010873721498341512
census_geographies/2000_block_groups.shp, study_areas/definitions/max_county_25001_march_2020.shp, 1167.365267152196, 0.3661536736650004, 0.00031365818734545477
census_geographies/2000_block_groups.shp, study_areas/definitions/max_county_25003_march_2020.shp, 1167.365267152196, 0.2678863686544994, 0.0002294794750130025
census_geographies/2000_block_groups.shp, study_areas/definitions/max_county_25013_march_2020.shp, 1167.365267152196, 0.17885513736449957, 0.00015321265965092414
census_geographies/2000_block_groups.shp, study_areas/definitions/max_county_25017_march_2020.shp, 1167.365267152196, 0.2402454480565006, 0.00020580143577732336
census_geographies/2000_block_groups.shp, study_areas/definitions/max_county_25027_march_2020.shp, 1167.365267152196, 0.4468887855105009, 0.0003828182986810052
census_geographies/2000_block_groups.shp, study_areas/definitions/max_county_26017_march_2020.shp, 1167.365267152196, 0.18245614396800025, 0.0001562973896020605
census_geographies/2000_block_groups.shp, study_areas/definitions/max_county_26021_march_2020.shp, 1167.365267152196, 0.44506060811850057, 0.0003812522272520855
census_geographies/2000_block_groups.shp, study_areas/definitions/max_county_26025_march_2020.shp, 1167.365267152196, 0.20294719872300002, 0.00017385063992703204
census_geographies/2000_block_groups.shp, study_areas/definitions/max_county_26049_march_2020.shp, 1167.365267152196, 0.1857916202690001, 0.0001591546583549135
census_geographies/2000_block_groups.shp, study_areas/definitions/max_county_26065_march_2020.shp, 1167.365267152196, 0.15929058649749978, 0.00013645308026517816
census_geographies/2000_block_groups.shp, study_areas/definitions/max_county_26075_march_2020.shp, 1167.365267152196, 0.2044113848884999, 0.00017510490558551937
census_geographies/2000_block_groups.shp, study_areas/definitions/max_county_26077_march_2020.shp, 1167.365267152196, 0.16394574190850017, 0.0001404408256110344
census_geographies/2000_block_groups.shp, study_areas/definitions/max_county_26081_march_2020.shp, 1167.365267152196, 0.24943122745349944, 0.00021367024912604296
census_geographies/2000_block_groups.shp, study_areas/definitions/max_county_26111_march_2020.shp, 1167.365267152196, 0.15257568668400034, 0.00013070089626378113
census_geographies/2000_block_groups.shp, study_areas/definitions/max_county_26115_march_2020.shp, 1167.365267152196, 0.19115651003300047, 0.00016375038337343155
census_geographies/2000_block_groups.shp, study_areas/definitions/max_county_26121_march_2020.shp, 1167.365267152196, 0.41940748951549994, 0.0003592769986541148
census_geographies/2000_block_groups.shp, study_areas/definitions/max_county_26145_march_2020.shp, 1167.365267152196, 0.23456160454949965, 0.00020093248544366578
census_geographies/2000_block_groups.shp, study_areas/definitions/max_county_26161_march_2020.shp, 1167.365267152196, 0.2041229435895001, 0.00017485781814244043
census_geographies/2000_block_groups.shp, study_areas/definitions/max_county_26163_march_2020.shp, 1167.365267152196, 0.19015940709799975, 0.00016289623517915373
census_geographies/2000_block_groups.shp, study_areas/definitions/max_county_27013_march_2020.shp, 1167.365267152196, 0.22262626348549955, 0.00019070831534040707
census_geographies/2000_block_groups.shp, study_areas/definitions/max_county_27053_march_2020.shp, 1167.365267152196, 0.1792976900170005, 0.0001535917634883893
census_geographies/2000_block_groups.shp, study_areas/definitions/max_county_27109_march_2020.shp, 1167.365267152196, 0.19030913548850018, 0.00016302449699635315
census_geographies/2000_block_groups.shp, study_areas/definitions/max_county_27137_march_2020.shp, 1167.365267152196, 2.1245534350060025, 0.001819956011016912
census_geographies/2000_block_groups.shp, study_areas/definitions/max_county_27145_march_2020.shp, 1167.365267152196, 0.41480649445099904, 0.0003553356486808326
census_geographies/2000_block_groups.shp, study_areas/definitions/max_county_28035_march_2020.shp, 1167.365267152196, 0.11524624345949999, 9.872337879355004e-05
census_geographies/2000_block_groups.shp, study_areas/definitions/max_county_28047_march_2020.shp, 1167.365267152196, 0.2373756054995, 0.0002033430428151945
census_geographies/2000_block_groups.shp, study_areas/definitions/max_county_28049_march_2020.shp, 1167.365267152196, 0.21746977831200004, 0.00018629111592682605
census_geographies/2000_block_groups.shp, study_areas/definitions/max_county_29019_march_2020.shp, 1167.365267152196, 0.18607103312349949, 0.0001593940117624215
census_geographies/2000_block_groups.shp, study_areas/definitions/max_county_29021_march_2020.shp, 1167.365267152196, 0.11271079845200029, 9.65514407730837e-05
census_geographies/2000_block_groups.shp, study_areas/definitions/max_county_29031_march_2020.shp, 1167.365267152196, 0.15449793941649959, 0.00013234755544286447
census_geographies/2000_block_groups.shp, study_areas/definitions/max_county_29051_march_2020.shp, 1167.365267152196, 0.10671322942249996, 9.141374377432727e-05
census_geographies/2000_block_groups.shp, study_areas/definitions/max_county_29077_march_2020.shp, 1167.365267152196, 0.17832598538949998, 0.0001527593722438982
census_geographies/2000_block_groups.shp, study_areas/definitions/max_county_29095_march_2020.shp, 1167.365267152196, 0.16598565608799998, 0.0001421882771044956
census_geographies/2000_block_groups.shp, study_areas/definitions/max_county_29097_march_2020.shp, 1167.365267152196, 0.16858142854050034, 0.0001444118934185502
census_geographies/2000_block_groups.shp, study_areas/definitions/max_county_29189_march_2020.shp, 1167.365267152196, 0.13995812994349985, 0.00011989231980914565
census_geographies/2000_block_groups.shp, study_areas/definitions/max_county_30013_march_2020.shp, 1167.365267152196, 0.8353500981464983, 0.0007155858767190723
census_geographies/2000_block_groups.shp, study_areas/definitions/max_county_30063_march_2020.shp, 1167.365267152196, 0.8025840925714997, 0.0006875175364172131
census_geographies/2000_block_groups.shp, study_areas/definitions/max_county_30111_march_2020.shp, 1167.365267152196, 0.795971716705, 0.0006818531774949791
census_geographies/2000_block_groups.shp, study_areas/definitions/max_county_31055_march_2020.shp, 1167.365267152196, 0.09448432645950004, 8.093809976888886e-05
census_geographies/2000_block_groups.shp, study_areas/definitions/max_county_31079_march_2020.shp, 1167.365267152196, 0.15276206675050016, 0.00013086055500277592
census_geographies/2000_block_groups.shp, study_areas/definitions/max_county_31109_march_2020.shp, 1167.365267152196, 0.23386114524650073, 0.0002003324510562219
census_geographies/2000_block_groups.shp, study_areas/definitions/max_county_32003_march_2020.shp, 1167.365267152196, 2.1018466684824975, 0.001800504715726194
census_geographies/2000_block_groups.shp, study_areas/definitions/max_county_32031_march_2020.shp, 1167.365267152196, 1.8067680445585084, 0.0015477315416160568
census_geographies/2000_block_groups.shp, study_areas/definitions/max_county_32510_march_2020.shp, 1167.365267152196, 0.042438145167999666, 3.635378433995052e-05
census_geographies/2000_block_groups.shp, study_areas/definitions/max_county_33011_march_2020.shp, 1167.365267152196, 0.25475340848149985, 0.00021822938856402193
census_geographies/2000_block_groups.shp, study_areas/definitions/max_county_34001_march_2020.shp, 1167.365267152196, 0.1820353841429995, 0.0001559369541523857
census_geographies/2000_block_groups.shp, study_areas/definitions/max_county_34009_march_2020.shp, 1167.365267152196, 0.16728718067050002, 0.0001433032019862981
census_geographies/2000_block_groups.shp, study_areas/definitions/max_county_34011_march_2020.shp, 1167.365267152196, 0.18333607515850103, 0.000157051164975768
census_geographies/2000_block_groups.shp, study_areas/definitions/max_county_34021_march_2020.shp, 1167.365267152196, 0.06281644367950033, 5.381044429456251e-05
census_geographies/2000_block_groups.shp, study_areas/definitions/max_county_35001_march_2020.shp, 1167.365267152196, 0.2985439972169999, 0.0002557417165111501
census_geographies/2000_block_groups.shp, study_areas/definitions/max_county_35013_march_2020.shp, 1167.365267152196, 0.9465177254250017, 0.0008108153909136297
census_geographies/2000_block_groups.shp, study_areas/definitions/max_county_35045_march_2020.shp, 1167.365267152196, 1.4430114611704967, 0.0012361267734911656
census_geographies/2000_block_groups.shp, study_areas/definitions/max_county_35049_march_2020.shp, 1167.365267152196, 0.4916967219804984, 0.00042120211712311727
census_geographies/2000_block_groups.shp, study_areas/definitions/max_county_36001_march_2020.shp, 1167.365267152196, 0.15148814861749987, 0.0001297692786312354
census_geographies/2000_block_groups.shp, study_areas/definitions/max_county_36007_march_2020.shp, 1167.365267152196, 0.20188573796200018, 0.00017294136089426686
census_geographies/2000_block_groups.shp, study_areas/definitions/max_county_36015_march_2020.shp, 1167.365267152196, 0.1158654616735001, 9.925381963449669e-05
census_geographies/2000_block_groups.shp, study_areas/definitions/max_county_36029_march_2020.shp, 1167.365267152196, 0.34942337301950055, 0.00029932651146279495
census_geographies/2000_block_groups.shp, study_areas/definitions/max_county_36045_march_2020.shp, 1167.365267152196, 0.5397379834984979, 0.0004623556984997474
census_geographies/2000_block_groups.shp, study_areas/definitions/max_county_36047_march_2020.shp, 1167.365267152196, 0.026719749414000064, 2.2888936450185183e-05
census_geographies/2000_block_groups.shp, study_areas/definitions/max_county_36055_march_2020.shp, 1167.365267152196, 0.39273301442400227, 0.0003364268455425952
census_geographies/2000_block_groups.shp, study_areas/definitions/max_county_36065_march_2020.shp, 1167.365267152196, 0.3608756265654997, 0.0003091368543505332
census_geographies/2000_block_groups.shp, study_areas/definitions/max_county_36067_march_2020.shp, 1167.365267152196, 0.23035995280299928, 0.0001973332248996628
census_geographies/2000_block_groups.shp, study_areas/definitions/max_county_36071_march_2020.shp, 1167.365267152196, 0.23388183309250002, 0.00020035017288381213
census_geographies/2000_block_groups.shp, study_areas/definitions/max_county_36109_march_2020.shp, 1167.365267152196, 0.13932538921750026, 0.00011935029518000522
census_geographies/2000_block_groups.shp, study_areas/definitions/max_county_36111_march_2020.shp, 1167.365267152196, 0.3261256300314995, 0.0002793689680583761
census_geographies/2000_block_groups.shp, study_areas/definitions/max_county_36113_march_2020.shp, 1167.365267152196, 0.26879172437349996, 0.00023025502979818915
census_geographies/2000_block_groups.shp, study_areas/definitions/max_county_37001_march_2020.shp, 1167.365267152196, 0.11260527285599949, 9.646104439161671e-05
census_geographies/2000_block_groups.shp, study_areas/definitions/max_county_37021_march_2020.shp, 1167.365267152196, 0.17004517650649975, 0.0001456657837022403
census_geographies/2000_block_groups.shp, study_areas/definitions/max_county_37035_march_2020.shp, 1167.365267152196, 0.1065764450270001, 9.129657017035879e-05
census_geographies/2000_block_groups.shp, study_areas/definitions/max_county_37049_march_2020.shp, 1167.365267152196, 0.1982671641755002, 0.0001698415823687951
census_geographies/2000_block_groups.shp, study_areas/definitions/max_county_37051_march_2020.shp, 1167.365267152196, 0.16846724395449997, 0.00014431407948728694
census_geographies/2000_block_groups.shp, study_areas/definitions/max_county_37063_march_2020.shp, 1167.365267152196, 0.07714831983200018, 6.60875580273213e-05
census_geographies/2000_block_groups.shp, study_areas/definitions/max_county_37067_march_2020.shp, 1167.365267152196, 0.10701453561800012, 9.167185167249628e-05
census_geographies/2000_block_groups.shp, study_areas/definitions/max_county_37081_march_2020.shp, 1167.365267152196, 0.17041761253500004, 0.00014598482354262276
census_geographies/2000_block_groups.shp, study_areas/definitions/max_county_37119_march_2020.shp, 1167.365267152196, 0.14002724041150028, 0.00011995152190290764
census_geographies/2000_block_groups.shp, study_areas/definitions/max_county_37127_march_2020.shp, 1167.365267152196, 0.14045737666349972, 0.00012031998948036843
census_geographies/2000_block_groups.shp, study_areas/definitions/max_county_37129_march_2020.shp, 1167.365267152196, 0.08312602267850006, 7.12082370595856e-05
census_geographies/2000_block_groups.shp, study_areas/definitions/max_county_37133_march_2020.shp, 1167.365267152196, 0.23126106381750008, 0.00019810514354402943
census_geographies/2000_block_groups.shp, study_areas/definitions/max_county_37147_march_2020.shp, 1167.365267152196, 0.16867349883899993, 0.00014449076358977279
census_geographies/2000_block_groups.shp, study_areas/definitions/max_county_37183_march_2020.shp, 1167.365267152196, 0.22143788521250027, 0.00018969031497116672
census_geographies/2000_block_groups.shp, study_areas/definitions/max_county_37191_march_2020.shp, 1167.365267152196, 0.14303553536549962, 0.00012252851732897347
census_geographies/2000_block_groups.shp, study_areas/definitions/max_county_38015_march_2020.shp, 1167.365267152196, 0.5108195034749995, 0.0004375832636524734
census_geographies/2000_block_groups.shp, study_areas/definitions/max_county_38017_march_2020.shp, 1167.365267152196, 0.540873466532499, 0.0004633283872253347
census_geographies/2000_block_groups.shp, study_areas/definitions/max_county_38035_march_2020.shp, 1167.365267152196, 0.4486520871810005, 0.0003843287956266624
census_geographies/2000_block_groups.shp, study_areas/definitions/max_county_39003_march_2020.shp, 1167.365267152196, 0.11239407005799958, 9.628012175845054e-05
census_geographies/2000_block_groups.shp, study_areas/definitions/max_county_39013_march_2020.shp, 1167.365267152196, 0.14788666783799997, 0.00012668414248675702
census_geographies/2000_block_groups.shp, study_areas/definitions/max_county_39023_march_2020.shp, 1167.365267152196, 0.10958666103749982, 9.38752112308755e-05
census_geographies/2000_block_groups.shp, study_areas/definitions/max_county_39035_march_2020.shp, 1167.365267152196, 0.34859835881849854, 0.00029861977962468346
census_geographies/2000_block_groups.shp, study_areas/definitions/max_county_39049_march_2020.shp, 1167.365267152196, 0.14839831780049947, 0.00012712243714644623
census_geographies/2000_block_groups.shp, study_areas/definitions/max_county_39061_march_2020.shp, 1167.365267152196, 0.11143310070900014, 9.545692667458126e-05
census_geographies/2000_block_groups.shp, study_areas/definitions/max_county_39081_march_2020.shp, 1167.365267152196, 0.11274207165599966, 9.657823033491096e-05
census_geographies/2000_block_groups.shp, study_areas/definitions/max_county_39095_march_2020.shp, 1167.365267152196, 0.1668912580714998, 0.00014296404284721727
census_geographies/2000_block_groups.shp, study_areas/definitions/max_county_39099_march_2020.shp, 1167.365267152196, 0.11772005902450046, 0.00010084252319043224
census_geographies/2000_block_groups.shp, study_areas/definitions/max_county_39113_march_2020.shp, 1167.365267152196, 0.12638967715700009, 0.00010826917736325107
census_geographies/2000_block_groups.shp, study_areas/definitions/max_county_39139_march_2020.shp, 1167.365267152196, 0.1381555013989998, 0.00011834813428707885
census_geographies/2000_block_groups.shp, study_areas/definitions/max_county_39151_march_2020.shp, 1167.365267152196, 0.1604836196459999, 0.00013747506813998494
census_geographies/2000_block_groups.shp, study_areas/definitions/max_county_39153_march_2020.shp, 1167.365267152196, 0.11666151239599964, 9.993574049071807e-05
census_geographies/2000_block_groups.shp, study_areas/definitions/max_county_40031_march_2020.shp, 1167.365267152196, 0.27602866653950003, 0.0002364544108913535
census_geographies/2000_block_groups.shp, study_areas/definitions/max_county_40047_march_2020.shp, 1167.365267152196, 0.27573988322499976, 0.00023620703046756827
census_geographies/2000_block_groups.shp, study_areas/definitions/max_county_40109_march_2020.shp, 1167.365267152196, 0.18494677744800003, 0.0001584309407279011
census_geographies/2000_block_groups.shp, study_areas/definitions/max_county_40143_march_2020.shp, 1167.365267152196, 0.15219647717349935, 0.0001303760540561437
census_geographies/2000_block_groups.shp, study_areas/definitions/max_county_41003_march_2020.shp, 1167.365267152196, 0.19903306003850024, 0.00017049767167053392
census_geographies/2000_block_groups.shp, study_areas/definitions/max_county_41017_march_2020.shp, 1167.365267152196, 0.8865289264044999, 0.0007594271915997634
census_geographies/2000_block_groups.shp, study_areas/definitions/max_county_41029_march_2020.shp, 1167.365267152196, 0.7938558571289998, 0.0006800406689035919
census_geographies/2000_block_groups.shp, study_areas/definitions/max_county_41033_march_2020.shp, 1167.365267152196, 0.4647354677715012, 0.0003981063004429024
census_geographies/2000_block_groups.shp, study_areas/definitions/max_county_41039_march_2020.shp, 1167.365267152196, 1.370903564041, 0.001174356992293713
census_geographies/2000_block_groups.shp, study_areas/definitions/max_county_41043_march_2020.shp, 1167.365267152196, 0.6768327417395003, 0.0005797951684742541
census_geographies/2000_block_groups.shp, study_areas/definitions/max_county_41047_march_2020.shp, 1167.365267152196, 0.35163122420749954, 0.0003012178228201948
census_geographies/2000_block_groups.shp, study_areas/definitions/max_county_41051_march_2020.shp, 1167.365267152196, 0.13895438672500027, 0.00011903248334943306
census_geographies/2000_block_groups.shp, study_areas/definitions/max_county_42001_march_2020.shp, 1167.365267152196, 0.14226150518000036, 0.00012186545992331028
census_geographies/2000_block_groups.shp, study_areas/definitions/max_county_42003_march_2020.shp, 1167.365267152196, 0.2047860239284998, 0.00017542583259143744
census_geographies/2000_block_groups.shp, study_areas/definitions/max_county_42011_march_2020.shp, 1167.365267152196, 0.23792008555900063, 0.000203809460717818
census_geographies/2000_block_groups.shp, study_areas/definitions/max_county_42013_march_2020.shp, 1167.365267152196, 0.1449593141144999, 0.00012417648373942987
census_geographies/2000_block_groups.shp, study_areas/definitions/max_county_42021_march_2020.shp, 1167.365267152196, 0.19081145849850062, 0.00016345480190959238
census_geographies/2000_block_groups.shp, study_areas/definitions/max_county_42027_march_2020.shp, 1167.365267152196, 0.30832574327050033, 0.0002641210527212835
census_geographies/2000_block_groups.shp, study_areas/definitions/max_county_42037_march_2020.shp, 1167.365267152196, 0.13586259429850003, 0.00011638396149128091
census_geographies/2000_block_groups.shp, study_areas/definitions/max_county_42043_march_2020.shp, 1167.365267152196, 0.1533964272354995, 0.00013140396716591736
census_geographies/2000_block_groups.shp, study_areas/definitions/max_county_42049_march_2020.shp, 1167.365267152196, 0.4393335941090005, 0.0003763462957748957
census_geographies/2000_block_groups.shp, study_areas/definitions/max_county_42055_march_2020.shp, 1167.365267152196, 0.2109035076729998, 0.00018066625212132778
census_geographies/2000_block_groups.shp, study_areas/definitions/max_county_42071_march_2020.shp, 1167.365267152196, 0.2688739922624996, 0.0002303255029322754
census_geographies/2000_block_groups.shp, study_areas/definitions/max_county_42075_march_2020.shp, 1167.365267152196, 0.09956679749400006, 8.529189645747698e-05
census_geographies/2000_block_groups.shp, study_areas/definitions/max_county_42077_march_2020.shp, 1167.365267152196, 0.09595602264499983, 8.219879873510876e-05
census_geographies/2000_block_groups.shp, study_areas/definitions/max_county_42079_march_2020.shp, 1167.365267152196, 0.25201196925499936, 0.00021588098973493195
census_geographies/2000_block_groups.shp, study_areas/definitions/max_county_42081_march_2020.shp, 1167.365267152196, 0.3465116009620002, 0.0002968322004365609
census_geographies/2000_block_groups.shp, study_areas/definitions/max_county_42089_march_2020.shp, 1167.365267152196, 0.17112718160350002, 0.00014659266162763877
census_geographies/2000_block_groups.shp, study_areas/definitions/max_county_42101_march_2020.shp, 1167.365267152196, 0.03898573172400003, 3.339634373318839e-05
census_geographies/2000_block_groups.shp, study_areas/definitions/max_county_42133_march_2020.shp, 1167.365267152196, 0.24849201955399955, 0.00021286569555063026
census_geographies/2000_block_groups.shp, study_areas/definitions/max_county_44007_march_2020.shp, 1167.365267152196, 0.12236975420700011, 0.00010482559114125678
census_geographies/2000_block_groups.shp, study_areas/definitions/max_county_45013_march_2020.shp, 1167.365267152196, 0.2290623497565005, 0.00019622165932287955
census_geographies/2000_block_groups.shp, study_areas/definitions/max_county_45019_march_2020.shp, 1167.365267152196, 0.33876526788550015, 0.0002901964598552112
census_geographies/2000_block_groups.shp, study_areas/definitions/max_county_45041_march_2020.shp, 1167.365267152196, 0.2031941281704998, 0.00017406216707662952
census_geographies/2000_block_groups.shp, study_areas/definitions/max_county_45045_march_2020.shp, 1167.365267152196, 0.20302172823150075, 0.00017391448413295275
census_geographies/2000_block_groups.shp, study_areas/definitions/max_county_45051_march_2020.shp, 1167.365267152196, 0.3168385428475008, 0.0002714133714295208
census_geographies/2000_block_groups.shp, study_areas/definitions/max_county_45079_march_2020.shp, 1167.365267152196, 0.1951140067389991, 0.0001671404934078452
census_geographies/2000_block_groups.shp, study_areas/definitions/max_county_45083_march_2020.shp, 1167.365267152196, 0.20933844462699971, 0.00017932557231009947
census_geographies/2000_block_groups.shp, study_areas/definitions/max_county_45085_march_2020.shp, 1167.365267152196, 0.17222542101800042, 0.00014753344635492433
census_geographies/2000_block_groups.shp, study_areas/definitions/max_county_46099_march_2020.shp, 1167.365267152196, 0.2352566481159999, 0.00020152788054925754
census_geographies/2000_block_groups.shp, study_areas/definitions/max_county_46103_march_2020.shp, 1167.365267152196, 0.8092278238489995, 0.0006932087553222498
census_geographies/2000_block_groups.shp, study_areas/definitions/max_county_47011_march_2020.shp, 1167.365267152196, 0.08492692737799996, 7.275094588447058e-05
census_geographies/2000_block_groups.shp, study_areas/definitions/max_county_47037_march_2020.shp, 1167.365267152196, 0.13643802324600005, 0.0001168768911369468
census_geographies/2000_block_groups.shp, study_areas/definitions/max_county_47063_march_2020.shp, 1167.365267152196, 0.04563633791550012, 3.90934518951644e-05
census_geographies/2000_block_groups.shp, study_areas/definitions/max_county_47065_march_2020.shp, 1167.365267152196, 0.14757550052699958, 0.00012641758726213612
census_geographies/2000_block_groups.shp, study_areas/definitions/max_county_47093_march_2020.shp, 1167.365267152196, 0.1361269394030002, 0.00011661040741351143
census_geographies/2000_block_groups.shp, study_areas/definitions/max_county_47113_march_2020.shp, 1167.365267152196, 0.14392011408949992, 0.0001232862739188695
census_geographies/2000_block_groups.shp, study_areas/definitions/max_county_47125_march_2020.shp, 1167.365267152196, 0.14167081657250005, 0.00012135945839652056
census_geographies/2000_block_groups.shp, study_areas/definitions/max_county_47157_march_2020.shp, 1167.365267152196, 0.20120372258700014, 0.00017235712612714566
census_geographies/2000_block_groups.shp, study_areas/definitions/max_county_47163_march_2020.shp, 1167.365267152196, 0.11196382921199978, 9.591156458264097e-05
census_geographies/2000_block_groups.shp, study_areas/definitions/max_county_47179_march_2020.shp, 1167.365267152196, 0.08569342447800013, 7.340755022380479e-05
census_geographies/2000_block_groups.shp, study_areas/definitions/max_county_48027_march_2020.shp, 1167.365267152196, 0.2662155291194993, 0.0002280481838978607
census_geographies/2000_block_groups.shp, study_areas/definitions/max_county_48029_march_2020.shp, 1167.365267152196, 0.3025342874564991, 0.0002591599184671099
census_geographies/2000_block_groups.shp, study_areas/definitions/max_county_48037_march_2020.shp, 1167.365267152196, 0.23189146091100035, 0.0001986451605474804
census_geographies/2000_block_groups.shp, study_areas/definitions/max_county_48041_march_2020.shp, 1167.365267152196, 0.1441195012235003, 0.00012345707490088502
census_geographies/2000_block_groups.shp, study_areas/definitions/max_county_48061_march_2020.shp, 1167.365267152196, 0.29843515426150113, 0.0002556484783803255
census_geographies/2000_block_groups.shp, study_areas/definitions/max_county_48113_march_2020.shp, 1167.365267152196, 0.22646983884449995, 0.00019400083694195929
census_geographies/2000_block_groups.shp, study_areas/definitions/max_county_48135_march_2020.shp, 1167.365267152196, 0.22259304311050007, 0.00019067985777366747
census_geographies/2000_block_groups.shp, study_areas/definitions/max_county_48141_march_2020.shp, 1167.365267152196, 0.2502635510505004, 0.00021438324241136782
census_geographies/2000_block_groups.shp, study_areas/definitions/max_county_48181_march_2020.shp, 1167.365267152196, 0.24642350271899965, 0.00021109374216705387
census_geographies/2000_block_groups.shp, study_areas/definitions/max_county_48183_march_2020.shp, 1167.365267152196, 0.06851840627099995, 5.8694915977885443e-05
census_geographies/2000_block_groups.shp, study_areas/definitions/max_county_48201_march_2020.shp, 1167.365267152196, 0.4298117272240003, 0.0003681895798326534
census_geographies/2000_block_groups.shp, study_areas/definitions/max_county_48215_march_2020.shp, 1167.365267152196, 0.3708511912184994, 0.0003176822213694914
census_geographies/2000_block_groups.shp, study_areas/definitions/max_county_48245_march_2020.shp, 1167.365267152196, 0.26905157249049927, 0.00023047762346643596
census_geographies/2000_block_groups.shp, study_areas/definitions/max_county_48303_march_2020.shp, 1167.365267152196, 0.22663020687100005, 0.0001941382129895535
census_geographies/2000_block_groups.shp, study_areas/definitions/max_county_48309_march_2020.shp, 1167.365267152196, 0.2608303922775001, 0.00022343511462680356
census_geographies/2000_block_groups.shp, study_areas/definitions/max_county_48329_march_2020.shp, 1167.365267152196, 0.22266046138100037, 0.00019073761028044262
census_geographies/2000_block_groups.shp, study_areas/definitions/max_county_48355_march_2020.shp, 1167.365267152196, 0.2763499957639996, 0.0002367296711149881
census_geographies/2000_block_groups.shp, study_areas/definitions/max_county_48381_march_2020.shp, 1167.365267152196, 0.23580265817300028, 0.00020199560909349665
census_geographies/2000_block_groups.shp, study_areas/definitions/max_county_48423_march_2020.shp, 1167.365267152196, 0.23570503697050052, 0.00020191198385189775
census_geographies/2000_block_groups.shp, study_areas/definitions/max_county_48441_march_2020.shp, 1167.365267152196, 0.22797761977550224, 0.00019529244718035583
census_geographies/2000_block_groups.shp, study_areas/definitions/max_county_48451_march_2020.shp, 1167.365267152196, 0.37840707903350024, 0.0003241548208442329
census_geographies/2000_block_groups.shp, study_areas/definitions/max_county_48453_march_2020.shp, 1167.365267152196, 0.24844308413550031, 0.00021282377600764213
census_geographies/2000_block_groups.shp, study_areas/definitions/max_county_48469_march_2020.shp, 1167.365267152196, 0.21275192972650037, 0.00018224966573274163
census_geographies/2000_block_groups.shp, study_areas/definitions/max_county_48479_march_2020.shp, 1167.365267152196, 0.8003414857075017, 0.0006855964523083217
census_geographies/2000_block_groups.shp, study_areas/definitions/max_county_48485_march_2020.shp, 1167.365267152196, 0.15999336866049949, 0.00013705510448396802
census_geographies/2000_block_groups.shp, study_areas/definitions/max_county_49005_march_2020.shp, 1167.365267152196, 0.32873369927449997, 0.0002816031181709307
census_geographies/2000_block_groups.shp, study_areas/definitions/max_county_49011_march_2020.shp, 1167.365267152196, 0.17569842901099963, 0.00015050852886827653
census_geographies/2000_block_groups.shp, study_areas/definitions/max_county_49035_march_2020.shp, 1167.365267152196, 0.2227176765374998, 0.00019078662249462217
census_geographies/2000_block_groups.shp, study_areas/definitions/max_county_49049_march_2020.shp, 1167.365267152196, 0.5866839593689986, 0.0005025710254342433
census_geographies/2000_block_groups.shp, study_areas/definitions/max_county_49053_march_2020.shp, 1167.365267152196, 0.6393603327935004, 0.0005476951822913395
census_geographies/2000_block_groups.shp, study_areas/definitions/max_county_50007_march_2020.shp, 1167.365267152196, 0.18138766067750028, 0.00015538209486050413
census_geographies/2000_block_groups.shp, study_areas/definitions/max_county_51003_march_2020.shp, 1167.365267152196, 0.1929733698739998, 0.00016530675984969214
census_geographies/2000_block_groups.shp, study_areas/definitions/max_county_51015_march_2020.shp, 1167.365267152196, 0.25852506284549975, 0.00022146030049033003
census_geographies/2000_block_groups.shp, study_areas/definitions/max_county_51019_march_2020.shp, 1167.365267152196, 0.20433397199450046, 0.00017503859138534765
census_geographies/2000_block_groups.shp, study_areas/definitions/max_county_51041_march_2020.shp, 1167.365267152196, 0.11493516430599945, 9.845689908728002e-05
census_geographies/2000_block_groups.shp, study_areas/definitions/max_county_51059_march_2020.shp, 1167.365267152196, 0.10914697076350005, 9.349855939243902e-05
census_geographies/2000_block_groups.shp, study_areas/definitions/max_county_51069_march_2020.shp, 1167.365267152196, 0.1122231337310003, 9.613369258858473e-05
census_geographies/2000_block_groups.shp, study_areas/definitions/max_county_51121_march_2020.shp, 1167.365267152196, 0.1023045237375002, 8.763711463428538e-05
census_geographies/2000_block_groups.shp, study_areas/definitions/max_county_51165_march_2020.shp, 1167.365267152196, 0.22827058863199967, 0.000195543413064592
census_geographies/2000_block_groups.shp, study_areas/definitions/max_county_51770_march_2020.shp, 1167.365267152196, 0.011303515647500016, 9.682929555609532e-06
census_geographies/2000_block_groups.shp, study_areas/definitions/max_county_51810_march_2020.shp, 1167.365267152196, 0.13002279487900026, 0.00011138141465883484
census_geographies/2000_block_groups.shp, study_areas/definitions/max_county_53005_march_2020.shp, 1167.365267152196, 0.5316970704984996, 0.0004554676119459867
census_geographies/2000_block_groups.shp, study_areas/definitions/max_county_53007_march_2020.shp, 1167.365267152196, 0.9321932742095003, 0.0007985446376039599
census_geographies/2000_block_groups.shp, study_areas/definitions/max_county_53015_march_2020.shp, 1167.365267152196, 0.35199830652749897, 0.00030153227651376314
census_geographies/2000_block_groups.shp, study_areas/definitions/max_county_53033_march_2020.shp, 1167.365267152196, 0.7130808874370016, 0.000610846414144711
census_geographies/2000_block_groups.shp, study_areas/definitions/max_county_53035_march_2020.shp, 1167.365267152196, 0.17544006776400042, 0.00015028720889733932
census_geographies/2000_block_groups.shp, study_areas/definitions/max_county_53057_march_2020.shp, 1167.365267152196, 0.6049462040959983, 0.0005182150104326584
census_geographies/2000_block_groups.shp, study_areas/definitions/max_county_53063_march_2020.shp, 1167.365267152196, 0.5518301495049992, 0.00047271420953888456
census_geographies/2000_block_groups.shp, study_areas/definitions/max_county_53067_march_2020.shp, 1167.365267152196, 0.2366184391184998, 0.00020269443144880762
census_geographies/2000_block_groups.shp, study_areas/definitions/max_county_53071_march_2020.shp, 1167.365267152196, 0.3923678531675005, 0.0003361140374894718
census_geographies/2000_block_groups.shp, study_areas/definitions/max_county_53073_march_2020.shp, 1167.365267152196, 0.7941252868595022, 0.0006802714704685209
census_geographies/2000_block_groups.shp, study_areas/definitions/max_county_53077_march_2020.shp, 1167.365267152196, 1.3076143291864994, 0.0011201415409389753
census_geographies/2000_block_groups.shp, study_areas/definitions/max_county_54011_march_2020.shp, 1167.365267152196, 0.07695154860650014, 6.591899791076063e-05
census_geographies/2000_block_groups.shp, study_areas/definitions/max_county_54039_march_2020.shp, 1167.365267152196, 0.2431049890709988, 0.00020825100413005847
census_geographies/2000_block_groups.shp, study_areas/definitions/max_county_54061_march_2020.shp, 1167.365267152196, 0.09941501650300019, 8.516187632130303e-05
census_geographies/2000_block_groups.shp, study_areas/definitions/max_county_54081_march_2020.shp, 1167.365267152196, 0.16138764127749983, 0.00013824948010592025
census_geographies/2000_block_groups.shp, study_areas/definitions/max_county_54107_march_2020.shp, 1167.365267152196, 0.10176833494250022, 8.717779927679833e-05
census_geographies/2000_block_groups.shp, study_areas/definitions/max_county_55009_march_2020.shp, 1167.365267152196, 0.18037862400399945, 0.00015451772386892719
census_geographies/2000_block_groups.shp, study_areas/definitions/max_county_55025_march_2020.shp, 1167.365267152196, 0.3544164341765001, 0.000303603716976353
census_geographies/2000_block_groups.shp, study_areas/definitions/max_county_55035_march_2020.shp, 1167.365267152196, 0.18983060327300008, 0.00016261457198918938
census_geographies/2000_block_groups.shp, study_areas/definitions/max_county_55039_march_2020.shp, 1167.365267152196, 0.22166406340549955, 0.00018988406597555548
census_geographies/2000_block_groups.shp, study_areas/definitions/max_county_55063_march_2020.shp, 1167.365267152196, 0.13926994985000016, 0.00011930280415979065
census_geographies/2000_block_groups.shp, study_areas/definitions/max_county_55073_march_2020.shp, 1167.365267152196, 0.46511562972450043, 0.0003984319585412683
census_geographies/2000_block_groups.shp, study_areas/definitions/max_county_55079_march_2020.shp, 1167.365267152196, 0.3401965699504994, 0.00029142255600975153
census_geographies/2000_block_groups.shp, study_areas/definitions/max_county_55087_march_2020.shp, 1167.365267152196, 0.18863058107499997, 0.0001615865970855608
census_geographies/2000_block_groups.shp, study_areas/definitions/max_county_55101_march_2020.shp, 1167.365267152196, 0.22558139974600094, 0.00019323977343981626
census_geographies/2000_block_groups.shp, study_areas/definitions/max_county_55105_march_2020.shp, 1167.365267152196, 0.2065176007715001, 0.00017690915310107066
census_geographies/2000_block_groups.shp, study_areas/definitions/max_county_55117_march_2020.shp, 1167.365267152196, 0.3677398623589992, 0.00031501696401855926
census_geographies/2000_block_groups.shp, study_areas/definitions/max_county_55139_march_2020.shp, 1167.365267152196, 0.1683386505090007, 0.00014420392249605405
census_geographies/2000_block_groups.shp, study_areas/definitions/max_county_56021_march_2020.shp, 1167.365267152196, 0.7484297339885017, 0.0006411272932715451
census_geographies/2000_block_groups.shp, study_areas/definitions/max_county_56025_march_2020.shp, 1167.365267152196, 1.5360672886064997, 0.0013158411782746948
census_geographies/2000_block_groups.shp, study_areas/definitions/max_county_72005_march_2020.shp, 1167.365267152196, 0.016743070319499904, 1.4342614767308314e-05
census_geographies/2000_block_groups.shp, study_areas/definitions/max_county_72013_march_2020.shp, 1167.365267152196, 0.03793015407099964, 3.249210434668043e-05
census_geographies/2000_block_groups.shp, study_areas/definitions/max_county_72023_march_2020.shp, 1167.365267152196, 0.03922877318249981, 3.360454031513114e-05
census_geographies/2000_block_groups.shp, study_areas/definitions/max_county_72057_march_2020.shp, 1167.365267152196, 0.023599072558499946, 2.0215671326310926e-05
census_geographies/2000_block_groups.shp, study_areas/definitions/max_county_72097_march_2020.shp, 1167.365267152196, 0.06061858079050027, 5.192768921280324e-05
census_geographies/2000_block_groups.shp, study_areas/definitions/max_county_72113_march_2020.shp, 1167.365267152196, 0.04277611633400017, 3.6643300548382e-05
census_geographies/2000_block_groups.shp, study_areas/definitions/max_county_72127_march_2020.shp, 1167.365267152196, 0.017028825839499863, 1.4587401491772941e-05
census_geographies/2000_block_groups.shp, study_areas/definitions/max_county_72153_march_2020.shp, 1167.365267152196, 0.015203273672000006, 1.3023578908672351e-05
census_geographies/1990_block_groups.shp, study_areas/definitions/max_county_01003_march_2020.shp, 9295648458558.941, 4232266016.3735924, 0.00045529540356883285
census_geographies/1990_block_groups.shp, study_areas/definitions/max_county_01015_march_2020.shp, 9295648458558.941, 1585924086.154029, 0.0001706093010320107
census_geographies/1990_block_groups.shp, study_areas/definitions/max_county_01055_march_2020.shp, 9295648458558.941, 1421279656.2836392, 0.00015289731131936255
census_geographies/1990_block_groups.shp, study_areas/definitions/max_county_01069_march_2020.shp, 9295648458558.941, 1506503810.072208, 0.00016206548868412713
census_geographies/1990_block_groups.shp, study_areas/definitions/max_county_01073_march_2020.shp, 9295648458558.941, 2910680931.375446, 0.00031312295687079743
census_geographies/1990_block_groups.shp, study_areas/definitions/max_county_01077_march_2020.shp, 9295648458558.941, 1861660194.8507376, 0.00020027222448764392
census_geographies/1990_block_groups.shp, study_areas/definitions/max_county_01081_march_2020.shp, 9295648458558.941, 1594298988.8976073, 0.00017151024976957483
census_geographies/1990_block_groups.shp, study_areas/definitions/max_county_01089_march_2020.shp, 9295648458558.941, 2105290403.8872182, 0.00022648128457878355
census_geographies/1990_block_groups.shp, study_areas/definitions/max_county_01097_march_2020.shp, 9295648458558.941, 3251206632.5579004, 0.000349755764436677
census_geographies/1990_block_groups.shp, study_areas/definitions/max_county_01101_march_2020.shp, 9295648458558.941, 2071394483.2814527, 0.00022283485574093782
census_geographies/1990_block_groups.shp, study_areas/definitions/max_county_01103_march_2020.shp, 9295648458558.941, 1551567090.7726145, 0.00016691327105254432
census_geographies/1990_block_groups.shp, study_areas/definitions/max_county_01125_march_2020.shp, 9295648458558.941, 3501536535.0079, 0.0003766855589062074
census_geographies/1990_block_groups.shp, study_areas/definitions/max_county_02020_march_2020.shp, 9295648458558.941, 4426682499.640203, 0.00047621018795782327
census_geographies/1990_block_groups.shp, study_areas/definitions/max_county_02090_march_2020.shp, 9295648458558.941, 19281234123.055984, 0.0020742215251592097
census_geographies/1990_block_groups.shp, study_areas/definitions/max_county_04003_march_2020.shp, 9295648458558.941, 16106743779.029018, 0.0017327186856123825
census_geographies/1990_block_groups.shp, study_areas/definitions/max_county_04005_march_2020.shp, 9295648458558.941, 48332418977.61116, 0.005199467169297826
census_geographies/1990_block_groups.shp, study_areas/definitions/max_county_04013_march_2020.shp, 9295648458558.941, 23891111458.963287, 0.002570139303941256
census_geographies/1990_block_groups.shp, study_areas/definitions/max_county_04015_march_2020.shp, 9295648458558.941, 34886574058.49887, 0.003753000580220647
census_geographies/1990_block_groups.shp, study_areas/definitions/max_county_04019_march_2020.shp, 9295648458558.941, 23799178786.109516, 0.002560249442759046
census_geographies/1990_block_groups.shp, study_areas/definitions/max_county_04025_march_2020.shp, 9295648458558.941, 21051038140.150063, 0.002264612117594376
census_geographies/1990_block_groups.shp, study_areas/definitions/max_county_04027_march_2020.shp, 9295648458558.941, 14294372764.214819, 0.0015377488539869766
census_geographies/1990_block_groups.shp, study_areas/definitions/max_county_05007_march_2020.shp, 9295648458558.941, 2270839182.397647, 0.00024429056160216325
census_geographies/1990_block_groups.shp, study_areas/definitions/max_county_05031_march_2020.shp, 9295648458558.941, 1846615409.0623343, 0.0001986537482882185
census_geographies/1990_block_groups.shp, study_areas/definitions/max_county_05051_march_2020.shp, 9295648458558.941, 1902555971.581314, 0.0002046716783732867
census_geographies/1990_block_groups.shp, study_areas/definitions/max_county_05069_march_2020.shp, 9295648458558.941, 2366486255.8671894, 0.0002545800076688845
census_geographies/1990_block_groups.shp, study_areas/definitions/max_county_05119_march_2020.shp, 9295648458558.941, 2092324604.6466196, 0.0002250864599682788
census_geographies/1990_block_groups.shp, study_areas/definitions/max_county_05131_march_2020.shp, 9295648458558.941, 1410640967.6008608, 0.00015175283078847687
census_geographies/1990_block_groups.shp, study_areas/definitions/max_county_06001_march_2020.shp, 9295648458558.941, 1928140851.5596287, 0.00020742402858235228
census_geographies/1990_block_groups.shp, study_areas/definitions/max_county_06007_march_2020.shp, 9295648458558.941, 4343701905.71527, 0.00046728336652144143
census_geographies/1990_block_groups.shp, study_areas/definitions/max_county_06019_march_2020.shp, 9295648458558.941, 15585367594.805405, 0.001676630486220165
census_geographies/1990_block_groups.shp, study_areas/definitions/max_county_06025_march_2020.shp, 9295648458558.941, 11607768542.897163, 0.0012487314461864512
census_geographies/1990_block_groups.shp, study_areas/definitions/max_county_06029_march_2020.shp, 9295648458558.941, 21138168877.03331, 0.002273985399864213
census_geographies/1990_block_groups.shp, study_areas/definitions/max_county_06031_march_2020.shp, 9295648458558.941, 3603970093.965656, 0.00038770507620125317
census_geographies/1990_block_groups.shp, study_areas/definitions/max_county_06037_march_2020.shp, 9295648458558.941, 10591585622.367435, 0.0011394133146908395
census_geographies/1990_block_groups.shp, study_areas/definitions/max_county_06039_march_2020.shp, 9295648458558.941, 5576995862.22928, 0.0005999576992495104
census_geographies/1990_block_groups.shp, study_areas/definitions/max_county_06047_march_2020.shp, 9295648458558.941, 5107135783.337069, 0.000549411459147284
census_geographies/1990_block_groups.shp, study_areas/definitions/max_county_06053_march_2020.shp, 9295648458558.941, 8584814980.241616, 0.0009235305119931868
census_geographies/1990_block_groups.shp, study_areas/definitions/max_county_06055_march_2020.shp, 9295648458558.941, 2036357667.8431702, 0.00021906569261106253
census_geographies/1990_block_groups.shp, study_areas/definitions/max_county_06065_march_2020.shp, 9295648458558.941, 18915632463.81778, 0.002034891115788836
census_geographies/1990_block_groups.shp, study_areas/definitions/max_county_06067_march_2020.shp, 9295648458558.941, 2539923665.894222, 0.00027323792172407235
census_geographies/1990_block_groups.shp, study_areas/definitions/max_county_06073_march_2020.shp, 9295648458558.941, 10975735148.307816, 0.0011807390519595153
census_geographies/1990_block_groups.shp, study_areas/definitions/max_county_06077_march_2020.shp, 9295648458558.941, 3689368863.2722774, 0.0003968920382176567
census_geographies/1990_block_groups.shp, study_areas/definitions/max_county_06079_march_2020.shp, 9295648458558.941, 8606136691.737726, 0.0009258242423973822
census_geographies/1990_block_groups.shp, study_areas/definitions/max_county_06083_march_2020.shp, 9295648458558.941, 7123449369.445237, 0.0007663208652093918
census_geographies/1990_block_groups.shp, study_areas/definitions/max_county_06085_march_2020.shp, 9295648458558.941, 3362827550.402207, 0.00036176363224083556
census_geographies/1990_block_groups.shp, study_areas/definitions/max_county_06087_march_2020.shp, 9295648458558.941, 1157808287.0484908, 0.0001245537944136046
census_geographies/1990_block_groups.shp, study_areas/definitions/max_county_06089_march_2020.shp, 9295648458558.941, 9964678222.561512, 0.0010719723607218131
census_geographies/1990_block_groups.shp, study_areas/definitions/max_county_06095_march_2020.shp, 9295648458558.941, 2178212790.9614487, 0.00023432607210483155
census_geographies/1990_block_groups.shp, study_areas/definitions/max_county_06097_march_2020.shp, 9295648458558.941, 4115215154.644815, 0.0004427033975080827
census_geographies/1990_block_groups.shp, study_areas/definitions/max_county_06099_march_2020.shp, 9295648458558.941, 3922646574.0611715, 0.00042198740534872596
census_geographies/1990_block_groups.shp, study_areas/definitions/max_county_06101_march_2020.shp, 9295648458558.941, 1576779829.5131457, 0.0001696255873425732
census_geographies/1990_block_groups.shp, study_areas/definitions/max_county_06107_march_2020.shp, 9295648458558.941, 12532932207.572424, 0.0013482579793594456
census_geographies/1990_block_groups.shp, study_areas/definitions/max_county_06111_march_2020.shp, 9295648458558.941, 4810498926.693746, 0.0005175000913749587
census_geographies/1990_block_groups.shp, study_areas/definitions/max_county_08013_march_2020.shp, 9295648458558.941, 1899541098.8463037, 0.00020434734675205007
census_geographies/1990_block_groups.shp, study_areas/definitions/max_county_08031_march_2020.shp, 9295648458558.941, 401837933.80690765, 4.322860697651669e-05
census_geographies/1990_block_groups.shp, study_areas/definitions/max_county_08041_march_2020.shp, 9295648458558.941, 5515540934.949414, 0.0005933465491448309
census_geographies/1990_block_groups.shp, study_areas/definitions/max_county_08069_march_2020.shp, 9295648458558.941, 6821639888.561852, 0.0007338530409119385
census_geographies/1990_block_groups.shp, study_areas/definitions/max_county_08077_march_2020.shp, 9295648458558.941, 8653480881.15849, 0.000930917398580281
census_geographies/1990_block_groups.shp, study_areas/definitions/max_county_08101_march_2020.shp, 9295648458558.941, 6210015206.695327, 0.000668056159221197
census_geographies/1990_block_groups.shp, study_areas/definitions/max_county_08123_march_2020.shp, 9295648458558.941, 10415730975.747755, 0.0011204953610479428
census_geographies/1990_block_groups.shp, study_areas/definitions/max_county_09001_march_2020.shp, 9295648458558.941, 1673888451.9966843, 0.00018007226278608421
census_geographies/1990_block_groups.shp, study_areas/definitions/max_county_09003_march_2020.shp, 9295648458558.941, 1943961966.7719781, 0.00020912602014140077
census_geographies/1990_block_groups.shp, study_areas/definitions/max_county_09009_march_2020.shp, 9295648458558.941, 1603795955.3299158, 0.00017253190699710952
census_geographies/1990_block_groups.shp, study_areas/definitions/max_county_09011_march_2020.shp, 9295648458558.941, 1781000377.22351, 0.00019159506570880046
census_geographies/1990_block_groups.shp, study_areas/definitions/max_county_10001_march_2020.shp, 9295648458558.941, 1548770584.8731112, 0.0001666124307279591
census_geographies/1990_block_groups.shp, study_areas/definitions/max_county_10005_march_2020.shp, 9295648458558.941, 2461061826.978521, 0.00026475418449290703
census_geographies/1990_block_groups.shp, study_areas/definitions/max_county_12001_march_2020.shp, 9295648458558.941, 2510079758.6493635, 0.0002700273972105964
census_geographies/1990_block_groups.shp, study_areas/definitions/max_county_12005_march_2020.shp, 9295648458558.941, 2000814224.9148993, 0.0002152420279052889
census_geographies/1990_block_groups.shp, study_areas/definitions/max_county_12009_march_2020.shp, 9295648458558.941, 2813716412.2095294, 0.00030269178366129027
census_geographies/1990_block_groups.shp, study_areas/definitions/max_county_12015_march_2020.shp, 9295648458558.941, 1842298991.281209, 0.00019818940007191403
census_geographies/1990_block_groups.shp, study_areas/definitions/max_county_12017_march_2020.shp, 9295648458558.941, 1636772082.9233215, 0.0001760793870616168
census_geographies/1990_block_groups.shp, study_areas/definitions/max_county_12021_march_2020.shp, 9295648458558.941, 5289833174.813631, 0.0005690655362448687
census_geographies/1990_block_groups.shp, study_areas/definitions/max_county_12031_march_2020.shp, 9295648458558.941, 2185103144.1551914, 0.0002350673171319494
census_geographies/1990_block_groups.shp, study_areas/definitions/max_county_12033_march_2020.shp, 9295648458558.941, 1732322680.5241475, 0.00018635845452278442
census_geographies/1990_block_groups.shp, study_areas/definitions/max_county_12055_march_2020.shp, 9295648458558.941, 2865314436.184716, 0.0003082425555310761
census_geographies/1990_block_groups.shp, study_areas/definitions/max_county_12057_march_2020.shp, 9295648458558.941, 2774487803.1362824, 0.000298471679034041
census_geographies/1990_block_groups.shp, study_areas/definitions/max_county_12061_march_2020.shp, 9295648458558.941, 1333800699.4498796, 0.00014348656851602285
census_geographies/1990_block_groups.shp, study_areas/definitions/max_county_12071_march_2020.shp, 9295648458558.941, 2116887147.1256566, 0.00022772882995338953
census_geographies/1990_block_groups.shp, study_areas/definitions/max_county_12073_march_2020.shp, 9295648458558.941, 1817645338.1393049, 0.00019553722865516855
census_geographies/1990_block_groups.shp, study_areas/definitions/max_county_12083_march_2020.shp, 9295648458558.941, 4307235593.767762, 0.0004633604221340672
census_geographies/1990_block_groups.shp, study_areas/definitions/max_county_12086_march_2020.shp, 9295648458558.941, 5130556055.27119, 0.0005519309468450525
census_geographies/1990_block_groups.shp, study_areas/definitions/max_county_12091_march_2020.shp, 9295648458558.941, 2431976569.849857, 0.00026162527344831133
census_geographies/1990_block_groups.shp, study_areas/definitions/max_county_12095_march_2020.shp, 9295648458558.941, 2600905331.47443, 0.00027979815965175123
census_geographies/1990_block_groups.shp, study_areas/definitions/max_county_12105_march_2020.shp, 9295648458558.941, 5206680691.00132, 0.0005601202233726129
census_geographies/1990_block_groups.shp, study_areas/definitions/max_county_12111_march_2020.shp, 9295648458558.941, 1492303246.1281464, 0.00016053783152202928
census_geographies/1990_block_groups.shp, study_areas/definitions/max_county_12115_march_2020.shp, 9295648458558.941, 1498356106.0110073, 0.00016118898134872991
census_geographies/1990_block_groups.shp, study_areas/definitions/max_county_12119_march_2020.shp, 9295648458558.941, 1503042348.3042176, 0.00016169311425716574
census_geographies/1990_block_groups.shp, study_areas/definitions/max_county_12127_march_2020.shp, 9295648458558.941, 3164724886.2238507, 0.0003404522987645837
census_geographies/1990_block_groups.shp, study_areas/definitions/max_county_13021_march_2020.shp, 9295648458558.941, 662199343.457918, 7.123756308234741e-05
census_geographies/1990_block_groups.shp, study_areas/definitions/max_county_13051_march_2020.shp, 9295648458558.941, 1203264113.7136335, 0.0001294438057848166
census_geographies/1990_block_groups.shp, study_areas/definitions/max_county_13059_march_2020.shp, 9295648458558.941, 313641085.1959943, 3.3740635373018025e-05
census_geographies/1990_block_groups.shp, study_areas/definitions/max_county_13095_march_2020.shp, 9295648458558.941, 866724738.8215271, 9.323983611100233e-05
census_geographies/1990_block_groups.shp, study_areas/definitions/max_county_13115_march_2020.shp, 9295648458558.941, 1342825227.3362277, 0.00014445740211914158
census_geographies/1990_block_groups.shp, study_areas/definitions/max_county_13121_march_2020.shp, 9295648458558.941, 1383975692.920644, 0.0001488842547231175
census_geographies/1990_block_groups.shp, study_areas/definitions/max_county_13127_march_2020.shp, 9295648458558.941, 1127342062.3624709, 0.00012127632272114098
census_geographies/1990_block_groups.shp, study_areas/definitions/max_county_13139_march_2020.shp, 9295648458558.941, 1111740560.5782185, 0.0001195979565637066
census_geographies/1990_block_groups.shp, study_areas/definitions/max_county_13153_march_2020.shp, 9295648458558.941, 983761080.2142775, 0.00010583028011439938
census_geographies/1990_block_groups.shp, study_areas/definitions/max_county_13179_march_2020.shp, 9295648458558.941, 1363723246.9634066, 0.0001467055529308192
census_geographies/1990_block_groups.shp, study_areas/definitions/max_county_13185_march_2020.shp, 9295648458558.941, 1322551896.7930908, 0.00014227645362119466
census_geographies/1990_block_groups.shp, study_areas/definitions/max_county_13215_march_2020.shp, 9295648458558.941, 572388114.619498, 6.157592094529708e-05
census_geographies/1990_block_groups.shp, study_areas/definitions/max_county_13245_march_2020.shp, 9295648458558.941, 850726591.8959136, 9.151879997275602e-05
census_geographies/1990_block_groups.shp, study_areas/definitions/max_county_13313_march_2020.shp, 9295648458558.941, 751889382.3200439, 8.088616793890737e-05
census_geographies/1990_block_groups.shp, study_areas/definitions/max_county_15003_march_2020.shp, 9295648458558.941, 1560423838.3237636, 0.00016786605531397952
census_geographies/1990_block_groups.shp, study_areas/definitions/max_county_15009_march_2020.shp, 9295648458558.941, 3005567560.1283813, 0.00032333059641051866
census_geographies/1990_block_groups.shp, study_areas/definitions/max_county_16001_march_2020.shp, 9295648458558.941, 2746205830.3510776, 0.000295429183084319
census_geographies/1990_block_groups.shp, study_areas/definitions/max_county_16005_march_2020.shp, 9295648458558.941, 2971852830.661451, 0.0003197036596113019
census_geographies/1990_block_groups.shp, study_areas/definitions/max_county_16019_march_2020.shp, 9295648458558.941, 4922614547.853682, 0.000529561177985512
census_geographies/1990_block_groups.shp, study_areas/definitions/max_county_16055_march_2020.shp, 9295648458558.941, 3407544101.877694, 0.00036657411444386193
census_geographies/1990_block_groups.shp, study_areas/definitions/max_county_16069_march_2020.shp, 9295648458558.941, 2217918930.0389056, 0.00023859754808141042
census_geographies/1990_block_groups.shp, study_areas/definitions/max_county_16083_march_2020.shp, 9295648458558.941, 4994679109.338476, 0.0005373136830211818
census_geographies/1990_block_groups.shp, study_areas/definitions/max_county_17019_march_2020.shp, 9295648458558.941, 2583589413.4368753, 0.00027793536136341764
census_geographies/1990_block_groups.shp, study_areas/definitions/max_county_17031_march_2020.shp, 9295648458558.941, 2480680570.721894, 0.00026686471436404357
census_geographies/1990_block_groups.shp, study_areas/definitions/max_county_17091_march_2020.shp, 9295648458558.941, 1764925188.1933022, 0.00018986574159527865
census_geographies/1990_block_groups.shp, study_areas/definitions/max_county_17113_march_2020.shp, 9295648458558.941, 3072453902.283223, 0.0003305260430168559
census_geographies/1990_block_groups.shp, study_areas/definitions/max_county_17115_march_2020.shp, 9295648458558.941, 1516119599.091507, 0.00016309992851499717
census_geographies/1990_block_groups.shp, study_areas/definitions/max_county_17143_march_2020.shp, 9295648458558.941, 1633978917.3764794, 0.00017577890608287775
census_geographies/1990_block_groups.shp, study_areas/definitions/max_county_17167_march_2020.shp, 9295648458558.941, 2271569931.508124, 0.00024436917355847107
census_geographies/1990_block_groups.shp, study_areas/definitions/max_county_17183_march_2020.shp, 9295648458558.941, 2336514753.0587425, 0.00025135575677965786
census_geographies/1990_block_groups.shp, study_areas/definitions/max_county_17199_march_2020.shp, 9295648458558.941, 1150933160.2403748, 0.00012381418739869154
census_geographies/1990_block_groups.shp, study_areas/definitions/max_county_17201_march_2020.shp, 9295648458558.941, 1344905429.7374976, 0.00014468118450619544
census_geographies/1990_block_groups.shp, study_areas/definitions/max_county_18003_march_2020.shp, 9295648458558.941, 1709650730.6539862, 0.00018391946923077004
census_geographies/1990_block_groups.shp, study_areas/definitions/max_county_18005_march_2020.shp, 9295648458558.941, 1060234384.945875, 0.00011405706548311509
census_geographies/1990_block_groups.shp, study_areas/definitions/max_county_18035_march_2020.shp, 9295648458558.941, 1025438492.5456978, 0.0001103138201834137
census_geographies/1990_block_groups.shp, study_areas/definitions/max_county_18039_march_2020.shp, 9295648458558.941, 1211708102.5296543, 0.00013035218660985157
census_geographies/1990_block_groups.shp, study_areas/definitions/max_county_18067_march_2020.shp, 9295648458558.941, 761266948.6973541, 8.1894980440705e-05
census_geographies/1990_block_groups.shp, study_areas/definitions/max_county_18091_march_2020.shp, 9295648458558.941, 1563389858.562962, 0.0001681851315196279
census_geographies/1990_block_groups.shp, study_areas/definitions/max_county_18097_march_2020.shp, 9295648458558.941, 1043869867.5489683, 0.00011229661622883643
census_geographies/1990_block_groups.shp, study_areas/definitions/max_county_18105_march_2020.shp, 9295648458558.941, 1065309741.0198504, 0.00011460305816954271
census_geographies/1990_block_groups.shp, study_areas/definitions/max_county_18141_march_2020.shp, 9295648458558.941, 1193869678.2310312, 0.00012843317855160274
census_geographies/1990_block_groups.shp, study_areas/definitions/max_county_18157_march_2020.shp, 9295648458558.941, 1302943396.2168999, 0.00014016702568148633
census_geographies/1990_block_groups.shp, study_areas/definitions/max_county_18163_march_2020.shp, 9295648458558.941, 610555251.7970729, 6.568183537910214e-05
census_geographies/1990_block_groups.shp, study_areas/definitions/max_county_18167_march_2020.shp, 9295648458558.941, 1063102605.9608854, 0.00011436562072030992
census_geographies/1990_block_groups.shp, study_areas/definitions/max_county_19013_march_2020.shp, 9295648458558.941, 1481228904.3454137, 0.00015934648464266917
census_geographies/1990_block_groups.shp, study_areas/definitions/max_county_19061_march_2020.shp, 9295648458558.941, 1596874142.4670174, 0.000171787277626307
census_geographies/1990_block_groups.shp, study_areas/definitions/max_county_19103_march_2020.shp, 9295648458558.941, 1614458104.045156, 0.00017367891129301994
census_geographies/1990_block_groups.shp, study_areas/definitions/max_county_19113_march_2020.shp, 9295648458558.941, 1876552414.386144, 0.00020187428803402239
census_geographies/1990_block_groups.shp, study_areas/definitions/max_county_19153_march_2020.shp, 9295648458558.941, 1533006903.3713043, 0.000164916617727706
census_geographies/1990_block_groups.shp, study_areas/definitions/max_county_19163_march_2020.shp, 9295648458558.941, 1212558741.1837382, 0.00013044369594971916
census_geographies/1990_block_groups.shp, study_areas/definitions/max_county_19169_march_2020.shp, 9295648458558.941, 1485858705.2101018, 0.00015984454573924874
census_geographies/1990_block_groups.shp, study_areas/definitions/max_county_19193_march_2020.shp, 9295648458558.941, 2272399363.504566, 0.000244458401545108
census_geographies/1990_block_groups.shp, study_areas/definitions/max_county_20045_march_2020.shp, 9295648458558.941, 1228874351.7433178, 0.0001321988839425006
census_geographies/1990_block_groups.shp, study_areas/definitions/max_county_20161_march_2020.shp, 9295648458558.941, 1611241729.7629797, 0.0001733329026959312
census_geographies/1990_block_groups.shp, study_areas/definitions/max_county_20173_march_2020.shp, 9295648458558.941, 2614371118.9716687, 0.00028124677160790157
census_geographies/1990_block_groups.shp, study_areas/definitions/max_county_20177_march_2020.shp, 9295648458558.941, 1440852004.6773233, 0.00015500285010785483
census_geographies/1990_block_groups.shp, study_areas/definitions/max_county_21059_march_2020.shp, 9295648458558.941, 1233545190.1753109, 0.0001327013597464013
census_geographies/1990_block_groups.shp, study_areas/definitions/max_county_21067_march_2020.shp, 9295648458558.941, 739492664.0438677, 7.955256347533044e-05
census_geographies/1990_block_groups.shp, study_areas/definitions/max_county_21093_march_2020.shp, 9295648458558.941, 1631333443.2039328, 0.0001754943133312972
census_geographies/1990_block_groups.shp, study_areas/definitions/max_county_21111_march_2020.shp, 9295648458558.941, 1032311053.5594938, 0.00011105315117731204
census_geographies/1990_block_groups.shp, study_areas/definitions/max_county_21227_march_2020.shp, 9295648458558.941, 1418520025.2762172, 0.00015260043789307878
census_geographies/1990_block_groups.shp, study_areas/definitions/max_county_22017_march_2020.shp, 9295648458558.941, 2423185989.60082, 0.00026067960728115515
census_geographies/1990_block_groups.shp, study_areas/definitions/max_county_22019_march_2020.shp, 9295648458558.941, 2834372816.467898, 0.00030491394216378284
census_geographies/1990_block_groups.shp, study_areas/definitions/max_county_22033_march_2020.shp, 9295648458558.941, 1218718211.3512404, 0.00013110631461424395
census_geographies/1990_block_groups.shp, study_areas/definitions/max_county_22051_march_2020.shp, 9295648458558.941, 957448054.0549468, 0.00010299959796493586
census_geographies/1990_block_groups.shp, study_areas/definitions/max_county_22055_march_2020.shp, 9295648458558.941, 700061670.4617078, 7.531068688566079e-05
census_geographies/1990_block_groups.shp, study_areas/definitions/max_county_22073_march_2020.shp, 9295648458558.941, 1638708224.4710546, 0.00017628767178283497
census_geographies/1990_block_groups.shp, study_areas/definitions/max_county_22079_march_2020.shp, 9295648458558.941, 3527521301.1846423, 0.00037948092775998724
census_geographies/1990_block_groups.shp, study_areas/definitions/max_county_22105_march_2020.shp, 9295648458558.941, 2076328643.7151449, 0.00022336565899320034
census_geographies/1990_block_groups.shp, study_areas/definitions/max_county_22109_march_2020.shp, 9295648458558.941, 3725974377.8526616, 0.00040082995763700394
census_geographies/1990_block_groups.shp, study_areas/definitions/max_county_23001_march_2020.shp, 9295648458558.941, 1287748970.9494, 0.00013853245168320762
census_geographies/1990_block_groups.shp, study_areas/definitions/max_county_23005_march_2020.shp, 9295648458558.941, 2383222482.221189, 0.00025638044433864575
census_geographies/1990_block_groups.shp, study_areas/definitions/max_county_23019_march_2020.shp, 9295648458558.941, 9210115669.74107, 0.0009907986205374283
census_geographies/1990_block_groups.shp, study_areas/definitions/max_county_24001_march_2020.shp, 9295648458558.941, 1112933526.7877452, 0.0001197262925496085
census_geographies/1990_block_groups.shp, study_areas/definitions/max_county_24005_march_2020.shp, 9295648458558.941, 1578734555.0909553, 0.00016983587128204487
census_geographies/1990_block_groups.shp, study_areas/definitions/max_county_24037_march_2020.shp, 9295648458558.941, 950251506.043132, 0.00010222541335114611
census_geographies/1990_block_groups.shp, study_areas/definitions/max_county_24043_march_2020.shp, 9295648458558.941, 1210934788.6537437, 0.0001302689956544967
census_geographies/1990_block_groups.shp, study_areas/definitions/max_county_25001_march_2020.shp, 9295648458558.941, 1087060879.7874253, 0.00011694298516490445
census_geographies/1990_block_groups.shp, study_areas/definitions/max_county_25003_march_2020.shp, 9295648458558.941, 2450811231.4327435, 0.0002636514539419965
census_geographies/1990_block_groups.shp, study_areas/definitions/max_county_25013_march_2020.shp, 9295648458558.941, 1642345272.0401857, 0.00017667893524179058
census_geographies/1990_block_groups.shp, study_areas/definitions/max_county_25017_march_2020.shp, 9295648458558.941, 2194923372.137352, 0.00023612374993768
census_geographies/1990_block_groups.shp, study_areas/definitions/max_county_25027_march_2020.shp, 9295648458558.941, 4089587613.121918, 0.0004399464578887385
census_geographies/1990_block_groups.shp, study_areas/definitions/max_county_26017_march_2020.shp, 9295648458558.941, 1159619593.0332716, 0.000124748649672262
census_geographies/1990_block_groups.shp, study_areas/definitions/max_county_26021_march_2020.shp, 9295648458558.941, 1502799689.7426538, 0.00016166700972420654
census_geographies/1990_block_groups.shp, study_areas/definitions/max_county_26025_march_2020.shp, 9295648458558.941, 1860738540.4393237, 0.00020017307547017378
census_geographies/1990_block_groups.shp, study_areas/definitions/max_county_26049_march_2020.shp, 9295648458558.941, 1681776550.9469767, 0.00018092084252589025
census_geographies/1990_block_groups.shp, study_areas/definitions/max_county_26065_march_2020.shp, 9295648458558.941, 1452814081.9001389, 0.0001562896970961143
census_geographies/1990_block_groups.shp, study_areas/definitions/max_county_26075_march_2020.shp, 9295648458558.941, 1874527745.320714, 0.0002016564797687404
census_geographies/1990_block_groups.shp, study_areas/definitions/max_county_26077_march_2020.shp, 9295648458558.941, 1502588526.3140037, 0.0001616442933500244
census_geographies/1990_block_groups.shp, study_areas/definitions/max_county_26081_march_2020.shp, 9295648458558.941, 2258916155.453253, 0.0002430079155342156
census_geographies/1990_block_groups.shp, study_areas/definitions/max_county_26111_march_2020.shp, 9295648458558.941, 1367212768.070869, 0.00014708094590345784
census_geographies/1990_block_groups.shp, study_areas/definitions/max_county_26115_march_2020.shp, 9295648458558.941, 1444060291.2845924, 0.00015534798865537758
census_geographies/1990_block_groups.shp, study_areas/definitions/max_county_26121_march_2020.shp, 9295648458558.941, 1365427732.807853, 0.00014688891677596083
census_geographies/1990_block_groups.shp, study_areas/definitions/max_county_26145_march_2020.shp, 9295648458558.941, 2112841486.1436877, 0.00022729360900027314
census_geographies/1990_block_groups.shp, study_areas/definitions/max_county_26161_march_2020.shp, 9295648458558.941, 1871321003.913821, 0.00020131150744957525
census_geographies/1990_block_groups.shp, study_areas/definitions/max_county_26163_march_2020.shp, 9295648458558.941, 1599682261.3320167, 0.0001720893672414122
census_geographies/1990_block_groups.shp, study_areas/definitions/max_county_27013_march_2020.shp, 9295648458558.941, 1983642436.707125, 0.00021339473470306333
census_geographies/1990_block_groups.shp, study_areas/definitions/max_county_27053_march_2020.shp, 9295648458558.941, 1570540275.6342845, 0.00016895435349517914
census_geographies/1990_block_groups.shp, study_areas/definitions/max_county_27109_march_2020.shp, 9295648458558.941, 1695132674.0219798, 0.00018235765708859088
census_geographies/1990_block_groups.shp, study_areas/definitions/max_county_27137_march_2020.shp, 9295648458558.941, 17443413554.884026, 0.0018765139013860893
census_geographies/1990_block_groups.shp, study_areas/definitions/max_county_27145_march_2020.shp, 9295648458558.941, 3599837094.628632, 0.00038726045963088164
census_geographies/1990_block_groups.shp, study_areas/definitions/max_county_28035_march_2020.shp, 9295648458558.941, 1217754813.3818605, 0.00013100267494094145
census_geographies/1990_block_groups.shp, study_areas/definitions/max_county_28047_march_2020.shp, 9295648458558.941, 1513554256.1375434, 0.0001628239560569809
census_geographies/1990_block_groups.shp, study_areas/definitions/max_county_28049_march_2020.shp, 9295648458558.941, 2272351277.580378, 0.00024445322859516244
census_geographies/1990_block_groups.shp, study_areas/definitions/max_county_29019_march_2020.shp, 9295648458558.941, 1790020824.7358754, 0.00019256546035663805
census_geographies/1990_block_groups.shp, study_areas/definitions/max_county_29021_march_2020.shp, 9295648458558.941, 1073729102.3790075, 0.00011550878964128365
census_geographies/1990_block_groups.shp, study_areas/definitions/max_county_29031_march_2020.shp, 9295648458558.941, 1518485007.4967823, 0.00016335439257049805
census_geographies/1990_block_groups.shp, study_areas/definitions/max_county_29051_march_2020.shp, 9295648458558.941, 1033612230.6455967, 0.00011119312818826548
census_geographies/1990_block_groups.shp, study_areas/definitions/max_county_29077_march_2020.shp, 9295648458558.941, 1755491557.1488228, 0.00018885089781256294
census_geographies/1990_block_groups.shp, study_areas/definitions/max_county_29095_march_2020.shp, 9295648458558.941, 1595817837.0204375, 0.0001716736432250827
census_geographies/1990_block_groups.shp, study_areas/definitions/max_county_29097_march_2020.shp, 9295648458558.941, 1661024169.8267026, 0.00017868835909960854
census_geographies/1990_block_groups.shp, study_areas/definitions/max_county_29189_march_2020.shp, 9295648458558.941, 1356088918.0162294, 0.00014588427306194162
census_geographies/1990_block_groups.shp, study_areas/definitions/max_county_30013_march_2020.shp, 9295648458558.941, 7023046510.346307, 0.0007555198049556034
census_geographies/1990_block_groups.shp, study_areas/definitions/max_county_30063_march_2020.shp, 9295648458558.941, 6781354892.910134, 0.0007295192931555218
census_geographies/1990_block_groups.shp, study_areas/definitions/max_county_30111_march_2020.shp, 9295648458558.941, 6860888481.548559, 0.000738075295353001
census_geographies/1990_block_groups.shp, study_areas/definitions/max_county_31055_march_2020.shp, 9295648458558.941, 879560447.8487952, 9.462066597827745e-05
census_geographies/1990_block_groups.shp, study_areas/definitions/max_county_31079_march_2020.shp, 9295648458558.941, 1430247988.8414197, 0.00015386209958537353
census_geographies/1990_block_groups.shp, study_areas/definitions/max_county_31109_march_2020.shp, 9295648458558.941, 2192958250.1328473, 0.00023591234757954808
census_geographies/1990_block_groups.shp, study_areas/definitions/max_county_32003_march_2020.shp, 9295648458558.941, 20954421366.134403, 0.0022542183538406813
census_geographies/1990_block_groups.shp, study_areas/definitions/max_county_32031_march_2020.shp, 9295648458558.941, 16965799733.3008, 0.001825133535216641
census_geographies/1990_block_groups.shp, study_areas/definitions/max_county_32510_march_2020.shp, 9295648458558.941, 403635012.3200069, 4.342193168335245e-05
census_geographies/1990_block_groups.shp, study_areas/definitions/max_county_33011_march_2020.shp, 9295648458558.941, 2310847134.2702436, 0.0002485945057595781
census_geographies/1990_block_groups.shp, study_areas/definitions/max_county_34001_march_2020.shp, 9295648458558.941, 1476779940.211143, 0.00015886787745844692
census_geographies/1990_block_groups.shp, study_areas/definitions/max_county_34009_march_2020.shp, 9295648458558.941, 674355279.6020635, 7.254526487403392e-05
census_geographies/1990_block_groups.shp, study_areas/definitions/max_county_34011_march_2020.shp, 9295648458558.941, 1304428780.636674, 0.00014032681920491785
census_geographies/1990_block_groups.shp, study_areas/definitions/max_county_34021_march_2020.shp, 9295648458558.941, 589880122.3686061, 6.34576624749052e-05
census_geographies/1990_block_groups.shp, study_areas/definitions/max_county_35001_march_2020.shp, 9295648458558.941, 3022667063.527135, 0.0003251701134140914
census_geographies/1990_block_groups.shp, study_areas/definitions/max_county_35013_march_2020.shp, 9295648458558.941, 9879947160.122955, 0.0010628572287526667
census_geographies/1990_block_groups.shp, study_areas/definitions/max_county_35045_march_2020.shp, 9295648458558.941, 14344361958.748344, 0.0015431265524613095
census_geographies/1990_block_groups.shp, study_areas/definitions/max_county_35049_march_2020.shp, 9295648458558.941, 4948965433.978455, 0.0005323959330047286
census_geographies/1990_block_groups.shp, study_areas/definitions/max_county_36001_march_2020.shp, 9295648458558.941, 1381576844.5648787, 0.0001486261932907753
census_geographies/1990_block_groups.shp, study_areas/definitions/max_county_36007_march_2020.shp, 9295648458558.941, 1853028692.0740125, 0.00019934367143239392
census_geographies/1990_block_groups.shp, study_areas/definitions/max_county_36015_march_2020.shp, 9295648458558.941, 1063925253.7978346, 0.00011445411888594265
census_geographies/1990_block_groups.shp, study_areas/definitions/max_county_36029_march_2020.shp, 9295648458558.941, 2710422880.7279773, 0.00029157975291464077
census_geographies/1990_block_groups.shp, study_areas/definitions/max_county_36045_march_2020.shp, 9295648458558.941, 3336992691.332556, 0.0003589843899765841
census_geographies/1990_block_groups.shp, study_areas/definitions/max_county_36047_march_2020.shp, 9295648458558.941, 185591377.3221509, 1.9965404043573544e-05
census_geographies/1990_block_groups.shp, study_areas/definitions/max_county_36055_march_2020.shp, 9295648458558.941, 1726088729.9811249, 0.00018568782346667096
census_geographies/1990_block_groups.shp, study_areas/definitions/max_county_36065_march_2020.shp, 9295648458558.941, 3255874583.03314, 0.0003502579295622247
census_geographies/1990_block_groups.shp, study_areas/definitions/max_county_36067_march_2020.shp, 9295648458558.941, 2086720206.7825432, 0.00022448355443790494
census_geographies/1990_block_groups.shp, study_areas/definitions/max_county_36071_march_2020.shp, 9295648458558.941, 2171769631.946992, 0.00023363293498339445
census_geographies/1990_block_groups.shp, study_areas/definitions/max_county_36109_march_2020.shp, 9295648458558.941, 1273292756.6783726, 0.00013697729237017263
census_geographies/1990_block_groups.shp, study_areas/definitions/max_county_36111_march_2020.shp, 9295648458558.941, 3006311166.385871, 0.0003234105915029326
census_geographies/1990_block_groups.shp, study_areas/definitions/max_county_36113_march_2020.shp, 9295648458558.941, 2412971796.7802935, 0.00025958079283415204
census_geographies/1990_block_groups.shp, study_areas/definitions/max_county_37001_march_2020.shp, 9295648458558.941, 1126061766.7632806, 0.0001211385920824558
census_geographies/1990_block_groups.shp, study_areas/definitions/max_county_37021_march_2020.shp, 9295648458558.941, 1709429860.2410743, 0.00018389570860622657
census_geographies/1990_block_groups.shp, study_areas/definitions/max_county_37035_march_2020.shp, 9295648458558.941, 1070993206.0954725, 0.0001152144695305639
census_geographies/1990_block_groups.shp, study_areas/definitions/max_county_37049_march_2020.shp, 9295648458558.941, 1840133951.3698776, 0.0001979564911015519
census_geographies/1990_block_groups.shp, study_areas/definitions/max_county_37051_march_2020.shp, 9295648458558.941, 1705410417.8018663, 0.00018346330817099851
census_geographies/1990_block_groups.shp, study_areas/definitions/max_county_37063_march_2020.shp, 9295648458558.941, 771842712.0157334, 8.30326916359516e-05
census_geographies/1990_block_groups.shp, study_areas/definitions/max_county_37067_march_2020.shp, 9295648458558.941, 1068559797.7160722, 0.00011495269022702756
census_geographies/1990_block_groups.shp, study_areas/definitions/max_county_37081_march_2020.shp, 9295648458558.941, 1703408365.3857763, 0.00018324793294193133
census_geographies/1990_block_groups.shp, study_areas/definitions/max_county_37119_march_2020.shp, 9295648458558.941, 1413514088.7388308, 0.0001520619131672672
census_geographies/1990_block_groups.shp, study_areas/definitions/max_county_37127_march_2020.shp, 9295648458558.941, 1405577024.1546729, 0.00015120806584079585
census_geographies/1990_block_groups.shp, study_areas/definitions/max_county_37129_march_2020.shp, 9295648458558.941, 526914340.88078445, 5.668397887784037e-05
census_geographies/1990_block_groups.shp, study_areas/definitions/max_county_37133_march_2020.shp, 9295648458558.941, 1992574433.0918832, 0.00021435561402467044
census_geographies/1990_block_groups.shp, study_areas/definitions/max_county_37147_march_2020.shp, 9295648458558.941, 1695533128.1610029, 0.00018240073683077436
census_geographies/1990_block_groups.shp, study_areas/definitions/max_county_37183_march_2020.shp, 9295648458558.941, 2219770396.0513363, 0.00023879672364411427
census_geographies/1990_block_groups.shp, study_areas/definitions/max_county_37191_march_2020.shp, 9295648458558.941, 1441830419.8215227, 0.00015510810528704551
census_geographies/1990_block_groups.shp, study_areas/definitions/max_county_38015_march_2020.shp, 9295648458558.941, 4320107186.774198, 0.0004647451122999893
census_geographies/1990_block_groups.shp, study_areas/definitions/max_county_38017_march_2020.shp, 9295648458558.941, 4578771485.892423, 0.0004925714979761882
census_geographies/1990_block_groups.shp, study_areas/definitions/max_county_38035_march_2020.shp, 9295648458558.941, 3729062817.1393657, 0.0004011622033432043
census_geographies/1990_block_groups.shp, study_areas/definitions/max_county_39003_march_2020.shp, 9295648458558.941, 1053808004.9463365, 0.00011336573340142245
census_geographies/1990_block_groups.shp, study_areas/definitions/max_county_39013_march_2020.shp, 9295648458558.941, 1402187145.144987, 0.00015084339208782443
census_geographies/1990_block_groups.shp, study_areas/definitions/max_county_39023_march_2020.shp, 9295648458558.941, 1045284022.0199746, 0.00011244874703254644
census_geographies/1990_block_groups.shp, study_areas/definitions/max_county_39035_march_2020.shp, 9295648458558.941, 1189897922.704698, 0.00012800590814179328
census_geographies/1990_block_groups.shp, study_areas/definitions/max_county_39049_march_2020.shp, 9295648458558.941, 1407202771.7553492, 0.00015138295924472825
census_geographies/1990_block_groups.shp, study_areas/definitions/max_county_39061_march_2020.shp, 9295648458558.941, 1069102872.4346504, 0.00011501111269437875
census_geographies/1990_block_groups.shp, study_areas/definitions/max_county_39081_march_2020.shp, 9295648458558.941, 1064154927.2162036, 0.00011447882651332258
census_geographies/1990_block_groups.shp, study_areas/definitions/max_county_39095_march_2020.shp, 9295648458558.941, 898763854.6762618, 9.668651505949836e-05
census_geographies/1990_block_groups.shp, study_areas/definitions/max_county_39099_march_2020.shp, 9295648458558.941, 1096590392.004841, 0.00011796814357745625
census_geographies/1990_block_groups.shp, study_areas/definitions/max_county_39113_march_2020.shp, 9295648458558.941, 1202647100.9966218, 0.00012937742927329485
census_geographies/1990_block_groups.shp, study_areas/definitions/max_county_39139_march_2020.shp, 9295648458558.941, 1295837227.8207273, 0.00013940256385530468
census_geographies/1990_block_groups.shp, study_areas/definitions/max_county_39151_march_2020.shp, 9295648458558.941, 1504545246.628827, 0.00016185479187775452
census_geographies/1990_block_groups.shp, study_areas/definitions/max_county_39153_march_2020.shp, 9295648458558.941, 1087877374.0015705, 0.00011703082134091577
census_geographies/1990_block_groups.shp, study_areas/definitions/max_county_40031_march_2020.shp, 9295648458558.941, 2807108166.305211, 0.0003019808869515256
census_geographies/1990_block_groups.shp, study_areas/definitions/max_county_40047_march_2020.shp, 9295648458558.941, 2745256558.124289, 0.0002953270630191057
census_geographies/1990_block_groups.shp, study_areas/definitions/max_county_40109_march_2020.shp, 9295648458558.941, 1860439503.5856414, 0.00020014090591739697
census_geographies/1990_block_groups.shp, study_areas/definitions/max_county_40143_march_2020.shp, 9295648458558.941, 1520380895.4656618, 0.00016355834692369152
census_geographies/1990_block_groups.shp, study_areas/definitions/max_county_41003_march_2020.shp, 9295648458558.941, 1758504497.622291, 0.0001891750215664786
census_geographies/1990_block_groups.shp, study_areas/definitions/max_county_41017_march_2020.shp, 9295648458558.941, 7911898105.271024, 0.00085113998668766
census_geographies/1990_block_groups.shp, study_areas/definitions/max_county_41029_march_2020.shp, 9295648458558.941, 7256396477.142182, 0.0007806229451868822
census_geographies/1990_block_groups.shp, study_areas/definitions/max_county_41033_march_2020.shp, 9295648458558.941, 4251831838.233587, 0.00045740024025098805
census_geographies/1990_block_groups.shp, study_areas/definitions/max_county_41039_march_2020.shp, 9295648458558.941, 11959969346.294613, 0.0012866202287676344
census_geographies/1990_block_groups.shp, study_areas/definitions/max_county_41043_march_2020.shp, 9295648458558.941, 5982389192.45906, 0.0006435687858818276
census_geographies/1990_block_groups.shp, study_areas/definitions/max_county_41047_march_2020.shp, 9295648458558.941, 3093494330.8732576, 0.0003327895137885654
census_geographies/1990_block_groups.shp, study_areas/definitions/max_county_41051_march_2020.shp, 9295648458558.941, 1205690931.083658, 0.00012970487604590099
census_geographies/1990_block_groups.shp, study_areas/definitions/max_county_42001_march_2020.shp, 9295648458558.941, 1350727900.616129, 0.0001453075497247801
census_geographies/1990_block_groups.shp, study_areas/definitions/max_county_42003_march_2020.shp, 9295648458558.941, 1928785217.2470107, 0.0002074933476503285
census_geographies/1990_block_groups.shp, study_areas/definitions/max_county_42011_march_2020.shp, 9295648458558.941, 2242019562.0381336, 0.00024119022702217194
census_geographies/1990_block_groups.shp, study_areas/definitions/max_county_42013_march_2020.shp, 9295648458558.941, 1365216123.1483183, 0.0001468661523975016
census_geographies/1990_block_groups.shp, study_areas/definitions/max_county_42021_march_2020.shp, 9295648458558.941, 1795970427.209852, 0.00019320550203856058
census_geographies/1990_block_groups.shp, study_areas/definitions/max_county_42027_march_2020.shp, 9295648458558.941, 2879676493.5707364, 0.0003097875857083733
census_geographies/1990_block_groups.shp, study_areas/definitions/max_county_42037_march_2020.shp, 9295648458558.941, 1268535697.0105217, 0.00013646554112559206
census_geographies/1990_block_groups.shp, study_areas/definitions/max_county_42043_march_2020.shp, 9295648458558.941, 1444001577.289587, 0.0001553416723671415
census_geographies/1990_block_groups.shp, study_areas/definitions/max_county_42049_march_2020.shp, 9295648458558.941, 2082404381.0495846, 0.0002240192699124951
census_geographies/1990_block_groups.shp, study_areas/definitions/max_county_42055_march_2020.shp, 9295648458558.941, 2001100341.2611775, 0.00021527280750582495
census_geographies/1990_block_groups.shp, study_areas/definitions/max_county_42071_march_2020.shp, 9295648458558.941, 2548041314.460176, 0.0002741111957729075
census_geographies/1990_block_groups.shp, study_areas/definitions/max_county_42075_march_2020.shp, 9295648458558.941, 939129482.0988361, 0.0001010289369575003
census_geographies/1990_block_groups.shp, study_areas/definitions/max_county_42077_march_2020.shp, 9295648458558.941, 902207967.2099825, 9.705702310410385e-05
census_geographies/1990_block_groups.shp, study_areas/definitions/max_county_42079_march_2020.shp, 9295648458558.941, 2349342640.325868, 0.0002527357452037375
census_geographies/1990_block_groups.shp, study_areas/definitions/max_county_42081_march_2020.shp, 9295648458558.941, 3221307171.2806907, 0.000346539263574956
census_geographies/1990_block_groups.shp, study_areas/definitions/max_county_42089_march_2020.shp, 9295648458558.941, 1595377010.8080711, 0.00017162622036756697
census_geographies/1990_block_groups.shp, study_areas/definitions/max_county_42101_march_2020.shp, 9295648458558.941, 352474816.6753982, 3.791826016729989e-05
census_geographies/1990_block_groups.shp, study_areas/definitions/max_county_42133_march_2020.shp, 9295648458558.941, 2357546736.8466487, 0.0002536183190830484
census_geographies/1990_block_groups.shp, study_areas/definitions/max_county_44007_march_2020.shp, 9295648458558.941, 1114557214.7756093, 0.00011990096438612456
census_geographies/1990_block_groups.shp, study_areas/definitions/max_county_45013_march_2020.shp, 9295648458558.941, 1534760761.3839831, 0.0001651052928933491
census_geographies/1990_block_groups.shp, study_areas/definitions/max_county_45019_march_2020.shp, 9295648458558.941, 2450946933.8833156, 0.00026366605243409495
census_geographies/1990_block_groups.shp, study_areas/definitions/max_county_45041_march_2020.shp, 9295648458558.941, 2083825683.8554072, 0.00022417216971417747
census_geographies/1990_block_groups.shp, study_areas/definitions/max_county_45045_march_2020.shp, 9295648458558.941, 2064176198.0904164, 0.00022205833270188183
census_geographies/1990_block_groups.shp, study_areas/definitions/max_county_45051_march_2020.shp, 9295648458558.941, 2963677666.3459353, 0.0003188241981781419
census_geographies/1990_block_groups.shp, study_areas/definitions/max_county_45079_march_2020.shp, 9295648458558.941, 1998667746.4022179, 0.00021501111571855435
census_geographies/1990_block_groups.shp, study_areas/definitions/max_county_45083_march_2020.shp, 9295648458558.941, 2121592441.297886, 0.0002282350124099665
census_geographies/1990_block_groups.shp, study_areas/definitions/max_county_45085_march_2020.shp, 9295648458558.941, 1766482599.557188, 0.00019003328357697352
census_geographies/1990_block_groups.shp, study_areas/definitions/max_county_46099_march_2020.shp, 9295648458558.941, 2107413459.0959814, 0.0002267096769516479
census_geographies/1990_block_groups.shp, study_areas/definitions/max_county_46103_march_2020.shp, 9295648458558.941, 7211245550.898446, 0.0007757657341547499
census_geographies/1990_block_groups.shp, study_areas/definitions/max_county_47011_march_2020.shp, 9295648458558.941, 858585390.328317, 9.236422764436375e-05
census_geographies/1990_block_groups.shp, study_areas/definitions/max_county_47037_march_2020.shp, 9295648458558.941, 1362608640.6352727, 0.00014658564668295463
census_geographies/1990_block_groups.shp, study_areas/definitions/max_county_47063_march_2020.shp, 9295648458558.941, 455247486.7025492, 4.8974258087759486e-05
census_geographies/1990_block_groups.shp, study_areas/definitions/max_county_47065_march_2020.shp, 9295648458558.941, 1491133215.6373131, 0.00016041196289693556
census_geographies/1990_block_groups.shp, study_areas/definitions/max_county_47093_march_2020.shp, 9295648458558.941, 1361786353.2034411, 0.00014649718728870176
census_geographies/1990_block_groups.shp, study_areas/definitions/max_county_47113_march_2020.shp, 9295648458558.941, 1446865694.2994273, 0.00015564978610687778
census_geographies/1990_block_groups.shp, study_areas/definitions/max_county_47125_march_2020.shp, 9295648458558.941, 1408541295.3025537, 0.0001515269538840664
census_geographies/1990_block_groups.shp, study_areas/definitions/max_county_47157_march_2020.shp, 9295648458558.941, 2028296255.4419491, 0.00021819846829237622
census_geographies/1990_block_groups.shp, study_areas/definitions/max_county_47163_march_2020.shp, 9295648458558.941, 1112894217.1469705, 0.00011972206372781625
census_geographies/1990_block_groups.shp, study_areas/definitions/max_county_47179_march_2020.shp, 9295648458558.941, 853922316.4374061, 9.18625871281911e-05
census_geographies/1990_block_groups.shp, study_areas/definitions/max_county_48027_march_2020.shp, 9295648458558.941, 2815652844.0686426, 0.00030290009961339906
census_geographies/1990_block_groups.shp, study_areas/definitions/max_county_48029_march_2020.shp, 9295648458558.941, 3254814855.8346105, 0.00035014392705844517
census_geographies/1990_block_groups.shp, study_areas/definitions/max_county_48037_march_2020.shp, 9295648458558.941, 2389995085.260009, 0.00025710902213168656
census_geographies/1990_block_groups.shp, study_areas/definitions/max_county_48041_march_2020.shp, 9295648458558.941, 1528878523.302058, 0.00016447249808531082
census_geographies/1990_block_groups.shp, study_areas/definitions/max_county_48061_march_2020.shp, 9295648458558.941, 2466069822.2960525, 0.00026529293069655897
census_geographies/1990_block_groups.shp, study_areas/definitions/max_county_48113_march_2020.shp, 9295648458558.941, 2353766812.145203, 0.000253211685299693
census_geographies/1990_block_groups.shp, study_areas/definitions/max_county_48135_march_2020.shp, 9295648458558.941, 2335408212.943908, 0.0002512367182725792
census_geographies/1990_block_groups.shp, study_areas/definitions/max_county_48141_march_2020.shp, 9295648458558.941, 2628013627.983605, 0.00028271439477295086
census_geographies/1990_block_groups.shp, study_areas/definitions/max_county_48181_march_2020.shp, 9295648458558.941, 2536123833.2113204, 0.0002728291462954574
census_geographies/1990_block_groups.shp, study_areas/definitions/max_county_48183_march_2020.shp, 9295648458558.941, 713666845.570803, 7.677429377330812e-05
census_geographies/1990_block_groups.shp, study_areas/definitions/max_county_48201_march_2020.shp, 9295648458558.941, 4567234220.591994, 0.0004913303510726813
census_geographies/1990_block_groups.shp, study_areas/definitions/max_county_48215_march_2020.shp, 9295648458558.941, 4099200889.088404, 0.0004409806273723784
census_geographies/1990_block_groups.shp, study_areas/definitions/max_county_48245_march_2020.shp, 9295648458558.941, 2488680942.9914556, 0.00026772537215518407
census_geographies/1990_block_groups.shp, study_areas/definitions/max_county_48303_march_2020.shp, 9295648458558.941, 2332821342.8784184, 0.000250958429987795
census_geographies/1990_block_groups.shp, study_areas/definitions/max_county_48309_march_2020.shp, 9295648458558.941, 2746018223.092557, 0.00029540900081738447
census_geographies/1990_block_groups.shp, study_areas/definitions/max_county_48329_march_2020.shp, 9295648458558.941, 2336120630.9401083, 0.00025131335821861164
census_geographies/1990_block_groups.shp, study_areas/definitions/max_county_48355_march_2020.shp, 9295648458558.941, 2194367451.615728, 0.0002360639455545751
census_geographies/1990_block_groups.shp, study_areas/definitions/max_county_48381_march_2020.shp, 9295648458558.941, 2389084337.379605, 0.0002570110464084797
census_geographies/1990_block_groups.shp, study_areas/definitions/max_county_48423_march_2020.shp, 9295648458558.941, 2460155518.1329656, 0.0002646566863087195
census_geographies/1990_block_groups.shp, study_areas/definitions/max_county_48441_march_2020.shp, 9295648458558.941, 2380884105.7207627, 0.0002561288883002638
census_geographies/1990_block_groups.shp, study_areas/definitions/max_county_48451_march_2020.shp, 9295648458558.941, 3990038233.556932, 0.0004292372125887695
census_geographies/1990_block_groups.shp, study_areas/definitions/max_county_48453_march_2020.shp, 9295648458558.941, 2647332780.165052, 0.000284792695417341
census_geographies/1990_block_groups.shp, study_areas/definitions/max_county_48469_march_2020.shp, 9295648458558.941, 2299917291.3738327, 0.00024741870366840204
census_geographies/1990_block_groups.shp, study_areas/definitions/max_county_48479_march_2020.shp, 9295648458558.941, 8742783512.210466, 0.000940524327182422
census_geographies/1990_block_groups.shp, study_areas/definitions/max_county_48485_march_2020.shp, 9295648458558.941, 1639510721.6230214, 0.00017637400219383797
census_geographies/1990_block_groups.shp, study_areas/definitions/max_county_49005_march_2020.shp, 9295648458558.941, 3037627605.7117934, 0.0003267795269209978
census_geographies/1990_block_groups.shp, study_areas/definitions/max_county_49011_march_2020.shp, 9295648458558.941, 1641100495.3011098, 0.00017654502562326044
census_geographies/1990_block_groups.shp, study_areas/definitions/max_county_49035_march_2020.shp, 9295648458558.941, 2092123516.8008823, 0.00022506482749727543
census_geographies/1990_block_groups.shp, study_areas/definitions/max_county_49049_march_2020.shp, 9295648458558.941, 5546753579.15202, 0.0005967043185722953
census_geographies/1990_block_groups.shp, study_areas/definitions/max_county_49053_march_2020.shp, 9295648458558.941, 6293430607.011962, 0.000677029755919535
census_geographies/1990_block_groups.shp, study_areas/definitions/max_county_50007_march_2020.shp, 9295648458558.941, 1604840367.783186, 0.00017264426198320074
census_geographies/1990_block_groups.shp, study_areas/definitions/max_county_51003_march_2020.shp, 9295648458558.941, 1880843205.2446623, 0.00020233587937728878
census_geographies/1990_block_groups.shp, study_areas/definitions/max_county_51015_march_2020.shp, 9295648458558.941, 2517951575.565973, 0.0002708742253745166
census_geographies/1990_block_groups.shp, study_areas/definitions/max_county_51019_march_2020.shp, 9295648458558.941, 2010041003.0334096, 0.00021623461902570877
census_geographies/1990_block_groups.shp, study_areas/definitions/max_county_51041_march_2020.shp, 9295648458558.941, 1135627361.5860147, 0.0001221676321613033
census_geographies/1990_block_groups.shp, study_areas/definitions/max_county_51059_march_2020.shp, 9295648458558.941, 1029977419.4927429, 0.0001108021053167511
census_geographies/1990_block_groups.shp, study_areas/definitions/max_county_51069_march_2020.shp, 9295648458558.941, 1076405027.0016758, 0.00011579665816757292
census_geographies/1990_block_groups.shp, study_areas/definitions/max_county_51121_march_2020.shp, 9295648458558.941, 1008598065.4238048, 0.00010850217388493656
census_geographies/1990_block_groups.shp, study_areas/definitions/max_county_51165_march_2020.shp, 9295648458558.941, 2210142398.030615, 0.00023776097040283754
census_geographies/1990_block_groups.shp, study_areas/definitions/max_county_51770_march_2020.shp, 9295648458558.941, 111281507.77420019, 1.1971355013080132e-05
census_geographies/1990_block_groups.shp, study_areas/definitions/max_county_51810_march_2020.shp, 9295648458558.941, 662453095.139261, 7.12648609822706e-05
census_geographies/1990_block_groups.shp, study_areas/definitions/max_county_53005_march_2020.shp, 9295648458558.941, 4558621076.068967, 0.0004904037729472902
census_geographies/1990_block_groups.shp, study_areas/definitions/max_county_53007_march_2020.shp, 9295648458558.941, 7753403672.651335, 0.0008340895965695014
census_geographies/1990_block_groups.shp, study_areas/definitions/max_county_53015_march_2020.shp, 9295648458558.941, 3019984281.3295946, 0.0003248815071689757
census_geographies/1990_block_groups.shp, study_areas/definitions/max_county_53033_march_2020.shp, 9295648458558.941, 5579200226.521043, 0.000600194838627316
census_geographies/1990_block_groups.shp, study_areas/definitions/max_county_53035_march_2020.shp, 9295648458558.941, 1031735004.4463445, 0.00011099118141633007
census_geographies/1990_block_groups.shp, study_areas/definitions/max_county_53057_march_2020.shp, 9295648458558.941, 4545166217.656387, 0.0004889563367116619
census_geographies/1990_block_groups.shp, study_areas/definitions/max_county_53063_march_2020.shp, 9295648458558.941, 4611957881.893048, 0.0004961415981309622
census_geographies/1990_block_groups.shp, study_areas/definitions/max_county_53067_march_2020.shp, 9295648458558.941, 1905236728.2614558, 0.00020496006671887583
census_geographies/1990_block_groups.shp, study_areas/definitions/max_county_53071_march_2020.shp, 9295648458558.941, 3364955418.174477, 0.0003619925423358931
census_geographies/1990_block_groups.shp, study_areas/definitions/max_county_53073_march_2020.shp, 9295648458558.941, 5603004606.79481, 0.0006027556476316464
census_geographies/1990_block_groups.shp, study_areas/definitions/max_county_53077_march_2020.shp, 9295648458558.941, 11166847770.6269, 0.0012012984161793529
census_geographies/1990_block_groups.shp, study_areas/definitions/max_county_54011_march_2020.shp, 9295648458558.941, 745981917.0881857, 8.025065926426305e-05
census_geographies/1990_block_groups.shp, study_areas/definitions/max_county_54039_march_2020.shp, 9295648458558.941, 2359448113.687695, 0.0002538228639138392
census_geographies/1990_block_groups.shp, study_areas/definitions/max_county_54061_march_2020.shp, 9295648458558.941, 947653821.2651908, 0.00010194596164968366
census_geographies/1990_block_groups.shp, study_areas/definitions/max_county_54081_march_2020.shp, 9295648458558.941, 1578184114.7670617, 0.00016977665644336552
census_geographies/1990_block_groups.shp, study_areas/definitions/max_county_54107_march_2020.shp, 9295648458558.941, 976261498.6663678, 0.00010502349599585791
census_geographies/1990_block_groups.shp, study_areas/definitions/max_county_55009_march_2020.shp, 9295648458558.941, 1384738130.195289, 0.0001489662756039677
census_geographies/1990_block_groups.shp, study_areas/definitions/max_county_55025_march_2020.shp, 9295648458558.941, 3154467016.292353, 0.00033934878565549526
census_geographies/1990_block_groups.shp, study_areas/definitions/max_county_55035_march_2020.shp, 9295648458558.941, 1671246796.011514, 0.00017978808078447913
census_geographies/1990_block_groups.shp, study_areas/definitions/max_county_55039_march_2020.shp, 9295648458558.941, 1983388395.8817174, 0.0002133674056978261
census_geographies/1990_block_groups.shp, study_areas/definitions/max_county_55063_march_2020.shp, 9295648458558.941, 1242958375.4745688, 0.00013371400403272766
census_geographies/1990_block_groups.shp, study_areas/definitions/max_county_55073_march_2020.shp, 9295648458558.941, 4082124947.8033156, 0.00043914364511544226
census_geographies/1990_block_groups.shp, study_areas/definitions/max_county_55079_march_2020.shp, 9295648458558.941, 628643273.8326886, 6.762769446749754e-05
census_geographies/1990_block_groups.shp, study_areas/definitions/max_county_55087_march_2020.shp, 9295648458558.941, 1668956990.8230429, 0.0001795417499127084
census_geographies/1990_block_groups.shp, study_areas/definitions/max_county_55101_march_2020.shp, 9295648458558.941, 881010433.7857039, 9.477665143140349e-05
census_geographies/1990_block_groups.shp, study_areas/definitions/max_county_55105_march_2020.shp, 9295648458558.941, 1880823861.8283353, 0.00020233379846637512
census_geographies/1990_block_groups.shp, study_areas/definitions/max_county_55117_march_2020.shp, 9295648458558.941, 1340638046.3928843, 0.00014422211127815355
census_geographies/1990_block_groups.shp, study_areas/definitions/max_county_55139_march_2020.shp, 9295648458558.941, 1498806796.4328504, 0.00016123746537045818
census_geographies/1990_block_groups.shp, study_areas/definitions/max_county_56021_march_2020.shp, 9295648458558.941, 6960899453.850172, 0.0007488341975153916
census_geographies/1990_block_groups.shp, study_areas/definitions/max_county_56025_march_2020.shp, 9295648458558.941, 13922899747.44437, 0.0014977868203078291
