filename, target_name, source_area, overlap_area, overlap_percentage
census_geographies/2020_block_groups.shp, study_areas/definitions/max_city_0107000_march_2020.shp, 1168.8286754206283, 0.03325039856649988, 2.844762390393443e-05
census_geographies/2020_block_groups.shp, study_areas/definitions/max_city_0121184_march_2020.shp, 1168.8286754206283, 0.020605170086500056, 1.7628905347556467e-05
census_geographies/2020_block_groups.shp, study_areas/definitions/max_city_0126896_march_2020.shp, 1168.8286754206283, 0.005996749872499997, 5.130563613475633e-06
census_geographies/2020_block_groups.shp, study_areas/definitions/max_city_0128696_march_2020.shp, 1168.8286754206283, 0.011567588184999986, 9.896735448278713e-06
census_geographies/2020_block_groups.shp, study_areas/definitions/max_city_0137000_march_2020.shp, 1168.8286754206283, 0.05480499517899962, 4.688881812321798e-05
census_geographies/2020_block_groups.shp, study_areas/definitions/max_city_0150000_march_2020.shp, 1168.8286754206283, 0.03412303737100008, 2.919421647378746e-05
census_geographies/2020_block_groups.shp, study_areas/definitions/max_city_0151000_march_2020.shp, 1168.8286754206283, 0.03862209785000017, 3.304342087269648e-05
census_geographies/2020_block_groups.shp, study_areas/definitions/max_city_0157576_march_2020.shp, 1168.8286754206283, 0.005237264567999906, 4.4807803556968374e-06
census_geographies/2020_block_groups.shp, study_areas/definitions/max_city_0177256_march_2020.shp, 1168.8286754206283, 0.015375696608499936, 1.3154790716412445e-05
census_geographies/2020_block_groups.shp, study_areas/definitions/max_city_0203000_march_2020.shp, 1168.8286754206283, 0.8401564365494968, 0.0007188020402110243
census_geographies/2020_block_groups.shp, study_areas/definitions/max_city_0224230_march_2020.shp, 1168.8286754206283, 0.004163504851999908, 3.5621173056021927e-06
census_geographies/2020_block_groups.shp, study_areas/definitions/max_city_0423620_march_2020.shp, 1168.8286754206283, 0.01622722758099997, 1.3883324324807698e-05
census_geographies/2020_block_groups.shp, study_areas/definitions/max_city_0454050_march_2020.shp, 1168.8286754206283, 0.02039149756199972, 1.744609624217287e-05
census_geographies/2020_block_groups.shp, study_areas/definitions/max_city_0455000_march_2020.shp, 1168.8286754206283, 0.1284543083210002, 0.00010990003156345658
census_geographies/2020_block_groups.shp, study_areas/definitions/max_city_0466820_march_2020.shp, 1168.8286754206283, 0.0361533452185002, 3.0931261337757335e-05
census_geographies/2020_block_groups.shp, study_areas/definitions/max_city_0477000_march_2020.shp, 1168.8286754206283, 0.055982186275000095, 4.789597265386537e-05
census_geographies/2020_block_groups.shp, study_areas/definitions/max_city_0485540_march_2020.shp, 1168.8286754206283, 0.011028145634499947, 9.435211392748582e-06
census_geographies/2020_block_groups.shp, study_areas/definitions/max_city_0523290_march_2020.shp, 1168.8286754206283, 0.011433134704499985, 9.781702780679576e-06
census_geographies/2020_block_groups.shp, study_areas/definitions/max_city_0524550_march_2020.shp, 1168.8286754206283, 0.0158844541254999, 1.3590061965055346e-05
census_geographies/2020_block_groups.shp, study_areas/definitions/max_city_0533400_march_2020.shp, 1168.8286754206283, 0.007030573977999961, 6.0150594572552365e-06
census_geographies/2020_block_groups.shp, study_areas/definitions/max_city_0535710_march_2020.shp, 1168.8286754206283, 0.018411084094999954, 1.575173888369425e-05
census_geographies/2020_block_groups.shp, study_areas/definitions/max_city_0541000_march_2020.shp, 1168.8286754206283, 0.02739227179300001, 2.343566030594031e-05
census_geographies/2020_block_groups.shp, study_areas/definitions/max_city_0555310_march_2020.shp, 1168.8286754206283, 0.008341292915499753, 7.136454718222889e-06
census_geographies/2020_block_groups.shp, study_areas/definitions/max_city_0602000_march_2020.shp, 1168.8286754206283, 0.011639048083000035, 9.957873491434893e-06
census_geographies/2020_block_groups.shp, study_areas/definitions/max_city_0603526_march_2020.shp, 1168.8286754206283, 0.036674410873000086, 3.137706290428065e-05
census_geographies/2020_block_groups.shp, study_areas/definitions/max_city_0613014_march_2020.shp, 1168.8286754206283, 0.005923565178499915, 5.067949908371466e-06
census_geographies/2020_block_groups.shp, study_areas/definitions/max_city_0621782_march_2020.shp, 1168.8286754206283, 0.0018875541750000002, 1.6149109058440262e-06
census_geographies/2020_block_groups.shp, study_areas/definitions/max_city_0627000_march_2020.shp, 1168.8286754206283, 0.03249297920100036, 2.7799608175515593e-05
census_geographies/2020_block_groups.shp, study_areas/definitions/max_city_0644000_march_2020.shp, 1168.8286754206283, 0.12096667860950039, 0.000103493934700026
census_geographies/2020_block_groups.shp, study_areas/definitions/max_city_0646898_march_2020.shp, 1168.8286754206283, 0.008653956941499912, 7.403956733338697e-06
census_geographies/2020_block_groups.shp, study_areas/definitions/max_city_0648354_march_2020.shp, 1168.8286754206283, 0.009295399608499868, 7.952747741369981e-06
census_geographies/2020_block_groups.shp, study_areas/definitions/max_city_0659920_march_2020.shp, 1168.8286754206283, 0.016009020596500133, 1.3696635728704158e-05
census_geographies/2020_block_groups.shp, study_areas/definitions/max_city_0664000_march_2020.shp, 1168.8286754206283, 0.026353778408000145, 2.2547169625622135e-05
census_geographies/2020_block_groups.shp, study_areas/definitions/max_city_0664224_march_2020.shp, 1168.8286754206283, 0.006081343875999997, 5.202938637530854e-06
census_geographies/2020_block_groups.shp, study_areas/definitions/max_city_0666000_march_2020.shp, 1168.8286754206283, 0.08528273576350041, 7.296427402656731e-05
census_geographies/2020_block_groups.shp, study_areas/definitions/max_city_0668000_march_2020.shp, 1168.8286754206283, 0.04384595661199981, 3.75127317921259e-05
census_geographies/2020_block_groups.shp, study_areas/definitions/max_city_0669112_march_2020.shp, 1168.8286754206283, 0.0031866771285000563, 2.726385137114523e-06
census_geographies/2020_block_groups.shp, study_areas/definitions/max_city_0669196_march_2020.shp, 1168.8286754206283, 0.0049811771589999, 4.2616828828290985e-06
census_geographies/2020_block_groups.shp, study_areas/definitions/max_city_0670098_march_2020.shp, 1168.8286754206283, 0.008955769370500147, 7.662174584549116e-06
census_geographies/2020_block_groups.shp, study_areas/definitions/max_city_0675000_march_2020.shp, 1168.8286754206283, 0.0160541805234999, 1.3735272637559526e-05
census_geographies/2020_block_groups.shp, study_areas/definitions/max_city_0681666_march_2020.shp, 1168.8286754206283, 0.018497088978999994, 1.5825320996974527e-05
census_geographies/2020_block_groups.shp, study_areas/definitions/max_city_0682954_march_2020.shp, 1168.8286754206283, 0.010300229109499952, 8.812437037269975e-06
census_geographies/2020_block_groups.shp, study_areas/definitions/max_city_0686972_march_2020.shp, 1168.8286754206283, 0.0035908998439999934, 3.0722208647967424e-06
census_geographies/2020_block_groups.shp, study_areas/definitions/max_city_0807850_march_2020.shp, 1168.8286754206283, 0.009024875081499965, 7.721298485641763e-06
census_geographies/2020_block_groups.shp, study_areas/definitions/max_city_0816000_march_2020.shp, 1168.8286754206283, 0.044247358968499885, 3.785615454084964e-05
census_geographies/2020_block_groups.shp, study_areas/definitions/max_city_0820000_march_2020.shp, 1168.8286754206283, 0.04212047048749981, 3.6036479403058665e-05
census_geographies/2020_block_groups.shp, study_areas/definitions/max_city_0827425_march_2020.shp, 1168.8286754206283, 0.015389162992500186, 1.3166311980634854e-05
census_geographies/2020_block_groups.shp, study_areas/definitions/max_city_0831660_march_2020.shp, 1168.8286754206283, 0.010867204034499998, 9.297516619011079e-06
census_geographies/2020_block_groups.shp, study_areas/definitions/max_city_0862000_march_2020.shp, 1168.8286754206283, 0.017164779805000245, 1.468545404981883e-05
census_geographies/2020_block_groups.shp, study_areas/definitions/max_city_0877290_march_2020.shp, 1168.8286754206283, 0.010056345816000093, 8.60378088549299e-06
census_geographies/2020_block_groups.shp, study_areas/definitions/max_city_0908000_march_2020.shp, 1168.8286754206283, 0.005399864040500024, 4.619893534488077e-06
census_geographies/2020_block_groups.shp, study_areas/definitions/max_city_0937000_march_2020.shp, 1168.8286754206283, 0.00506338617799995, 4.332017415792594e-06
census_geographies/2020_block_groups.shp, study_areas/definitions/max_city_0952000_march_2020.shp, 1168.8286754206283, 0.005678650884499887, 4.858411676507082e-06
census_geographies/2020_block_groups.shp, study_areas/definitions/max_city_0956200_march_2020.shp, 1168.8286754206283, 0.008219374508500103, 7.032146525274274e-06
census_geographies/2020_block_groups.shp, study_areas/definitions/max_city_1021200_march_2020.shp, 1168.8286754206283, 0.005309374616500091, 4.542474639911959e-06
census_geographies/2020_block_groups.shp, study_areas/definitions/max_city_1150000_march_2020.shp, 1168.8286754206283, 0.018383536336500143, 1.5728170195588697e-05
census_geographies/2020_block_groups.shp, study_areas/definitions/max_city_1207525_march_2020.shp, 1168.8286754206283, 0.009787023616500115, 8.373360289931322e-06
census_geographies/2020_block_groups.shp, study_areas/definitions/max_city_1210275_march_2020.shp, 1168.8286754206283, 0.02678701610399977, 2.2917829334020987e-05
census_geographies/2020_block_groups.shp, study_areas/definitions/max_city_1217200_march_2020.shp, 1168.8286754206283, 0.009121539360499909, 7.804000322987734e-06
census_geographies/2020_block_groups.shp, study_areas/definitions/max_city_1225175_march_2020.shp, 1168.8286754206283, 0.011684414974499806, 9.996687470295779e-06
census_geographies/2020_block_groups.shp, study_areas/definitions/max_city_1232400_march_2020.shp, 1168.8286754206283, 0.004435455338499971, 3.7947865515053145e-06
census_geographies/2020_block_groups.shp, study_areas/definitions/max_city_1235000_march_2020.shp, 1168.8286754206283, 0.2190006092909999, 0.00018736758765110532
census_geographies/2020_block_groups.shp, study_areas/definitions/max_city_1238250_march_2020.shp, 1168.8286754206283, 0.01610125908450017, 1.3775551047894836e-05
census_geographies/2020_block_groups.shp, study_areas/definitions/max_city_1245000_march_2020.shp, 1168.8286754206283, 0.010715439318999891, 9.167673196539011e-06
census_geographies/2020_block_groups.shp, study_areas/definitions/max_city_1248050_march_2020.shp, 1168.8286754206283, 0.006221877972000053, 5.3231736206001065e-06
census_geographies/2020_block_groups.shp, study_areas/definitions/max_city_1249675_march_2020.shp, 1168.8286754206283, 0.017769772853000014, 1.5203060317291733e-05
census_geographies/2020_block_groups.shp, study_areas/definitions/max_city_1253000_march_2020.shp, 1168.8286754206283, 0.028225521809500075, 2.4148553507504004e-05
census_geographies/2020_block_groups.shp, study_areas/definitions/max_city_1254000_march_2020.shp, 1168.8286754206283, 0.015564239076500175, 1.3316099616480616e-05
census_geographies/2020_block_groups.shp, study_areas/definitions/max_city_1254700_march_2020.shp, 1168.8286754206283, 0.0063326323734998, 5.417930366245391e-06
census_geographies/2020_block_groups.shp, study_areas/definitions/max_city_1255925_march_2020.shp, 1168.8286754206283, 0.008652915213999853, 7.40306547568737e-06
census_geographies/2020_block_groups.shp, study_areas/definitions/max_city_1258715_march_2020.shp, 1168.8286754206283, 0.023455547834000064, 2.0067567067140165e-05
census_geographies/2020_block_groups.shp, study_areas/definitions/max_city_1264875_march_2020.shp, 1168.8286754206283, 0.004053028440499988, 3.467598396353014e-06
census_geographies/2020_block_groups.shp, study_areas/definitions/max_city_1270600_march_2020.shp, 1168.8286754206283, 0.020901883286499997, 1.7882760515759935e-05
census_geographies/2020_block_groups.shp, study_areas/definitions/max_city_1271000_march_2020.shp, 1168.8286754206283, 0.02971632311950013, 2.5424019571393618e-05
census_geographies/2020_block_groups.shp, study_areas/definitions/max_city_1271625_march_2020.shp, 1168.8286754206283, 0.008947132153500015, 7.654784949796166e-06
census_geographies/2020_block_groups.shp, study_areas/definitions/max_city_1274200_march_2020.shp, 1168.8286754206283, 0.002716577354000007, 2.324187805387635e-06
census_geographies/2020_block_groups.shp, study_areas/definitions/max_city_1301052_march_2020.shp, 1168.8286754206283, 0.015929462531499846, 1.3628569239000989e-05
census_geographies/2020_block_groups.shp, study_areas/definitions/max_city_1303440_march_2020.shp, 1168.8286754206283, 0.029792374892500053, 2.5489086227097073e-05
census_geographies/2020_block_groups.shp, study_areas/definitions/max_city_1304000_march_2020.shp, 1168.8286754206283, 0.03424020535849983, 2.9294460410271632e-05
census_geographies/2020_block_groups.shp, study_areas/definitions/max_city_1304204_march_2020.shp, 1168.8286754206283, 0.08106670503000031, 6.935721781537119e-05
census_geographies/2020_block_groups.shp, study_areas/definitions/max_city_1311560_march_2020.shp, 1168.8286754206283, 0.00607341729549999, 5.1961569930805635e-06
census_geographies/2020_block_groups.shp, study_areas/definitions/max_city_1319000_march_2020.shp, 1168.8286754206283, 0.05493180674050014, 4.6997312690614596e-05
census_geographies/2020_block_groups.shp, study_areas/definitions/max_city_1321380_march_2020.shp, 1168.8286754206283, 0.005829252276499908, 4.987259808972538e-06
census_geographies/2020_block_groups.shp, study_areas/definitions/max_city_1331908_march_2020.shp, 1168.8286754206283, 0.006819622226999971, 5.834578129721007e-06
census_geographies/2020_block_groups.shp, study_areas/definitions/max_city_1338964_march_2020.shp, 1168.8286754206283, 0.003437341389999829, 2.940842796111951e-06
census_geographies/2020_block_groups.shp, study_areas/definitions/max_city_1349008_march_2020.shp, 1168.8286754206283, 0.06356288645850018, 5.438169664653864e-05
census_geographies/2020_block_groups.shp, study_areas/definitions/max_city_1366668_march_2020.shp, 1168.8286754206283, 0.007913306086, 6.770287427412941e-06
census_geographies/2020_block_groups.shp, study_areas/definitions/max_city_1369000_march_2020.shp, 1168.8286754206283, 0.023440914000999995, 2.00550469833094e-05
census_geographies/2020_block_groups.shp, study_areas/definitions/max_city_1378800_march_2020.shp, 1168.8286754206283, 0.008817225908499997, 7.543642703090705e-06
census_geographies/2020_block_groups.shp, study_areas/definitions/max_city_1522700_march_2020.shp, 1168.8286754206283, 0.007479160224999828, 6.398850731745001e-06
census_geographies/2020_block_groups.shp, study_areas/definitions/max_city_1571550_march_2020.shp, 1168.8286754206283, 0.015062764099500008, 1.2887058998684599e-05
census_geographies/2020_block_groups.shp, study_areas/definitions/max_city_1608830_march_2020.shp, 1168.8286754206283, 0.023630674101500167, 2.021739763784984e-05
census_geographies/2020_block_groups.shp, study_areas/definitions/max_city_1616750_march_2020.shp, 1168.8286754206283, 0.004162242214999998, 3.561037047197807e-06
census_geographies/2020_block_groups.shp, study_areas/definitions/max_city_1639700_march_2020.shp, 1168.8286754206283, 0.006849195223999889, 5.859879525572948e-06
census_geographies/2020_block_groups.shp, study_areas/definitions/max_city_1646540_march_2020.shp, 1168.8286754206283, 0.005681566580500094, 4.860906221739862e-06
census_geographies/2020_block_groups.shp, study_areas/definitions/max_city_1664090_march_2020.shp, 1168.8286754206283, 0.00865773993699992, 7.407193303059787e-06
census_geographies/2020_block_groups.shp, study_areas/definitions/max_city_1682810_march_2020.shp, 1168.8286754206283, 0.004736376468499963, 4.052241845277689e-06
census_geographies/2020_block_groups.shp, study_areas/definitions/max_city_1706613_march_2020.shp, 1168.8286754206283, 0.007926475385500013, 6.781554518798488e-06
census_geographies/2020_block_groups.shp, study_areas/definitions/max_city_1711163_march_2020.shp, 1168.8286754206283, 0.0030698910594999735, 2.626467953821553e-06
census_geographies/2020_block_groups.shp, study_areas/definitions/max_city_1712385_march_2020.shp, 1168.8286754206283, 0.008276622770500019, 7.081125698359083e-06
census_geographies/2020_block_groups.shp, study_areas/definitions/max_city_1714000_march_2020.shp, 1168.8286754206283, 0.06504494465600046, 5.5649682475998995e-05
census_geographies/2020_block_groups.shp, study_areas/definitions/max_city_1718563_march_2020.shp, 1168.8286754206283, 0.003759090011499947, 3.216117203958191e-06
census_geographies/2020_block_groups.shp, study_areas/definitions/max_city_1718823_march_2020.shp, 1168.8286754206283, 0.01172574300499993, 1.0032045971818896e-05
census_geographies/2020_block_groups.shp, study_areas/definitions/max_city_1738934_march_2020.shp, 1168.8286754206283, 0.0043362061204998675, 3.709873150519164e-06
census_geographies/2020_block_groups.shp, study_areas/definitions/max_city_1759000_march_2020.shp, 1168.8286754206283, 0.014089557612000038, 1.2054425005383792e-05
census_geographies/2020_block_groups.shp, study_areas/definitions/max_city_1765000_march_2020.shp, 1168.8286754206283, 0.01633008577299983, 1.3971325410136e-05
census_geographies/2020_block_groups.shp, study_areas/definitions/max_city_1772000_march_2020.shp, 1168.8286754206283, 0.018847912485499888, 1.6125470637274584e-05
census_geographies/2020_block_groups.shp, study_areas/definitions/max_city_1805860_march_2020.shp, 1168.8286754206283, 0.005923879643499989, 5.068218951223243e-06
census_geographies/2020_block_groups.shp, study_areas/definitions/max_city_1814734_march_2020.shp, 1168.8286754206283, 0.006633950683000058, 5.67572546987067e-06
census_geographies/2020_block_groups.shp, study_areas/definitions/max_city_1820728_march_2020.shp, 1168.8286754206283, 0.008148854418999932, 6.971812542216584e-06
census_geographies/2020_block_groups.shp, study_areas/definitions/max_city_1822000_march_2020.shp, 1168.8286754206283, 0.013517813900500025, 1.1565265453155781e-05
census_geographies/2020_block_groups.shp, study_areas/definitions/max_city_1825000_march_2020.shp, 1168.8286754206283, 0.027471347617500218, 2.3503314211224376e-05
census_geographies/2020_block_groups.shp, study_areas/definitions/max_city_1836003_march_2020.shp, 1168.8286754206283, 0.10049606340450008, 8.59801487744424e-05
census_geographies/2020_block_groups.shp, study_areas/definitions/max_city_1840392_march_2020.shp, 1168.8286754206283, 0.010119790549499947, 8.658061495503711e-06
census_geographies/2020_block_groups.shp, study_areas/definitions/max_city_1840788_march_2020.shp, 1168.8286754206283, 0.00692065501250001, 5.921017475045658e-06
census_geographies/2020_block_groups.shp, study_areas/definitions/max_city_1848798_march_2020.shp, 1168.8286754206283, 0.006915652713499988, 5.916737721215849e-06
census_geographies/2020_block_groups.shp, study_areas/definitions/max_city_1851876_march_2020.shp, 1168.8286754206283, 0.0070151544710000706, 6.001867184235119e-06
census_geographies/2020_block_groups.shp, study_areas/definitions/max_city_1871000_march_2020.shp, 1168.8286754206283, 0.011908231454000068, 1.0188175311248787e-05
census_geographies/2020_block_groups.shp, study_areas/definitions/max_city_1875428_march_2020.shp, 1168.8286754206283, 0.009792810634499959, 8.378311415893183e-06
census_geographies/2020_block_groups.shp, study_areas/definitions/max_city_1901855_march_2020.shp, 1168.8286754206283, 0.0049321052150000065, 4.219699018955949e-06
census_geographies/2020_block_groups.shp, study_areas/definitions/max_city_1912000_march_2020.shp, 1168.8286754206283, 0.027025523221499835, 2.3121885858741543e-05
census_geographies/2020_block_groups.shp, study_areas/definitions/max_city_1919000_march_2020.shp, 1168.8286754206283, 0.0160523701169999, 1.373372373091643e-05
census_geographies/2020_block_groups.shp, study_areas/definitions/max_city_1921000_march_2020.shp, 1168.8286754206283, 0.024306520476000053, 2.079562299175525e-05
census_geographies/2020_block_groups.shp, study_areas/definitions/max_city_1922395_march_2020.shp, 1168.8286754206283, 0.006313131933500015, 5.4012466208771765e-06
census_geographies/2020_block_groups.shp, study_areas/definitions/max_city_1973335_march_2020.shp, 1168.8286754206283, 0.01670628239400004, 1.4293183205817501e-05
census_geographies/2020_block_groups.shp, study_areas/definitions/max_city_1982425_march_2020.shp, 1168.8286754206283, 0.0181774648209999, 1.555186418955571e-05
census_geographies/2020_block_groups.shp, study_areas/definitions/max_city_2038900_march_2020.shp, 1168.8286754206283, 0.007248616566500031, 6.2016074031478216e-06
census_geographies/2020_block_groups.shp, study_areas/definitions/max_city_2044250_march_2020.shp, 1168.8286754206283, 0.004789119126999915, 4.097366216033711e-06
census_geographies/2020_block_groups.shp, study_areas/definitions/max_city_2071000_march_2020.shp, 1168.8286754206283, 0.017273896214500158, 1.4778809399319171e-05
census_geographies/2020_block_groups.shp, study_areas/definitions/max_city_2079000_march_2020.shp, 1168.8286754206283, 0.0426385755765, 3.647974803591774e-05
census_geographies/2020_block_groups.shp, study_areas/definitions/max_city_2108902_march_2020.shp, 1168.8286754206283, 0.010728962038000025, 9.179242658586363e-06
census_geographies/2020_block_groups.shp, study_areas/definitions/max_city_2146027_march_2020.shp, 1168.8286754206283, 0.07590028215800021, 6.493704659554648e-05
census_geographies/2020_block_groups.shp, study_areas/definitions/max_city_2148006_march_2020.shp, 1168.8286754206283, 0.07393111876499994, 6.325231432091126e-05
census_geographies/2020_block_groups.shp, study_areas/definitions/max_city_2158620_march_2020.shp, 1168.8286754206283, 0.00486673877050003, 4.163774274915551e-06
census_geographies/2020_block_groups.shp, study_areas/definitions/max_city_2200975_march_2020.shp, 1168.8286754206283, 0.004116991244000031, 3.5223222449761016e-06
census_geographies/2020_block_groups.shp, study_areas/definitions/max_city_2205000_march_2020.shp, 1168.8286754206283, 0.01905252950899991, 1.6300532241941655e-05
census_geographies/2020_block_groups.shp, study_areas/definitions/max_city_2232755_march_2020.shp, 1168.8286754206283, 0.004042372845499957, 3.45848192340526e-06
census_geographies/2020_block_groups.shp, study_areas/definitions/max_city_2236255_march_2020.shp, 1168.8286754206283, 0.0029925169805000316, 2.5602699894602685e-06
census_geographies/2020_block_groups.shp, study_areas/definitions/max_city_2240735_march_2020.shp, 1168.8286754206283, 0.013034267389999984, 1.115156366719812e-05
census_geographies/2020_block_groups.shp, study_areas/definitions/max_city_2241155_march_2020.shp, 1168.8286754206283, 0.01276679650550004, 1.0922726977848684e-05
census_geographies/2020_block_groups.shp, study_areas/definitions/max_city_2251410_march_2020.shp, 1168.8286754206283, 0.006039943738499961, 5.167518444331763e-06
census_geographies/2020_block_groups.shp, study_areas/definitions/max_city_2255000_march_2020.shp, 1168.8286754206283, 0.08477302243349992, 7.252818502505725e-05
census_geographies/2020_block_groups.shp, study_areas/definitions/max_city_2270000_march_2020.shp, 1168.8286754206283, 0.032392613431500045, 2.7713739500652534e-05
census_geographies/2020_block_groups.shp, study_areas/definitions/max_city_2302795_march_2020.shp, 1168.8286754206283, 0.010196077084999903, 8.723329003996778e-06
census_geographies/2020_block_groups.shp, study_areas/definitions/max_city_2338740_march_2020.shp, 1168.8286754206283, 0.01034290880649987, 8.848951967043203e-06
census_geographies/2020_block_groups.shp, study_areas/definitions/max_city_2360545_march_2020.shp, 1168.8286754206283, 0.009981448771499722, 8.539702166279999e-06
census_geographies/2020_block_groups.shp, study_areas/definitions/max_city_2404000_march_2020.shp, 1168.8286754206283, 0.024895140784000108, 2.1299221440679535e-05
census_geographies/2020_block_groups.shp, study_areas/definitions/max_city_2421325_march_2020.shp, 1168.8286754206283, 0.002839598430500019, 2.4294393953657305e-06
census_geographies/2020_block_groups.shp, study_areas/definitions/max_city_2436075_march_2020.shp, 1168.8286754206283, 0.003170688834500015, 2.712706234178396e-06
census_geographies/2020_block_groups.shp, study_areas/definitions/max_city_2446725_march_2020.shp, 1168.8286754206283, 0.0012232250315000423, 1.0465392039255354e-06
census_geographies/2020_block_groups.shp, study_areas/definitions/max_city_2469925_march_2020.shp, 1168.8286754206283, 0.002381203207000033, 2.037255978634427e-06
census_geographies/2020_block_groups.shp, study_areas/definitions/max_city_2503690_march_2020.shp, 1168.8286754206283, 0.019718275709500025, 1.6870116317435467e-05
census_geographies/2020_block_groups.shp, study_areas/definitions/max_city_2507000_march_2020.shp, 1168.8286754206283, 0.03039956213599966, 2.6008569754724505e-05
census_geographies/2020_block_groups.shp, study_areas/definitions/max_city_2553960_march_2020.shp, 1168.8286754206283, 0.012035393305499992, 1.029696957183977e-05
census_geographies/2020_block_groups.shp, study_areas/definitions/max_city_2567000_march_2020.shp, 1168.8286754206283, 0.00932696999800004, 7.979758021117618e-06
census_geographies/2020_block_groups.shp, study_areas/definitions/max_city_2582000_march_2020.shp, 1168.8286754206283, 0.010866062884000107, 9.296540299278437e-06
census_geographies/2020_block_groups.shp, study_areas/definitions/max_city_2603000_march_2020.shp, 1168.8286754206283, 0.008240609676999872, 7.050314430414115e-06
census_geographies/2020_block_groups.shp, study_areas/definitions/max_city_2605920_march_2020.shp, 1168.8286754206283, 0.012710871944499979, 1.0874880306924106e-05
census_geographies/2020_block_groups.shp, study_areas/definitions/max_city_2622000_march_2020.shp, 1168.8286754206283, 0.04047941985449981, 3.4632466421935115e-05
census_geographies/2020_block_groups.shp, study_areas/definitions/max_city_2629000_march_2020.shp, 1168.8286754206283, 0.009753368546999989, 8.34456644682338e-06
census_geographies/2020_block_groups.shp, study_areas/definitions/max_city_2634000_march_2020.shp, 1168.8286754206283, 0.012453025518999971, 1.0654277894507063e-05
census_geographies/2020_block_groups.shp, study_areas/definitions/max_city_2641420_march_2020.shp, 1168.8286754206283, 0.0030747040435000553, 2.6305857378058905e-06
census_geographies/2020_block_groups.shp, study_areas/definitions/max_city_2642160_march_2020.shp, 1168.8286754206283, 0.007043706224500028, 6.026294847673204e-06
census_geographies/2020_block_groups.shp, study_areas/definitions/max_city_2646000_march_2020.shp, 1168.8286754206283, 0.010636365669999703, 9.100021152520044e-06
census_geographies/2020_block_groups.shp, study_areas/definitions/max_city_2653780_march_2020.shp, 1168.8286754206283, 0.01033777886799984, 8.844563010297095e-06
census_geographies/2020_block_groups.shp, study_areas/definitions/max_city_2656320_march_2020.shp, 1168.8286754206283, 0.005781764456499941, 4.94663125407943e-06
census_geographies/2020_block_groups.shp, study_areas/definitions/max_city_2670520_march_2020.shp, 1168.8286754206283, 0.005334508410000084, 4.563978042445225e-06
census_geographies/2020_block_groups.shp, study_areas/definitions/max_city_2717000_march_2020.shp, 1168.8286754206283, 0.02504916612800019, 2.143099896054972e-05
census_geographies/2020_block_groups.shp, study_areas/definitions/max_city_2739878_march_2020.shp, 1168.8286754206283, 0.006384162857000051, 5.462017651733751e-06
census_geographies/2020_block_groups.shp, study_areas/definitions/max_city_2743000_march_2020.shp, 1168.8286754206283, 0.016987212099499844, 1.4533534688808543e-05
census_geographies/2020_block_groups.shp, study_areas/definitions/max_city_2754880_march_2020.shp, 1168.8286754206283, 0.012755262916999983, 1.0912859331081799e-05
census_geographies/2020_block_groups.shp, study_areas/definitions/max_city_2756896_march_2020.shp, 1168.8286754206283, 0.010714671370499999, 9.167016172531952e-06
census_geographies/2020_block_groups.shp, study_areas/definitions/max_city_2829700_march_2020.shp, 1168.8286754206283, 0.01646926208400008, 1.4090398730227301e-05
census_geographies/2020_block_groups.shp, study_areas/definitions/max_city_2831020_march_2020.shp, 1168.8286754206283, 0.013120969922499946, 1.1225742658801625e-05
census_geographies/2020_block_groups.shp, study_areas/definitions/max_city_2836000_march_2020.shp, 1168.8286754206283, 0.029389676929000064, 2.514455501224211e-05
census_geographies/2020_block_groups.shp, study_areas/definitions/max_city_2911242_march_2020.shp, 1168.8286754206283, 0.007895982664499921, 6.7554662462900145e-06
census_geographies/2020_block_groups.shp, study_areas/definitions/max_city_2915670_march_2020.shp, 1168.8286754206283, 0.017563500958000047, 1.5026582875098817e-05
census_geographies/2020_block_groups.shp, study_areas/definitions/max_city_2937000_march_2020.shp, 1168.8286754206283, 0.007443481559000015, 6.368325585716244e-06
census_geographies/2020_block_groups.shp, study_areas/definitions/max_city_2937592_march_2020.shp, 1168.8286754206283, 0.008466057441500013, 7.243197929288754e-06
census_geographies/2020_block_groups.shp, study_areas/definitions/max_city_2938000_march_2020.shp, 1168.8286754206283, 0.08747211810199966, 7.48374162453885e-05
census_geographies/2020_block_groups.shp, study_areas/definitions/max_city_2964550_march_2020.shp, 1168.8286754206283, 0.010241526695000024, 8.762213753281155e-06
census_geographies/2020_block_groups.shp, study_areas/definitions/max_city_2965000_march_2020.shp, 1168.8286754206283, 0.017739520016000078, 1.5177177279310098e-05
census_geographies/2020_block_groups.shp, study_areas/definitions/max_city_2970000_march_2020.shp, 1168.8286754206283, 0.021171987766999804, 1.811385039760477e-05
census_geographies/2020_block_groups.shp, study_areas/definitions/max_city_3006550_march_2020.shp, 1168.8286754206283, 0.017377274764000056, 1.4867255680347222e-05
census_geographies/2020_block_groups.shp, study_areas/definitions/max_city_3032800_march_2020.shp, 1168.8286754206283, 0.004766675153000108, 4.0781641084265124e-06
census_geographies/2020_block_groups.shp, study_areas/definitions/max_city_3050200_march_2020.shp, 1168.8286754206283, 0.007315897793999958, 6.259170353916217e-06
census_geographies/2020_block_groups.shp, study_areas/definitions/max_city_3119595_march_2020.shp, 1168.8286754206283, 0.007677403167499958, 6.568458944367598e-06
census_geographies/2020_block_groups.shp, study_areas/definitions/max_city_3128000_march_2020.shp, 1168.8286754206283, 0.025057946450500093, 2.1438511030269212e-05
census_geographies/2020_block_groups.shp, study_areas/definitions/max_city_3137000_march_2020.shp, 1168.8286754206283, 0.04194672206899985, 3.5887827661230517e-05
census_geographies/2020_block_groups.shp, study_areas/definitions/max_city_3209700_march_2020.shp, 1168.8286754206283, 0.042403990568999635, 3.627904710135524e-05
census_geographies/2020_block_groups.shp, study_areas/definitions/max_city_3240000_march_2020.shp, 1168.8286754206283, 0.028405159681499963, 2.4302244014742154e-05
census_geographies/2020_block_groups.shp, study_areas/definitions/max_city_3260600_march_2020.shp, 1168.8286754206283, 0.02824090468400028, 2.4161714439318643e-05
census_geographies/2020_block_groups.shp, study_areas/definitions/max_city_3345140_march_2020.shp, 1168.8286754206283, 0.009986400565499973, 8.543938710184494e-06
census_geographies/2020_block_groups.shp, study_areas/definitions/max_city_3454360_march_2020.shp, 1168.8286754206283, 0.003427056052000008, 2.9320430992734737e-06
census_geographies/2020_block_groups.shp, study_areas/definitions/max_city_3474000_march_2020.shp, 1168.8286754206283, 0.0022483475494999576, 1.9235903402958875e-06
census_geographies/2020_block_groups.shp, study_areas/definitions/max_city_3476070_march_2020.shp, 1168.8286754206283, 0.018701373931999846, 1.6000098496274273e-05
census_geographies/2020_block_groups.shp, study_areas/definitions/max_city_3502000_march_2020.shp, 1168.8286754206283, 0.04342104373999988, 3.71491944483428e-05
census_geographies/2020_block_groups.shp, study_areas/definitions/max_city_3525800_march_2020.shp, 1168.8286754206283, 0.008428255803499944, 7.210856458896214e-06
census_geographies/2020_block_groups.shp, study_areas/definitions/max_city_3570500_march_2020.shp, 1168.8286754206283, 0.013456727948499992, 1.151300291606663e-05
census_geographies/2020_block_groups.shp, study_areas/definitions/max_city_3601000_march_2020.shp, 1168.8286754206283, 0.006238385430999985, 5.337296698983678e-06
census_geographies/2020_block_groups.shp, study_areas/definitions/max_city_3606607_march_2020.shp, 1168.8286754206283, 0.003136353471500186, 2.683330360945757e-06
census_geographies/2020_block_groups.shp, study_areas/definitions/max_city_3611000_march_2020.shp, 1168.8286754206283, 0.012263672469500126, 1.0492275495454266e-05
census_geographies/2020_block_groups.shp, study_areas/definitions/max_city_3624229_march_2020.shp, 1168.8286754206283, 0.0021360401140000365, 1.8275048849493158e-06
census_geographies/2020_block_groups.shp, study_areas/definitions/max_city_3629333_march_2020.shp, 1168.8286754206283, 0.0011281353390000695, 9.651845156811245e-07
census_geographies/2020_block_groups.shp, study_areas/definitions/max_city_3638077_march_2020.shp, 1168.8286754206283, 0.0009618833065000121, 8.229463622235804e-07
census_geographies/2020_block_groups.shp, study_areas/definitions/max_city_3639853_march_2020.shp, 1168.8286754206283, 0.0006083267564999897, 5.20458446385284e-07
census_geographies/2020_block_groups.shp, study_areas/definitions/max_city_3651000_march_2020.shp, 1168.8286754206283, 0.1303013368484992, 0.00011148027045247453
census_geographies/2020_block_groups.shp, study_areas/definitions/max_city_3659641_march_2020.shp, 1168.8286754206283, 0.0016017377720000604, 1.3703785727396195e-06
census_geographies/2020_block_groups.shp, study_areas/definitions/max_city_3663000_march_2020.shp, 1168.8286754206283, 0.010833011132999988, 9.268262629766072e-06
census_geographies/2020_block_groups.shp, study_areas/definitions/max_city_3673000_march_2020.shp, 1168.8286754206283, 0.007315525288500109, 6.25885165408648e-06
census_geographies/2020_block_groups.shp, study_areas/definitions/max_city_3676540_march_2020.shp, 1168.8286754206283, 0.004861730151499983, 4.159489113963074e-06
census_geographies/2020_block_groups.shp, study_areas/definitions/max_city_3678608_march_2020.shp, 1168.8286754206283, 0.0027269864664999977, 2.3330933984132726e-06
census_geographies/2020_block_groups.shp, study_areas/definitions/max_city_3702140_march_2020.shp, 1168.8286754206283, 0.01083618327350001, 9.270976577983403e-06
census_geographies/2020_block_groups.shp, study_areas/definitions/max_city_3709060_march_2020.shp, 1168.8286754206283, 0.00903057255849996, 7.726173004140331e-06
census_geographies/2020_block_groups.shp, study_areas/definitions/max_city_3712000_march_2020.shp, 1168.8286754206283, 0.08158541021199955, 6.98009998622247e-05
census_geographies/2020_block_groups.shp, study_areas/definitions/max_city_3722920_march_2020.shp, 1168.8286754206283, 0.04128934631849992, 3.532540498601393e-05
census_geographies/2020_block_groups.shp, study_areas/definitions/max_city_3726880_march_2020.shp, 1168.8286754206283, 0.007952454969000034, 6.803781543208778e-06
census_geographies/2020_block_groups.shp, study_areas/definitions/max_city_3728000_march_2020.shp, 1168.8286754206283, 0.030374441722000007, 2.5987077799121505e-05
census_geographies/2020_block_groups.shp, study_areas/definitions/max_city_3728080_march_2020.shp, 1168.8286754206283, 0.012013692506000035, 1.0278403292661045e-05
census_geographies/2020_block_groups.shp, study_areas/definitions/max_city_3731060_march_2020.shp, 1168.8286754206283, 0.00816479589699977, 6.985451391378203e-06
census_geographies/2020_block_groups.shp, study_areas/definitions/max_city_3734200_march_2020.shp, 1168.8286754206283, 0.013676219962000045, 1.1700790928215688e-05
census_geographies/2020_block_groups.shp, study_areas/definitions/max_city_3746340_march_2020.shp, 1168.8286754206283, 0.009810328591000088, 8.393299032871203e-06
census_geographies/2020_block_groups.shp, study_areas/definitions/max_city_3755000_march_2020.shp, 1168.8286754206283, 0.04037696512950004, 3.45448105257766e-05
census_geographies/2020_block_groups.shp, study_areas/definitions/max_city_3757500_march_2020.shp, 1168.8286754206283, 0.009211711396500025, 7.881147673918071e-06
census_geographies/2020_block_groups.shp, study_areas/definitions/max_city_3774440_march_2020.shp, 1168.8286754206283, 0.01436855243400001, 1.2293121084515807e-05
census_geographies/2020_block_groups.shp, study_areas/definitions/max_city_3775000_march_2020.shp, 1168.8286754206283, 0.031772389022000164, 2.718310192943049e-05
census_geographies/2020_block_groups.shp, study_areas/definitions/max_city_3807200_march_2020.shp, 1168.8286754206283, 0.01699215730299999, 1.4537765594162031e-05
census_geographies/2020_block_groups.shp, study_areas/definitions/max_city_3825700_march_2020.shp, 1168.8286754206283, 0.016405730571500007, 1.4036043875802457e-05
census_geographies/2020_block_groups.shp, study_areas/definitions/max_city_3832060_march_2020.shp, 1168.8286754206283, 0.02153975221200001, 1.842849398287432e-05
census_geographies/2020_block_groups.shp, study_areas/definitions/max_city_3901000_march_2020.shp, 1168.8286754206283, 0.01820898662200003, 1.5578832899053518e-05
census_geographies/2020_block_groups.shp, study_areas/definitions/max_city_3912000_march_2020.shp, 1168.8286754206283, 0.0063537358420000375, 5.435985594478599e-06
census_geographies/2020_block_groups.shp, study_areas/definitions/max_city_3915000_march_2020.shp, 1168.8286754206283, 0.022029866538499875, 1.884781491228554e-05
census_geographies/2020_block_groups.shp, study_areas/definitions/max_city_3916000_march_2020.shp, 1168.8286754206283, 0.02304751833649997, 1.9718474419021093e-05
census_geographies/2020_block_groups.shp, study_areas/definitions/max_city_3918000_march_2020.shp, 1168.8286754206283, 0.06018211505399985, 5.1489252719045426e-05
census_geographies/2020_block_groups.shp, study_areas/definitions/max_city_3921000_march_2020.shp, 1168.8286754206283, 0.01908251864200023, 1.6326189666020105e-05
census_geographies/2020_block_groups.shp, study_areas/definitions/max_city_3943554_march_2020.shp, 1168.8286754206283, 0.003668275769500038, 3.1384204089448176e-06
census_geographies/2020_block_groups.shp, study_areas/definitions/max_city_3947138_march_2020.shp, 1168.8286754206283, 0.00896318028700006, 7.668515048858179e-06
census_geographies/2020_block_groups.shp, study_areas/definitions/max_city_3974118_march_2020.shp, 1168.8286754206283, 0.00847007671300025, 7.246636646685718e-06
census_geographies/2020_block_groups.shp, study_areas/definitions/max_city_3977000_march_2020.shp, 1168.8286754206283, 0.023340504988500075, 1.9969141311578868e-05
census_geographies/2020_block_groups.shp, study_areas/definitions/max_city_3988000_march_2020.shp, 1168.8286754206283, 0.0094509222475, 8.085806283028503e-06
census_geographies/2020_block_groups.shp, study_areas/definitions/max_city_4023950_march_2020.shp, 1168.8286754206283, 0.007849952259999958, 6.716084593984642e-06
census_geographies/2020_block_groups.shp, study_areas/definitions/max_city_4041850_march_2020.shp, 1168.8286754206283, 0.02069426024400005, 1.770512708935103e-05
census_geographies/2020_block_groups.shp, study_areas/definitions/max_city_4055000_march_2020.shp, 1168.8286754206283, 0.1550298496784997, 0.000132636932117283
census_geographies/2020_block_groups.shp, study_areas/definitions/max_city_4075000_march_2020.shp, 1168.8286754206283, 0.057063618010999635, 4.88211995572953e-05
census_geographies/2020_block_groups.shp, study_areas/definitions/max_city_4105800_march_2020.shp, 1168.8286754206283, 0.008602946198500038, 7.36031411567147e-06
census_geographies/2020_block_groups.shp, study_areas/definitions/max_city_4115800_march_2020.shp, 1168.8286754206283, 0.002938627702500111, 2.514164619928222e-06
census_geographies/2020_block_groups.shp, study_areas/definitions/max_city_4123850_march_2020.shp, 1168.8286754206283, 0.01184325444800006, 1.0132583754191355e-05
census_geographies/2020_block_groups.shp, study_areas/definitions/max_city_4130550_march_2020.shp, 1168.8286754206283, 0.002675681229000019, 2.289198823802913e-06
census_geographies/2020_block_groups.shp, study_areas/definitions/max_city_4147000_march_2020.shp, 1168.8286754206283, 0.00636271361050018, 5.443666590580882e-06
census_geographies/2020_block_groups.shp, study_areas/definitions/max_city_4159000_march_2020.shp, 1168.8286754206283, 0.04359268218849987, 3.7296040989764476e-05
census_geographies/2020_block_groups.shp, study_areas/definitions/max_city_4164900_march_2020.shp, 1168.8286754206283, 0.014218918274500088, 1.216510047495464e-05
census_geographies/2020_block_groups.shp, study_areas/definitions/max_city_4202000_march_2020.shp, 1168.8286754206283, 0.004958232393999939, 4.2420523197855425e-06
census_geographies/2020_block_groups.shp, study_areas/definitions/max_city_4202184_march_2020.shp, 1168.8286754206283, 0.0027795391990000696, 2.3780552765783165e-06
census_geographies/2020_block_groups.shp, study_areas/definitions/max_city_4207128_march_2020.shp, 1168.8286754206283, 0.0012997070150000368, 1.1119739293975732e-06
census_geographies/2020_block_groups.shp, study_areas/definitions/max_city_4212536_march_2020.shp, 1168.8286754206283, 0.0018896950219999043, 1.616742523295689e-06
census_geographies/2020_block_groups.shp, study_areas/definitions/max_city_4221872_march_2020.shp, 1168.8286754206283, 0.0007928742944999887, 6.783494546064724e-07
census_geographies/2020_block_groups.shp, study_areas/definitions/max_city_4224000_march_2020.shp, 1168.8286754206283, 0.005852551008000141, 5.007193210667913e-06
census_geographies/2020_block_groups.shp, study_areas/definitions/max_city_4232448_march_2020.shp, 1168.8286754206283, 0.0010069526414999445, 8.615057644248596e-07
census_geographies/2020_block_groups.shp, study_areas/definitions/max_city_4232800_march_2020.shp, 1168.8286754206283, 0.0032536675345000558, 2.7836992734021974e-06
census_geographies/2020_block_groups.shp, study_areas/definitions/max_city_4238288_march_2020.shp, 1168.8286754206283, 0.0016830639060000502, 1.4399577469250258e-06
census_geographies/2020_block_groups.shp, study_areas/definitions/max_city_4241216_march_2020.shp, 1168.8286754206283, 0.0025022684114999346, 2.140834207887173e-06
census_geographies/2020_block_groups.shp, study_areas/definitions/max_city_4242168_march_2020.shp, 1168.8286754206283, 0.0011439783304999969, 9.78739103990849e-07
census_geographies/2020_block_groups.shp, study_areas/definitions/max_city_4260000_march_2020.shp, 1168.8286754206283, 0.03898349136250009, 3.335261375964363e-05
census_geographies/2020_block_groups.shp, study_areas/definitions/max_city_4261000_march_2020.shp, 1168.8286754206283, 0.016040304682499985, 1.3723401059378984e-05
census_geographies/2020_block_groups.shp, study_areas/definitions/max_city_4263624_march_2020.shp, 1168.8286754206283, 0.002777306853000047, 2.3761453764817782e-06
census_geographies/2020_block_groups.shp, study_areas/definitions/max_city_4269000_march_2020.shp, 1168.8286754206283, 0.00712220474250009, 6.093454834120159e-06
census_geographies/2020_block_groups.shp, study_areas/definitions/max_city_4273808_march_2020.shp, 1168.8286754206283, 0.001259092027500011, 1.0772254770759276e-06
census_geographies/2020_block_groups.shp, study_areas/definitions/max_city_4285312_march_2020.shp, 1168.8286754206283, 0.0026351823209999404, 2.254549684154192e-06
census_geographies/2020_block_groups.shp, study_areas/definitions/max_city_4287048_march_2020.shp, 1168.8286754206283, 0.0014500449449999584, 1.2405966550043174e-06
census_geographies/2020_block_groups.shp, study_areas/definitions/max_city_4459000_march_2020.shp, 1168.8286754206283, 0.005777718975000073, 4.943170112523836e-06
census_geographies/2020_block_groups.shp, study_areas/definitions/max_city_4513330_march_2020.shp, 1168.8286754206283, 0.02380331925750007, 2.0365105475303237e-05
census_geographies/2020_block_groups.shp, study_areas/definitions/max_city_4516000_march_2020.shp, 1168.8286754206283, 0.036788370474500114, 3.147456188244271e-05
census_geographies/2020_block_groups.shp, study_areas/definitions/max_city_4525810_march_2020.shp, 1168.8286754206283, 0.006376272916500177, 5.455267354906002e-06
census_geographies/2020_block_groups.shp, study_areas/definitions/max_city_4530850_march_2020.shp, 1168.8286754206283, 0.007308332953499949, 6.25269819879281e-06
census_geographies/2020_block_groups.shp, study_areas/definitions/max_city_4534045_march_2020.shp, 1168.8286754206283, 0.015028954351000429, 1.2858132818817039e-05
census_geographies/2020_block_groups.shp, study_areas/definitions/max_city_4549075_march_2020.shp, 1168.8286754206283, 0.007237301125500148, 6.191926394084786e-06
census_geographies/2020_block_groups.shp, study_areas/definitions/max_city_4568290_march_2020.shp, 1168.8286754206283, 0.006289956781500115, 5.381418948535411e-06
census_geographies/2020_block_groups.shp, study_areas/definitions/max_city_4570405_march_2020.shp, 1168.8286754206283, 0.007480809157499996, 6.400261488115754e-06
census_geographies/2020_block_groups.shp, study_areas/definitions/max_city_4652980_march_2020.shp, 1168.8286754206283, 0.010633956676000067, 9.097960119923655e-06
census_geographies/2020_block_groups.shp, study_areas/definitions/max_city_4659020_march_2020.shp, 1168.8286754206283, 0.020258216974500007, 1.7332067051836874e-05
census_geographies/2020_block_groups.shp, study_areas/definitions/max_city_4714000_march_2020.shp, 1168.8286754206283, 0.03809365456800001, 3.2591307322513446e-05
census_geographies/2020_block_groups.shp, study_areas/definitions/max_city_4715160_march_2020.shp, 1168.8286754206283, 0.02497086131350019, 2.1364004698561904e-05
census_geographies/2020_block_groups.shp, study_areas/definitions/max_city_4715400_march_2020.shp, 1168.8286754206283, 0.007780379015499826, 6.65656069115509e-06
census_geographies/2020_block_groups.shp, study_areas/definitions/max_city_4737640_march_2020.shp, 1168.8286754206283, 0.017902320700000026, 1.5316462606085095e-05
census_geographies/2020_block_groups.shp, study_areas/definitions/max_city_4738320_march_2020.shp, 1168.8286754206283, 0.007885453883500045, 6.746458269996065e-06
census_geographies/2020_block_groups.shp, study_areas/definitions/max_city_4740000_march_2020.shp, 1168.8286754206283, 0.026419883599499962, 2.26037264101107e-05
census_geographies/2020_block_groups.shp, study_areas/definitions/max_city_4748000_march_2020.shp, 1168.8286754206283, 0.082565980962, 7.063993440466101e-05
census_geographies/2020_block_groups.shp, study_areas/definitions/max_city_4750280_march_2020.shp, 1168.8286754206283, 0.005423109531500067, 4.639781385880564e-06
census_geographies/2020_block_groups.shp, study_areas/definitions/max_city_4752006_march_2020.shp, 1168.8286754206283, 0.12834099314100034, 0.00010980308392486525
census_geographies/2020_block_groups.shp, study_areas/definitions/max_city_4801000_march_2020.shp, 1168.8286754206283, 0.02415434738600023, 2.0665430181465875e-05
census_geographies/2020_block_groups.shp, study_areas/definitions/max_city_4803000_march_2020.shp, 1168.8286754206283, 0.029864247881500102, 2.5550577693307197e-05
census_geographies/2020_block_groups.shp, study_areas/definitions/max_city_4805000_march_2020.shp, 1168.8286754206283, 0.08114723174699998, 6.942611304244174e-05
census_geographies/2020_block_groups.shp, study_areas/definitions/max_city_4807000_march_2020.shp, 1168.8286754206283, 0.01911468508100005, 1.6353709900316416e-05
census_geographies/2020_block_groups.shp, study_areas/definitions/max_city_4810768_march_2020.shp, 1168.8286754206283, 0.02894686911699978, 2.4765707520464986e-05
census_geographies/2020_block_groups.shp, study_areas/definitions/max_city_4815976_march_2020.shp, 1168.8286754206283, 0.01320916893599986, 1.1301201975769677e-05
census_geographies/2020_block_groups.shp, study_areas/definitions/max_city_4817000_march_2020.shp, 1168.8286754206283, 0.11639938036349956, 9.958634897591875e-05
census_geographies/2020_block_groups.shp, study_areas/definitions/max_city_4819000_march_2020.shp, 1168.8286754206283, 0.09829443736549956, 8.409653136729057e-05
census_geographies/2020_block_groups.shp, study_areas/definitions/max_city_4824000_march_2020.shp, 1168.8286754206283, 0.06591968195100022, 5.63980704248872e-05
census_geographies/2020_block_groups.shp, study_areas/definitions/max_city_4835000_march_2020.shp, 1168.8286754206283, 0.14868959308049956, 0.00012721247878949443
census_geographies/2020_block_groups.shp, study_areas/definitions/max_city_4839148_march_2020.shp, 1168.8286754206283, 0.011068610715500015, 9.469831591457778e-06
census_geographies/2020_block_groups.shp, study_areas/definitions/max_city_4841464_march_2020.shp, 1168.8286754206283, 0.01923599777750007, 1.6457499873176518e-05
census_geographies/2020_block_groups.shp, study_areas/definitions/max_city_4843888_march_2020.shp, 1168.8286754206283, 0.01110381909399993, 9.499954379544958e-06
census_geographies/2020_block_groups.shp, study_areas/definitions/max_city_4845000_march_2020.shp, 1168.8286754206283, 0.032772462086500066, 2.8038721820977045e-05
census_geographies/2020_block_groups.shp, study_areas/definitions/max_city_4845384_march_2020.shp, 1168.8286754206283, 0.013445953561499968, 1.1503784809746519e-05
census_geographies/2020_block_groups.shp, study_areas/definitions/max_city_4848072_march_2020.shp, 1168.8286754206283, 0.013643036402499996, 1.1672400488968372e-05
census_geographies/2020_block_groups.shp, study_areas/definitions/max_city_4853388_march_2020.shp, 1168.8286754206283, 0.008585326945500005, 7.345239833725323e-06
census_geographies/2020_block_groups.shp, study_areas/definitions/max_city_4864472_march_2020.shp, 1168.8286754206283, 0.014964199988000143, 1.2802731745621274e-05
census_geographies/2020_block_groups.shp, study_areas/definitions/max_city_4865000_march_2020.shp, 1168.8286754206283, 0.12476326823199979, 0.0001067421349729472
census_geographies/2020_block_groups.shp, study_areas/definitions/max_city_4867496_march_2020.shp, 1168.8286754206283, 0.013134734348499948, 1.1237518915056674e-05
census_geographies/2020_block_groups.shp, study_areas/definitions/max_city_4872368_march_2020.shp, 1168.8286754206283, 0.006100367051499995, 5.219214055733742e-06
census_geographies/2020_block_groups.shp, study_areas/definitions/max_city_4874144_march_2020.shp, 1168.8286754206283, 0.01207282218649993, 1.0328992127229651e-05
census_geographies/2020_block_groups.shp, study_areas/definitions/max_city_4875428_march_2020.shp, 1168.8286754206283, 0.006821804362499809, 5.836445071853524e-06
census_geographies/2020_block_groups.shp, study_areas/definitions/max_city_4876000_march_2020.shp, 1168.8286754206283, 0.020661124608999982, 1.767677765226339e-05
census_geographies/2020_block_groups.shp, study_areas/definitions/max_city_4879000_march_2020.shp, 1168.8286754206283, 0.013508275232500224, 1.1557104575346749e-05
census_geographies/2020_block_groups.shp, study_areas/definitions/max_city_4945860_march_2020.shp, 1168.8286754206283, 0.0039174201715000525, 3.35157774092964e-06
census_geographies/2020_block_groups.shp, study_areas/definitions/max_city_4962470_march_2020.shp, 1168.8286754206283, 0.007871824684999853, 6.73479770862655e-06
census_geographies/2020_block_groups.shp, study_areas/definitions/max_city_4965330_march_2020.shp, 1168.8286754206283, 0.01774171141050001, 1.5179052143048485e-05
census_geographies/2020_block_groups.shp, study_areas/definitions/max_city_4967000_march_2020.shp, 1168.8286754206283, 0.02490232039350004, 2.1305364008577563e-05
census_geographies/2020_block_groups.shp, study_areas/definitions/max_city_5010675_march_2020.shp, 1168.8286754206283, 0.004534065431999869, 3.879153144808145e-06
census_geographies/2020_block_groups.shp, study_areas/definitions/max_city_5107784_march_2020.shp, 1168.8286754206283, 0.0037084817369999186, 3.1728189211864958e-06
census_geographies/2020_block_groups.shp, study_areas/definitions/max_city_5114968_march_2020.shp, 1168.8286754206283, 0.0027278530635000213, 2.3338348218727133e-06
census_geographies/2020_block_groups.shp, study_areas/definitions/max_city_5135624_march_2020.shp, 1168.8286754206283, 0.004647176227000079, 3.975925920304523e-06
census_geographies/2020_block_groups.shp, study_areas/definitions/max_city_5147672_march_2020.shp, 1168.8286754206283, 0.013053044553499957, 1.1167628608018653e-05
census_geographies/2020_block_groups.shp, study_areas/definitions/max_city_5167000_march_2020.shp, 1168.8286754206283, 0.016518833164000126, 1.4132809633589343e-05
census_geographies/2020_block_groups.shp, study_areas/definitions/max_city_5168000_march_2020.shp, 1168.8286754206283, 0.01127597356649992, 9.647242409108433e-06
census_geographies/2020_block_groups.shp, study_areas/definitions/max_city_5175216_march_2020.shp, 1168.8286754206283, 0.005318696933499915, 4.550450417026145e-06
census_geographies/2020_block_groups.shp, study_areas/definitions/max_city_5182000_march_2020.shp, 1168.8286754206283, 0.13006609073400066, 0.00011127900390294032
census_geographies/2020_block_groups.shp, study_areas/definitions/max_city_5186720_march_2020.shp, 1168.8286754206283, 0.002487479899499965, 2.1281817872964072e-06
census_geographies/2020_block_groups.shp, study_areas/definitions/max_city_5305280_march_2020.shp, 1168.8286754206283, 0.006817342340999909, 5.832627556426558e-06
census_geographies/2020_block_groups.shp, study_areas/definitions/max_city_5335275_march_2020.shp, 1168.8286754206283, 0.008852617993500069, 7.573922662629972e-06
census_geographies/2020_block_groups.shp, study_areas/definitions/max_city_5340245_march_2020.shp, 1168.8286754206283, 0.0034619743345000458, 2.9619176935868546e-06
census_geographies/2020_block_groups.shp, study_areas/definitions/max_city_5347560_march_2020.shp, 1168.8286754206283, 0.00497955059100002, 4.260291260571633e-06
census_geographies/2020_block_groups.shp, study_areas/definitions/max_city_5351300_march_2020.shp, 1168.8286754206283, 0.00558027485849999, 4.774245341381454e-06
census_geographies/2020_block_groups.shp, study_areas/definitions/max_city_5353545_march_2020.shp, 1168.8286754206283, 0.011556994867000181, 9.887672256878149e-06
census_geographies/2020_block_groups.shp, study_areas/definitions/max_city_5363000_march_2020.shp, 1168.8286754206283, 0.06178484731949981, 5.286048213803892e-05
census_geographies/2020_block_groups.shp, study_areas/definitions/max_city_5367000_march_2020.shp, 1168.8286754206283, 0.021226829141000166, 1.8160770339897105e-05
census_geographies/2020_block_groups.shp, study_areas/definitions/max_city_5377105_march_2020.shp, 1168.8286754206283, 0.0023032765624999172, 1.970585262781163e-06
census_geographies/2020_block_groups.shp, study_areas/definitions/max_city_5380010_march_2020.shp, 1168.8286754206283, 0.008512877434499916, 7.283255119862945e-06
census_geographies/2020_block_groups.shp, study_areas/definitions/max_city_5405332_march_2020.shp, 1168.8286754206283, 0.0030148597085001036, 2.5793854753051307e-06
census_geographies/2020_block_groups.shp, study_areas/definitions/max_city_5414600_march_2020.shp, 1168.8286754206283, 0.008009225343000172, 6.8523518556882416e-06
census_geographies/2020_block_groups.shp, study_areas/definitions/max_city_5439460_march_2020.shp, 1168.8286754206283, 0.004771068440499954, 4.08192281797243e-06
census_geographies/2020_block_groups.shp, study_areas/definitions/max_city_5455756_march_2020.shp, 1168.8286754206283, 0.0035784041049999058, 3.061530043068236e-06
census_geographies/2020_block_groups.shp, study_areas/definitions/max_city_5462140_march_2020.shp, 1168.8286754206283, 0.0032588563594999867, 2.7881386109279162e-06
census_geographies/2020_block_groups.shp, study_areas/definitions/max_city_5485156_march_2020.shp, 1168.8286754206283, 0.005043946508500102, 4.315385663074127e-06
census_geographies/2020_block_groups.shp, study_areas/definitions/max_city_5486452_march_2020.shp, 1168.8286754206283, 0.004042451132000166, 3.458548901998321e-06
census_geographies/2020_block_groups.shp, study_areas/definitions/max_city_5502375_march_2020.shp, 1168.8286754206283, 0.006373725121000051, 5.4530875696614206e-06
census_geographies/2020_block_groups.shp, study_areas/definitions/max_city_5522300_march_2020.shp, 1168.8286754206283, 0.010290648362000316, 8.804240158034285e-06
census_geographies/2020_block_groups.shp, study_areas/definitions/max_city_5526275_march_2020.shp, 1168.8286754206283, 0.006824476652499933, 5.838731369286433e-06
census_geographies/2020_block_groups.shp, study_areas/definitions/max_city_5531000_march_2020.shp, 1168.8286754206283, 0.014999806487499847, 1.2833195149068226e-05
census_geographies/2020_block_groups.shp, study_areas/definitions/max_city_5537825_march_2020.shp, 1168.8286754206283, 0.007577335933500057, 6.48284568375531e-06
census_geographies/2020_block_groups.shp, study_areas/definitions/max_city_5540775_march_2020.shp, 1168.8286754206283, 0.008111281766000124, 6.9396669816310796e-06
census_geographies/2020_block_groups.shp, study_areas/definitions/max_city_5548000_march_2020.shp, 1168.8286754206283, 0.029420485392499817, 2.517091342057656e-05
census_geographies/2020_block_groups.shp, study_areas/definitions/max_city_5553000_march_2020.shp, 1168.8286754206283, 0.027654096305000105, 2.3659666199623463e-05
census_geographies/2020_block_groups.shp, study_areas/definitions/max_city_5566000_march_2020.shp, 1168.8286754206283, 0.004135329957999996, 3.538012067090849e-06
census_geographies/2020_block_groups.shp, study_areas/definitions/max_city_5572975_march_2020.shp, 1168.8286754206283, 0.0058139618254999526, 4.974177950765686e-06
census_geographies/2020_block_groups.shp, study_areas/definitions/max_city_5584475_march_2020.shp, 1168.8286754206283, 0.00585951083499996, 5.013147742025826e-06
census_geographies/2020_block_groups.shp, study_areas/definitions/max_city_5613150_march_2020.shp, 1168.8286754206283, 0.004841885361999991, 4.142510757838427e-06
census_geographies/2020_block_groups.shp, study_areas/definitions/max_city_5613900_march_2020.shp, 1168.8286754206283, 0.005466789979499923, 4.677152515558005e-06
census_geographies/2020_block_groups.shp, study_areas/definitions/max_city_7203368_march_2020.shp, 1168.8286754206283, 0.0036421848839998886, 3.1160981592868345e-06
census_geographies/2020_block_groups.shp, study_areas/definitions/max_city_7232221_march_2020.shp, 1168.8286754206283, 0.0008184919280000182, 7.002668100228343e-07
census_geographies/2020_block_groups.shp, study_areas/definitions/max_city_7252431_march_2020.shp, 1168.8286754206283, 0.005045804585000005, 4.316975354137477e-06
census_geographies/2020_block_groups.shp, study_areas/definitions/max_city_7263820_march_2020.shp, 1168.8286754206283, 0.008072616669500156, 6.9065867729460434e-06
census_geographies/2020_block_groups.shp, study_areas/definitions/max_city_7276770_march_2020.shp, 1168.8286754206283, 0.010246181987500047, 8.766196623138748e-06
census_geographies/2020_block_groups.shp, study_areas/definitions/max_city_7288035_march_2020.shp, 1168.8286754206283, 0.0005613963829999884, 4.803068189595518e-07
census_geographies/2010_block_groups.shp, study_areas/definitions/max_city_0107000_march_2020.shp, 1167.3652671522018, 0.03554067337099985, 3.0445203717343458e-05
census_geographies/2010_block_groups.shp, study_areas/definitions/max_city_0121184_march_2020.shp, 1167.3652671522018, 0.020600289621999977, 1.7646824178908948e-05
census_geographies/2010_block_groups.shp, study_areas/definitions/max_city_0126896_march_2020.shp, 1167.3652671522018, 0.006539156300999967, 5.6016368526642036e-06
census_geographies/2010_block_groups.shp, study_areas/definitions/max_city_0128696_march_2020.shp, 1167.3652671522018, 0.008922455416499905, 7.643242151847052e-06
census_geographies/2010_block_groups.shp, study_areas/definitions/max_city_0137000_march_2020.shp, 1167.3652671522018, 0.059118127494999936, 5.064235604612355e-05
census_geographies/2010_block_groups.shp, study_areas/definitions/max_city_0150000_march_2020.shp, 1167.3652671522018, 0.03562885233250009, 3.0520740452914965e-05
census_geographies/2010_block_groups.shp, study_areas/definitions/max_city_0151000_march_2020.shp, 1167.3652671522018, 0.044425330461499796, 3.805606669271204e-05
census_geographies/2010_block_groups.shp, study_areas/definitions/max_city_0157576_march_2020.shp, 1167.3652671522018, 0.004479820789000027, 3.837548464953553e-06
census_geographies/2010_block_groups.shp, study_areas/definitions/max_city_0177256_march_2020.shp, 1167.3652671522018, 0.020292974546499858, 1.738356889442561e-05
census_geographies/2010_block_groups.shp, study_areas/definitions/max_city_0203000_march_2020.shp, 1167.3652671522018, 0.8463470898194989, 0.0007250062286709714
census_geographies/2010_block_groups.shp, study_areas/definitions/max_city_0224230_march_2020.shp, 1167.3652671522018, 0.004246128493999846, 3.6373606560681007e-06
census_geographies/2010_block_groups.shp, study_areas/definitions/max_city_0423620_march_2020.shp, 1167.3652671522018, 0.01649468828800006, 1.4129843290814198e-05
census_geographies/2010_block_groups.shp, study_areas/definitions/max_city_0454050_march_2020.shp, 1167.3652671522018, 0.04185454226949992, 3.585385264340137e-05
census_geographies/2010_block_groups.shp, study_areas/definitions/max_city_0455000_march_2020.shp, 1167.3652671522018, 0.12799779547099982, 0.00010964673960469254
census_geographies/2010_block_groups.shp, study_areas/definitions/max_city_0466820_march_2020.shp, 1167.3652671522018, 0.036589137074000105, 3.134334908152582e-05
census_geographies/2010_block_groups.shp, study_areas/definitions/max_city_0477000_march_2020.shp, 1167.3652671522018, 0.057392182575000165, 4.916386001016539e-05
census_geographies/2010_block_groups.shp, study_areas/definitions/max_city_0485540_march_2020.shp, 1167.3652671522018, 0.010709730452499995, 9.174275399358489e-06
census_geographies/2010_block_groups.shp, study_areas/definitions/max_city_0523290_march_2020.shp, 1167.3652671522018, 0.016933380421000056, 1.4505640091819068e-05
census_geographies/2010_block_groups.shp, study_areas/definitions/max_city_0524550_march_2020.shp, 1167.3652671522018, 0.016223400361499978, 1.3897449939620964e-05
census_geographies/2010_block_groups.shp, study_areas/definitions/max_city_0533400_march_2020.shp, 1167.3652671522018, 0.0066303924125000165, 5.679792434355117e-06
census_geographies/2010_block_groups.shp, study_areas/definitions/max_city_0535710_march_2020.shp, 1167.3652671522018, 0.019195611172500026, 1.644353460963242e-05
census_geographies/2010_block_groups.shp, study_areas/definitions/max_city_0541000_march_2020.shp, 1167.3652671522018, 0.029233827799999897, 2.5042571183667375e-05
census_geographies/2010_block_groups.shp, study_areas/definitions/max_city_0555310_march_2020.shp, 1167.3652671522018, 0.008278514945999894, 7.091623486619065e-06
census_geographies/2010_block_groups.shp, study_areas/definitions/max_city_0602000_march_2020.shp, 1167.3652671522018, 0.011465281010499966, 9.821502603439302e-06
census_geographies/2010_block_groups.shp, study_areas/definitions/max_city_0603526_march_2020.shp, 1167.3652671522018, 0.026445335881499978, 2.265386561141537e-05
census_geographies/2010_block_groups.shp, study_areas/definitions/max_city_0613014_march_2020.shp, 1167.3652671522018, 0.005797057616499855, 4.965932925725835e-06
census_geographies/2010_block_groups.shp, study_areas/definitions/max_city_0621782_march_2020.shp, 1167.3652671522018, 0.0028048825784999553, 2.4027463018002e-06
census_geographies/2010_block_groups.shp, study_areas/definitions/max_city_0627000_march_2020.shp, 1167.3652671522018, 0.032333318249500274, 2.7697687398544674e-05
census_geographies/2010_block_groups.shp, study_areas/definitions/max_city_0644000_march_2020.shp, 1167.3652671522018, 0.1204766197524997, 0.0001032038755499412
census_geographies/2010_block_groups.shp, study_areas/definitions/max_city_0646898_march_2020.shp, 1167.3652671522018, 0.008034613614499949, 6.88269031174832e-06
census_geographies/2010_block_groups.shp, study_areas/definitions/max_city_0648354_march_2020.shp, 1167.3652671522018, 0.00908940335499998, 7.786254748844518e-06
census_geographies/2010_block_groups.shp, study_areas/definitions/max_city_0659920_march_2020.shp, 1167.3652671522018, 0.016017050397000174, 1.3720684388763693e-05
census_geographies/2010_block_groups.shp, study_areas/definitions/max_city_0664000_march_2020.shp, 1167.3652671522018, 0.025907137719500213, 2.2192828970062567e-05
census_geographies/2010_block_groups.shp, study_areas/definitions/max_city_0664224_march_2020.shp, 1167.3652671522018, 0.006184938873499948, 5.298203610758578e-06
census_geographies/2010_block_groups.shp, study_areas/definitions/max_city_0666000_march_2020.shp, 1167.3652671522018, 0.08612117284950016, 7.377397227141557e-05
census_geographies/2010_block_groups.shp, study_areas/definitions/max_city_0668000_march_2020.shp, 1167.3652671522018, 0.041212159340499925, 3.530356821480338e-05
census_geographies/2010_block_groups.shp, study_areas/definitions/max_city_0669112_march_2020.shp, 1167.3652671522018, 0.00374371022450007, 3.2069741406928143e-06
census_geographies/2010_block_groups.shp, study_areas/definitions/max_city_0669196_march_2020.shp, 1167.3652671522018, 0.005689965099500013, 4.87419427286948e-06
census_geographies/2010_block_groups.shp, study_areas/definitions/max_city_0670098_march_2020.shp, 1167.3652671522018, 0.00877875774750012, 7.520146431044655e-06
census_geographies/2010_block_groups.shp, study_areas/definitions/max_city_0675000_march_2020.shp, 1167.3652671522018, 0.015567877131500037, 1.3335909136202087e-05
census_geographies/2010_block_groups.shp, study_areas/definitions/max_city_0681666_march_2020.shp, 1167.3652671522018, 0.018129374359999895, 1.5530164268315664e-05
census_geographies/2010_block_groups.shp, study_areas/definitions/max_city_0682954_march_2020.shp, 1167.3652671522018, 0.010828393972499937, 9.27592611943638e-06
census_geographies/2010_block_groups.shp, study_areas/definitions/max_city_0686972_march_2020.shp, 1167.3652671522018, 0.0033496446985000787, 2.8694058258830736e-06
census_geographies/2010_block_groups.shp, study_areas/definitions/max_city_0807850_march_2020.shp, 1167.3652671522018, 0.008754796959000019, 7.499620903025002e-06
census_geographies/2010_block_groups.shp, study_areas/definitions/max_city_0816000_march_2020.shp, 1167.3652671522018, 0.045266867547500284, 3.877695252825983e-05
census_geographies/2010_block_groups.shp, study_areas/definitions/max_city_0820000_march_2020.shp, 1167.3652671522018, 0.042094767159500335, 3.6059636468533023e-05
census_geographies/2010_block_groups.shp, study_areas/definitions/max_city_0827425_march_2020.shp, 1167.3652671522018, 0.01445232176600012, 1.2380291047425704e-05
census_geographies/2010_block_groups.shp, study_areas/definitions/max_city_0831660_march_2020.shp, 1167.3652671522018, 0.011132023026500014, 9.53602384766568e-06
census_geographies/2010_block_groups.shp, study_areas/definitions/max_city_0862000_march_2020.shp, 1167.3652671522018, 0.016666264855500244, 1.4276820909840627e-05
census_geographies/2010_block_groups.shp, study_areas/definitions/max_city_0877290_march_2020.shp, 1167.3652671522018, 0.015479890740499914, 1.3260537362280144e-05
census_geographies/2010_block_groups.shp, study_areas/definitions/max_city_0908000_march_2020.shp, 1167.3652671522018, 0.005376109510500035, 4.6053361889163475e-06
census_geographies/2010_block_groups.shp, study_areas/definitions/max_city_0937000_march_2020.shp, 1167.3652671522018, 0.005063400434499965, 4.3374602422874685e-06
census_geographies/2010_block_groups.shp, study_areas/definitions/max_city_0952000_march_2020.shp, 1167.3652671522018, 0.00562369870649988, 4.817428498809927e-06
census_geographies/2010_block_groups.shp, study_areas/definitions/max_city_0956200_march_2020.shp, 1167.3652671522018, 0.008219367902500094, 7.040956360258445e-06
census_geographies/2010_block_groups.shp, study_areas/definitions/max_city_1021200_march_2020.shp, 1167.3652671522018, 0.004920585854999951, 4.215121002360953e-06
census_geographies/2010_block_groups.shp, study_areas/definitions/max_city_1150000_march_2020.shp, 1167.3652671522018, 0.01838081218000021, 1.5745553424628067e-05
census_geographies/2010_block_groups.shp, study_areas/definitions/max_city_1207525_march_2020.shp, 1167.3652671522018, 0.010446579257000165, 8.948852215283646e-06
census_geographies/2010_block_groups.shp, study_areas/definitions/max_city_1210275_march_2020.shp, 1167.3652671522018, 0.028026623659499813, 2.4008444013304437e-05
census_geographies/2010_block_groups.shp, study_areas/definitions/max_city_1217200_march_2020.shp, 1167.3652671522018, 0.007946001355499995, 6.8067824005800154e-06
census_geographies/2010_block_groups.shp, study_areas/definitions/max_city_1225175_march_2020.shp, 1167.3652671522018, 0.016317098680499888, 1.3977714721893001e-05
census_geographies/2010_block_groups.shp, study_areas/definitions/max_city_1232400_march_2020.shp, 1167.3652671522018, 0.003565813607499919, 3.054582578252267e-06
census_geographies/2010_block_groups.shp, study_areas/definitions/max_city_1235000_march_2020.shp, 1167.3652671522018, 0.21903816081349983, 0.00018763463928290878
census_geographies/2010_block_groups.shp, study_areas/definitions/max_city_1238250_march_2020.shp, 1167.3652671522018, 0.018225108274000014, 1.561217280214301e-05
census_geographies/2010_block_groups.shp, study_areas/definitions/max_city_1245000_march_2020.shp, 1167.3652671522018, 0.010752405773499918, 9.210832355609235e-06
census_geographies/2010_block_groups.shp, study_areas/definitions/max_city_1248050_march_2020.shp, 1167.3652671522018, 0.004900967058499977, 4.198314954543689e-06
census_geographies/2010_block_groups.shp, study_areas/definitions/max_city_1249675_march_2020.shp, 1167.3652671522018, 0.019031420605999907, 1.6302884059954285e-05
census_geographies/2010_block_groups.shp, study_areas/definitions/max_city_1253000_march_2020.shp, 1167.3652671522018, 0.027570039205500066, 2.3617320115029144e-05
census_geographies/2010_block_groups.shp, study_areas/definitions/max_city_1254000_march_2020.shp, 1167.3652671522018, 0.015817462088500062, 1.3549711074655241e-05
census_geographies/2010_block_groups.shp, study_areas/definitions/max_city_1254700_march_2020.shp, 1167.3652671522018, 0.006341980429499807, 5.432730104238176e-06
census_geographies/2010_block_groups.shp, study_areas/definitions/max_city_1255925_march_2020.shp, 1167.3652671522018, 0.008986184801000021, 7.697834648551692e-06
census_geographies/2010_block_groups.shp, study_areas/definitions/max_city_1258715_march_2020.shp, 1167.3652671522018, 0.026729863291500046, 2.2897600300125246e-05
census_geographies/2010_block_groups.shp, study_areas/definitions/max_city_1264875_march_2020.shp, 1167.3652671522018, 0.004013704567000006, 3.438259369144565e-06
census_geographies/2010_block_groups.shp, study_areas/definitions/max_city_1270600_march_2020.shp, 1167.3652671522018, 0.01998367217749998, 1.7118611234896794e-05
census_geographies/2010_block_groups.shp, study_areas/definitions/max_city_1271000_march_2020.shp, 1167.3652671522018, 0.0306174510650001, 2.6227824252208267e-05
census_geographies/2010_block_groups.shp, study_areas/definitions/max_city_1271625_march_2020.shp, 1167.3652671522018, 0.009121928121000066, 7.814116436111803e-06
census_geographies/2010_block_groups.shp, study_areas/definitions/max_city_1274200_march_2020.shp, 1167.3652671522018, 0.002716416081500015, 2.3269632547203814e-06
census_geographies/2010_block_groups.shp, study_areas/definitions/max_city_1301052_march_2020.shp, 1167.3652671522018, 0.02005967363649988, 1.7183716357636402e-05
census_geographies/2010_block_groups.shp, study_areas/definitions/max_city_1303440_march_2020.shp, 1167.3652671522018, 0.02933097132650008, 2.5125787233719274e-05
census_geographies/2010_block_groups.shp, study_areas/definitions/max_city_1304000_march_2020.shp, 1167.3652671522018, 0.034361150283999865, 2.943478896526038e-05
census_geographies/2010_block_groups.shp, study_areas/definitions/max_city_1304204_march_2020.shp, 1167.3652671522018, 0.0799344229195, 6.8474217255496e-05
census_geographies/2010_block_groups.shp, study_areas/definitions/max_city_1311560_march_2020.shp, 1167.3652671522018, 0.006001425078999975, 5.14100020607989e-06
census_geographies/2010_block_groups.shp, study_areas/definitions/max_city_1319000_march_2020.shp, 1167.3652671522018, 0.054930711230500195, 4.705529004174003e-05
census_geographies/2010_block_groups.shp, study_areas/definitions/max_city_1321380_march_2020.shp, 1167.3652671522018, 0.005980959568999984, 5.123468838156021e-06
census_geographies/2010_block_groups.shp, study_areas/definitions/max_city_1331908_march_2020.shp, 1167.3652671522018, 0.007747808240500014, 6.637004250949544e-06
census_geographies/2010_block_groups.shp, study_areas/definitions/max_city_1338964_march_2020.shp, 1167.3652671522018, 0.006080431771499993, 5.208679701712611e-06
census_geographies/2010_block_groups.shp, study_areas/definitions/max_city_1349008_march_2020.shp, 1167.3652671522018, 0.06367755727700034, 5.4548099955331305e-05
census_geographies/2010_block_groups.shp, study_areas/definitions/max_city_1366668_march_2020.shp, 1167.3652671522018, 0.009994714487999958, 8.561771340329626e-06
census_geographies/2010_block_groups.shp, study_areas/definitions/max_city_1369000_march_2020.shp, 1167.3652671522018, 0.02108846783750022, 1.8065012238153813e-05
census_geographies/2010_block_groups.shp, study_areas/definitions/max_city_1378800_march_2020.shp, 1167.3652671522018, 0.008829309276000008, 7.5634503821920184e-06
census_geographies/2010_block_groups.shp, study_areas/definitions/max_city_1522700_march_2020.shp, 1167.3652671522018, 0.0014999922379999656, 1.2849382110358742e-06
census_geographies/2010_block_groups.shp, study_areas/definitions/max_city_1571550_march_2020.shp, 1167.3652671522018, 0.015060778418000065, 1.2901513212519139e-05
census_geographies/2010_block_groups.shp, study_areas/definitions/max_city_1608830_march_2020.shp, 1167.3652671522018, 0.024180691554000242, 2.0713903552218288e-05
census_geographies/2010_block_groups.shp, study_areas/definitions/max_city_1616750_march_2020.shp, 1167.3652671522018, 0.005136046284500009, 4.399690850002279e-06
census_geographies/2010_block_groups.shp, study_areas/definitions/max_city_1639700_march_2020.shp, 1167.3652671522018, 0.006009515342999967, 5.1479305681761755e-06
census_geographies/2010_block_groups.shp, study_areas/definitions/max_city_1646540_march_2020.shp, 1167.3652671522018, 0.00568070384950012, 4.866260809145237e-06
census_geographies/2010_block_groups.shp, study_areas/definitions/max_city_1664090_march_2020.shp, 1167.3652671522018, 0.007802764270499887, 6.684081229806333e-06
census_geographies/2010_block_groups.shp, study_areas/definitions/max_city_1682810_march_2020.shp, 1167.3652671522018, 0.004720330890000003, 4.04357661035718e-06
census_geographies/2010_block_groups.shp, study_areas/definitions/max_city_1706613_march_2020.shp, 1167.3652671522018, 0.007692279730499971, 6.589436868603567e-06
census_geographies/2010_block_groups.shp, study_areas/definitions/max_city_1711163_march_2020.shp, 1167.3652671522018, 0.003070257121999977, 2.6300740722652276e-06
census_geographies/2010_block_groups.shp, study_areas/definitions/max_city_1712385_march_2020.shp, 1167.3652671522018, 0.008435924129999817, 7.226464901238094e-06
census_geographies/2010_block_groups.shp, study_areas/definitions/max_city_1714000_march_2020.shp, 1167.3652671522018, 0.06512478040000044, 5.578783456430303e-05
census_geographies/2010_block_groups.shp, study_areas/definitions/max_city_1718563_march_2020.shp, 1167.3652671522018, 0.004429925677999967, 3.7948068206678887e-06
census_geographies/2010_block_groups.shp, study_areas/definitions/max_city_1718823_march_2020.shp, 1167.3652671522018, 0.01851424353799998, 1.5859854716395362e-05
census_geographies/2010_block_groups.shp, study_areas/definitions/max_city_1738934_march_2020.shp, 1167.3652671522018, 0.004337716305499964, 3.7158175144972937e-06
census_geographies/2010_block_groups.shp, study_areas/definitions/max_city_1759000_march_2020.shp, 1167.3652671522018, 0.01323359383300002, 1.1336292251767514e-05
census_geographies/2010_block_groups.shp, study_areas/definitions/max_city_1765000_march_2020.shp, 1167.3652671522018, 0.016972685079999824, 1.4539309638194773e-05
census_geographies/2010_block_groups.shp, study_areas/definitions/max_city_1772000_march_2020.shp, 1167.3652671522018, 0.01706712649299987, 1.4620210977010888e-05
census_geographies/2010_block_groups.shp, study_areas/definitions/max_city_1805860_march_2020.shp, 1167.3652671522018, 0.0060453734705000275, 5.178647712594509e-06
census_geographies/2010_block_groups.shp, study_areas/definitions/max_city_1814734_march_2020.shp, 1167.3652671522018, 0.006215696517000069, 5.324551528043418e-06
census_geographies/2010_block_groups.shp, study_areas/definitions/max_city_1820728_march_2020.shp, 1167.3652671522018, 0.00729161020099999, 6.246211366891135e-06
census_geographies/2010_block_groups.shp, study_areas/definitions/max_city_1822000_march_2020.shp, 1167.3652671522018, 0.013520790617500021, 1.1582313606506481e-05
census_geographies/2010_block_groups.shp, study_areas/definitions/max_city_1825000_march_2020.shp, 1167.3652671522018, 0.027831018720000163, 2.384088297221159e-05
census_geographies/2010_block_groups.shp, study_areas/definitions/max_city_1836003_march_2020.shp, 1167.3652671522018, 0.09974363190849976, 8.544337810548815e-05
census_geographies/2010_block_groups.shp, study_areas/definitions/max_city_1840392_march_2020.shp, 1167.3652671522018, 0.009429756428074936, 8.077811370111184e-06
census_geographies/2010_block_groups.shp, study_areas/definitions/max_city_1840788_march_2020.shp, 1167.3652671522018, 0.006695102423500012, 5.7352249650469514e-06
census_geographies/2010_block_groups.shp, study_areas/definitions/max_city_1848798_march_2020.shp, 1167.3652671522018, 0.00671323727149989, 5.750759818198886e-06
census_geographies/2010_block_groups.shp, study_areas/definitions/max_city_1851876_march_2020.shp, 1167.3652671522018, 0.006818514203000026, 5.840943186217844e-06
census_geographies/2010_block_groups.shp, study_areas/definitions/max_city_1871000_march_2020.shp, 1167.3652671522018, 0.012683010891500077, 1.0864646437905761e-05
census_geographies/2010_block_groups.shp, study_areas/definitions/max_city_1875428_march_2020.shp, 1167.3652671522018, 0.0095596752150001, 8.189103688446217e-06
census_geographies/2010_block_groups.shp, study_areas/definitions/max_city_1901855_march_2020.shp, 1167.3652671522018, 0.00420041843199997, 3.598204049917408e-06
census_geographies/2010_block_groups.shp, study_areas/definitions/max_city_1912000_march_2020.shp, 1167.3652671522018, 0.022637714884999986, 1.9392143592060863e-05
census_geographies/2010_block_groups.shp, study_areas/definitions/max_city_1919000_march_2020.shp, 1167.3652671522018, 0.016066698256999926, 1.376321423044801e-05
census_geographies/2010_block_groups.shp, study_areas/definitions/max_city_1921000_march_2020.shp, 1167.3652671522018, 0.024220546785999976, 2.074804473589164e-05
census_geographies/2010_block_groups.shp, study_areas/definitions/max_city_1922395_march_2020.shp, 1167.3652671522018, 0.006952707225499975, 5.955896942574939e-06
census_geographies/2010_block_groups.shp, study_areas/definitions/max_city_1973335_march_2020.shp, 1167.3652671522018, 0.016681971307500158, 1.4290275526353442e-05
census_geographies/2010_block_groups.shp, study_areas/definitions/max_city_1982425_march_2020.shp, 1167.3652671522018, 0.018095010622499883, 1.5500727263063794e-05
census_geographies/2010_block_groups.shp, study_areas/definitions/max_city_2038900_march_2020.shp, 1167.3652671522018, 0.006695165889500058, 5.735279331920656e-06
census_geographies/2010_block_groups.shp, study_areas/definitions/max_city_2044250_march_2020.shp, 1167.3652671522018, 0.003842613927499912, 3.291698010575562e-06
census_geographies/2010_block_groups.shp, study_areas/definitions/max_city_2071000_march_2020.shp, 1167.3652671522018, 0.016423881217000075, 1.4069187836182828e-05
census_geographies/2010_block_groups.shp, study_areas/definitions/max_city_2079000_march_2020.shp, 1167.3652671522018, 0.046189293993499796, 3.956713060872455e-05
census_geographies/2010_block_groups.shp, study_areas/definitions/max_city_2108902_march_2020.shp, 1167.3652671522018, 0.012524893552000052, 1.0729198396106682e-05
census_geographies/2010_block_groups.shp, study_areas/definitions/max_city_2146027_march_2020.shp, 1167.3652671522018, 0.07590368337499984, 6.502136521516317e-05
census_geographies/2010_block_groups.shp, study_areas/definitions/max_city_2148006_march_2020.shp, 1167.3652671522018, 0.07358779835900024, 6.303750884975218e-05
census_geographies/2010_block_groups.shp, study_areas/definitions/max_city_2158620_march_2020.shp, 1167.3652671522018, 0.004859176237499995, 4.162515687445456e-06
census_geographies/2010_block_groups.shp, study_areas/definitions/max_city_2200975_march_2020.shp, 1167.3652671522018, 0.004206986461000024, 3.6038304199875723e-06
census_geographies/2010_block_groups.shp, study_areas/definitions/max_city_2205000_march_2020.shp, 1167.3652671522018, 0.01748573371299999, 1.4978802440864628e-05
census_geographies/2010_block_groups.shp, study_areas/definitions/max_city_2232755_march_2020.shp, 1167.3652671522018, 0.002330759144499998, 1.9965979887219927e-06
census_geographies/2010_block_groups.shp, study_areas/definitions/max_city_2236255_march_2020.shp, 1167.3652671522018, 0.0025821368429999837, 2.2119356431591716e-06
census_geographies/2010_block_groups.shp, study_areas/definitions/max_city_2240735_march_2020.shp, 1167.3652671522018, 0.01274779746650003, 1.0920144555609743e-05
census_geographies/2010_block_groups.shp, study_areas/definitions/max_city_2241155_march_2020.shp, 1167.3652671522018, 0.013032525171500114, 1.1164050823006819e-05
census_geographies/2010_block_groups.shp, study_areas/definitions/max_city_2251410_march_2020.shp, 1167.3652671522018, 0.005688569069999985, 4.872998392248984e-06
census_geographies/2010_block_groups.shp, study_areas/definitions/max_city_2255000_march_2020.shp, 1167.3652671522018, 0.08486281150599947, 7.269602231101417e-05
census_geographies/2010_block_groups.shp, study_areas/definitions/max_city_2270000_march_2020.shp, 1167.3652671522018, 0.022379295281999934, 1.917077363162811e-05
census_geographies/2010_block_groups.shp, study_areas/definitions/max_city_2302795_march_2020.shp, 1167.3652671522018, 0.01019588674399988, 8.734101511237214e-06
census_geographies/2010_block_groups.shp, study_areas/definitions/max_city_2338740_march_2020.shp, 1167.3652671522018, 0.01034290389099988, 8.860040796169557e-06
census_geographies/2010_block_groups.shp, study_areas/definitions/max_city_2360545_march_2020.shp, 1167.3652671522018, 0.009981428116999641, 8.550389837577939e-06
census_geographies/2010_block_groups.shp, study_areas/definitions/max_city_2404000_march_2020.shp, 1167.3652671522018, 0.024895507466500103, 2.1326236240720886e-05
census_geographies/2010_block_groups.shp, study_areas/definitions/max_city_2421325_march_2020.shp, 1167.3652671522018, 0.0029102313015000486, 2.492991168565075e-06
census_geographies/2010_block_groups.shp, study_areas/definitions/max_city_2436075_march_2020.shp, 1167.3652671522018, 0.0030882661654999775, 2.645501157520157e-06
census_geographies/2010_block_groups.shp, study_areas/definitions/max_city_2446725_march_2020.shp, 1167.3652671522018, 0.0012178521420000022, 1.0432485668954017e-06
census_geographies/2010_block_groups.shp, study_areas/definitions/max_city_2469925_march_2020.shp, 1167.3652671522018, 0.0028122694644999685, 2.40907412926592e-06
census_geographies/2010_block_groups.shp, study_areas/definitions/max_city_2503690_march_2020.shp, 1167.3652671522018, 0.019817680732500013, 1.697641799883718e-05
census_geographies/2010_block_groups.shp, study_areas/definitions/max_city_2507000_march_2020.shp, 1167.3652671522018, 0.03033895241599979, 2.5989253980471716e-05
census_geographies/2010_block_groups.shp, study_areas/definitions/max_city_2553960_march_2020.shp, 1167.3652671522018, 0.012036112818999987, 1.0310494202352101e-05
census_geographies/2010_block_groups.shp, study_areas/definitions/max_city_2567000_march_2020.shp, 1167.3652671522018, 0.009324838944000016, 7.987935915506589e-06
census_geographies/2010_block_groups.shp, study_areas/definitions/max_city_2582000_march_2020.shp, 1167.3652671522018, 0.01086882034200003, 9.310556556573433e-06
census_geographies/2010_block_groups.shp, study_areas/definitions/max_city_2603000_march_2020.shp, 1167.3652671522018, 0.00795454146949995, 6.814098117639842e-06
census_geographies/2010_block_groups.shp, study_areas/definitions/max_city_2605920_march_2020.shp, 1167.3652671522018, 0.012767141138499954, 1.0936714923552172e-05
census_geographies/2010_block_groups.shp, study_areas/definitions/max_city_2622000_march_2020.shp, 1167.3652671522018, 0.04045049608649977, 3.465110469251764e-05
census_geographies/2010_block_groups.shp, study_areas/definitions/max_city_2629000_march_2020.shp, 1167.3652671522018, 0.009744246130000087, 8.347212654160308e-06
census_geographies/2010_block_groups.shp, study_areas/definitions/max_city_2634000_march_2020.shp, 1167.3652671522018, 0.012335501444499792, 1.0566959452710427e-05
census_geographies/2010_block_groups.shp, study_areas/definitions/max_city_2641420_march_2020.shp, 1167.3652671522018, 0.003078095860500137, 2.6367889700960352e-06
census_geographies/2010_block_groups.shp, study_areas/definitions/max_city_2642160_march_2020.shp, 1167.3652671522018, 0.007030205610499989, 6.022284376894509e-06
census_geographies/2010_block_groups.shp, study_areas/definitions/max_city_2646000_march_2020.shp, 1167.3652671522018, 0.011781752249999753, 1.0092601331836302e-05
census_geographies/2010_block_groups.shp, study_areas/definitions/max_city_2653780_march_2020.shp, 1167.3652671522018, 0.008514758165499906, 7.293996493721058e-06
census_geographies/2010_block_groups.shp, study_areas/definitions/max_city_2656320_march_2020.shp, 1167.3652671522018, 0.005679444284999835, 4.865181828524752e-06
census_geographies/2010_block_groups.shp, study_areas/definitions/max_city_2670520_march_2020.shp, 1167.3652671522018, 0.005426581684000033, 4.648572162197551e-06
census_geographies/2010_block_groups.shp, study_areas/definitions/max_city_2717000_march_2020.shp, 1167.3652671522018, 0.025040655349500073, 2.1450574258207098e-05
census_geographies/2010_block_groups.shp, study_areas/definitions/max_city_2739878_march_2020.shp, 1167.3652671522018, 0.00328282215249995, 2.812163634530968e-06
census_geographies/2010_block_groups.shp, study_areas/definitions/max_city_2743000_march_2020.shp, 1167.3652671522018, 0.01699849492849999, 1.4561419126309947e-05
census_geographies/2010_block_groups.shp, study_areas/definitions/max_city_2754880_march_2020.shp, 1167.3652671522018, 0.013091192520499909, 1.1214307028712609e-05
census_geographies/2010_block_groups.shp, study_areas/definitions/max_city_2756896_march_2020.shp, 1167.3652671522018, 0.008949202307500032, 7.666154338591633e-06
census_geographies/2010_block_groups.shp, study_areas/definitions/max_city_2829700_march_2020.shp, 1167.3652671522018, 0.01669326576700006, 1.4299950698142179e-05
census_geographies/2010_block_groups.shp, study_areas/definitions/max_city_2831020_march_2020.shp, 1167.3652671522018, 0.012194881844499962, 1.044650049786858e-05
census_geographies/2010_block_groups.shp, study_areas/definitions/max_city_2836000_march_2020.shp, 1167.3652671522018, 0.02984112554850005, 2.5562800597363795e-05
census_geographies/2010_block_groups.shp, study_areas/definitions/max_city_2911242_march_2020.shp, 1167.3652671522018, 0.007897174602499899, 6.764955943708286e-06
census_geographies/2010_block_groups.shp, study_areas/definitions/max_city_2915670_march_2020.shp, 1167.3652671522018, 0.01696872746749997, 1.4535919428967879e-05
census_geographies/2010_block_groups.shp, study_areas/definitions/max_city_2937000_march_2020.shp, 1167.3652671522018, 0.007132860778499917, 6.110221863890636e-06
census_geographies/2010_block_groups.shp, study_areas/definitions/max_city_2937592_march_2020.shp, 1167.3652671522018, 0.009193875490500072, 7.875748704540966e-06
census_geographies/2010_block_groups.shp, study_areas/definitions/max_city_2938000_march_2020.shp, 1167.3652671522018, 0.09184901226549905, 7.868061081649752e-05
census_geographies/2010_block_groups.shp, study_areas/definitions/max_city_2964550_march_2020.shp, 1167.3652671522018, 0.009947596063000013, 8.521408288313447e-06
census_geographies/2010_block_groups.shp, study_areas/definitions/max_city_2965000_march_2020.shp, 1167.3652671522018, 0.017694747124000033, 1.515784957964916e-05
census_geographies/2010_block_groups.shp, study_areas/definitions/max_city_2970000_march_2020.shp, 1167.3652671522018, 0.021738789554999954, 1.8622097270404427e-05
census_geographies/2010_block_groups.shp, study_areas/definitions/max_city_3006550_march_2020.shp, 1167.3652671522018, 0.011727199849500094, 1.0045870114080663e-05
census_geographies/2010_block_groups.shp, study_areas/definitions/max_city_3032800_march_2020.shp, 1167.3652671522018, 0.004828374413500076, 4.136129923823192e-06
census_geographies/2010_block_groups.shp, study_areas/definitions/max_city_3050200_march_2020.shp, 1167.3652671522018, 0.00557561864249986, 4.776241678066739e-06
census_geographies/2010_block_groups.shp, study_areas/definitions/max_city_3119595_march_2020.shp, 1167.3652671522018, 0.007684914278499934, 6.583127402143249e-06
census_geographies/2010_block_groups.shp, study_areas/definitions/max_city_3128000_march_2020.shp, 1167.3652671522018, 0.02525821635500011, 2.163694352207151e-05
census_geographies/2010_block_groups.shp, study_areas/definitions/max_city_3137000_march_2020.shp, 1167.3652671522018, 0.04023355199650009, 3.4465263896920805e-05
census_geographies/2010_block_groups.shp, study_areas/definitions/max_city_3209700_march_2020.shp, 1167.3652671522018, 0.042437875567499624, 3.635355339209912e-05
census_geographies/2010_block_groups.shp, study_areas/definitions/max_city_3240000_march_2020.shp, 1167.3652671522018, 0.028310268101000333, 2.4251422324790843e-05
census_geographies/2010_block_groups.shp, study_areas/definitions/max_city_3260600_march_2020.shp, 1167.3652671522018, 0.029040238700000377, 2.4876736970977646e-05
census_geographies/2010_block_groups.shp, study_areas/definitions/max_city_3345140_march_2020.shp, 1167.3652671522018, 0.00999380668199997, 8.560993686560464e-06
census_geographies/2010_block_groups.shp, study_areas/definitions/max_city_3454360_march_2020.shp, 1167.3652671522018, 0.003468693591499891, 2.971386667997927e-06
census_geographies/2010_block_groups.shp, study_areas/definitions/max_city_3474000_march_2020.shp, 1167.3652671522018, 0.0022348555634999763, 1.9144441130683345e-06
census_geographies/2010_block_groups.shp, study_areas/definitions/max_city_3476070_march_2020.shp, 1167.3652671522018, 0.018712499620500107, 1.6029686805869614e-05
census_geographies/2010_block_groups.shp, study_areas/definitions/max_city_3502000_march_2020.shp, 1167.3652671522018, 0.04010134842749981, 3.435201436592971e-05
census_geographies/2010_block_groups.shp, study_areas/definitions/max_city_3525800_march_2020.shp, 1167.3652671522018, 0.008328543428999906, 7.134479381348619e-06
census_geographies/2010_block_groups.shp, study_areas/definitions/max_city_3570500_march_2020.shp, 1167.3652671522018, 0.012325657070000063, 1.0558526467100239e-05
census_geographies/2010_block_groups.shp, study_areas/definitions/max_city_3601000_march_2020.shp, 1167.3652671522018, 0.006238545155999942, 5.344124355540344e-06
census_geographies/2010_block_groups.shp, study_areas/definitions/max_city_3606607_march_2020.shp, 1167.3652671522018, 0.0031389594820001947, 2.688926568509028e-06
census_geographies/2010_block_groups.shp, study_areas/definitions/max_city_3611000_march_2020.shp, 1167.3652671522018, 0.012267640743500096, 1.0508827946737801e-05
census_geographies/2010_block_groups.shp, study_areas/definitions/max_city_3624229_march_2020.shp, 1167.3652671522018, 0.002135120949000066, 1.829008459544726e-06
census_geographies/2010_block_groups.shp, study_areas/definitions/max_city_3629333_march_2020.shp, 1167.3652671522018, 0.0011281354050000668, 9.663945268409119e-07
census_geographies/2010_block_groups.shp, study_areas/definitions/max_city_3638077_march_2020.shp, 1167.3652671522018, 0.0009442228235000882, 8.088495092915762e-07
census_geographies/2010_block_groups.shp, study_areas/definitions/max_city_3639853_march_2020.shp, 1167.3652671522018, 0.0006356008860000328, 5.444747277350362e-07
census_geographies/2010_block_groups.shp, study_areas/definitions/max_city_3651000_march_2020.shp, 1167.3652671522018, 0.1292160854415, 0.00011069036322857525
census_geographies/2010_block_groups.shp, study_areas/definitions/max_city_3659641_march_2020.shp, 1167.3652671522018, 0.001601892435000053, 1.3722289672947733e-06
census_geographies/2010_block_groups.shp, study_areas/definitions/max_city_3663000_march_2020.shp, 1167.3652671522018, 0.01083350329249999, 9.28030291575183e-06
census_geographies/2010_block_groups.shp, study_areas/definitions/max_city_3673000_march_2020.shp, 1167.3652671522018, 0.007302486006499854, 6.255527907142839e-06
census_geographies/2010_block_groups.shp, study_areas/definitions/max_city_3676540_march_2020.shp, 1167.3652671522018, 0.004873122831500024, 4.174462756963852e-06
census_geographies/2010_block_groups.shp, study_areas/definitions/max_city_3678608_march_2020.shp, 1167.3652671522018, 0.002720259061500047, 2.330255266319636e-06
census_geographies/2010_block_groups.shp, study_areas/definitions/max_city_3702140_march_2020.shp, 1167.3652671522018, 0.011040161769999978, 9.457332748071694e-06
census_geographies/2010_block_groups.shp, study_areas/definitions/max_city_3709060_march_2020.shp, 1167.3652671522018, 0.008384824294999885, 7.182691254344701e-06
census_geographies/2010_block_groups.shp, study_areas/definitions/max_city_3712000_march_2020.shp, 1167.3652671522018, 0.08262733400049976, 7.078104542382857e-05
census_geographies/2010_block_groups.shp, study_areas/definitions/max_city_3722920_march_2020.shp, 1167.3652671522018, 0.04124486374950001, 3.533158378963701e-05
census_geographies/2010_block_groups.shp, study_areas/definitions/max_city_3726880_march_2020.shp, 1167.3652671522018, 0.007951727466500025, 6.811687558512287e-06
census_geographies/2010_block_groups.shp, study_areas/definitions/max_city_3728000_march_2020.shp, 1167.3652671522018, 0.030582567641000005, 2.6197942067958263e-05
census_geographies/2010_block_groups.shp, study_areas/definitions/max_city_3728080_march_2020.shp, 1167.3652671522018, 0.006742227388999991, 5.775593619851065e-06
census_geographies/2010_block_groups.shp, study_areas/definitions/max_city_3731060_march_2020.shp, 1167.3652671522018, 0.009193972073499812, 7.875831440427032e-06
census_geographies/2010_block_groups.shp, study_areas/definitions/max_city_3734200_march_2020.shp, 1167.3652671522018, 0.012949683736999949, 1.1093086372691917e-05
census_geographies/2010_block_groups.shp, study_areas/definitions/max_city_3746340_march_2020.shp, 1167.3652671522018, 0.010101926490500103, 8.65361234803897e-06
census_geographies/2010_block_groups.shp, study_areas/definitions/max_city_3755000_march_2020.shp, 1167.3652671522018, 0.039576448345999916, 3.390236925803611e-05
census_geographies/2010_block_groups.shp, study_areas/definitions/max_city_3757500_march_2020.shp, 1167.3652671522018, 0.009107152115500016, 7.801458867897446e-06
census_geographies/2010_block_groups.shp, study_areas/definitions/max_city_3774440_march_2020.shp, 1167.3652671522018, 0.014285892905999995, 1.2237723108595275e-05
census_geographies/2010_block_groups.shp, study_areas/definitions/max_city_3775000_march_2020.shp, 1167.3652671522018, 0.03186599654400027, 2.7297365649517446e-05
census_geographies/2010_block_groups.shp, study_areas/definitions/max_city_3807200_march_2020.shp, 1167.3652671522018, 0.013940268313500082, 1.194165074613492e-05
census_geographies/2010_block_groups.shp, study_areas/definitions/max_city_3825700_march_2020.shp, 1167.3652671522018, 0.013446583392000028, 1.1518745477842673e-05
census_geographies/2010_block_groups.shp, study_areas/definitions/max_city_3832060_march_2020.shp, 1167.3652671522018, 0.020841301851499794, 1.7853282462602594e-05
census_geographies/2010_block_groups.shp, study_areas/definitions/max_city_3901000_march_2020.shp, 1167.3652671522018, 0.017248019901999957, 1.4775169681103036e-05
census_geographies/2010_block_groups.shp, study_areas/definitions/max_city_3912000_march_2020.shp, 1167.3652671522018, 0.005890224314999991, 5.045742305978699e-06
census_geographies/2010_block_groups.shp, study_areas/definitions/max_city_3915000_march_2020.shp, 1167.3652671522018, 0.022025690543999773, 1.8867865237871643e-05
census_geographies/2010_block_groups.shp, study_areas/definitions/max_city_3916000_march_2020.shp, 1167.3652671522018, 0.023047317689499972, 1.974302160430395e-05
census_geographies/2010_block_groups.shp, study_areas/definitions/max_city_3918000_march_2020.shp, 1167.3652671522018, 0.0603132260094999, 5.1666113175214266e-05
census_geographies/2010_block_groups.shp, study_areas/definitions/max_city_3921000_march_2020.shp, 1167.3652671522018, 0.01919536738350017, 1.6443325772684194e-05
census_geographies/2010_block_groups.shp, study_areas/definitions/max_city_3943554_march_2020.shp, 1167.3652671522018, 0.003568311490999981, 3.0567223399621178e-06
census_geographies/2010_block_groups.shp, study_areas/definitions/max_city_3947138_march_2020.shp, 1167.3652671522018, 0.009278339308000094, 7.948102936653827e-06
census_geographies/2010_block_groups.shp, study_areas/definitions/max_city_3974118_march_2020.shp, 1167.3652671522018, 0.008766199949000325, 7.509389045286185e-06
census_geographies/2010_block_groups.shp, study_areas/definitions/max_city_3977000_march_2020.shp, 1167.3652671522018, 0.023494662437500098, 2.0126230494089943e-05
census_geographies/2010_block_groups.shp, study_areas/definitions/max_city_3988000_march_2020.shp, 1167.3652671522018, 0.00946557767249998, 8.108496919384404e-06
census_geographies/2010_block_groups.shp, study_areas/definitions/max_city_4023950_march_2020.shp, 1167.3652671522018, 0.006182463124500118, 5.296082810123598e-06
census_geographies/2010_block_groups.shp, study_areas/definitions/max_city_4041850_march_2020.shp, 1167.3652671522018, 0.019485370063499968, 1.6691750741423638e-05
census_geographies/2010_block_groups.shp, study_areas/definitions/max_city_4055000_march_2020.shp, 1167.3652671522018, 0.1605418456399995, 0.0001375249462677974
census_geographies/2010_block_groups.shp, study_areas/definitions/max_city_4075000_march_2020.shp, 1167.3652671522018, 0.0629547966749997, 5.392896160820212e-05
census_geographies/2010_block_groups.shp, study_areas/definitions/max_city_4105800_march_2020.shp, 1167.3652671522018, 0.006978236719999995, 5.977766271069095e-06
census_geographies/2010_block_groups.shp, study_areas/definitions/max_city_4115800_march_2020.shp, 1167.3652671522018, 0.0026227867764999965, 2.246757591904639e-06
census_geographies/2010_block_groups.shp, study_areas/definitions/max_city_4123850_march_2020.shp, 1167.3652671522018, 0.011592825444000069, 9.930760979621119e-06
census_geographies/2010_block_groups.shp, study_areas/definitions/max_city_4130550_march_2020.shp, 1167.3652671522018, 0.00228265780500004, 1.9553929427492773e-06
census_geographies/2010_block_groups.shp, study_areas/definitions/max_city_4147000_march_2020.shp, 1167.3652671522018, 0.005951326582500244, 5.098084335692598e-06
census_geographies/2010_block_groups.shp, study_areas/definitions/max_city_4159000_march_2020.shp, 1167.3652671522018, 0.043738954674499925, 3.746809666626583e-05
census_geographies/2010_block_groups.shp, study_areas/definitions/max_city_4164900_march_2020.shp, 1167.3652671522018, 0.014121942496500013, 1.2097278284585784e-05
census_geographies/2010_block_groups.shp, study_areas/definitions/max_city_4202000_march_2020.shp, 1167.3652671522018, 0.004966488218499903, 4.254442339727732e-06
census_geographies/2010_block_groups.shp, study_areas/definitions/max_city_4202184_march_2020.shp, 1167.3652671522018, 0.00276489820550008, 2.368494492083934e-06
census_geographies/2010_block_groups.shp, study_areas/definitions/max_city_4207128_march_2020.shp, 1167.3652671522018, 0.001299706463000055, 1.1133674262647035e-06
census_geographies/2010_block_groups.shp, study_areas/definitions/max_city_4212536_march_2020.shp, 1167.3652671522018, 0.0018896958529999051, 1.6187699824321785e-06
census_geographies/2010_block_groups.shp, study_areas/definitions/max_city_4221872_march_2020.shp, 1167.3652671522018, 0.0007928753424999814, 6.792007307483183e-07
census_geographies/2010_block_groups.shp, study_areas/definitions/max_city_4224000_march_2020.shp, 1167.3652671522018, 0.005845254860500138, 5.007220126361727e-06
census_geographies/2010_block_groups.shp, study_areas/definitions/max_city_4232448_march_2020.shp, 1167.3652671522018, 0.00101151726549997, 8.664959408699692e-07
census_geographies/2010_block_groups.shp, study_areas/definitions/max_city_4232800_march_2020.shp, 1167.3652671522018, 0.003255340573000054, 2.7886220916453058e-06
census_geographies/2010_block_groups.shp, study_areas/definitions/max_city_4238288_march_2020.shp, 1167.3652671522018, 0.001672004131500006, 1.432288743332989e-06
census_geographies/2010_block_groups.shp, study_areas/definitions/max_city_4241216_march_2020.shp, 1167.3652671522018, 0.002503762860999946, 2.1447981462630787e-06
census_geographies/2010_block_groups.shp, study_areas/definitions/max_city_4242168_march_2020.shp, 1167.3652671522018, 0.0011439744684999932, 9.79962742330624e-07
census_geographies/2010_block_groups.shp, study_areas/definitions/max_city_4260000_march_2020.shp, 1167.3652671522018, 0.03898588397800009, 3.33964741585181e-05
census_geographies/2010_block_groups.shp, study_areas/definitions/max_city_4261000_march_2020.shp, 1167.3652671522018, 0.016037427620499964, 1.3738140127831123e-05
census_geographies/2010_block_groups.shp, study_areas/definitions/max_city_4263624_march_2020.shp, 1167.3652671522018, 0.0027947588885000323, 2.3940740461791125e-06
census_geographies/2010_block_groups.shp, study_areas/definitions/max_city_4269000_march_2020.shp, 1167.3652671522018, 0.007122208811500093, 6.1010970703923606e-06
census_geographies/2010_block_groups.shp, study_areas/definitions/max_city_4273808_march_2020.shp, 1167.3652671522018, 0.001259378032500069, 1.0788208866041845e-06
census_geographies/2010_block_groups.shp, study_areas/definitions/max_city_4285312_march_2020.shp, 1167.3652671522018, 0.002622605449499933, 2.2466022617734748e-06
census_geographies/2010_block_groups.shp, study_areas/definitions/max_city_4287048_march_2020.shp, 1167.3652671522018, 0.0014500702384999166, 1.2421735332569694e-06
census_geographies/2010_block_groups.shp, study_areas/definitions/max_city_4459000_march_2020.shp, 1167.3652671522018, 0.0057730408465000065, 4.945359442279272e-06
census_geographies/2010_block_groups.shp, study_areas/definitions/max_city_4513330_march_2020.shp, 1167.3652671522018, 0.0343811657594999, 2.9451934820172494e-05
census_geographies/2010_block_groups.shp, study_areas/definitions/max_city_4516000_march_2020.shp, 1167.3652671522018, 0.03503062420250019, 3.0008280345669108e-05
census_geographies/2010_block_groups.shp, study_areas/definitions/max_city_4525810_march_2020.shp, 1167.3652671522018, 0.005580790332000178, 4.780671901961386e-06
census_geographies/2010_block_groups.shp, study_areas/definitions/max_city_4530850_march_2020.shp, 1167.3652671522018, 0.007094723248499922, 6.077552115121228e-06
census_geographies/2010_block_groups.shp, study_areas/definitions/max_city_4534045_march_2020.shp, 1167.3652671522018, 0.01504189706000045, 1.2885338876575706e-05
census_geographies/2010_block_groups.shp, study_areas/definitions/max_city_4549075_march_2020.shp, 1167.3652671522018, 0.006136425687500075, 5.256645764757026e-06
census_geographies/2010_block_groups.shp, study_areas/definitions/max_city_4568290_march_2020.shp, 1167.3652671522018, 0.006114978263000046, 5.238273259506505e-06
census_geographies/2010_block_groups.shp, study_areas/definitions/max_city_4570405_march_2020.shp, 1167.3652671522018, 0.007277768577000113, 6.234354217814186e-06
census_geographies/2010_block_groups.shp, study_areas/definitions/max_city_4652980_march_2020.shp, 1167.3652671522018, 0.013335411650499856, 1.142351243928279e-05
census_geographies/2010_block_groups.shp, study_areas/definitions/max_city_4659020_march_2020.shp, 1167.3652671522018, 0.017623505331500096, 1.5096821729579806e-05
census_geographies/2010_block_groups.shp, study_areas/definitions/max_city_4714000_march_2020.shp, 1167.3652671522018, 0.03865255440199999, 3.3110934074896064e-05
census_geographies/2010_block_groups.shp, study_areas/definitions/max_city_4715160_march_2020.shp, 1167.3652671522018, 0.025263241641000144, 2.1641248332349352e-05
census_geographies/2010_block_groups.shp, study_areas/definitions/max_city_4715400_march_2020.shp, 1167.3652671522018, 0.007788280678499936, 6.671674151741312e-06
census_geographies/2010_block_groups.shp, study_areas/definitions/max_city_4737640_march_2020.shp, 1167.3652671522018, 0.01832253075499996, 1.569562781296204e-05
census_geographies/2010_block_groups.shp, study_areas/definitions/max_city_4738320_march_2020.shp, 1167.3652671522018, 0.007735150205000092, 6.626160999178998e-06
census_geographies/2010_block_groups.shp, study_areas/definitions/max_city_4740000_march_2020.shp, 1167.3652671522018, 0.02626642127799988, 2.250060201129425e-05
census_geographies/2010_block_groups.shp, study_areas/definitions/max_city_4748000_march_2020.shp, 1167.3652671522018, 0.08338824015250014, 7.143286038989879e-05
census_geographies/2010_block_groups.shp, study_areas/definitions/max_city_4750280_march_2020.shp, 1167.3652671522018, 0.005415452753500006, 4.63903878750055e-06
census_geographies/2010_block_groups.shp, study_areas/definitions/max_city_4752006_march_2020.shp, 1167.3652671522018, 0.12843166948299986, 0.00011001840905915428
census_geographies/2010_block_groups.shp, study_areas/definitions/max_city_4801000_march_2020.shp, 1167.3652671522018, 0.025624249229500164, 2.1950498229239554e-05
census_geographies/2010_block_groups.shp, study_areas/definitions/max_city_4803000_march_2020.shp, 1167.3652671522018, 0.03049076061450017, 2.6119297423404297e-05
census_geographies/2010_block_groups.shp, study_areas/definitions/max_city_4805000_march_2020.shp, 1167.3652671522018, 0.08207494773649994, 7.030785482998181e-05
census_geographies/2010_block_groups.shp, study_areas/definitions/max_city_4807000_march_2020.shp, 1167.3652671522018, 0.03021304112150021, 2.5881394599999704e-05
census_geographies/2010_block_groups.shp, study_areas/definitions/max_city_4810768_march_2020.shp, 1167.3652671522018, 0.03031999100749954, 2.5973011070875387e-05
census_geographies/2010_block_groups.shp, study_areas/definitions/max_city_4815976_march_2020.shp, 1167.3652671522018, 0.009679574978999994, 8.291813412106569e-06
census_geographies/2010_block_groups.shp, study_areas/definitions/max_city_4817000_march_2020.shp, 1167.3652671522018, 0.11327396520399971, 9.703386625536031e-05
census_geographies/2010_block_groups.shp, study_areas/definitions/max_city_4819000_march_2020.shp, 1167.3652671522018, 0.09743498327499962, 8.346572064174322e-05
census_geographies/2010_block_groups.shp, study_areas/definitions/max_city_4824000_march_2020.shp, 1167.3652671522018, 0.06525898613300005, 5.5902799208854256e-05
census_geographies/2010_block_groups.shp, study_areas/definitions/max_city_4835000_march_2020.shp, 1167.3652671522018, 0.14370889171650014, 0.0001231053345171724
census_geographies/2010_block_groups.shp, study_areas/definitions/max_city_4839148_march_2020.shp, 1167.3652671522018, 0.011593712852000025, 9.931521159853414e-06
census_geographies/2010_block_groups.shp, study_areas/definitions/max_city_4841464_march_2020.shp, 1167.3652671522018, 0.01978937240150003, 1.6952168235891055e-05
census_geographies/2010_block_groups.shp, study_areas/definitions/max_city_4843888_march_2020.shp, 1167.3652671522018, 0.010091252507499893, 8.644468694976334e-06
census_geographies/2010_block_groups.shp, study_areas/definitions/max_city_4845000_march_2020.shp, 1167.3652671522018, 0.0317262160935001, 2.717762553523328e-05
census_geographies/2010_block_groups.shp, study_areas/definitions/max_city_4845384_march_2020.shp, 1167.3652671522018, 0.013117894328500027, 1.1237180596011093e-05
census_geographies/2010_block_groups.shp, study_areas/definitions/max_city_4848072_march_2020.shp, 1167.3652671522018, 0.010524867450000175, 9.01591622275664e-06
census_geographies/2010_block_groups.shp, study_areas/definitions/max_city_4853388_march_2020.shp, 1167.3652671522018, 0.009243561929000029, 7.918311593722317e-06
census_geographies/2010_block_groups.shp, study_areas/definitions/max_city_4864472_march_2020.shp, 1167.3652671522018, 0.014345862104500137, 1.2289094517517211e-05
census_geographies/2010_block_groups.shp, study_areas/definitions/max_city_4865000_march_2020.shp, 1167.3652671522018, 0.12296908546250003, 0.0001053389962187964
census_geographies/2010_block_groups.shp, study_areas/definitions/max_city_4867496_march_2020.shp, 1167.3652671522018, 0.01579017200349974, 1.3526333571684901e-05
census_geographies/2010_block_groups.shp, study_areas/definitions/max_city_4872368_march_2020.shp, 1167.3652671522018, 0.006102060960499984, 5.227207911869793e-06
census_geographies/2010_block_groups.shp, study_areas/definitions/max_city_4874144_march_2020.shp, 1167.3652671522018, 0.015913287381999968, 1.363179788689497e-05
census_geographies/2010_block_groups.shp, study_areas/definitions/max_city_4875428_march_2020.shp, 1167.3652671522018, 0.006470903234999812, 5.543169235097803e-06
census_geographies/2010_block_groups.shp, study_areas/definitions/max_city_4876000_march_2020.shp, 1167.3652671522018, 0.020976268216499897, 1.7968898687273515e-05
census_geographies/2010_block_groups.shp, study_areas/definitions/max_city_4879000_march_2020.shp, 1167.3652671522018, 0.014141736827500124, 1.211423470050554e-05
census_geographies/2010_block_groups.shp, study_areas/definitions/max_city_4945860_march_2020.shp, 1167.3652671522018, 0.00391610729649999, 3.3546546284123814e-06
census_geographies/2010_block_groups.shp, study_areas/definitions/max_city_4962470_march_2020.shp, 1167.3652671522018, 0.007914285707999777, 6.77961382841786e-06
census_geographies/2010_block_groups.shp, study_areas/definitions/max_city_4965330_march_2020.shp, 1167.3652671522018, 0.01791250883299983, 1.5344390772133867e-05
census_geographies/2010_block_groups.shp, study_areas/definitions/max_city_4967000_march_2020.shp, 1167.3652671522018, 0.025022935740499987, 2.1435395111200855e-05
census_geographies/2010_block_groups.shp, study_areas/definitions/max_city_5010675_march_2020.shp, 1167.3652671522018, 0.00453959680349993, 3.88875438668337e-06
census_geographies/2010_block_groups.shp, study_areas/definitions/max_city_5107784_march_2020.shp, 1167.3652671522018, 0.004171452109999951, 3.5733906322022468e-06
census_geographies/2010_block_groups.shp, study_areas/definitions/max_city_5114968_march_2020.shp, 1167.3652671522018, 0.0027267849394999382, 2.335845528582459e-06
census_geographies/2010_block_groups.shp, study_areas/definitions/max_city_5135624_march_2020.shp, 1167.3652671522018, 0.004670196801999986, 4.000630251226314e-06
census_geographies/2010_block_groups.shp, study_areas/definitions/max_city_5147672_march_2020.shp, 1167.3652671522018, 0.01308495500149995, 1.1208963783393022e-05
census_geographies/2010_block_groups.shp, study_areas/definitions/max_city_5167000_march_2020.shp, 1167.3652671522018, 0.01649035811949994, 1.412613393897552e-05
census_geographies/2010_block_groups.shp, study_areas/definitions/max_city_5168000_march_2020.shp, 1167.3652671522018, 0.011289457370000028, 9.670886814664927e-06
census_geographies/2010_block_groups.shp, study_areas/definitions/max_city_5175216_march_2020.shp, 1167.3652671522018, 0.005334030411499897, 4.5692899742617085e-06
census_geographies/2010_block_groups.shp, study_areas/definitions/max_city_5182000_march_2020.shp, 1167.3652671522018, 0.13002279487900026, 0.0001113814146588343
census_geographies/2010_block_groups.shp, study_areas/definitions/max_city_5186720_march_2020.shp, 1167.3652671522018, 0.0024981874194999866, 2.14002205633061e-06
census_geographies/2010_block_groups.shp, study_areas/definitions/max_city_5305280_march_2020.shp, 1167.3652671522018, 0.007896003276499827, 6.763952550826015e-06
census_geographies/2010_block_groups.shp, study_areas/definitions/max_city_5335275_march_2020.shp, 1167.3652671522018, 0.008636035153499979, 7.397885988648322e-06
census_geographies/2010_block_groups.shp, study_areas/definitions/max_city_5340245_march_2020.shp, 1167.3652671522018, 0.003485904098500103, 2.986129703005468e-06
census_geographies/2010_block_groups.shp, study_areas/definitions/max_city_5347560_march_2020.shp, 1167.3652671522018, 0.0049769040944999355, 4.263364890614861e-06
census_geographies/2010_block_groups.shp, study_areas/definitions/max_city_5351300_march_2020.shp, 1167.3652671522018, 0.005573921556999953, 4.774787903873126e-06
census_geographies/2010_block_groups.shp, study_areas/definitions/max_city_5353545_march_2020.shp, 1167.3652671522018, 0.011582828723500204, 9.922197489871032e-06
census_geographies/2010_block_groups.shp, study_areas/definitions/max_city_5363000_march_2020.shp, 1167.3652671522018, 0.061808049838999596, 5.294662397295826e-05
census_geographies/2010_block_groups.shp, study_areas/definitions/max_city_5367000_march_2020.shp, 1167.3652671522018, 0.01695273005400011, 1.4522215566132482e-05
census_geographies/2010_block_groups.shp, study_areas/definitions/max_city_5377105_march_2020.shp, 1167.3652671522018, 0.0021795486054999196, 1.8670665187914561e-06
census_geographies/2010_block_groups.shp, study_areas/definitions/max_city_5380010_march_2020.shp, 1167.3652671522018, 0.007552382164499949, 6.469596429679679e-06
census_geographies/2010_block_groups.shp, study_areas/definitions/max_city_5405332_march_2020.shp, 1167.3652671522018, 0.0030985489495001205, 2.6543096978198255e-06
census_geographies/2010_block_groups.shp, study_areas/definitions/max_city_5414600_march_2020.shp, 1167.3652671522018, 0.007165754414500166, 6.138399536231782e-06
census_geographies/2010_block_groups.shp, study_areas/definitions/max_city_5439460_march_2020.shp, 1167.3652671522018, 0.004602002989499976, 3.942213391980219e-06
census_geographies/2010_block_groups.shp, study_areas/definitions/max_city_5455756_march_2020.shp, 1167.3652671522018, 0.003112780828499884, 2.6665011510009557e-06
census_geographies/2010_block_groups.shp, study_areas/definitions/max_city_5462140_march_2020.shp, 1167.3652671522018, 0.0032655470219999814, 2.7973652411008538e-06
census_geographies/2010_block_groups.shp, study_areas/definitions/max_city_5485156_march_2020.shp, 1167.3652671522018, 0.005396872342500056, 4.623122251757391e-06
census_geographies/2010_block_groups.shp, study_areas/definitions/max_city_5486452_march_2020.shp, 1167.3652671522018, 0.0038032199645001694, 3.2579519637226825e-06
census_geographies/2010_block_groups.shp, study_areas/definitions/max_city_5502375_march_2020.shp, 1167.3652671522018, 0.0063919114505001295, 5.4755025101040185e-06
census_geographies/2010_block_groups.shp, study_areas/definitions/max_city_5522300_march_2020.shp, 1167.3652671522018, 0.009956323259500214, 8.528884265838023e-06
census_geographies/2010_block_groups.shp, study_areas/definitions/max_city_5526275_march_2020.shp, 1167.3652671522018, 0.007185872717999991, 6.155633476683775e-06
census_geographies/2010_block_groups.shp, study_areas/definitions/max_city_5531000_march_2020.shp, 1167.3652671522018, 0.015613798466000197, 1.3375246724695006e-05
census_geographies/2010_block_groups.shp, study_areas/definitions/max_city_5537825_march_2020.shp, 1167.3652671522018, 0.007586512217000131, 6.498833253371926e-06
census_geographies/2010_block_groups.shp, study_areas/definitions/max_city_5540775_march_2020.shp, 1167.3652671522018, 0.00590969945650005, 5.062425294626775e-06
census_geographies/2010_block_groups.shp, study_areas/definitions/max_city_5548000_march_2020.shp, 1167.3652671522018, 0.028702065474999955, 2.4587047672763903e-05
census_geographies/2010_block_groups.shp, study_areas/definitions/max_city_5553000_march_2020.shp, 1167.3652671522018, 0.027630609859000194, 2.3669206748291664e-05
census_geographies/2010_block_groups.shp, study_areas/definitions/max_city_5566000_march_2020.shp, 1167.3652671522018, 0.004305807642999988, 3.6884835999138857e-06
census_geographies/2010_block_groups.shp, study_areas/definitions/max_city_5572975_march_2020.shp, 1167.3652671522018, 0.005971813040499981, 5.115633648299537e-06
census_geographies/2010_block_groups.shp, study_areas/definitions/max_city_5584475_march_2020.shp, 1167.3652671522018, 0.00543179377249991, 4.653036993083425e-06
census_geographies/2010_block_groups.shp, study_areas/definitions/max_city_5613150_march_2020.shp, 1167.3652671522018, 0.006664940561499933, 5.709387412012965e-06
census_geographies/2010_block_groups.shp, study_areas/definitions/max_city_5613900_march_2020.shp, 1167.3652671522018, 0.00506687321199989, 4.340435127353561e-06
census_geographies/2010_block_groups.shp, study_areas/definitions/max_city_7203368_march_2020.shp, 1167.3652671522018, 0.003645404554999898, 3.1227625641911513e-06
census_geographies/2010_block_groups.shp, study_areas/definitions/max_city_7232221_march_2020.shp, 1167.3652671522018, 0.0009597180230000182, 8.221231605950201e-07
census_geographies/2010_block_groups.shp, study_areas/definitions/max_city_7252431_march_2020.shp, 1167.3652671522018, 0.005050228354500012, 4.326176644624771e-06
census_geographies/2010_block_groups.shp, study_areas/definitions/max_city_7263820_march_2020.shp, 1167.3652671522018, 0.007923316444000126, 6.787349826956158e-06
census_geographies/2010_block_groups.shp, study_areas/definitions/max_city_7276770_march_2020.shp, 1167.3652671522018, 0.010244402460000048, 8.775661524512684e-06
census_geographies/2010_block_groups.shp, study_areas/definitions/max_city_7288035_march_2020.shp, 1167.3652671522018, 0.0005775740124999549, 4.947671724968758e-07
census_geographies/2000_block_groups.shp, study_areas/definitions/max_city_0107000_march_2020.shp, 1167.365267152196, 0.045894747113499744, 3.931481294236261e-05
census_geographies/2000_block_groups.shp, study_areas/definitions/max_city_0121184_march_2020.shp, 1167.365267152196, 0.02027654537850011, 1.73694951777733e-05
census_geographies/2000_block_groups.shp, study_areas/definitions/max_city_0126896_march_2020.shp, 1167.365267152196, 0.006018610422999923, 5.155721685708885e-06
census_geographies/2000_block_groups.shp, study_areas/definitions/max_city_0128696_march_2020.shp, 1167.365267152196, 0.009496311526999873, 8.134824458300235e-06
census_geographies/2000_block_groups.shp, study_areas/definitions/max_city_0137000_march_2020.shp, 1167.365267152196, 0.05536834128249983, 4.743017703239678e-05
census_geographies/2000_block_groups.shp, study_areas/definitions/max_city_0150000_march_2020.shp, 1167.365267152196, 0.03733877587050022, 3.198551209390415e-05
census_geographies/2000_block_groups.shp, study_areas/definitions/max_city_0151000_march_2020.shp, 1167.365267152196, 0.04817386212349988, 4.1267171020961325e-05
census_geographies/2000_block_groups.shp, study_areas/definitions/max_city_0157576_march_2020.shp, 1167.365267152196, 0.0032574440775000645, 2.790424016509113e-06
census_geographies/2000_block_groups.shp, study_areas/definitions/max_city_0177256_march_2020.shp, 1167.365267152196, 0.018709959033999905, 1.6027510463492813e-05
census_geographies/2000_block_groups.shp, study_areas/definitions/max_city_0203000_march_2020.shp, 1167.365267152196, 0.8463470898194989, 0.000725006228670975
census_geographies/2000_block_groups.shp, study_areas/definitions/max_city_0224230_march_2020.shp, 1167.365267152196, 0.00424339765799987, 3.6350213402799777e-06
census_geographies/2000_block_groups.shp, study_areas/definitions/max_city_0423620_march_2020.shp, 1167.365267152196, 0.01649468828800006, 1.4129843290814265e-05
census_geographies/2000_block_groups.shp, study_areas/definitions/max_city_0454050_march_2020.shp, 1167.365267152196, 0.07203900431299982, 6.17107655504776e-05
census_geographies/2000_block_groups.shp, study_areas/definitions/max_city_0455000_march_2020.shp, 1167.365267152196, 0.13232542659449986, 0.00011335391785067376
census_geographies/2000_block_groups.shp, study_areas/definitions/max_city_0466820_march_2020.shp, 1167.365267152196, 0.03705422989550005, 3.174176150185996e-05
census_geographies/2000_block_groups.shp, study_areas/definitions/max_city_0477000_march_2020.shp, 1167.365267152196, 0.06765798383200008, 5.795785238415795e-05
census_geographies/2000_block_groups.shp, study_areas/definitions/max_city_0485540_march_2020.shp, 1167.365267152196, 0.012923639050499864, 1.1070775715322816e-05
census_geographies/2000_block_groups.shp, study_areas/definitions/max_city_0523290_march_2020.shp, 1167.365267152196, 0.015739717031000074, 1.3483112333295074e-05
census_geographies/2000_block_groups.shp, study_areas/definitions/max_city_0524550_march_2020.shp, 1167.365267152196, 0.01717858217100003, 1.4715687244068364e-05
census_geographies/2000_block_groups.shp, study_areas/definitions/max_city_0533400_march_2020.shp, 1167.365267152196, 0.0066301281505000255, 5.679566059622723e-06
census_geographies/2000_block_groups.shp, study_areas/definitions/max_city_0535710_march_2020.shp, 1167.365267152196, 0.02067264763000015, 1.7708808212558325e-05
census_geographies/2000_block_groups.shp, study_areas/definitions/max_city_0541000_march_2020.shp, 1167.365267152196, 0.025855423453999805, 2.2148528983626927e-05
census_geographies/2000_block_groups.shp, study_areas/definitions/max_city_0555310_march_2020.shp, 1167.365267152196, 0.011378242177999901, 9.746942536466999e-06
census_geographies/2000_block_groups.shp, study_areas/definitions/max_city_0602000_march_2020.shp, 1167.365267152196, 0.011418496998499963, 9.781426019600143e-06
census_geographies/2000_block_groups.shp, study_areas/definitions/max_city_0603526_march_2020.shp, 1167.365267152196, 0.03530388206550003, 3.0242361203382677e-05
census_geographies/2000_block_groups.shp, study_areas/definitions/max_city_0613014_march_2020.shp, 1167.365267152196, 0.004638465132999893, 3.973447954568233e-06
census_geographies/2000_block_groups.shp, study_areas/definitions/max_city_0621782_march_2020.shp, 1167.365267152196, 0.0028048825784999553, 2.4027463018002115e-06
census_geographies/2000_block_groups.shp, study_areas/definitions/max_city_0627000_march_2020.shp, 1167.365267152196, 0.031655417130000134, 2.711697702572903e-05
census_geographies/2000_block_groups.shp, study_areas/definitions/max_city_0644000_march_2020.shp, 1167.365267152196, 0.12840524978950035, 0.0001099957771595747
census_geographies/2000_block_groups.shp, study_areas/definitions/max_city_0646898_march_2020.shp, 1167.365267152196, 0.008244509153999994, 7.062493108187628e-06
census_geographies/2000_block_groups.shp, study_areas/definitions/max_city_0648354_march_2020.shp, 1167.365267152196, 0.00928753723499999, 7.955982156002522e-06
census_geographies/2000_block_groups.shp, study_areas/definitions/max_city_0659920_march_2020.shp, 1167.365267152196, 0.017045169526000197, 1.4601401982416461e-05
census_geographies/2000_block_groups.shp, study_areas/definitions/max_city_0664000_march_2020.shp, 1167.365267152196, 0.025435980454000157, 2.1789221565630085e-05
census_geographies/2000_block_groups.shp, study_areas/definitions/max_city_0664224_march_2020.shp, 1167.365267152196, 0.005913441812499878, 5.065631108698139e-06
census_geographies/2000_block_groups.shp, study_areas/definitions/max_city_0666000_march_2020.shp, 1167.365267152196, 0.0919126715010006, 7.873514322147244e-05
census_geographies/2000_block_groups.shp, study_areas/definitions/max_city_0668000_march_2020.shp, 1167.365267152196, 0.045672135392999906, 3.9124117084978655e-05
census_geographies/2000_block_groups.shp, study_areas/definitions/max_city_0669112_march_2020.shp, 1167.365267152196, 0.002879653001000111, 2.466796881857779e-06
census_geographies/2000_block_groups.shp, study_areas/definitions/max_city_0669196_march_2020.shp, 1167.365267152196, 0.005777979625500055, 4.949590148073805e-06
census_geographies/2000_block_groups.shp, study_areas/definitions/max_city_0670098_march_2020.shp, 1167.365267152196, 0.009687375013499986, 8.29849515493336e-06
census_geographies/2000_block_groups.shp, study_areas/definitions/max_city_0675000_march_2020.shp, 1167.365267152196, 0.015362207704000099, 1.3159726553691648e-05
census_geographies/2000_block_groups.shp, study_areas/definitions/max_city_0681666_march_2020.shp, 1167.365267152196, 0.016955632507999956, 1.4524701895031929e-05
census_geographies/2000_block_groups.shp, study_areas/definitions/max_city_0682954_march_2020.shp, 1167.365267152196, 0.011187926906499931, 9.583912783179712e-06
census_geographies/2000_block_groups.shp, study_areas/definitions/max_city_0686972_march_2020.shp, 1167.365267152196, 0.005291276536499944, 4.532665726305261e-06
census_geographies/2000_block_groups.shp, study_areas/definitions/max_city_0807850_march_2020.shp, 1167.365267152196, 0.009174294284499925, 7.858974857870103e-06
census_geographies/2000_block_groups.shp, study_areas/definitions/max_city_0816000_march_2020.shp, 1167.365267152196, 0.049445504382000176, 4.235649781034104e-05
census_geographies/2000_block_groups.shp, study_areas/definitions/max_city_0820000_march_2020.shp, 1167.365267152196, 0.04210518752100043, 3.6068562861833837e-05
census_geographies/2000_block_groups.shp, study_areas/definitions/max_city_0827425_march_2020.shp, 1167.365267152196, 0.013530114466500149, 1.1590300694406517e-05
census_geographies/2000_block_groups.shp, study_areas/definitions/max_city_0831660_march_2020.shp, 1167.365267152196, 0.011139693709500064, 9.542594784129137e-06
census_geographies/2000_block_groups.shp, study_areas/definitions/max_city_0862000_march_2020.shp, 1167.365267152196, 0.00930024169100007, 7.966865172961793e-06
census_geographies/2000_block_groups.shp, study_areas/definitions/max_city_0877290_march_2020.shp, 1167.365267152196, 0.010103843282499973, 8.65525432939121e-06
census_geographies/2000_block_groups.shp, study_areas/definitions/max_city_0908000_march_2020.shp, 1167.365267152196, 0.005376112786500036, 4.605338995235945e-06
census_geographies/2000_block_groups.shp, study_areas/definitions/max_city_0937000_march_2020.shp, 1167.365267152196, 0.005065487522999974, 4.339248104714732e-06
census_geographies/2000_block_groups.shp, study_areas/definitions/max_city_0952000_march_2020.shp, 1167.365267152196, 0.005603510310500082, 4.8001345150262385e-06
census_geographies/2000_block_groups.shp, study_areas/definitions/max_city_0956200_march_2020.shp, 1167.365267152196, 0.008219367902500085, 7.040956360258471e-06
census_geographies/2000_block_groups.shp, study_areas/definitions/max_city_1021200_march_2020.shp, 1167.365267152196, 0.004924388300999951, 4.218378291323558e-06
census_geographies/2000_block_groups.shp, study_areas/definitions/max_city_1150000_march_2020.shp, 1167.365267152196, 0.018393304698000074, 1.575625488915804e-05
census_geographies/2000_block_groups.shp, study_areas/definitions/max_city_1207525_march_2020.shp, 1167.365267152196, 0.006710718404000283, 5.748602080967489e-06
census_geographies/2000_block_groups.shp, study_areas/definitions/max_city_1210275_march_2020.shp, 1167.365267152196, 0.025042760330000167, 2.145237744745681e-05
census_geographies/2000_block_groups.shp, study_areas/definitions/max_city_1217200_march_2020.shp, 1167.365267152196, 0.006637099024499955, 5.685537518767584e-06
census_geographies/2000_block_groups.shp, study_areas/definitions/max_city_1225175_march_2020.shp, 1167.365267152196, 0.016065460765499893, 1.376215415821974e-05
census_geographies/2000_block_groups.shp, study_areas/definitions/max_city_1232400_march_2020.shp, 1167.365267152196, 0.006127339753999987, 5.248862482389697e-06
census_geographies/2000_block_groups.shp, study_areas/definitions/max_city_1235000_march_2020.shp, 1167.365267152196, 0.21121972090750002, 0.00018093712983492603
census_geographies/2000_block_groups.shp, study_areas/definitions/max_city_1238250_march_2020.shp, 1167.365267152196, 0.013812755707500037, 1.183241963434157e-05
census_geographies/2000_block_groups.shp, study_areas/definitions/max_city_1245000_march_2020.shp, 1167.365267152196, 0.011553123294999976, 9.89675093142353e-06
census_geographies/2000_block_groups.shp, study_areas/definitions/max_city_1248050_march_2020.shp, 1167.365267152196, 0.0016635598595000252, 1.425055127396674e-06
census_geographies/2000_block_groups.shp, study_areas/definitions/max_city_1249675_march_2020.shp, 1167.365267152196, 0.01812005615949999, 1.552218201908998e-05
census_geographies/2000_block_groups.shp, study_areas/definitions/max_city_1253000_march_2020.shp, 1167.365267152196, 0.027732538675500004, 2.3756522020870057e-05
census_geographies/2000_block_groups.shp, study_areas/definitions/max_city_1254000_march_2020.shp, 1167.365267152196, 0.01578737675100007, 1.3523939074796697e-05
census_geographies/2000_block_groups.shp, study_areas/definitions/max_city_1254700_march_2020.shp, 1167.365267152196, 0.0062634843879997935, 5.36548804752402e-06
census_geographies/2000_block_groups.shp, study_areas/definitions/max_city_1255925_march_2020.shp, 1167.365267152196, 0.009168741514000054, 7.854218188594326e-06
census_geographies/2000_block_groups.shp, study_areas/definitions/max_city_1258715_march_2020.shp, 1167.365267152196, 0.028721607620500165, 2.4603788059042503e-05
census_geographies/2000_block_groups.shp, study_areas/definitions/max_city_1264875_march_2020.shp, 1167.365267152196, 0.0027991640325000745, 2.3978476242733127e-06
census_geographies/2000_block_groups.shp, study_areas/definitions/max_city_1270600_march_2020.shp, 1167.365267152196, 0.019741787691499972, 1.691140575019877e-05
census_geographies/2000_block_groups.shp, study_areas/definitions/max_city_1271000_march_2020.shp, 1167.365267152196, 0.04145689663100005, 3.551321749715471e-05
census_geographies/2000_block_groups.shp, study_areas/definitions/max_city_1271625_march_2020.shp, 1167.365267152196, 0.007797459044500013, 6.6795366145525495e-06
census_geographies/2000_block_groups.shp, study_areas/definitions/max_city_1274200_march_2020.shp, 1167.365267152196, 0.002716793715000016, 2.3272867468703024e-06
census_geographies/2000_block_groups.shp, study_areas/definitions/max_city_1301052_march_2020.shp, 1167.365267152196, 0.015428604195500023, 1.3216603774016952e-05
census_geographies/2000_block_groups.shp, study_areas/definitions/max_city_1303440_march_2020.shp, 1167.365267152196, 0.02935984720050003, 2.5150523170972688e-05
census_geographies/2000_block_groups.shp, study_areas/definitions/max_city_1304000_march_2020.shp, 1167.365267152196, 0.03430469657349989, 2.938642902849652e-05
census_geographies/2000_block_groups.shp, study_areas/definitions/max_city_1304204_march_2020.shp, 1167.365267152196, 0.08240870050400009, 7.059375743209944e-05
census_geographies/2000_block_groups.shp, study_areas/definitions/max_city_1311560_march_2020.shp, 1167.365267152196, 0.005894097480999969, 5.049060175808299e-06
census_geographies/2000_block_groups.shp, study_areas/definitions/max_city_1319000_march_2020.shp, 1167.365267152196, 0.054930711230500195, 4.705529004174026e-05
census_geographies/2000_block_groups.shp, study_areas/definitions/max_city_1321380_march_2020.shp, 1167.365267152196, 0.005789330946999965, 4.959314029552309e-06
census_geographies/2000_block_groups.shp, study_areas/definitions/max_city_1331908_march_2020.shp, 1167.365267152196, 0.006157817160499996, 5.274970340279249e-06
census_geographies/2000_block_groups.shp, study_areas/definitions/max_city_1338964_march_2020.shp, 1167.365267152196, 0.006082327200499989, 5.210303382880246e-06
census_geographies/2000_block_groups.shp, study_areas/definitions/max_city_1349008_march_2020.shp, 1167.365267152196, 0.06368254708800032, 5.455237437666343e-05
census_geographies/2000_block_groups.shp, study_areas/definitions/max_city_1366668_march_2020.shp, 1167.365267152196, 0.007923788713499864, 6.787754387133736e-06
census_geographies/2000_block_groups.shp, study_areas/definitions/max_city_1369000_march_2020.shp, 1167.365267152196, 0.020569315921000437, 1.76202911803086e-05
census_geographies/2000_block_groups.shp, study_areas/definitions/max_city_1378800_march_2020.shp, 1167.365267152196, 0.008476295154999966, 7.261047928621353e-06
census_geographies/2000_block_groups.shp, study_areas/definitions/max_city_1522700_march_2020.shp, 1167.365267152196, 0.0024252441220000065, 2.0775366461916617e-06
census_geographies/2000_block_groups.shp, study_areas/definitions/max_city_1571550_march_2020.shp, 1167.365267152196, 0.011771969473000106, 1.0084221112486917e-05
census_geographies/2000_block_groups.shp, study_areas/definitions/max_city_1608830_march_2020.shp, 1167.365267152196, 0.022736367832000195, 1.947665265685511e-05
census_geographies/2000_block_groups.shp, study_areas/definitions/max_city_1616750_march_2020.shp, 1167.365267152196, 0.0049445470305001064, 4.2356468618964465e-06
census_geographies/2000_block_groups.shp, study_areas/definitions/max_city_1639700_march_2020.shp, 1167.365267152196, 0.006009515342999967, 5.147930568176201e-06
census_geographies/2000_block_groups.shp, study_areas/definitions/max_city_1646540_march_2020.shp, 1167.365267152196, 0.00568070384950012, 4.866260809145261e-06
census_geographies/2000_block_groups.shp, study_areas/definitions/max_city_1664090_march_2020.shp, 1167.365267152196, 0.0078027642704999005, 6.684081229806377e-06
census_geographies/2000_block_groups.shp, study_areas/definitions/max_city_1682810_march_2020.shp, 1167.365267152196, 0.004720330890000003, 4.043576610357199e-06
census_geographies/2000_block_groups.shp, study_areas/definitions/max_city_1706613_march_2020.shp, 1167.365267152196, 0.00799923765249995, 6.852386204717399e-06
census_geographies/2000_block_groups.shp, study_areas/definitions/max_city_1711163_march_2020.shp, 1167.365267152196, 0.0030702572814999773, 2.630074208897711e-06
census_geographies/2000_block_groups.shp, study_areas/definitions/max_city_1712385_march_2020.shp, 1167.365267152196, 0.007946097115499894, 6.806864431459837e-06
census_geographies/2000_block_groups.shp, study_areas/definitions/max_city_1714000_march_2020.shp, 1167.365267152196, 0.06546930055850037, 5.608296083556918e-05
census_geographies/2000_block_groups.shp, study_areas/definitions/max_city_1718563_march_2020.shp, 1167.365267152196, 0.004484457997999981, 3.841520836867007e-06
census_geographies/2000_block_groups.shp, study_areas/definitions/max_city_1718823_march_2020.shp, 1167.365267152196, 0.02121233234999988, 1.8171118283952084e-05
census_geographies/2000_block_groups.shp, study_areas/definitions/max_city_1738934_march_2020.shp, 1167.365267152196, 0.004132052314499979, 3.539639589055256e-06
census_geographies/2000_block_groups.shp, study_areas/definitions/max_city_1759000_march_2020.shp, 1167.365267152196, 0.013216904909500012, 1.1321996020785196e-05
census_geographies/2000_block_groups.shp, study_areas/definitions/max_city_1765000_march_2020.shp, 1167.365267152196, 0.017333305680999816, 1.4848228030018966e-05
census_geographies/2000_block_groups.shp, study_areas/definitions/max_city_1772000_march_2020.shp, 1167.365267152196, 0.016753701294499913, 1.4351721578431747e-05
census_geographies/2000_block_groups.shp, study_areas/definitions/max_city_1805860_march_2020.shp, 1167.365267152196, 0.005861181175500039, 5.020863084095754e-06
census_geographies/2000_block_groups.shp, study_areas/definitions/max_city_1814734_march_2020.shp, 1167.365267152196, 0.007828969509999928, 6.706529421676909e-06
census_geographies/2000_block_groups.shp, study_areas/definitions/max_city_1820728_march_2020.shp, 1167.365267152196, 0.006804386264999979, 5.828840772005642e-06
census_geographies/2000_block_groups.shp, study_areas/definitions/max_city_1822000_march_2020.shp, 1167.365267152196, 0.01352232960750002, 1.1583631951366802e-05
census_geographies/2000_block_groups.shp, study_areas/definitions/max_city_1825000_march_2020.shp, 1167.365267152196, 0.025988944359000163, 2.2262906984032988e-05
census_geographies/2000_block_groups.shp, study_areas/definitions/max_city_1836003_march_2020.shp, 1167.365267152196, 0.09938843245100003, 8.513910362731581e-05
census_geographies/2000_block_groups.shp, study_areas/definitions/max_city_1840392_march_2020.shp, 1167.365267152196, 0.009564172466574908, 8.192956168643634e-06
census_geographies/2000_block_groups.shp, study_areas/definitions/max_city_1840788_march_2020.shp, 1167.365267152196, 0.006690583344999984, 5.731353787252687e-06
census_geographies/2000_block_groups.shp, study_areas/definitions/max_city_1848798_march_2020.shp, 1167.365267152196, 0.006974677461999985, 5.974717304220305e-06
census_geographies/2000_block_groups.shp, study_areas/definitions/max_city_1851876_march_2020.shp, 1167.365267152196, 0.006818514203000029, 5.840943186217875e-06
census_geographies/2000_block_groups.shp, study_areas/definitions/max_city_1871000_march_2020.shp, 1167.365267152196, 0.012348929696500041, 1.0578462494969915e-05
census_geographies/2000_block_groups.shp, study_areas/definitions/max_city_1875428_march_2020.shp, 1167.365267152196, 0.01000623043200005, 8.571636242365159e-06
census_geographies/2000_block_groups.shp, study_areas/definitions/max_city_1901855_march_2020.shp, 1167.365267152196, 0.007262243229000058, 6.2210547404039205e-06
census_geographies/2000_block_groups.shp, study_areas/definitions/max_city_1912000_march_2020.shp, 1167.365267152196, 0.0232989191634999, 1.9958550951526884e-05
census_geographies/2000_block_groups.shp, study_areas/definitions/max_city_1919000_march_2020.shp, 1167.365267152196, 0.020380926784500007, 1.7458911411866454e-05
census_geographies/2000_block_groups.shp, study_areas/definitions/max_city_1921000_march_2020.shp, 1167.365267152196, 0.023195014930999847, 1.986954347852443e-05
census_geographies/2000_block_groups.shp, study_areas/definitions/max_city_1922395_march_2020.shp, 1167.365267152196, 0.007142785775999972, 6.118723913574111e-06
census_geographies/2000_block_groups.shp, study_areas/definitions/max_city_1973335_march_2020.shp, 1167.365267152196, 0.016012941835000162, 1.3717164871680616e-05
census_geographies/2000_block_groups.shp, study_areas/definitions/max_city_1982425_march_2020.shp, 1167.365267152196, 0.018096956788999898, 1.550239440749139e-05
census_geographies/2000_block_groups.shp, study_areas/definitions/max_city_2038900_march_2020.shp, 1167.365267152196, 0.006713591572000078, 5.751063322603368e-06
census_geographies/2000_block_groups.shp, study_areas/definitions/max_city_2044250_march_2020.shp, 1167.365267152196, 0.0029098887504998725, 2.492697729133733e-06
census_geographies/2000_block_groups.shp, study_areas/definitions/max_city_2071000_march_2020.shp, 1167.365267152196, 0.016176737161500105, 1.3857476846954238e-05
census_geographies/2000_block_groups.shp, study_areas/definitions/max_city_2079000_march_2020.shp, 1167.365267152196, 0.04402720938549977, 3.771502427248393e-05
census_geographies/2000_block_groups.shp, study_areas/definitions/max_city_2108902_march_2020.shp, 1167.365267152196, 0.010902430113999995, 9.339347692429316e-06
census_geographies/2000_block_groups.shp, study_areas/definitions/max_city_2146027_march_2020.shp, 1167.365267152196, 0.07590295628249968, 6.502074236598285e-05
census_geographies/2000_block_groups.shp, study_areas/definitions/max_city_2148006_march_2020.shp, 1167.365267152196, 0.07374706027750019, 6.31739373721536e-05
census_geographies/2000_block_groups.shp, study_areas/definitions/max_city_2158620_march_2020.shp, 1167.365267152196, 0.0046728737684999565, 4.002923420789705e-06
census_geographies/2000_block_groups.shp, study_areas/definitions/max_city_2200975_march_2020.shp, 1167.365267152196, 0.004016159858000001, 3.4403626448450697e-06
census_geographies/2000_block_groups.shp, study_areas/definitions/max_city_2205000_march_2020.shp, 1167.365267152196, 0.018493134741500054, 1.5841772290017086e-05
census_geographies/2000_block_groups.shp, study_areas/definitions/max_city_2232755_march_2020.shp, 1167.365267152196, 0.002330733113999996, 1.9965756902172116e-06
census_geographies/2000_block_groups.shp, study_areas/definitions/max_city_2236255_march_2020.shp, 1167.365267152196, 0.002498586793499997, 2.140364172043027e-06
census_geographies/2000_block_groups.shp, study_areas/definitions/max_city_2240735_march_2020.shp, 1167.365267152196, 0.0123560946915, 1.0584600243968938e-05
census_geographies/2000_block_groups.shp, study_areas/definitions/max_city_2241155_march_2020.shp, 1167.365267152196, 0.013678201462000009, 1.1717156443559584e-05
census_geographies/2000_block_groups.shp, study_areas/definitions/max_city_2251410_march_2020.shp, 1167.365267152196, 0.006512978442999888, 5.5792121166054475e-06
census_geographies/2000_block_groups.shp, study_areas/definitions/max_city_2255000_march_2020.shp, 1167.365267152196, 0.08482440187049943, 7.266311946853597e-05
census_geographies/2000_block_groups.shp, study_areas/definitions/max_city_2270000_march_2020.shp, 1167.365267152196, 0.02237206434049993, 1.9164579390884992e-05
census_geographies/2000_block_groups.shp, study_areas/definitions/max_city_2302795_march_2020.shp, 1167.365267152196, 0.010195599527999878, 8.733855473421944e-06
census_geographies/2000_block_groups.shp, study_areas/definitions/max_city_2338740_march_2020.shp, 1167.365267152196, 0.010353080383499864, 8.868758283991393e-06
census_geographies/2000_block_groups.shp, study_areas/definitions/max_city_2360545_march_2020.shp, 1167.365267152196, 0.0072411843384997485, 6.203015064997367e-06
census_geographies/2000_block_groups.shp, study_areas/definitions/max_city_2404000_march_2020.shp, 1167.365267152196, 0.02489621041800012, 2.132683840999893e-05
census_geographies/2000_block_groups.shp, study_areas/definitions/max_city_2421325_march_2020.shp, 1167.365267152196, 0.002912016930000028, 2.4945207913406006e-06
census_geographies/2000_block_groups.shp, study_areas/definitions/max_city_2436075_march_2020.shp, 1167.365267152196, 0.0030847285469999845, 2.6424707277142338e-06
census_geographies/2000_block_groups.shp, study_areas/definitions/max_city_2446725_march_2020.shp, 1167.365267152196, 0.002055115081500013, 1.7604730407248581e-06
census_geographies/2000_block_groups.shp, study_areas/definitions/max_city_2469925_march_2020.shp, 1167.365267152196, 0.002239458273500009, 1.9183869321066907e-06
census_geographies/2000_block_groups.shp, study_areas/definitions/max_city_2503690_march_2020.shp, 1167.365267152196, 0.02135313475549981, 1.829173383545245e-05
census_geographies/2000_block_groups.shp, study_areas/definitions/max_city_2507000_march_2020.shp, 1167.365267152196, 0.025386028294499673, 2.1746431051892817e-05
census_geographies/2000_block_groups.shp, study_areas/definitions/max_city_2553960_march_2020.shp, 1167.365267152196, 0.011981488959500056, 1.0263701770679768e-05
census_geographies/2000_block_groups.shp, study_areas/definitions/max_city_2567000_march_2020.shp, 1167.365267152196, 0.009327106349999939, 7.989878243297015e-06
census_geographies/2000_block_groups.shp, study_areas/definitions/max_city_2582000_march_2020.shp, 1167.365267152196, 0.010910579123999875, 9.346328378106011e-06
census_geographies/2000_block_groups.shp, study_areas/definitions/max_city_2603000_march_2020.shp, 1167.365267152196, 0.007983285688499913, 6.8387212752828e-06
census_geographies/2000_block_groups.shp, study_areas/definitions/max_city_2605920_march_2020.shp, 1167.365267152196, 0.013102136568499994, 1.1223682027530971e-05
census_geographies/2000_block_groups.shp, study_areas/definitions/max_city_2622000_march_2020.shp, 1167.365267152196, 0.03939157818349994, 3.374400394796416e-05
census_geographies/2000_block_groups.shp, study_areas/definitions/max_city_2629000_march_2020.shp, 1167.365267152196, 0.009744246130000087, 8.347212654160348e-06
census_geographies/2000_block_groups.shp, study_areas/definitions/max_city_2634000_march_2020.shp, 1167.365267152196, 0.012269747801999806, 1.0510632916064076e-05
census_geographies/2000_block_groups.shp, study_areas/definitions/max_city_2641420_march_2020.shp, 1167.365267152196, 0.0030758901300001274, 2.634899475383403e-06
census_geographies/2000_block_groups.shp, study_areas/definitions/max_city_2642160_march_2020.shp, 1167.365267152196, 0.007068224690000035, 6.054852657423214e-06
census_geographies/2000_block_groups.shp, study_areas/definitions/max_city_2646000_march_2020.shp, 1167.365267152196, 0.011945252035999979, 1.0232660138279245e-05
census_geographies/2000_block_groups.shp, study_areas/definitions/max_city_2653780_march_2020.shp, 1167.365267152196, 0.008515251005999907, 7.294418675632675e-06
census_geographies/2000_block_groups.shp, study_areas/definitions/max_city_2656320_march_2020.shp, 1167.365267152196, 0.004902219421999898, 4.199387766571924e-06
census_geographies/2000_block_groups.shp, study_areas/definitions/max_city_2670520_march_2020.shp, 1167.365267152196, 0.005437784344000028, 4.658168695789261e-06
census_geographies/2000_block_groups.shp, study_areas/definitions/max_city_2717000_march_2020.shp, 1167.365267152196, 0.02485469947600012, 2.1291278895622366e-05
census_geographies/2000_block_groups.shp, study_areas/definitions/max_city_2739878_march_2020.shp, 1167.365267152196, 0.0034001125684999483, 2.912638112657378e-06
census_geographies/2000_block_groups.shp, study_areas/definitions/max_city_2743000_march_2020.shp, 1167.365267152196, 0.016995762650000003, 1.4559078574833225e-05
census_geographies/2000_block_groups.shp, study_areas/definitions/max_city_2754880_march_2020.shp, 1167.365267152196, 0.013387295533499932, 1.1467957725141528e-05
census_geographies/2000_block_groups.shp, study_areas/definitions/max_city_2756896_march_2020.shp, 1167.365267152196, 0.008939108516000022, 7.657507694919775e-06
census_geographies/2000_block_groups.shp, study_areas/definitions/max_city_2829700_march_2020.shp, 1167.365267152196, 0.013583235902000005, 1.1635806104747744e-05
census_geographies/2000_block_groups.shp, study_areas/definitions/max_city_2831020_march_2020.shp, 1167.365267152196, 0.012275707746999948, 1.051573838319407e-05
census_geographies/2000_block_groups.shp, study_areas/definitions/max_city_2836000_march_2020.shp, 1167.365267152196, 0.028298277297999924, 2.4241150644334284e-05
census_geographies/2000_block_groups.shp, study_areas/definitions/max_city_2911242_march_2020.shp, 1167.365267152196, 0.007884407343999904, 6.754019128249401e-06
census_geographies/2000_block_groups.shp, study_areas/definitions/max_city_2915670_march_2020.shp, 1167.365267152196, 0.01512392475300001, 1.295560625158485e-05
census_geographies/2000_block_groups.shp, study_areas/definitions/max_city_2937000_march_2020.shp, 1167.365267152196, 0.008042162150999939, 6.889156613866803e-06
census_geographies/2000_block_groups.shp, study_areas/definitions/max_city_2937592_march_2020.shp, 1167.365267152196, 0.008799196207000058, 7.5376546267012215e-06
census_geographies/2000_block_groups.shp, study_areas/definitions/max_city_2938000_march_2020.shp, 1167.365267152196, 0.0870463680969998, 7.456652219005165e-05
census_geographies/2000_block_groups.shp, study_areas/definitions/max_city_2964550_march_2020.shp, 1167.365267152196, 0.01122326512400001, 9.614184557143217e-06
census_geographies/2000_block_groups.shp, study_areas/definitions/max_city_2965000_march_2020.shp, 1167.365267152196, 0.01769411900800002, 1.5157311516698685e-05
census_geographies/2000_block_groups.shp, study_areas/definitions/max_city_2970000_march_2020.shp, 1167.365267152196, 0.021511573168499915, 1.8427456918413975e-05
census_geographies/2000_block_groups.shp, study_areas/definitions/max_city_3006550_march_2020.shp, 1167.365267152196, 0.011583308482500032, 9.922608465778389e-06
census_geographies/2000_block_groups.shp, study_areas/definitions/max_city_3032800_march_2020.shp, 1167.365267152196, 0.004228179252500032, 3.6219847989950345e-06
census_geographies/2000_block_groups.shp, study_areas/definitions/max_city_3050200_march_2020.shp, 1167.365267152196, 0.005671125426999846, 4.858055645971578e-06
census_geographies/2000_block_groups.shp, study_areas/definitions/max_city_3119595_march_2020.shp, 1167.365267152196, 0.008100042194499913, 6.938738390135659e-06
census_geographies/2000_block_groups.shp, study_areas/definitions/max_city_3128000_march_2020.shp, 1167.365267152196, 0.024783690910500106, 2.123045083477622e-05
census_geographies/2000_block_groups.shp, study_areas/definitions/max_city_3137000_march_2020.shp, 1167.365267152196, 0.03903540964800028, 3.343889932859465e-05
census_geographies/2000_block_groups.shp, study_areas/definitions/max_city_3209700_march_2020.shp, 1167.365267152196, 0.042438145167999666, 3.635378433995052e-05
census_geographies/2000_block_groups.shp, study_areas/definitions/max_city_3240000_march_2020.shp, 1167.365267152196, 0.025962082379000218, 2.2239896208609222e-05
census_geographies/2000_block_groups.shp, study_areas/definitions/max_city_3260600_march_2020.shp, 1167.365267152196, 0.023157414723500087, 1.983733401627832e-05
census_geographies/2000_block_groups.shp, study_areas/definitions/max_city_3345140_march_2020.shp, 1167.365267152196, 0.009992888497000016, 8.560207141829572e-06
census_geographies/2000_block_groups.shp, study_areas/definitions/max_city_3454360_march_2020.shp, 1167.365267152196, 0.002917861913499985, 2.4995277790114058e-06
census_geographies/2000_block_groups.shp, study_areas/definitions/max_city_3474000_march_2020.shp, 1167.365267152196, 0.0022349037539999765, 1.9144853944918676e-06
census_geographies/2000_block_groups.shp, study_areas/definitions/max_city_3476070_march_2020.shp, 1167.365267152196, 0.018707839831000085, 1.602569509082459e-05
census_geographies/2000_block_groups.shp, study_areas/definitions/max_city_3502000_march_2020.shp, 1167.365267152196, 0.043344194102500046, 3.712993295426616e-05
census_geographies/2000_block_groups.shp, study_areas/definitions/max_city_3525800_march_2020.shp, 1167.365267152196, 0.006389734639999891, 5.473637789128109e-06
census_geographies/2000_block_groups.shp, study_areas/definitions/max_city_3570500_march_2020.shp, 1167.365267152196, 0.01242710095250003, 1.064542633071148e-05
census_geographies/2000_block_groups.shp, study_areas/definitions/max_city_3601000_march_2020.shp, 1167.365267152196, 0.0062189756319999834, 5.327360516020201e-06
census_geographies/2000_block_groups.shp, study_areas/definitions/max_city_3606607_march_2020.shp, 1167.365267152196, 0.0031274798905002077, 2.679092807112326e-06
census_geographies/2000_block_groups.shp, study_areas/definitions/max_city_3611000_march_2020.shp, 1167.365267152196, 0.01497579202350013, 1.282871132531961e-05
census_geographies/2000_block_groups.shp, study_areas/definitions/max_city_3624229_march_2020.shp, 1167.365267152196, 0.002135120949000066, 1.8290084595447348e-06
census_geographies/2000_block_groups.shp, study_areas/definitions/max_city_3629333_march_2020.shp, 1167.365267152196, 0.0011277320520000698, 9.660490025981224e-07
census_geographies/2000_block_groups.shp, study_areas/definitions/max_city_3638077_march_2020.shp, 1167.365267152196, 0.0010071789880001219, 8.627796426196139e-07
census_geographies/2000_block_groups.shp, study_areas/definitions/max_city_3639853_march_2020.shp, 1167.365267152196, 0.0006369658980000568, 5.456440378373977e-07
census_geographies/2000_block_groups.shp, study_areas/definitions/max_city_3651000_march_2020.shp, 1167.365267152196, 0.12921396137799995, 0.00011068854369225771
census_geographies/2000_block_groups.shp, study_areas/definitions/max_city_3659641_march_2020.shp, 1167.365267152196, 0.0015856786340000732, 1.3583397404553233e-06
census_geographies/2000_block_groups.shp, study_areas/definitions/max_city_3663000_march_2020.shp, 1167.365267152196, 0.011016081754999884, 9.43670508706651e-06
census_geographies/2000_block_groups.shp, study_areas/definitions/max_city_3673000_march_2020.shp, 1167.365267152196, 0.007302486006499854, 6.255527907142869e-06
census_geographies/2000_block_groups.shp, study_areas/definitions/max_city_3676540_march_2020.shp, 1167.365267152196, 0.004761586176000039, 4.078917122158341e-06
census_geographies/2000_block_groups.shp, study_areas/definitions/max_city_3678608_march_2020.shp, 1167.365267152196, 0.0026117982650000165, 2.2373445043225716e-06
census_geographies/2000_block_groups.shp, study_areas/definitions/max_city_3702140_march_2020.shp, 1167.365267152196, 0.009976701619500023, 8.5463409784654e-06
census_geographies/2000_block_groups.shp, study_areas/definitions/max_city_3709060_march_2020.shp, 1167.365267152196, 0.008832623037499826, 7.566289049396795e-06
census_geographies/2000_block_groups.shp, study_areas/definitions/max_city_3712000_march_2020.shp, 1167.365267152196, 0.07961652941049965, 6.820190016850963e-05
census_geographies/2000_block_groups.shp, study_areas/definitions/max_city_3722920_march_2020.shp, 1167.365267152196, 0.04147016037, 3.5524579612658034e-05
census_geographies/2000_block_groups.shp, study_areas/definitions/max_city_3726880_march_2020.shp, 1167.365267152196, 0.008527718375999945, 7.305098597633826e-06
census_geographies/2000_block_groups.shp, study_areas/definitions/max_city_3728000_march_2020.shp, 1167.365267152196, 0.03010431091250012, 2.578825305119794e-05
census_geographies/2000_block_groups.shp, study_areas/definitions/max_city_3728080_march_2020.shp, 1167.365267152196, 0.006784786126000005, 5.812050706760863e-06
census_geographies/2000_block_groups.shp, study_areas/definitions/max_city_3731060_march_2020.shp, 1167.365267152196, 0.008004084445499911, 6.856538112553226e-06
census_geographies/2000_block_groups.shp, study_areas/definitions/max_city_3734200_march_2020.shp, 1167.365267152196, 0.013021103063499916, 1.1154266303695226e-05
census_geographies/2000_block_groups.shp, study_areas/definitions/max_city_3746340_march_2020.shp, 1167.365267152196, 0.009365404020000022, 8.022685172779772e-06
census_geographies/2000_block_groups.shp, study_areas/definitions/max_city_3755000_march_2020.shp, 1167.365267152196, 0.03599762074950002, 3.083663850759987e-05
census_geographies/2000_block_groups.shp, study_areas/definitions/max_city_3757500_march_2020.shp, 1167.365267152196, 0.008976297801999947, 7.689365149519783e-06
census_geographies/2000_block_groups.shp, study_areas/definitions/max_city_3774440_march_2020.shp, 1167.365267152196, 0.01417078005900013, 1.2139114001198567e-05
census_geographies/2000_block_groups.shp, study_areas/definitions/max_city_3775000_march_2020.shp, 1167.365267152196, 0.0346480138420004, 2.968052486821431e-05
census_geographies/2000_block_groups.shp, study_areas/definitions/max_city_3807200_march_2020.shp, 1167.365267152196, 0.005542953485500063, 4.748259727670479e-06
census_geographies/2000_block_groups.shp, study_areas/definitions/max_city_3825700_march_2020.shp, 1167.365267152196, 0.013296805624000064, 1.1390441362400482e-05
census_geographies/2000_block_groups.shp, study_areas/definitions/max_city_3832060_march_2020.shp, 1167.365267152196, 0.020841301851499794, 1.7853282462602678e-05
census_geographies/2000_block_groups.shp, study_areas/definitions/max_city_3901000_march_2020.shp, 1167.365267152196, 0.017707737049999908, 1.5168977138747824e-05
census_geographies/2000_block_groups.shp, study_areas/definitions/max_city_3912000_march_2020.shp, 1167.365267152196, 0.007239130569000058, 6.201255744622262e-06
census_geographies/2000_block_groups.shp, study_areas/definitions/max_city_3915000_march_2020.shp, 1167.365267152196, 0.021996417985999914, 1.8842789489240574e-05
census_geographies/2000_block_groups.shp, study_areas/definitions/max_city_3916000_march_2020.shp, 1167.365267152196, 0.022998159226, 1.9700910994297723e-05
census_geographies/2000_block_groups.shp, study_areas/definitions/max_city_3918000_march_2020.shp, 1167.365267152196, 0.06545240900649972, 5.606849102695319e-05
census_geographies/2000_block_groups.shp, study_areas/definitions/max_city_3921000_march_2020.shp, 1167.365267152196, 0.019455581477500206, 1.6666232947775093e-05
census_geographies/2000_block_groups.shp, study_areas/definitions/max_city_3943554_march_2020.shp, 1167.365267152196, 0.0034678050949999532, 2.9706255553240096e-06
census_geographies/2000_block_groups.shp, study_areas/definitions/max_city_3947138_march_2020.shp, 1167.365267152196, 0.009134165554500062, 7.824599387630392e-06
census_geographies/2000_block_groups.shp, study_areas/definitions/max_city_3974118_march_2020.shp, 1167.365267152196, 0.008057578395000384, 6.902362629528082e-06
census_geographies/2000_block_groups.shp, study_areas/definitions/max_city_3977000_march_2020.shp, 1167.365267152196, 0.023626028768500087, 2.023876282197098e-05
census_geographies/2000_block_groups.shp, study_areas/definitions/max_city_3988000_march_2020.shp, 1167.365267152196, 0.009454174662999956, 8.09872876041922e-06
census_geographies/2000_block_groups.shp, study_areas/definitions/max_city_4023950_march_2020.shp, 1167.365267152196, 0.007135941040000197, 6.112860508012566e-06
census_geographies/2000_block_groups.shp, study_areas/definitions/max_city_4041850_march_2020.shp, 1167.365267152196, 0.014766874914499954, 1.2649746681708248e-05
census_geographies/2000_block_groups.shp, study_areas/definitions/max_city_4055000_march_2020.shp, 1167.365267152196, 0.16104413330049988, 0.00013795522089959838
census_geographies/2000_block_groups.shp, study_areas/definitions/max_city_4075000_march_2020.shp, 1167.365267152196, 0.06261901393499973, 5.364132007093178e-05
census_geographies/2000_block_groups.shp, study_areas/definitions/max_city_4105800_march_2020.shp, 1167.365267152196, 0.006978236719999995, 5.977766271069124e-06
census_geographies/2000_block_groups.shp, study_areas/definitions/max_city_4115800_march_2020.shp, 1167.365267152196, 0.0026227867764999965, 2.24675759190465e-06
census_geographies/2000_block_groups.shp, study_areas/definitions/max_city_4123850_march_2020.shp, 1167.365267152196, 0.010989819752500057, 9.41420827031275e-06
census_geographies/2000_block_groups.shp, study_areas/definitions/max_city_4130550_march_2020.shp, 1167.365267152196, 0.002085208432500014, 1.7862519051872333e-06
census_geographies/2000_block_groups.shp, study_areas/definitions/max_city_4147000_march_2020.shp, 1167.365267152196, 0.005366865145500236, 4.597417189388184e-06
census_geographies/2000_block_groups.shp, study_areas/definitions/max_city_4159000_march_2020.shp, 1167.365267152196, 0.04390677169049994, 3.7611853741041244e-05
census_geographies/2000_block_groups.shp, study_areas/definitions/max_city_4164900_march_2020.shp, 1167.365267152196, 0.017405405933999994, 1.4909991263026632e-05
census_geographies/2000_block_groups.shp, study_areas/definitions/max_city_4202000_march_2020.shp, 1167.365267152196, 0.004945294756499891, 4.236287386349953e-06
census_geographies/2000_block_groups.shp, study_areas/definitions/max_city_4202184_march_2020.shp, 1167.365267152196, 0.002687260626000066, 2.3019878195928135e-06
census_geographies/2000_block_groups.shp, study_areas/definitions/max_city_4207128_march_2020.shp, 1167.365267152196, 0.001300562550499951, 1.114100776419956e-06
census_geographies/2000_block_groups.shp, study_areas/definitions/max_city_4212536_march_2020.shp, 1167.365267152196, 0.0018701060739999237, 1.6019887918732357e-06
census_geographies/2000_block_groups.shp, study_areas/definitions/max_city_4221872_march_2020.shp, 1167.365267152196, 0.0007915879660000155, 6.780979255371418e-07
census_geographies/2000_block_groups.shp, study_areas/definitions/max_city_4224000_march_2020.shp, 1167.365267152196, 0.0055326481624999235, 4.739431879789345e-06
census_geographies/2000_block_groups.shp, study_areas/definitions/max_city_4232448_march_2020.shp, 1167.365267152196, 0.0010121551339999503, 8.67042358103661e-07
census_geographies/2000_block_groups.shp, study_areas/definitions/max_city_4232800_march_2020.shp, 1167.365267152196, 0.0032285420335000114, 2.7656656612510706e-06
census_geographies/2000_block_groups.shp, study_areas/definitions/max_city_4238288_march_2020.shp, 1167.365267152196, 0.0016416841050000486, 1.4063157018582196e-06
census_geographies/2000_block_groups.shp, study_areas/definitions/max_city_4241216_march_2020.shp, 1167.365267152196, 0.0025045763104999635, 2.145494971432474e-06
census_geographies/2000_block_groups.shp, study_areas/definitions/max_city_4242168_march_2020.shp, 1167.365267152196, 0.0011475744195000046, 9.830465680202465e-07
census_geographies/2000_block_groups.shp, study_areas/definitions/max_city_4260000_march_2020.shp, 1167.365267152196, 0.03898573172400003, 3.339634373318839e-05
census_geographies/2000_block_groups.shp, study_areas/definitions/max_city_4261000_march_2020.shp, 1167.365267152196, 0.016017658943500008, 1.3721205687895196e-05
census_geographies/2000_block_groups.shp, study_areas/definitions/max_city_4263624_march_2020.shp, 1167.365267152196, 0.0027922068285000656, 2.3918878752592095e-06
census_geographies/2000_block_groups.shp, study_areas/definitions/max_city_4269000_march_2020.shp, 1167.365267152196, 0.007117447327000147, 6.097018240368981e-06
census_geographies/2000_block_groups.shp, study_areas/definitions/max_city_4273808_march_2020.shp, 1167.365267152196, 0.0012523836209999664, 1.0728292645327488e-06
census_geographies/2000_block_groups.shp, study_areas/definitions/max_city_4285312_march_2020.shp, 1167.365267152196, 0.0026493072804999675, 2.2694758487743856e-06
census_geographies/2000_block_groups.shp, study_areas/definitions/max_city_4287048_march_2020.shp, 1167.365267152196, 0.0014369822814999115, 1.2309619978718828e-06
census_geographies/2000_block_groups.shp, study_areas/definitions/max_city_4459000_march_2020.shp, 1167.365267152196, 0.0057755364245000145, 4.947497229028851e-06
census_geographies/2000_block_groups.shp, study_areas/definitions/max_city_4513330_march_2020.shp, 1167.365267152196, 0.03574148474899988, 3.061722474936378e-05
census_geographies/2000_block_groups.shp, study_areas/definitions/max_city_4516000_march_2020.shp, 1167.365267152196, 0.0350921256005001, 3.006096428250588e-05
census_geographies/2000_block_groups.shp, study_areas/definitions/max_city_4525810_march_2020.shp, 1167.365267152196, 0.008304007299000231, 7.1134609985938446e-06
census_geographies/2000_block_groups.shp, study_areas/definitions/max_city_4530850_march_2020.shp, 1167.365267152196, 0.007437693385499906, 6.371350591614108e-06
census_geographies/2000_block_groups.shp, study_areas/definitions/max_city_4534045_march_2020.shp, 1167.365267152196, 0.014147993419000126, 1.211959428389912e-05
census_geographies/2000_block_groups.shp, study_areas/definitions/max_city_4549075_march_2020.shp, 1167.365267152196, 0.005151343320500149, 4.4127947485253895e-06
census_geographies/2000_block_groups.shp, study_areas/definitions/max_city_4568290_march_2020.shp, 1167.365267152196, 0.005288681044000026, 4.530442349806961e-06
census_geographies/2000_block_groups.shp, study_areas/definitions/max_city_4570405_march_2020.shp, 1167.365267152196, 0.006575295067500099, 5.63259440084304e-06
census_geographies/2000_block_groups.shp, study_areas/definitions/max_city_4652980_march_2020.shp, 1167.365267152196, 0.013943381595999843, 1.1944317677032586e-05
census_geographies/2000_block_groups.shp, study_areas/definitions/max_city_4659020_march_2020.shp, 1167.365267152196, 0.014253766334499977, 1.221020252664553e-05
census_geographies/2000_block_groups.shp, study_areas/definitions/max_city_4714000_march_2020.shp, 1167.365267152196, 0.040242658641500006, 3.4473064921378495e-05
census_geographies/2000_block_groups.shp, study_areas/definitions/max_city_4715160_march_2020.shp, 1167.365267152196, 0.024871183950000073, 2.1305399989048563e-05
census_geographies/2000_block_groups.shp, study_areas/definitions/max_city_4715400_march_2020.shp, 1167.365267152196, 0.007012332911499984, 6.0069740884159316e-06
census_geographies/2000_block_groups.shp, study_areas/definitions/max_city_4737640_march_2020.shp, 1167.365267152196, 0.016903456555000036, 1.4480006413276501e-05
census_geographies/2000_block_groups.shp, study_areas/definitions/max_city_4738320_march_2020.shp, 1167.365267152196, 0.0063827205640001, 5.467629321858132e-06
census_geographies/2000_block_groups.shp, study_areas/definitions/max_city_4740000_march_2020.shp, 1167.365267152196, 0.024687112736499994, 2.1147719082583767e-05
census_geographies/2000_block_groups.shp, study_areas/definitions/max_city_4748000_march_2020.shp, 1167.365267152196, 0.08427860101600028, 7.2195570133416e-05
census_geographies/2000_block_groups.shp, study_areas/definitions/max_city_4750280_march_2020.shp, 1167.365267152196, 0.005403443071000018, 4.628750934299932e-06
census_geographies/2000_block_groups.shp, study_areas/definitions/max_city_4752006_march_2020.shp, 1167.365267152196, 0.12839820970900004, 0.00010998974641607186
census_geographies/2000_block_groups.shp, study_areas/definitions/max_city_4801000_march_2020.shp, 1167.365267152196, 0.024698448291000166, 2.1157429457578753e-05
census_geographies/2000_block_groups.shp, study_areas/definitions/max_city_4803000_march_2020.shp, 1167.365267152196, 0.02247736392749983, 1.92547821662826e-05
census_geographies/2000_block_groups.shp, study_areas/definitions/max_city_4805000_march_2020.shp, 1167.365267152196, 0.07530616059599977, 6.450950933267889e-05
census_geographies/2000_block_groups.shp, study_areas/definitions/max_city_4807000_march_2020.shp, 1167.365267152196, 0.030205418612500083, 2.5874864930825485e-05
census_geographies/2000_block_groups.shp, study_areas/definitions/max_city_4810768_march_2020.shp, 1167.365267152196, 0.030736642253499754, 2.6329926988904015e-05
census_geographies/2000_block_groups.shp, study_areas/definitions/max_city_4815976_march_2020.shp, 1167.365267152196, 0.0069252282114999975, 5.9323575973732616e-06
census_geographies/2000_block_groups.shp, study_areas/definitions/max_city_4817000_march_2020.shp, 1167.365267152196, 0.1166582265549997, 9.993292574104853e-05
census_geographies/2000_block_groups.shp, study_areas/definitions/max_city_4819000_march_2020.shp, 1167.365267152196, 0.09736830305499952, 8.340860037109966e-05
census_geographies/2000_block_groups.shp, study_areas/definitions/max_city_4824000_march_2020.shp, 1167.365267152196, 0.06543630990249985, 5.605470005299425e-05
census_geographies/2000_block_groups.shp, study_areas/definitions/max_city_4835000_march_2020.shp, 1167.365267152196, 0.15406657115900027, 0.00013197803249264715
census_geographies/2000_block_groups.shp, study_areas/definitions/max_city_4839148_march_2020.shp, 1167.365267152196, 0.011445631059500116, 9.80466986774576e-06
census_geographies/2000_block_groups.shp, study_areas/definitions/max_city_4841464_march_2020.shp, 1167.365267152196, 0.013006941899999895, 1.1142135427526048e-05
census_geographies/2000_block_groups.shp, study_areas/definitions/max_city_4843888_march_2020.shp, 1167.365267152196, 0.010091255982499896, 8.644471671765304e-06
census_geographies/2000_block_groups.shp, study_areas/definitions/max_city_4845000_march_2020.shp, 1167.365267152196, 0.028606706663999993, 2.450536046338474e-05
census_geographies/2000_block_groups.shp, study_areas/definitions/max_city_4845384_march_2020.shp, 1167.365267152196, 0.011177719041000024, 9.575168420307918e-06
census_geographies/2000_block_groups.shp, study_areas/definitions/max_city_4848072_march_2020.shp, 1167.365267152196, 0.008857314480000095, 7.587440477484513e-06
census_geographies/2000_block_groups.shp, study_areas/definitions/max_city_4853388_march_2020.shp, 1167.365267152196, 0.009237856930000017, 7.91342452096069e-06
census_geographies/2000_block_groups.shp, study_areas/definitions/max_city_4864472_march_2020.shp, 1167.365267152196, 0.013853304196500124, 1.186715468269452e-05
census_geographies/2000_block_groups.shp, study_areas/definitions/max_city_4865000_march_2020.shp, 1167.365267152196, 0.12705767600399961, 0.00010884140515329756
census_geographies/2000_block_groups.shp, study_areas/definitions/max_city_4867496_march_2020.shp, 1167.365267152196, 0.015911084858999756, 1.3629911139822646e-05
census_geographies/2000_block_groups.shp, study_areas/definitions/max_city_4872368_march_2020.shp, 1167.365267152196, 0.006102309633999984, 5.227420933026946e-06
census_geographies/2000_block_groups.shp, study_areas/definitions/max_city_4874144_march_2020.shp, 1167.365267152196, 0.016027674771499984, 1.3729785545701321e-05
census_geographies/2000_block_groups.shp, study_areas/definitions/max_city_4875428_march_2020.shp, 1167.365267152196, 0.006640946590499853, 5.688833458871476e-06
census_geographies/2000_block_groups.shp, study_areas/definitions/max_city_4876000_march_2020.shp, 1167.365267152196, 0.034166484304999946, 2.926803226581305e-05
census_geographies/2000_block_groups.shp, study_areas/definitions/max_city_4879000_march_2020.shp, 1167.365267152196, 0.013776784824500083, 1.1801605900189871e-05
census_geographies/2000_block_groups.shp, study_areas/definitions/max_city_4945860_march_2020.shp, 1167.365267152196, 0.005453191229000042, 4.671366694250873e-06
census_geographies/2000_block_groups.shp, study_areas/definitions/max_city_4962470_march_2020.shp, 1167.365267152196, 0.00809328076249988, 6.932946345271649e-06
census_geographies/2000_block_groups.shp, study_areas/definitions/max_city_4965330_march_2020.shp, 1167.365267152196, 0.01790922662949986, 1.5341579138455668e-05
census_geographies/2000_block_groups.shp, study_areas/definitions/max_city_4967000_march_2020.shp, 1167.365267152196, 0.024123353738999993, 2.0664786265098714e-05
census_geographies/2000_block_groups.shp, study_areas/definitions/max_city_5010675_march_2020.shp, 1167.365267152196, 0.004522163986999925, 3.8738209147097614e-06
census_geographies/2000_block_groups.shp, study_areas/definitions/max_city_5107784_march_2020.shp, 1167.365267152196, 0.0034370612009999276, 2.9442894162721547e-06
census_geographies/2000_block_groups.shp, study_areas/definitions/max_city_5114968_march_2020.shp, 1167.365267152196, 0.0027275251794999524, 2.3364796403046907e-06
census_geographies/2000_block_groups.shp, study_areas/definitions/max_city_5135624_march_2020.shp, 1167.365267152196, 0.004683596798499981, 4.01210908897922e-06
census_geographies/2000_block_groups.shp, study_areas/definitions/max_city_5147672_march_2020.shp, 1167.365267152196, 0.013084824899499947, 1.120885233412894e-05
census_geographies/2000_block_groups.shp, study_areas/definitions/max_city_5167000_march_2020.shp, 1167.365267152196, 0.016497906062499977, 1.4132599732684226e-05
census_geographies/2000_block_groups.shp, study_areas/definitions/max_city_5168000_march_2020.shp, 1167.365267152196, 0.011303515647500016, 9.682929555609532e-06
census_geographies/2000_block_groups.shp, study_areas/definitions/max_city_5175216_march_2020.shp, 1167.365267152196, 0.005261268853499945, 4.506960247613743e-06
census_geographies/2000_block_groups.shp, study_areas/definitions/max_city_5182000_march_2020.shp, 1167.365267152196, 0.13002279487900026, 0.00011138141465883484
census_geographies/2000_block_groups.shp, study_areas/definitions/max_city_5186720_march_2020.shp, 1167.365267152196, 0.0024981874194999866, 2.1400220563306205e-06
census_geographies/2000_block_groups.shp, study_areas/definitions/max_city_5305280_march_2020.shp, 1167.365267152196, 0.006673562230999827, 5.7167729919531315e-06
census_geographies/2000_block_groups.shp, study_areas/definitions/max_city_5335275_march_2020.shp, 1167.365267152196, 0.006933318968499972, 5.939288381788076e-06
census_geographies/2000_block_groups.shp, study_areas/definitions/max_city_5340245_march_2020.shp, 1167.365267152196, 0.0034859040985001162, 2.986129703005494e-06
census_geographies/2000_block_groups.shp, study_areas/definitions/max_city_5347560_march_2020.shp, 1167.365267152196, 0.0049769040944999355, 4.2633648906148824e-06
census_geographies/2000_block_groups.shp, study_areas/definitions/max_city_5351300_march_2020.shp, 1167.365267152196, 0.005180322439000072, 4.437619128105071e-06
census_geographies/2000_block_groups.shp, study_areas/definitions/max_city_5353545_march_2020.shp, 1167.365267152196, 0.011511324560000143, 9.860944884956343e-06
census_geographies/2000_block_groups.shp, study_areas/definitions/max_city_5363000_march_2020.shp, 1167.365267152196, 0.04430751271399969, 3.795514048665204e-05
census_geographies/2000_block_groups.shp, study_areas/definitions/max_city_5367000_march_2020.shp, 1167.365267152196, 0.02004452039900006, 1.7170735641209325e-05
census_geographies/2000_block_groups.shp, study_areas/definitions/max_city_5377105_march_2020.shp, 1167.365267152196, 0.002095408911499939, 1.7949899405622356e-06
census_geographies/2000_block_groups.shp, study_areas/definitions/max_city_5380010_march_2020.shp, 1167.365267152196, 0.0064201631894999925, 5.499703794650384e-06
census_geographies/2000_block_groups.shp, study_areas/definitions/max_city_5405332_march_2020.shp, 1167.365267152196, 0.0019942063255001057, 1.7082967787494653e-06
census_geographies/2000_block_groups.shp, study_areas/definitions/max_city_5414600_march_2020.shp, 1167.365267152196, 0.0069310595315002065, 5.93735288048155e-06
census_geographies/2000_block_groups.shp, study_areas/definitions/max_city_5439460_march_2020.shp, 1167.365267152196, 0.004601960479499975, 3.942176976642899e-06
census_geographies/2000_block_groups.shp, study_areas/definitions/max_city_5455756_march_2020.shp, 1167.365267152196, 0.003039676225499973, 2.603877561746638e-06
census_geographies/2000_block_groups.shp, study_areas/definitions/max_city_5462140_march_2020.shp, 1167.365267152196, 0.0034024265624999885, 2.914620349121964e-06
census_geographies/2000_block_groups.shp, study_areas/definitions/max_city_5485156_march_2020.shp, 1167.365267152196, 0.005416065506000156, 4.639563689617667e-06
census_geographies/2000_block_groups.shp, study_areas/definitions/max_city_5486452_march_2020.shp, 1167.365267152196, 0.0038019046785001584, 3.256825250399096e-06
census_geographies/2000_block_groups.shp, study_areas/definitions/max_city_5502375_march_2020.shp, 1167.365267152196, 0.005145766663500105, 4.408017617359196e-06
census_geographies/2000_block_groups.shp, study_areas/definitions/max_city_5522300_march_2020.shp, 1167.365267152196, 0.010304743080000213, 8.827351104199612e-06
census_geographies/2000_block_groups.shp, study_areas/definitions/max_city_5526275_march_2020.shp, 1167.365267152196, 0.004834896812500089, 4.141717205870693e-06
census_geographies/2000_block_groups.shp, study_areas/definitions/max_city_5531000_march_2020.shp, 1167.365267152196, 0.015618781095500207, 1.3379514994139273e-05
census_geographies/2000_block_groups.shp, study_areas/definitions/max_city_5537825_march_2020.shp, 1167.365267152196, 0.012567686190999858, 1.0765855850464786e-05
census_geographies/2000_block_groups.shp, study_areas/definitions/max_city_5540775_march_2020.shp, 1167.365267152196, 0.005452006499500103, 4.67035181952976e-06
census_geographies/2000_block_groups.shp, study_areas/definitions/max_city_5548000_march_2020.shp, 1167.365267152196, 0.02531291951199989, 2.16838038823539e-05
census_geographies/2000_block_groups.shp, study_areas/definitions/max_city_5553000_march_2020.shp, 1167.365267152196, 0.027695946961000143, 2.3725176463888455e-05
census_geographies/2000_block_groups.shp, study_areas/definitions/max_city_5566000_march_2020.shp, 1167.365267152196, 0.004412065041500037, 3.7795068652876158e-06
census_geographies/2000_block_groups.shp, study_areas/definitions/max_city_5572975_march_2020.shp, 1167.365267152196, 0.005290562406999805, 4.532053981618115e-06
census_geographies/2000_block_groups.shp, study_areas/definitions/max_city_5584475_march_2020.shp, 1167.365267152196, 0.00543755900199992, 4.657975661092711e-06
census_geographies/2000_block_groups.shp, study_areas/definitions/max_city_5613150_march_2020.shp, 1167.365267152196, 0.006872021926999812, 5.886779502840791e-06
census_geographies/2000_block_groups.shp, study_areas/definitions/max_city_5613900_march_2020.shp, 1167.365267152196, 0.0053842411744998864, 4.612302015490677e-06
census_geographies/2000_block_groups.shp, study_areas/definitions/max_city_7203368_march_2020.shp, 1167.365267152196, 0.0036455593784998973, 3.122895190631541e-06
census_geographies/2000_block_groups.shp, study_areas/definitions/max_city_7232221_march_2020.shp, 1167.365267152196, 0.000639439705500036, 5.477631753255416e-07
census_geographies/2000_block_groups.shp, study_areas/definitions/max_city_7252431_march_2020.shp, 1167.365267152196, 0.005231064819500003, 4.481086568783444e-06
census_geographies/2000_block_groups.shp, study_areas/definitions/max_city_7263820_march_2020.shp, 1167.365267152196, 0.00763827422800013, 6.543174140030572e-06
census_geographies/2000_block_groups.shp, study_areas/definitions/max_city_7276770_march_2020.shp, 1167.365267152196, 0.010232744085000092, 8.765674611823096e-06
census_geographies/2000_block_groups.shp, study_areas/definitions/max_city_7288035_march_2020.shp, 1167.365267152196, 0.0005775740124999549, 4.947671724968782e-07
census_geographies/1990_block_groups.shp, study_areas/definitions/max_city_0107000_march_2020.shp, 9295648458558.941, 314436886.54493093, 3.382624546815925e-05
census_geographies/1990_block_groups.shp, study_areas/definitions/max_city_0121184_march_2020.shp, 9295648458558.941, 182978142.4130453, 1.9684279502262016e-05
census_geographies/1990_block_groups.shp, study_areas/definitions/max_city_0126896_march_2020.shp, 9295648458558.941, 61874202.17484799, 6.6562545314283586e-06
census_geographies/1990_block_groups.shp, study_areas/definitions/max_city_0128696_march_2020.shp, 9295648458558.941, 98021480.03325997, 1.0544878119073767e-05
census_geographies/1990_block_groups.shp, study_areas/definitions/max_city_0137000_march_2020.shp, 9295648458558.941, 509659033.35990775, 5.482770090026809e-05
census_geographies/1990_block_groups.shp, study_areas/definitions/max_city_0150000_march_2020.shp, 9295648458558.941, 305839925.1610235, 3.290140827985188e-05
census_geographies/1990_block_groups.shp, study_areas/definitions/max_city_0151000_march_2020.shp, 9295648458558.941, 490119299.9058743, 5.272567073624631e-05
census_geographies/1990_block_groups.shp, study_areas/definitions/max_city_0157576_march_2020.shp, 9295648458558.941, 52179241.63323101, 5.613297648448304e-06
census_geographies/1990_block_groups.shp, study_areas/definitions/max_city_0177256_march_2020.shp, 9295648458558.941, 160015204.99681067, 1.721399057958965e-05
census_geographies/1990_block_groups.shp, study_areas/definitions/max_city_0203000_march_2020.shp, 9295648458558.941, 4426682499.640203, 0.00047621018795782327
census_geographies/1990_block_groups.shp, study_areas/definitions/max_city_0224230_march_2020.shp, 9295648458558.941, 22183707.19231773, 2.3864615030586864e-06
census_geographies/1990_block_groups.shp, study_areas/definitions/max_city_0423620_march_2020.shp, 9295648458558.941, 169763441.44995415, 1.8262678736914256e-05
census_geographies/1990_block_groups.shp, study_areas/definitions/max_city_0454050_march_2020.shp, 9295648458558.941, 743611328.7943454, 7.999563797076119e-05
census_geographies/1990_block_groups.shp, study_areas/definitions/max_city_0455000_march_2020.shp, 9295648458558.941, 1277816903.8185577, 0.00013746398753300654
census_geographies/1990_block_groups.shp, study_areas/definitions/max_city_0466820_march_2020.shp, 9295648458558.941, 388052300.63216835, 4.1745586912214854e-05
census_geographies/1990_block_groups.shp, study_areas/definitions/max_city_0477000_march_2020.shp, 9295648458558.941, 450908543.7311084, 4.850748667414759e-05
census_geographies/1990_block_groups.shp, study_areas/definitions/max_city_0485540_march_2020.shp, 9295648458558.941, 130946004.02977188, 1.4086806812192185e-05
census_geographies/1990_block_groups.shp, study_areas/definitions/max_city_0523290_march_2020.shp, 9295648458558.941, 152103512.18840837, 1.6362872678167977e-05
census_geographies/1990_block_groups.shp, study_areas/definitions/max_city_0524550_march_2020.shp, 9295648458558.941, 166352273.8327257, 1.7895714814769842e-05
census_geographies/1990_block_groups.shp, study_areas/definitions/max_city_0533400_march_2020.shp, 9295648458558.941, 72664714.72255701, 7.817067851318236e-06
census_geographies/1990_block_groups.shp, study_areas/definitions/max_city_0535710_march_2020.shp, 9295648458558.941, 169758751.09547502, 1.8262174161628298e-05
census_geographies/1990_block_groups.shp, study_areas/definitions/max_city_0541000_march_2020.shp, 9295648458558.941, 296137907.94704044, 3.185769225969086e-05
census_geographies/1990_block_groups.shp, study_areas/definitions/max_city_0555310_march_2020.shp, 9295648458558.941, 94701259.25699826, 1.0187698005059813e-05
census_geographies/1990_block_groups.shp, study_areas/definitions/max_city_0602000_march_2020.shp, 9295648458558.941, 119193640.16517006, 1.2822520203571475e-05
census_geographies/1990_block_groups.shp, study_areas/definitions/max_city_0603526_march_2020.shp, 9295648458558.941, 263902700.65943673, 2.838991834038744e-05
census_geographies/1990_block_groups.shp, study_areas/definitions/max_city_0613014_march_2020.shp, 9295648458558.941, 46167462.89211723, 4.966567216686069e-06
census_geographies/1990_block_groups.shp, study_areas/definitions/max_city_0621782_march_2020.shp, 9295648458558.941, 29096351.912391897, 3.1301045905626427e-06
census_geographies/1990_block_groups.shp, study_areas/definitions/max_city_0627000_march_2020.shp, 9295648458558.941, 338895929.62424785, 3.6457481275790976e-05
census_geographies/1990_block_groups.shp, study_areas/definitions/max_city_0644000_march_2020.shp, 9295648458558.941, 1224946316.3314676, 0.00013177631682097465
census_geographies/1990_block_groups.shp, study_areas/definitions/max_city_0646898_march_2020.shp, 9295648458558.941, 95402815.26758046, 1.0263169448898274e-05
census_geographies/1990_block_groups.shp, study_areas/definitions/max_city_0648354_march_2020.shp, 9295648458558.941, 88823019.19639663, 9.55533329303273e-06
census_geographies/1990_block_groups.shp, study_areas/definitions/max_city_0659920_march_2020.shp, 9295648458558.941, 144700515.879954, 1.556647893097995e-05
census_geographies/1990_block_groups.shp, study_areas/definitions/max_city_0664000_march_2020.shp, 9295648458558.941, 246209741.83148298, 2.6486559052777653e-05
census_geographies/1990_block_groups.shp, study_areas/definitions/max_city_0664224_march_2020.shp, 9295648458558.941, 52027138.88121502, 5.59693485754737e-06
census_geographies/1990_block_groups.shp, study_areas/definitions/max_city_0666000_march_2020.shp, 9295648458558.941, 884963028.041419, 9.520186052502792e-05
census_geographies/1990_block_groups.shp, study_areas/definitions/max_city_0668000_march_2020.shp, 9295648458558.941, 433136927.8407475, 4.659566567859372e-05
census_geographies/1990_block_groups.shp, study_areas/definitions/max_city_0669112_march_2020.shp, 9295648458558.941, 38142793.779974274, 4.1032956388162905e-06
census_geographies/1990_block_groups.shp, study_areas/definitions/max_city_0669196_march_2020.shp, 9295648458558.941, 69177476.00212553, 7.4419204115265965e-06
census_geographies/1990_block_groups.shp, study_areas/definitions/max_city_0670098_march_2020.shp, 9295648458558.941, 84658497.67811742, 9.107325654098757e-06
census_geographies/1990_block_groups.shp, study_areas/definitions/max_city_0675000_march_2020.shp, 9295648458558.941, 131278703.3055767, 1.4122597674689625e-05
census_geographies/1990_block_groups.shp, study_areas/definitions/max_city_0681666_march_2020.shp, 9295648458558.941, 75646464.11207101, 8.137836155197946e-06
census_geographies/1990_block_groups.shp, study_areas/definitions/max_city_0682954_march_2020.shp, 9295648458558.941, 78616299.2913229, 8.457322761483861e-06
census_geographies/1990_block_groups.shp, study_areas/definitions/max_city_0686972_march_2020.shp, 9295648458558.941, 52089343.81840254, 5.603626691631333e-06
census_geographies/1990_block_groups.shp, study_areas/definitions/max_city_0807850_march_2020.shp, 9295648458558.941, 52602276.67786546, 5.6588065816357406e-06
census_geographies/1990_block_groups.shp, study_areas/definitions/max_city_0816000_march_2020.shp, 9295648458558.941, 539224038.0509936, 5.8008221852936423e-05
census_geographies/1990_block_groups.shp, study_areas/definitions/max_city_0820000_march_2020.shp, 9295648458558.941, 401837933.80690765, 4.322860697651669e-05
census_geographies/1990_block_groups.shp, study_areas/definitions/max_city_0827425_march_2020.shp, 9295648458558.941, 108862076.96774624, 1.1711079377954725e-05
census_geographies/1990_block_groups.shp, study_areas/definitions/max_city_0831660_march_2020.shp, 9295648458558.941, 94621484.17812584, 1.0179116024014805e-05
census_geographies/1990_block_groups.shp, study_areas/definitions/max_city_0862000_march_2020.shp, 9295648458558.941, 96500127.6627153, 1.0381215263563791e-05
census_geographies/1990_block_groups.shp, study_areas/definitions/max_city_0877290_march_2020.shp, 9295648458558.941, 59004700.89750839, 6.347561567173937e-06
census_geographies/1990_block_groups.shp, study_areas/definitions/max_city_0908000_march_2020.shp, 9295648458558.941, 42581128.14294011, 4.580759301814352e-06
census_geographies/1990_block_groups.shp, study_areas/definitions/max_city_0937000_march_2020.shp, 9295648458558.941, 46536851.761215135, 5.006305043556855e-06
census_geographies/1990_block_groups.shp, study_areas/definitions/max_city_0952000_march_2020.shp, 9295648458558.941, 49881395.41223555, 5.3661017447693386e-06
census_geographies/1990_block_groups.shp, study_areas/definitions/max_city_0956200_march_2020.shp, 9295648458558.941, 76058404.6498523, 8.182151572203846e-06
census_geographies/1990_block_groups.shp, study_areas/definitions/max_city_1021200_march_2020.shp, 9295648458558.941, 76193112.07741772, 8.196643022495448e-06
census_geographies/1990_block_groups.shp, study_areas/definitions/max_city_1150000_march_2020.shp, 9295648458558.941, 159396614.71553633, 1.7147444358093422e-05
census_geographies/1990_block_groups.shp, study_areas/definitions/max_city_1207525_march_2020.shp, 9295648458558.941, 58816173.108954504, 6.327280272179364e-06
census_geographies/1990_block_groups.shp, study_areas/definitions/max_city_1210275_march_2020.shp, 9295648458558.941, 280797779.05244297, 3.0207443870567116e-05
census_geographies/1990_block_groups.shp, study_areas/definitions/max_city_1217200_march_2020.shp, 9295648458558.941, 74873968.26381953, 8.054733200982825e-06
census_geographies/1990_block_groups.shp, study_areas/definitions/max_city_1225175_march_2020.shp, 9295648458558.941, 116767953.70183347, 1.2561571602282326e-05
census_geographies/1990_block_groups.shp, study_areas/definitions/max_city_1232400_march_2020.shp, 9295648458558.941, 66499354.85971621, 7.153815589754486e-06
census_geographies/1990_block_groups.shp, study_areas/definitions/max_city_1235000_march_2020.shp, 9295648458558.941, 2143352789.3934345, 0.00023057593011921064
census_geographies/1990_block_groups.shp, study_areas/definitions/max_city_1238250_march_2020.shp, 9295648458558.941, 166138853.7981547, 1.7872755681200792e-05
census_geographies/1990_block_groups.shp, study_areas/definitions/max_city_1245000_march_2020.shp, 9295648458558.941, 97671514.72930689, 1.0507229825303487e-05
census_geographies/1990_block_groups.shp, study_areas/definitions/max_city_1248050_march_2020.shp, 9295648458558.941, 43409751.33710629, 4.669900279752606e-06
census_geographies/1990_block_groups.shp, study_areas/definitions/max_city_1249675_march_2020.shp, 9295648458558.941, 146083464.87416255, 1.5715252736311972e-05
census_geographies/1990_block_groups.shp, study_areas/definitions/max_city_1253000_march_2020.shp, 9295648458558.941, 288074371.4246912, 3.099023943396305e-05
census_geographies/1990_block_groups.shp, study_areas/definitions/max_city_1254000_march_2020.shp, 9295648458558.941, 164983345.12513268, 1.774844927286646e-05
census_geographies/1990_block_groups.shp, study_areas/definitions/max_city_1254700_march_2020.shp, 9295648458558.941, 43423501.90366286, 4.671379527447684e-06
census_geographies/1990_block_groups.shp, study_areas/definitions/max_city_1255925_march_2020.shp, 9295648458558.941, 59142194.84671673, 6.3623527837115795e-06
census_geographies/1990_block_groups.shp, study_areas/definitions/max_city_1258715_march_2020.shp, 9295648458558.941, 283208310.4595345, 3.0466762133067897e-05
census_geographies/1990_block_groups.shp, study_areas/definitions/max_city_1264875_march_2020.shp, 9295648458558.941, 30145792.7487915, 3.243000516121589e-06
census_geographies/1990_block_groups.shp, study_areas/definitions/max_city_1270600_march_2020.shp, 9295648458558.941, 159602269.77211928, 1.7169568156933255e-05
census_geographies/1990_block_groups.shp, study_areas/definitions/max_city_1271000_march_2020.shp, 9295648458558.941, 348643962.8311088, 3.750614756844595e-05
census_geographies/1990_block_groups.shp, study_areas/definitions/max_city_1271625_march_2020.shp, 9295648458558.941, 112348326.87063314, 1.208612044350588e-05
census_geographies/1990_block_groups.shp, study_areas/definitions/max_city_1274200_march_2020.shp, 9295648458558.941, 30693557.92130952, 3.301927569458429e-06
census_geographies/1990_block_groups.shp, study_areas/definitions/max_city_1301052_march_2020.shp, 9295648458558.941, 151887021.363102, 1.6339583197474777e-05
census_geographies/1990_block_groups.shp, study_areas/definitions/max_city_1303440_march_2020.shp, 9295648458558.941, 301298001.6554165, 3.241280078508103e-05
census_geographies/1990_block_groups.shp, study_areas/definitions/max_city_1304000_march_2020.shp, 9295648458558.941, 356805424.79200786, 3.8384134940417236e-05
census_geographies/1990_block_groups.shp, study_areas/definitions/max_city_1304204_march_2020.shp, 9295648458558.941, 848920808.7055936, 9.132453884096189e-05
census_geographies/1990_block_groups.shp, study_areas/definitions/max_city_1311560_march_2020.shp, 9295648458558.941, 42907516.5191949, 4.615871255295582e-06
census_geographies/1990_block_groups.shp, study_areas/definitions/max_city_1319000_march_2020.shp, 9295648458558.941, 572388114.619498, 6.157592094529708e-05
census_geographies/1990_block_groups.shp, study_areas/definitions/max_city_1321380_march_2020.shp, 9295648458558.941, 64526588.41822308, 6.9415908643587325e-06
census_geographies/1990_block_groups.shp, study_areas/definitions/max_city_1331908_march_2020.shp, 9295648458558.941, 54859593.056142025, 5.9016423975919845e-06
census_geographies/1990_block_groups.shp, study_areas/definitions/max_city_1338964_march_2020.shp, 9295648458558.941, 63883456.222443394, 6.872404491977414e-06
census_geographies/1990_block_groups.shp, study_areas/definitions/max_city_1349008_march_2020.shp, 9295648458558.941, 662199343.457918, 7.123756308234741e-05
census_geographies/1990_block_groups.shp, study_areas/definitions/max_city_1366668_march_2020.shp, 9295648458558.941, 76238060.31536365, 8.201478428884397e-06
census_geographies/1990_block_groups.shp, study_areas/definitions/max_city_1369000_march_2020.shp, 9295648458558.941, 341921807.1758238, 3.678299676457755e-05
census_geographies/1990_block_groups.shp, study_areas/definitions/max_city_1378800_march_2020.shp, 9295648458558.941, 89031579.27537681, 9.577769606100072e-06
census_geographies/1990_block_groups.shp, study_areas/definitions/max_city_1522700_march_2020.shp, 9295648458558.941, 26849869.04760801, 2.8884342138483163e-06
census_geographies/1990_block_groups.shp, study_areas/definitions/max_city_1571550_march_2020.shp, 9295648458558.941, 146174536.32178676, 1.5725049949279975e-05
census_geographies/1990_block_groups.shp, study_areas/definitions/max_city_1608830_march_2020.shp, 9295648458558.941, 204086777.4664827, 2.1955087735549033e-05
census_geographies/1990_block_groups.shp, study_areas/definitions/max_city_1616750_march_2020.shp, 9295648458558.941, 41290312.377095856, 4.441896932868403e-06
census_geographies/1990_block_groups.shp, study_areas/definitions/max_city_1639700_march_2020.shp, 9295648458558.941, 73953107.84274569, 7.955669598784535e-06
census_geographies/1990_block_groups.shp, study_areas/definitions/max_city_1646540_march_2020.shp, 9295648458558.941, 50797865.311339, 5.464693026828808e-06
census_geographies/1990_block_groups.shp, study_areas/definitions/max_city_1664090_march_2020.shp, 9295648458558.941, 66845728.12504918, 7.191077462003328e-06
census_geographies/1990_block_groups.shp, study_areas/definitions/max_city_1682810_march_2020.shp, 9295648458558.941, 43223908.16331455, 4.649907788145351e-06
census_geographies/1990_block_groups.shp, study_areas/definitions/max_city_1706613_march_2020.shp, 9295648458558.941, 44827800.6942314, 4.822450084475422e-06
census_geographies/1990_block_groups.shp, study_areas/definitions/max_city_1711163_march_2020.shp, 9295648458558.941, 26808984.87282864, 2.884036008068307e-06
census_geographies/1990_block_groups.shp, study_areas/definitions/max_city_1712385_march_2020.shp, 9295648458558.941, 78543275.40142877, 8.449467054566837e-06
census_geographies/1990_block_groups.shp, study_areas/definitions/max_city_1714000_march_2020.shp, 9295648458558.941, 601168269.0178769, 6.467200988698673e-05
census_geographies/1990_block_groups.shp, study_areas/definitions/max_city_1718563_march_2020.shp, 9295648458558.941, 44196604.96553722, 4.754547804015042e-06
census_geographies/1990_block_groups.shp, study_areas/definitions/max_city_1718823_march_2020.shp, 9295648458558.941, 151863752.37403098, 1.6337079984366542e-05
census_geographies/1990_block_groups.shp, study_areas/definitions/max_city_1738934_march_2020.shp, 9295648458558.941, 38796543.5429569, 4.173624219538455e-06
census_geographies/1990_block_groups.shp, study_areas/definitions/max_city_1759000_march_2020.shp, 9295648458558.941, 121355132.696567, 1.3055047556669338e-05
census_geographies/1990_block_groups.shp, study_areas/definitions/max_city_1765000_march_2020.shp, 9295648458558.941, 159604626.48639974, 1.7169821685698995e-05
census_geographies/1990_block_groups.shp, study_areas/definitions/max_city_1772000_march_2020.shp, 9295648458558.941, 181139543.02788246, 1.9486488095523745e-05
census_geographies/1990_block_groups.shp, study_areas/definitions/max_city_1805860_march_2020.shp, 9295648458558.941, 48325337.29772173, 5.198705341877071e-06
census_geographies/1990_block_groups.shp, study_areas/definitions/max_city_1814734_march_2020.shp, 9295648458558.941, 78803872.2787242, 8.477501341626764e-06
census_geographies/1990_block_groups.shp, study_areas/definitions/max_city_1820728_march_2020.shp, 9295648458558.941, 61808130.466066316, 6.649146720813937e-06
census_geographies/1990_block_groups.shp, study_areas/definitions/max_city_1822000_march_2020.shp, 9295648458558.941, 130527952.19966742, 1.404183395936022e-05
census_geographies/1990_block_groups.shp, study_areas/definitions/max_city_1825000_march_2020.shp, 9295648458558.941, 299631441.5695097, 3.2233516887530845e-05
census_geographies/1990_block_groups.shp, study_areas/definitions/max_city_1836003_march_2020.shp, 9295648458558.941, 948028795.4863209, 0.0001019863003331872
census_geographies/1990_block_groups.shp, study_areas/definitions/max_city_1840392_march_2020.shp, 9295648458558.941, 114883320.98144646, 1.235882805740873e-05
census_geographies/1990_block_groups.shp, study_areas/definitions/max_city_1840788_march_2020.shp, 9295648458558.941, 78167072.95676932, 8.408996242193002e-06
census_geographies/1990_block_groups.shp, study_areas/definitions/max_city_1848798_march_2020.shp, 9295648458558.941, 60201811.625685915, 6.476343408861947e-06
census_geographies/1990_block_groups.shp, study_areas/definitions/max_city_1851876_march_2020.shp, 9295648458558.941, 62745170.08407992, 6.749950836007303e-06
census_geographies/1990_block_groups.shp, study_areas/definitions/max_city_1871000_march_2020.shp, 9295648458558.941, 97064041.88817523, 1.0441879587088278e-05
census_geographies/1990_block_groups.shp, study_areas/definitions/max_city_1875428_march_2020.shp, 9295648458558.941, 89420389.97427595, 9.619596779387928e-06
census_geographies/1990_block_groups.shp, study_areas/definitions/max_city_1901855_march_2020.shp, 9295648458558.941, 66689470.86933072, 7.174267741152214e-06
census_geographies/1990_block_groups.shp, study_areas/definitions/max_city_1912000_march_2020.shp, 9295648458558.941, 222664432.56721663, 2.3953620186894976e-05
census_geographies/1990_block_groups.shp, study_areas/definitions/max_city_1919000_march_2020.shp, 9295648458558.941, 148207683.06939647, 1.5943770220025335e-05
census_geographies/1990_block_groups.shp, study_areas/definitions/max_city_1921000_march_2020.shp, 9295648458558.941, 229879067.52517858, 2.472975054403204e-05
census_geographies/1990_block_groups.shp, study_areas/definitions/max_city_1922395_march_2020.shp, 9295648458558.941, 87218331.23902024, 9.382705426937075e-06
census_geographies/1990_block_groups.shp, study_areas/definitions/max_city_1973335_march_2020.shp, 9295648458558.941, 137611309.95350292, 1.4803841880100113e-05
census_geographies/1990_block_groups.shp, study_areas/definitions/max_city_1982425_march_2020.shp, 9295648458558.941, 164272087.5083125, 1.7671934157219495e-05
census_geographies/1990_block_groups.shp, study_areas/definitions/max_city_2038900_march_2020.shp, 9295648458558.941, 81692655.03828757, 8.788268554096329e-06
census_geographies/1990_block_groups.shp, study_areas/definitions/max_city_2044250_march_2020.shp, 9295648458558.941, 28756443.887326773, 3.0935382308750457e-06
census_geographies/1990_block_groups.shp, study_areas/definitions/max_city_2071000_march_2020.shp, 9295648458558.941, 179468764.69151118, 1.9306750410324074e-05
census_geographies/1990_block_groups.shp, study_areas/definitions/max_city_2079000_march_2020.shp, 9295648458558.941, 399158679.3367735, 4.294038023450094e-05
census_geographies/1990_block_groups.shp, study_areas/definitions/max_city_2108902_march_2020.shp, 9295648458558.941, 124744174.26494662, 1.3419631220034874e-05
census_geographies/1990_block_groups.shp, study_areas/definitions/max_city_2146027_march_2020.shp, 9295648458558.941, 739492664.0438677, 7.955256347533044e-05
census_geographies/1990_block_groups.shp, study_areas/definitions/max_city_2148006_march_2020.shp, 9295648458558.941, 711333820.5383849, 7.652331343096633e-05
census_geographies/1990_block_groups.shp, study_areas/definitions/max_city_2158620_march_2020.shp, 9295648458558.941, 45060147.31897134, 4.847445287959695e-06
census_geographies/1990_block_groups.shp, study_areas/definitions/max_city_2200975_march_2020.shp, 9295648458558.941, 44184363.954691574, 4.753230950123652e-06
census_geographies/1990_block_groups.shp, study_areas/definitions/max_city_2205000_march_2020.shp, 9295648458558.941, 193978045.3602176, 2.0867618458786796e-05
census_geographies/1990_block_groups.shp, study_areas/definitions/max_city_2232755_march_2020.shp, 9295648458558.941, 27767177.080322072, 2.987115659989866e-06
census_geographies/1990_block_groups.shp, study_areas/definitions/max_city_2236255_march_2020.shp, 9295648458558.941, 24398851.753582258, 2.624760592265845e-06
census_geographies/1990_block_groups.shp, study_areas/definitions/max_city_2240735_march_2020.shp, 9295648458558.941, 147925655.68542907, 1.591343049867887e-05
census_geographies/1990_block_groups.shp, study_areas/definitions/max_city_2241155_march_2020.shp, 9295648458558.941, 146225424.79845423, 1.5730524390024408e-05
census_geographies/1990_block_groups.shp, study_areas/definitions/max_city_2251410_march_2020.shp, 9295648458558.941, 72022989.91688794, 7.748032882049555e-06
census_geographies/1990_block_groups.shp, study_areas/definitions/max_city_2255000_march_2020.shp, 9295648458558.941, 512762634.1296049, 5.516157763662848e-05
census_geographies/1990_block_groups.shp, study_areas/definitions/max_city_2270000_march_2020.shp, 9295648458558.941, 257039610.02955166, 2.7651606144042934e-05
census_geographies/1990_block_groups.shp, study_areas/definitions/max_city_2302795_march_2020.shp, 9295648458558.941, 89981159.17636016, 9.679922770047341e-06
census_geographies/1990_block_groups.shp, study_areas/definitions/max_city_2338740_march_2020.shp, 9295648458558.941, 91171185.46328698, 9.807942487255032e-06
census_geographies/1990_block_groups.shp, study_areas/definitions/max_city_2360545_march_2020.shp, 9295648458558.941, 54185946.72908318, 5.829173399860192e-06
census_geographies/1990_block_groups.shp, study_areas/definitions/max_city_2404000_march_2020.shp, 9295648458558.941, 210323514.28377825, 2.2626018531297133e-05
census_geographies/1990_block_groups.shp, study_areas/definitions/max_city_2421325_march_2020.shp, 9295648458558.941, 35343142.28643163, 3.8021169199755546e-06
census_geographies/1990_block_groups.shp, study_areas/definitions/max_city_2436075_march_2020.shp, 9295648458558.941, 27402519.905989975, 2.9478868556780656e-06
census_geographies/1990_block_groups.shp, study_areas/definitions/max_city_2446725_march_2020.shp, 9295648458558.941, 9420247.712461753, 1.0134040410906555e-06
census_geographies/1990_block_groups.shp, study_areas/definitions/max_city_2469925_march_2020.shp, 9295648458558.941, 28079777.35360454, 3.0207443277128414e-06
census_geographies/1990_block_groups.shp, study_areas/definitions/max_city_2503690_march_2020.shp, 9295648458558.941, 164328654.31696975, 1.7678019457121856e-05
census_geographies/1990_block_groups.shp, study_areas/definitions/max_city_2507000_march_2020.shp, 9295648458558.941, 129268751.81636694, 1.390637268531203e-05
census_geographies/1990_block_groups.shp, study_areas/definitions/max_city_2553960_march_2020.shp, 9295648458558.941, 109604377.7899243, 1.179093403526963e-05
census_geographies/1990_block_groups.shp, study_areas/definitions/max_city_2567000_march_2020.shp, 9295648458558.941, 85991982.35012, 9.25077822526121e-06
census_geographies/1990_block_groups.shp, study_areas/definitions/max_city_2582000_march_2020.shp, 9295648458558.941, 99886568.8784778, 1.0745519188229147e-05
census_geographies/1990_block_groups.shp, study_areas/definitions/max_city_2603000_march_2020.shp, 9295648458558.941, 76450182.03928518, 8.224297893805773e-06
census_geographies/1990_block_groups.shp, study_areas/definitions/max_city_2605920_march_2020.shp, 9295648458558.941, 112003142.83864775, 1.2048986505672037e-05
census_geographies/1990_block_groups.shp, study_areas/definitions/max_city_2622000_march_2020.shp, 9295648458558.941, 359980552.5001242, 3.87257063458196e-05
census_geographies/1990_block_groups.shp, study_areas/definitions/max_city_2629000_march_2020.shp, 9295648458558.941, 91464372.84542508, 9.839482770156774e-06
census_geographies/1990_block_groups.shp, study_areas/definitions/max_city_2634000_march_2020.shp, 9295648458558.941, 111638269.99120867, 1.2009734499847406e-05
census_geographies/1990_block_groups.shp, study_areas/definitions/max_city_2641420_march_2020.shp, 9295648458558.941, 28385315.225096133, 3.053613241899271e-06
census_geographies/1990_block_groups.shp, study_areas/definitions/max_city_2642160_march_2020.shp, 9295648458558.941, 65737309.41150745, 7.0718368605021864e-06
census_geographies/1990_block_groups.shp, study_areas/definitions/max_city_2646000_march_2020.shp, 9295648458558.941, 85713894.49082564, 9.220862307019024e-06
census_geographies/1990_block_groups.shp, study_areas/definitions/max_city_2653780_march_2020.shp, 9295648458558.941, 77951605.73159704, 8.3858168775545e-06
census_geographies/1990_block_groups.shp, study_areas/definitions/max_city_2656320_march_2020.shp, 9295648458558.941, 47044640.0394049, 5.060931493820496e-06
census_geographies/1990_block_groups.shp, study_areas/definitions/max_city_2670520_march_2020.shp, 9295648458558.941, 47175330.01673051, 5.07499075799214e-06
census_geographies/1990_block_groups.shp, study_areas/definitions/max_city_2717000_march_2020.shp, 9295648458558.941, 170471981.2828254, 1.833890148092507e-05
census_geographies/1990_block_groups.shp, study_areas/definitions/max_city_2739878_march_2020.shp, 9295648458558.941, 62737260.54086324, 6.749099949352978e-06
census_geographies/1990_block_groups.shp, study_areas/definitions/max_city_2743000_march_2020.shp, 9295648458558.941, 149042123.63107276, 1.6033537014175987e-05
census_geographies/1990_block_groups.shp, study_areas/definitions/max_city_2754880_march_2020.shp, 9295648458558.941, 157761005.2615238, 1.697149004341551e-05
census_geographies/1990_block_groups.shp, study_areas/definitions/max_city_2756896_march_2020.shp, 9295648458558.941, 90046579.87620917, 9.68696054693194e-06
census_geographies/1990_block_groups.shp, study_areas/definitions/max_city_2829700_march_2020.shp, 9295648458558.941, 151975823.95348132, 1.6349136333092502e-05
census_geographies/1990_block_groups.shp, study_areas/definitions/max_city_2831020_march_2020.shp, 9295648458558.941, 139471304.60436857, 1.5003934929999506e-05
census_geographies/1990_block_groups.shp, study_areas/definitions/max_city_2836000_march_2020.shp, 9295648458558.941, 253453968.26876473, 2.726587277893429e-05
census_geographies/1990_block_groups.shp, study_areas/definitions/max_city_2911242_march_2020.shp, 9295648458558.941, 77335966.61125946, 8.319588133741503e-06
census_geographies/1990_block_groups.shp, study_areas/definitions/max_city_2915670_march_2020.shp, 9295648458558.941, 173336016.73290434, 1.864700644668912e-05
census_geographies/1990_block_groups.shp, study_areas/definitions/max_city_2937000_march_2020.shp, 9295648458558.941, 77721395.26747592, 8.361051476286646e-06
census_geographies/1990_block_groups.shp, study_areas/definitions/max_city_2937592_march_2020.shp, 9295648458558.941, 99534927.23137099, 1.0707690558126098e-05
census_geographies/1990_block_groups.shp, study_areas/definitions/max_city_2938000_march_2020.shp, 9295648458558.941, 841637027.0770966, 9.054096987737974e-05
census_geographies/1990_block_groups.shp, study_areas/definitions/max_city_2964550_march_2020.shp, 9295648458558.941, 114850249.5219497, 1.235527032180328e-05
census_geographies/1990_block_groups.shp, study_areas/definitions/max_city_2965000_march_2020.shp, 9295648458558.941, 171340059.2373278, 1.8432286892214276e-05
census_geographies/1990_block_groups.shp, study_areas/definitions/max_city_2970000_march_2020.shp, 9295648458558.941, 207442269.02809578, 2.2316062182525193e-05
census_geographies/1990_block_groups.shp, study_areas/definitions/max_city_3006550_march_2020.shp, 9295648458558.941, 102500394.37705715, 1.1026707263513198e-05
census_geographies/1990_block_groups.shp, study_areas/definitions/max_city_3032800_march_2020.shp, 9295648458558.941, 39342755.87136211, 4.232384222225765e-06
census_geographies/1990_block_groups.shp, study_areas/definitions/max_city_3050200_march_2020.shp, 9295648458558.941, 51329278.161171764, 5.521860942784522e-06
census_geographies/1990_block_groups.shp, study_areas/definitions/max_city_3119595_march_2020.shp, 9295648458558.941, 74906439.26097894, 8.058226340520553e-06
census_geographies/1990_block_groups.shp, study_areas/definitions/max_city_3128000_march_2020.shp, 9295648458558.941, 243636161.7298472, 2.6209700465331164e-05
census_geographies/1990_block_groups.shp, study_areas/definitions/max_city_3137000_march_2020.shp, 9295648458558.941, 373922274.8523416, 4.022551804958305e-05
census_geographies/1990_block_groups.shp, study_areas/definitions/max_city_3209700_march_2020.shp, 9295648458558.941, 403635012.3200069, 4.342193168335245e-05
census_geographies/1990_block_groups.shp, study_areas/definitions/max_city_3240000_march_2020.shp, 9295648458558.941, 234304729.7940427, 2.520585097840133e-05
census_geographies/1990_block_groups.shp, study_areas/definitions/max_city_3260600_march_2020.shp, 9295648458558.941, 300666799.59558785, 3.234489782353481e-05
census_geographies/1990_block_groups.shp, study_areas/definitions/max_city_3345140_march_2020.shp, 9295648458558.941, 90475764.29571077, 9.733131012759575e-06
census_geographies/1990_block_groups.shp, study_areas/definitions/max_city_3454360_march_2020.shp, 9295648458558.941, 18141059.921207573, 1.951564756572119e-06
census_geographies/1990_block_groups.shp, study_areas/definitions/max_city_3474000_march_2020.shp, 9295648458558.941, 19967909.04462133, 2.1480921028415113e-06
census_geographies/1990_block_groups.shp, study_areas/definitions/max_city_3476070_march_2020.shp, 9295648458558.941, 178583990.85697576, 1.921156890271007e-05
census_geographies/1990_block_groups.shp, study_areas/definitions/max_city_3502000_march_2020.shp, 9295648458558.941, 468671079.45115197, 5.041833085024041e-05
census_geographies/1990_block_groups.shp, study_areas/definitions/max_city_3525800_march_2020.shp, 9295648458558.941, 73942767.49131206, 7.954557212544916e-06
census_geographies/1990_block_groups.shp, study_areas/definitions/max_city_3570500_march_2020.shp, 9295648458558.941, 155661109.6742878, 1.674558911820329e-05
census_geographies/1990_block_groups.shp, study_areas/definitions/max_city_3601000_march_2020.shp, 9295648458558.941, 57159817.94869275, 6.149094192139227e-06
census_geographies/1990_block_groups.shp, study_areas/definitions/max_city_3606607_march_2020.shp, 9295648458558.941, 28442045.4391183, 3.0597161204961844e-06
census_geographies/1990_block_groups.shp, study_areas/definitions/max_city_3611000_march_2020.shp, 9295648458558.941, 106568087.99780942, 1.1464298426613495e-05
census_geographies/1990_block_groups.shp, study_areas/definitions/max_city_3624229_march_2020.shp, 9295648458558.941, 19680623.660645075, 2.1171867404822303e-06
census_geographies/1990_block_groups.shp, study_areas/definitions/max_city_3629333_march_2020.shp, 9295648458558.941, 10226784.802521564, 1.1001690573942995e-06
census_geographies/1990_block_groups.shp, study_areas/definitions/max_city_3638077_march_2020.shp, 9295648458558.941, 9732753.076231621, 1.0470224987123106e-06
census_geographies/1990_block_groups.shp, study_areas/definitions/max_city_3639853_march_2020.shp, 9295648458558.941, 2743671.487119423, 2.9515654549018534e-07
census_geographies/1990_block_groups.shp, study_areas/definitions/max_city_3651000_march_2020.shp, 9295648458558.941, 793033158.7704953, 8.531230094446099e-05
census_geographies/1990_block_groups.shp, study_areas/definitions/max_city_3659641_march_2020.shp, 9295648458558.941, 14756732.035443509, 1.5874881780685554e-06
census_geographies/1990_block_groups.shp, study_areas/definitions/max_city_3663000_march_2020.shp, 9295648458558.941, 91315949.23254545, 9.823515770808496e-06
census_geographies/1990_block_groups.shp, study_areas/definitions/max_city_3673000_march_2020.shp, 9295648458558.941, 66356460.81866637, 7.138443446359984e-06
census_geographies/1990_block_groups.shp, study_areas/definitions/max_city_3676540_march_2020.shp, 9295648458558.941, 43023056.5504014, 4.628300730411986e-06
census_geographies/1990_block_groups.shp, study_areas/definitions/max_city_3678608_march_2020.shp, 9295648458558.941, 22729047.01585847, 2.4451276441000486e-06
census_geographies/1990_block_groups.shp, study_areas/definitions/max_city_3702140_march_2020.shp, 9295648458558.941, 101000771.30095989, 1.0865381985047392e-05
census_geographies/1990_block_groups.shp, study_areas/definitions/max_city_3709060_march_2020.shp, 9295648458558.941, 65266309.17320633, 7.021167965222756e-06
census_geographies/1990_block_groups.shp, study_areas/definitions/max_city_3712000_march_2020.shp, 9295648458558.941, 814351124.8988782, 8.760562843241633e-05
census_geographies/1990_block_groups.shp, study_areas/definitions/max_city_3722920_march_2020.shp, 9295648458558.941, 427696079.22392416, 4.601035432123342e-05
census_geographies/1990_block_groups.shp, study_areas/definitions/max_city_3726880_march_2020.shp, 9295648458558.941, 69020201.16457243, 7.4250012220526995e-06
census_geographies/1990_block_groups.shp, study_areas/definitions/max_city_3728000_march_2020.shp, 9295648458558.941, 310823794.0421502, 3.343755902859688e-05
census_geographies/1990_block_groups.shp, study_areas/definitions/max_city_3728080_march_2020.shp, 9295648458558.941, 145743553.87226236, 1.5678686056384738e-05
census_geographies/1990_block_groups.shp, study_areas/definitions/max_city_3731060_march_2020.shp, 9295648458558.941, 65858763.67676945, 7.08490257246445e-06
census_geographies/1990_block_groups.shp, study_areas/definitions/max_city_3734200_march_2020.shp, 9295648458558.941, 120368235.80331358, 1.2948879934512248e-05
census_geographies/1990_block_groups.shp, study_areas/definitions/max_city_3746340_march_2020.shp, 9295648458558.941, 85232358.11821257, 9.169059963722608e-06
census_geographies/1990_block_groups.shp, study_areas/definitions/max_city_3755000_march_2020.shp, 9295648458558.941, 381318076.5468743, 4.1021137820221326e-05
census_geographies/1990_block_groups.shp, study_areas/definitions/max_city_3757500_march_2020.shp, 9295648458558.941, 107110769.98625405, 1.1522678645149507e-05
census_geographies/1990_block_groups.shp, study_areas/definitions/max_city_3774440_march_2020.shp, 9295648458558.941, 147386759.80609113, 1.585545757922732e-05
census_geographies/1990_block_groups.shp, study_areas/definitions/max_city_3775000_march_2020.shp, 9295648458558.941, 346028609.0983805, 3.7224795089983816e-05
census_geographies/1990_block_groups.shp, study_areas/definitions/max_city_3807200_march_2020.shp, 9295648458558.941, 47232777.32888995, 5.081170780011642e-06
census_geographies/1990_block_groups.shp, study_areas/definitions/max_city_3825700_march_2020.shp, 9295648458558.941, 86683248.88493982, 9.325142755923227e-06
census_geographies/1990_block_groups.shp, study_areas/definitions/max_city_3832060_march_2020.shp, 9295648458558.941, 172718007.82506904, 1.8580522767730036e-05
census_geographies/1990_block_groups.shp, study_areas/definitions/max_city_3901000_march_2020.shp, 9295648458558.941, 168748280.6079946, 1.8153470557787726e-05
census_geographies/1990_block_groups.shp, study_areas/definitions/max_city_3912000_march_2020.shp, 9295648458558.941, 71214255.99773492, 7.661031536983803e-06
census_geographies/1990_block_groups.shp, study_areas/definitions/max_city_3915000_march_2020.shp, 9295648458558.941, 208000168.02875626, 2.237607940490055e-05
census_geographies/1990_block_groups.shp, study_areas/definitions/max_city_3916000_march_2020.shp, 9295648458558.941, 201414050.12881246, 2.1667563164284796e-05
census_geographies/1990_block_groups.shp, study_areas/definitions/max_city_3918000_march_2020.shp, 9295648458558.941, 542374241.2645444, 5.834711195055519e-05
census_geographies/1990_block_groups.shp, study_areas/definitions/max_city_3921000_march_2020.shp, 9295648458558.941, 182972084.04383013, 1.9683627759756674e-05
census_geographies/1990_block_groups.shp, study_areas/definitions/max_city_3943554_march_2020.shp, 9295648458558.941, 45897492.57801483, 4.937524561372031e-06
census_geographies/1990_block_groups.shp, study_areas/definitions/max_city_3947138_march_2020.shp, 9295648458558.941, 81362415.44176243, 8.752742297052791e-06
census_geographies/1990_block_groups.shp, study_areas/definitions/max_city_3974118_march_2020.shp, 9295648458558.941, 75795049.78146693, 8.153820588135393e-06
census_geographies/1990_block_groups.shp, study_areas/definitions/max_city_3977000_march_2020.shp, 9295648458558.941, 217414742.8010545, 2.3388873166870947e-05
census_geographies/1990_block_groups.shp, study_areas/definitions/max_city_3988000_march_2020.shp, 9295648458558.941, 90534883.77469505, 9.739490921834003e-06
census_geographies/1990_block_groups.shp, study_areas/definitions/max_city_4023950_march_2020.shp, 9295648458558.941, 85248378.70300873, 9.170783413664544e-06
census_geographies/1990_block_groups.shp, study_areas/definitions/max_city_4041850_march_2020.shp, 9295648458558.941, 123693934.28154342, 1.3306649324464566e-05
census_geographies/1990_block_groups.shp, study_areas/definitions/max_city_4055000_march_2020.shp, 9295648458558.941, 1638133294.0414133, 0.00017622582236671256
census_geographies/1990_block_groups.shp, study_areas/definitions/max_city_4075000_march_2020.shp, 9295648458558.941, 621983400.9772651, 6.691124387396295e-05
census_geographies/1990_block_groups.shp, study_areas/definitions/max_city_4105800_march_2020.shp, 9295648458558.941, 82755018.16768532, 8.902554623985255e-06
census_geographies/1990_block_groups.shp, study_areas/definitions/max_city_4115800_march_2020.shp, 9295648458558.941, 47407680.511302605, 5.0999863777821895e-06
census_geographies/1990_block_groups.shp, study_areas/definitions/max_city_4123850_march_2020.shp, 9295648458558.941, 113063334.5079877, 1.2163038975929103e-05
census_geographies/1990_block_groups.shp, study_areas/definitions/max_city_4130550_march_2020.shp, 9295648458558.941, 23703115.82707414, 2.5499152568801767e-06
census_geographies/1990_block_groups.shp, study_areas/definitions/max_city_4147000_march_2020.shp, 9295648458558.941, 44242638.107838675, 4.759499921396274e-06
census_geographies/1990_block_groups.shp, study_areas/definitions/max_city_4159000_march_2020.shp, 9295648458558.941, 376556013.0290525, 4.050884827538198e-05
census_geographies/1990_block_groups.shp, study_areas/definitions/max_city_4164900_march_2020.shp, 9295648458558.941, 145239689.2574123, 1.5624481702907266e-05
census_geographies/1990_block_groups.shp, study_areas/definitions/max_city_4202000_march_2020.shp, 9295648458558.941, 46515515.35227527, 5.00400973204255e-06
census_geographies/1990_block_groups.shp, study_areas/definitions/max_city_4202184_march_2020.shp, 9295648458558.941, 25399682.815614562, 2.732427213534294e-06
census_geographies/1990_block_groups.shp, study_areas/definitions/max_city_4207128_march_2020.shp, 9295648458558.941, 11974684.008114755, 1.2882031911489832e-06
census_geographies/1990_block_groups.shp, study_areas/definitions/max_city_4212536_march_2020.shp, 9295648458558.941, 17770048.67253957, 1.9116523986207597e-06
census_geographies/1990_block_groups.shp, study_areas/definitions/max_city_4221872_march_2020.shp, 9295648458558.941, 7471850.095447219, 8.038008460364629e-07
census_geographies/1990_block_groups.shp, study_areas/definitions/max_city_4224000_march_2020.shp, 9295648458558.941, 49326201.436267786, 5.306375521424848e-06
census_geographies/1990_block_groups.shp, study_areas/definitions/max_city_4232448_march_2020.shp, 9295648458558.941, 9418569.540902998, 1.0132235080631601e-06
census_geographies/1990_block_groups.shp, study_areas/definitions/max_city_4232800_march_2020.shp, 9295648458558.941, 29615833.606799938, 3.18598898601111e-06
census_geographies/1990_block_groups.shp, study_areas/definitions/max_city_4238288_march_2020.shp, 9295648458558.941, 15724262.206175633, 1.6915723820964383e-06
census_geographies/1990_block_groups.shp, study_areas/definitions/max_city_4241216_march_2020.shp, 9295648458558.941, 20681975.626540374, 2.2249093991390675e-06
census_geographies/1990_block_groups.shp, study_areas/definitions/max_city_4242168_march_2020.shp, 9295648458558.941, 10857517.813445728, 1.168021559964297e-06
census_geographies/1990_block_groups.shp, study_areas/definitions/max_city_4260000_march_2020.shp, 9295648458558.941, 352474816.6753982, 3.791826016729989e-05
census_geographies/1990_block_groups.shp, study_areas/definitions/max_city_4261000_march_2020.shp, 9295648458558.941, 151166574.44666946, 1.6262079522540816e-05
census_geographies/1990_block_groups.shp, study_areas/definitions/max_city_4263624_march_2020.shp, 9295648458558.941, 26116907.74421655, 2.8095842759812504e-06
census_geographies/1990_block_groups.shp, study_areas/definitions/max_city_4269000_march_2020.shp, 9295648458558.941, 65889065.49633105, 7.088162357911016e-06
census_geographies/1990_block_groups.shp, study_areas/definitions/max_city_4273808_march_2020.shp, 9295648458558.941, 11608384.632427648, 1.2487977233841349e-06
census_geographies/1990_block_groups.shp, study_areas/definitions/max_city_4285312_march_2020.shp, 9295648458558.941, 24709542.640465807, 2.658183853512077e-06
census_geographies/1990_block_groups.shp, study_areas/definitions/max_city_4287048_march_2020.shp, 9295648458558.941, 13730347.180067165, 1.477072550804671e-06
census_geographies/1990_block_groups.shp, study_areas/definitions/max_city_4459000_march_2020.shp, 9295648458558.941, 48825484.29857058, 5.252509764782968e-06
census_geographies/1990_block_groups.shp, study_areas/definitions/max_city_4513330_march_2020.shp, 9295648458558.941, 181502190.70744073, 1.952550072397834e-05
census_geographies/1990_block_groups.shp, study_areas/definitions/max_city_4516000_march_2020.shp, 9295648458558.941, 341877799.56875783, 3.677826254864176e-05
census_geographies/1990_block_groups.shp, study_areas/definitions/max_city_4525810_march_2020.shp, 9295648458558.941, 62099621.08466706, 6.680504470614851e-06
census_geographies/1990_block_groups.shp, study_areas/definitions/max_city_4530850_march_2020.shp, 9295648458558.941, 80556460.56464517, 8.666039913597748e-06
census_geographies/1990_block_groups.shp, study_areas/definitions/max_city_4534045_march_2020.shp, 9295648458558.941, 110642661.19945762, 1.1902629675887077e-05
census_geographies/1990_block_groups.shp, study_areas/definitions/max_city_4549075_march_2020.shp, 9295648458558.941, 55114126.033682555, 5.929024347186493e-06
census_geographies/1990_block_groups.shp, study_areas/definitions/max_city_4568290_march_2020.shp, 9295648458558.941, 64232962.243378885, 6.910003377358421e-06
census_geographies/1990_block_groups.shp, study_areas/definitions/max_city_4570405_march_2020.shp, 9295648458558.941, 66513421.323414415, 7.155328820785211e-06
census_geographies/1990_block_groups.shp, study_areas/definitions/max_city_4652980_march_2020.shp, 9295648458558.941, 153158275.51387465, 1.6476341182293165e-05
census_geographies/1990_block_groups.shp, study_areas/definitions/max_city_4659020_march_2020.shp, 9295648458558.941, 150993302.59498918, 1.6243439418791976e-05
census_geographies/1990_block_groups.shp, study_areas/definitions/max_city_4714000_march_2020.shp, 9295648458558.941, 413325587.68979096, 4.446441682174659e-05
census_geographies/1990_block_groups.shp, study_areas/definitions/max_city_4715160_march_2020.shp, 9295648458558.941, 262321773.40737846, 2.8219846584865896e-05
census_geographies/1990_block_groups.shp, study_areas/definitions/max_city_4715400_march_2020.shp, 9295648458558.941, 46433042.66732763, 4.995137550040905e-06
census_geographies/1990_block_groups.shp, study_areas/definitions/max_city_4737640_march_2020.shp, 9295648458558.941, 126219976.36964957, 1.357839390466976e-05
census_geographies/1990_block_groups.shp, study_areas/definitions/max_city_4738320_march_2020.shp, 9295648458558.941, 114286349.80859527, 1.2294607559450728e-05
census_geographies/1990_block_groups.shp, study_areas/definitions/max_city_4740000_march_2020.shp, 9295648458558.941, 239412610.03944778, 2.575534252470674e-05
census_geographies/1990_block_groups.shp, study_areas/definitions/max_city_4748000_march_2020.shp, 9295648458558.941, 842630905.695643, 9.064788857412018e-05
census_geographies/1990_block_groups.shp, study_areas/definitions/max_city_4750280_march_2020.shp, 9295648458558.941, 57437299.325177506, 6.178944866648036e-06
census_geographies/1990_block_groups.shp, study_areas/definitions/max_city_4752006_march_2020.shp, 9295648458558.941, 1282334694.4994154, 0.00013794999888563014
census_geographies/1990_block_groups.shp, study_areas/definitions/max_city_4801000_march_2020.shp, 9295648458558.941, 610253161.0699923, 6.564933729912123e-05
census_geographies/1990_block_groups.shp, study_areas/definitions/max_city_4803000_march_2020.shp, 9295648458558.941, 227023221.46720642, 2.4422526570287354e-05
census_geographies/1990_block_groups.shp, study_areas/definitions/max_city_4805000_march_2020.shp, 9295648458558.941, 846302920.7592279, 9.104291373884701e-05
census_geographies/1990_block_groups.shp, study_areas/definitions/max_city_4807000_march_2020.shp, 9295648458558.941, 201277327.91565344, 2.1652854968964314e-05
census_geographies/1990_block_groups.shp, study_areas/definitions/max_city_4810768_march_2020.shp, 9295648458558.941, 419068472.03538233, 4.508222034252234e-05
census_geographies/1990_block_groups.shp, study_areas/definitions/max_city_4815976_march_2020.shp, 9295648458558.941, 96910717.2499539, 1.042538534906875e-05
census_geographies/1990_block_groups.shp, study_areas/definitions/max_city_4817000_march_2020.shp, 9295648458558.941, 407834237.69624746, 4.3873672666777245e-05
census_geographies/1990_block_groups.shp, study_areas/definitions/max_city_4819000_march_2020.shp, 9295648458558.941, 983570517.9697701, 0.00010580977995829332
census_geographies/1990_block_groups.shp, study_areas/definitions/max_city_4824000_march_2020.shp, 9295648458558.941, 650051120.5663111, 6.993069106091016e-05
census_geographies/1990_block_groups.shp, study_areas/definitions/max_city_4835000_march_2020.shp, 9295648458558.941, 1577633047.9542987, 0.00016971737420875654
census_geographies/1990_block_groups.shp, study_areas/definitions/max_city_4839148_march_2020.shp, 9295648458558.941, 121024408.56770489, 1.301946917498499e-05
census_geographies/1990_block_groups.shp, study_areas/definitions/max_city_4841464_march_2020.shp, 9295648458558.941, 132745189.55804613, 1.4280358185858608e-05
census_geographies/1990_block_groups.shp, study_areas/definitions/max_city_4843888_march_2020.shp, 9295648458558.941, 116549148.92707528, 1.2538033193344677e-05
census_geographies/1990_block_groups.shp, study_areas/definitions/max_city_4845000_march_2020.shp, 9295648458558.941, 279253594.3407332, 3.0041324775315835e-05
census_geographies/1990_block_groups.shp, study_areas/definitions/max_city_4845384_march_2020.shp, 9295648458558.941, 145179126.2147346, 1.56179664992668e-05
census_geographies/1990_block_groups.shp, study_areas/definitions/max_city_4848072_march_2020.shp, 9295648458558.941, 93381571.41145489, 1.0045729658104065e-05
census_geographies/1990_block_groups.shp, study_areas/definitions/max_city_4853388_march_2020.shp, 9295648458558.941, 95071403.86380404, 1.0227517132090697e-05
census_geographies/1990_block_groups.shp, study_areas/definitions/max_city_4864472_march_2020.shp, 9295648458558.941, 141576195.08863306, 1.5230373192337882e-05
census_geographies/1990_block_groups.shp, study_areas/definitions/max_city_4865000_march_2020.shp, 9295648458558.941, 1366147669.8228157, 0.00014696636559711324
census_geographies/1990_block_groups.shp, study_areas/definitions/max_city_4867496_march_2020.shp, 9295648458558.941, 164401551.07885548, 1.7685861487961416e-05
census_geographies/1990_block_groups.shp, study_areas/definitions/max_city_4872368_march_2020.shp, 9295648458558.941, 66408208.606527135, 7.144010329411927e-06
census_geographies/1990_block_groups.shp, study_areas/definitions/max_city_4874144_march_2020.shp, 9295648458558.941, 173966890.09968448, 1.871487404835162e-05
census_geographies/1990_block_groups.shp, study_areas/definitions/max_city_4875428_march_2020.shp, 9295648458558.941, 72000429.95072192, 7.745605943652885e-06
census_geographies/1990_block_groups.shp, study_areas/definitions/max_city_4876000_march_2020.shp, 9295648458558.941, 289110802.27977103, 3.110173578192634e-05
census_geographies/1990_block_groups.shp, study_areas/definitions/max_city_4879000_march_2020.shp, 9295648458558.941, 150424968.51504022, 1.6182299619617916e-05
census_geographies/1990_block_groups.shp, study_areas/definitions/max_city_4945860_march_2020.shp, 9295648458558.941, 131080754.14891957, 1.4101302855125436e-05
census_geographies/1990_block_groups.shp, study_areas/definitions/max_city_4962470_march_2020.shp, 9295648458558.941, 55000531.634873696, 5.916804177790535e-06
census_geographies/1990_block_groups.shp, study_areas/definitions/max_city_4965330_march_2020.shp, 9295648458558.941, 249183050.10061818, 2.6806419284410828e-05
census_geographies/1990_block_groups.shp, study_areas/definitions/max_city_4967000_march_2020.shp, 9295648458558.941, 215939666.67800558, 2.3230188581322666e-05
census_geographies/1990_block_groups.shp, study_areas/definitions/max_city_5010675_march_2020.shp, 9295648458558.941, 40098350.649631865, 4.31366900635226e-06
census_geographies/1990_block_groups.shp, study_areas/definitions/max_city_5107784_march_2020.shp, 9295648458558.941, 53767460.593250684, 5.784153825626275e-06
census_geographies/1990_block_groups.shp, study_areas/definitions/max_city_5114968_march_2020.shp, 9295648458558.941, 26538130.668085832, 2.8548982662582216e-06
census_geographies/1990_block_groups.shp, study_areas/definitions/max_city_5135624_march_2020.shp, 9295648458558.941, 45445890.087574735, 4.88894242184154e-06
census_geographies/1990_block_groups.shp, study_areas/definitions/max_city_5147672_march_2020.shp, 9295648458558.941, 129076004.5499959, 1.3885637470632782e-05
census_geographies/1990_block_groups.shp, study_areas/definitions/max_city_5167000_march_2020.shp, 9295648458558.941, 162078349.69371292, 1.743593794626342e-05
census_geographies/1990_block_groups.shp, study_areas/definitions/max_city_5168000_march_2020.shp, 9295648458558.941, 111281507.77420019, 1.1971355013080132e-05
census_geographies/1990_block_groups.shp, study_areas/definitions/max_city_5175216_march_2020.shp, 9295648458558.941, 51187236.455544606, 5.5065804912635335e-06
census_geographies/1990_block_groups.shp, study_areas/definitions/max_city_5182000_march_2020.shp, 9295648458558.941, 662453095.139261, 7.12648609822706e-05
census_geographies/1990_block_groups.shp, study_areas/definitions/max_city_5186720_march_2020.shp, 9295648458558.941, 24223781.739892494, 2.6059270472506433e-06
census_geographies/1990_block_groups.shp, study_areas/definitions/max_city_5305280_march_2020.shp, 9295648458558.941, 54070470.82278677, 5.816750823123215e-06
census_geographies/1990_block_groups.shp, study_areas/definitions/max_city_5335275_march_2020.shp, 9295648458558.941, 56879337.07281298, 6.118920839830329e-06
census_geographies/1990_block_groups.shp, study_areas/definitions/max_city_5340245_march_2020.shp, 9295648458558.941, 39914226.06694876, 4.293861395995225e-06
census_geographies/1990_block_groups.shp, study_areas/definitions/max_city_5347560_march_2020.shp, 9295648458558.941, 23126500.824936423, 2.4878846191351786e-06
census_geographies/1990_block_groups.shp, study_areas/definitions/max_city_5351300_march_2020.shp, 9295648458558.941, 46815308.79910812, 5.0362606770056005e-06
census_geographies/1990_block_groups.shp, study_areas/definitions/max_city_5353545_march_2020.shp, 9295648458558.941, 97976054.43312088, 1.0539991359388135e-05
census_geographies/1990_block_groups.shp, study_areas/definitions/max_city_5363000_march_2020.shp, 9295648458558.941, 219965530.29136375, 2.3663279788601637e-05
census_geographies/1990_block_groups.shp, study_areas/definitions/max_city_5367000_march_2020.shp, 9295648458558.941, 155036569.04515243, 1.6678402774838474e-05
census_geographies/1990_block_groups.shp, study_areas/definitions/max_city_5377105_march_2020.shp, 9295648458558.941, 20852893.52349079, 2.243296270986942e-06
census_geographies/1990_block_groups.shp, study_areas/definitions/max_city_5380010_march_2020.shp, 9295648458558.941, 76505788.03700572, 8.23027983234061e-06
census_geographies/1990_block_groups.shp, study_areas/definitions/max_city_5405332_march_2020.shp, 9295648458558.941, 22852650.647128955, 2.458424578877813e-06
census_geographies/1990_block_groups.shp, study_areas/definitions/max_city_5414600_march_2020.shp, 9295648458558.941, 75989788.38590497, 8.174770025423841e-06
census_geographies/1990_block_groups.shp, study_areas/definitions/max_city_5439460_march_2020.shp, 9295648458558.941, 52315740.57092995, 5.6279818244159595e-06
census_geographies/1990_block_groups.shp, study_areas/definitions/max_city_5455756_march_2020.shp, 9295648458558.941, 28421009.387817547, 3.0574531206210777e-06
census_geographies/1990_block_groups.shp, study_areas/definitions/max_city_5462140_march_2020.shp, 9295648458558.941, 28106187.331167553, 3.0235854396245872e-06
census_geographies/1990_block_groups.shp, study_areas/definitions/max_city_5485156_march_2020.shp, 9295648458558.941, 49863350.1474724, 5.364160485389361e-06
census_geographies/1990_block_groups.shp, study_areas/definitions/max_city_5486452_march_2020.shp, 9295648458558.941, 35491203.943362474, 3.818044981109849e-06
census_geographies/1990_block_groups.shp, study_areas/definitions/max_city_5502375_march_2020.shp, 9295648458558.941, 53112616.606767766, 5.713707531384159e-06
census_geographies/1990_block_groups.shp, study_areas/definitions/max_city_5522300_march_2020.shp, 9295648458558.941, 80959849.05724473, 8.709435325375412e-06
census_geographies/1990_block_groups.shp, study_areas/definitions/max_city_5526275_march_2020.shp, 9295648458558.941, 42846462.0003817, 4.609303180019781e-06
census_geographies/1990_block_groups.shp, study_areas/definitions/max_city_5531000_march_2020.shp, 9295648458558.941, 123005365.70737547, 1.3232575032903555e-05
census_geographies/1990_block_groups.shp, study_areas/definitions/max_city_5537825_march_2020.shp, 9295648458558.941, 66619282.959983036, 7.166717121132472e-06
census_geographies/1990_block_groups.shp, study_areas/definitions/max_city_5540775_march_2020.shp, 9295648458558.941, 54844602.68969331, 5.900029775673724e-06
census_geographies/1990_block_groups.shp, study_areas/definitions/max_city_5548000_march_2020.shp, 9295648458558.941, 150244834.19698265, 1.616292127082809e-05
census_geographies/1990_block_groups.shp, study_areas/definitions/max_city_5553000_march_2020.shp, 9295648458558.941, 250011363.15653455, 2.6895526898538996e-05
census_geographies/1990_block_groups.shp, study_areas/definitions/max_city_5566000_march_2020.shp, 9295648458558.941, 44640060.30997208, 4.802253496244242e-06
census_geographies/1990_block_groups.shp, study_areas/definitions/max_city_5572975_march_2020.shp, 9295648458558.941, 39808184.44516678, 4.282453733339443e-06
census_geographies/1990_block_groups.shp, study_areas/definitions/max_city_5584475_march_2020.shp, 9295648458558.941, 41259724.98397047, 4.438606426212331e-06
census_geographies/1990_block_groups.shp, study_areas/definitions/max_city_5613150_march_2020.shp, 9295648458558.941, 49396000.317443304, 5.313884290876133e-06
census_geographies/1990_block_groups.shp, study_areas/definitions/max_city_5613900_march_2020.shp, 9295648458558.941, 63490225.72879521, 6.830101849466647e-06
