filename, target_name, source_area, overlap_area, overlap_percentage
census_geographies/2020_tracts.shp, study_areas/definitions/max_city_0107000_march_2020.shp, 1168.828675420629, 0.0289941184810002, 2.4806132062567702e-05
census_geographies/2020_tracts.shp, study_areas/definitions/max_city_0121184_march_2020.shp, 1168.828675420629, 0.01722209626899996, 1.4734491573627937e-05
census_geographies/2020_tracts.shp, study_areas/definitions/max_city_0126896_march_2020.shp, 1168.828675420629, 0.007386779438499952, 6.319813668022523e-06
census_geographies/2020_tracts.shp, study_areas/definitions/max_city_0128696_march_2020.shp, 1168.828675420629, 0.009651380306500023, 8.257309654921632e-06
census_geographies/2020_tracts.shp, study_areas/definitions/max_city_0137000_march_2020.shp, 1168.828675420629, 0.049304171254000086, 4.2182547614394284e-05
census_geographies/2020_tracts.shp, study_areas/definitions/max_city_0150000_march_2020.shp, 1168.828675420629, 0.034241240020499976, 2.9295345622982345e-05
census_geographies/2020_tracts.shp, study_areas/definitions/max_city_0151000_march_2020.shp, 1168.828675420629, 0.029651206943500142, 2.5368308946415517e-05
census_geographies/2020_tracts.shp, study_areas/definitions/max_city_0157576_march_2020.shp, 1168.828675420629, 0.0034312967109999945, 2.935671226379834e-06
census_geographies/2020_tracts.shp, study_areas/definitions/max_city_0177256_march_2020.shp, 1168.828675420629, 0.014702058018499903, 1.2578454248830815e-05
census_geographies/2020_tracts.shp, study_areas/definitions/max_city_0203000_march_2020.shp, 1168.828675420629, 0.840156436549497, 0.0007188020402110241
census_geographies/2020_tracts.shp, study_areas/definitions/max_city_0224230_march_2020.shp, 1168.828675420629, 0.004066295942999742, 3.478949506039792e-06
census_geographies/2020_tracts.shp, study_areas/definitions/max_city_0423620_march_2020.shp, 1168.828675420629, 0.017203882921000037, 1.471890900931981e-05
census_geographies/2020_tracts.shp, study_areas/definitions/max_city_0454050_march_2020.shp, 1168.828675420629, 0.04168737965949976, 3.566594534866081e-05
census_geographies/2020_tracts.shp, study_areas/definitions/max_city_0455000_march_2020.shp, 1168.828675420629, 0.12260408484650002, 0.00010489482969125327
census_geographies/2020_tracts.shp, study_areas/definitions/max_city_0466820_march_2020.shp, 1168.828675420629, 0.035556369430500286, 3.0420514296250078e-05
census_geographies/2020_tracts.shp, study_areas/definitions/max_city_0477000_march_2020.shp, 1168.828675420629, 0.05605861762349999, 4.7961364058189327e-05
census_geographies/2020_tracts.shp, study_areas/definitions/max_city_0485540_march_2020.shp, 1168.828675420629, 0.014285004477999977, 1.2221641014119713e-05
census_geographies/2020_tracts.shp, study_areas/definitions/max_city_0523290_march_2020.shp, 1168.828675420629, 0.01326635827350009, 1.1350130735563871e-05
census_geographies/2020_tracts.shp, study_areas/definitions/max_city_0524550_march_2020.shp, 1168.828675420629, 0.016208310453999834, 1.3867139637181568e-05
census_geographies/2020_tracts.shp, study_areas/definitions/max_city_0533400_march_2020.shp, 1168.828675420629, 0.006525665287500009, 5.583081100531353e-06
census_geographies/2020_tracts.shp, study_areas/definitions/max_city_0535710_march_2020.shp, 1168.828675420629, 0.017777560414999984, 1.5209723023438258e-05
census_geographies/2020_tracts.shp, study_areas/definitions/max_city_0541000_march_2020.shp, 1168.828675420629, 0.027251173269500092, 2.3314942422757682e-05
census_geographies/2020_tracts.shp, study_areas/definitions/max_city_0555310_march_2020.shp, 1168.828675420629, 0.00609935050749985, 5.218344344011634e-06
census_geographies/2020_tracts.shp, study_areas/definitions/max_city_0602000_march_2020.shp, 1168.828675420629, 0.01067532842599996, 9.133356025987475e-06
census_geographies/2020_tracts.shp, study_areas/definitions/max_city_0603526_march_2020.shp, 1168.828675420629, 0.03769375424099995, 3.224916964621442e-05
census_geographies/2020_tracts.shp, study_areas/definitions/max_city_0613014_march_2020.shp, 1168.828675420629, 0.004966920019999921, 4.249485082330363e-06
census_geographies/2020_tracts.shp, study_areas/definitions/max_city_0621782_march_2020.shp, 1168.828675420629, 0.002803312253499939, 2.3983944888168533e-06
census_geographies/2020_tracts.shp, study_areas/definitions/max_city_0627000_march_2020.shp, 1168.828675420629, 0.027744647751500148, 2.3737138158007306e-05
census_geographies/2020_tracts.shp, study_areas/definitions/max_city_0644000_march_2020.shp, 1168.828675420629, 0.12101808334199997, 0.00010353791439831754
census_geographies/2020_tracts.shp, study_areas/definitions/max_city_0646898_march_2020.shp, 1168.828675420629, 0.0044812950149999645, 3.834005025062608e-06
census_geographies/2020_tracts.shp, study_areas/definitions/max_city_0648354_march_2020.shp, 1168.828675420629, 0.00900808303349997, 7.706931925038724e-06
census_geographies/2020_tracts.shp, study_areas/definitions/max_city_0659920_march_2020.shp, 1168.828675420629, 0.019853498628000142, 1.6985807283394566e-05
census_geographies/2020_tracts.shp, study_areas/definitions/max_city_0664000_march_2020.shp, 1168.828675420629, 0.02522094380699997, 2.1577964621653086e-05
census_geographies/2020_tracts.shp, study_areas/definitions/max_city_0664224_march_2020.shp, 1168.828675420629, 0.0055197843474999115, 4.722492238234568e-06
census_geographies/2020_tracts.shp, study_areas/definitions/max_city_0666000_march_2020.shp, 1168.828675420629, 0.08570937447750031, 7.33292879272113e-05
census_geographies/2020_tracts.shp, study_areas/definitions/max_city_0668000_march_2020.shp, 1168.828675420629, 0.0372771664749999, 3.1892754908314414e-05
census_geographies/2020_tracts.shp, study_areas/definitions/max_city_0669112_march_2020.shp, 1168.828675420629, 0.003488111725500005, 2.9842797313684405e-06
census_geographies/2020_tracts.shp, study_areas/definitions/max_city_0669196_march_2020.shp, 1168.828675420629, 0.006563590332499965, 5.615528152693475e-06
census_geographies/2020_tracts.shp, study_areas/definitions/max_city_0670098_march_2020.shp, 1168.828675420629, 0.008990801438500057, 7.692146528886723e-06
census_geographies/2020_tracts.shp, study_areas/definitions/max_city_0675000_march_2020.shp, 1168.828675420629, 0.014809727425000068, 1.2670571604234862e-05
census_geographies/2020_tracts.shp, study_areas/definitions/max_city_0681666_march_2020.shp, 1168.828675420629, 0.017155736288500062, 1.4677716802529838e-05
census_geographies/2020_tracts.shp, study_areas/definitions/max_city_0682954_march_2020.shp, 1168.828675420629, 0.011554264029999867, 9.885335869127106e-06
census_geographies/2020_tracts.shp, study_areas/definitions/max_city_0686972_march_2020.shp, 1168.828675420629, 0.0027304247650000754, 2.3360350600719744e-06
census_geographies/2020_tracts.shp, study_areas/definitions/max_city_0807850_march_2020.shp, 1168.828675420629, 0.010521658675500119, 9.001882736760943e-06
census_geographies/2020_tracts.shp, study_areas/definitions/max_city_0816000_march_2020.shp, 1168.828675420629, 0.045294410605999987, 3.875196729726004e-05
census_geographies/2020_tracts.shp, study_areas/definitions/max_city_0820000_march_2020.shp, 1168.828675420629, 0.04212047048749991, 3.6036479403058726e-05
census_geographies/2020_tracts.shp, study_areas/definitions/max_city_0827425_march_2020.shp, 1168.828675420629, 0.011762869658000025, 1.0063809953812858e-05
census_geographies/2020_tracts.shp, study_areas/definitions/max_city_0831660_march_2020.shp, 1168.828675420629, 0.009553462699000015, 8.173535523127021e-06
census_geographies/2020_tracts.shp, study_areas/definitions/max_city_0862000_march_2020.shp, 1168.828675420629, 0.009937494074500003, 8.502096400846579e-06
census_geographies/2020_tracts.shp, study_areas/definitions/max_city_0877290_march_2020.shp, 1168.828675420629, 0.013420434911999988, 1.1481952140821962e-05
census_geographies/2020_tracts.shp, study_areas/definitions/max_city_0908000_march_2020.shp, 1168.828675420629, 0.005399864040500019, 4.61989353448807e-06
census_geographies/2020_tracts.shp, study_areas/definitions/max_city_0937000_march_2020.shp, 1168.828675420629, 0.005063386177999946, 4.332017415792587e-06
census_geographies/2020_tracts.shp, study_areas/definitions/max_city_0952000_march_2020.shp, 1168.828675420629, 0.005901883952999929, 5.049400375872884e-06
census_geographies/2020_tracts.shp, study_areas/definitions/max_city_0956200_march_2020.shp, 1168.828675420629, 0.008219374508500098, 7.032146525274265e-06
census_geographies/2020_tracts.shp, study_areas/definitions/max_city_1021200_march_2020.shp, 1168.828675420629, 0.004380635124500007, 3.747884712807493e-06
census_geographies/2020_tracts.shp, study_areas/definitions/max_city_1150000_march_2020.shp, 1168.828675420629, 0.01838353633650005, 1.572817019558861e-05
census_geographies/2020_tracts.shp, study_areas/definitions/max_city_1207525_march_2020.shp, 1168.828675420629, 0.00945461764100004, 8.088967904211953e-06
census_geographies/2020_tracts.shp, study_areas/definitions/max_city_1210275_march_2020.shp, 1168.828675420629, 0.029791667121999814, 2.5488480688821755e-05
census_geographies/2020_tracts.shp, study_areas/definitions/max_city_1217200_march_2020.shp, 1168.828675420629, 0.006922560584999988, 5.922647801662421e-06
census_geographies/2020_tracts.shp, study_areas/definitions/max_city_1225175_march_2020.shp, 1168.828675420629, 0.01113304327049995, 9.524957339443675e-06
census_geographies/2020_tracts.shp, study_areas/definitions/max_city_1232400_march_2020.shp, 1168.828675420629, 0.006148291051500013, 5.260215787645194e-06
census_geographies/2020_tracts.shp, study_areas/definitions/max_city_1235000_march_2020.shp, 1168.828675420629, 0.2187297012979998, 0.00018713581031821027
census_geographies/2020_tracts.shp, study_areas/definitions/max_city_1238250_march_2020.shp, 1168.828675420629, 0.01579056097100014, 1.3509730983728265e-05
census_geographies/2020_tracts.shp, study_areas/definitions/max_city_1245000_march_2020.shp, 1168.828675420629, 0.010734989257499898, 9.184399290714418e-06
census_geographies/2020_tracts.shp, study_areas/definitions/max_city_1248050_march_2020.shp, 1168.828675420629, 0.007445952607499929, 6.370439709498347e-06
census_geographies/2020_tracts.shp, study_areas/definitions/max_city_1249675_march_2020.shp, 1168.828675420629, 0.01798776132300002, 1.538956196170215e-05
census_geographies/2020_tracts.shp, study_areas/definitions/max_city_1253000_march_2020.shp, 1168.828675420629, 0.02743095719100023, 2.346875788372371e-05
census_geographies/2020_tracts.shp, study_areas/definitions/max_city_1254000_march_2020.shp, 1168.828675420629, 0.01607410321550013, 1.3752317643743217e-05
census_geographies/2020_tracts.shp, study_areas/definitions/max_city_1254700_march_2020.shp, 1168.828675420629, 0.005846040392999721, 5.001623005951572e-06
census_geographies/2020_tracts.shp, study_areas/definitions/max_city_1255925_march_2020.shp, 1168.828675420629, 0.00917147164149991, 7.846720254531189e-06
census_geographies/2020_tracts.shp, study_areas/definitions/max_city_1258715_march_2020.shp, 1168.828675420629, 0.024779392661000096, 2.1200192279747653e-05
census_geographies/2020_tracts.shp, study_areas/definitions/max_city_1264875_march_2020.shp, 1168.828675420629, 0.00512953192449991, 4.388608897410849e-06
census_geographies/2020_tracts.shp, study_areas/definitions/max_city_1270600_march_2020.shp, 1168.828675420629, 0.03777985373850016, 3.2322832706773076e-05
census_geographies/2020_tracts.shp, study_areas/definitions/max_city_1271000_march_2020.shp, 1168.828675420629, 0.03149511077150007, 2.6945874475714633e-05
census_geographies/2020_tracts.shp, study_areas/definitions/max_city_1271625_march_2020.shp, 1168.828675420629, 0.009124134394000054, 7.806220523051876e-06
census_geographies/2020_tracts.shp, study_areas/definitions/max_city_1274200_march_2020.shp, 1168.828675420629, 0.002861557152999982, 2.4482263424707536e-06
census_geographies/2020_tracts.shp, study_areas/definitions/max_city_1301052_march_2020.shp, 1168.828675420629, 0.013834964639499955, 1.1836606108693505e-05
census_geographies/2020_tracts.shp, study_areas/definitions/max_city_1303440_march_2020.shp, 1168.828675420629, 0.027395473223000073, 2.3438399313005562e-05
census_geographies/2020_tracts.shp, study_areas/definitions/max_city_1304000_march_2020.shp, 1168.828675420629, 0.03416629017599973, 2.9231221730339762e-05
census_geographies/2020_tracts.shp, study_areas/definitions/max_city_1304204_march_2020.shp, 1168.828675420629, 0.08244263096700034, 7.053440140603287e-05
census_geographies/2020_tracts.shp, study_areas/definitions/max_city_1311560_march_2020.shp, 1168.828675420629, 0.005768531200999926, 4.935309444666039e-06
census_geographies/2020_tracts.shp, study_areas/definitions/max_city_1319000_march_2020.shp, 1168.828675420629, 0.05493180674050014, 4.699731269061457e-05
census_geographies/2020_tracts.shp, study_areas/definitions/max_city_1321380_march_2020.shp, 1168.828675420629, 0.006008702134999921, 5.140789459873199e-06
census_geographies/2020_tracts.shp, study_areas/definitions/max_city_1331908_march_2020.shp, 1168.828675420629, 0.01139374536849969, 9.748002943544653e-06
census_geographies/2020_tracts.shp, study_areas/definitions/max_city_1338964_march_2020.shp, 1168.828675420629, 0.0036603569754997977, 3.1316454262918702e-06
census_geographies/2020_tracts.shp, study_areas/definitions/max_city_1349008_march_2020.shp, 1168.828675420629, 0.06356288645850018, 5.4381696646538606e-05
census_geographies/2020_tracts.shp, study_areas/definitions/max_city_1366668_march_2020.shp, 1168.828675420629, 0.008996126378500004, 7.696702320605326e-06
census_geographies/2020_tracts.shp, study_areas/definitions/max_city_1369000_march_2020.shp, 1168.828675420629, 0.02569114366199974, 2.198024757799017e-05
census_geographies/2020_tracts.shp, study_areas/definitions/max_city_1378800_march_2020.shp, 1168.828675420629, 0.010356518749999818, 8.86059605465514e-06
census_geographies/2020_tracts.shp, study_areas/definitions/max_city_1522700_march_2020.shp, 1168.828675420629, 0.0074791602249998255, 6.398850731744995e-06
census_geographies/2020_tracts.shp, study_areas/definitions/max_city_1571550_march_2020.shp, 1168.828675420629, 0.015188793592500074, 1.299488446160345e-05
census_geographies/2020_tracts.shp, study_areas/definitions/max_city_1608830_march_2020.shp, 1168.828675420629, 0.02524696393400022, 2.1600226333354236e-05
census_geographies/2020_tracts.shp, study_areas/definitions/max_city_1616750_march_2020.shp, 1168.828675420629, 0.004214946619499953, 3.60612868946179e-06
census_geographies/2020_tracts.shp, study_areas/definitions/max_city_1639700_march_2020.shp, 1168.828675420629, 0.004413694548499977, 3.7761689470115125e-06
census_geographies/2020_tracts.shp, study_areas/definitions/max_city_1646540_march_2020.shp, 1168.828675420629, 0.004835050299500034, 4.136662969669215e-06
census_geographies/2020_tracts.shp, study_areas/definitions/max_city_1664090_march_2020.shp, 1168.828675420629, 0.007608526997499858, 6.509531428771424e-06
census_geographies/2020_tracts.shp, study_areas/definitions/max_city_1682810_march_2020.shp, 1168.828675420629, 0.005923468452499976, 5.067867153728312e-06
census_geographies/2020_tracts.shp, study_areas/definitions/max_city_1706613_march_2020.shp, 1168.828675420629, 0.005385400663999969, 4.607519285973979e-06
census_geographies/2020_tracts.shp, study_areas/definitions/max_city_1711163_march_2020.shp, 1168.828675420629, 0.004099240898000054, 3.5071358054462953e-06
census_geographies/2020_tracts.shp, study_areas/definitions/max_city_1712385_march_2020.shp, 1168.828675420629, 0.00966351594549997, 8.267692390437237e-06
census_geographies/2020_tracts.shp, study_areas/definitions/max_city_1714000_march_2020.shp, 1168.828675420629, 0.06529085105850006, 5.586006951361259e-05
census_geographies/2020_tracts.shp, study_areas/definitions/max_city_1718563_march_2020.shp, 1168.828675420629, 0.001932202064499985, 1.6531097372372723e-06
census_geographies/2020_tracts.shp, study_areas/definitions/max_city_1718823_march_2020.shp, 1168.828675420629, 0.034466163081999755, 2.9487780208332362e-05
census_geographies/2020_tracts.shp, study_areas/definitions/max_city_1738934_march_2020.shp, 1168.828675420629, 0.0023893044700001058, 2.0441870739869224e-06
census_geographies/2020_tracts.shp, study_areas/definitions/max_city_1759000_march_2020.shp, 1168.828675420629, 0.012453084465999948, 1.0654328327047956e-05
census_geographies/2020_tracts.shp, study_areas/definitions/max_city_1765000_march_2020.shp, 1168.828675420629, 0.017829784214999898, 1.5254403480975048e-05
census_geographies/2020_tracts.shp, study_areas/definitions/max_city_1772000_march_2020.shp, 1168.828675420629, 0.01708618597799993, 1.4618212521053256e-05
census_geographies/2020_tracts.shp, study_areas/definitions/max_city_1805860_march_2020.shp, 1168.828675420629, 0.006118111930499954, 5.234395817931328e-06
census_geographies/2020_tracts.shp, study_areas/definitions/max_city_1814734_march_2020.shp, 1168.828675420629, 0.007450933397000032, 6.374701060716745e-06
census_geographies/2020_tracts.shp, study_areas/definitions/max_city_1820728_march_2020.shp, 1168.828675420629, 0.006291404192000057, 5.382657291271499e-06
census_geographies/2020_tracts.shp, study_areas/definitions/max_city_1822000_march_2020.shp, 1168.828675420629, 0.014029531490000007, 1.2003069213673397e-05
census_geographies/2020_tracts.shp, study_areas/definitions/max_city_1825000_march_2020.shp, 1168.828675420629, 0.028664335859500144, 2.4523984106725176e-05
census_geographies/2020_tracts.shp, study_areas/definitions/max_city_1836003_march_2020.shp, 1168.828675420629, 0.10000139703299966, 8.555693330933375e-05
census_geographies/2020_tracts.shp, study_areas/definitions/max_city_1840392_march_2020.shp, 1168.828675420629, 0.009583856492499982, 8.199539157482612e-06
census_geographies/2020_tracts.shp, study_areas/definitions/max_city_1840788_march_2020.shp, 1168.828675420629, 0.006685048017500085, 5.7194421715349526e-06
census_geographies/2020_tracts.shp, study_areas/definitions/max_city_1848798_march_2020.shp, 1168.828675420629, 0.005260817257499992, 4.500931033033365e-06
census_geographies/2020_tracts.shp, study_areas/definitions/max_city_1851876_march_2020.shp, 1168.828675420629, 0.00832190639900004, 7.119868440945989e-06
census_geographies/2020_tracts.shp, study_areas/definitions/max_city_1871000_march_2020.shp, 1168.828675420629, 0.011598902664999926, 9.923526782764636e-06
census_geographies/2020_tracts.shp, study_areas/definitions/max_city_1875428_march_2020.shp, 1168.828675420629, 0.009113262185000014, 7.796918724397658e-06
census_geographies/2020_tracts.shp, study_areas/definitions/max_city_1901855_march_2020.shp, 1168.828675420629, 0.004457270358999998, 3.813450553303674e-06
census_geographies/2020_tracts.shp, study_areas/definitions/max_city_1912000_march_2020.shp, 1168.828675420629, 0.014798748240999924, 1.2661178282329756e-05
census_geographies/2020_tracts.shp, study_areas/definitions/max_city_1919000_march_2020.shp, 1168.828675420629, 0.016052370116999875, 1.37337237309164e-05
census_geographies/2020_tracts.shp, study_areas/definitions/max_city_1921000_march_2020.shp, 1168.828675420629, 0.02170800092049988, 1.8572440407220306e-05
census_geographies/2020_tracts.shp, study_areas/definitions/max_city_1922395_march_2020.shp, 1168.828675420629, 0.012378629914000138, 1.0590628185559713e-05
census_geographies/2020_tracts.shp, study_areas/definitions/max_city_1973335_march_2020.shp, 1168.828675420629, 0.01763601783700007, 1.5088625226150751e-05
census_geographies/2020_tracts.shp, study_areas/definitions/max_city_1982425_march_2020.shp, 1168.828675420629, 0.018177464820999918, 1.5551864189555712e-05
census_geographies/2020_tracts.shp, study_areas/definitions/max_city_2038900_march_2020.shp, 1168.828675420629, 0.013056969946000273, 1.1170987006544336e-05
census_geographies/2020_tracts.shp, study_areas/definitions/max_city_2044250_march_2020.shp, 1168.828675420629, 0.004371973329499974, 3.740474050165326e-06
census_geographies/2020_tracts.shp, study_areas/definitions/max_city_2071000_march_2020.shp, 1168.828675420629, 0.01699190980250017, 1.4537553843282681e-05
census_geographies/2020_tracts.shp, study_areas/definitions/max_city_2079000_march_2020.shp, 1168.828675420629, 0.04117994852749986, 3.523180889849433e-05
census_geographies/2020_tracts.shp, study_areas/definitions/max_city_2108902_march_2020.shp, 1168.828675420629, 0.011731311220000073, 1.0036809899259445e-05
census_geographies/2020_tracts.shp, study_areas/definitions/max_city_2146027_march_2020.shp, 1168.828675420629, 0.07590028215800021, 6.493704659554644e-05
census_geographies/2020_tracts.shp, study_areas/definitions/max_city_2148006_march_2020.shp, 1168.828675420629, 0.07632409607399977, 6.529964371941238e-05
census_geographies/2020_tracts.shp, study_areas/definitions/max_city_2158620_march_2020.shp, 1168.828675420629, 0.0037682464825000016, 3.223951090303217e-06
census_geographies/2020_tracts.shp, study_areas/definitions/max_city_2200975_march_2020.shp, 1168.828675420629, 0.008211502870500095, 7.0254118872853655e-06
census_geographies/2020_tracts.shp, study_areas/definitions/max_city_2205000_march_2020.shp, 1168.828675420629, 0.017973480801999935, 1.537734415656065e-05
census_geographies/2020_tracts.shp, study_areas/definitions/max_city_2232755_march_2020.shp, 1168.828675420629, 0.0017503235415000182, 1.4975022244984923e-06
census_geographies/2020_tracts.shp, study_areas/definitions/max_city_2236255_march_2020.shp, 1168.828675420629, 0.002510992383500038, 2.148298066520657e-06
census_geographies/2020_tracts.shp, study_areas/definitions/max_city_2240735_march_2020.shp, 1168.828675420629, 0.0151209251460001, 1.293681911128549e-05
census_geographies/2020_tracts.shp, study_areas/definitions/max_city_2241155_march_2020.shp, 1168.828675420629, 0.007838244606500015, 6.706068024622384e-06
census_geographies/2020_tracts.shp, study_areas/definitions/max_city_2251410_march_2020.shp, 1168.828675420629, 0.0075334622319999005, 6.4453092146193426e-06
census_geographies/2020_tracts.shp, study_areas/definitions/max_city_2255000_march_2020.shp, 1168.828675420629, 0.08477302243349971, 7.252818502505704e-05
census_geographies/2020_tracts.shp, study_areas/definitions/max_city_2270000_march_2020.shp, 1168.828675420629, 0.02543871160800026, 2.1764277471072117e-05
census_geographies/2020_tracts.shp, study_areas/definitions/max_city_2302795_march_2020.shp, 1168.828675420629, 0.0101960770849999, 8.723329003996772e-06
census_geographies/2020_tracts.shp, study_areas/definitions/max_city_2338740_march_2020.shp, 1168.828675420629, 0.01034290880649989, 8.848951967043215e-06
census_geographies/2020_tracts.shp, study_areas/definitions/max_city_2360545_march_2020.shp, 1168.828675420629, 0.00590836361849992, 5.054944101515703e-06
census_geographies/2020_tracts.shp, study_areas/definitions/max_city_2404000_march_2020.shp, 1168.828675420629, 0.024895140784000083, 2.12992214406795e-05
census_geographies/2020_tracts.shp, study_areas/definitions/max_city_2421325_march_2020.shp, 1168.828675420629, 0.0027600803695000038, 2.3614071313802493e-06
census_geographies/2020_tracts.shp, study_areas/definitions/max_city_2436075_march_2020.shp, 1168.828675420629, 0.0029443005060000448, 2.5190180288317043e-06
census_geographies/2020_tracts.shp, study_areas/definitions/max_city_2446725_march_2020.shp, 1168.828675420629, 0.0017542547815000624, 1.5008656258957325e-06
census_geographies/2020_tracts.shp, study_areas/definitions/max_city_2469925_march_2020.shp, 1168.828675420629, 0.0020188169319999977, 1.7272137264030432e-06
census_geographies/2020_tracts.shp, study_areas/definitions/max_city_2503690_march_2020.shp, 1168.828675420629, 0.01971827570949998, 1.687011631743542e-05
census_geographies/2020_tracts.shp, study_areas/definitions/max_city_2507000_march_2020.shp, 1168.828675420629, 0.030399562135999668, 2.6008569754724498e-05
census_geographies/2020_tracts.shp, study_areas/definitions/max_city_2553960_march_2020.shp, 1168.828675420629, 0.012035393305499985, 1.0296969571839757e-05
census_geographies/2020_tracts.shp, study_areas/definitions/max_city_2567000_march_2020.shp, 1168.828675420629, 0.009326969998000029, 7.979758021117605e-06
census_geographies/2020_tracts.shp, study_areas/definitions/max_city_2582000_march_2020.shp, 1168.828675420629, 0.0108660628840001, 9.296540299278425e-06
census_geographies/2020_tracts.shp, study_areas/definitions/max_city_2603000_march_2020.shp, 1168.828675420629, 0.008538277649999884, 7.304986461704659e-06
census_geographies/2020_tracts.shp, study_areas/definitions/max_city_2605920_march_2020.shp, 1168.828675420629, 0.013046167183000034, 1.1161744622927805e-05
census_geographies/2020_tracts.shp, study_areas/definitions/max_city_2622000_march_2020.shp, 1168.828675420629, 0.04061079260699991, 3.4744863349956065e-05
census_geographies/2020_tracts.shp, study_areas/definitions/max_city_2629000_march_2020.shp, 1168.828675420629, 0.009753368547000004, 8.344566446823388e-06
census_geographies/2020_tracts.shp, study_areas/definitions/max_city_2634000_march_2020.shp, 1168.828675420629, 0.012599140081999992, 1.0779287287305739e-05
census_geographies/2020_tracts.shp, study_areas/definitions/max_city_2641420_march_2020.shp, 1168.828675420629, 0.003074704043500058, 2.6305857378058914e-06
census_geographies/2020_tracts.shp, study_areas/definitions/max_city_2642160_march_2020.shp, 1168.828675420629, 0.007043706224500029, 6.026294847673201e-06
census_geographies/2020_tracts.shp, study_areas/definitions/max_city_2646000_march_2020.shp, 1168.828675420629, 0.012464245814499791, 1.0663877501135275e-05
census_geographies/2020_tracts.shp, study_areas/definitions/max_city_2653780_march_2020.shp, 1168.828675420629, 0.007372863455499975, 6.307907746057553e-06
census_geographies/2020_tracts.shp, study_areas/definitions/max_city_2656320_march_2020.shp, 1168.828675420629, 0.005781764456499936, 4.946631254079422e-06
census_geographies/2020_tracts.shp, study_areas/definitions/max_city_2670520_march_2020.shp, 1168.828675420629, 0.005126259264000108, 4.385808948565802e-06
census_geographies/2020_tracts.shp, study_areas/definitions/max_city_2717000_march_2020.shp, 1168.828675420629, 0.02530259216050014, 2.1647819473110068e-05
census_geographies/2020_tracts.shp, study_areas/definitions/max_city_2739878_march_2020.shp, 1168.828675420629, 0.003433447449500007, 2.9375113065774202e-06
census_geographies/2020_tracts.shp, study_areas/definitions/max_city_2743000_march_2020.shp, 1168.828675420629, 0.016987212099499865, 1.4533534688808553e-05
census_geographies/2020_tracts.shp, study_areas/definitions/max_city_2754880_march_2020.shp, 1168.828675420629, 0.013728338847000117, 1.1745381624950011e-05
census_geographies/2020_tracts.shp, study_areas/definitions/max_city_2756896_march_2020.shp, 1168.828675420629, 0.009511098777000114, 8.137290756985693e-06
census_geographies/2020_tracts.shp, study_areas/definitions/max_city_2829700_march_2020.shp, 1168.828675420629, 0.012742003232000074, 1.0901514909714702e-05
census_geographies/2020_tracts.shp, study_areas/definitions/max_city_2831020_march_2020.shp, 1168.828675420629, 0.012386026757499965, 1.0596956609609683e-05
census_geographies/2020_tracts.shp, study_areas/definitions/max_city_2836000_march_2020.shp, 1168.828675420629, 0.031596612148000205, 2.7032714727527933e-05
census_geographies/2020_tracts.shp, study_areas/definitions/max_city_2911242_march_2020.shp, 1168.828675420629, 0.007144759688999965, 6.11275188506884e-06
census_geographies/2020_tracts.shp, study_areas/definitions/max_city_2915670_march_2020.shp, 1168.828675420629, 0.00895131524549985, 7.658363825030662e-06
census_geographies/2020_tracts.shp, study_areas/definitions/max_city_2937000_march_2020.shp, 1168.828675420629, 0.006142743836500006, 5.255469826909751e-06
census_geographies/2020_tracts.shp, study_areas/definitions/max_city_2937592_march_2020.shp, 1168.828675420629, 0.004613535016000049, 3.947143933938621e-06
census_geographies/2020_tracts.shp, study_areas/definitions/max_city_2938000_march_2020.shp, 1168.828675420629, 0.08684545742549932, 7.430127207843019e-05
census_geographies/2020_tracts.shp, study_areas/definitions/max_city_2964550_march_2020.shp, 1168.828675420629, 0.010158525235000054, 8.691201241571425e-06
census_geographies/2020_tracts.shp, study_areas/definitions/max_city_2965000_march_2020.shp, 1168.828675420629, 0.017739520016000057, 1.5177177279310071e-05
census_geographies/2020_tracts.shp, study_areas/definitions/max_city_2970000_march_2020.shp, 1168.828675420629, 0.019299493597999803, 1.6511824191047033e-05
census_geographies/2020_tracts.shp, study_areas/definitions/max_city_3006550_march_2020.shp, 1168.828675420629, 0.010460706247999855, 8.949734437543071e-06
census_geographies/2020_tracts.shp, study_areas/definitions/max_city_3032800_march_2020.shp, 1168.828675420629, 0.004437262677000021, 3.7963328332984076e-06
census_geographies/2020_tracts.shp, study_areas/definitions/max_city_3050200_march_2020.shp, 1168.828675420629, 0.01349529713199979, 1.1546001065676462e-05
census_geographies/2020_tracts.shp, study_areas/definitions/max_city_3119595_march_2020.shp, 1168.828675420629, 0.007258463550999973, 6.2100320634141294e-06
census_geographies/2020_tracts.shp, study_areas/definitions/max_city_3128000_march_2020.shp, 1168.828675420629, 0.025902109484999995, 2.2160740944928088e-05
census_geographies/2020_tracts.shp, study_areas/definitions/max_city_3137000_march_2020.shp, 1168.828675420629, 0.037702105353000066, 3.2256314501722954e-05
census_geographies/2020_tracts.shp, study_areas/definitions/max_city_3209700_march_2020.shp, 1168.828675420629, 0.04240399056899958, 3.6279047101355174e-05
census_geographies/2020_tracts.shp, study_areas/definitions/max_city_3240000_march_2020.shp, 1168.828675420629, 0.027280371677999984, 2.3339923336653712e-05
census_geographies/2020_tracts.shp, study_areas/definitions/max_city_3260600_march_2020.shp, 1168.828675420629, 0.03503136199100027, 2.997134030647687e-05
census_geographies/2020_tracts.shp, study_areas/definitions/max_city_3345140_march_2020.shp, 1168.828675420629, 0.009986400565499976, 8.543938710184492e-06
census_geographies/2020_tracts.shp, study_areas/definitions/max_city_3454360_march_2020.shp, 1168.828675420629, 0.0035370955245000303, 3.0261881821363834e-06
census_geographies/2020_tracts.shp, study_areas/definitions/max_city_3474000_march_2020.shp, 1168.828675420629, 0.002248347549499956, 1.9235903402958845e-06
census_geographies/2020_tracts.shp, study_areas/definitions/max_city_3476070_march_2020.shp, 1168.828675420629, 0.018701373931999894, 1.6000098496274304e-05
census_geographies/2020_tracts.shp, study_areas/definitions/max_city_3502000_march_2020.shp, 1168.828675420629, 0.03602400515950018, 3.082060349566299e-05
census_geographies/2020_tracts.shp, study_areas/definitions/max_city_3525800_march_2020.shp, 1168.828675420629, 0.011166014062499941, 9.553165743885948e-06
census_geographies/2020_tracts.shp, study_areas/definitions/max_city_3570500_march_2020.shp, 1168.828675420629, 0.01017252048549999, 8.703174981431032e-06
census_geographies/2020_tracts.shp, study_areas/definitions/max_city_3601000_march_2020.shp, 1168.828675420629, 0.006238385430999989, 5.337296698983679e-06
census_geographies/2020_tracts.shp, study_areas/definitions/max_city_3606607_march_2020.shp, 1168.828675420629, 0.003136353471500186, 2.6833303609457557e-06
census_geographies/2020_tracts.shp, study_areas/definitions/max_city_3611000_march_2020.shp, 1168.828675420629, 0.012263672469500114, 1.049227549545425e-05
census_geographies/2020_tracts.shp, study_areas/definitions/max_city_3624229_march_2020.shp, 1168.828675420629, 0.002136040114000035, 1.8275048849493137e-06
census_geographies/2020_tracts.shp, study_areas/definitions/max_city_3629333_march_2020.shp, 1168.828675420629, 0.0011281353390000695, 9.651845156811241e-07
census_geographies/2020_tracts.shp, study_areas/definitions/max_city_3638077_march_2020.shp, 1168.828675420629, 0.0005642593145000459, 4.827562211347909e-07
census_geographies/2020_tracts.shp, study_areas/definitions/max_city_3639853_march_2020.shp, 1168.828675420629, 0.00038927524500000977, 3.3304730897359307e-07
census_geographies/2020_tracts.shp, study_areas/definitions/max_city_3651000_march_2020.shp, 1168.828675420629, 0.13030133684849937, 0.0001114802704524746
census_geographies/2020_tracts.shp, study_areas/definitions/max_city_3659641_march_2020.shp, 1168.828675420629, 0.0016017377720000604, 1.3703785727396186e-06
census_geographies/2020_tracts.shp, study_areas/definitions/max_city_3663000_march_2020.shp, 1168.828675420629, 0.010833011132999995, 9.268262629766072e-06
census_geographies/2020_tracts.shp, study_areas/definitions/max_city_3673000_march_2020.shp, 1168.828675420629, 0.007315525288500113, 6.25885165408648e-06
census_geographies/2020_tracts.shp, study_areas/definitions/max_city_3676540_march_2020.shp, 1168.828675420629, 0.00486173015149998, 4.159489113963069e-06
census_geographies/2020_tracts.shp, study_areas/definitions/max_city_3678608_march_2020.shp, 1168.828675420629, 0.0027269864665000034, 2.333093398413276e-06
census_geographies/2020_tracts.shp, study_areas/definitions/max_city_3702140_march_2020.shp, 1168.828675420629, 0.010273829782000025, 8.789850897782567e-06
census_geographies/2020_tracts.shp, study_areas/definitions/max_city_3709060_march_2020.shp, 1168.828675420629, 0.008531958102999908, 7.299579726626311e-06
census_geographies/2020_tracts.shp, study_areas/definitions/max_city_3712000_march_2020.shp, 1168.828675420629, 0.08212814219699952, 7.026533821771945e-05
census_geographies/2020_tracts.shp, study_areas/definitions/max_city_3722920_march_2020.shp, 1168.828675420629, 0.04084069016599992, 3.494155390335756e-05
census_geographies/2020_tracts.shp, study_areas/definitions/max_city_3726880_march_2020.shp, 1168.828675420629, 0.008407217118999987, 7.192856657092591e-06
census_geographies/2020_tracts.shp, study_areas/definitions/max_city_3728000_march_2020.shp, 1168.828675420629, 0.028505986838499954, 2.4388507433085897e-05
census_geographies/2020_tracts.shp, study_areas/definitions/max_city_3728080_march_2020.shp, 1168.828675420629, 0.00942817346750002, 8.066343396398177e-06
census_geographies/2020_tracts.shp, study_areas/definitions/max_city_3731060_march_2020.shp, 1168.828675420629, 0.0072720523079998775, 6.221658024759589e-06
census_geographies/2020_tracts.shp, study_areas/definitions/max_city_3734200_march_2020.shp, 1168.828675420629, 0.012952230484000059, 1.1081376386782187e-05
census_geographies/2020_tracts.shp, study_areas/definitions/max_city_3746340_march_2020.shp, 1168.828675420629, 0.00827959636050012, 7.083669775230765e-06
census_geographies/2020_tracts.shp, study_areas/definitions/max_city_3755000_march_2020.shp, 1168.828675420629, 0.03753419480249989, 3.211265739094943e-05
census_geographies/2020_tracts.shp, study_areas/definitions/max_city_3757500_march_2020.shp, 1168.828675420629, 0.007211432103500009, 6.169793961381735e-06
census_geographies/2020_tracts.shp, study_areas/definitions/max_city_3774440_march_2020.shp, 1168.828675420629, 0.013984426600499984, 1.196447939255715e-05
census_geographies/2020_tracts.shp, study_areas/definitions/max_city_3775000_march_2020.shp, 1168.828675420629, 0.034773636763000104, 2.9750841585475338e-05
census_geographies/2020_tracts.shp, study_areas/definitions/max_city_3807200_march_2020.shp, 1168.828675420629, 0.005265996291999996, 4.505361994224611e-06
census_geographies/2020_tracts.shp, study_areas/definitions/max_city_3825700_march_2020.shp, 1168.828675420629, 0.01569026318950006, 1.3423920476500605e-05
census_geographies/2020_tracts.shp, study_areas/definitions/max_city_3832060_march_2020.shp, 1168.828675420629, 0.005687820349500005, 4.866256679964766e-06
census_geographies/2020_tracts.shp, study_areas/definitions/max_city_3901000_march_2020.shp, 1168.828675420629, 0.016665726405500066, 1.4258485230525795e-05
census_geographies/2020_tracts.shp, study_areas/definitions/max_city_3912000_march_2020.shp, 1168.828675420629, 0.008685846940499882, 7.431240457352816e-06
census_geographies/2020_tracts.shp, study_areas/definitions/max_city_3915000_march_2020.shp, 1168.828675420629, 0.021364362857499958, 1.827843832614007e-05
census_geographies/2020_tracts.shp, study_areas/definitions/max_city_3916000_march_2020.shp, 1168.828675420629, 0.02304751833649999, 1.97184744190211e-05
census_geographies/2020_tracts.shp, study_areas/definitions/max_city_3918000_march_2020.shp, 1168.828675420629, 0.05603938910299998, 4.794491295555609e-05
census_geographies/2020_tracts.shp, study_areas/definitions/max_city_3921000_march_2020.shp, 1168.828675420629, 0.01957502279150023, 1.674755522613759e-05
census_geographies/2020_tracts.shp, study_areas/definitions/max_city_3943554_march_2020.shp, 1168.828675420629, 0.003330000951500063, 2.8490068917086484e-06
census_geographies/2020_tracts.shp, study_areas/definitions/max_city_3947138_march_2020.shp, 1168.828675420629, 0.007608311477500091, 6.509347039044941e-06
census_geographies/2020_tracts.shp, study_areas/definitions/max_city_3974118_march_2020.shp, 1168.828675420629, 0.011870145223000289, 1.015559035521485e-05
census_geographies/2020_tracts.shp, study_areas/definitions/max_city_3977000_march_2020.shp, 1168.828675420629, 0.023001092791000172, 1.9678754700916897e-05
census_geographies/2020_tracts.shp, study_areas/definitions/max_city_3988000_march_2020.shp, 1168.828675420629, 0.009450922247500004, 8.085806283028502e-06
census_geographies/2020_tracts.shp, study_areas/definitions/max_city_4023950_march_2020.shp, 1168.828675420629, 0.004708040755999998, 4.027999017311673e-06
census_geographies/2020_tracts.shp, study_areas/definitions/max_city_4041850_march_2020.shp, 1168.828675420629, 0.01869647712650008, 1.5995908998187212e-05
census_geographies/2020_tracts.shp, study_areas/definitions/max_city_4055000_march_2020.shp, 1168.828675420629, 0.15740100538099916, 0.00013466559187928453
census_geographies/2020_tracts.shp, study_areas/definitions/max_city_4075000_march_2020.shp, 1168.828675420629, 0.056277462420499635, 4.814859833948456e-05
census_geographies/2020_tracts.shp, study_areas/definitions/max_city_4105800_march_2020.shp, 1168.828675420629, 0.008164014704000125, 6.984783035941621e-06
census_geographies/2020_tracts.shp, study_areas/definitions/max_city_4115800_march_2020.shp, 1168.828675420629, 0.0023190387915000233, 1.9840707541380822e-06
census_geographies/2020_tracts.shp, study_areas/definitions/max_city_4123850_march_2020.shp, 1168.828675420629, 0.012357374287500058, 1.0572442777426711e-05
census_geographies/2020_tracts.shp, study_areas/definitions/max_city_4130550_march_2020.shp, 1168.828675420629, 0.003125473444499961, 2.6740218735437763e-06
census_geographies/2020_tracts.shp, study_areas/definitions/max_city_4147000_march_2020.shp, 1168.828675420629, 0.006552461428000157, 5.606006736309843e-06
census_geographies/2020_tracts.shp, study_areas/definitions/max_city_4159000_march_2020.shp, 1168.828675420629, 0.04536638832999992, 3.881354837027233e-05
census_geographies/2020_tracts.shp, study_areas/definitions/max_city_4164900_march_2020.shp, 1168.828675420629, 0.016585620714999846, 1.4189950215784313e-05
census_geographies/2020_tracts.shp, study_areas/definitions/max_city_4202000_march_2020.shp, 1168.828675420629, 0.004958232393999958, 4.242052319785556e-06
census_geographies/2020_tracts.shp, study_areas/definitions/max_city_4202184_march_2020.shp, 1168.828675420629, 0.002779539199000071, 2.378055276578316e-06
census_geographies/2020_tracts.shp, study_areas/definitions/max_city_4207128_march_2020.shp, 1168.828675420629, 0.0012997070150000372, 1.111973929397573e-06
census_geographies/2020_tracts.shp, study_areas/definitions/max_city_4212536_march_2020.shp, 1168.828675420629, 0.0018896950219999048, 1.6167425232956883e-06
census_geographies/2020_tracts.shp, study_areas/definitions/max_city_4221872_march_2020.shp, 1168.828675420629, 0.0007928742944999884, 6.783494546064716e-07
census_geographies/2020_tracts.shp, study_areas/definitions/max_city_4224000_march_2020.shp, 1168.828675420629, 0.005852551008000145, 5.007193210667914e-06
census_geographies/2020_tracts.shp, study_areas/definitions/max_city_4232448_march_2020.shp, 1168.828675420629, 0.0010069526414999447, 8.615057644248593e-07
census_geographies/2020_tracts.shp, study_areas/definitions/max_city_4232800_march_2020.shp, 1168.828675420629, 0.003253667534500057, 2.783699273402197e-06
census_geographies/2020_tracts.shp, study_areas/definitions/max_city_4238288_march_2020.shp, 1168.828675420629, 0.0015376917070000396, 1.3155834891256985e-06
census_geographies/2020_tracts.shp, study_areas/definitions/max_city_4241216_march_2020.shp, 1168.828675420629, 0.0020113357549999796, 1.7208131502045461e-06
census_geographies/2020_tracts.shp, study_areas/definitions/max_city_4242168_march_2020.shp, 1168.828675420629, 0.0011439783304999984, 9.7873910399085e-07
census_geographies/2020_tracts.shp, study_areas/definitions/max_city_4260000_march_2020.shp, 1168.828675420629, 0.03898349136250019, 3.33526137596437e-05
census_geographies/2020_tracts.shp, study_areas/definitions/max_city_4261000_march_2020.shp, 1168.828675420629, 0.016040304682499996, 1.3723401059378986e-05
census_geographies/2020_tracts.shp, study_areas/definitions/max_city_4263624_march_2020.shp, 1168.828675420629, 0.002777306853000044, 2.3761453764817744e-06
census_geographies/2020_tracts.shp, study_areas/definitions/max_city_4269000_march_2020.shp, 1168.828675420629, 0.007122204742500082, 6.093454834120149e-06
census_geographies/2020_tracts.shp, study_areas/definitions/max_city_4273808_march_2020.shp, 1168.828675420629, 0.0012590920275000106, 1.0772254770759268e-06
census_geographies/2020_tracts.shp, study_areas/definitions/max_city_4285312_march_2020.shp, 1168.828675420629, 0.00263518232099994, 2.2545496841541905e-06
census_geographies/2020_tracts.shp, study_areas/definitions/max_city_4287048_march_2020.shp, 1168.828675420629, 0.0014500449449999563, 1.2405966550043149e-06
census_geographies/2020_tracts.shp, study_areas/definitions/max_city_4459000_march_2020.shp, 1168.828675420629, 0.0057777189750000705, 4.943170112523831e-06
census_geographies/2020_tracts.shp, study_areas/definitions/max_city_4513330_march_2020.shp, 1168.828675420629, 0.028365944521999985, 2.4268693195597608e-05
census_geographies/2020_tracts.shp, study_areas/definitions/max_city_4516000_march_2020.shp, 1168.828675420629, 0.03243452661049999, 2.7749598630293446e-05
census_geographies/2020_tracts.shp, study_areas/definitions/max_city_4525810_march_2020.shp, 1168.828675420629, 0.005577640056000132, 4.771991116656078e-06
census_geographies/2020_tracts.shp, study_areas/definitions/max_city_4530850_march_2020.shp, 1168.828675420629, 0.008033194844499941, 6.872859139607451e-06
census_geographies/2020_tracts.shp, study_areas/definitions/max_city_4534045_march_2020.shp, 1168.828675420629, 0.015028954351000432, 1.2858132818817034e-05
census_geographies/2020_tracts.shp, study_areas/definitions/max_city_4549075_march_2020.shp, 1168.828675420629, 0.005701077761000035, 4.877599156222254e-06
census_geographies/2020_tracts.shp, study_areas/definitions/max_city_4568290_march_2020.shp, 1168.828675420629, 0.005419743984500065, 4.636901967304704e-06
census_geographies/2020_tracts.shp, study_areas/definitions/max_city_4570405_march_2020.shp, 1168.828675420629, 0.007323869078000197, 6.26599024477607e-06
census_geographies/2020_tracts.shp, study_areas/definitions/max_city_4652980_march_2020.shp, 1168.828675420629, 0.024825522295999766, 2.1239658829439437e-05
census_geographies/2020_tracts.shp, study_areas/definitions/max_city_4659020_march_2020.shp, 1168.828675420629, 0.020792923166000152, 1.778953888046711e-05
census_geographies/2020_tracts.shp, study_areas/definitions/max_city_4714000_march_2020.shp, 1168.828675420629, 0.037948142415500055, 3.2466813326464266e-05
census_geographies/2020_tracts.shp, study_areas/definitions/max_city_4715160_march_2020.shp, 1168.828675420629, 0.022248224734500135, 1.90346328785043e-05
census_geographies/2020_tracts.shp, study_areas/definitions/max_city_4715400_march_2020.shp, 1168.828675420629, 0.006025465361999943, 5.155131362456987e-06
census_geographies/2020_tracts.shp, study_areas/definitions/max_city_4737640_march_2020.shp, 1168.828675420629, 0.018299563987999975, 1.5656327033056808e-05
census_geographies/2020_tracts.shp, study_areas/definitions/max_city_4738320_march_2020.shp, 1168.828675420629, 0.012404356312500043, 1.0612638595674476e-05
census_geographies/2020_tracts.shp, study_areas/definitions/max_city_4740000_march_2020.shp, 1168.828675420629, 0.0245242864625, 2.098193428876511e-05
census_geographies/2020_tracts.shp, study_areas/definitions/max_city_4748000_march_2020.shp, 1168.828675420629, 0.08450639677450023, 7.230007147462285e-05
census_geographies/2020_tracts.shp, study_areas/definitions/max_city_4750280_march_2020.shp, 1168.828675420629, 0.002833476403000053, 2.4242016495534415e-06
census_geographies/2020_tracts.shp, study_areas/definitions/max_city_4752006_march_2020.shp, 1168.828675420629, 0.12783464273650022, 0.00010936987209908765
census_geographies/2020_tracts.shp, study_areas/definitions/max_city_4801000_march_2020.shp, 1168.828675420629, 0.05522711303050041, 4.724996416658387e-05
census_geographies/2020_tracts.shp, study_areas/definitions/max_city_4803000_march_2020.shp, 1168.828675420629, 0.03090590232049998, 2.6441772836705777e-05
census_geographies/2020_tracts.shp, study_areas/definitions/max_city_4805000_march_2020.shp, 1168.828675420629, 0.07695864483800022, 6.584253659785079e-05
census_geographies/2020_tracts.shp, study_areas/definitions/max_city_4807000_march_2020.shp, 1168.828675420629, 0.01911468508100006, 1.6353709900316412e-05
census_geographies/2020_tracts.shp, study_areas/definitions/max_city_4810768_march_2020.shp, 1168.828675420629, 0.023660689463999844, 2.0243077502770043e-05
census_geographies/2020_tracts.shp, study_areas/definitions/max_city_4815976_march_2020.shp, 1168.828675420629, 0.008033085208500008, 6.8727653397185205e-06
census_geographies/2020_tracts.shp, study_areas/definitions/max_city_4817000_march_2020.shp, 1168.828675420629, 0.11575005824999951, 9.903081664927863e-05
census_geographies/2020_tracts.shp, study_areas/definitions/max_city_4819000_march_2020.shp, 1168.828675420629, 0.0933744316319996, 7.988718414903428e-05
census_geographies/2020_tracts.shp, study_areas/definitions/max_city_4824000_march_2020.shp, 1168.828675420629, 0.06525579717249994, 5.583007890272386e-05
census_geographies/2020_tracts.shp, study_areas/definitions/max_city_4835000_march_2020.shp, 1168.828675420629, 0.1463274253095, 0.0001251915087186245
census_geographies/2020_tracts.shp, study_areas/definitions/max_city_4839148_march_2020.shp, 1168.828675420629, 0.009777654982999973, 8.365344886393436e-06
census_geographies/2020_tracts.shp, study_areas/definitions/max_city_4841464_march_2020.shp, 1168.828675420629, 0.020738536805000048, 1.7743008227905447e-05
census_geographies/2020_tracts.shp, study_areas/definitions/max_city_4843888_march_2020.shp, 1168.828675420629, 0.010284715254000057, 8.79916404369432e-06
census_geographies/2020_tracts.shp, study_areas/definitions/max_city_4845000_march_2020.shp, 1168.828675420629, 0.03058840218550008, 2.6170133252841495e-05
census_geographies/2020_tracts.shp, study_areas/definitions/max_city_4845384_march_2020.shp, 1168.828675420629, 0.013175217490999962, 1.1272154566415448e-05
census_geographies/2020_tracts.shp, study_areas/definitions/max_city_4848072_march_2020.shp, 1168.828675420629, 0.010531745696500021, 9.010512762026426e-06
census_geographies/2020_tracts.shp, study_areas/definitions/max_city_4853388_march_2020.shp, 1168.828675420629, 0.01287740238200012, 1.1017356651834283e-05
census_geographies/2020_tracts.shp, study_areas/definitions/max_city_4864472_march_2020.shp, 1168.828675420629, 0.01599384270750028, 1.3683650173747268e-05
census_geographies/2020_tracts.shp, study_areas/definitions/max_city_4865000_march_2020.shp, 1168.828675420629, 0.10907280016, 9.33180392077117e-05
census_geographies/2020_tracts.shp, study_areas/definitions/max_city_4867496_march_2020.shp, 1168.828675420629, 0.02091443816550004, 1.7893501935151886e-05
census_geographies/2020_tracts.shp, study_areas/definitions/max_city_4872368_march_2020.shp, 1168.828675420629, 0.0052916915845000086, 4.5273457913715845e-06
census_geographies/2020_tracts.shp, study_areas/definitions/max_city_4874144_march_2020.shp, 1168.828675420629, 0.011467065648999865, 9.810732650679695e-06
census_geographies/2020_tracts.shp, study_areas/definitions/max_city_4875428_march_2020.shp, 1168.828675420629, 0.006279445040999979, 5.372425551366783e-06
census_geographies/2020_tracts.shp, study_areas/definitions/max_city_4876000_march_2020.shp, 1168.828675420629, 0.03351619280999999, 2.86750261307017e-05
census_geographies/2020_tracts.shp, study_areas/definitions/max_city_4879000_march_2020.shp, 1168.828675420629, 0.011232151496500194, 9.609750113683731e-06
census_geographies/2020_tracts.shp, study_areas/definitions/max_city_4945860_march_2020.shp, 1168.828675420629, 0.0028375877614999594, 2.427719152662635e-06
census_geographies/2020_tracts.shp, study_areas/definitions/max_city_4962470_march_2020.shp, 1168.828675420629, 0.008091912736999798, 6.923095665913349e-06
census_geographies/2020_tracts.shp, study_areas/definitions/max_city_4965330_march_2020.shp, 1168.828675420629, 0.01842204354150002, 1.5761115319035476e-05
census_geographies/2020_tracts.shp, study_areas/definitions/max_city_4967000_march_2020.shp, 1168.828675420629, 0.0249347261365, 2.1333088981177404e-05
census_geographies/2020_tracts.shp, study_areas/definitions/max_city_5010675_march_2020.shp, 1168.828675420629, 0.004534065431999869, 3.8791531448081435e-06
census_geographies/2020_tracts.shp, study_areas/definitions/max_city_5107784_march_2020.shp, 1168.828675420629, 0.005496208965499974, 4.702322146162303e-06
census_geographies/2020_tracts.shp, study_areas/definitions/max_city_5114968_march_2020.shp, 1168.828675420629, 0.0027278530635000213, 2.3338348218727116e-06
census_geographies/2020_tracts.shp, study_areas/definitions/max_city_5135624_march_2020.shp, 1168.828675420629, 0.004647176227000076, 3.975925920304519e-06
census_geographies/2020_tracts.shp, study_areas/definitions/max_city_5147672_march_2020.shp, 1168.828675420629, 0.01305304455349996, 1.1167628608018648e-05
census_geographies/2020_tracts.shp, study_areas/definitions/max_city_5167000_march_2020.shp, 1168.828675420629, 0.016518833164000154, 1.4132809633589358e-05
census_geographies/2020_tracts.shp, study_areas/definitions/max_city_5168000_march_2020.shp, 1168.828675420629, 0.011275973566499942, 9.647242409108446e-06
census_geographies/2020_tracts.shp, study_areas/definitions/max_city_5175216_march_2020.shp, 1168.828675420629, 0.005318696933499908, 4.550450417026137e-06
census_geographies/2020_tracts.shp, study_areas/definitions/max_city_5182000_march_2020.shp, 1168.828675420629, 0.13006609073400066, 0.00011127900390294026
census_geographies/2020_tracts.shp, study_areas/definitions/max_city_5186720_march_2020.shp, 1168.828675420629, 0.002487479899499962, 2.1281817872964034e-06
census_geographies/2020_tracts.shp, study_areas/definitions/max_city_5305280_march_2020.shp, 1168.828675420629, 0.006771657720999962, 5.793541742602294e-06
census_geographies/2020_tracts.shp, study_areas/definitions/max_city_5335275_march_2020.shp, 1168.828675420629, 0.008349660151500021, 7.143613368738759e-06
census_geographies/2020_tracts.shp, study_areas/definitions/max_city_5340245_march_2020.shp, 1168.828675420629, 0.004376774752500012, 3.7445819430507486e-06
census_geographies/2020_tracts.shp, study_areas/definitions/max_city_5347560_march_2020.shp, 1168.828675420629, 0.004926145445000052, 4.214600093745364e-06
census_geographies/2020_tracts.shp, study_areas/definitions/max_city_5351300_march_2020.shp, 1168.828675420629, 0.005780940560999923, 4.945926364203482e-06
census_geographies/2020_tracts.shp, study_areas/definitions/max_city_5353545_march_2020.shp, 1168.828675420629, 0.01130649538050003, 9.673355572347792e-06
census_geographies/2020_tracts.shp, study_areas/definitions/max_city_5363000_march_2020.shp, 1168.828675420629, 0.06165764326850007, 5.2751651773354374e-05
census_geographies/2020_tracts.shp, study_areas/definitions/max_city_5367000_march_2020.shp, 1168.828675420629, 0.01795181224850007, 1.5358805465685304e-05
census_geographies/2020_tracts.shp, study_areas/definitions/max_city_5377105_march_2020.shp, 1168.828675420629, 0.0024902805349999446, 2.1305778916689925e-06
census_geographies/2020_tracts.shp, study_areas/definitions/max_city_5380010_march_2020.shp, 1168.828675420629, 0.0070311237814999475, 6.015529845697566e-06
census_geographies/2020_tracts.shp, study_areas/definitions/max_city_5405332_march_2020.shp, 1168.828675420629, 0.002279998122000118, 1.9506692212009686e-06
census_geographies/2020_tracts.shp, study_areas/definitions/max_city_5414600_march_2020.shp, 1168.828675420629, 0.011570445661000007, 9.899180182960625e-06
census_geographies/2020_tracts.shp, study_areas/definitions/max_city_5439460_march_2020.shp, 1168.828675420629, 0.003552737635499998, 3.039570905651734e-06
census_geographies/2020_tracts.shp, study_areas/definitions/max_city_5455756_march_2020.shp, 1168.828675420629, 0.0012330398560000055, 1.0549363494665022e-06
census_geographies/2020_tracts.shp, study_areas/definitions/max_city_5462140_march_2020.shp, 1168.828675420629, 0.00407845439650002, 3.4893517606695413e-06
census_geographies/2020_tracts.shp, study_areas/definitions/max_city_5485156_march_2020.shp, 1168.828675420629, 0.003969847785500036, 3.396432573038472e-06
census_geographies/2020_tracts.shp, study_areas/definitions/max_city_5486452_march_2020.shp, 1168.828675420629, 0.004662350840500076, 3.988908672883325e-06
census_geographies/2020_tracts.shp, study_areas/definitions/max_city_5502375_march_2020.shp, 1168.828675420629, 0.007063062473000016, 6.042855228939533e-06
census_geographies/2020_tracts.shp, study_areas/definitions/max_city_5522300_march_2020.shp, 1168.828675420629, 0.008980190781500245, 7.68306850297673e-06
census_geographies/2020_tracts.shp, study_areas/definitions/max_city_5526275_march_2020.shp, 1168.828675420629, 0.00504994128500005, 4.320514538354149e-06
census_geographies/2020_tracts.shp, study_areas/definitions/max_city_5531000_march_2020.shp, 1168.828675420629, 0.016796961485999847, 1.4370764372250782e-05
census_geographies/2020_tracts.shp, study_areas/definitions/max_city_5537825_march_2020.shp, 1168.828675420629, 0.010106743342000067, 8.646898860829994e-06
census_geographies/2020_tracts.shp, study_areas/definitions/max_city_5540775_march_2020.shp, 1168.828675420629, 0.005072104508999979, 4.3394764482268285e-06
census_geographies/2020_tracts.shp, study_areas/definitions/max_city_5548000_march_2020.shp, 1168.828675420629, 0.02855038134949981, 2.4426489484633256e-05
census_geographies/2020_tracts.shp, study_areas/definitions/max_city_5553000_march_2020.shp, 1168.828675420629, 0.02759942951450016, 2.361289562353344e-05
census_geographies/2020_tracts.shp, study_areas/definitions/max_city_5566000_march_2020.shp, 1168.828675420629, 0.004712413375999995, 4.031740044625555e-06
census_geographies/2020_tracts.shp, study_areas/definitions/max_city_5572975_march_2020.shp, 1168.828675420629, 0.004901628593499967, 4.193624520493568e-06
census_geographies/2020_tracts.shp, study_areas/definitions/max_city_5584475_march_2020.shp, 1168.828675420629, 0.0038817198324999722, 3.321034052405541e-06
census_geographies/2020_tracts.shp, study_areas/definitions/max_city_5613150_march_2020.shp, 1168.828675420629, 0.006221651242000026, 5.32297964007516e-06
census_geographies/2020_tracts.shp, study_areas/definitions/max_city_5613900_march_2020.shp, 1168.828675420629, 0.007586000018499804, 6.490258305623631e-06
census_geographies/2020_tracts.shp, study_areas/definitions/max_city_7203368_march_2020.shp, 1168.828675420629, 0.004921175790499899, 4.210348269158356e-06
census_geographies/2020_tracts.shp, study_areas/definitions/max_city_7232221_march_2020.shp, 1168.828675420629, 0.0006283487955000242, 5.37588449627914e-07
census_geographies/2020_tracts.shp, study_areas/definitions/max_city_7252431_march_2020.shp, 1168.828675420629, 0.0036951867115001154, 3.1614442639938827e-06
census_geographies/2020_tracts.shp, study_areas/definitions/max_city_7263820_march_2020.shp, 1168.828675420629, 0.007749858116000157, 6.630448310323323e-06
census_geographies/2020_tracts.shp, study_areas/definitions/max_city_7276770_march_2020.shp, 1168.828675420629, 0.009925987938500087, 8.492252241268807e-06
census_geographies/2020_tracts.shp, study_areas/definitions/max_city_7288035_march_2020.shp, 1168.828675420629, 0.0006022272949999982, 5.152400070808267e-07
census_geographies/2010_tracts.shp, study_areas/definitions/max_city_0107000_march_2020.shp, 1167.3652671522025, 0.031055772908500007, 2.6603303852153175e-05
census_geographies/2010_tracts.shp, study_areas/definitions/max_city_0121184_march_2020.shp, 1167.3652671522025, 0.021576755725500062, 1.8483294246141777e-05
census_geographies/2010_tracts.shp, study_areas/definitions/max_city_0126896_march_2020.shp, 1167.3652671522025, 0.0038886041984999608, 3.3310946521359537e-06
census_geographies/2010_tracts.shp, study_areas/definitions/max_city_0128696_march_2020.shp, 1167.3652671522025, 0.009639544429499955, 8.257522046219266e-06
census_geographies/2010_tracts.shp, study_areas/definitions/max_city_0137000_march_2020.shp, 1167.3652671522025, 0.03506904153200006, 3.0041189779058e-05
census_geographies/2010_tracts.shp, study_areas/definitions/max_city_0150000_march_2020.shp, 1167.3652671522025, 0.03493299170199992, 2.9924645425865077e-05
census_geographies/2010_tracts.shp, study_areas/definitions/max_city_0151000_march_2020.shp, 1167.3652671522025, 0.03323769248650013, 2.84724014168965e-05
census_geographies/2010_tracts.shp, study_areas/definitions/max_city_0157576_march_2020.shp, 1167.3652671522025, 0.005592468785500012, 4.790676014494493e-06
census_geographies/2010_tracts.shp, study_areas/definitions/max_city_0177256_march_2020.shp, 1167.3652671522025, 0.014861473501499986, 1.2730782660473252e-05
census_geographies/2010_tracts.shp, study_areas/definitions/max_city_0203000_march_2020.shp, 1167.3652671522025, 0.8463470898194985, 0.0007250062286709707
census_geographies/2010_tracts.shp, study_areas/definitions/max_city_0224230_march_2020.shp, 1167.3652671522025, 0.0041620435234998, 3.5653309556255175e-06
census_geographies/2010_tracts.shp, study_areas/definitions/max_city_0423620_march_2020.shp, 1167.3652671522025, 0.017302688480499987, 1.4822000420408296e-05
census_geographies/2010_tracts.shp, study_areas/definitions/max_city_0454050_march_2020.shp, 1167.3652671522025, 0.041669890604999836, 3.569567450525052e-05
census_geographies/2010_tracts.shp, study_areas/definitions/max_city_0455000_march_2020.shp, 1167.3652671522025, 0.12129594822150001, 0.00010390573681997796
census_geographies/2010_tracts.shp, study_areas/definitions/max_city_0466820_march_2020.shp, 1167.3652671522025, 0.03564490121000012, 3.053448840135201e-05
census_geographies/2010_tracts.shp, study_areas/definitions/max_city_0477000_march_2020.shp, 1167.3652671522025, 0.050240420833000204, 4.3037447015673285e-05
census_geographies/2010_tracts.shp, study_areas/definitions/max_city_0485540_march_2020.shp, 1167.3652671522025, 0.012986032776499899, 1.1124224047010955e-05
census_geographies/2010_tracts.shp, study_areas/definitions/max_city_0523290_march_2020.shp, 1167.3652671522025, 0.007741748270000024, 6.631813098984935e-06
census_geographies/2010_tracts.shp, study_areas/definitions/max_city_0524550_march_2020.shp, 1167.3652671522025, 0.01962727030149995, 1.681330672907619e-05
census_geographies/2010_tracts.shp, study_areas/definitions/max_city_0533400_march_2020.shp, 1167.3652671522025, 0.008213636603500009, 7.036046758130165e-06
census_geographies/2010_tracts.shp, study_areas/definitions/max_city_0535710_march_2020.shp, 1167.3652671522025, 0.013722494831500108, 1.1755099468546166e-05
census_geographies/2010_tracts.shp, study_areas/definitions/max_city_0541000_march_2020.shp, 1167.3652671522025, 0.026280245242999847, 2.2512444033143737e-05
census_geographies/2010_tracts.shp, study_areas/definitions/max_city_0555310_march_2020.shp, 1167.3652671522025, 0.006101616339999854, 5.2268270366522026e-06
census_geographies/2010_tracts.shp, study_areas/definitions/max_city_0602000_march_2020.shp, 1167.3652671522025, 0.01050768308899997, 9.001195585194642e-06
census_geographies/2010_tracts.shp, study_areas/definitions/max_city_0603526_march_2020.shp, 1167.3652671522025, 0.02501106266050006, 2.14252242757871e-05
census_geographies/2010_tracts.shp, study_areas/definitions/max_city_0613014_march_2020.shp, 1167.3652671522025, 0.004960398364499932, 4.249225588663321e-06
census_geographies/2010_tracts.shp, study_areas/definitions/max_city_0621782_march_2020.shp, 1167.3652671522025, 0.0028048825784999553, 2.4027463018001984e-06
census_geographies/2010_tracts.shp, study_areas/definitions/max_city_0627000_march_2020.shp, 1167.3652671522025, 0.035094049603000145, 3.0062612440588008e-05
census_geographies/2010_tracts.shp, study_areas/definitions/max_city_0644000_march_2020.shp, 1167.3652671522025, 0.1218001206710003, 0.00010433762601840359
census_geographies/2010_tracts.shp, study_areas/definitions/max_city_0646898_march_2020.shp, 1167.3652671522025, 0.006134915881499937, 5.255352419783841e-06
census_geographies/2010_tracts.shp, study_areas/definitions/max_city_0648354_march_2020.shp, 1167.3652671522025, 0.009490620185499921, 8.12994908496153e-06
census_geographies/2010_tracts.shp, study_areas/definitions/max_city_0659920_march_2020.shp, 1167.3652671522025, 0.01775119649300009, 1.5206205797354486e-05
census_geographies/2010_tracts.shp, study_areas/definitions/max_city_0664000_march_2020.shp, 1167.3652671522025, 0.024427071257500037, 2.0924959774664263e-05
census_geographies/2010_tracts.shp, study_areas/definitions/max_city_0664224_march_2020.shp, 1167.3652671522025, 0.005509116566999811, 4.719274011329246e-06
census_geographies/2010_tracts.shp, study_areas/definitions/max_city_0666000_march_2020.shp, 1167.3652671522025, 0.08110717390850031, 6.947883082590075e-05
census_geographies/2010_tracts.shp, study_areas/definitions/max_city_0668000_march_2020.shp, 1167.3652671522025, 0.03693443699850002, 3.163914332366757e-05
census_geographies/2010_tracts.shp, study_areas/definitions/max_city_0669112_march_2020.shp, 1167.3652671522025, 0.003511665281500082, 3.0081975027977486e-06
census_geographies/2010_tracts.shp, study_areas/definitions/max_city_0669196_march_2020.shp, 1167.3652671522025, 0.006661934746499963, 5.706812540989685e-06
census_geographies/2010_tracts.shp, study_areas/definitions/max_city_0670098_march_2020.shp, 1167.3652671522025, 0.007676190531999939, 6.575654379992024e-06
census_geographies/2010_tracts.shp, study_areas/definitions/max_city_0675000_march_2020.shp, 1167.3652671522025, 0.014321938968499976, 1.2268601243755065e-05
census_geographies/2010_tracts.shp, study_areas/definitions/max_city_0681666_march_2020.shp, 1167.3652671522025, 0.017188843525999906, 1.4724477427645449e-05
census_geographies/2010_tracts.shp, study_areas/definitions/max_city_0682954_march_2020.shp, 1167.3652671522025, 0.012055492705999924, 1.032709559314661e-05
census_geographies/2010_tracts.shp, study_areas/definitions/max_city_0686972_march_2020.shp, 1167.3652671522025, 0.0027269354220000553, 2.3359744363925076e-06
census_geographies/2010_tracts.shp, study_areas/definitions/max_city_0807850_march_2020.shp, 1167.3652671522025, 0.010506913852500055, 9.000536634203415e-06
census_geographies/2010_tracts.shp, study_areas/definitions/max_city_0816000_march_2020.shp, 1167.3652671522025, 0.04249759619550027, 3.640471186809722e-05
census_geographies/2010_tracts.shp, study_areas/definitions/max_city_0820000_march_2020.shp, 1167.3652671522025, 0.042094767159500106, 3.605963646853281e-05
census_geographies/2010_tracts.shp, study_areas/definitions/max_city_0827425_march_2020.shp, 1167.3652671522025, 0.011782800761000032, 1.0093499517716742e-05
census_geographies/2010_tracts.shp, study_areas/definitions/max_city_0831660_march_2020.shp, 1167.3652671522025, 0.010602183589499988, 9.082147540130353e-06
census_geographies/2010_tracts.shp, study_areas/definitions/max_city_0862000_march_2020.shp, 1167.3652671522025, 0.009556916315500083, 8.186740332624648e-06
census_geographies/2010_tracts.shp, study_areas/definitions/max_city_0877290_march_2020.shp, 1167.3652671522025, 0.015251942345499907, 1.3065269949916492e-05
census_geographies/2010_tracts.shp, study_areas/definitions/max_city_0908000_march_2020.shp, 1167.3652671522025, 0.005376109510500031, 4.605336188916342e-06
census_geographies/2010_tracts.shp, study_areas/definitions/max_city_0937000_march_2020.shp, 1167.3652671522025, 0.005063400434499966, 4.337460242287468e-06
census_geographies/2010_tracts.shp, study_areas/definitions/max_city_0952000_march_2020.shp, 1167.3652671522025, 0.005824726265999938, 4.989634718368319e-06
census_geographies/2010_tracts.shp, study_areas/definitions/max_city_0956200_march_2020.shp, 1167.3652671522025, 0.008219367902500089, 7.040956360258436e-06
census_geographies/2010_tracts.shp, study_areas/definitions/max_city_1021200_march_2020.shp, 1167.3652671522025, 0.004610862089499922, 3.949802361987486e-06
census_geographies/2010_tracts.shp, study_areas/definitions/max_city_1150000_march_2020.shp, 1167.3652671522025, 0.018380812180000056, 1.5745553424627925e-05
census_geographies/2010_tracts.shp, study_areas/definitions/max_city_1207525_march_2020.shp, 1167.3652671522025, 0.009519790028500102, 8.154936844852092e-06
census_geographies/2010_tracts.shp, study_areas/definitions/max_city_1210275_march_2020.shp, 1167.3652671522025, 0.029700560756499888, 2.5442388592693578e-05
census_geographies/2010_tracts.shp, study_areas/definitions/max_city_1217200_march_2020.shp, 1167.3652671522025, 0.007986249755499959, 6.841260383720755e-06
census_geographies/2010_tracts.shp, study_areas/definitions/max_city_1225175_march_2020.shp, 1167.3652671522025, 0.011157160770000217, 9.55755759053737e-06
census_geographies/2010_tracts.shp, study_areas/definitions/max_city_1232400_march_2020.shp, 1167.3652671522025, 0.005276873268999949, 4.520327456609126e-06
census_geographies/2010_tracts.shp, study_areas/definitions/max_city_1235000_march_2020.shp, 1167.3652671522025, 0.21872906058400005, 0.00018736985478212098
census_geographies/2010_tracts.shp, study_areas/definitions/max_city_1238250_march_2020.shp, 1167.3652671522025, 0.016202875624000034, 1.3879867835649323e-05
census_geographies/2010_tracts.shp, study_areas/definitions/max_city_1245000_march_2020.shp, 1167.3652671522025, 0.010772097123999933, 9.227700555352786e-06
census_geographies/2010_tracts.shp, study_areas/definitions/max_city_1248050_march_2020.shp, 1167.3652671522025, 0.010568446271000032, 9.053247144128116e-06
census_geographies/2010_tracts.shp, study_areas/definitions/max_city_1249675_march_2020.shp, 1167.3652671522025, 0.016361236070999895, 1.4015524130603328e-05
census_geographies/2010_tracts.shp, study_areas/definitions/max_city_1253000_march_2020.shp, 1167.3652671522025, 0.026600310751000143, 2.2786621719431337e-05
census_geographies/2010_tracts.shp, study_areas/definitions/max_city_1254000_march_2020.shp, 1167.3652671522025, 0.016062539694500125, 1.3759651881441383e-05
census_geographies/2010_tracts.shp, study_areas/definitions/max_city_1254700_march_2020.shp, 1167.3652671522025, 0.005855505321499728, 5.0160009778124405e-06
census_geographies/2010_tracts.shp, study_areas/definitions/max_city_1255925_march_2020.shp, 1167.3652671522025, 0.00923460536800003, 7.910639135707651e-06
census_geographies/2010_tracts.shp, study_areas/definitions/max_city_1258715_march_2020.shp, 1167.3652671522025, 0.027367820708000114, 2.3444093702362883e-05
census_geographies/2010_tracts.shp, study_areas/definitions/max_city_1264875_march_2020.shp, 1167.3652671522025, 0.0063042916659999, 5.400444782273909e-06
census_geographies/2010_tracts.shp, study_areas/definitions/max_city_1270600_march_2020.shp, 1167.3652671522025, 0.029689073366500025, 2.5432548150868642e-05
census_geographies/2010_tracts.shp, study_areas/definitions/max_city_1271000_march_2020.shp, 1167.3652671522025, 0.0316655177565003, 2.712562952446632e-05
census_geographies/2010_tracts.shp, study_areas/definitions/max_city_1271625_march_2020.shp, 1167.3652671522025, 0.01055729021799998, 9.043690535486446e-06
census_geographies/2010_tracts.shp, study_areas/definitions/max_city_1274200_march_2020.shp, 1167.3652671522025, 0.0038416781375000416, 3.2908963848751885e-06
census_geographies/2010_tracts.shp, study_areas/definitions/max_city_1301052_march_2020.shp, 1167.3652671522025, 0.014764329387999958, 1.2647566107579735e-05
census_geographies/2010_tracts.shp, study_areas/definitions/max_city_1303440_march_2020.shp, 1167.3652671522025, 0.02739487125500008, 2.3467266009918304e-05
census_geographies/2010_tracts.shp, study_areas/definitions/max_city_1304000_march_2020.shp, 1167.3652671522025, 0.034194757418499803, 2.9292251860395166e-05
census_geographies/2010_tracts.shp, study_areas/definitions/max_city_1304204_march_2020.shp, 1167.3652671522025, 0.08244409124500003, 7.062407419926334e-05
census_geographies/2010_tracts.shp, study_areas/definitions/max_city_1311560_march_2020.shp, 1167.3652671522025, 0.00489944443049996, 4.197010625861943e-06
census_geographies/2010_tracts.shp, study_areas/definitions/max_city_1319000_march_2020.shp, 1167.3652671522025, 0.05493071123050004, 4.7055290041739875e-05
census_geographies/2010_tracts.shp, study_areas/definitions/max_city_1321380_march_2020.shp, 1167.3652671522025, 0.0038638779924999415, 3.3099134445946852e-06
census_geographies/2010_tracts.shp, study_areas/definitions/max_city_1331908_march_2020.shp, 1167.3652671522025, 0.005404111807999882, 4.6293237944137735e-06
census_geographies/2010_tracts.shp, study_areas/definitions/max_city_1338964_march_2020.shp, 1167.3652671522025, 0.00363546787699988, 3.1142505086421107e-06
census_geographies/2010_tracts.shp, study_areas/definitions/max_city_1349008_march_2020.shp, 1167.3652671522025, 0.06367755727700035, 5.4548099955331284e-05
census_geographies/2010_tracts.shp, study_areas/definitions/max_city_1366668_march_2020.shp, 1167.3652671522025, 0.006823692596499987, 5.845379152959076e-06
census_geographies/2010_tracts.shp, study_areas/definitions/max_city_1369000_march_2020.shp, 1167.3652671522025, 0.029569950733499776, 2.5330504140864088e-05
census_geographies/2010_tracts.shp, study_areas/definitions/max_city_1378800_march_2020.shp, 1167.3652671522025, 0.01018580312300005, 8.725463579919937e-06
census_geographies/2010_tracts.shp, study_areas/definitions/max_city_1522700_march_2020.shp, 1167.3652671522025, 0.0010220211659999364, 8.75493896176272e-07
census_geographies/2010_tracts.shp, study_areas/definitions/max_city_1571550_march_2020.shp, 1167.3652671522025, 0.015188615415500102, 1.3011022207772945e-05
census_geographies/2010_tracts.shp, study_areas/definitions/max_city_1608830_march_2020.shp, 1167.3652671522025, 0.024701026199500313, 2.1159637771096855e-05
census_geographies/2010_tracts.shp, study_areas/definitions/max_city_1616750_march_2020.shp, 1167.3652671522025, 0.0033081296999998865, 2.8338428365871266e-06
census_geographies/2010_tracts.shp, study_areas/definitions/max_city_1639700_march_2020.shp, 1167.3652671522025, 0.004410815498000008, 3.778436468955625e-06
census_geographies/2010_tracts.shp, study_areas/definitions/max_city_1646540_march_2020.shp, 1167.3652671522025, 0.004835445973000072, 4.142187633178588e-06
census_geographies/2010_tracts.shp, study_areas/definitions/max_city_1664090_march_2020.shp, 1167.3652671522025, 0.007023653016999766, 6.016671229335123e-06
census_geographies/2010_tracts.shp, study_areas/definitions/max_city_1682810_march_2020.shp, 1167.3652671522025, 0.0055840257710000115, 4.783443475770261e-06
census_geographies/2010_tracts.shp, study_areas/definitions/max_city_1706613_march_2020.shp, 1167.3652671522025, 0.005407521766499998, 4.632244866845913e-06
census_geographies/2010_tracts.shp, study_areas/definitions/max_city_1711163_march_2020.shp, 1167.3652671522025, 0.0013329521070000923, 1.1418466391858997e-06
census_geographies/2010_tracts.shp, study_areas/definitions/max_city_1712385_march_2020.shp, 1167.3652671522025, 0.009652074045499953, 8.26825529000556e-06
census_geographies/2010_tracts.shp, study_areas/definitions/max_city_1714000_march_2020.shp, 1167.3652671522025, 0.06528238243000006, 5.592284117657277e-05
census_geographies/2010_tracts.shp, study_areas/definitions/max_city_1718563_march_2020.shp, 1167.3652671522025, 0.0019335823164999876, 1.656364439569954e-06
census_geographies/2010_tracts.shp, study_areas/definitions/max_city_1718823_march_2020.shp, 1167.3652671522025, 0.034946679619999844, 2.9936370905785614e-05
census_geographies/2010_tracts.shp, study_areas/definitions/max_city_1738934_march_2020.shp, 1167.3652671522025, 0.0023874002405001285, 2.0451184455095293e-06
census_geographies/2010_tracts.shp, study_areas/definitions/max_city_1759000_march_2020.shp, 1167.3652671522025, 0.013233593833000015, 1.1336292251767503e-05
census_geographies/2010_tracts.shp, study_areas/definitions/max_city_1765000_march_2020.shp, 1167.3652671522025, 0.01631983393499993, 1.3980057822700434e-05
census_geographies/2010_tracts.shp, study_areas/definitions/max_city_1772000_march_2020.shp, 1167.3652671522025, 0.017093877562000058, 1.4643126742755263e-05
census_geographies/2010_tracts.shp, study_areas/definitions/max_city_1805860_march_2020.shp, 1167.3652671522025, 0.004192260079999976, 3.591215361604025e-06
census_geographies/2010_tracts.shp, study_areas/definitions/max_city_1814734_march_2020.shp, 1167.3652671522025, 0.00692887694700005, 5.9354832133245705e-06
census_geographies/2010_tracts.shp, study_areas/definitions/max_city_1820728_march_2020.shp, 1167.3652671522025, 0.00800158065100007, 6.854393287304147e-06
census_geographies/2010_tracts.shp, study_areas/definitions/max_city_1822000_march_2020.shp, 1167.3652671522025, 0.01372708647300003, 1.1759032805976294e-05
census_geographies/2010_tracts.shp, study_areas/definitions/max_city_1825000_march_2020.shp, 1167.3652671522025, 0.028605857404500043, 2.450463296229832e-05
census_geographies/2010_tracts.shp, study_areas/definitions/max_city_1836003_march_2020.shp, 1167.3652671522025, 0.09878228971549965, 8.461986363229728e-05
census_geographies/2010_tracts.shp, study_areas/definitions/max_city_1840392_march_2020.shp, 1167.3652671522025, 0.009583849071499971, 8.20981173688665e-06
census_geographies/2010_tracts.shp, study_areas/definitions/max_city_1840788_march_2020.shp, 1167.3652671522025, 0.007484704265500144, 6.411621517367177e-06
census_geographies/2010_tracts.shp, study_areas/definitions/max_city_1848798_march_2020.shp, 1167.3652671522025, 0.005261642979, 4.507280734705962e-06
census_geographies/2010_tracts.shp, study_areas/definitions/max_city_1851876_march_2020.shp, 1167.3652671522025, 0.00832034405950005, 7.127455556218149e-06
census_geographies/2010_tracts.shp, study_areas/definitions/max_city_1871000_march_2020.shp, 1167.3652671522025, 0.012531244399000035, 1.073463872158036e-05
census_geographies/2010_tracts.shp, study_areas/definitions/max_city_1875428_march_2020.shp, 1167.3652671522025, 0.006645923978500009, 5.693097238290117e-06
census_geographies/2010_tracts.shp, study_areas/definitions/max_city_1901855_march_2020.shp, 1167.3652671522025, 0.004218633634499967, 3.613807737137288e-06
census_geographies/2010_tracts.shp, study_areas/definitions/max_city_1912000_march_2020.shp, 1167.3652671522025, 0.016160376335999913, 1.384346167453079e-05
census_geographies/2010_tracts.shp, study_areas/definitions/max_city_1919000_march_2020.shp, 1167.3652671522025, 0.016066698256999926, 1.3763214230448e-05
census_geographies/2010_tracts.shp, study_areas/definitions/max_city_1921000_march_2020.shp, 1167.3652671522025, 0.026374147808499903, 2.259288377907616e-05
census_geographies/2010_tracts.shp, study_areas/definitions/max_city_1922395_march_2020.shp, 1167.3652671522025, 0.011722645683000129, 1.004196887885625e-05
census_geographies/2010_tracts.shp, study_areas/definitions/max_city_1973335_march_2020.shp, 1167.3652671522025, 0.01761170590650013, 1.5086713989241805e-05
census_geographies/2010_tracts.shp, study_areas/definitions/max_city_1982425_march_2020.shp, 1167.3652671522025, 0.018095010622499855, 1.550072726306376e-05
census_geographies/2010_tracts.shp, study_areas/definitions/max_city_2038900_march_2020.shp, 1167.3652671522025, 0.013063804355500266, 1.1190845507481585e-05
census_geographies/2010_tracts.shp, study_areas/definitions/max_city_2044250_march_2020.shp, 1167.3652671522025, 0.008647780938999925, 7.407947779786408e-06
census_geographies/2010_tracts.shp, study_areas/definitions/max_city_2071000_march_2020.shp, 1167.3652671522025, 0.015790280136500186, 1.3526426201646987e-05
census_geographies/2010_tracts.shp, study_areas/definitions/max_city_2079000_march_2020.shp, 1167.3652671522025, 0.04472806607999986, 3.8315399077372204e-05
census_geographies/2010_tracts.shp, study_areas/definitions/max_city_2108902_march_2020.shp, 1167.3652671522025, 0.011729102497500097, 1.004749997925957e-05
census_geographies/2010_tracts.shp, study_areas/definitions/max_city_2146027_march_2020.shp, 1167.3652671522025, 0.07590368337499968, 6.5021365215163e-05
census_geographies/2010_tracts.shp, study_areas/definitions/max_city_2148006_march_2020.shp, 1167.3652671522025, 0.07343596672250009, 6.290744532912801e-05
census_geographies/2010_tracts.shp, study_areas/definitions/max_city_2158620_march_2020.shp, 1167.3652671522025, 0.004162752143999983, 3.5659379811385454e-06
census_geographies/2010_tracts.shp, study_areas/definitions/max_city_2200975_march_2020.shp, 1167.3652671522025, 0.005632931910499954, 4.825337937491955e-06
census_geographies/2010_tracts.shp, study_areas/definitions/max_city_2205000_march_2020.shp, 1167.3652671522025, 0.019769249756499956, 1.6934930576380098e-05
census_geographies/2010_tracts.shp, study_areas/definitions/max_city_2232755_march_2020.shp, 1167.3652671522025, 0.0028310807624999344, 2.4251884497183818e-06
census_geographies/2010_tracts.shp, study_areas/definitions/max_city_2236255_march_2020.shp, 1167.3652671522025, 0.0019711893080000056, 1.6885797131935737e-06
census_geographies/2010_tracts.shp, study_areas/definitions/max_city_2240735_march_2020.shp, 1167.3652671522025, 0.017946848783000076, 1.5373807400302022e-05
census_geographies/2010_tracts.shp, study_areas/definitions/max_city_2241155_march_2020.shp, 1167.3652671522025, 0.006628237017500058, 5.677946058537187e-06
census_geographies/2010_tracts.shp, study_areas/definitions/max_city_2251410_march_2020.shp, 1167.3652671522025, 0.007533408155999911, 6.4533427265466995e-06
census_geographies/2010_tracts.shp, study_areas/definitions/max_city_2255000_march_2020.shp, 1167.3652671522025, 0.08486281150599963, 7.269602231101425e-05
census_geographies/2010_tracts.shp, study_areas/definitions/max_city_2270000_march_2020.shp, 1167.3652671522025, 0.02593858333200001, 2.2219766222167466e-05
census_geographies/2010_tracts.shp, study_areas/definitions/max_city_2302795_march_2020.shp, 1167.3652671522025, 0.01019588674399988, 8.734101511237209e-06
census_geographies/2010_tracts.shp, study_areas/definitions/max_city_2338740_march_2020.shp, 1167.3652671522025, 0.01034290389099987, 8.860040796169541e-06
census_geographies/2010_tracts.shp, study_areas/definitions/max_city_2360545_march_2020.shp, 1167.3652671522025, 0.0059074694854999235, 5.060515034776772e-06
census_geographies/2010_tracts.shp, study_areas/definitions/max_city_2404000_march_2020.shp, 1167.3652671522025, 0.024895507466500065, 2.132623624072084e-05
census_geographies/2010_tracts.shp, study_areas/definitions/max_city_2421325_march_2020.shp, 1167.3652671522025, 0.0027878105525000058, 2.388121893759006e-06
census_geographies/2010_tracts.shp, study_areas/definitions/max_city_2436075_march_2020.shp, 1167.3652671522025, 0.0029451766204999998, 2.5229263739230337e-06
census_geographies/2010_tracts.shp, study_areas/definitions/max_city_2469925_march_2020.shp, 1167.3652671522025, 0.0020195642979999764, 1.7300191763686106e-06
census_geographies/2010_tracts.shp, study_areas/definitions/max_city_2503690_march_2020.shp, 1167.3652671522025, 0.019817680732500034, 1.6976417998837188e-05
census_geographies/2010_tracts.shp, study_areas/definitions/max_city_2507000_march_2020.shp, 1167.3652671522025, 0.030464121210499726, 2.609647731323822e-05
census_geographies/2010_tracts.shp, study_areas/definitions/max_city_2553960_march_2020.shp, 1167.3652671522025, 0.012036112818999986, 1.0310494202352093e-05
census_geographies/2010_tracts.shp, study_areas/definitions/max_city_2567000_march_2020.shp, 1167.3652671522025, 0.009324838943999998, 7.987935915506568e-06
census_geographies/2010_tracts.shp, study_areas/definitions/max_city_2582000_march_2020.shp, 1167.3652671522025, 0.010868820342000035, 9.310556556573432e-06
census_geographies/2010_tracts.shp, study_areas/definitions/max_city_2603000_march_2020.shp, 1167.3652671522025, 0.008541691831499878, 7.317068677516342e-06
census_geographies/2010_tracts.shp, study_areas/definitions/max_city_2605920_march_2020.shp, 1167.3652671522025, 0.013050104482499925, 1.1179109786550157e-05
census_geographies/2010_tracts.shp, study_areas/definitions/max_city_2622000_march_2020.shp, 1167.3652671522025, 0.04045049608649976, 3.465110469251761e-05
census_geographies/2010_tracts.shp, study_areas/definitions/max_city_2629000_march_2020.shp, 1167.3652671522025, 0.009744246130000076, 8.347212654160294e-06
census_geographies/2010_tracts.shp, study_areas/definitions/max_city_2634000_march_2020.shp, 1167.3652671522025, 0.012396693469499846, 1.0619378371383007e-05
census_geographies/2010_tracts.shp, study_areas/definitions/max_city_2641420_march_2020.shp, 1167.3652671522025, 0.0030780958605001346, 2.6367889700960314e-06
census_geographies/2010_tracts.shp, study_areas/definitions/max_city_2642160_march_2020.shp, 1167.3652671522025, 0.007030205610499997, 6.022284376894512e-06
census_geographies/2010_tracts.shp, study_areas/definitions/max_city_2646000_march_2020.shp, 1167.3652671522025, 0.011363977668999917, 9.734723131451766e-06
census_geographies/2010_tracts.shp, study_areas/definitions/max_city_2653780_march_2020.shp, 1167.3652671522025, 0.00737286303849999, 6.315814977505843e-06
census_geographies/2010_tracts.shp, study_areas/definitions/max_city_2656320_march_2020.shp, 1167.3652671522025, 0.005746929662999821, 4.922991821591116e-06
census_geographies/2010_tracts.shp, study_areas/definitions/max_city_2670520_march_2020.shp, 1167.3652671522025, 0.005218332646500049, 4.470179808613131e-06
census_geographies/2010_tracts.shp, study_areas/definitions/max_city_2717000_march_2020.shp, 1167.3652671522025, 0.02901534570349997, 2.4855412885705563e-05
census_geographies/2010_tracts.shp, study_areas/definitions/max_city_2739878_march_2020.shp, 1167.3652671522025, 0.003462194560499976, 2.96581940367819e-06
census_geographies/2010_tracts.shp, study_areas/definitions/max_city_2743000_march_2020.shp, 1167.3652671522025, 0.017048214626500035, 1.4604010506573748e-05
census_geographies/2010_tracts.shp, study_areas/definitions/max_city_2754880_march_2020.shp, 1167.3652671522025, 0.015290991443500131, 1.3098720575096975e-05
census_geographies/2010_tracts.shp, study_areas/definitions/max_city_2756896_march_2020.shp, 1167.3652671522025, 0.009416693487000053, 8.066621264115694e-06
census_geographies/2010_tracts.shp, study_areas/definitions/max_city_2829700_march_2020.shp, 1167.3652671522025, 0.01241392297750007, 1.0634137683215418e-05
census_geographies/2010_tracts.shp, study_areas/definitions/max_city_2831020_march_2020.shp, 1167.3652671522025, 0.027347346373999937, 2.3426554775536558e-05
census_geographies/2010_tracts.shp, study_areas/definitions/max_city_2836000_march_2020.shp, 1167.3652671522025, 0.03297958505400014, 2.8251298871050122e-05
census_geographies/2010_tracts.shp, study_areas/definitions/max_city_2911242_march_2020.shp, 1167.3652671522025, 0.007149199937499947, 6.124218476141988e-06
census_geographies/2010_tracts.shp, study_areas/definitions/max_city_2915670_march_2020.shp, 1167.3652671522025, 0.011188770471499966, 9.584635406187017e-06
census_geographies/2010_tracts.shp, study_areas/definitions/max_city_2937000_march_2020.shp, 1167.3652671522025, 0.009247601307999901, 7.921771846578495e-06
census_geographies/2010_tracts.shp, study_areas/definitions/max_city_2937592_march_2020.shp, 1167.3652671522025, 0.0074087717165000535, 6.346575424994282e-06
census_geographies/2010_tracts.shp, study_areas/definitions/max_city_2938000_march_2020.shp, 1167.3652671522025, 0.0799059541509996, 6.844983005698881e-05
census_geographies/2010_tracts.shp, study_areas/definitions/max_city_2964550_march_2020.shp, 1167.3652671522025, 0.010123361105000036, 8.671973879860296e-06
census_geographies/2010_tracts.shp, study_areas/definitions/max_city_2965000_march_2020.shp, 1167.3652671522025, 0.01769474712400001, 1.5157849579649132e-05
census_geographies/2010_tracts.shp, study_areas/definitions/max_city_2970000_march_2020.shp, 1167.3652671522025, 0.02046785264799996, 1.753337470621467e-05
census_geographies/2010_tracts.shp, study_areas/definitions/max_city_3006550_march_2020.shp, 1167.3652671522025, 0.011945035553999929, 1.0232474693323663e-05
census_geographies/2010_tracts.shp, study_areas/definitions/max_city_3032800_march_2020.shp, 1167.3652671522025, 0.003987826995999964, 3.416091867910634e-06
census_geographies/2010_tracts.shp, study_areas/definitions/max_city_3050200_march_2020.shp, 1167.3652671522025, 0.016292051262499732, 1.3956258354545985e-05
census_geographies/2010_tracts.shp, study_areas/definitions/max_city_3119595_march_2020.shp, 1167.3652671522025, 0.007257967815499953, 6.217392293335767e-06
census_geographies/2010_tracts.shp, study_areas/definitions/max_city_3128000_march_2020.shp, 1167.3652671522025, 0.025628256763500046, 2.195393120271635e-05
census_geographies/2010_tracts.shp, study_areas/definitions/max_city_3137000_march_2020.shp, 1167.3652671522025, 0.037005302745499714, 3.1699849041915105e-05
census_geographies/2010_tracts.shp, study_areas/definitions/max_city_3209700_march_2020.shp, 1167.3652671522025, 0.042437875567499735, 3.63535533920992e-05
census_geographies/2010_tracts.shp, study_areas/definitions/max_city_3240000_march_2020.shp, 1167.3652671522025, 0.02732924663000031, 2.3411049993521086e-05
census_geographies/2010_tracts.shp, study_areas/definitions/max_city_3260600_march_2020.shp, 1167.3652671522025, 0.032160505976999966, 2.754965123765914e-05
census_geographies/2010_tracts.shp, study_areas/definitions/max_city_3345140_march_2020.shp, 1167.3652671522025, 0.009993806681999977, 8.560993686560466e-06
census_geographies/2010_tracts.shp, study_areas/definitions/max_city_3454360_march_2020.shp, 1167.3652671522025, 0.0034686935914998913, 2.9713866679979256e-06
census_geographies/2010_tracts.shp, study_areas/definitions/max_city_3474000_march_2020.shp, 1167.3652671522025, 0.0022348555634999732, 1.9144441130683307e-06
census_geographies/2010_tracts.shp, study_areas/definitions/max_city_3476070_march_2020.shp, 1167.3652671522025, 0.018712499620500093, 1.6029686805869594e-05
census_geographies/2010_tracts.shp, study_areas/definitions/max_city_3502000_march_2020.shp, 1167.3652671522025, 0.03190544880449993, 2.733116163575223e-05
census_geographies/2010_tracts.shp, study_areas/definitions/max_city_3525800_march_2020.shp, 1167.3652671522025, 0.011081919114999875, 9.493103338627088e-06
census_geographies/2010_tracts.shp, study_areas/definitions/max_city_3570500_march_2020.shp, 1167.3652671522025, 0.009013687117499933, 7.72139395537174e-06
census_geographies/2010_tracts.shp, study_areas/definitions/max_city_3601000_march_2020.shp, 1167.3652671522025, 0.006238545155999943, 5.3441243555403415e-06
census_geographies/2010_tracts.shp, study_areas/definitions/max_city_3606607_march_2020.shp, 1167.3652671522025, 0.003138959482000195, 2.688926568509027e-06
census_geographies/2010_tracts.shp, study_areas/definitions/max_city_3611000_march_2020.shp, 1167.3652671522025, 0.012267640743500107, 1.0508827946737803e-05
census_geographies/2010_tracts.shp, study_areas/definitions/max_city_3624229_march_2020.shp, 1167.3652671522025, 0.002135120949000066, 1.8290084595447248e-06
census_geographies/2010_tracts.shp, study_areas/definitions/max_city_3629333_march_2020.shp, 1167.3652671522025, 0.0011281354050000673, 9.663945268409117e-07
census_geographies/2010_tracts.shp, study_areas/definitions/max_city_3638077_march_2020.shp, 1167.3652671522025, 0.00043951356500005834, 3.765004642225269e-07
census_geographies/2010_tracts.shp, study_areas/definitions/max_city_3639853_march_2020.shp, 1167.3652671522025, 0.00038415647650003515, 3.290799266601345e-07
census_geographies/2010_tracts.shp, study_areas/definitions/max_city_3651000_march_2020.shp, 1167.3652671522025, 0.1292160854415, 0.0001106903632285752
census_geographies/2010_tracts.shp, study_areas/definitions/max_city_3659641_march_2020.shp, 1167.3652671522025, 0.0016018924350000526, 1.3722289672947722e-06
census_geographies/2010_tracts.shp, study_areas/definitions/max_city_3663000_march_2020.shp, 1167.3652671522025, 0.010833503292500013, 9.280302915751843e-06
census_geographies/2010_tracts.shp, study_areas/definitions/max_city_3673000_march_2020.shp, 1167.3652671522025, 0.007302486006499852, 6.255527907142834e-06
census_geographies/2010_tracts.shp, study_areas/definitions/max_city_3676540_march_2020.shp, 1167.3652671522025, 0.004873122831500025, 4.17446275696385e-06
census_geographies/2010_tracts.shp, study_areas/definitions/max_city_3678608_march_2020.shp, 1167.3652671522025, 0.002720259061500047, 2.3302552663196343e-06
census_geographies/2010_tracts.shp, study_areas/definitions/max_city_3702140_march_2020.shp, 1167.3652671522025, 0.009751112377000016, 8.353094486687904e-06
census_geographies/2010_tracts.shp, study_areas/definitions/max_city_3709060_march_2020.shp, 1167.3652671522025, 0.00902308781249979, 7.729446871853306e-06
census_geographies/2010_tracts.shp, study_areas/definitions/max_city_3712000_march_2020.shp, 1167.3652671522025, 0.08070524566099983, 6.913452706870486e-05
census_geographies/2010_tracts.shp, study_areas/definitions/max_city_3722920_march_2020.shp, 1167.3652671522025, 0.03995281990899993, 3.422478039497027e-05
census_geographies/2010_tracts.shp, study_areas/definitions/max_city_3726880_march_2020.shp, 1167.3652671522025, 0.008406282723999979, 7.201073186379082e-06
census_geographies/2010_tracts.shp, study_areas/definitions/max_city_3728000_march_2020.shp, 1167.3652671522025, 0.028510661312999952, 2.4423085143309046e-05
census_geographies/2010_tracts.shp, study_areas/definitions/max_city_3728080_march_2020.shp, 1167.3652671522025, 0.00942631012450008, 8.074859163401054e-06
census_geographies/2010_tracts.shp, study_areas/definitions/max_city_3731060_march_2020.shp, 1167.3652671522025, 0.0072750205164999245, 6.23200014700403e-06
census_geographies/2010_tracts.shp, study_areas/definitions/max_city_3734200_march_2020.shp, 1167.3652671522025, 0.015502750321000075, 1.3280119562593434e-05
census_geographies/2010_tracts.shp, study_areas/definitions/max_city_3746340_march_2020.shp, 1167.3652671522025, 0.007645520569500079, 6.549381572874266e-06
census_geographies/2010_tracts.shp, study_areas/definitions/max_city_3755000_march_2020.shp, 1167.3652671522025, 0.03752742164549981, 3.214711170655974e-05
census_geographies/2010_tracts.shp, study_areas/definitions/max_city_3757500_march_2020.shp, 1167.3652671522025, 0.007788092136499957, 6.671512641025439e-06
census_geographies/2010_tracts.shp, study_areas/definitions/max_city_3774440_march_2020.shp, 1167.3652671522025, 0.014415370711499976, 1.2348637669053145e-05
census_geographies/2010_tracts.shp, study_areas/definitions/max_city_3775000_march_2020.shp, 1167.3652671522025, 0.03484573392350002, 2.9849897803201295e-05
census_geographies/2010_tracts.shp, study_areas/definitions/max_city_3807200_march_2020.shp, 1167.3652671522025, 0.005307078921000066, 4.546202521466764e-06
census_geographies/2010_tracts.shp, study_areas/definitions/max_city_3825700_march_2020.shp, 1167.3652671522025, 0.013174261422000066, 1.1285466334062507e-05
census_geographies/2010_tracts.shp, study_areas/definitions/max_city_3832060_march_2020.shp, 1167.3652671522025, 0.005681709989499874, 4.867122698759449e-06
census_geographies/2010_tracts.shp, study_areas/definitions/max_city_3901000_march_2020.shp, 1167.3652671522025, 0.016733761770499997, 1.433464078584602e-05
census_geographies/2010_tracts.shp, study_areas/definitions/max_city_3912000_march_2020.shp, 1167.3652671522025, 0.008687359919499904, 7.4418523181632706e-06
census_geographies/2010_tracts.shp, study_areas/definitions/max_city_3915000_march_2020.shp, 1167.3652671522025, 0.02205913348999983, 1.8896513465586716e-05
census_geographies/2010_tracts.shp, study_areas/definitions/max_city_3916000_march_2020.shp, 1167.3652671522025, 0.02304731768949996, 1.9743021604303928e-05
census_geographies/2010_tracts.shp, study_areas/definitions/max_city_3918000_march_2020.shp, 1167.3652671522025, 0.05926681619449993, 5.076972723291814e-05
census_geographies/2010_tracts.shp, study_areas/definitions/max_city_3921000_march_2020.shp, 1167.3652671522025, 0.019571712552000183, 1.676571429930029e-05
census_geographies/2010_tracts.shp, study_areas/definitions/max_city_3943554_march_2020.shp, 1167.3652671522025, 0.0033346408544999836, 2.8565530843956567e-06
census_geographies/2010_tracts.shp, study_areas/definitions/max_city_3947138_march_2020.shp, 1167.3652671522025, 0.008195763187000087, 7.020735855019673e-06
census_geographies/2010_tracts.shp, study_areas/definitions/max_city_3974118_march_2020.shp, 1167.3652671522025, 0.01336060679100038, 1.1445095350141516e-05
census_geographies/2010_tracts.shp, study_areas/definitions/max_city_3977000_march_2020.shp, 1167.3652671522025, 0.023406896117000187, 2.0051047239140078e-05
census_geographies/2010_tracts.shp, study_areas/definitions/max_city_3988000_march_2020.shp, 1167.3652671522025, 0.009465577672499982, 8.1084969193844e-06
census_geographies/2010_tracts.shp, study_areas/definitions/max_city_4023950_march_2020.shp, 1167.3652671522025, 0.004702306478500118, 4.0281363604139384e-06
census_geographies/2010_tracts.shp, study_areas/definitions/max_city_4041850_march_2020.shp, 1167.3652671522025, 0.016149643248999982, 1.3834267391214383e-05
census_geographies/2010_tracts.shp, study_areas/definitions/max_city_4055000_march_2020.shp, 1167.3652671522025, 0.15642546446099986, 0.00013399873104208516
census_geographies/2010_tracts.shp, study_areas/definitions/max_city_4075000_march_2020.shp, 1167.3652671522025, 0.05557315751949966, 4.7605628746408435e-05
census_geographies/2010_tracts.shp, study_areas/definitions/max_city_4105800_march_2020.shp, 1167.3652671522025, 0.00892058964899996, 7.641643879607464e-06
census_geographies/2010_tracts.shp, study_areas/definitions/max_city_4115800_march_2020.shp, 1167.3652671522025, 0.0019282323365000468, 1.6517814867012327e-06
census_geographies/2010_tracts.shp, study_areas/definitions/max_city_4123850_march_2020.shp, 1167.3652671522025, 0.013050438772500048, 1.1179396149361805e-05
census_geographies/2010_tracts.shp, study_areas/definitions/max_city_4130550_march_2020.shp, 1167.3652671522025, 0.0036299568369999877, 3.109529586960642e-06
census_geographies/2010_tracts.shp, study_areas/definitions/max_city_4147000_march_2020.shp, 1167.3652671522025, 0.006371183656000198, 5.4577464614334074e-06
census_geographies/2010_tracts.shp, study_areas/definitions/max_city_4159000_march_2020.shp, 1167.3652671522025, 0.04536945693950011, 3.88648336695671e-05
census_geographies/2010_tracts.shp, study_areas/definitions/max_city_4164900_march_2020.shp, 1167.3652671522025, 0.013951069498499974, 1.1950903364234682e-05
census_geographies/2010_tracts.shp, study_areas/definitions/max_city_4202000_march_2020.shp, 1167.3652671522025, 0.004966488218499905, 4.2544423397277316e-06
census_geographies/2010_tracts.shp, study_areas/definitions/max_city_4202184_march_2020.shp, 1167.3652671522025, 0.002811988332000093, 2.4088333027587522e-06
census_geographies/2010_tracts.shp, study_areas/definitions/max_city_4207128_march_2020.shp, 1167.3652671522025, 0.0012997064630000555, 1.1133674262647033e-06
census_geographies/2010_tracts.shp, study_areas/definitions/max_city_4212536_march_2020.shp, 1167.3652671522025, 0.0018896958529999047, 1.6187699824321772e-06
census_geographies/2010_tracts.shp, study_areas/definitions/max_city_4221872_march_2020.shp, 1167.3652671522025, 0.000792875342499982, 6.792007307483186e-07
census_geographies/2010_tracts.shp, study_areas/definitions/max_city_4224000_march_2020.shp, 1167.3652671522025, 0.0058452548605001375, 5.0072201263617225e-06
census_geographies/2010_tracts.shp, study_areas/definitions/max_city_4232448_march_2020.shp, 1167.3652671522025, 0.0010115172654999696, 8.664959408699683e-07
census_geographies/2010_tracts.shp, study_areas/definitions/max_city_4232800_march_2020.shp, 1167.3652671522025, 0.003255340573000048, 2.7886220916452986e-06
census_geographies/2010_tracts.shp, study_areas/definitions/max_city_4238288_march_2020.shp, 1167.3652671522025, 0.001526325067500008, 1.3074957003162267e-06
census_geographies/2010_tracts.shp, study_areas/definitions/max_city_4241216_march_2020.shp, 1167.3652671522025, 0.002008892872999972, 1.7208777145654535e-06
census_geographies/2010_tracts.shp, study_areas/definitions/max_city_4242168_march_2020.shp, 1167.3652671522025, 0.0011439744684999932, 9.799627423306235e-07
census_geographies/2010_tracts.shp, study_areas/definitions/max_city_4260000_march_2020.shp, 1167.3652671522025, 0.03898588397800006, 3.339647415851806e-05
census_geographies/2010_tracts.shp, study_areas/definitions/max_city_4261000_march_2020.shp, 1167.3652671522025, 0.016037427620499946, 1.3738140127831101e-05
census_geographies/2010_tracts.shp, study_areas/definitions/max_city_4263624_march_2020.shp, 1167.3652671522025, 0.0027947588885000327, 2.3940740461791112e-06
census_geographies/2010_tracts.shp, study_areas/definitions/max_city_4269000_march_2020.shp, 1167.3652671522025, 0.007122208811500096, 6.101097070392359e-06
census_geographies/2010_tracts.shp, study_areas/definitions/max_city_4273808_march_2020.shp, 1167.3652671522025, 0.001259378032500069, 1.0788208866041838e-06
census_geographies/2010_tracts.shp, study_areas/definitions/max_city_4285312_march_2020.shp, 1167.3652671522025, 0.0026226054494999326, 2.246602261773473e-06
census_geographies/2010_tracts.shp, study_areas/definitions/max_city_4287048_march_2020.shp, 1167.3652671522025, 0.0014500702384999142, 1.2421735332569667e-06
census_geographies/2010_tracts.shp, study_areas/definitions/max_city_4459000_march_2020.shp, 1167.3652671522025, 0.005773040846500005, 4.945359442279268e-06
census_geographies/2010_tracts.shp, study_areas/definitions/max_city_4513330_march_2020.shp, 1167.3652671522025, 0.027355627324000018, 2.3433648484963327e-05
census_geographies/2010_tracts.shp, study_areas/definitions/max_city_4516000_march_2020.shp, 1167.3652671522025, 0.031082429548000095, 2.6626138726763687e-05
census_geographies/2010_tracts.shp, study_areas/definitions/max_city_4525810_march_2020.shp, 1167.3652671522025, 0.00560004076450002, 4.797162398159548e-06
census_geographies/2010_tracts.shp, study_areas/definitions/max_city_4530850_march_2020.shp, 1167.3652671522025, 0.008033317180999928, 6.881579748040023e-06
census_geographies/2010_tracts.shp, study_areas/definitions/max_city_4534045_march_2020.shp, 1167.3652671522025, 0.015041897060000442, 1.2885338876575692e-05
census_geographies/2010_tracts.shp, study_areas/definitions/max_city_4549075_march_2020.shp, 1167.3652671522025, 0.006399109698000067, 5.481668744188997e-06
census_geographies/2010_tracts.shp, study_areas/definitions/max_city_4568290_march_2020.shp, 1167.3652671522025, 0.005418536923000051, 4.641680779331921e-06
census_geographies/2010_tracts.shp, study_areas/definitions/max_city_4570405_march_2020.shp, 1167.3652671522025, 0.007317433961500242, 6.268332772441641e-06
census_geographies/2010_tracts.shp, study_areas/definitions/max_city_4652980_march_2020.shp, 1167.3652671522025, 0.024831596919999758, 2.1271488555228862e-05
census_geographies/2010_tracts.shp, study_areas/definitions/max_city_4659020_march_2020.shp, 1167.3652671522025, 0.02250147879300009, 1.9275439681268435e-05
census_geographies/2010_tracts.shp, study_areas/definitions/max_city_4714000_march_2020.shp, 1167.3652671522025, 0.037981148621000174, 3.253578780329443e-05
census_geographies/2010_tracts.shp, study_areas/definitions/max_city_4715160_march_2020.shp, 1167.3652671522025, 0.020280488984000207, 1.7372873388185202e-05
census_geographies/2010_tracts.shp, study_areas/definitions/max_city_4715400_march_2020.shp, 1167.3652671522025, 0.004382893203499965, 3.7545173964204623e-06
census_geographies/2010_tracts.shp, study_areas/definitions/max_city_4737640_march_2020.shp, 1167.3652671522025, 0.016396939876500007, 1.404610907818123e-05
census_geographies/2010_tracts.shp, study_areas/definitions/max_city_4738320_march_2020.shp, 1167.3652671522025, 0.013800608356500118, 1.18220138501866e-05
census_geographies/2010_tracts.shp, study_areas/definitions/max_city_4740000_march_2020.shp, 1167.3652671522025, 0.022607966702499982, 1.936666040925846e-05
census_geographies/2010_tracts.shp, study_areas/definitions/max_city_4748000_march_2020.shp, 1167.3652671522025, 0.08583511450650012, 7.352892613971256e-05
census_geographies/2010_tracts.shp, study_areas/definitions/max_city_4750280_march_2020.shp, 1167.3652671522025, 0.002833154940500048, 2.4269652526253017e-06
census_geographies/2010_tracts.shp, study_areas/definitions/max_city_4752006_march_2020.shp, 1167.3652671522025, 0.12792560215249985, 0.0001095848966489944
census_geographies/2010_tracts.shp, study_areas/definitions/max_city_4801000_march_2020.shp, 1167.3652671522025, 0.05521663726550041, 4.730022283445341e-05
census_geographies/2010_tracts.shp, study_areas/definitions/max_city_4803000_march_2020.shp, 1167.3652671522025, 0.03090268382700002, 2.6472163166536024e-05
census_geographies/2010_tracts.shp, study_areas/definitions/max_city_4805000_march_2020.shp, 1167.3652671522025, 0.07645299699350024, 6.549192368898209e-05
census_geographies/2010_tracts.shp, study_areas/definitions/max_city_4807000_march_2020.shp, 1167.3652671522025, 0.019113029499000116, 1.6372792678358945e-05
census_geographies/2010_tracts.shp, study_areas/definitions/max_city_4810768_march_2020.shp, 1167.3652671522025, 0.026312894574999537, 2.2540412427371654e-05
census_geographies/2010_tracts.shp, study_areas/definitions/max_city_4815976_march_2020.shp, 1167.3652671522025, 0.008045186483499958, 6.891747347534383e-06
census_geographies/2010_tracts.shp, study_areas/definitions/max_city_4817000_march_2020.shp, 1167.3652671522025, 0.11592757249849954, 9.930702562472656e-05
census_geographies/2010_tracts.shp, study_areas/definitions/max_city_4819000_march_2020.shp, 1167.3652671522025, 0.09484058419700014, 8.124328080135925e-05
census_geographies/2010_tracts.shp, study_areas/definitions/max_city_4824000_march_2020.shp, 1167.3652671522025, 0.07227092329849988, 6.19094342894109e-05
census_geographies/2010_tracts.shp, study_areas/definitions/max_city_4835000_march_2020.shp, 1167.3652671522025, 0.14401331484099988, 0.00012336611246993977
census_geographies/2010_tracts.shp, study_areas/definitions/max_city_4839148_march_2020.shp, 1167.3652671522025, 0.011593712852000034, 9.931521159853415e-06
census_geographies/2010_tracts.shp, study_areas/definitions/max_city_4841464_march_2020.shp, 1167.3652671522025, 0.02123943280350002, 1.8194333342907997e-05
census_geographies/2010_tracts.shp, study_areas/definitions/max_city_4843888_march_2020.shp, 1167.3652671522025, 0.009829908495500014, 8.420593598334615e-06
census_geographies/2010_tracts.shp, study_areas/definitions/max_city_4845000_march_2020.shp, 1167.3652671522025, 0.02518057545850013, 2.1570434008138993e-05
census_geographies/2010_tracts.shp, study_areas/definitions/max_city_4845384_march_2020.shp, 1167.3652671522025, 0.017063847468500093, 1.4617402066559248e-05
census_geographies/2010_tracts.shp, study_areas/definitions/max_city_4848072_march_2020.shp, 1167.3652671522025, 0.008880624340500073, 7.607408401112046e-06
census_geographies/2010_tracts.shp, study_areas/definitions/max_city_4853388_march_2020.shp, 1167.3652671522025, 0.008400049426000093, 7.1957335568943945e-06
census_geographies/2010_tracts.shp, study_areas/definitions/max_city_4864472_march_2020.shp, 1167.3652671522025, 0.015908280020000273, 1.362750843085186e-05
census_geographies/2010_tracts.shp, study_areas/definitions/max_city_4865000_march_2020.shp, 1167.3652671522025, 0.10858817879050014, 9.301988147668804e-05
census_geographies/2010_tracts.shp, study_areas/definitions/max_city_4867496_march_2020.shp, 1167.3652671522025, 0.020905469571500076, 1.7908250450605874e-05
census_geographies/2010_tracts.shp, study_areas/definitions/max_city_4872368_march_2020.shp, 1167.3652671522025, 0.007834901001999982, 6.711610515116052e-06
census_geographies/2010_tracts.shp, study_areas/definitions/max_city_4874144_march_2020.shp, 1167.3652671522025, 0.0140025460694999, 1.1994999734452636e-05
census_geographies/2010_tracts.shp, study_areas/definitions/max_city_4875428_march_2020.shp, 1167.3652671522025, 0.005853667921000045, 5.014427005593646e-06
census_geographies/2010_tracts.shp, study_areas/definitions/max_city_4876000_march_2020.shp, 1167.3652671522025, 0.03238896561349996, 2.7745356594781267e-05
census_geographies/2010_tracts.shp, study_areas/definitions/max_city_4879000_march_2020.shp, 1167.3652671522025, 0.013152199364500222, 1.1266567315802639e-05
census_geographies/2010_tracts.shp, study_areas/definitions/max_city_4945860_march_2020.shp, 1167.3652671522025, 0.0028335581199999504, 2.4273106282427262e-06
census_geographies/2010_tracts.shp, study_areas/definitions/max_city_4962470_march_2020.shp, 1167.3652671522025, 0.008102655566499759, 6.940977082748278e-06
census_geographies/2010_tracts.shp, study_areas/definitions/max_city_4965330_march_2020.shp, 1167.3652671522025, 0.017796134877499797, 1.524470136148013e-05
census_geographies/2010_tracts.shp, study_areas/definitions/max_city_4967000_march_2020.shp, 1167.3652671522025, 0.025045181702999995, 2.145445166798386e-05
census_geographies/2010_tracts.shp, study_areas/definitions/max_city_5010675_march_2020.shp, 1167.3652671522025, 0.004539596803499921, 3.888754386683361e-06
census_geographies/2010_tracts.shp, study_areas/definitions/max_city_5107784_march_2020.shp, 1167.3652671522025, 0.0065402774289999395, 5.602597244438325e-06
census_geographies/2010_tracts.shp, study_areas/definitions/max_city_5114968_march_2020.shp, 1167.3652671522025, 0.0027267849394999382, 2.3358455285824577e-06
census_geographies/2010_tracts.shp, study_areas/definitions/max_city_5135624_march_2020.shp, 1167.3652671522025, 0.004670196801999986, 4.000630251226312e-06
census_geographies/2010_tracts.shp, study_areas/definitions/max_city_5147672_march_2020.shp, 1167.3652671522025, 0.013084955001499974, 1.1208963783393037e-05
census_geographies/2010_tracts.shp, study_areas/definitions/max_city_5167000_march_2020.shp, 1167.3652671522025, 0.0164903581195, 1.4126133938975562e-05
census_geographies/2010_tracts.shp, study_areas/definitions/max_city_5168000_march_2020.shp, 1167.3652671522025, 0.011289457370000045, 9.670886814664936e-06
census_geographies/2010_tracts.shp, study_areas/definitions/max_city_5175216_march_2020.shp, 1167.3652671522025, 0.005334030411499904, 4.569289974261712e-06
census_geographies/2010_tracts.shp, study_areas/definitions/max_city_5182000_march_2020.shp, 1167.3652671522025, 0.13002279487900015, 0.00011138141465883413
census_geographies/2010_tracts.shp, study_areas/definitions/max_city_5186720_march_2020.shp, 1167.3652671522025, 0.0024981874194999836, 2.140022056330606e-06
census_geographies/2010_tracts.shp, study_areas/definitions/max_city_5305280_march_2020.shp, 1167.3652671522025, 0.004440667776999875, 3.8040088239329935e-06
census_geographies/2010_tracts.shp, study_areas/definitions/max_city_5335275_march_2020.shp, 1167.3652671522025, 0.007895316304500093, 6.763364070065905e-06
census_geographies/2010_tracts.shp, study_areas/definitions/max_city_5340245_march_2020.shp, 1167.3652671522025, 0.00443984151600003, 3.8033010240497056e-06
census_geographies/2010_tracts.shp, study_areas/definitions/max_city_5347560_march_2020.shp, 1167.3652671522025, 0.004923322392999996, 4.217465202652879e-06
census_geographies/2010_tracts.shp, study_areas/definitions/max_city_5351300_march_2020.shp, 1167.3652671522025, 0.005403504909499951, 4.628803907008341e-06
census_geographies/2010_tracts.shp, study_areas/definitions/max_city_5353545_march_2020.shp, 1167.3652671522025, 0.010876215945000033, 9.316891851282036e-06
census_geographies/2010_tracts.shp, study_areas/definitions/max_city_5363000_march_2020.shp, 1167.3652671522025, 0.06170979641749964, 5.286245715365613e-05
census_geographies/2010_tracts.shp, study_areas/definitions/max_city_5367000_march_2020.shp, 1167.3652671522025, 0.017218260350499934, 1.4749676759275207e-05
census_geographies/2010_tracts.shp, study_areas/definitions/max_city_5377105_march_2020.shp, 1167.3652671522025, 0.0022603817319999204, 1.9363105924113547e-06
census_geographies/2010_tracts.shp, study_areas/definitions/max_city_5380010_march_2020.shp, 1167.3652671522025, 0.0065825122644999155, 5.638776867636306e-06
census_geographies/2010_tracts.shp, study_areas/definitions/max_city_5405332_march_2020.shp, 1167.3652671522025, 0.0022793144710001037, 1.9525289428565156e-06
census_geographies/2010_tracts.shp, study_areas/definitions/max_city_5414600_march_2020.shp, 1167.3652671522025, 0.008856476749000069, 7.586722852055997e-06
census_geographies/2010_tracts.shp, study_areas/definitions/max_city_5439460_march_2020.shp, 1167.3652671522025, 0.003532978393000001, 3.026454951515503e-06
census_geographies/2010_tracts.shp, study_areas/definitions/max_city_5455756_march_2020.shp, 1167.3652671522025, 0.0013646813595000007, 1.1690268657976716e-06
census_geographies/2010_tracts.shp, study_areas/definitions/max_city_5462140_march_2020.shp, 1167.3652671522025, 0.004063810792500002, 3.4811818604246325e-06
census_geographies/2010_tracts.shp, study_areas/definitions/max_city_5485156_march_2020.shp, 1167.3652671522025, 0.00339627265000008, 2.909348723630707e-06
census_geographies/2010_tracts.shp, study_areas/definitions/max_city_5486452_march_2020.shp, 1167.3652671522025, 0.004673505959000068, 4.003464974078872e-06
census_geographies/2010_tracts.shp, study_areas/definitions/max_city_5502375_march_2020.shp, 1167.3652671522025, 0.007426981310000091, 6.3621743073770515e-06
census_geographies/2010_tracts.shp, study_areas/definitions/max_city_5522300_march_2020.shp, 1167.3652671522025, 0.008992185778000155, 7.70297526492001e-06
census_geographies/2010_tracts.shp, study_areas/definitions/max_city_5526275_march_2020.shp, 1167.3652671522025, 0.005055016458500167, 4.330278277708162e-06
census_geographies/2010_tracts.shp, study_areas/definitions/max_city_5531000_march_2020.shp, 1167.3652671522025, 0.0165345238080002, 1.4163967588599165e-05
census_geographies/2010_tracts.shp, study_areas/definitions/max_city_5537825_march_2020.shp, 1167.3652671522025, 0.01010168688400017, 8.653407093945258e-06
census_geographies/2010_tracts.shp, study_areas/definitions/max_city_5540775_march_2020.shp, 1167.3652671522025, 0.004006375018500084, 3.431980658696202e-06
census_geographies/2010_tracts.shp, study_areas/definitions/max_city_5548000_march_2020.shp, 1167.3652671522025, 0.031112250275000006, 2.6651684053354274e-05
census_geographies/2010_tracts.shp, study_areas/definitions/max_city_5553000_march_2020.shp, 1167.3652671522025, 0.027576151073500237, 2.362255572394448e-05
census_geographies/2010_tracts.shp, study_areas/definitions/max_city_5566000_march_2020.shp, 1167.3652671522025, 0.004377982790499828, 3.7503109897898145e-06
census_geographies/2010_tracts.shp, study_areas/definitions/max_city_5572975_march_2020.shp, 1167.3652671522025, 0.004877845071499954, 4.178507968974868e-06
census_geographies/2010_tracts.shp, study_areas/definitions/max_city_5584475_march_2020.shp, 1167.3652671522025, 0.003910771350999946, 3.3500836979159966e-06
census_geographies/2010_tracts.shp, study_areas/definitions/max_city_5613150_march_2020.shp, 1167.3652671522025, 0.006676942204999951, 5.719668378765807e-06
census_geographies/2010_tracts.shp, study_areas/definitions/max_city_5613900_march_2020.shp, 1167.3652671522025, 0.007583693172999871, 6.4964183759727195e-06
census_geographies/2010_tracts.shp, study_areas/definitions/max_city_7203368_march_2020.shp, 1167.3652671522025, 0.004921526131499886, 4.215926471331455e-06
census_geographies/2010_tracts.shp, study_areas/definitions/max_city_7232221_march_2020.shp, 1167.3652671522025, 0.0006394397055000352, 5.477631753255378e-07
census_geographies/2010_tracts.shp, study_areas/definitions/max_city_7252431_march_2020.shp, 1167.3652671522025, 0.003264356544000144, 2.7963454420428058e-06
census_geographies/2010_tracts.shp, study_areas/definitions/max_city_7263820_march_2020.shp, 1167.3652671522025, 0.007741413523500123, 6.631526345121924e-06
census_geographies/2010_tracts.shp, study_areas/definitions/max_city_7276770_march_2020.shp, 1167.3652671522025, 0.009564648243500055, 8.193363733386634e-06
census_geographies/2010_tracts.shp, study_areas/definitions/max_city_7288035_march_2020.shp, 1167.3652671522025, 0.0005972663954999675, 5.1163625671081e-07
census_geographies/2000_tracts.shp, study_areas/definitions/max_city_0107000_march_2020.shp, 1167.3652671522025, 0.036994920223999736, 3.1690955063490245e-05
census_geographies/2000_tracts.shp, study_areas/definitions/max_city_0121184_march_2020.shp, 1167.3652671522025, 0.021578034112500113, 1.8484389350678483e-05
census_geographies/2000_tracts.shp, study_areas/definitions/max_city_0126896_march_2020.shp, 1167.3652671522025, 0.0032602703755000803, 2.792845107901435e-06
census_geographies/2000_tracts.shp, study_areas/definitions/max_city_0128696_march_2020.shp, 1167.3652671522025, 0.009665256400499943, 8.279547689540582e-06
census_geographies/2000_tracts.shp, study_areas/definitions/max_city_0137000_march_2020.shp, 1167.3652671522025, 0.035086792905500035, 3.0056396136484826e-05
census_geographies/2000_tracts.shp, study_areas/definitions/max_city_0150000_march_2020.shp, 1167.3652671522025, 0.043684232933500114, 3.74212203863733e-05
census_geographies/2000_tracts.shp, study_areas/definitions/max_city_0151000_march_2020.shp, 1167.3652671522025, 0.03606087073900005, 3.08908203402101e-05
census_geographies/2000_tracts.shp, study_areas/definitions/max_city_0157576_march_2020.shp, 1167.3652671522025, 0.00767955850649987, 6.578539487673998e-06
census_geographies/2000_tracts.shp, study_areas/definitions/max_city_0177256_march_2020.shp, 1167.3652671522025, 0.014864164256999997, 1.2733087642106444e-05
census_geographies/2000_tracts.shp, study_areas/definitions/max_city_0203000_march_2020.shp, 1167.3652671522025, 0.8463470898194985, 0.0007250062286709707
census_geographies/2000_tracts.shp, study_areas/definitions/max_city_0224230_march_2020.shp, 1167.3652671522025, 0.004163203083499781, 3.566324269400228e-06
census_geographies/2000_tracts.shp, study_areas/definitions/max_city_0423620_march_2020.shp, 1167.3652671522025, 0.017302688480499987, 1.4822000420408296e-05
census_geographies/2000_tracts.shp, study_areas/definitions/max_city_0454050_march_2020.shp, 1167.3652671522025, 0.01768949579149983, 1.5153351131178938e-05
census_geographies/2000_tracts.shp, study_areas/definitions/max_city_0455000_march_2020.shp, 1167.3652671522025, 0.11227164158099982, 9.617524586360827e-05
census_geographies/2000_tracts.shp, study_areas/definitions/max_city_0466820_march_2020.shp, 1167.3652671522025, 0.033592560031500115, 2.877639156889553e-05
census_geographies/2000_tracts.shp, study_areas/definitions/max_city_0477000_march_2020.shp, 1167.3652671522025, 0.06680835441850017, 5.723003441885822e-05
census_geographies/2000_tracts.shp, study_areas/definitions/max_city_0485540_march_2020.shp, 1167.3652671522025, 0.014490816681000029, 1.2413266942874273e-05
census_geographies/2000_tracts.shp, study_areas/definitions/max_city_0523290_march_2020.shp, 1167.3652671522025, 0.007741748270000024, 6.631813098984935e-06
census_geographies/2000_tracts.shp, study_areas/definitions/max_city_0524550_march_2020.shp, 1167.3652671522025, 0.019627311218499952, 1.6813341779802088e-05
census_geographies/2000_tracts.shp, study_areas/definitions/max_city_0533400_march_2020.shp, 1167.3652671522025, 0.008213404159000017, 7.035847639219802e-06
census_geographies/2000_tracts.shp, study_areas/definitions/max_city_0535710_march_2020.shp, 1167.3652671522025, 0.012386820384000026, 1.0610920791071486e-05
census_geographies/2000_tracts.shp, study_areas/definitions/max_city_0541000_march_2020.shp, 1167.3652671522025, 0.02248057736149997, 1.9257534889950538e-05
census_geographies/2000_tracts.shp, study_areas/definitions/max_city_0555310_march_2020.shp, 1167.3652671522025, 0.011662357857499804, 9.990324524516842e-06
census_geographies/2000_tracts.shp, study_areas/definitions/max_city_0602000_march_2020.shp, 1167.3652671522025, 0.010503494645499966, 8.997607639229606e-06
census_geographies/2000_tracts.shp, study_areas/definitions/max_city_0603526_march_2020.shp, 1167.3652671522025, 0.02501257985950006, 2.1426523953825064e-05
census_geographies/2000_tracts.shp, study_areas/definitions/max_city_0613014_march_2020.shp, 1167.3652671522025, 0.006049843200500005, 5.1824766169877995e-06
census_geographies/2000_tracts.shp, study_areas/definitions/max_city_0621782_march_2020.shp, 1167.3652671522025, 0.0028048825784999553, 2.4027463018001984e-06
census_geographies/2000_tracts.shp, study_areas/definitions/max_city_0627000_march_2020.shp, 1167.3652671522025, 0.03637094236300016, 3.1156436966578065e-05
census_geographies/2000_tracts.shp, study_areas/definitions/max_city_0644000_march_2020.shp, 1167.3652671522025, 0.12833280070900022, 0.00010993371511049765
census_geographies/2000_tracts.shp, study_areas/definitions/max_city_0646898_march_2020.shp, 1167.3652671522025, 0.010306107700999927, 8.828520079359364e-06
census_geographies/2000_tracts.shp, study_areas/definitions/max_city_0648354_march_2020.shp, 1167.3652671522025, 0.009411462644999907, 8.06214036842063e-06
census_geographies/2000_tracts.shp, study_areas/definitions/max_city_0659920_march_2020.shp, 1167.3652671522025, 0.022342719916000196, 1.9139442079260634e-05
census_geographies/2000_tracts.shp, study_areas/definitions/max_city_0664000_march_2020.shp, 1167.3652671522025, 0.026234942352499964, 2.2473636222277135e-05
census_geographies/2000_tracts.shp, study_areas/definitions/max_city_0664224_march_2020.shp, 1167.3652671522025, 0.005482874831999792, 4.696794556321958e-06
census_geographies/2000_tracts.shp, study_areas/definitions/max_city_0666000_march_2020.shp, 1167.3652671522025, 0.08980810868050046, 7.69323117686961e-05
census_geographies/2000_tracts.shp, study_areas/definitions/max_city_0668000_march_2020.shp, 1167.3652671522025, 0.03990775650149987, 3.418617773240349e-05
census_geographies/2000_tracts.shp, study_areas/definitions/max_city_0669112_march_2020.shp, 1167.3652671522025, 0.0023661112005001327, 2.0268816171585105e-06
census_geographies/2000_tracts.shp, study_areas/definitions/max_city_0669196_march_2020.shp, 1167.3652671522025, 0.006585882568999997, 5.6416639712660916e-06
census_geographies/2000_tracts.shp, study_areas/definitions/max_city_0670098_march_2020.shp, 1167.3652671522025, 0.007548146001999962, 6.465967606192129e-06
census_geographies/2000_tracts.shp, study_areas/definitions/max_city_0675000_march_2020.shp, 1167.3652671522025, 0.014323886575000019, 1.2270269621729676e-05
census_geographies/2000_tracts.shp, study_areas/definitions/max_city_0681666_march_2020.shp, 1167.3652671522025, 0.017190120231499895, 1.4725571091758914e-05
census_geographies/2000_tracts.shp, study_areas/definitions/max_city_0682954_march_2020.shp, 1167.3652671522025, 0.012055492705999924, 1.032709559314661e-05
census_geographies/2000_tracts.shp, study_areas/definitions/max_city_0686972_march_2020.shp, 1167.3652671522025, 0.004677561414499948, 4.0069389985457585e-06
census_geographies/2000_tracts.shp, study_areas/definitions/max_city_0807850_march_2020.shp, 1167.3652671522025, 0.01050691385250006, 9.000536634203419e-06
census_geographies/2000_tracts.shp, study_areas/definitions/max_city_0816000_march_2020.shp, 1167.3652671522025, 0.0426299087560002, 3.6518054764466506e-05
census_geographies/2000_tracts.shp, study_areas/definitions/max_city_0820000_march_2020.shp, 1167.3652671522025, 0.04210469872500018, 3.6068144144561495e-05
census_geographies/2000_tracts.shp, study_areas/definitions/max_city_0827425_march_2020.shp, 1167.3652671522025, 0.018557185814999985, 1.589664035513957e-05
census_geographies/2000_tracts.shp, study_areas/definitions/max_city_0831660_march_2020.shp, 1167.3652671522025, 0.010105051135000018, 8.656289011965703e-06
census_geographies/2000_tracts.shp, study_areas/definitions/max_city_0862000_march_2020.shp, 1167.3652671522025, 0.015153339560999884, 1.2980803855820197e-05
census_geographies/2000_tracts.shp, study_areas/definitions/max_city_0877290_march_2020.shp, 1167.3652671522025, 0.011815554480000004, 1.0121557332970981e-05
census_geographies/2000_tracts.shp, study_areas/definitions/max_city_0908000_march_2020.shp, 1167.3652671522025, 0.005376112786500031, 4.6053389952359155e-06
census_geographies/2000_tracts.shp, study_areas/definitions/max_city_0937000_march_2020.shp, 1167.3652671522025, 0.005065487522999969, 4.339248104714704e-06
census_geographies/2000_tracts.shp, study_areas/definitions/max_city_0952000_march_2020.shp, 1167.3652671522025, 0.005603510310500071, 4.800134515026203e-06
census_geographies/2000_tracts.shp, study_areas/definitions/max_city_0956200_march_2020.shp, 1167.3652671522025, 0.008219367902500089, 7.040956360258436e-06
census_geographies/2000_tracts.shp, study_areas/definitions/max_city_1021200_march_2020.shp, 1167.3652671522025, 0.004611032103999922, 3.949948001492775e-06
census_geographies/2000_tracts.shp, study_areas/definitions/max_city_1150000_march_2020.shp, 1167.3652671522025, 0.018393304698000074, 1.5756254889157957e-05
census_geographies/2000_tracts.shp, study_areas/definitions/max_city_1207525_march_2020.shp, 1167.3652671522025, 0.006777803155500232, 5.806068885392437e-06
census_geographies/2000_tracts.shp, study_areas/definitions/max_city_1210275_march_2020.shp, 1167.3652671522025, 0.03340935442750022, 2.8619452169416196e-05
census_geographies/2000_tracts.shp, study_areas/definitions/max_city_1217200_march_2020.shp, 1167.3652671522025, 0.009267576198999919, 7.938882935594144e-06
census_geographies/2000_tracts.shp, study_areas/definitions/max_city_1225175_march_2020.shp, 1167.3652671522025, 0.011004032632000204, 9.426383447954243e-06
census_geographies/2000_tracts.shp, study_areas/definitions/max_city_1232400_march_2020.shp, 1167.3652671522025, 0.0048444921469999866, 4.149936856369015e-06
census_geographies/2000_tracts.shp, study_areas/definitions/max_city_1235000_march_2020.shp, 1167.3652671522025, 0.21121972090750007, 0.00018093712983492508
census_geographies/2000_tracts.shp, study_areas/definitions/max_city_1238250_march_2020.shp, 1167.3652671522025, 0.014900611848999972, 1.27643097394444e-05
census_geographies/2000_tracts.shp, study_areas/definitions/max_city_1245000_march_2020.shp, 1167.3652671522025, 0.010188698537000024, 8.727943878144877e-06
census_geographies/2000_tracts.shp, study_areas/definitions/max_city_1249675_march_2020.shp, 1167.3652671522025, 0.01750098631149997, 1.499186827289609e-05
census_geographies/2000_tracts.shp, study_areas/definitions/max_city_1253000_march_2020.shp, 1167.3652671522025, 0.02677253165250012, 2.293415129423196e-05
census_geographies/2000_tracts.shp, study_areas/definitions/max_city_1254000_march_2020.shp, 1167.3652671522025, 0.01603245435700013, 1.3733879881582769e-05
census_geographies/2000_tracts.shp, study_areas/definitions/max_city_1254700_march_2020.shp, 1167.3652671522025, 0.005855512815999735, 5.016007397825282e-06
census_geographies/2000_tracts.shp, study_areas/definitions/max_city_1255925_march_2020.shp, 1167.3652671522025, 0.009238087062500051, 7.913621659342703e-06
census_geographies/2000_tracts.shp, study_areas/definitions/max_city_1258715_march_2020.shp, 1167.3652671522025, 0.028673866015000132, 2.4562891171972483e-05
census_geographies/2000_tracts.shp, study_areas/definitions/max_city_1264875_march_2020.shp, 1167.3652671522025, 0.0028781639210000457, 2.4655212913960953e-06
census_geographies/2000_tracts.shp, study_areas/definitions/max_city_1270600_march_2020.shp, 1167.3652671522025, 0.014007929129500047, 1.1999611024638851e-05
census_geographies/2000_tracts.shp, study_areas/definitions/max_city_1271000_march_2020.shp, 1167.3652671522025, 0.0404997952000002, 3.469333578752073e-05
census_geographies/2000_tracts.shp, study_areas/definitions/max_city_1271625_march_2020.shp, 1167.3652671522025, 0.0018590239365000696, 1.5924955014596025e-06
census_geographies/2000_tracts.shp, study_areas/definitions/max_city_1274200_march_2020.shp, 1167.3652671522025, 0.0035421722825000495, 3.034330712221042e-06
census_geographies/2000_tracts.shp, study_areas/definitions/max_city_1301052_march_2020.shp, 1167.3652671522025, 0.01462058046750003, 1.2524426483209544e-05
census_geographies/2000_tracts.shp, study_areas/definitions/max_city_1303440_march_2020.shp, 1167.3652671522025, 0.02739616067150007, 2.3468370562654512e-05
census_geographies/2000_tracts.shp, study_areas/definitions/max_city_1304000_march_2020.shp, 1167.3652671522025, 0.033866477967999915, 2.9011037865309697e-05
census_geographies/2000_tracts.shp, study_areas/definitions/max_city_1304204_march_2020.shp, 1167.3652671522025, 0.06753609084849985, 5.785343520906247e-05
census_geographies/2000_tracts.shp, study_areas/definitions/max_city_1311560_march_2020.shp, 1167.3652671522025, 0.0048044384754999765, 4.1156256834850375e-06
census_geographies/2000_tracts.shp, study_areas/definitions/max_city_1319000_march_2020.shp, 1167.3652671522025, 0.05493071123050004, 4.7055290041739875e-05
census_geographies/2000_tracts.shp, study_areas/definitions/max_city_1321380_march_2020.shp, 1167.3652671522025, 0.003863498155999941, 3.3095880652890913e-06
census_geographies/2000_tracts.shp, study_areas/definitions/max_city_1331908_march_2020.shp, 1167.3652671522025, 0.0033970586064999697, 2.9100219974739553e-06
census_geographies/2000_tracts.shp, study_areas/definitions/max_city_1338964_march_2020.shp, 1167.3652671522025, 0.0030608296739998656, 2.6219982383635463e-06
census_geographies/2000_tracts.shp, study_areas/definitions/max_city_1349008_march_2020.shp, 1167.3652671522025, 0.06368254708800013, 5.455237437666297e-05
census_geographies/2000_tracts.shp, study_areas/definitions/max_city_1366668_march_2020.shp, 1167.3652671522025, 0.007459379389499952, 6.3899274711994574e-06
census_geographies/2000_tracts.shp, study_areas/definitions/max_city_1369000_march_2020.shp, 1167.3652671522025, 0.030985862440499806, 2.6543416454465947e-05
census_geographies/2000_tracts.shp, study_areas/definitions/max_city_1378800_march_2020.shp, 1167.3652671522025, 0.008512397948, 7.291974660824085e-06
census_geographies/2000_tracts.shp, study_areas/definitions/max_city_1522700_march_2020.shp, 1167.3652671522025, 0.0024252441220000086, 2.077536646191652e-06
census_geographies/2000_tracts.shp, study_areas/definitions/max_city_1571550_march_2020.shp, 1167.3652671522025, 0.011472244350000119, 9.827467608306317e-06
census_geographies/2000_tracts.shp, study_areas/definitions/max_city_1608830_march_2020.shp, 1167.3652671522025, 0.02029586895450027, 1.7386048330881228e-05
census_geographies/2000_tracts.shp, study_areas/definitions/max_city_1616750_march_2020.shp, 1167.3652671522025, 0.0033093985589998814, 2.8349297791540324e-06
census_geographies/2000_tracts.shp, study_areas/definitions/max_city_1639700_march_2020.shp, 1167.3652671522025, 0.004410815498000008, 3.778436468955625e-06
census_geographies/2000_tracts.shp, study_areas/definitions/max_city_1646540_march_2020.shp, 1167.3652671522025, 0.004835445973000072, 4.142187633178588e-06
census_geographies/2000_tracts.shp, study_areas/definitions/max_city_1664090_march_2020.shp, 1167.3652671522025, 0.007023653016999766, 6.016671229335123e-06
census_geographies/2000_tracts.shp, study_areas/definitions/max_city_1682810_march_2020.shp, 1167.3652671522025, 0.0055840257710000115, 4.783443475770261e-06
census_geographies/2000_tracts.shp, study_areas/definitions/max_city_1706613_march_2020.shp, 1167.3652671522025, 0.005408286602999993, 4.632900048665619e-06
census_geographies/2000_tracts.shp, study_areas/definitions/max_city_1711163_march_2020.shp, 1167.3652671522025, 0.001945636353500047, 1.6666902881618566e-06
census_geographies/2000_tracts.shp, study_areas/definitions/max_city_1712385_march_2020.shp, 1167.3652671522025, 0.009443477568999992, 8.089565309782975e-06
census_geographies/2000_tracts.shp, study_areas/definitions/max_city_1714000_march_2020.shp, 1167.3652671522025, 0.06493927416399997, 5.5628924374647434e-05
census_geographies/2000_tracts.shp, study_areas/definitions/max_city_1718563_march_2020.shp, 1167.3652671522025, 0.0034488550425000025, 2.9543923736171404e-06
census_geographies/2000_tracts.shp, study_areas/definitions/max_city_1718823_march_2020.shp, 1167.3652671522025, 0.034947707552499846, 2.9937251463507286e-05
census_geographies/2000_tracts.shp, study_areas/definitions/max_city_1738934_march_2020.shp, 1167.3652671522025, 0.0023874002405001285, 2.0451184455095293e-06
census_geographies/2000_tracts.shp, study_areas/definitions/max_city_1759000_march_2020.shp, 1167.3652671522025, 0.013216904909500005, 1.1321996020785128e-05
census_geographies/2000_tracts.shp, study_areas/definitions/max_city_1765000_march_2020.shp, 1167.3652671522025, 0.015160695436000002, 1.2987105118335966e-05
census_geographies/2000_tracts.shp, study_areas/definitions/max_city_1772000_march_2020.shp, 1167.3652671522025, 0.017220404812000056, 1.4751513769130189e-05
census_geographies/2000_tracts.shp, study_areas/definitions/max_city_1805860_march_2020.shp, 1167.3652671522025, 0.004192260261999974, 3.5912155175106667e-06
census_geographies/2000_tracts.shp, study_areas/definitions/max_city_1814734_march_2020.shp, 1167.3652671522025, 0.00692887694700005, 5.9354832133245705e-06
census_geographies/2000_tracts.shp, study_areas/definitions/max_city_1820728_march_2020.shp, 1167.3652671522025, 0.011182073558499834, 9.578898630227878e-06
census_geographies/2000_tracts.shp, study_areas/definitions/max_city_1822000_march_2020.shp, 1167.3652671522025, 0.01304817279799998, 1.1177455047837005e-05
census_geographies/2000_tracts.shp, study_areas/definitions/max_city_1825000_march_2020.shp, 1167.3652671522025, 0.02859504576450017, 2.4495371388132892e-05
census_geographies/2000_tracts.shp, study_areas/definitions/max_city_1836003_march_2020.shp, 1167.3652671522025, 0.10045092807399976, 8.604926915381905e-05
census_geographies/2000_tracts.shp, study_areas/definitions/max_city_1840392_march_2020.shp, 1167.3652671522025, 0.009583849071499971, 8.20981173688665e-06
census_geographies/2000_tracts.shp, study_areas/definitions/max_city_1840788_march_2020.shp, 1167.3652671522025, 0.007483345639000121, 6.410457677275088e-06
census_geographies/2000_tracts.shp, study_areas/definitions/max_city_1848798_march_2020.shp, 1167.3652671522025, 0.004857984675500072, 4.161494959800515e-06
census_geographies/2000_tracts.shp, study_areas/definitions/max_city_1851876_march_2020.shp, 1167.3652671522025, 0.008320644521500043, 7.1277129409532e-06
census_geographies/2000_tracts.shp, study_areas/definitions/max_city_1871000_march_2020.shp, 1167.3652671522025, 0.01169613118699996, 1.0019255768618824e-05
census_geographies/2000_tracts.shp, study_areas/definitions/max_city_1875428_march_2020.shp, 1167.3652671522025, 0.007092479195499958, 6.075629792209016e-06
census_geographies/2000_tracts.shp, study_areas/definitions/max_city_1901855_march_2020.shp, 1167.3652671522025, 0.004218902681999971, 3.6140382112721414e-06
census_geographies/2000_tracts.shp, study_areas/definitions/max_city_1912000_march_2020.shp, 1167.3652671522025, 0.015524068123999861, 1.3298381030190283e-05
census_geographies/2000_tracts.shp, study_areas/definitions/max_city_1919000_march_2020.shp, 1167.3652671522025, 0.016066698256999926, 1.3763214230448e-05
census_geographies/2000_tracts.shp, study_areas/definitions/max_city_1921000_march_2020.shp, 1167.3652671522025, 0.026374147808499962, 2.259288377907621e-05
census_geographies/2000_tracts.shp, study_areas/definitions/max_city_1922395_march_2020.shp, 1167.3652671522025, 0.007290751784500034, 6.245476021644781e-06
census_geographies/2000_tracts.shp, study_areas/definitions/max_city_1973335_march_2020.shp, 1167.3652671522025, 0.016194768988500113, 1.3872923449236578e-05
census_geographies/2000_tracts.shp, study_areas/definitions/max_city_1982425_march_2020.shp, 1167.3652671522025, 0.01809695678899987, 1.550239440749128e-05
census_geographies/2000_tracts.shp, study_areas/definitions/max_city_2038900_march_2020.shp, 1167.3652671522025, 0.013063451866000258, 1.1190543554434047e-05
census_geographies/2000_tracts.shp, study_areas/definitions/max_city_2044250_march_2020.shp, 1167.3652671522025, 0.007712764688499885, 6.606984896265794e-06
census_geographies/2000_tracts.shp, study_areas/definitions/max_city_2071000_march_2020.shp, 1167.3652671522025, 0.015515986817500167, 1.3291458341356642e-05
census_geographies/2000_tracts.shp, study_areas/definitions/max_city_2079000_march_2020.shp, 1167.3652671522025, 0.03772282049799996, 3.2314496207365415e-05
census_geographies/2000_tracts.shp, study_areas/definitions/max_city_2108902_march_2020.shp, 1167.3652671522025, 0.016713258027500014, 1.4317076666390931e-05
census_geographies/2000_tracts.shp, study_areas/definitions/max_city_2146027_march_2020.shp, 1167.3652671522025, 0.0759029562824998, 6.50207423659826e-05
census_geographies/2000_tracts.shp, study_areas/definitions/max_city_2148006_march_2020.shp, 1167.3652671522025, 0.07005742226450032, 6.001328310495823e-05
census_geographies/2000_tracts.shp, study_areas/definitions/max_city_2158620_march_2020.shp, 1167.3652671522025, 0.0032698857204999194, 2.8010818999924793e-06
census_geographies/2000_tracts.shp, study_areas/definitions/max_city_2200975_march_2020.shp, 1167.3652671522025, 0.005632934676499954, 4.825340306930277e-06
census_geographies/2000_tracts.shp, study_areas/definitions/max_city_2205000_march_2020.shp, 1167.3652671522025, 0.01943402063699997, 1.6647763286986796e-05
census_geographies/2000_tracts.shp, study_areas/definitions/max_city_2232755_march_2020.shp, 1167.3652671522025, 0.001252647598999963, 1.0730553959822768e-06
census_geographies/2000_tracts.shp, study_areas/definitions/max_city_2236255_march_2020.shp, 1167.3652671522025, 0.0019493019010000054, 1.6698303057751101e-06
census_geographies/2000_tracts.shp, study_areas/definitions/max_city_2240735_march_2020.shp, 1167.3652671522025, 0.017944575876000065, 1.5371860360190442e-05
census_geographies/2000_tracts.shp, study_areas/definitions/max_city_2241155_march_2020.shp, 1167.3652671522025, 0.008141751977500012, 6.974468237659568e-06
census_geographies/2000_tracts.shp, study_areas/definitions/max_city_2251410_march_2020.shp, 1167.3652671522025, 0.006612257993499919, 5.664257948697222e-06
census_geographies/2000_tracts.shp, study_areas/definitions/max_city_2255000_march_2020.shp, 1167.3652671522025, 0.0848244018704996, 7.266311946853571e-05
census_geographies/2000_tracts.shp, study_areas/definitions/max_city_2270000_march_2020.shp, 1167.3652671522025, 0.024660181948000022, 2.112464936374092e-05
census_geographies/2000_tracts.shp, study_areas/definitions/max_city_2302795_march_2020.shp, 1167.3652671522025, 0.010195599527999873, 8.733855473421891e-06
census_geographies/2000_tracts.shp, study_areas/definitions/max_city_2338740_march_2020.shp, 1167.3652671522025, 0.010353080383499856, 8.868758283991337e-06
census_geographies/2000_tracts.shp, study_areas/definitions/max_city_2360545_march_2020.shp, 1167.3652671522025, 0.005880654970499876, 5.037544919291443e-06
census_geographies/2000_tracts.shp, study_areas/definitions/max_city_2404000_march_2020.shp, 1167.3652671522025, 0.02489621041800008, 2.132683840999878e-05
census_geographies/2000_tracts.shp, study_areas/definitions/max_city_2421325_march_2020.shp, 1167.3652671522025, 0.0027901944789999866, 2.3901640364944982e-06
census_geographies/2000_tracts.shp, study_areas/definitions/max_city_2436075_march_2020.shp, 1167.3652671522025, 0.0029373854004999915, 2.5162521818605825e-06
census_geographies/2000_tracts.shp, study_areas/definitions/max_city_2469925_march_2020.shp, 1167.3652671522025, 0.0011174398420000244, 9.572323877050312e-07
census_geographies/2000_tracts.shp, study_areas/definitions/max_city_2503690_march_2020.shp, 1167.3652671522025, 0.02135313475549982, 1.8291733835452357e-05
census_geographies/2000_tracts.shp, study_areas/definitions/max_city_2507000_march_2020.shp, 1167.3652671522025, 0.025386028294499652, 2.174643105189268e-05
census_geographies/2000_tracts.shp, study_areas/definitions/max_city_2553960_march_2020.shp, 1167.3652671522025, 0.011981488959500058, 1.0263701770679714e-05
census_geographies/2000_tracts.shp, study_areas/definitions/max_city_2567000_march_2020.shp, 1167.3652671522025, 0.009327106349999947, 7.989878243296978e-06
census_geographies/2000_tracts.shp, study_areas/definitions/max_city_2582000_march_2020.shp, 1167.3652671522025, 0.010910579123999852, 9.34632837810594e-06
census_geographies/2000_tracts.shp, study_areas/definitions/max_city_2603000_march_2020.shp, 1167.3652671522025, 0.008544104517999848, 7.319135456927945e-06
census_geographies/2000_tracts.shp, study_areas/definitions/max_city_2605920_march_2020.shp, 1167.3652671522025, 0.013050080064499923, 1.1179088869361091e-05
census_geographies/2000_tracts.shp, study_areas/definitions/max_city_2622000_march_2020.shp, 1167.3652671522025, 0.039391578183499885, 3.3744003947963925e-05
census_geographies/2000_tracts.shp, study_areas/definitions/max_city_2629000_march_2020.shp, 1167.3652671522025, 0.009744246130000076, 8.347212654160294e-06
census_geographies/2000_tracts.shp, study_areas/definitions/max_city_2634000_march_2020.shp, 1167.3652671522025, 0.012398784702499846, 1.0621169784112891e-05
census_geographies/2000_tracts.shp, study_areas/definitions/max_city_2641420_march_2020.shp, 1167.3652671522025, 0.003075890130000129, 2.63489947538339e-06
census_geographies/2000_tracts.shp, study_areas/definitions/max_city_2642160_march_2020.shp, 1167.3652671522025, 0.007068224690000032, 6.0548526574231784e-06
census_geographies/2000_tracts.shp, study_areas/definitions/max_city_2646000_march_2020.shp, 1167.3652671522025, 0.009775755650999977, 8.374204652197693e-06
census_geographies/2000_tracts.shp, study_areas/definitions/max_city_2653780_march_2020.shp, 1167.3652671522025, 0.007373355878999991, 6.316237159417425e-06
census_geographies/2000_tracts.shp, study_areas/definitions/max_city_2656320_march_2020.shp, 1167.3652671522025, 0.004902219421999906, 4.199387766571907e-06
census_geographies/2000_tracts.shp, study_areas/definitions/max_city_2670520_march_2020.shp, 1167.3652671522025, 0.005229535306500042, 4.479776342204817e-06
census_geographies/2000_tracts.shp, study_areas/definitions/max_city_2717000_march_2020.shp, 1167.3652671522025, 0.02901534570349997, 2.4855412885705563e-05
census_geographies/2000_tracts.shp, study_areas/definitions/max_city_2739878_march_2020.shp, 1167.3652671522025, 0.0031877199344999834, 2.7306962303893565e-06
census_geographies/2000_tracts.shp, study_areas/definitions/max_city_2743000_march_2020.shp, 1167.3652671522025, 0.017047146716000043, 1.4603095702501671e-05
census_geographies/2000_tracts.shp, study_areas/definitions/max_city_2754880_march_2020.shp, 1167.3652671522025, 0.015353812016000125, 1.3152534556262652e-05
census_geographies/2000_tracts.shp, study_areas/definitions/max_city_2756896_march_2020.shp, 1167.3652671522025, 0.00940984689550005, 8.06075626907716e-06
census_geographies/2000_tracts.shp, study_areas/definitions/max_city_2829700_march_2020.shp, 1167.3652671522025, 0.010121878544000006, 8.670703873769017e-06
census_geographies/2000_tracts.shp, study_areas/definitions/max_city_2831020_march_2020.shp, 1167.3652671522025, 0.025385077685499906, 2.1745616731793828e-05
census_geographies/2000_tracts.shp, study_areas/definitions/max_city_2836000_march_2020.shp, 1167.3652671522025, 0.03306223825250011, 2.832210207277772e-05
census_geographies/2000_tracts.shp, study_areas/definitions/max_city_2911242_march_2020.shp, 1167.3652671522025, 0.007136487384499935, 6.113328523050422e-06
census_geographies/2000_tracts.shp, study_areas/definitions/max_city_2915670_march_2020.shp, 1167.3652671522025, 0.010205644824000003, 8.742460574398244e-06
census_geographies/2000_tracts.shp, study_areas/definitions/max_city_2937000_march_2020.shp, 1167.3652671522025, 0.0023844998419999468, 2.042633877412641e-06
census_geographies/2000_tracts.shp, study_areas/definitions/max_city_2937592_march_2020.shp, 1167.3652671522025, 0.003964921612500039, 3.3964704313779177e-06
census_geographies/2000_tracts.shp, study_areas/definitions/max_city_2938000_march_2020.shp, 1167.3652671522025, 0.07682502106799959, 6.581061063724714e-05
census_geographies/2000_tracts.shp, study_areas/definitions/max_city_2964550_march_2020.shp, 1167.3652671522025, 0.010123360538000037, 8.67197339415114e-06
census_geographies/2000_tracts.shp, study_areas/definitions/max_city_2965000_march_2020.shp, 1167.3652671522025, 0.017694119008000005, 1.515731151669859e-05
census_geographies/2000_tracts.shp, study_areas/definitions/max_city_2970000_march_2020.shp, 1167.3652671522025, 0.020468318853999946, 1.753377407221699e-05
census_geographies/2000_tracts.shp, study_areas/definitions/max_city_3006550_march_2020.shp, 1167.3652671522025, 0.011644438277499917, 9.974974076371678e-06
census_geographies/2000_tracts.shp, study_areas/definitions/max_city_3032800_march_2020.shp, 1167.3652671522025, 0.003968778591500016, 3.39977443493919e-06
census_geographies/2000_tracts.shp, study_areas/definitions/max_city_3050200_march_2020.shp, 1167.3652671522025, 0.016358977791999785, 1.4013589621273941e-05
census_geographies/2000_tracts.shp, study_areas/definitions/max_city_3119595_march_2020.shp, 1167.3652671522025, 0.007257967815499953, 6.217392293335767e-06
census_geographies/2000_tracts.shp, study_areas/definitions/max_city_3128000_march_2020.shp, 1167.3652671522025, 0.025430319967000032, 2.1784372623178617e-05
census_geographies/2000_tracts.shp, study_areas/definitions/max_city_3137000_march_2020.shp, 1167.3652671522025, 0.03507308173799992, 3.0044650740347105e-05
census_geographies/2000_tracts.shp, study_areas/definitions/max_city_3209700_march_2020.shp, 1167.3652671522025, 0.042438145167999645, 3.635378433995031e-05
census_geographies/2000_tracts.shp, study_areas/definitions/max_city_3240000_march_2020.shp, 1167.3652671522025, 0.022148202384500052, 1.8972812544381057e-05
census_geographies/2000_tracts.shp, study_areas/definitions/max_city_3260600_march_2020.shp, 1167.3652671522025, 0.04091695790925004, 3.505068984026508e-05
census_geographies/2000_tracts.shp, study_areas/definitions/max_city_3345140_march_2020.shp, 1167.3652671522025, 0.009992888497000016, 8.560207141829525e-06
census_geographies/2000_tracts.shp, study_areas/definitions/max_city_3454360_march_2020.shp, 1167.3652671522025, 0.0029178619134999847, 2.4995277790113918e-06
census_geographies/2000_tracts.shp, study_areas/definitions/max_city_3474000_march_2020.shp, 1167.3652671522025, 0.0022349037539999735, 1.9144853944918545e-06
census_geographies/2000_tracts.shp, study_areas/definitions/max_city_3476070_march_2020.shp, 1167.3652671522025, 0.018707839831000047, 1.602569509082447e-05
census_geographies/2000_tracts.shp, study_areas/definitions/max_city_3502000_march_2020.shp, 1167.3652671522025, 0.03286525747299995, 2.8153362445993465e-05
census_geographies/2000_tracts.shp, study_areas/definitions/max_city_3525800_march_2020.shp, 1167.3652671522025, 0.007321616567499908, 6.271915717829308e-06
census_geographies/2000_tracts.shp, study_areas/definitions/max_city_3570500_march_2020.shp, 1167.3652671522025, 0.008972083913999911, 7.685755407035012e-06
census_geographies/2000_tracts.shp, study_areas/definitions/max_city_3601000_march_2020.shp, 1167.3652671522025, 0.006218975631999983, 5.327360516020172e-06
census_geographies/2000_tracts.shp, study_areas/definitions/max_city_3606607_march_2020.shp, 1167.3652671522025, 0.0031274798905002086, 2.6790928071123125e-06
census_geographies/2000_tracts.shp, study_areas/definitions/max_city_3611000_march_2020.shp, 1167.3652671522025, 0.014975792023500125, 1.2828711325319536e-05
census_geographies/2000_tracts.shp, study_areas/definitions/max_city_3624229_march_2020.shp, 1167.3652671522025, 0.002135120949000066, 1.8290084595447248e-06
census_geographies/2000_tracts.shp, study_areas/definitions/max_city_3629333_march_2020.shp, 1167.3652671522025, 0.0011277320520000705, 9.660490025981177e-07
census_geographies/2000_tracts.shp, study_areas/definitions/max_city_3638077_march_2020.shp, 1167.3652671522025, 0.00043953994450006016, 3.765230616911548e-07
census_geographies/2000_tracts.shp, study_areas/definitions/max_city_3639853_march_2020.shp, 1167.3652671522025, 0.0002805081315000579, 2.4029165454302055e-07
census_geographies/2000_tracts.shp, study_areas/definitions/max_city_3651000_march_2020.shp, 1167.3652671522025, 0.12921608544150004, 0.00011069036322857521
census_geographies/2000_tracts.shp, study_areas/definitions/max_city_3659641_march_2020.shp, 1167.3652671522025, 0.001585678634000075, 1.3583397404553174e-06
census_geographies/2000_tracts.shp, study_areas/definitions/max_city_3663000_march_2020.shp, 1167.3652671522025, 0.01101608175499988, 9.436705087066455e-06
census_geographies/2000_tracts.shp, study_areas/definitions/max_city_3673000_march_2020.shp, 1167.3652671522025, 0.007302486006499854, 6.255527907142835e-06
census_geographies/2000_tracts.shp, study_areas/definitions/max_city_3676540_march_2020.shp, 1167.3652671522025, 0.004761586176000036, 4.0789171221583165e-06
census_geographies/2000_tracts.shp, study_areas/definitions/max_city_3678608_march_2020.shp, 1167.3652671522025, 0.002611798265000018, 2.2373445043225606e-06
census_geographies/2000_tracts.shp, study_areas/definitions/max_city_3702140_march_2020.shp, 1167.3652671522025, 0.007824096164999994, 6.7023547686037835e-06
census_geographies/2000_tracts.shp, study_areas/definitions/max_city_3709060_march_2020.shp, 1167.3652671522025, 0.007124179845999872, 6.102785517492198e-06
census_geographies/2000_tracts.shp, study_areas/definitions/max_city_3712000_march_2020.shp, 1167.3652671522025, 0.0739605690949999, 6.335683541058861e-05
census_geographies/2000_tracts.shp, study_areas/definitions/max_city_3722920_march_2020.shp, 1167.3652671522025, 0.04105006796950002, 3.516471589877092e-05
census_geographies/2000_tracts.shp, study_areas/definitions/max_city_3726880_march_2020.shp, 1167.3652671522025, 0.008369061766999896, 7.169188601453163e-06
census_geographies/2000_tracts.shp, study_areas/definitions/max_city_3728000_march_2020.shp, 1167.3652671522025, 0.024577341999499937, 2.1053686186378128e-05
census_geographies/2000_tracts.shp, study_areas/definitions/max_city_3728080_march_2020.shp, 1167.3652671522025, 0.009863663676000101, 8.44950929546036e-06
census_geographies/2000_tracts.shp, study_areas/definitions/max_city_3731060_march_2020.shp, 1167.3652671522025, 0.00727514418649992, 6.2321060864246e-06
census_geographies/2000_tracts.shp, study_areas/definitions/max_city_3734200_march_2020.shp, 1167.3652671522025, 0.01493537564300015, 1.2794089445058724e-05
census_geographies/2000_tracts.shp, study_areas/definitions/max_city_3746340_march_2020.shp, 1167.3652671522025, 0.014456446062500124, 1.2383824043152104e-05
census_geographies/2000_tracts.shp, study_areas/definitions/max_city_3755000_march_2020.shp, 1167.3652671522025, 0.028514753646999916, 2.4426590759002023e-05
census_geographies/2000_tracts.shp, study_areas/definitions/max_city_3757500_march_2020.shp, 1167.3652671522025, 0.007803124520999964, 6.684389831158634e-06
census_geographies/2000_tracts.shp, study_areas/definitions/max_city_3774440_march_2020.shp, 1167.3652671522025, 0.015203586530500088, 1.3023846912620046e-05
census_geographies/2000_tracts.shp, study_areas/definitions/max_city_3775000_march_2020.shp, 1167.3652671522025, 0.03720375823400007, 3.186985194853275e-05
census_geographies/2000_tracts.shp, study_areas/definitions/max_city_3807200_march_2020.shp, 1167.3652671522025, 0.00490330158100007, 4.200314776335359e-06
census_geographies/2000_tracts.shp, study_areas/definitions/max_city_3825700_march_2020.shp, 1167.3652671522025, 0.013174261422000077, 1.1285466334062516e-05
census_geographies/2000_tracts.shp, study_areas/definitions/max_city_3832060_march_2020.shp, 1167.3652671522025, 0.005681709989499874, 4.867122698759449e-06
census_geographies/2000_tracts.shp, study_areas/definitions/max_city_3901000_march_2020.shp, 1167.3652671522025, 0.01673927956099998, 1.4339367490207752e-05
census_geographies/2000_tracts.shp, study_areas/definitions/max_city_3912000_march_2020.shp, 1167.3652671522025, 0.008680581709499903, 7.436045900762711e-06
census_geographies/2000_tracts.shp, study_areas/definitions/max_city_3915000_march_2020.shp, 1167.3652671522025, 0.022553132480499873, 1.9319687774777153e-05
census_geographies/2000_tracts.shp, study_areas/definitions/max_city_3916000_march_2020.shp, 1167.3652671522025, 0.022998159225999997, 1.9700910994297615e-05
census_geographies/2000_tracts.shp, study_areas/definitions/max_city_3918000_march_2020.shp, 1167.3652671522025, 0.05280858748899991, 4.523741537884445e-05
census_geographies/2000_tracts.shp, study_areas/definitions/max_city_3921000_march_2020.shp, 1167.3652671522025, 0.020156742092000184, 1.726686809962466e-05
census_geographies/2000_tracts.shp, study_areas/definitions/max_city_3943554_march_2020.shp, 1167.3652671522025, 0.0033346408544999836, 2.8565530843956567e-06
census_geographies/2000_tracts.shp, study_areas/definitions/max_city_3947138_march_2020.shp, 1167.3652671522025, 0.00750863882750009, 6.432124578982445e-06
census_geographies/2000_tracts.shp, study_areas/definitions/max_city_3974118_march_2020.shp, 1167.3652671522025, 0.01237845926200035, 1.0603758403912176e-05
census_geographies/2000_tracts.shp, study_areas/definitions/max_city_3977000_march_2020.shp, 1167.3652671522025, 0.02345487458800016, 2.0092147032281102e-05
census_geographies/2000_tracts.shp, study_areas/definitions/max_city_3988000_march_2020.shp, 1167.3652671522025, 0.00945417466299996, 8.098728760419179e-06
census_geographies/2000_tracts.shp, study_areas/definitions/max_city_4023950_march_2020.shp, 1167.3652671522025, 0.0059147533920002274, 5.0667546469232536e-06
census_geographies/2000_tracts.shp, study_areas/definitions/max_city_4041850_march_2020.shp, 1167.3652671522025, 0.013235251419499999, 1.1337712189936496e-05
census_geographies/2000_tracts.shp, study_areas/definitions/max_city_4055000_march_2020.shp, 1167.3652671522025, 0.15276036084049938, 0.00013085909366925021
census_geographies/2000_tracts.shp, study_areas/definitions/max_city_4075000_march_2020.shp, 1167.3652671522025, 0.04905066731149981, 4.201826856743762e-05
census_geographies/2000_tracts.shp, study_areas/definitions/max_city_4105800_march_2020.shp, 1167.3652671522025, 0.00892058964899996, 7.641643879607464e-06
census_geographies/2000_tracts.shp, study_areas/definitions/max_city_4115800_march_2020.shp, 1167.3652671522025, 0.0019282323365000474, 1.6517814867012334e-06
census_geographies/2000_tracts.shp, study_areas/definitions/max_city_4123850_march_2020.shp, 1167.3652671522025, 0.011255681023499987, 9.641952986110608e-06
census_geographies/2000_tracts.shp, study_areas/definitions/max_city_4130550_march_2020.shp, 1167.3652671522025, 0.0036299568369999877, 3.109529586960642e-06
census_geographies/2000_tracts.shp, study_areas/definitions/max_city_4147000_march_2020.shp, 1167.3652671522025, 0.005905081438500162, 5.058469362297937e-06
census_geographies/2000_tracts.shp, study_areas/definitions/max_city_4159000_march_2020.shp, 1167.3652671522025, 0.04569885570650012, 3.9147006504641745e-05
census_geographies/2000_tracts.shp, study_areas/definitions/max_city_4164900_march_2020.shp, 1167.3652671522025, 0.013959802419999981, 1.1958384245965308e-05
census_geographies/2000_tracts.shp, study_areas/definitions/max_city_4202000_march_2020.shp, 1167.3652671522025, 0.004945294756499896, 4.236287386349934e-06
census_geographies/2000_tracts.shp, study_areas/definitions/max_city_4202184_march_2020.shp, 1167.3652671522025, 0.002687260626000069, 2.3019878195928033e-06
census_geographies/2000_tracts.shp, study_areas/definitions/max_city_4207128_march_2020.shp, 1167.3652671522025, 0.001300562550499954, 1.1141007764199523e-06
census_geographies/2000_tracts.shp, study_areas/definitions/max_city_4212536_march_2020.shp, 1167.3652671522025, 0.001870106073999924, 1.6019887918732274e-06
census_geographies/2000_tracts.shp, study_areas/definitions/max_city_4221872_march_2020.shp, 1167.3652671522025, 0.0007915879660000158, 6.780979255371383e-07
census_geographies/2000_tracts.shp, study_areas/definitions/max_city_4224000_march_2020.shp, 1167.3652671522025, 0.005532648162499924, 4.7394318797893195e-06
census_geographies/2000_tracts.shp, study_areas/definitions/max_city_4232448_march_2020.shp, 1167.3652671522025, 0.0010121551339999507, 8.670423581036567e-07
census_geographies/2000_tracts.shp, study_areas/definitions/max_city_4232800_march_2020.shp, 1167.3652671522025, 0.003228542033500009, 2.7656656612510537e-06
census_geographies/2000_tracts.shp, study_areas/definitions/max_city_4238288_march_2020.shp, 1167.3652671522025, 0.0016416841050000486, 1.4063157018582117e-06
census_geographies/2000_tracts.shp, study_areas/definitions/max_city_4241216_march_2020.shp, 1167.3652671522025, 0.0020126868685000072, 1.724127764577041e-06
census_geographies/2000_tracts.shp, study_areas/definitions/max_city_4242168_march_2020.shp, 1167.3652671522025, 0.0011475744195000063, 9.830465680202427e-07
census_geographies/2000_tracts.shp, study_areas/definitions/max_city_4260000_march_2020.shp, 1167.3652671522025, 0.03898573172400006, 3.3396343733188224e-05
census_geographies/2000_tracts.shp, study_areas/definitions/max_city_4261000_march_2020.shp, 1167.3652671522025, 0.01601765894350004, 1.3721205687895147e-05
census_geographies/2000_tracts.shp, study_areas/definitions/max_city_4263624_march_2020.shp, 1167.3652671522025, 0.0027922068285000626, 2.391887875259194e-06
census_geographies/2000_tracts.shp, study_areas/definitions/max_city_4269000_march_2020.shp, 1167.3652671522025, 0.007117447327000153, 6.097018240368952e-06
census_geographies/2000_tracts.shp, study_areas/definitions/max_city_4273808_march_2020.shp, 1167.3652671522025, 0.0012523836209999673, 1.0728292645327437e-06
census_geographies/2000_tracts.shp, study_areas/definitions/max_city_4285312_march_2020.shp, 1167.3652671522025, 0.002649307280499966, 2.269475848774372e-06
census_geographies/2000_tracts.shp, study_areas/definitions/max_city_4287048_march_2020.shp, 1167.3652671522025, 0.0014369822814999098, 1.2309619978718746e-06
census_geographies/2000_tracts.shp, study_areas/definitions/max_city_4459000_march_2020.shp, 1167.3652671522025, 0.005775536424500011, 4.947497229028821e-06
census_geographies/2000_tracts.shp, study_areas/definitions/max_city_4513330_march_2020.shp, 1167.3652671522025, 0.020135382692000017, 1.7248570998793253e-05
census_geographies/2000_tracts.shp, study_areas/definitions/max_city_4516000_march_2020.shp, 1167.3652671522025, 0.0323740037435001, 2.7732539809477765e-05
census_geographies/2000_tracts.shp, study_areas/definitions/max_city_4525810_march_2020.shp, 1167.3652671522025, 0.005645388202000027, 4.836008369318714e-06
census_geographies/2000_tracts.shp, study_areas/definitions/max_city_4530850_march_2020.shp, 1167.3652671522025, 0.0076654186179999405, 6.5664268363061676e-06
census_geographies/2000_tracts.shp, study_areas/definitions/max_city_4534045_march_2020.shp, 1167.3652671522025, 0.014560962501000245, 1.2473355950123339e-05
census_geographies/2000_tracts.shp, study_areas/definitions/max_city_4549075_march_2020.shp, 1167.3652671522025, 0.004200565292000044, 3.598329854585582e-06
census_geographies/2000_tracts.shp, study_areas/definitions/max_city_4568290_march_2020.shp, 1167.3652671522025, 0.005140888517500022, 4.403838851605773e-06
census_geographies/2000_tracts.shp, study_areas/definitions/max_city_4570405_march_2020.shp, 1167.3652671522025, 0.004878900024000126, 4.179411672836767e-06
census_geographies/2000_tracts.shp, study_areas/definitions/max_city_4652980_march_2020.shp, 1167.3652671522025, 0.01750931141249975, 1.4998999803389614e-05
census_geographies/2000_tracts.shp, study_areas/definitions/max_city_4659020_march_2020.shp, 1167.3652671522025, 0.014253766334499991, 1.2210202526645473e-05
census_geographies/2000_tracts.shp, study_areas/definitions/max_city_4714000_march_2020.shp, 1167.3652671522025, 0.035716849088000074, 3.059612110537744e-05
census_geographies/2000_tracts.shp, study_areas/definitions/max_city_4715160_march_2020.shp, 1167.3652671522025, 0.02010361272850022, 1.7221355897921438e-05
census_geographies/2000_tracts.shp, study_areas/definitions/max_city_4715400_march_2020.shp, 1167.3652671522025, 0.008975618989999937, 7.688783658859438e-06
census_geographies/2000_tracts.shp, study_areas/definitions/max_city_4737640_march_2020.shp, 1167.3652671522025, 0.010391596435999939, 8.901752286454715e-06
census_geographies/2000_tracts.shp, study_areas/definitions/max_city_4738320_march_2020.shp, 1167.3652671522025, 0.012057242295000109, 1.0328594343408773e-05
census_geographies/2000_tracts.shp, study_areas/definitions/max_city_4740000_march_2020.shp, 1167.3652671522025, 0.02479504168049993, 2.124017424382314e-05
census_geographies/2000_tracts.shp, study_areas/definitions/max_city_4748000_march_2020.shp, 1167.3652671522025, 0.08473947283650014, 7.25903667180563e-05
census_geographies/2000_tracts.shp, study_areas/definitions/max_city_4750280_march_2020.shp, 1167.3652671522025, 0.0028211452580000616, 2.416677399424663e-06
census_geographies/2000_tracts.shp, study_areas/definitions/max_city_4752006_march_2020.shp, 1167.3652671522025, 0.1275621620335001, 0.00010927356297372894
census_geographies/2000_tracts.shp, study_areas/definitions/max_city_4801000_march_2020.shp, 1167.3652671522025, 0.05524389112800038, 4.7323569308146646e-05
census_geographies/2000_tracts.shp, study_areas/definitions/max_city_4803000_march_2020.shp, 1167.3652671522025, 0.029999987816500012, 2.5698886767194333e-05
census_geographies/2000_tracts.shp, study_areas/definitions/max_city_4805000_march_2020.shp, 1167.3652671522025, 0.09603853699450024, 8.226948299463036e-05
census_geographies/2000_tracts.shp, study_areas/definitions/max_city_4807000_march_2020.shp, 1167.3652671522025, 0.019112666595499917, 1.6372481804367394e-05
census_geographies/2000_tracts.shp, study_areas/definitions/max_city_4810768_march_2020.shp, 1167.3652671522025, 0.029932912517999784, 2.5641428060491622e-05
census_geographies/2000_tracts.shp, study_areas/definitions/max_city_4815976_march_2020.shp, 1167.3652671522025, 0.0069252282114999975, 5.932357597373229e-06
census_geographies/2000_tracts.shp, study_areas/definitions/max_city_4817000_march_2020.shp, 1167.3652671522025, 0.11756754222399972, 0.00010071187273783359
census_geographies/2000_tracts.shp, study_areas/definitions/max_city_4819000_march_2020.shp, 1167.3652671522025, 0.09476527221550007, 8.117876630566606e-05
census_geographies/2000_tracts.shp, study_areas/definitions/max_city_4824000_march_2020.shp, 1167.3652671522025, 0.06871055859950015, 5.88595194091393e-05
census_geographies/2000_tracts.shp, study_areas/definitions/max_city_4835000_march_2020.shp, 1167.3652671522025, 0.1485957667935, 0.000127291577858917
census_geographies/2000_tracts.shp, study_areas/definitions/max_city_4839148_march_2020.shp, 1167.3652671522025, 0.011445631059500128, 9.804669867745716e-06
census_geographies/2000_tracts.shp, study_areas/definitions/max_city_4841464_march_2020.shp, 1167.3652671522025, 0.010525346000499931, 9.016326163426638e-06
census_geographies/2000_tracts.shp, study_areas/definitions/max_city_4843888_march_2020.shp, 1167.3652671522025, 0.009824811880500026, 8.41622768550219e-06
census_geographies/2000_tracts.shp, study_areas/definitions/max_city_4845000_march_2020.shp, 1167.3652671522025, 0.023464171965999973, 2.0100111444330547e-05
census_geographies/2000_tracts.shp, study_areas/definitions/max_city_4845384_march_2020.shp, 1167.3652671522025, 0.01320900929250002, 1.1315232399130318e-05
census_geographies/2000_tracts.shp, study_areas/definitions/max_city_4848072_march_2020.shp, 1167.3652671522025, 0.008147884545500013, 6.9797215788138415e-06
census_geographies/2000_tracts.shp, study_areas/definitions/max_city_4853388_march_2020.shp, 1167.3652671522025, 0.008398001981500083, 7.1939796547031764e-06
census_geographies/2000_tracts.shp, study_areas/definitions/max_city_4864472_march_2020.shp, 1167.3652671522025, 0.01541603688250022, 1.3205838237853156e-05
census_geographies/2000_tracts.shp, study_areas/definitions/max_city_4865000_march_2020.shp, 1167.3652671522025, 0.11215993831349969, 9.607955750398057e-05
census_geographies/2000_tracts.shp, study_areas/definitions/max_city_4867496_march_2020.shp, 1167.3652671522025, 0.020905469571500006, 1.7908250450605813e-05
census_geographies/2000_tracts.shp, study_areas/definitions/max_city_4872368_march_2020.shp, 1167.3652671522025, 0.007835005927999988, 6.7117003978656585e-06
census_geographies/2000_tracts.shp, study_areas/definitions/max_city_4874144_march_2020.shp, 1167.3652671522025, 0.01562041802199996, 1.3380917234334119e-05
census_geographies/2000_tracts.shp, study_areas/definitions/max_city_4875428_march_2020.shp, 1167.3652671522025, 0.005853667921000045, 5.014427005593646e-06
census_geographies/2000_tracts.shp, study_areas/definitions/max_city_4876000_march_2020.shp, 1167.3652671522025, 0.03264930754500001, 2.7968373279297812e-05
census_geographies/2000_tracts.shp, study_areas/definitions/max_city_4879000_march_2020.shp, 1167.3652671522025, 0.014133331255000202, 1.210703423571834e-05
census_geographies/2000_tracts.shp, study_areas/definitions/max_city_4945860_march_2020.shp, 1167.3652671522025, 0.0028339439159999493, 2.4276411126342484e-06
census_geographies/2000_tracts.shp, study_areas/definitions/max_city_4962470_march_2020.shp, 1167.3652671522025, 0.008671778576999859, 7.428504874189667e-06
census_geographies/2000_tracts.shp, study_areas/definitions/max_city_4965330_march_2020.shp, 1167.3652671522025, 0.017792852673999823, 1.5241889727801854e-05
census_geographies/2000_tracts.shp, study_areas/definitions/max_city_4967000_march_2020.shp, 1167.3652671522025, 0.024045570465999994, 2.0598154787198157e-05
census_geographies/2000_tracts.shp, study_areas/definitions/max_city_5010675_march_2020.shp, 1167.3652671522025, 0.004522163986999916, 3.873820914709732e-06
census_geographies/2000_tracts.shp, study_areas/definitions/max_city_5107784_march_2020.shp, 1167.3652671522025, 0.005392692910499981, 4.619542025312696e-06
census_geographies/2000_tracts.shp, study_areas/definitions/max_city_5114968_march_2020.shp, 1167.3652671522025, 0.0027275251794999533, 2.336479640304679e-06
census_geographies/2000_tracts.shp, study_areas/definitions/max_city_5135624_march_2020.shp, 1167.3652671522025, 0.004683596798499984, 4.012109088979201e-06
census_geographies/2000_tracts.shp, study_areas/definitions/max_city_5147672_march_2020.shp, 1167.3652671522025, 0.013084824899499957, 1.1208852334128888e-05
census_geographies/2000_tracts.shp, study_areas/definitions/max_city_5167000_march_2020.shp, 1167.3652671522025, 0.016497906062500043, 1.4132599732684206e-05
census_geographies/2000_tracts.shp, study_areas/definitions/max_city_5168000_march_2020.shp, 1167.3652671522025, 0.011303515647500012, 9.682929555609476e-06
census_geographies/2000_tracts.shp, study_areas/definitions/max_city_5175216_march_2020.shp, 1167.3652671522025, 0.0052612688534999464, 4.50696024761372e-06
census_geographies/2000_tracts.shp, study_areas/definitions/max_city_5182000_march_2020.shp, 1167.3652671522025, 0.13002279487900015, 0.00011138141465883413
census_geographies/2000_tracts.shp, study_areas/definitions/max_city_5186720_march_2020.shp, 1167.3652671522025, 0.0024981874194999836, 2.140022056330606e-06
census_geographies/2000_tracts.shp, study_areas/definitions/max_city_5305280_march_2020.shp, 1167.3652671522025, 0.0052517569285, 4.498812048187545e-06
census_geographies/2000_tracts.shp, study_areas/definitions/max_city_5335275_march_2020.shp, 1167.3652671522025, 0.007795405558499875, 6.677777537031604e-06
census_geographies/2000_tracts.shp, study_areas/definitions/max_city_5340245_march_2020.shp, 1167.3652671522025, 0.0036680529205000536, 3.142163831418678e-06
census_geographies/2000_tracts.shp, study_areas/definitions/max_city_5347560_march_2020.shp, 1167.3652671522025, 0.004923322392999996, 4.217465202652879e-06
census_geographies/2000_tracts.shp, study_areas/definitions/max_city_5351300_march_2020.shp, 1167.3652671522025, 0.005408063621999964, 4.632709036472347e-06
census_geographies/2000_tracts.shp, study_areas/definitions/max_city_5353545_march_2020.shp, 1167.3652671522025, 0.01087248874400004, 9.313699019436795e-06
census_geographies/2000_tracts.shp, study_areas/definitions/max_city_5363000_march_2020.shp, 1167.3652671522025, 0.04423289680299962, 3.7891222265766176e-05
census_geographies/2000_tracts.shp, study_areas/definitions/max_city_5367000_march_2020.shp, 1167.3652671522025, 0.017217670381999936, 1.474917137461404e-05
census_geographies/2000_tracts.shp, study_areas/definitions/max_city_5377105_march_2020.shp, 1167.3652671522025, 0.005265703508499921, 4.51075910571303e-06
census_geographies/2000_tracts.shp, study_areas/definitions/max_city_5380010_march_2020.shp, 1167.3652671522025, 0.006585027438999913, 5.64093144133382e-06
census_geographies/2000_tracts.shp, study_areas/definitions/max_city_5405332_march_2020.shp, 1167.3652671522025, 0.0022793144710001037, 1.9525289428565156e-06
census_geographies/2000_tracts.shp, study_areas/definitions/max_city_5414600_march_2020.shp, 1167.3652671522025, 0.00883492720950004, 7.568262872042544e-06
census_geographies/2000_tracts.shp, study_areas/definitions/max_city_5439460_march_2020.shp, 1167.3652671522025, 0.003533812123999993, 3.027169150424321e-06
census_geographies/2000_tracts.shp, study_areas/definitions/max_city_5455756_march_2020.shp, 1167.3652671522025, 0.002411143205499951, 2.065457379404439e-06
census_geographies/2000_tracts.shp, study_areas/definitions/max_city_5462140_march_2020.shp, 1167.3652671522025, 0.004064687938499995, 3.4819332499208543e-06
census_geographies/2000_tracts.shp, study_areas/definitions/max_city_5485156_march_2020.shp, 1167.3652671522025, 0.004035386371500197, 3.4568326513127776e-06
census_geographies/2000_tracts.shp, study_areas/definitions/max_city_5486452_march_2020.shp, 1167.3652671522025, 0.004672190673000057, 4.00233826075527e-06
census_geographies/2000_tracts.shp, study_areas/definitions/max_city_5502375_march_2020.shp, 1167.3652671522025, 0.004615703352500035, 3.953949532660058e-06
census_geographies/2000_tracts.shp, study_areas/definitions/max_city_5522300_march_2020.shp, 1167.3652671522025, 0.008992185778000155, 7.70297526492001e-06
census_geographies/2000_tracts.shp, study_areas/definitions/max_city_5526275_march_2020.shp, 1167.3652671522025, 0.005056500418500137, 4.331549482224628e-06
census_geographies/2000_tracts.shp, study_areas/definitions/max_city_5531000_march_2020.shp, 1167.3652671522025, 0.016540422740500178, 1.4169020790596828e-05
census_geographies/2000_tracts.shp, study_areas/definitions/max_city_5537825_march_2020.shp, 1167.3652671522025, 0.009154730818000103, 7.84221620738567e-06
census_geographies/2000_tracts.shp, study_areas/definitions/max_city_5540775_march_2020.shp, 1167.3652671522025, 0.00407526081800009, 3.4909902947016095e-06
census_geographies/2000_tracts.shp, study_areas/definitions/max_city_5548000_march_2020.shp, 1167.3652671522025, 0.03150695264600023, 2.698979790863721e-05
census_geographies/2000_tracts.shp, study_areas/definitions/max_city_5553000_march_2020.shp, 1167.3652671522025, 0.027695946961000074, 2.372517646388827e-05
census_geographies/2000_tracts.shp, study_areas/definitions/max_city_5566000_march_2020.shp, 1167.3652671522025, 0.004377984172999828, 3.7503121740806606e-06
census_geographies/2000_tracts.shp, study_areas/definitions/max_city_5572975_march_2020.shp, 1167.3652671522025, 0.0045733823284999095, 3.917696077815228e-06
census_geographies/2000_tracts.shp, study_areas/definitions/max_city_5584475_march_2020.shp, 1167.3652671522025, 0.0039116200119999524, 3.3508106863093358e-06
census_geographies/2000_tracts.shp, study_areas/definitions/max_city_5613150_march_2020.shp, 1167.3652671522025, 0.005140738537999872, 4.403710374680538e-06
census_geographies/2000_tracts.shp, study_areas/definitions/max_city_5613900_march_2020.shp, 1167.3652671522025, 0.0075860319944999035, 6.49842188041631e-06
census_geographies/2000_tracts.shp, study_areas/definitions/max_city_7203368_march_2020.shp, 1167.3652671522025, 0.004937503237999958, 4.229612938583515e-06
census_geographies/2000_tracts.shp, study_areas/definitions/max_city_7232221_march_2020.shp, 1167.3652671522025, 0.0006394397055000352, 5.477631753255378e-07
census_geographies/2000_tracts.shp, study_areas/definitions/max_city_7252431_march_2020.shp, 1167.3652671522025, 0.003267144070500129, 2.7987333206086857e-06
census_geographies/2000_tracts.shp, study_areas/definitions/max_city_7263820_march_2020.shp, 1167.3652671522025, 0.007362737399500106, 6.3071410523131e-06
census_geographies/2000_tracts.shp, study_areas/definitions/max_city_7276770_march_2020.shp, 1167.3652671522025, 0.009554049607000074, 8.184284624389468e-06
census_geographies/2000_tracts.shp, study_areas/definitions/max_city_7288035_march_2020.shp, 1167.3652671522025, 0.0005972663954999675, 5.1163625671081e-07
census_geographies/1990_tracts.shp, study_areas/definitions/max_city_0107000_march_2020.shp, 9295699951354.111, 295398156.5965957, 3.177793583511318e-05
census_geographies/1990_tracts.shp, study_areas/definitions/max_city_0121184_march_2020.shp, 9295699951354.111, 228140951.85026628, 2.454263294256102e-05
census_geographies/1990_tracts.shp, study_areas/definitions/max_city_0126896_march_2020.shp, 9295699951354.111, 44597361.81516338, 4.79763353470406e-06
census_geographies/1990_tracts.shp, study_areas/definitions/max_city_0128696_march_2020.shp, 9295699951354.111, 97185573.68050309, 1.0454895724807254e-05
census_geographies/1990_tracts.shp, study_areas/definitions/max_city_0137000_march_2020.shp, 9295699951354.111, 335025338.8112749, 3.6040894237606226e-05
census_geographies/1990_tracts.shp, study_areas/definitions/max_city_0150000_march_2020.shp, 9295699951354.111, 332153207.6094927, 3.5731920064944405e-05
census_geographies/1990_tracts.shp, study_areas/definitions/max_city_0151000_march_2020.shp, 9295699951354.111, 375889735.90327656, 4.0436948037304114e-05
census_geographies/1990_tracts.shp, study_areas/definitions/max_city_0157576_march_2020.shp, 9295699951354.111, 79593238.76121765, 8.562371760893944e-06
census_geographies/1990_tracts.shp, study_areas/definitions/max_city_0177256_march_2020.shp, 9295699951354.111, 88361143.31131586, 9.50559331451358e-06
census_geographies/1990_tracts.shp, study_areas/definitions/max_city_0203000_march_2020.shp, 9295699951354.111, 4426682387.830571, 0.00047620753800102305
census_geographies/1990_tracts.shp, study_areas/definitions/max_city_0224230_march_2020.shp, 9295699951354.111, 21610773.45160692, 2.324814006981676e-06
census_geographies/1990_tracts.shp, study_areas/definitions/max_city_0423620_march_2020.shp, 9295699951354.111, 180445990.29123077, 1.9411770091067223e-05
census_geographies/1990_tracts.shp, study_areas/definitions/max_city_0454050_march_2020.shp, 9295699951354.111, 70797306.24225828, 7.616135053062377e-06
census_geographies/1990_tracts.shp, study_areas/definitions/max_city_0455000_march_2020.shp, 9295699951354.111, 1898269794.0316546, 0.00020420945210856685
census_geographies/1990_tracts.shp, study_areas/definitions/max_city_0466820_march_2020.shp, 9295699951354.111, 353579162.2437743, 3.8036851887874044e-05
census_geographies/1990_tracts.shp, study_areas/definitions/max_city_0477000_march_2020.shp, 9295699951354.111, 386117115.50198615, 4.153717498656357e-05
census_geographies/1990_tracts.shp, study_areas/definitions/max_city_0485540_march_2020.shp, 9295699951354.111, 205654325.68281564, 2.21235976590292e-05
census_geographies/1990_tracts.shp, study_areas/definitions/max_city_0523290_march_2020.shp, 9295699951354.111, 64723198.91475502, 6.9627031050337144e-06
census_geographies/1990_tracts.shp, study_areas/definitions/max_city_0524550_march_2020.shp, 9295699951354.111, 197733611.7778169, 2.1271514013209184e-05
census_geographies/1990_tracts.shp, study_areas/definitions/max_city_0533400_march_2020.shp, 9295699951354.111, 108638794.39813763, 1.1686994520763564e-05
census_geographies/1990_tracts.shp, study_areas/definitions/max_city_0535710_march_2020.shp, 9295699951354.111, 155937475.60779142, 1.67752268709013e-05
census_geographies/1990_tracts.shp, study_areas/definitions/max_city_0541000_march_2020.shp, 9295699951354.111, 260164418.86092758, 2.7987609348667632e-05
census_geographies/1990_tracts.shp, study_areas/definitions/max_city_0555310_march_2020.shp, 9295699951354.111, 59667134.3365023, 6.41878875703282e-06
census_geographies/1990_tracts.shp, study_areas/definitions/max_city_0602000_march_2020.shp, 9295699951354.111, 117593284.07050654, 1.2650288271554704e-05
census_geographies/1990_tracts.shp, study_areas/definitions/max_city_0603526_march_2020.shp, 9295699951354.111, 155057643.7881794, 1.6680577535809127e-05
census_geographies/1990_tracts.shp, study_areas/definitions/max_city_0613014_march_2020.shp, 9295699951354.111, 53074117.16836915, 5.70953424122062e-06
census_geographies/1990_tracts.shp, study_areas/definitions/max_city_0621782_march_2020.shp, 9295699951354.111, 29096348.79609103, 3.1300869163545395e-06
census_geographies/1990_tracts.shp, study_areas/definitions/max_city_0627000_march_2020.shp, 9295699951354.111, 394114617.98685616, 4.23975192884152e-05
census_geographies/1990_tracts.shp, study_areas/definitions/max_city_0644000_march_2020.shp, 9295699951354.111, 1224794315.8988059, 0.00013175923516339287
census_geographies/1990_tracts.shp, study_areas/definitions/max_city_0646898_march_2020.shp, 9295699951354.111, 64036848.95186684, 6.888867894508422e-06
census_geographies/1990_tracts.shp, study_areas/definitions/max_city_0648354_march_2020.shp, 9295699951354.111, 81912104.63771023, 8.811827518784966e-06
census_geographies/1990_tracts.shp, study_areas/definitions/max_city_0659920_march_2020.shp, 9295699951354.111, 179623177.8420125, 1.9323254707231236e-05
census_geographies/1990_tracts.shp, study_areas/definitions/max_city_0664000_march_2020.shp, 9295699951354.111, 239072871.155239, 2.5718651893493298e-05
census_geographies/1990_tracts.shp, study_areas/definitions/max_city_0664224_march_2020.shp, 9295699951354.111, 58231320.978661835, 6.264328806157221e-06
census_geographies/1990_tracts.shp, study_areas/definitions/max_city_0666000_march_2020.shp, 9295699951354.111, 822072449.0049522, 8.843577711274989e-05
census_geographies/1990_tracts.shp, study_areas/definitions/max_city_0668000_march_2020.shp, 9295699951354.111, 379521576.89072096, 4.0827649222416624e-05
census_geographies/1990_tracts.shp, study_areas/definitions/max_city_0669112_march_2020.shp, 9295699951354.111, 41213673.27024102, 4.433627751101992e-06
census_geographies/1990_tracts.shp, study_areas/definitions/max_city_0669196_march_2020.shp, 9295699951354.111, 68144916.86371072, 7.330799963458803e-06
census_geographies/1990_tracts.shp, study_areas/definitions/max_city_0670098_march_2020.shp, 9295699951354.111, 158540483.11275473, 1.705524962535608e-05
census_geographies/1990_tracts.shp, study_areas/definitions/max_city_0675000_march_2020.shp, 9295699951354.111, 145335726.8766129, 1.5634726554985432e-05
census_geographies/1990_tracts.shp, study_areas/definitions/max_city_0681666_march_2020.shp, 9295699951354.111, 71717083.01133376, 7.715081530884254e-06
census_geographies/1990_tracts.shp, study_areas/definitions/max_city_0682954_march_2020.shp, 9295699951354.111, 138218838.32169673, 1.4869115725014584e-05
census_geographies/1990_tracts.shp, study_areas/definitions/max_city_0686972_march_2020.shp, 9295699951354.111, 56882051.85696597, 6.119178991860631e-06
census_geographies/1990_tracts.shp, study_areas/definitions/max_city_0807850_march_2020.shp, 9295699951354.111, 92928038.67672871, 9.996884491005093e-06
census_geographies/1990_tracts.shp, study_areas/definitions/max_city_0816000_march_2020.shp, 9295699951354.111, 528271417.4442559, 5.682965459392891e-05
census_geographies/1990_tracts.shp, study_areas/definitions/max_city_0820000_march_2020.shp, 9295699951354.111, 401824476.76712584, 4.3226919852183026e-05
census_geographies/1990_tracts.shp, study_areas/definitions/max_city_0827425_march_2020.shp, 9295699951354.111, 187999785.77712858, 2.0224381892806523e-05
census_geographies/1990_tracts.shp, study_areas/definitions/max_city_0831660_march_2020.shp, 9295699951354.111, 109023565.04591337, 1.172838684730049e-05
census_geographies/1990_tracts.shp, study_areas/definitions/max_city_0862000_march_2020.shp, 9295699951354.111, 147618089.02865463, 1.588025536550919e-05
census_geographies/1990_tracts.shp, study_areas/definitions/max_city_0877290_march_2020.shp, 9295699951354.111, 46918739.91548306, 5.047359549148138e-06
census_geographies/1990_tracts.shp, study_areas/definitions/max_city_0908000_march_2020.shp, 9295699951354.111, 42581135.58350708, 4.5807347274913125e-06
census_geographies/1990_tracts.shp, study_areas/definitions/max_city_0937000_march_2020.shp, 9295699951354.111, 46536835.01944132, 5.00627551050228e-06
census_geographies/1990_tracts.shp, study_areas/definitions/max_city_0952000_march_2020.shp, 9295699951354.111, 49880921.388296984, 5.366021025778784e-06
census_geographies/1990_tracts.shp, study_areas/definitions/max_city_0956200_march_2020.shp, 9295699951354.111, 76058404.61096439, 8.18210624363848e-06
census_geographies/1990_tracts.shp, study_areas/definitions/max_city_1021200_march_2020.shp, 9295699951354.111, 44581742.42129509, 4.79595325307384e-06
census_geographies/1990_tracts.shp, study_areas/definitions/max_city_1150000_march_2020.shp, 9295699951354.111, 159396586.28611976, 1.7147346312840093e-05
census_geographies/1990_tracts.shp, study_areas/definitions/max_city_1207525_march_2020.shp, 9295699951354.111, 107655396.73142405, 1.1581203921684436e-05
census_geographies/1990_tracts.shp, study_areas/definitions/max_city_1210275_march_2020.shp, 9295699951354.111, 286729045.985269, 3.084534219970181e-05
census_geographies/1990_tracts.shp, study_areas/definitions/max_city_1217200_march_2020.shp, 9295699951354.111, 107605703.59850483, 1.1575858102307813e-05
census_geographies/1990_tracts.shp, study_areas/definitions/max_city_1225175_march_2020.shp, 9295699951354.111, 148504268.19258592, 1.5975587526461972e-05
census_geographies/1990_tracts.shp, study_areas/definitions/max_city_1232400_march_2020.shp, 9295699951354.111, 52260668.938871905, 5.6220262285099956e-06
census_geographies/1990_tracts.shp, study_areas/definitions/max_city_1235000_march_2020.shp, 9295699951354.111, 2143352415.810053, 0.00023057461267323172
census_geographies/1990_tracts.shp, study_areas/definitions/max_city_1238250_march_2020.shp, 9295699951354.111, 90943503.19987725, 9.783394868143247e-06
census_geographies/1990_tracts.shp, study_areas/definitions/max_city_1245000_march_2020.shp, 9295699951354.111, 89137389.93242948, 9.589099303860896e-06
census_geographies/1990_tracts.shp, study_areas/definitions/max_city_1248050_march_2020.shp, 9295699951354.111, 104465234.9465706, 1.123801709319943e-05
census_geographies/1990_tracts.shp, study_areas/definitions/max_city_1249675_march_2020.shp, 9295699951354.111, 164526757.61410987, 1.7699232814645994e-05
census_geographies/1990_tracts.shp, study_areas/definitions/max_city_1253000_march_2020.shp, 9295699951354.111, 248405514.03042835, 2.6722626088446728e-05
census_geographies/1990_tracts.shp, study_areas/definitions/max_city_1254000_march_2020.shp, 9295699951354.111, 167601618.62409216, 1.8030015975255043e-05
census_geographies/1990_tracts.shp, study_areas/definitions/max_city_1254700_march_2020.shp, 9295699951354.111, 46271443.010811046, 4.977725534704963e-06
census_geographies/1990_tracts.shp, study_areas/definitions/max_city_1255925_march_2020.shp, 9295699951354.111, 63748116.29789347, 6.857807010929525e-06
census_geographies/1990_tracts.shp, study_areas/definitions/max_city_1258715_march_2020.shp, 9295699951354.111, 296896660.52126515, 3.1939139825400235e-05
census_geographies/1990_tracts.shp, study_areas/definitions/max_city_1264875_march_2020.shp, 9295699951354.111, 31979151.67158791, 3.440209111625799e-06
census_geographies/1990_tracts.shp, study_areas/definitions/max_city_1270600_march_2020.shp, 9295699951354.111, 152915863.33985972, 1.6450172030088423e-05
census_geographies/1990_tracts.shp, study_areas/definitions/max_city_1271000_march_2020.shp, 9295699951354.111, 285706374.28545016, 3.073532663280844e-05
census_geographies/1990_tracts.shp, study_areas/definitions/max_city_1274200_march_2020.shp, 9295699951354.111, 36607685.59029785, 3.938131155466693e-06
census_geographies/1990_tracts.shp, study_areas/definitions/max_city_1301052_march_2020.shp, 9295699951354.111, 154447333.1134358, 1.6614922375042597e-05
census_geographies/1990_tracts.shp, study_areas/definitions/max_city_1303440_march_2020.shp, 9295699951354.111, 313640669.20089734, 3.3740403718087856e-05
census_geographies/1990_tracts.shp, study_areas/definitions/max_city_1304000_march_2020.shp, 9295699951354.111, 363453512.64189035, 3.909910114826219e-05
census_geographies/1990_tracts.shp, study_areas/definitions/max_city_1304204_march_2020.shp, 9295699951354.111, 850697038.6050084, 9.15151137683921e-05
census_geographies/1990_tracts.shp, study_areas/definitions/max_city_1311560_march_2020.shp, 9295699951354.111, 33902440.10079945, 3.6471099839943583e-06
census_geographies/1990_tracts.shp, study_areas/definitions/max_city_1319000_march_2020.shp, 9295699951354.111, 572388130.2164724, 6.157558152821964e-05
census_geographies/1990_tracts.shp, study_areas/definitions/max_city_1321380_march_2020.shp, 9295699951354.111, 26432927.43158369, 2.8435650429673334e-06
census_geographies/1990_tracts.shp, study_areas/definitions/max_city_1331908_march_2020.shp, 9295699951354.111, 57631202.96054261, 6.199770136959663e-06
census_geographies/1990_tracts.shp, study_areas/definitions/max_city_1338964_march_2020.shp, 9295699951354.111, 98975831.2069712, 1.0647485582035522e-05
census_geographies/1990_tracts.shp, study_areas/definitions/max_city_1349008_march_2020.shp, 9295699951354.111, 660797145.4983875, 7.108632474761932e-05
census_geographies/1990_tracts.shp, study_areas/definitions/max_city_1366668_march_2020.shp, 9295699951354.111, 71219191.37782517, 7.661520030823565e-06
census_geographies/1990_tracts.shp, study_areas/definitions/max_city_1369000_march_2020.shp, 9295699951354.111, 270371609.79806453, 2.9085664469912168e-05
census_geographies/1990_tracts.shp, study_areas/definitions/max_city_1378800_march_2020.shp, 9295699951354.111, 106573573.01934889, 1.1464824981127348e-05
census_geographies/1990_tracts.shp, study_areas/definitions/max_city_1522700_march_2020.shp, 9295699951354.111, 26849852.954734296, 2.8884164823782913e-06
census_geographies/1990_tracts.shp, study_areas/definitions/max_city_1571550_march_2020.shp, 9295699951354.111, 147473348.18606904, 1.586468463459672e-05
census_geographies/1990_tracts.shp, study_areas/definitions/max_city_1608830_march_2020.shp, 9295699951354.111, 143364739.1557591, 1.5422694353949652e-05
census_geographies/1990_tracts.shp, study_areas/definitions/max_city_1616750_march_2020.shp, 9295699951354.111, 27482922.38699593, 2.9565199533997947e-06
census_geographies/1990_tracts.shp, study_areas/definitions/max_city_1639700_march_2020.shp, 9295699951354.111, 54823304.276599124, 5.897705881590226e-06
census_geographies/1990_tracts.shp, study_areas/definitions/max_city_1646540_march_2020.shp, 9295699951354.111, 23600520.496817835, 2.5388642727630136e-06
census_geographies/1990_tracts.shp, study_areas/definitions/max_city_1664090_march_2020.shp, 9295699951354.111, 68718553.13166496, 7.392509815428658e-06
census_geographies/1990_tracts.shp, study_areas/definitions/max_city_1682810_march_2020.shp, 9295699951354.111, 49128282.89628259, 5.285054719211977e-06
census_geographies/1990_tracts.shp, study_areas/definitions/max_city_1706613_march_2020.shp, 9295699951354.111, 60725048.221751355, 6.532595559187073e-06
census_geographies/1990_tracts.shp, study_areas/definitions/max_city_1711163_march_2020.shp, 9295699951354.111, 7616726.196981657, 8.193816750584901e-07
census_geographies/1990_tracts.shp, study_areas/definitions/max_city_1712385_march_2020.shp, 9295699951354.111, 98763497.51576024, 1.0624643440795794e-05
census_geographies/1990_tracts.shp, study_areas/definitions/max_city_1714000_march_2020.shp, 9295699951354.111, 591669752.8563021, 6.364983335871477e-05
census_geographies/1990_tracts.shp, study_areas/definitions/max_city_1718563_march_2020.shp, 9295699951354.111, 18337736.946558937, 1.972711796047985e-06
census_geographies/1990_tracts.shp, study_areas/definitions/max_city_1718823_march_2020.shp, 9295699951354.111, 377477964.35978, 4.060780428963744e-05
census_geographies/1990_tracts.shp, study_areas/definitions/max_city_1738934_march_2020.shp, 9295699951354.111, 23284536.278320994, 2.50487175792815e-06
census_geographies/1990_tracts.shp, study_areas/definitions/max_city_1759000_march_2020.shp, 9295699951354.111, 123431731.66559368, 1.3278368741625884e-05
census_geographies/1990_tracts.shp, study_areas/definitions/max_city_1765000_march_2020.shp, 9295699951354.111, 159776602.69563448, 1.7188227194484663e-05
census_geographies/1990_tracts.shp, study_areas/definitions/max_city_1772000_march_2020.shp, 9295699951354.111, 111744218.87110896, 1.202106559547795e-05
census_geographies/1990_tracts.shp, study_areas/definitions/max_city_1805860_march_2020.shp, 9295699951354.111, 27103967.151440404, 2.9157532292651236e-06
census_geographies/1990_tracts.shp, study_areas/definitions/max_city_1814734_march_2020.shp, 9295699951354.111, 66390608.460527934, 7.142077391477848e-06
census_geographies/1990_tracts.shp, study_areas/definitions/max_city_1820728_march_2020.shp, 9295699951354.111, 102195938.5021873, 1.0993893847369755e-05
census_geographies/1990_tracts.shp, study_areas/definitions/max_city_1822000_march_2020.shp, 9295699951354.111, 167920242.33364642, 1.8064292437621694e-05
census_geographies/1990_tracts.shp, study_areas/definitions/max_city_1825000_march_2020.shp, 9295699951354.111, 321197463.74092686, 3.455333814793988e-05
census_geographies/1990_tracts.shp, study_areas/definitions/max_city_1836003_march_2020.shp, 9295699951354.111, 950195650.5247716, 0.00010221883833356259
census_geographies/1990_tracts.shp, study_areas/definitions/max_city_1840392_march_2020.shp, 9295699951354.111, 90340958.03162953, 9.718575094333751e-06
census_geographies/1990_tracts.shp, study_areas/definitions/max_city_1840788_march_2020.shp, 9295699951354.111, 70419471.8408295, 7.5754889044768975e-06
census_geographies/1990_tracts.shp, study_areas/definitions/max_city_1848798_march_2020.shp, 9295699951354.111, 72014769.69180623, 7.747105658387325e-06
census_geographies/1990_tracts.shp, study_areas/definitions/max_city_1851876_march_2020.shp, 9295699951354.111, 78760537.77399181, 8.47279260154247e-06
census_geographies/1990_tracts.shp, study_areas/definitions/max_city_1871000_march_2020.shp, 9295699951354.111, 107919366.89084823, 1.160960093974715e-05
census_geographies/1990_tracts.shp, study_areas/definitions/max_city_1875428_march_2020.shp, 9295699951354.111, 68521957.12745783, 7.371360681395077e-06
census_geographies/1990_tracts.shp, study_areas/definitions/max_city_1901855_march_2020.shp, 9295699951354.111, 38654412.79130134, 4.15831115392989e-06
census_geographies/1990_tracts.shp, study_areas/definitions/max_city_1912000_march_2020.shp, 9295699951354.111, 117727524.82457855, 1.2664729438414059e-05
census_geographies/1990_tracts.shp, study_areas/definitions/max_city_1919000_march_2020.shp, 9295699951354.111, 145998654.61397383, 1.5706042081608507e-05
census_geographies/1990_tracts.shp, study_areas/definitions/max_city_1921000_march_2020.shp, 9295699951354.111, 193948438.47139677, 2.0864317855176057e-05
census_geographies/1990_tracts.shp, study_areas/definitions/max_city_1922395_march_2020.shp, 9295699951354.111, 66561811.99636045, 7.160494889539152e-06
census_geographies/1990_tracts.shp, study_areas/definitions/max_city_1973335_march_2020.shp, 9295699951354.111, 144316000.84883925, 1.5525027873540242e-05
census_geographies/1990_tracts.shp, study_areas/definitions/max_city_1982425_march_2020.shp, 9295699951354.111, 164272101.237993, 1.767183774192963e-05
census_geographies/1990_tracts.shp, study_areas/definitions/max_city_2038900_march_2020.shp, 9295699951354.111, 163085778.6026202, 1.7544217160200334e-05
census_geographies/1990_tracts.shp, study_areas/definitions/max_city_2044250_march_2020.shp, 9295699951354.111, 74906669.91468543, 8.058206515559243e-06
census_geographies/1990_tracts.shp, study_areas/definitions/max_city_2071000_march_2020.shp, 9295699951354.111, 141206104.29368663, 1.5190475707331435e-05
census_geographies/1990_tracts.shp, study_areas/definitions/max_city_2079000_march_2020.shp, 9295699951354.111, 442546856.9338974, 4.760769595079618e-05
census_geographies/1990_tracts.shp, study_areas/definitions/max_city_2108902_march_2020.shp, 9295699951354.111, 175438132.17764992, 1.8873041631694847e-05
census_geographies/1990_tracts.shp, study_areas/definitions/max_city_2146027_march_2020.shp, 9295699951354.111, 739492677.7089877, 7.955212427024016e-05
census_geographies/1990_tracts.shp, study_areas/definitions/max_city_2148006_march_2020.shp, 9295699951354.111, 724624949.6492871, 7.79527043085906e-05
census_geographies/1990_tracts.shp, study_areas/definitions/max_city_2158620_march_2020.shp, 9295699951354.111, 40139174.591863245, 4.31803681292619e-06
census_geographies/1990_tracts.shp, study_areas/definitions/max_city_2200975_march_2020.shp, 9295699951354.111, 73253960.58853501, 7.880413629084925e-06
census_geographies/1990_tracts.shp, study_areas/definitions/max_city_2205000_march_2020.shp, 9295699951354.111, 207671763.19563705, 2.2340626771777992e-05
census_geographies/1990_tracts.shp, study_areas/definitions/max_city_2232755_march_2020.shp, 9295699951354.111, 13276569.33284293, 1.4282484807299447e-06
census_geographies/1990_tracts.shp, study_areas/definitions/max_city_2236255_march_2020.shp, 9295699951354.111, 20763266.93397783, 2.23364211868233e-06
census_geographies/1990_tracts.shp, study_areas/definitions/max_city_2240735_march_2020.shp, 9295699951354.111, 156948977.21439958, 1.6884040796899506e-05
census_geographies/1990_tracts.shp, study_areas/definitions/max_city_2241155_march_2020.shp, 9295699951354.111, 110025580.28055254, 1.1836180261447125e-05
census_geographies/1990_tracts.shp, study_areas/definitions/max_city_2251410_march_2020.shp, 9295699951354.111, 78493682.67720585, 8.444085231663658e-06
census_geographies/1990_tracts.shp, study_areas/definitions/max_city_2255000_march_2020.shp, 9295699951354.111, 512762626.29921305, 5.51612712310619e-05
census_geographies/1990_tracts.shp, study_areas/definitions/max_city_2270000_march_2020.shp, 9295699951354.111, 263626524.11376956, 2.8360050936816962e-05
census_geographies/1990_tracts.shp, study_areas/definitions/max_city_2302795_march_2020.shp, 9295699951354.111, 89981176.38329573, 9.679870999944239e-06
census_geographies/1990_tracts.shp, study_areas/definitions/max_city_2338740_march_2020.shp, 9295699951354.111, 91171179.9877239, 9.80788756789024e-06
census_geographies/1990_tracts.shp, study_areas/definitions/max_city_2360545_march_2020.shp, 9295699951354.111, 58850236.17090974, 6.330909611850906e-06
census_geographies/1990_tracts.shp, study_areas/definitions/max_city_2404000_march_2020.shp, 9295699951354.111, 210323513.12823808, 2.262589307194668e-05
census_geographies/1990_tracts.shp, study_areas/definitions/max_city_2421325_march_2020.shp, 9295699951354.111, 25868953.846781235, 2.7828946698105166e-06
census_geographies/1990_tracts.shp, study_areas/definitions/max_city_2436075_march_2020.shp, 9295699951354.111, 27710623.657759197, 2.981015286936254e-06
census_geographies/1990_tracts.shp, study_areas/definitions/max_city_2446725_march_2020.shp, 9295699951354.111, 41846795.370694704, 4.501736887989683e-06
census_geographies/1990_tracts.shp, study_areas/definitions/max_city_2469925_march_2020.shp, 9295699951354.111, 10743098.760586884, 1.155706274600863e-06
census_geographies/1990_tracts.shp, study_areas/definitions/max_city_2503690_march_2020.shp, 9295699951354.111, 164328675.31105718, 1.767792378960331e-05
census_geographies/1990_tracts.shp, study_areas/definitions/max_city_2507000_march_2020.shp, 9295699951354.111, 128634040.99601518, 1.3838015606052018e-05
census_geographies/1990_tracts.shp, study_areas/definitions/max_city_2553960_march_2020.shp, 9295699951354.111, 109604369.8440497, 1.1790867865532122e-05
census_geographies/1990_tracts.shp, study_areas/definitions/max_city_2567000_march_2020.shp, 9295699951354.111, 85991982.748163, 9.250727024126514e-06
census_geographies/1990_tracts.shp, study_areas/definitions/max_city_2582000_march_2020.shp, 9295699951354.111, 99886569.14349568, 1.0745459692784633e-05
census_geographies/1990_tracts.shp, study_areas/definitions/max_city_2603000_march_2020.shp, 9295699951354.111, 76026147.94463566, 8.178636180437481e-06
census_geographies/1990_tracts.shp, study_areas/definitions/max_city_2605920_march_2020.shp, 9295699951354.111, 119485951.11293644, 1.2853894998571982e-05
census_geographies/1990_tracts.shp, study_areas/definitions/max_city_2622000_march_2020.shp, 9295699951354.111, 359980549.50594276, 3.872549150572617e-05
census_geographies/1990_tracts.shp, study_areas/definitions/max_city_2629000_march_2020.shp, 9295699951354.111, 89412511.35764197, 9.61869593742827e-06
census_geographies/1990_tracts.shp, study_areas/definitions/max_city_2634000_march_2020.shp, 9295699951354.111, 112896001.73294373, 1.214497050504498e-05
census_geographies/1990_tracts.shp, study_areas/definitions/max_city_2641420_march_2020.shp, 9295699951354.111, 28385305.88668636, 3.05359532205549e-06
census_geographies/1990_tracts.shp, study_areas/definitions/max_city_2642160_march_2020.shp, 9295699951354.111, 64807822.354593724, 6.971806608834564e-06
census_geographies/1990_tracts.shp, study_areas/definitions/max_city_2646000_march_2020.shp, 9295699951354.111, 89517707.00409527, 9.630012529724043e-06
census_geographies/1990_tracts.shp, study_areas/definitions/max_city_2653780_march_2020.shp, 9295699951354.111, 66270672.394035175, 7.1291750745872e-06
census_geographies/1990_tracts.shp, study_areas/definitions/max_city_2656320_march_2020.shp, 9295699951354.111, 44198150.306154504, 4.754687709096734e-06
census_geographies/1990_tracts.shp, study_areas/definitions/max_city_2670520_march_2020.shp, 9295699951354.111, 47175338.79060112, 5.074963589345314e-06
census_geographies/1990_tracts.shp, study_areas/definitions/max_city_2717000_march_2020.shp, 9295699951354.111, 171719745.32084674, 1.8473030134307658e-05
census_geographies/1990_tracts.shp, study_areas/definitions/max_city_2739878_march_2020.shp, 9295699951354.111, 30423460.195644192, 3.272853077751545e-06
census_geographies/1990_tracts.shp, study_areas/definitions/max_city_2743000_march_2020.shp, 9295699951354.111, 151277554.28453085, 1.627392827610514e-05
census_geographies/1990_tracts.shp, study_areas/definitions/max_city_2754880_march_2020.shp, 9295699951354.111, 92104026.79694806, 9.908240076480869e-06
census_geographies/1990_tracts.shp, study_areas/definitions/max_city_2756896_march_2020.shp, 9295699951354.111, 79453692.02934608, 8.547359794866443e-06
census_geographies/1990_tracts.shp, study_areas/definitions/max_city_2829700_march_2020.shp, 9295699951354.111, 168830825.98544288, 1.8162249950940936e-05
census_geographies/1990_tracts.shp, study_areas/definitions/max_city_2831020_march_2020.shp, 9295699951354.111, 268263809.95622367, 2.8858914483050358e-05
census_geographies/1990_tracts.shp, study_areas/definitions/max_city_2836000_march_2020.shp, 9295699951354.111, 319038948.34915626, 3.432113235353317e-05
census_geographies/1990_tracts.shp, study_areas/definitions/max_city_2911242_march_2020.shp, 9295699951354.111, 70068186.20873623, 7.5376987828150954e-06
census_geographies/1990_tracts.shp, study_areas/definitions/max_city_2915670_march_2020.shp, 9295699951354.111, 164565939.76469794, 1.770344789804941e-05
census_geographies/1990_tracts.shp, study_areas/definitions/max_city_2937000_march_2020.shp, 9295699951354.111, 23159635.12821449, 2.4914353141143295e-06
census_geographies/1990_tracts.shp, study_areas/definitions/max_city_2937592_march_2020.shp, 9295699951354.111, 94525448.95136474, 1.0168728492317046e-05
census_geographies/1990_tracts.shp, study_areas/definitions/max_city_2938000_march_2020.shp, 9295699951354.111, 732092908.6820792, 7.875608211465934e-05
census_geographies/1990_tracts.shp, study_areas/definitions/max_city_2964550_march_2020.shp, 9295699951354.111, 109235588.41057356, 1.1751195604658166e-05
census_geographies/1990_tracts.shp, study_areas/definitions/max_city_2965000_march_2020.shp, 9295699951354.111, 171340058.2644566, 1.8432184683359682e-05
census_geographies/1990_tracts.shp, study_areas/definitions/max_city_2970000_march_2020.shp, 9295699951354.111, 219080639.00166914, 2.356795509194071e-05
census_geographies/1990_tracts.shp, study_areas/definitions/max_city_3006550_march_2020.shp, 9295699951354.111, 100528454.38881679, 1.0814511539195361e-05
census_geographies/1990_tracts.shp, study_areas/definitions/max_city_3032800_march_2020.shp, 9295699951354.111, 41756148.56339825, 4.4919854106645945e-06
census_geographies/1990_tracts.shp, study_areas/definitions/max_city_3050200_march_2020.shp, 9295699951354.111, 143793668.82431576, 1.546883715877353e-05
census_geographies/1990_tracts.shp, study_areas/definitions/max_city_3119595_march_2020.shp, 9295699951354.111, 67794319.6510487, 7.293083899633944e-06
census_geographies/1990_tracts.shp, study_areas/definitions/max_city_3128000_march_2020.shp, 9295699951354.111, 225372932.4663661, 2.4244858767578432e-05
census_geographies/1990_tracts.shp, study_areas/definitions/max_city_3137000_march_2020.shp, 9295699951354.111, 330083451.3543756, 3.550926267863154e-05
census_geographies/1990_tracts.shp, study_areas/definitions/max_city_3209700_march_2020.shp, 9295699951354.111, 403156896.5622299, 4.33702570728417e-05
census_geographies/1990_tracts.shp, study_areas/definitions/max_city_3240000_march_2020.shp, 9295699951354.111, 304923648.86663175, 3.2802656116521196e-05
census_geographies/1990_tracts.shp, study_areas/definitions/max_city_3260600_march_2020.shp, 9295699951354.111, 210827461.37338072, 2.2680106121827796e-05
census_geographies/1990_tracts.shp, study_areas/definitions/max_city_3345140_march_2020.shp, 9295699951354.111, 90475754.51719385, 9.733076044909796e-06
census_geographies/1990_tracts.shp, study_areas/definitions/max_city_3454360_march_2020.shp, 9295699951354.111, 18141061.08320047, 1.9515540710366677e-06
census_geographies/1990_tracts.shp, study_areas/definitions/max_city_3474000_march_2020.shp, 9295699951354.111, 19967911.473637883, 2.1480804649604834e-06
census_geographies/1990_tracts.shp, study_areas/definitions/max_city_3476070_march_2020.shp, 9295699951354.111, 178644497.63660082, 1.9217971596703438e-05
census_geographies/1990_tracts.shp, study_areas/definitions/max_city_3502000_march_2020.shp, 9295699951354.111, 364185150.30823886, 3.9177808256944414e-05
census_geographies/1990_tracts.shp, study_areas/definitions/max_city_3525800_march_2020.shp, 9295699951354.111, 84198107.66168404, 9.057748002012353e-06
census_geographies/1990_tracts.shp, study_areas/definitions/max_city_3570500_march_2020.shp, 9295699951354.111, 132014897.15891074, 1.4201716691563396e-05
census_geographies/1990_tracts.shp, study_areas/definitions/max_city_3601000_march_2020.shp, 9295699951354.111, 57159809.70701621, 6.149059243106238e-06
census_geographies/1990_tracts.shp, study_areas/definitions/max_city_3606607_march_2020.shp, 9295699951354.111, 28442041.816323876, 3.0596987817125815e-06
census_geographies/1990_tracts.shp, study_areas/definitions/max_city_3611000_march_2020.shp, 9295699951354.111, 106568084.31759606, 1.146423452513355e-05
census_geographies/1990_tracts.shp, study_areas/definitions/max_city_3624229_march_2020.shp, 9295699951354.111, 19680624.49005721, 2.117175101718975e-06
census_geographies/1990_tracts.shp, study_areas/definitions/max_city_3629333_march_2020.shp, 9295699951354.111, 10226783.394481953, 1.100162811622616e-06
census_geographies/1990_tracts.shp, study_areas/definitions/max_city_3638077_march_2020.shp, 9295699951354.111, 4017002.288301785, 4.3213553678834326e-07
census_geographies/1990_tracts.shp, study_areas/definitions/max_city_3639853_march_2020.shp, 9295699951354.111, 5970173.8441044595, 6.422511349707216e-07
census_geographies/1990_tracts.shp, study_areas/definitions/max_city_3651000_march_2020.shp, 9295699951354.111, 793525739.0432639, 8.536481848552678e-05
census_geographies/1990_tracts.shp, study_areas/definitions/max_city_3659641_march_2020.shp, 9295699951354.111, 14756738.809555111, 1.5874801130393076e-06
census_geographies/1990_tracts.shp, study_areas/definitions/max_city_3663000_march_2020.shp, 9295699951354.111, 89646911.58517133, 9.643911922104628e-06
census_geographies/1990_tracts.shp, study_areas/definitions/max_city_3673000_march_2020.shp, 9295699951354.111, 66210862.360173814, 7.122740913181995e-06
census_geographies/1990_tracts.shp, study_areas/definitions/max_city_3676540_march_2020.shp, 9295699951354.111, 43023058.45940086, 4.628275297669613e-06
census_geographies/1990_tracts.shp, study_areas/definitions/max_city_3678608_march_2020.shp, 9295699951354.111, 22729035.401368737, 2.4451128500611493e-06
census_geographies/1990_tracts.shp, study_areas/definitions/max_city_3702140_march_2020.shp, 9295699951354.111, 79236167.12796676, 8.523959200772651e-06
census_geographies/1990_tracts.shp, study_areas/definitions/max_city_3709060_march_2020.shp, 9295699951354.111, 56771157.50102617, 6.107249351648476e-06
census_geographies/1990_tracts.shp, study_areas/definitions/max_city_3712000_march_2020.shp, 9295699951354.111, 789938891.0902421, 8.497895749907151e-05
census_geographies/1990_tracts.shp, study_areas/definitions/max_city_3722920_march_2020.shp, 9295699951354.111, 394926506.1868, 4.248485947841623e-05
census_geographies/1990_tracts.shp, study_areas/definitions/max_city_3726880_march_2020.shp, 9295699951354.111, 67769578.7592248, 7.290422358065974e-06
census_geographies/1990_tracts.shp, study_areas/definitions/max_city_3728000_march_2020.shp, 9295699951354.111, 245984292.0693931, 2.6462159208738273e-05
census_geographies/1990_tracts.shp, study_areas/definitions/max_city_3728080_march_2020.shp, 9295699951354.111, 71404783.39279944, 7.681485392866822e-06
census_geographies/1990_tracts.shp, study_areas/definitions/max_city_3731060_march_2020.shp, 9295699951354.111, 43513553.51565804, 4.681041098935147e-06
census_geographies/1990_tracts.shp, study_areas/definitions/max_city_3734200_march_2020.shp, 9295699951354.111, 95685744.56162532, 1.029354917460376e-05
census_geographies/1990_tracts.shp, study_areas/definitions/max_city_3746340_march_2020.shp, 9295699951354.111, 61202725.59864301, 6.5839824778044355e-06
census_geographies/1990_tracts.shp, study_areas/definitions/max_city_3755000_march_2020.shp, 9295699951354.111, 266015678.53228498, 2.861706809862492e-05
census_geographies/1990_tracts.shp, study_areas/definitions/max_city_3757500_march_2020.shp, 9295699951354.111, 102053061.38140795, 1.097852360935357e-05
census_geographies/1990_tracts.shp, study_areas/definitions/max_city_3774440_march_2020.shp, 9295699951354.111, 116767970.8329517, 1.2561503861357103e-05
census_geographies/1990_tracts.shp, study_areas/definitions/max_city_3775000_march_2020.shp, 9295699951354.111, 371790557.60038114, 3.999597228245541e-05
census_geographies/1990_tracts.shp, study_areas/definitions/max_city_3807200_march_2020.shp, 9295699951354.111, 37948707.81106542, 4.082393796019352e-06
census_geographies/1990_tracts.shp, study_areas/definitions/max_city_3825700_march_2020.shp, 9295699951354.111, 78083110.9404943, 8.399917311134797e-06
census_geographies/1990_tracts.shp, study_areas/definitions/max_city_3832060_march_2020.shp, 9295699951354.111, 47395511.616086386, 5.0986490381697666e-06
census_geographies/1990_tracts.shp, study_areas/definitions/max_city_3901000_march_2020.shp, 9295699951354.111, 156453599.7332064, 1.6830749760852134e-05
census_geographies/1990_tracts.shp, study_areas/definitions/max_city_3912000_march_2020.shp, 9295699951354.111, 87630343.6386132, 9.42697635435705e-06
census_geographies/1990_tracts.shp, study_areas/definitions/max_city_3915000_march_2020.shp, 9295699951354.111, 216198775.35175744, 2.325793393538521e-05
census_geographies/1990_tracts.shp, study_areas/definitions/max_city_3916000_march_2020.shp, 9295699951354.111, 201300047.31926346, 2.1655179101380087e-05
census_geographies/1990_tracts.shp, study_areas/definitions/max_city_3918000_march_2020.shp, 9295699951354.111, 496919544.9674528, 5.345692605913621e-05
census_geographies/1990_tracts.shp, study_areas/definitions/max_city_3921000_march_2020.shp, 9295699951354.111, 177372581.2388182, 1.9081143127148827e-05
census_geographies/1990_tracts.shp, study_areas/definitions/max_city_3943554_march_2020.shp, 9295699951354.111, 61402265.29372973, 6.605448284159088e-06
census_geographies/1990_tracts.shp, study_areas/definitions/max_city_3947138_march_2020.shp, 9295699951354.111, 65543195.36184852, 7.05091555287354e-06
census_geographies/1990_tracts.shp, study_areas/definitions/max_city_3974118_march_2020.shp, 9295699951354.111, 116867755.31082307, 1.2572238338415695e-05
census_geographies/1990_tracts.shp, study_areas/definitions/max_city_3977000_march_2020.shp, 9295699951354.111, 218301698.2087619, 2.348415927269272e-05
census_geographies/1990_tracts.shp, study_areas/definitions/max_city_3988000_march_2020.shp, 9295699951354.111, 88096213.85884327, 9.477093098945199e-06
census_geographies/1990_tracts.shp, study_areas/definitions/max_city_4023950_march_2020.shp, 9295699951354.111, 73723302.12040606, 7.930903805653359e-06
census_geographies/1990_tracts.shp, study_areas/definitions/max_city_4041850_march_2020.shp, 9295699951354.111, 134431238.86786997, 1.4461658570238949e-05
census_geographies/1990_tracts.shp, study_areas/definitions/max_city_4055000_march_2020.shp, 9295699951354.111, 1545515592.8596678, 0.00016626134674608677
census_geographies/1990_tracts.shp, study_areas/definitions/max_city_4075000_march_2020.shp, 9295699951354.111, 472421517.9726706, 5.0821511069088735e-05
census_geographies/1990_tracts.shp, study_areas/definitions/max_city_4105800_march_2020.shp, 9295699951354.111, 79983306.45446318, 8.604333925689152e-06
census_geographies/1990_tracts.shp, study_areas/definitions/max_city_4115800_march_2020.shp, 9295699951354.111, 42048849.43629743, 4.523473181830933e-06
census_geographies/1990_tracts.shp, study_areas/definitions/max_city_4123850_march_2020.shp, 9295699951354.111, 101472051.34483163, 1.091602051226386e-05
census_geographies/1990_tracts.shp, study_areas/definitions/max_city_4130550_march_2020.shp, 9295699951354.111, 45020767.454453625, 4.843182083119563e-06
census_geographies/1990_tracts.shp, study_areas/definitions/max_city_4147000_march_2020.shp, 9295699951354.111, 77375749.7283614, 8.323821781391515e-06
census_geographies/1990_tracts.shp, study_areas/definitions/max_city_4159000_march_2020.shp, 9295699951354.111, 359749035.9174587, 3.870058605592727e-05
census_geographies/1990_tracts.shp, study_areas/definitions/max_city_4164900_march_2020.shp, 9295699951354.111, 129479825.01281959, 1.3929002193531232e-05
census_geographies/1990_tracts.shp, study_areas/definitions/max_city_4202000_march_2020.shp, 9295699951354.111, 46515519.51450324, 5.00398246048457e-06
census_geographies/1990_tracts.shp, study_areas/definitions/max_city_4202184_march_2020.shp, 9295699951354.111, 25430219.668588523, 2.7356971289595127e-06
census_geographies/1990_tracts.shp, study_areas/definitions/max_city_4207128_march_2020.shp, 9295699951354.111, 11974681.64600873, 1.2881958011418354e-06
census_geographies/1990_tracts.shp, study_areas/definitions/max_city_4212536_march_2020.shp, 9295699951354.111, 17770044.44657892, 1.911641354558819e-06
census_geographies/1990_tracts.shp, study_areas/definitions/max_city_4221872_march_2020.shp, 9295699951354.111, 7471849.888820502, 8.037963712170025e-07
census_geographies/1990_tracts.shp, study_areas/definitions/max_city_4224000_march_2020.shp, 9295699951354.111, 49326196.75959116, 5.306345624075977e-06
census_geographies/1990_tracts.shp, study_areas/definitions/max_city_4232448_march_2020.shp, 9295699951354.111, 9418565.748680353, 1.013217487437118e-06
census_geographies/1990_tracts.shp, study_areas/definitions/max_city_4232800_march_2020.shp, 9295699951354.111, 29615841.44648867, 3.1859721808441665e-06
census_geographies/1990_tracts.shp, study_areas/definitions/max_city_4238288_march_2020.shp, 9295699951354.111, 15724258.926757878, 1.6915626589762414e-06
census_geographies/1990_tracts.shp, study_areas/definitions/max_city_4241216_march_2020.shp, 9295699951354.111, 18991259.313438468, 2.043015524685906e-06
census_geographies/1990_tracts.shp, study_areas/definitions/max_city_4242168_march_2020.shp, 9295699951354.111, 10857525.412127363, 1.1680159072416853e-06
census_geographies/1990_tracts.shp, study_areas/definitions/max_city_4260000_march_2020.shp, 9295699951354.111, 352679681.0946751, 3.794008874429085e-05
census_geographies/1990_tracts.shp, study_areas/definitions/max_city_4261000_march_2020.shp, 9295699951354.111, 151166579.73354527, 1.626199000878086e-05
census_geographies/1990_tracts.shp, study_areas/definitions/max_city_4263624_march_2020.shp, 9295699951354.111, 26116905.823972166, 2.809568505937812e-06
census_geographies/1990_tracts.shp, study_areas/definitions/max_city_4269000_march_2020.shp, 9295699951354.111, 65889055.6750268, 7.088122037053131e-06
census_geographies/1990_tracts.shp, study_areas/definitions/max_city_4273808_march_2020.shp, 9295699951354.111, 11608386.572034327, 1.2487910144241827e-06
census_geographies/1990_tracts.shp, study_areas/definitions/max_city_4285312_march_2020.shp, 9295699951354.111, 24709532.527942043, 2.6581680408415708e-06
census_geographies/1990_tracts.shp, study_areas/definitions/max_city_4287048_march_2020.shp, 9295699951354.111, 13730353.049022919, 1.477065000040455e-06
census_geographies/1990_tracts.shp, study_areas/definitions/max_city_4459000_march_2020.shp, 9295699951354.111, 48825486.80830457, 5.252480938908977e-06
census_geographies/1990_tracts.shp, study_areas/definitions/max_city_4513330_march_2020.shp, 9295699951354.111, 201454010.7018207, 2.1671741961989074e-05
census_geographies/1990_tracts.shp, study_areas/definitions/max_city_4516000_march_2020.shp, 9295699951354.111, 369399419.01010656, 3.973874167015211e-05
census_geographies/1990_tracts.shp, study_areas/definitions/max_city_4525810_march_2020.shp, 9295699951354.111, 68449676.54366033, 7.3635849803531164e-06
census_geographies/1990_tracts.shp, study_areas/definitions/max_city_4530850_march_2020.shp, 9295699951354.111, 77377573.98756088, 8.32401802903387e-06
census_geographies/1990_tracts.shp, study_areas/definitions/max_city_4534045_march_2020.shp, 9295699951354.111, 110642655.33435258, 1.1902563111262556e-05
census_geographies/1990_tracts.shp, study_areas/definitions/max_city_4549075_march_2020.shp, 9295699951354.111, 60957542.91828061, 6.5576065532753e-06
census_geographies/1990_tracts.shp, study_areas/definitions/max_city_4568290_march_2020.shp, 9295699951354.111, 53700113.88737128, 5.776876853641209e-06
census_geographies/1990_tracts.shp, study_areas/definitions/max_city_4570405_march_2020.shp, 9295699951354.111, 50083622.55939225, 5.387826933043007e-06
census_geographies/1990_tracts.shp, study_areas/definitions/max_city_4652980_march_2020.shp, 9295699951354.111, 48499092.53634792, 5.2173685456879465e-06
census_geographies/1990_tracts.shp, study_areas/definitions/max_city_4659020_march_2020.shp, 9295699951354.111, 126810841.7612403, 1.3641881991120816e-05
census_geographies/1990_tracts.shp, study_areas/definitions/max_city_4714000_march_2020.shp, 9295699951354.111, 358672766.84957165, 3.858480466522841e-05
census_geographies/1990_tracts.shp, study_areas/definitions/max_city_4715160_march_2020.shp, 9295699951354.111, 214115554.90300378, 2.303382811660282e-05
census_geographies/1990_tracts.shp, study_areas/definitions/max_city_4715400_march_2020.shp, 9295699951354.111, 90913344.77597918, 9.780150526775099e-06
census_geographies/1990_tracts.shp, study_areas/definitions/max_city_4737640_march_2020.shp, 9295699951354.111, 173926748.57752118, 1.871045208942928e-05
census_geographies/1990_tracts.shp, study_areas/definitions/max_city_4738320_march_2020.shp, 9295699951354.111, 185705747.9451785, 1.997759705207854e-05
census_geographies/1990_tracts.shp, study_areas/definitions/max_city_4740000_march_2020.shp, 9295699951354.111, 205000593.17048258, 2.2053271323653256e-05
census_geographies/1990_tracts.shp, study_areas/definitions/max_city_4748000_march_2020.shp, 9295699951354.111, 833932604.4687316, 8.971165257407561e-05
census_geographies/1990_tracts.shp, study_areas/definitions/max_city_4750280_march_2020.shp, 9295699951354.111, 28064136.647936217, 3.019045020256715e-06
census_geographies/1990_tracts.shp, study_areas/definitions/max_city_4752006_march_2020.shp, 9295699951354.111, 1274001616.732138, 0.00013705279036535094
census_geographies/1990_tracts.shp, study_areas/definitions/max_city_4801000_march_2020.shp, 9295699951354.111, 610253175.1475445, 6.564897515422155e-05
census_geographies/1990_tracts.shp, study_areas/definitions/max_city_4803000_march_2020.shp, 9295699951354.111, 399690678.56249195, 4.299737304927411e-05
census_geographies/1990_tracts.shp, study_areas/definitions/max_city_4805000_march_2020.shp, 9295699951354.111, 942154253.4244353, 0.00010135377199725459
census_geographies/1990_tracts.shp, study_areas/definitions/max_city_4807000_march_2020.shp, 9295699951354.111, 203005269.29854786, 2.1838621121691427e-05
census_geographies/1990_tracts.shp, study_areas/definitions/max_city_4810768_march_2020.shp, 9295699951354.111, 341544759.2753153, 3.674223146860094e-05
census_geographies/1990_tracts.shp, study_areas/definitions/max_city_4815976_march_2020.shp, 9295699951354.111, 37064459.74508704, 3.987269376061115e-06
census_geographies/1990_tracts.shp, study_areas/definitions/max_city_4817000_march_2020.shp, 9295699951354.111, 399698011.24376017, 4.299816187435523e-05
census_geographies/1990_tracts.shp, study_areas/definitions/max_city_4819000_march_2020.shp, 9295699951354.111, 919307888.665686, 9.889603725126366e-05
census_geographies/1990_tracts.shp, study_areas/definitions/max_city_4824000_march_2020.shp, 9295699951354.111, 686467752.3775787, 7.384788192067027e-05
census_geographies/1990_tracts.shp, study_areas/definitions/max_city_4835000_march_2020.shp, 9295699951354.111, 1683357133.689246, 0.00018108987408140578
census_geographies/1990_tracts.shp, study_areas/definitions/max_city_4839148_march_2020.shp, 9295699951354.111, 121024395.43373011, 1.3019395641755885e-05
census_geographies/1990_tracts.shp, study_areas/definitions/max_city_4841464_march_2020.shp, 9295699951354.111, 114035629.12213624, 1.2267567769926199e-05
census_geographies/1990_tracts.shp, study_areas/definitions/max_city_4843888_march_2020.shp, 9295699951354.111, 113889967.58207348, 1.2251897993489242e-05
census_geographies/1990_tracts.shp, study_areas/definitions/max_city_4845000_march_2020.shp, 9295699951354.111, 242090213.29643112, 2.6043247368495975e-05
census_geographies/1990_tracts.shp, study_areas/definitions/max_city_4845384_march_2020.shp, 9295699951354.111, 101177788.51290782, 1.088436471082193e-05
census_geographies/1990_tracts.shp, study_areas/definitions/max_city_4848072_march_2020.shp, 9295699951354.111, 89305098.23715176, 9.60714079676621e-06
census_geographies/1990_tracts.shp, study_areas/definitions/max_city_4853388_march_2020.shp, 9295699951354.111, 87904955.60897808, 9.456518182492853e-06
census_geographies/1990_tracts.shp, study_areas/definitions/max_city_4864472_march_2020.shp, 9295699951354.111, 162703384.7693984, 1.7503080523344267e-05
census_geographies/1990_tracts.shp, study_areas/definitions/max_city_4865000_march_2020.shp, 9295699951354.111, 1105188484.705783, 0.00011889244387075868
census_geographies/1990_tracts.shp, study_areas/definitions/max_city_4867496_march_2020.shp, 9295699951354.111, 73764582.87812999, 7.935344650123378e-06
census_geographies/1990_tracts.shp, study_areas/definitions/max_city_4872368_march_2020.shp, 9295699951354.111, 54454166.577910826, 5.857995294908206e-06
census_geographies/1990_tracts.shp, study_areas/definitions/max_city_4874144_march_2020.shp, 9295699951354.111, 115526084.70604697, 1.2427905946901632e-05
census_geographies/1990_tracts.shp, study_areas/definitions/max_city_4875428_march_2020.shp, 9295699951354.111, 63330234.69115643, 6.8128527192759775e-06
census_geographies/1990_tracts.shp, study_areas/definitions/max_city_4876000_march_2020.shp, 9295699951354.111, 354551333.41122377, 3.8141434778085326e-05
census_geographies/1990_tracts.shp, study_areas/definitions/max_city_4879000_march_2020.shp, 9295699951354.111, 129400803.51749133, 1.3920501327997513e-05
census_geographies/1990_tracts.shp, study_areas/definitions/max_city_4945860_march_2020.shp, 9295699951354.111, 26244841.68393621, 2.8233314135868922e-06
census_geographies/1990_tracts.shp, study_areas/definitions/max_city_4962470_march_2020.shp, 9295699951354.111, 42269949.29148972, 4.5472583573797716e-06
census_geographies/1990_tracts.shp, study_areas/definitions/max_city_4965330_march_2020.shp, 9295699951354.111, 213121710.46967468, 2.2926913689660248e-05
census_geographies/1990_tracts.shp, study_areas/definitions/max_city_4967000_march_2020.shp, 9295699951354.111, 214773707.3890768, 2.3104629937823087e-05
census_geographies/1990_tracts.shp, study_areas/definitions/max_city_5010675_march_2020.shp, 9295699951354.111, 40098359.74946937, 4.313646090053521e-06
census_geographies/1990_tracts.shp, study_areas/definitions/max_city_5107784_march_2020.shp, 9295699951354.111, 64275183.74365858, 6.914507146317214e-06
census_geographies/1990_tracts.shp, study_areas/definitions/max_city_5114968_march_2020.shp, 9295699951354.111, 26537237.13344073, 2.85478632833615e-06
census_geographies/1990_tracts.shp, study_areas/definitions/max_city_5135624_march_2020.shp, 9295699951354.111, 45445889.645833, 4.888915292410322e-06
census_geographies/1990_tracts.shp, study_areas/definitions/max_city_5147672_march_2020.shp, 9295699951354.111, 129067040.21356505, 1.3884596199209696e-05
census_geographies/1990_tracts.shp, study_areas/definitions/max_city_5167000_march_2020.shp, 9295699951354.111, 161942369.90249053, 1.7421213114661716e-05
census_geographies/1990_tracts.shp, study_areas/definitions/max_city_5168000_march_2020.shp, 9295699951354.111, 111144758.99566016, 1.1956577727045677e-05
census_geographies/1990_tracts.shp, study_areas/definitions/max_city_5175216_march_2020.shp, 9295699951354.111, 51056302.561245956, 5.492464561940658e-06
census_geographies/1990_tracts.shp, study_areas/definitions/max_city_5182000_march_2020.shp, 9295699951354.111, 662453109.5110958, 7.126446776227924e-05
census_geographies/1990_tracts.shp, study_areas/definitions/max_city_5186720_march_2020.shp, 9295699951354.111, 24223787.56759404, 2.6059132388481776e-06
census_geographies/1990_tracts.shp, study_areas/definitions/max_city_5305280_march_2020.shp, 9295699951354.111, 46010401.17264076, 4.949643535550908e-06
census_geographies/1990_tracts.shp, study_areas/definitions/max_city_5335275_march_2020.shp, 9295699951354.111, 43912160.30099621, 4.723921870412727e-06
census_geographies/1990_tracts.shp, study_areas/definitions/max_city_5340245_march_2020.shp, 9295699951354.111, 42572779.411350206, 4.5798357987177285e-06
census_geographies/1990_tracts.shp, study_areas/definitions/max_city_5347560_march_2020.shp, 9295699951354.111, 40464781.41378043, 4.353064494931971e-06
census_geographies/1990_tracts.shp, study_areas/definitions/max_city_5351300_march_2020.shp, 9295699951354.111, 39665151.30471775, 4.267042988940246e-06
census_geographies/1990_tracts.shp, study_areas/definitions/max_city_5353545_march_2020.shp, 9295699951354.111, 59556624.427463375, 6.4069004743196036e-06
census_geographies/1990_tracts.shp, study_areas/definitions/max_city_5363000_march_2020.shp, 9295699951354.111, 219458903.18917197, 2.3608647475460225e-05
census_geographies/1990_tracts.shp, study_areas/definitions/max_city_5367000_march_2020.shp, 9295699951354.111, 141248550.08366978, 1.5195041882036436e-05
census_geographies/1990_tracts.shp, study_areas/definitions/max_city_5377105_march_2020.shp, 9295699951354.111, 9464017.17005879, 1.0181069978146358e-06
census_geographies/1990_tracts.shp, study_areas/definitions/max_city_5380010_march_2020.shp, 9295699951354.111, 66698548.07960106, 7.175204495481272e-06
census_geographies/1990_tracts.shp, study_areas/definitions/max_city_5405332_march_2020.shp, 9295699951354.111, 21990657.66198659, 2.3656806670898616e-06
census_geographies/1990_tracts.shp, study_areas/definitions/max_city_5414600_march_2020.shp, 9295699951354.111, 85564743.52840634, 9.204766072074224e-06
census_geographies/1990_tracts.shp, study_areas/definitions/max_city_5439460_march_2020.shp, 9295699951354.111, 45170894.46066912, 4.85933223932094e-06
census_geographies/1990_tracts.shp, study_areas/definitions/max_city_5455756_march_2020.shp, 9295699951354.111, 13769877.831488423, 1.481316942623837e-06
census_geographies/1990_tracts.shp, study_areas/definitions/max_city_5462140_march_2020.shp, 9295699951354.111, 39546291.79194178, 4.254256484061863e-06
census_geographies/1990_tracts.shp, study_areas/definitions/max_city_5485156_march_2020.shp, 9295699951354.111, 50234798.342070594, 5.404089913073502e-06
census_geographies/1990_tracts.shp, study_areas/definitions/max_city_5486452_march_2020.shp, 9295699951354.111, 34100821.538842246, 3.668451188968804e-06
census_geographies/1990_tracts.shp, study_areas/definitions/max_city_5502375_march_2020.shp, 9295699951354.111, 50839160.55302448, 5.469105158199378e-06
census_geographies/1990_tracts.shp, study_areas/definitions/max_city_5522300_march_2020.shp, 9295699951354.111, 91234247.11422326, 9.81467211631902e-06
census_geographies/1990_tracts.shp, study_areas/definitions/max_city_5526275_march_2020.shp, 9295699951354.111, 50158634.1684837, 5.3958964285607185e-06
census_geographies/1990_tracts.shp, study_areas/definitions/max_city_5531000_march_2020.shp, 9295699951354.111, 120990583.62731944, 1.3015758281838116e-05
census_geographies/1990_tracts.shp, study_areas/definitions/max_city_5537825_march_2020.shp, 9295699951354.111, 83573139.31904005, 8.990516018846529e-06
census_geographies/1990_tracts.shp, study_areas/definitions/max_city_5540775_march_2020.shp, 9295699951354.111, 40184208.281190194, 4.322881385100702e-06
census_geographies/1990_tracts.shp, study_areas/definitions/max_city_5548000_march_2020.shp, 9295699951354.111, 411601249.3550398, 4.427867202136634e-05
census_geographies/1990_tracts.shp, study_areas/definitions/max_city_5553000_march_2020.shp, 9295699951354.111, 250119942.15288618, 2.6907058474542416e-05
census_geographies/1990_tracts.shp, study_areas/definitions/max_city_5566000_march_2020.shp, 9295699951354.111, 51678738.82830246, 5.559424152968102e-06
census_geographies/1990_tracts.shp, study_areas/definitions/max_city_5572975_march_2020.shp, 9295699951354.111, 28027149.530202422, 3.015066071072968e-06
census_geographies/1990_tracts.shp, study_areas/definitions/max_city_5584475_march_2020.shp, 9295699951354.111, 47692716.83672247, 5.130621371850007e-06
census_geographies/1990_tracts.shp, study_areas/definitions/max_city_5613150_march_2020.shp, 9295699951354.111, 105115211.48404771, 1.1307939373488008e-05
census_geographies/1990_tracts.shp, study_areas/definitions/max_city_5613900_march_2020.shp, 9295699951354.111, 66119499.866632976, 7.112912444748316e-06
census_geographies/1980_tracts.shp, study_areas/definitions/max_city_0107000_march_2020.shp, 2014211535140.1255, 359757055.4188165, 0.00017860937103301257
census_geographies/1980_tracts.shp, study_areas/definitions/max_city_0121184_march_2020.shp, 2014211535140.1255, 228140951.85026628, 0.0001132656366375118
census_geographies/1980_tracts.shp, study_areas/definitions/max_city_0126896_march_2020.shp, 2014211535140.1255, 44597361.81516338, 2.2141349623469817e-05
census_geographies/1980_tracts.shp, study_areas/definitions/max_city_0128696_march_2020.shp, 2014211535140.1255, 97233755.53800146, 4.827385497583156e-05
census_geographies/1980_tracts.shp, study_areas/definitions/max_city_0137000_march_2020.shp, 2014211535140.1255, 249116643.7761603, 0.0001236794842200274
census_geographies/1980_tracts.shp, study_areas/definitions/max_city_0150000_march_2020.shp, 2014211535140.1255, 311225956.3629945, 0.00015451503029017408
census_geographies/1980_tracts.shp, study_areas/definitions/max_city_0151000_march_2020.shp, 2014211535140.1255, 285323998.40532106, 0.00014165542865162447
census_geographies/1980_tracts.shp, study_areas/definitions/max_city_0157576_march_2020.shp, 2014211535140.1255, 78568598.65017307, 3.9007123770000245e-05
census_geographies/1980_tracts.shp, study_areas/definitions/max_city_0177256_march_2020.shp, 2014211535140.1255, 90082163.83660597, 4.4723288624369385e-05
census_geographies/1980_tracts.shp, study_areas/definitions/max_city_0203000_march_2020.shp, 2014211535140.1255, 4426682387.830579, 0.002197724673204506
census_geographies/1980_tracts.shp, study_areas/definitions/max_city_0224230_march_2020.shp, 2014211535140.1255, 38090533.328252, 1.8910890273300965e-05
census_geographies/1980_tracts.shp, study_areas/definitions/max_city_0454050_march_2020.shp, 2014211535140.1255, 55531422.22988139, 2.7569806478155314e-05
census_geographies/1980_tracts.shp, study_areas/definitions/max_city_0455000_march_2020.shp, 2014211535140.1255, 970521218.7211468, 0.0004818367891303081
census_geographies/1980_tracts.shp, study_areas/definitions/max_city_0477000_march_2020.shp, 2014211535140.1255, 382075408.827155, 0.00018968981269416402
census_geographies/1980_tracts.shp, study_areas/definitions/max_city_0485540_march_2020.shp, 2014211535140.1255, 205654325.68281564, 0.00010210165223212695
census_geographies/1980_tracts.shp, study_areas/definitions/max_city_0523290_march_2020.shp, 2014211535140.1255, 22067811.067863196, 1.0956054358177417e-05
census_geographies/1980_tracts.shp, study_areas/definitions/max_city_0524550_march_2020.shp, 2014211535140.1255, 197733611.77781698, 9.816923810043664e-05
census_geographies/1980_tracts.shp, study_areas/definitions/max_city_0541000_march_2020.shp, 2014211535140.1255, 301080322.46942997, 0.00014947800527241261
census_geographies/1980_tracts.shp, study_areas/definitions/max_city_0555310_march_2020.shp, 2014211535140.1255, 60809771.25532372, 3.0190359947021794e-05
census_geographies/1980_tracts.shp, study_areas/definitions/max_city_0602000_march_2020.shp, 2014211535140.1255, 98760444.2670185, 4.903181346349895e-05
census_geographies/1980_tracts.shp, study_areas/definitions/max_city_0603526_march_2020.shp, 2014211535140.1255, 158945529.6212328, 7.891203423684852e-05
census_geographies/1980_tracts.shp, study_areas/definitions/max_city_0613014_march_2020.shp, 2014211535140.1255, 59933327.07862957, 2.975522979241607e-05
census_geographies/1980_tracts.shp, study_areas/definitions/max_city_0621782_march_2020.shp, 2014211535140.1255, 43495080.95695672, 2.1594097838353823e-05
census_geographies/1980_tracts.shp, study_areas/definitions/max_city_0627000_march_2020.shp, 2014211535140.1255, 370905550.4362427, 0.0001841442887032416
census_geographies/1980_tracts.shp, study_areas/definitions/max_city_0644000_march_2020.shp, 2014211535140.1255, 1219004503.9589186, 0.0006052018284534918
census_geographies/1980_tracts.shp, study_areas/definitions/max_city_0646898_march_2020.shp, 2014211535140.1255, 64008271.44583129, 3.1778326322303746e-05
census_geographies/1980_tracts.shp, study_areas/definitions/max_city_0648354_march_2020.shp, 2014211535140.1255, 74746497.8477856, 3.710955703696018e-05
census_geographies/1980_tracts.shp, study_areas/definitions/max_city_0659920_march_2020.shp, 2014211535140.1255, 179606054.5739066, 8.916941018382744e-05
census_geographies/1980_tracts.shp, study_areas/definitions/max_city_0664000_march_2020.shp, 2014211535140.1255, 221878579.54780486, 0.0001101565429831426
census_geographies/1980_tracts.shp, study_areas/definitions/max_city_0664224_march_2020.shp, 2014211535140.1255, 58308744.672398046, 2.894866981701681e-05
census_geographies/1980_tracts.shp, study_areas/definitions/max_city_0666000_march_2020.shp, 2014211535140.1255, 817755377.0778935, 0.0004059927980806661
census_geographies/1980_tracts.shp, study_areas/definitions/max_city_0668000_march_2020.shp, 2014211535140.1255, 365812441.8259504, 0.0001816157019478599
census_geographies/1980_tracts.shp, study_areas/definitions/max_city_0669112_march_2020.shp, 2014211535140.1255, 41213673.27024102, 2.046144238140998e-05
census_geographies/1980_tracts.shp, study_areas/definitions/max_city_0669196_march_2020.shp, 2014211535140.1255, 63762935.05331137, 3.165652362768118e-05
census_geographies/1980_tracts.shp, study_areas/definitions/max_city_0670098_march_2020.shp, 2014211535140.1255, 158284906.21119395, 7.85840530896286e-05
census_geographies/1980_tracts.shp, study_areas/definitions/max_city_0675000_march_2020.shp, 2014211535140.1255, 146205969.87775692, 7.258719718710459e-05
census_geographies/1980_tracts.shp, study_areas/definitions/max_city_0681666_march_2020.shp, 2014211535140.1255, 66828007.63780989, 3.317824690799458e-05
census_geographies/1980_tracts.shp, study_areas/definitions/max_city_0682954_march_2020.shp, 2014211535140.1255, 142096598.74283245, 7.054700872465563e-05
census_geographies/1980_tracts.shp, study_areas/definitions/max_city_0686972_march_2020.shp, 2014211535140.1255, 33075622.444016177, 1.6421126513762697e-05
census_geographies/1980_tracts.shp, study_areas/definitions/max_city_0807850_march_2020.shp, 2014211535140.1255, 95027791.73932128, 4.717865531075431e-05
census_geographies/1980_tracts.shp, study_areas/definitions/max_city_0816000_march_2020.shp, 2014211535140.1255, 545035429.6409323, 0.0002705949301412451
census_geographies/1980_tracts.shp, study_areas/definitions/max_city_0820000_march_2020.shp, 2014211535140.1255, 292107990.16940534, 0.00014502349185935125
census_geographies/1980_tracts.shp, study_areas/definitions/max_city_0827425_march_2020.shp, 2014211535140.1255, 187999785.77712858, 9.333666424666252e-05
census_geographies/1980_tracts.shp, study_areas/definitions/max_city_0831660_march_2020.shp, 2014211535140.1255, 82409577.05883183, 4.091406270945555e-05
census_geographies/1980_tracts.shp, study_areas/definitions/max_city_0862000_march_2020.shp, 2014211535140.1255, 138930734.50029457, 6.89752451897409e-05
census_geographies/1980_tracts.shp, study_areas/definitions/max_city_0877290_march_2020.shp, 2014211535140.1255, 45423515.373398624, 2.2551511884891765e-05
census_geographies/1980_tracts.shp, study_areas/definitions/max_city_0908000_march_2020.shp, 2014211535140.1255, 42581135.58350708, 2.1140349382690226e-05
census_geographies/1980_tracts.shp, study_areas/definitions/max_city_0937000_march_2020.shp, 2014211535140.1255, 46536835.01944132, 2.3104244121114034e-05
census_geographies/1980_tracts.shp, study_areas/definitions/max_city_0952000_march_2020.shp, 2014211535140.1255, 49882463.09153739, 2.4765255397103637e-05
census_geographies/1980_tracts.shp, study_areas/definitions/max_city_0956200_march_2020.shp, 2014211535140.1255, 76058404.61096439, 3.776088225295221e-05
census_geographies/1980_tracts.shp, study_areas/definitions/max_city_1021200_march_2020.shp, 2014211535140.1255, 44581742.42129509, 2.213359502888241e-05
census_geographies/1980_tracts.shp, study_areas/definitions/max_city_1150000_march_2020.shp, 2014211535140.1255, 159396586.28611976, 7.913597132439756e-05
census_geographies/1980_tracts.shp, study_areas/definitions/max_city_1207525_march_2020.shp, 2014211535140.1255, 35942218.73325528, 1.784431183428549e-05
census_geographies/1980_tracts.shp, study_areas/definitions/max_city_1210275_march_2020.shp, 2014211535140.1255, 372815094.90239936, 0.00018509232441490473
census_geographies/1980_tracts.shp, study_areas/definitions/max_city_1217200_march_2020.shp, 2014211535140.1255, 87091405.41067345, 4.3238460256665464e-05
census_geographies/1980_tracts.shp, study_areas/definitions/max_city_1225175_march_2020.shp, 2014211535140.1255, 138318926.64471012, 6.867149960745681e-05
census_geographies/1980_tracts.shp, study_areas/definitions/max_city_1235000_march_2020.shp, 2014211535140.1255, 2149888721.8869214, 0.001067359949230634
census_geographies/1980_tracts.shp, study_areas/definitions/max_city_1238250_march_2020.shp, 2014211535140.1255, 90943503.19987725, 4.5150919659265306e-05
census_geographies/1980_tracts.shp, study_areas/definitions/max_city_1245000_march_2020.shp, 2014211535140.1255, 90580500.09211957, 4.497069871353807e-05
census_geographies/1980_tracts.shp, study_areas/definitions/max_city_1248050_march_2020.shp, 2014211535140.1255, 104385585.33503091, 5.182453953515313e-05
census_geographies/1980_tracts.shp, study_areas/definitions/max_city_1249675_march_2020.shp, 2014211535140.1255, 66999745.719763845, 3.32635100886277e-05
census_geographies/1980_tracts.shp, study_areas/definitions/max_city_1253000_march_2020.shp, 2014211535140.1255, 245797669.29810697, 0.00012203170571208511
census_geographies/1980_tracts.shp, study_areas/definitions/max_city_1254000_march_2020.shp, 2014211535140.1255, 155113103.5240854, 7.700934128216798e-05
census_geographies/1980_tracts.shp, study_areas/definitions/max_city_1254700_march_2020.shp, 2014211535140.1255, 46271443.010811046, 2.297248437095859e-05
census_geographies/1980_tracts.shp, study_areas/definitions/max_city_1255925_march_2020.shp, 2014211535140.1255, 63748116.29789347, 3.164916652781388e-05
census_geographies/1980_tracts.shp, study_areas/definitions/max_city_1258715_march_2020.shp, 2014211535140.1255, 305288664.18327653, 0.0001515673298743362
census_geographies/1980_tracts.shp, study_areas/definitions/max_city_1270600_march_2020.shp, 2014211535140.1255, 148128666.03601754, 7.354176234807058e-05
census_geographies/1980_tracts.shp, study_areas/definitions/max_city_1271000_march_2020.shp, 2014211535140.1255, 293246731.8500071, 0.00014558884542859417
census_geographies/1980_tracts.shp, study_areas/definitions/max_city_1274200_march_2020.shp, 2014211535140.1255, 51088901.51511704, 2.536421851618622e-05
census_geographies/1980_tracts.shp, study_areas/definitions/max_city_1301052_march_2020.shp, 2014211535140.1255, 108688167.72474943, 5.396065201125371e-05
census_geographies/1980_tracts.shp, study_areas/definitions/max_city_1303440_march_2020.shp, 2014211535140.1255, 314126503.0768926, 0.0001559550710521769
census_geographies/1980_tracts.shp, study_areas/definitions/max_city_1304000_march_2020.shp, 2014211535140.1255, 363492619.81131, 0.0001804639748456323
census_geographies/1980_tracts.shp, study_areas/definitions/max_city_1304204_march_2020.shp, 2014211535140.1255, 850697038.6050084, 0.0004223474167254368
census_geographies/1980_tracts.shp, study_areas/definitions/max_city_1319000_march_2020.shp, 2014211535140.1255, 572388130.2164724, 0.00028417478513578873
census_geographies/1980_tracts.shp, study_areas/definitions/max_city_1349008_march_2020.shp, 2014211535140.1255, 660558153.9618539, 0.0003279487493928486
census_geographies/1980_tracts.shp, study_areas/definitions/max_city_1366668_march_2020.shp, 2014211535140.1255, 70903459.19988045, 3.520159524602654e-05
census_geographies/1980_tracts.shp, study_areas/definitions/max_city_1369000_march_2020.shp, 2014211535140.1255, 168550173.56401372, 8.368047279219257e-05
census_geographies/1980_tracts.shp, study_areas/definitions/max_city_1522700_march_2020.shp, 2014211535140.1255, 26849852.954734296, 1.3330205137995298e-05
census_geographies/1980_tracts.shp, study_areas/definitions/max_city_1571550_march_2020.shp, 2014211535140.1255, 147425676.8564507, 7.319274777472394e-05
census_geographies/1980_tracts.shp, study_areas/definitions/max_city_1608830_march_2020.shp, 2014211535140.1255, 143338734.76972196, 7.116369471081899e-05
census_geographies/1980_tracts.shp, study_areas/definitions/max_city_1664090_march_2020.shp, 2014211535140.1255, 73179115.72934654, 3.633139541336982e-05
census_geographies/1980_tracts.shp, study_areas/definitions/max_city_1706613_march_2020.shp, 2014211535140.1255, 45101750.87079101, 2.2391764759530757e-05
census_geographies/1980_tracts.shp, study_areas/definitions/max_city_1712385_march_2020.shp, 2014211535140.1255, 98768245.96440855, 4.9035686789241526e-05
census_geographies/1980_tracts.shp, study_areas/definitions/max_city_1714000_march_2020.shp, 2014211535140.1255, 591572442.3625139, 0.00029369926248652884
census_geographies/1980_tracts.shp, study_areas/definitions/max_city_1718563_march_2020.shp, 2014211535140.1255, 18337736.946558937, 9.104176312486071e-06
census_geographies/1980_tracts.shp, study_areas/definitions/max_city_1718823_march_2020.shp, 2014211535140.1255, 377477964.35978, 0.00018740730939837433
census_geographies/1980_tracts.shp, study_areas/definitions/max_city_1738934_march_2020.shp, 2014211535140.1255, 23284536.278320994, 1.1560124580808304e-05
census_geographies/1980_tracts.shp, study_areas/definitions/max_city_1759000_march_2020.shp, 2014211535140.1255, 120880077.19985524, 6.001359593616159e-05
census_geographies/1980_tracts.shp, study_areas/definitions/max_city_1765000_march_2020.shp, 2014211535140.1255, 243125497.60627228, 0.00012070504679606972
census_geographies/1980_tracts.shp, study_areas/definitions/max_city_1772000_march_2020.shp, 2014211535140.1255, 112993194.77500689, 5.609797819331133e-05
census_geographies/1980_tracts.shp, study_areas/definitions/max_city_1805860_march_2020.shp, 2014211535140.1255, 30660796.054479368, 1.5222232382035458e-05
census_geographies/1980_tracts.shp, study_areas/definitions/max_city_1820728_march_2020.shp, 2014211535140.1255, 102195938.5021873, 5.0737440789741925e-05
census_geographies/1980_tracts.shp, study_areas/definitions/max_city_1822000_march_2020.shp, 2014211535140.1255, 155990035.01614842, 7.744471337529921e-05
census_geographies/1980_tracts.shp, study_areas/definitions/max_city_1825000_march_2020.shp, 2014211535140.1255, 289326660.0546207, 0.00014364263882268586
census_geographies/1980_tracts.shp, study_areas/definitions/max_city_1836003_march_2020.shp, 2014211535140.1255, 950212752.5486912, 0.00047175420057485985
census_geographies/1980_tracts.shp, study_areas/definitions/max_city_1840392_march_2020.shp, 2014211535140.1255, 83951170.72410259, 4.167942108337804e-05
census_geographies/1980_tracts.shp, study_areas/definitions/max_city_1840788_march_2020.shp, 2014211535140.1255, 70419471.8408295, 3.496130898482345e-05
census_geographies/1980_tracts.shp, study_areas/definitions/max_city_1848798_march_2020.shp, 2014211535140.1255, 72014769.69180623, 3.5753329993116276e-05
census_geographies/1980_tracts.shp, study_areas/definitions/max_city_1851876_march_2020.shp, 2014211535140.1255, 78760537.77399181, 3.9102416206008154e-05
census_geographies/1980_tracts.shp, study_areas/definitions/max_city_1871000_march_2020.shp, 2014211535140.1255, 107919366.89084823, 5.3578963782143395e-05
census_geographies/1980_tracts.shp, study_areas/definitions/max_city_1875428_march_2020.shp, 2014211535140.1255, 68521957.12745783, 3.401924571079912e-05
census_geographies/1980_tracts.shp, study_areas/definitions/max_city_1901855_march_2020.shp, 2014211535140.1255, 38792480.75831457, 1.9259387646995995e-05
census_geographies/1980_tracts.shp, study_areas/definitions/max_city_1912000_march_2020.shp, 2014211535140.1255, 117372698.83603898, 5.827228013957012e-05
census_geographies/1980_tracts.shp, study_areas/definitions/max_city_1919000_march_2020.shp, 2014211535140.1255, 145998654.61397383, 7.248427092530623e-05
census_geographies/1980_tracts.shp, study_areas/definitions/max_city_1921000_march_2020.shp, 2014211535140.1255, 193948438.4713968, 9.629000484197115e-05
census_geographies/1980_tracts.shp, study_areas/definitions/max_city_1922395_march_2020.shp, 2014211535140.1255, 67713041.69213894, 3.3617641697910466e-05
census_geographies/1980_tracts.shp, study_areas/definitions/max_city_1973335_march_2020.shp, 2014211535140.1255, 144316000.84883943, 7.164888013552142e-05
census_geographies/1980_tracts.shp, study_areas/definitions/max_city_1982425_march_2020.shp, 2014211535140.1255, 164509361.2103169, 8.167432185759588e-05
census_geographies/1980_tracts.shp, study_areas/definitions/max_city_2038900_march_2020.shp, 2014211535140.1255, 111839521.32267128, 5.5525211414743874e-05
census_geographies/1980_tracts.shp, study_areas/definitions/max_city_2071000_march_2020.shp, 2014211535140.1255, 141206104.29368663, 7.010490300059927e-05
census_geographies/1980_tracts.shp, study_areas/definitions/max_city_2079000_march_2020.shp, 2014211535140.1255, 288322814.1670998, 0.00014314425726245363
census_geographies/1980_tracts.shp, study_areas/definitions/max_city_2146027_march_2020.shp, 2014211535140.1255, 739492677.7089877, 0.00036713754479493753
census_geographies/1980_tracts.shp, study_areas/definitions/max_city_2148006_march_2020.shp, 2014211535140.1255, 749201632.5007889, 0.00037195777078531536
census_geographies/1980_tracts.shp, study_areas/definitions/max_city_2158620_march_2020.shp, 2014211535140.1255, 40139174.591863245, 1.9927983675791444e-05
census_geographies/1980_tracts.shp, study_areas/definitions/max_city_2200975_march_2020.shp, 2014211535140.1255, 73042864.98027374, 3.62637507063985e-05
census_geographies/1980_tracts.shp, study_areas/definitions/max_city_2205000_march_2020.shp, 2014211535140.1255, 264766307.09487993, 0.00013144910674759916
census_geographies/1980_tracts.shp, study_areas/definitions/max_city_2236255_march_2020.shp, 2014211535140.1255, 30078383.391385525, 1.4933080695167908e-05
census_geographies/1980_tracts.shp, study_areas/definitions/max_city_2240735_march_2020.shp, 2014211535140.1255, 69218214.88893548, 3.436491832230525e-05
census_geographies/1980_tracts.shp, study_areas/definitions/max_city_2241155_march_2020.shp, 2014211535140.1255, 109498007.62961853, 5.436271499755904e-05
census_geographies/1980_tracts.shp, study_areas/definitions/max_city_2251410_march_2020.shp, 2014211535140.1255, 78493682.67720585, 3.896993007328059e-05
census_geographies/1980_tracts.shp, study_areas/definitions/max_city_2255000_march_2020.shp, 2014211535140.1255, 512818412.48914814, 0.0002546000772721581
census_geographies/1980_tracts.shp, study_areas/definitions/max_city_2270000_march_2020.shp, 2014211535140.1255, 264239007.34150794, 0.00013118731708739085
census_geographies/1980_tracts.shp, study_areas/definitions/max_city_2302795_march_2020.shp, 2014211535140.1255, 89981176.38329573, 4.467315116286229e-05
census_geographies/1980_tracts.shp, study_areas/definitions/max_city_2338740_march_2020.shp, 2014211535140.1255, 91171179.9877239, 4.526395485138619e-05
census_geographies/1980_tracts.shp, study_areas/definitions/max_city_2360545_march_2020.shp, 2014211535140.1255, 58850236.17090975, 2.9217505283930187e-05
census_geographies/1980_tracts.shp, study_areas/definitions/max_city_2404000_march_2020.shp, 2014211535140.1255, 210323513.12823808, 0.0001044197739209185
census_geographies/1980_tracts.shp, study_areas/definitions/max_city_2421325_march_2020.shp, 2014211535140.1255, 29014374.811289337, 1.4404830031554185e-05
census_geographies/1980_tracts.shp, study_areas/definitions/max_city_2436075_march_2020.shp, 2014211535140.1255, 27710623.657759212, 1.3757553848896723e-05
census_geographies/1980_tracts.shp, study_areas/definitions/max_city_2469925_march_2020.shp, 2014211535140.1255, 31713230.83348042, 1.574473697534166e-05
census_geographies/1980_tracts.shp, study_areas/definitions/max_city_2507000_march_2020.shp, 2014211535140.1255, 128609184.78523241, 6.385088285987067e-05
census_geographies/1980_tracts.shp, study_areas/definitions/max_city_2553960_march_2020.shp, 2014211535140.1255, 109604369.8440497, 5.441552087845863e-05
census_geographies/1980_tracts.shp, study_areas/definitions/max_city_2567000_march_2020.shp, 2014211535140.1255, 85991982.748163, 4.269262748620922e-05
census_geographies/1980_tracts.shp, study_areas/definitions/max_city_2582000_march_2020.shp, 2014211535140.1255, 99886569.14349568, 4.959090314044236e-05
census_geographies/1980_tracts.shp, study_areas/definitions/max_city_2603000_march_2020.shp, 2014211535140.1255, 78123849.61160822, 3.8786318243467546e-05
census_geographies/1980_tracts.shp, study_areas/definitions/max_city_2605920_march_2020.shp, 2014211535140.1255, 118212403.6614003, 5.868917022817886e-05
census_geographies/1980_tracts.shp, study_areas/definitions/max_city_2622000_march_2020.shp, 2014211535140.1255, 359973481.3484725, 0.000178716820486995
census_geographies/1980_tracts.shp, study_areas/definitions/max_city_2629000_march_2020.shp, 2014211535140.1255, 86467232.50612985, 4.2928575771518685e-05
census_geographies/1980_tracts.shp, study_areas/definitions/max_city_2634000_march_2020.shp, 2014211535140.1255, 113562827.6906949, 5.638078509107263e-05
census_geographies/1980_tracts.shp, study_areas/definitions/max_city_2641420_march_2020.shp, 2014211535140.1255, 28385305.88668636, 1.4092514808635349e-05
census_geographies/1980_tracts.shp, study_areas/definitions/max_city_2642160_march_2020.shp, 2014211535140.1255, 65165089.450290926, 3.235265428353209e-05
census_geographies/1980_tracts.shp, study_areas/definitions/max_city_2646000_march_2020.shp, 2014211535140.1255, 81429058.72820556, 4.042726263234346e-05
census_geographies/1980_tracts.shp, study_areas/definitions/max_city_2653780_march_2020.shp, 2014211535140.1255, 66270672.394035175, 3.290154546226687e-05
census_geographies/1980_tracts.shp, study_areas/definitions/max_city_2656320_march_2020.shp, 2014211535140.1255, 44198150.306154504, 2.1943152213692246e-05
census_geographies/1980_tracts.shp, study_areas/definitions/max_city_2670520_march_2020.shp, 2014211535140.1255, 46789739.738868035, 2.322980427952566e-05
census_geographies/1980_tracts.shp, study_areas/definitions/max_city_2717000_march_2020.shp, 2014211535140.1255, 178459226.96616474, 8.860004217667715e-05
census_geographies/1980_tracts.shp, study_areas/definitions/max_city_2743000_march_2020.shp, 2014211535140.1255, 151160872.3707898, 7.504716844960069e-05
census_geographies/1980_tracts.shp, study_areas/definitions/max_city_2754880_march_2020.shp, 2014211535140.1255, 90342184.0029925, 4.485238140427367e-05
census_geographies/1980_tracts.shp, study_areas/definitions/max_city_2756896_march_2020.shp, 2014211535140.1255, 76610056.09965305, 3.803476187237872e-05
census_geographies/1980_tracts.shp, study_areas/definitions/max_city_2829700_march_2020.shp, 2014211535140.1255, 168830825.98544288, 8.381980891281987e-05
census_geographies/1980_tracts.shp, study_areas/definitions/max_city_2831020_march_2020.shp, 2014211535140.1255, 268263809.95622367, 0.00013318551963190946
census_geographies/1980_tracts.shp, study_areas/definitions/max_city_2836000_march_2020.shp, 2014211535140.1255, 318669348.86833435, 0.00015821046762407953
census_geographies/1980_tracts.shp, study_areas/definitions/max_city_2915670_march_2020.shp, 2014211535140.1255, 187900126.36905614, 9.328718612267515e-05
census_geographies/1980_tracts.shp, study_areas/definitions/max_city_2937592_march_2020.shp, 2014211535140.1255, 94525448.95136474, 4.69292560896732e-05
census_geographies/1980_tracts.shp, study_areas/definitions/max_city_2938000_march_2020.shp, 2014211535140.1255, 737027880.9424008, 0.0003659138417609782
census_geographies/1980_tracts.shp, study_areas/definitions/max_city_2964550_march_2020.shp, 2014211535140.1255, 109235588.41057356, 5.4232431154741756e-05
census_geographies/1980_tracts.shp, study_areas/definitions/max_city_2965000_march_2020.shp, 2014211535140.1255, 171327433.6379591, 8.505930516679327e-05
census_geographies/1980_tracts.shp, study_areas/definitions/max_city_2970000_march_2020.shp, 2014211535140.1255, 253986537.2961543, 0.0001260972508920146
census_geographies/1980_tracts.shp, study_areas/definitions/max_city_3006550_march_2020.shp, 2014211535140.1255, 97201529.43684706, 4.825785561300785e-05
census_geographies/1980_tracts.shp, study_areas/definitions/max_city_3032800_march_2020.shp, 2014211535140.1255, 53193408.879495606, 2.6409047883739296e-05
census_geographies/1980_tracts.shp, study_areas/definitions/max_city_3050200_march_2020.shp, 2014211535140.1255, 125523185.48436862, 6.23187700469783e-05
census_geographies/1980_tracts.shp, study_areas/definitions/max_city_3128000_march_2020.shp, 2014211535140.1255, 225298177.68401715, 0.00011185427833841867
census_geographies/1980_tracts.shp, study_areas/definitions/max_city_3137000_march_2020.shp, 2014211535140.1255, 334447710.33857626, 0.00016604398520402141
census_geographies/1980_tracts.shp, study_areas/definitions/max_city_3209700_march_2020.shp, 2014211535140.1255, 403156896.5622294, 0.00020015618495312728
census_geographies/1980_tracts.shp, study_areas/definitions/max_city_3240000_march_2020.shp, 2014211535140.1255, 181290872.48520866, 9.000587541198673e-05
census_geographies/1980_tracts.shp, study_areas/definitions/max_city_3260600_march_2020.shp, 2014211535140.1255, 184808199.29780155, 9.17521303366703e-05
census_geographies/1980_tracts.shp, study_areas/definitions/max_city_3345140_march_2020.shp, 2014211535140.1255, 90475754.51719385, 4.491869544918459e-05
census_geographies/1980_tracts.shp, study_areas/definitions/max_city_3454360_march_2020.shp, 2014211535140.1255, 18141061.08320047, 9.00653221705357e-06
census_geographies/1980_tracts.shp, study_areas/definitions/max_city_3474000_march_2020.shp, 2014211535140.1255, 19967911.473637883, 9.91351262033595e-06
census_geographies/1980_tracts.shp, study_areas/definitions/max_city_3476070_march_2020.shp, 2014211535140.1255, 178644497.63660082, 8.86920239110699e-05
census_geographies/1980_tracts.shp, study_areas/definitions/max_city_3502000_march_2020.shp, 2014211535140.1255, 443875526.6373486, 0.00022037185215825352
census_geographies/1980_tracts.shp, study_areas/definitions/max_city_3525800_march_2020.shp, 2014211535140.1255, 84693730.76529007, 4.2048081488818434e-05
census_geographies/1980_tracts.shp, study_areas/definitions/max_city_3570500_march_2020.shp, 2014211535140.1255, 90154974.15054527, 4.4759436919952566e-05
census_geographies/1980_tracts.shp, study_areas/definitions/max_city_3601000_march_2020.shp, 2014211535140.1255, 56184109.472354144, 2.7893847538930665e-05
census_geographies/1980_tracts.shp, study_areas/definitions/max_city_3606607_march_2020.shp, 2014211535140.1255, 28442041.816323876, 1.4120682619536885e-05
census_geographies/1980_tracts.shp, study_areas/definitions/max_city_3611000_march_2020.shp, 2014211535140.1255, 106569493.70727482, 5.290878929449729e-05
census_geographies/1980_tracts.shp, study_areas/definitions/max_city_3624229_march_2020.shp, 2014211535140.1255, 19680624.49005721, 9.770882624147051e-06
census_geographies/1980_tracts.shp, study_areas/definitions/max_city_3629333_march_2020.shp, 2014211535140.1255, 10258458.116110248, 5.093039105943053e-06
census_geographies/1980_tracts.shp, study_areas/definitions/max_city_3639853_march_2020.shp, 2014211535140.1255, 3224172.241310891, 1.600711834413455e-06
census_geographies/1980_tracts.shp, study_areas/definitions/max_city_3651000_march_2020.shp, 2014211535140.1255, 793525739.0432639, 0.000393963456766749
census_geographies/1980_tracts.shp, study_areas/definitions/max_city_3659641_march_2020.shp, 2014211535140.1255, 14756738.809555111, 7.326310346310527e-06
census_geographies/1980_tracts.shp, study_areas/definitions/max_city_3663000_march_2020.shp, 2014211535140.1255, 89617472.93150428, 4.449258251580301e-05
census_geographies/1980_tracts.shp, study_areas/definitions/max_city_3673000_march_2020.shp, 2014211535140.1255, 66464408.07960858, 3.2997729841212906e-05
census_geographies/1980_tracts.shp, study_areas/definitions/max_city_3676540_march_2020.shp, 2014211535140.1255, 43023058.45940086, 2.135975179806912e-05
census_geographies/1980_tracts.shp, study_areas/definitions/max_city_3702140_march_2020.shp, 2014211535140.1255, 152916182.23989087, 7.591863097400678e-05
census_geographies/1980_tracts.shp, study_areas/definitions/max_city_3709060_march_2020.shp, 2014211535140.1255, 56765045.155209295, 2.8182265946193303e-05
census_geographies/1980_tracts.shp, study_areas/definitions/max_city_3712000_march_2020.shp, 2014211535140.1255, 943270889.2812726, 0.0004683077585570727
census_geographies/1980_tracts.shp, study_areas/definitions/max_city_3722920_march_2020.shp, 2014211535140.1255, 386042320.4250506, 0.00019165927395912478
census_geographies/1980_tracts.shp, study_areas/definitions/max_city_3726880_march_2020.shp, 2014211535140.1255, 67730633.2766108, 3.36263754302742e-05
census_geographies/1980_tracts.shp, study_areas/definitions/max_city_3728000_march_2020.shp, 2014211535140.1255, 400521034.75470936, 0.00019884755288468038
census_geographies/1980_tracts.shp, study_areas/definitions/max_city_3731060_march_2020.shp, 2014211535140.1255, 43513553.51565804, 2.1603268949917356e-05
census_geographies/1980_tracts.shp, study_areas/definitions/max_city_3734200_march_2020.shp, 2014211535140.1255, 168931856.3039911, 8.386996765572529e-05
census_geographies/1980_tracts.shp, study_areas/definitions/max_city_3755000_march_2020.shp, 2014211535140.1255, 335442722.92686194, 0.00016653798127688993
census_geographies/1980_tracts.shp, study_areas/definitions/max_city_3757500_march_2020.shp, 2014211535140.1255, 102053061.38140795, 5.066650627353709e-05
census_geographies/1980_tracts.shp, study_areas/definitions/max_city_3774440_march_2020.shp, 2014211535140.1255, 116890398.12175342, 5.8032831250577434e-05
census_geographies/1980_tracts.shp, study_areas/definitions/max_city_3775000_march_2020.shp, 2014211535140.1255, 307519248.04842734, 0.0001526747527175857
census_geographies/1980_tracts.shp, study_areas/definitions/max_city_3807200_march_2020.shp, 2014211535140.1255, 37948707.81106542, 1.8840477849028598e-05
census_geographies/1980_tracts.shp, study_areas/definitions/max_city_3825700_march_2020.shp, 2014211535140.1255, 78083110.9404943, 3.8766092626444114e-05
census_geographies/1980_tracts.shp, study_areas/definitions/max_city_3832060_march_2020.shp, 2014211535140.1255, 47395511.616086386, 2.3530553166447415e-05
census_geographies/1980_tracts.shp, study_areas/definitions/max_city_3901000_march_2020.shp, 2014211535140.1255, 153002802.78450355, 7.596163566497468e-05
census_geographies/1980_tracts.shp, study_areas/definitions/max_city_3912000_march_2020.shp, 2014211535140.1255, 84937511.38862926, 4.216911178731796e-05
census_geographies/1980_tracts.shp, study_areas/definitions/max_city_3915000_march_2020.shp, 2014211535140.1255, 216161596.90622947, 0.00010731822012487455
census_geographies/1980_tracts.shp, study_areas/definitions/max_city_3916000_march_2020.shp, 2014211535140.1255, 201500701.17774707, 0.00010003949320235075
census_geographies/1980_tracts.shp, study_areas/definitions/max_city_3918000_march_2020.shp, 2014211535140.1255, 504728967.960914, 0.0002505838930794331
census_geographies/1980_tracts.shp, study_areas/definitions/max_city_3921000_march_2020.shp, 2014211535140.1255, 171723381.6876825, 8.525588235981183e-05
census_geographies/1980_tracts.shp, study_areas/definitions/max_city_3943554_march_2020.shp, 2014211535140.1255, 53989046.00636343, 2.6804059585830688e-05
census_geographies/1980_tracts.shp, study_areas/definitions/max_city_3947138_march_2020.shp, 2014211535140.1255, 65543195.36184852, 3.2540373351247233e-05
census_geographies/1980_tracts.shp, study_areas/definitions/max_city_3974118_march_2020.shp, 2014211535140.1255, 117788716.75102024, 5.8478821462426915e-05
census_geographies/1980_tracts.shp, study_areas/definitions/max_city_3977000_march_2020.shp, 2014211535140.1255, 218164988.01474306, 0.00010831284808403486
census_geographies/1980_tracts.shp, study_areas/definitions/max_city_3988000_march_2020.shp, 2014211535140.1255, 88458549.17879525, 4.391720910914222e-05
census_geographies/1980_tracts.shp, study_areas/definitions/max_city_4023950_march_2020.shp, 2014211535140.1255, 73723302.12040606, 3.660156881947221e-05
census_geographies/1980_tracts.shp, study_areas/definitions/max_city_4041850_march_2020.shp, 2014211535140.1255, 134431238.86786997, 6.674137076596466e-05
census_geographies/1980_tracts.shp, study_areas/definitions/max_city_4055000_march_2020.shp, 2014211535140.1255, 1533210821.8243575, 0.0007611965253280582
census_geographies/1980_tracts.shp, study_areas/definitions/max_city_4075000_march_2020.shp, 2014211535140.1255, 412470799.68391025, 0.0002047802787780258
census_geographies/1980_tracts.shp, study_areas/definitions/max_city_4115800_march_2020.shp, 2014211535140.1255, 42048849.43629743, 2.0876084116642774e-05
census_geographies/1980_tracts.shp, study_areas/definitions/max_city_4123850_march_2020.shp, 2014211535140.1255, 103240693.99857202, 5.125613283283562e-05
census_geographies/1980_tracts.shp, study_areas/definitions/max_city_4147000_march_2020.shp, 2014211535140.1255, 77607254.47257388, 3.8529843126518915e-05
census_geographies/1980_tracts.shp, study_areas/definitions/max_city_4159000_march_2020.shp, 2014211535140.1255, 372058186.22814286, 0.00018471654031226633
census_geographies/1980_tracts.shp, study_areas/definitions/max_city_4164900_march_2020.shp, 2014211535140.1255, 129641396.4216544, 6.436334722541218e-05
census_geographies/1980_tracts.shp, study_areas/definitions/max_city_4202000_march_2020.shp, 2014211535140.1255, 46515519.51450324, 2.3093661565823188e-05
census_geographies/1980_tracts.shp, study_areas/definitions/max_city_4202184_march_2020.shp, 2014211535140.1255, 25386419.805542648, 1.2603651286197483e-05
census_geographies/1980_tracts.shp, study_areas/definitions/max_city_4221872_march_2020.shp, 2014211535140.1255, 7471849.888820502, 3.709565633234593e-06
census_geographies/1980_tracts.shp, study_areas/definitions/max_city_4224000_march_2020.shp, 2014211535140.1255, 49326196.75959116, 2.448908463636597e-05
census_geographies/1980_tracts.shp, study_areas/definitions/max_city_4232448_march_2020.shp, 2014211535140.1255, 9418565.748680353, 4.676055907913922e-06
census_geographies/1980_tracts.shp, study_areas/definitions/max_city_4232800_march_2020.shp, 2014211535140.1255, 29615841.44648867, 1.4703441485567872e-05
census_geographies/1980_tracts.shp, study_areas/definitions/max_city_4238288_march_2020.shp, 2014211535140.1255, 15747537.791887235, 7.81821448102853e-06
census_geographies/1980_tracts.shp, study_areas/definitions/max_city_4241216_march_2020.shp, 2014211535140.1255, 19007058.891690664, 9.43647604042163e-06
census_geographies/1980_tracts.shp, study_areas/definitions/max_city_4242168_march_2020.shp, 2014211535140.1255, 10857525.412127363, 5.390459354792654e-06
census_geographies/1980_tracts.shp, study_areas/definitions/max_city_4260000_march_2020.shp, 2014211535140.1255, 352679681.0946751, 0.0001750956515449306
census_geographies/1980_tracts.shp, study_areas/definitions/max_city_4261000_march_2020.shp, 2014211535140.1255, 151095007.75672966, 7.50144685008063e-05
census_geographies/1980_tracts.shp, study_areas/definitions/max_city_4263624_march_2020.shp, 2014211535140.1255, 26212061.971227158, 1.3013559655442856e-05
census_geographies/1980_tracts.shp, study_areas/definitions/max_city_4269000_march_2020.shp, 2014211535140.1255, 65889055.6750268, 3.2712083376308835e-05
census_geographies/1980_tracts.shp, study_areas/definitions/max_city_4273808_march_2020.shp, 2014211535140.1255, 11613284.730928143, 5.7656728344176745e-06
census_geographies/1980_tracts.shp, study_areas/definitions/max_city_4285312_march_2020.shp, 2014211535140.1255, 24722102.47681016, 1.2273836211096012e-05
census_geographies/1980_tracts.shp, study_areas/definitions/max_city_4287048_march_2020.shp, 2014211535140.1255, 13721038.663801087, 6.812114032921838e-06
census_geographies/1980_tracts.shp, study_areas/definitions/max_city_4459000_march_2020.shp, 2014211535140.1255, 48863100.68988158, 2.4259170319209917e-05
census_geographies/1980_tracts.shp, study_areas/definitions/max_city_4513330_march_2020.shp, 2014211535140.1255, 201454010.7018207, 0.00010001631267979303
census_geographies/1980_tracts.shp, study_areas/definitions/max_city_4516000_march_2020.shp, 2014211535140.1255, 321865562.4882051, 0.00015979729878064342
census_geographies/1980_tracts.shp, study_areas/definitions/max_city_4525810_march_2020.shp, 2014211535140.1255, 50765134.291630276, 2.5203477095616288e-05
census_geographies/1980_tracts.shp, study_areas/definitions/max_city_4530850_march_2020.shp, 2014211535140.1255, 77394652.90226333, 3.8424292360573295e-05
census_geographies/1980_tracts.shp, study_areas/definitions/max_city_4568290_march_2020.shp, 2014211535140.1255, 53902555.90129756, 2.6761119654469482e-05
census_geographies/1980_tracts.shp, study_areas/definitions/max_city_4570405_march_2020.shp, 2014211535140.1255, 67130925.1494573, 3.3328637026590715e-05
census_geographies/1980_tracts.shp, study_areas/definitions/max_city_4652980_march_2020.shp, 2014211535140.1255, 83580847.05709065, 4.1495565683609325e-05
census_geographies/1980_tracts.shp, study_areas/definitions/max_city_4659020_march_2020.shp, 2014211535140.1255, 126281822.68662465, 6.26954123156878e-05
census_geographies/1980_tracts.shp, study_areas/definitions/max_city_4714000_march_2020.shp, 2014211535140.1255, 348421291.6985178, 0.00017298147966086328
census_geographies/1980_tracts.shp, study_areas/definitions/max_city_4715160_march_2020.shp, 2014211535140.1255, 221495318.6921122, 0.00010996626462905403
census_geographies/1980_tracts.shp, study_areas/definitions/max_city_4737640_march_2020.shp, 2014211535140.1255, 173294370.68860334, 8.603583470022554e-05
census_geographies/1980_tracts.shp, study_areas/definitions/max_city_4738320_march_2020.shp, 2014211535140.1255, 185705747.9451785, 9.219773827392924e-05
census_geographies/1980_tracts.shp, study_areas/definitions/max_city_4740000_march_2020.shp, 2014211535140.1255, 204938035.8313623, 0.0001017460342451594
census_geographies/1980_tracts.shp, study_areas/definitions/max_city_4748000_march_2020.shp, 2014211535140.1255, 826662444.2339933, 0.0004104149091651805
census_geographies/1980_tracts.shp, study_areas/definitions/max_city_4752006_march_2020.shp, 2014211535140.1255, 1273953127.5138514, 0.000632482291600631
census_geographies/1980_tracts.shp, study_areas/definitions/max_city_4801000_march_2020.shp, 2014211535140.1255, 610241777.6875778, 0.0003029680681702204
census_geographies/1980_tracts.shp, study_areas/definitions/max_city_4803000_march_2020.shp, 2014211535140.1255, 227326731.16060707, 0.00011286139871341384
census_geographies/1980_tracts.shp, study_areas/definitions/max_city_4805000_march_2020.shp, 2014211535140.1255, 827632239.825133, 0.0004108963857004006
census_geographies/1980_tracts.shp, study_areas/definitions/max_city_4807000_march_2020.shp, 2014211535140.1255, 192605631.3803692, 9.562333847272397e-05
census_geographies/1980_tracts.shp, study_areas/definitions/max_city_4810768_march_2020.shp, 2014211535140.1255, 454835862.5098859, 0.00022581335404686962
census_geographies/1980_tracts.shp, study_areas/definitions/max_city_4815976_march_2020.shp, 2014211535140.1255, 31484797.39306889, 1.5631326126269328e-05
census_geographies/1980_tracts.shp, study_areas/definitions/max_city_4817000_march_2020.shp, 2014211535140.1255, 377816361.9671225, 0.00018757531439757066
census_geographies/1980_tracts.shp, study_areas/definitions/max_city_4819000_march_2020.shp, 2014211535140.1255, 937113104.7068523, 0.00046525058980046943
census_geographies/1980_tracts.shp, study_areas/definitions/max_city_4824000_march_2020.shp, 2014211535140.1255, 697263855.4726701, 0.0003461721091891982
census_geographies/1980_tracts.shp, study_areas/definitions/max_city_4835000_march_2020.shp, 2014211535140.1255, 1589196747.791739, 0.0007889919802694313
census_geographies/1980_tracts.shp, study_areas/definitions/max_city_4839148_march_2020.shp, 2014211535140.1255, 127335630.88604283, 6.321859877402813e-05
census_geographies/1980_tracts.shp, study_areas/definitions/max_city_4841464_march_2020.shp, 2014211535140.1255, 76315346.28678004, 3.7888446647919185e-05
census_geographies/1980_tracts.shp, study_areas/definitions/max_city_4843888_march_2020.shp, 2014211535140.1255, 92937669.55452718, 4.614096778472756e-05
census_geographies/1980_tracts.shp, study_areas/definitions/max_city_4845000_march_2020.shp, 2014211535140.1255, 197077915.5255975, 9.78437031500205e-05
census_geographies/1980_tracts.shp, study_areas/definitions/max_city_4845384_march_2020.shp, 2014211535140.1255, 99814543.72174512, 4.955514452199837e-05
census_geographies/1980_tracts.shp, study_areas/definitions/max_city_4848072_march_2020.shp, 2014211535140.1255, 89305098.23715176, 4.433749716905426e-05
census_geographies/1980_tracts.shp, study_areas/definitions/max_city_4853388_march_2020.shp, 2014211535140.1255, 85278265.69669662, 4.2338286822870346e-05
census_geographies/1980_tracts.shp, study_areas/definitions/max_city_4864472_march_2020.shp, 2014211535140.1255, 158872257.77209336, 7.887565680187651e-05
census_geographies/1980_tracts.shp, study_areas/definitions/max_city_4865000_march_2020.shp, 2014211535140.1255, 1055543934.8141471, 0.000524048202683297
census_geographies/1980_tracts.shp, study_areas/definitions/max_city_4867496_march_2020.shp, 2014211535140.1255, 76453136.80761774, 3.795685580874157e-05
census_geographies/1980_tracts.shp, study_areas/definitions/max_city_4872368_march_2020.shp, 2014211535140.1255, 73687871.8456471, 3.658397867358095e-05
census_geographies/1980_tracts.shp, study_areas/definitions/max_city_4874144_march_2020.shp, 2014211535140.1255, 79661576.90345064, 3.954975707052969e-05
census_geographies/1980_tracts.shp, study_areas/definitions/max_city_4875428_march_2020.shp, 2014211535140.1255, 26032663.78982676, 1.2924493448507487e-05
census_geographies/1980_tracts.shp, study_areas/definitions/max_city_4876000_march_2020.shp, 2014211535140.1255, 376533756.6530107, 0.00018693853653599293
census_geographies/1980_tracts.shp, study_areas/definitions/max_city_4879000_march_2020.shp, 2014211535140.1255, 152426177.97112218, 7.567535748449486e-05
census_geographies/1980_tracts.shp, study_areas/definitions/max_city_4962470_march_2020.shp, 2014211535140.1255, 48567265.02377942, 2.4112296139938786e-05
census_geographies/1980_tracts.shp, study_areas/definitions/max_city_4967000_march_2020.shp, 2014211535140.1255, 214800510.64066368, 0.0001066424786539217
census_geographies/1980_tracts.shp, study_areas/definitions/max_city_5010675_march_2020.shp, 2014211535140.1255, 40192960.2675249, 1.9954686767658065e-05
census_geographies/1980_tracts.shp, study_areas/definitions/max_city_5114968_march_2020.shp, 2014211535140.1255, 25562465.81499244, 1.2691053233003205e-05
census_geographies/1980_tracts.shp, study_areas/definitions/max_city_5135624_march_2020.shp, 2014211535140.1255, 60907802.47461424, 3.0239029720568542e-05
census_geographies/1980_tracts.shp, study_areas/definitions/max_city_5147672_march_2020.shp, 2014211535140.1255, 128881814.07954925, 6.398623572105755e-05
census_geographies/1980_tracts.shp, study_areas/definitions/max_city_5167000_march_2020.shp, 2014211535140.1255, 162002139.4312002, 8.042955598500729e-05
census_geographies/1980_tracts.shp, study_areas/definitions/max_city_5168000_march_2020.shp, 2014211535140.1255, 111280385.02833131, 5.524761579750843e-05
census_geographies/1980_tracts.shp, study_areas/definitions/max_city_5175216_march_2020.shp, 2014211535140.1255, 22783900.25333091, 1.1311572720064811e-05
census_geographies/1980_tracts.shp, study_areas/definitions/max_city_5182000_march_2020.shp, 2014211535140.1255, 662691447.830762, 0.0003290078704591768
census_geographies/1980_tracts.shp, study_areas/definitions/max_city_5305280_march_2020.shp, 2014211535140.1255, 27312379.458163813, 1.355983668133632e-05
census_geographies/1980_tracts.shp, study_areas/definitions/max_city_5335275_march_2020.shp, 2014211535140.1255, 44395100.06917327, 2.2040932292687307e-05
census_geographies/1980_tracts.shp, study_areas/definitions/max_city_5340245_march_2020.shp, 2014211535140.1255, 27708835.605029233, 1.3756666130452666e-05
census_geographies/1980_tracts.shp, study_areas/definitions/max_city_5351300_march_2020.shp, 2014211535140.1255, 39647269.52440737, 1.9683766492603855e-05
census_geographies/1980_tracts.shp, study_areas/definitions/max_city_5353545_march_2020.shp, 2014211535140.1255, 68332901.80702426, 3.392538500295623e-05
census_geographies/1980_tracts.shp, study_areas/definitions/max_city_5363000_march_2020.shp, 2014211535140.1255, 219446625.4016835, 0.00010894914539669587
census_geographies/1980_tracts.shp, study_areas/definitions/max_city_5367000_march_2020.shp, 2014211535140.1255, 137363334.11864018, 6.819707449897215e-05
census_geographies/1980_tracts.shp, study_areas/definitions/max_city_5380010_march_2020.shp, 2014211535140.1255, 66698548.07960106, 3.3113973838383834e-05
census_geographies/1980_tracts.shp, study_areas/definitions/max_city_5405332_march_2020.shp, 2014211535140.1255, 21958071.04387696, 1.0901571488790711e-05
census_geographies/1980_tracts.shp, study_areas/definitions/max_city_5414600_march_2020.shp, 2014211535140.1255, 77098886.65215722, 3.8277452644413325e-05
census_geographies/1980_tracts.shp, study_areas/definitions/max_city_5439460_march_2020.shp, 2014211535140.1255, 48777631.11304511, 2.421673705172765e-05
census_geographies/1980_tracts.shp, study_areas/definitions/max_city_5455756_march_2020.shp, 2014211535140.1255, 13792254.940648695, 6.847470933428643e-06
census_geographies/1980_tracts.shp, study_areas/definitions/max_city_5462140_march_2020.shp, 2014211535140.1255, 39163927.69773482, 1.944380072027055e-05
census_geographies/1980_tracts.shp, study_areas/definitions/max_city_5485156_march_2020.shp, 2014211535140.1255, 50111441.93517536, 2.487893702370699e-05
census_geographies/1980_tracts.shp, study_areas/definitions/max_city_5486452_march_2020.shp, 2014211535140.1255, 43738506.44859606, 2.1714951823842693e-05
census_geographies/1980_tracts.shp, study_areas/definitions/max_city_5502375_march_2020.shp, 2014211535140.1255, 43730419.38405901, 2.171093682124939e-05
census_geographies/1980_tracts.shp, study_areas/definitions/max_city_5522300_march_2020.shp, 2014211535140.1255, 87286618.48172243, 4.3335378116405256e-05
census_geographies/1980_tracts.shp, study_areas/definitions/max_city_5526275_march_2020.shp, 2014211535140.1255, 50158634.1684837, 2.4902366654848017e-05
census_geographies/1980_tracts.shp, study_areas/definitions/max_city_5531000_march_2020.shp, 2014211535140.1255, 121625971.32689205, 6.0383911622485434e-05
census_geographies/1980_tracts.shp, study_areas/definitions/max_city_5537825_march_2020.shp, 2014211535140.1255, 83529728.6891517, 4.1470186835833345e-05
census_geographies/1980_tracts.shp, study_areas/definitions/max_city_5540775_march_2020.shp, 2014211535140.1255, 38957915.62550017, 1.9341521456826497e-05
census_geographies/1980_tracts.shp, study_areas/definitions/max_city_5548000_march_2020.shp, 2014211535140.1255, 416287068.1988407, 0.00020667494994257405
census_geographies/1980_tracts.shp, study_areas/definitions/max_city_5553000_march_2020.shp, 2014211535140.1255, 250282316.8378076, 0.00012425820847083763
census_geographies/1980_tracts.shp, study_areas/definitions/max_city_5566000_march_2020.shp, 2014211535140.1255, 57171177.78484107, 2.838389949984263e-05
census_geographies/1980_tracts.shp, study_areas/definitions/max_city_5572975_march_2020.shp, 2014211535140.1255, 28027149.530202422, 1.391470014009855e-05
census_geographies/1980_tracts.shp, study_areas/definitions/max_city_5584475_march_2020.shp, 2014211535140.1255, 45598625.66527717, 2.2638449273951232e-05
census_geographies/1980_tracts.shp, study_areas/definitions/max_city_5613150_march_2020.shp, 2014211535140.1255, 46109195.57526915, 2.2891933032277766e-05
census_geographies/1980_tracts.shp, study_areas/definitions/max_city_5613900_march_2020.shp, 2014211535140.1255, 66099070.01722308, 3.281634965546192e-05
