cbsa,year,cluster,gisjoin,geoid,black_population,total_population,black_share,cluster_title
16980,1980,cluster_1,G17003103303,17003103303,3224,3233,0.9996899224806202,"Chicago, South Side"
16980,1980,cluster_1,G17003103304,17003103304,49,56,0.98,"Chicago, South Side"
16980,1980,cluster_1,G17003103305,17003103305,65,196,0.5462184873949579,"Chicago, South Side"
16980,1980,cluster_1,G17003103406,17003103406,2280,2292,0.9969392216878006,"Chicago, South Side"
16980,1980,cluster_1,G17003103501,17003103501,651,2441,0.328125,"Chicago, South Side"
16980,1980,cluster_1,G17003103502,17003103502,2931,3083,0.975699067909454,"Chicago, South Side"
16980,1980,cluster_1,G17003103503,17003103503,1184,1366,0.9010654490106544,"Chicago, South Side"
16980,1980,cluster_1,G17003103504,17003103504,2739,2766,0.9992703392922291,"Chicago, South Side"
16980,1980,cluster_1,G17003103505,17003103505,113,518,0.28607594936708863,"Chicago, South Side"
16980,1980,cluster_1,G17003103506,17003103506,855,2702,0.384961728950923,"Chicago, South Side"
16980,1980,cluster_1,G17003103507,17003103507,1221,1237,0.9910714285714286,"Chicago, South Side"
16980,1980,cluster_1,G17003103508,17003103508,314,318,0.9874213836477987,"Chicago, South Side"
16980,1980,cluster_1,G17003103509,17003103509,105,105,1.0,"Chicago, South Side"
16980,1980,cluster_1,G17003103510,17003103510,3225,3519,0.9345117357287742,"Chicago, South Side"
16980,1980,cluster_1,G17003103511,17003103511,7507,7586,0.9988025545502927,"Chicago, South Side"
16980,1980,cluster_1,G17003103512,17003103512,927,939,0.987220447284345,"Chicago, South Side"
16980,1980,cluster_1,G17003103513,17003103513,1792,1827,0.9911504424778761,"Chicago, South Side"
16980,1980,cluster_1,G17003103514,17003103514,1844,1863,0.9989165763813651,"Chicago, South Side"
16980,1980,cluster_1,G17003103515,17003103515,5361,5430,0.9994407158836689,"Chicago, South Side"
16980,1980,cluster_1,G17003103601,17003103601,992,1034,0.9706457925636007,"Chicago, South Side"
16980,1980,cluster_1,G17003103602,17003103602,5506,5543,0.999455436558359,"Chicago, South Side"
16980,1980,cluster_1,G17003103603,17003103603,2573,2586,0.9996114996114996,"Chicago, South Side"
16980,1980,cluster_1,G17003103604,17003103604,4096,4169,0.9956246961594555,"Chicago, South Side"
16980,1980,cluster_1,G17003103605,17003103605,3390,3416,0.9994103773584906,"Chicago, South Side"
16980,1980,cluster_1,G17003103701,17003103701,1507,1552,0.9881967213114754,"Chicago, South Side"
16980,1980,cluster_1,G17003103702,17003103702,1707,1758,0.990139211136891,"Chicago, South Side"
16980,1980,cluster_1,G17003103703,17003103703,1156,1164,0.9991356957649092,"Chicago, South Side"
16980,1980,cluster_1,G17003103704,17003103704,1337,1358,0.9992526158445441,"Chicago, South Side"
16980,1980,cluster_1,G17003103801,17003103801,3101,3151,0.9935917975008011,"Chicago, South Side"
16980,1980,cluster_1,G17003103802,17003103802,1999,2020,0.9985014985014985,"Chicago, South Side"
16980,1980,cluster_1,G17003103803,17003103803,4716,4755,0.9961977186311787,"Chicago, South Side"
16980,1980,cluster_1,G17003103804,17003103804,1756,1780,0.9898534385569335,"Chicago, South Side"
16980,1980,cluster_1,G17003103805,17003103805,2976,3029,0.998992950654582,"Chicago, South Side"
16980,1980,cluster_1,G17003103806,17003103806,3651,3694,0.9997261774370209,"Chicago, South Side"
16980,1980,cluster_1,G17003103807,17003103807,2028,2070,0.9970501474926253,"Chicago, South Side"
16980,1980,cluster_1,G17003103808,17003103808,2419,2453,0.9967037494849609,"Chicago, South Side"
16980,1980,cluster_1,G17003103809,17003103809,2315,2349,0.9961273666092944,"Chicago, South Side"
16980,1980,cluster_1,G17003103810,17003103810,3101,3105,1.0,"Chicago, South Side"
16980,1980,cluster_1,G17003103811,17003103811,666,675,0.9985007496251874,"Chicago, South Side"
16980,1980,cluster_1,G17003103812,17003103812,2823,2837,0.9975265017667845,"Chicago, South Side"
16980,1980,cluster_1,G17003103813,17003103813,414,416,1.0,"Chicago, South Side"
16980,1980,cluster_1,G17003103814,17003103814,3049,3098,0.9947797716150082,"Chicago, South Side"
16980,1980,cluster_1,G17003103815,17003103815,1807,1826,0.9994469026548672,"Chicago, South Side"
16980,1980,cluster_1,G17003103816,17003103816,2138,2180,0.9990654205607477,"Chicago, South Side"
16980,1980,cluster_1,G17003103817,17003103817,5633,5681,0.9992904026964697,"Chicago, South Side"
16980,1980,cluster_1,G17003103818,17003103818,3036,3090,0.9905383360522023,"Chicago, South Side"
16980,1980,cluster_1,G17003103819,17003103819,1787,1819,0.9938820912124583,"Chicago, South Side"
16980,1980,cluster_1,G17003103820,17003103820,3681,3713,0.9964807796426638,"Chicago, South Side"
16980,1980,cluster_1,G17003103901,17003103901,2082,2114,0.9985611510791367,"Chicago, South Side"
16980,1980,cluster_1,G17003103902,17003103902,2321,2357,0.9940042826552462,"Chicago, South Side"
16980,1980,cluster_1,G17003103903,17003103903,3196,3324,0.9734998477002741,"Chicago, South Side"
16980,1980,cluster_1,G17003103904,17003103904,3275,3409,0.9741225461035098,"Chicago, South Side"
16980,1980,cluster_1,G17003103905,17003103905,1521,1926,0.8234975636166757,"Chicago, South Side"
16980,1980,cluster_1,G17003103906,17003103906,822,1875,0.4767981438515081,"Chicago, South Side"
16980,1980,cluster_1,G17003103907,17003103907,3691,6969,0.5629098673173707,"Chicago, South Side"
16980,1980,cluster_1,G17003104001,17003104001,3213,3262,0.9965880893300249,"Chicago, South Side"
16980,1980,cluster_1,G17003104002,17003104002,5889,5958,0.9989821882951654,"Chicago, South Side"
16980,1980,cluster_1,G17003104003,17003104003,3389,3424,0.9967647058823529,"Chicago, South Side"
16980,1980,cluster_1,G17003104004,17003104004,4453,4534,0.9953062136790344,"Chicago, South Side"
16980,1980,cluster_1,G17003104005,17003104005,3534,3560,0.9983050847457627,"Chicago, South Side"
16980,1980,cluster_1,G17003104006,17003104006,1254,1264,0.9960285941223193,"Chicago, South Side"
16980,1980,cluster_1,G17003104007,17003104007,2263,2277,0.9956005279366476,"Chicago, South Side"
16980,1980,cluster_1,G17003104008,17003104008,7555,7656,0.9982822410147991,"Chicago, South Side"
16980,1980,cluster_1,G17003104101,17003104101,742,1826,0.45745992601726265,"Chicago, South Side"
16980,1980,cluster_1,G17003104103,17003104103,735,903,0.8596491228070176,"Chicago, South Side"
16980,1980,cluster_1,G17003104104,17003104104,611,660,0.9371165644171779,"Chicago, South Side"
16980,1980,cluster_1,G17003104105,17003104105,2719,3105,0.8958813838550247,"Chicago, South Side"
16980,1980,cluster_1,G17003104201,17003104201,910,1075,0.8878048780487805,"Chicago, South Side"
16980,1980,cluster_1,G17003104202,17003104202,2085,2343,0.9116746829908177,"Chicago, South Side"
16980,1980,cluster_1,G17003104203,17003104203,1883,2240,0.8606032906764168,"Chicago, South Side"
16980,1980,cluster_1,G17003104204,17003104204,1789,2310,0.8131818181818182,"Chicago, South Side"
16980,1980,cluster_1,G17003104205,17003104205,3699,3756,0.9954251883745964,"Chicago, South Side"
16980,1980,cluster_1,G17003104206,17003104206,3300,3339,0.9966777408637874,"Chicago, South Side"
16980,1980,cluster_1,G17003104207,17003104207,5729,5808,0.9951363557408373,"Chicago, South Side"
16980,1980,cluster_1,G17003104208,17003104208,3513,3555,0.9949022939677146,"Chicago, South Side"
16980,1980,cluster_1,G17003104209,17003104209,3979,4036,0.9935081148564294,"Chicago, South Side"
16980,1980,cluster_1,G17003104210,17003104210,3098,3192,0.9822447685478757,"Chicago, South Side"
16980,1980,cluster_1,G17003104211,17003104211,2608,2675,0.9878787878787879,"Chicago, South Side"
16980,1980,cluster_1,G17003104212,17003104212,1967,1994,0.9944388270980788,"Chicago, South Side"
16980,1980,cluster_1,G17003104301,17003104301,12112,12735,0.9612698412698413,"Chicago, South Side"
16980,1980,cluster_1,G17003104302,17003104302,6530,7023,0.9461025789626195,"Chicago, South Side"
16980,1980,cluster_1,G17003104303,17003104303,4341,4393,0.9960991280403855,"Chicago, South Side"
16980,1980,cluster_1,G17003104304,17003104304,3965,4114,0.9900124843945068,"Chicago, South Side"
16980,1980,cluster_1,G17003104305,17003104305,5818,5959,0.9891193471608296,"Chicago, South Side"
16980,1980,cluster_1,G17003104306,17003104306,2576,2778,0.9544275657650981,"Chicago, South Side"
16980,1980,cluster_1,G17003104307,17003104307,2550,2774,0.9375,"Chicago, South Side"
16980,1980,cluster_1,G17003104308,17003104308,2431,2636,0.9481279251170047,"Chicago, South Side"
16980,1980,cluster_1,G17003104309,17003104309,2518,2585,0.9890023566378633,"Chicago, South Side"
16980,1980,cluster_1,G17003104310,17003104310,1513,1558,0.9850260416666666,"Chicago, South Side"
16980,1980,cluster_1,G17003104311,17003104311,5748,5956,0.9881382155750387,"Chicago, South Side"
16980,1980,cluster_1,G17003104312,17003104312,4215,4399,0.9727671359335334,"Chicago, South Side"
16980,1980,cluster_1,G17003104313,17003104313,12233,12811,0.9822546972860126,"Chicago, South Side"
16980,1980,cluster_1,G17003104314,17003104314,6762,8022,0.8867033831628639,"Chicago, South Side"
16980,1980,cluster_1,G17003104401,17003104401,10297,10463,0.9956488106749178,"Chicago, South Side"
16980,1980,cluster_1,G17003104402,17003104402,9984,10160,0.995314524972585,"Chicago, South Side"
16980,1980,cluster_1,G17003104403,17003104403,5487,5640,0.9866930408199964,"Chicago, South Side"
16980,1980,cluster_1,G17003104404,17003104404,4384,4454,0.9907344632768361,"Chicago, South Side"
16980,1980,cluster_1,G17003104405,17003104405,0,0,,"Chicago, South Side"
16980,1980,cluster_1,G17003104406,17003104406,2020,2093,0.98488542174549,"Chicago, South Side"
16980,1980,cluster_1,G17003104407,17003104407,1879,1937,0.9822268687924726,"Chicago, South Side"
16980,1980,cluster_1,G17003104408,17003104408,2199,2252,0.9878706199460916,"Chicago, South Side"
16980,1980,cluster_1,G17003104409,17003104409,3660,3726,0.9899918853124154,"Chicago, South Side"
16980,1980,cluster_1,G17003104501,17003104501,541,555,0.9872262773722628,"Chicago, South Side"
16980,1980,cluster_1,G17003104502,17003104502,7784,8189,0.9710578842315369,"Chicago, South Side"
16980,1980,cluster_1,G17003104503,17003104503,4860,5048,0.9739478957915831,"Chicago, South Side"
16980,1980,cluster_1,G17003104601,17003104601,1649,5607,0.5211757269279393,"Chicago, South Side"
16980,1980,cluster_1,G17003104602,17003104602,10,4164,0.011135857461024499,"Chicago, South Side"
16980,1980,cluster_1,G17003104603,17003104603,4879,10285,0.733353374417556,"Chicago, South Side"
16980,1980,cluster_1,G17003104604,17003104604,4129,4740,0.927031881454872,"Chicago, South Side"
16980,1980,cluster_1,G17003104605,17003104605,7699,8141,0.9641828428303069,"Chicago, South Side"
16980,1980,cluster_1,G17003104606,17003104606,324,1725,0.5110410094637224,"Chicago, South Side"
16980,1980,cluster_1,G17003104607,17003104607,1195,5128,0.7390228818800247,"Chicago, South Side"
16980,1980,cluster_1,G17003104608,17003104608,853,1265,0.9884125144843569,"Chicago, South Side"
16980,1980,cluster_1,G17003104609,17003104609,249,2983,0.4797687861271676,"Chicago, South Side"
16980,1980,cluster_1,G17003104610,17003104610,786,2384,0.8247639034627492,"Chicago, South Side"
16980,1980,cluster_1,G17003104701,17003104701,3470,3942,0.9138793784566763,"Chicago, South Side"
16980,1980,cluster_1,G17003104801,17003104801,2961,3097,0.9736928641894114,"Chicago, South Side"
16980,1980,cluster_1,G17003104802,17003104802,1618,1694,0.9847839318320146,"Chicago, South Side"
16980,1980,cluster_1,G17003104803,17003104803,2170,2332,0.9627329192546584,"Chicago, South Side"
16980,1980,cluster_1,G17003104804,17003104804,7901,8657,0.9528461167390255,"Chicago, South Side"
16980,1980,cluster_1,G17003104805,17003104805,3017,4725,0.862,"Chicago, South Side"
16980,1980,cluster_1,G17003104901,17003104901,744,763,0.992,"Chicago, South Side"
16980,1980,cluster_1,G17003104902,17003104902,4021,4059,0.9990062111801242,"Chicago, South Side"
16980,1980,cluster_1,G17003104903,17003104903,2612,2645,0.9950476190476191,"Chicago, South Side"
16980,1980,cluster_1,G17003104904,17003104904,1239,1252,0.9935846030473136,"Chicago, South Side"
16980,1980,cluster_1,G17003104905,17003104905,2338,2381,0.9919389053882054,"Chicago, South Side"
16980,1980,cluster_1,G17003104906,17003104906,2088,2128,0.9942857142857143,"Chicago, South Side"
16980,1980,cluster_1,G17003104907,17003104907,4295,4362,0.9905442804428044,"Chicago, South Side"
16980,1980,cluster_1,G17003104908,17003104908,5215,5367,0.97695766204571,"Chicago, South Side"
16980,1980,cluster_1,G17003104909,17003104909,12265,12661,0.9810430331147016,"Chicago, South Side"
16980,1980,cluster_1,G17003104910,17003104910,8720,8972,0.9862022166930559,"Chicago, South Side"
16980,1980,cluster_1,G17003104911,17003104911,6688,6857,0.982373678025852,"Chicago, South Side"
16980,1980,cluster_1,G17003104912,17003104912,3319,3388,0.986329866270431,"Chicago, South Side"
16980,1980,cluster_1,G17003104913,17003104913,4472,4721,0.9725967812092214,"Chicago, South Side"
16980,1980,cluster_1,G17003104914,17003104914,4408,4816,0.951024811218986,"Chicago, South Side"
16980,1980,cluster_1,G17003105001,17003105001,5612,5800,0.9785527462946818,"Chicago, South Side"
16980,1980,cluster_1,G17003105002,17003105002,2255,2457,0.9551037695891571,"Chicago, South Side"
16980,1980,cluster_1,G17003105003,17003105003,5,2084,0.0033025099075297227,"Chicago, South Side"
16980,1980,cluster_1,G17003105101,17003105101,1,3673,0.00047824007651841227,"Chicago, South Side"
16980,1980,cluster_1,G17003105102,17003105102,3278,4250,0.8437580437580438,"Chicago, South Side"
16980,1980,cluster_1,G17003105103,17003105103,6573,6903,0.9762364473488787,"Chicago, South Side"
16980,1980,cluster_1,G17003105104,17003105104,0,73,0.0,"Chicago, South Side"
16980,1980,cluster_1,G17003105105,17003105105,649,4450,0.39987677141096734,"Chicago, South Side"
16980,1980,cluster_1,G17003105202,17003105202,0,3464,0.0,"Chicago, South Side"
16980,1980,cluster_1,G17003105301,17003105301,1769,3925,0.7631578947368421,"Chicago, South Side"
16980,1980,cluster_1,G17003105302,17003105302,8453,8881,0.9697143512676379,"Chicago, South Side"
16980,1980,cluster_1,G17003105303,17003105303,6290,6393,0.9922700741441868,"Chicago, South Side"
16980,1980,cluster_1,G17003105304,17003105304,2237,2740,0.8779434850863422,"Chicago, South Side"
16980,1980,cluster_1,G17003105305,17003105305,17209,18125,0.9637656810035843,"Chicago, South Side"
16980,1980,cluster_1,G17003105306,17003105306,4483,4840,0.9653316106804479,"Chicago, South Side"
16980,1980,cluster_1,G17003105401,17003105401,12984,13539,0.9747747747747748,"Chicago, South Side"
16980,1980,cluster_1,G17003106109,17003106109,302,1472,0.23556942277691106,"Chicago, South Side"
16980,1980,cluster_1,G17003106110,17003106110,1050,1700,0.8133230054221534,"Chicago, South Side"
16980,1980,cluster_1,G17003106111,17003106111,23,3935,0.014276846679081317,"Chicago, South Side"
16980,1980,cluster_1,G17003106112,17003106112,1,3150,0.0006090133982947625,"Chicago, South Side"
16980,1980,cluster_1,G17003106113,17003106113,2,3142,0.0010476689366160294,"Chicago, South Side"
16980,1980,cluster_1,G17003106114,17003106114,0,3289,0.0,"Chicago, South Side"
16980,1980,cluster_1,G17003106115,17003106115,3,2372,0.0016844469399213925,"Chicago, South Side"
16980,1980,cluster_1,G17003106116,17003106116,101,2157,0.07859922178988327,"Chicago, South Side"
16980,1980,cluster_1,G17003106117,17003106117,156,3585,0.08848553601815087,"Chicago, South Side"
16980,1980,cluster_1,G17003106118,17003106118,557,3620,0.295021186440678,"Chicago, South Side"
16980,1980,cluster_1,G17003106119,17003106119,1704,4791,0.6267009930121368,"Chicago, South Side"
16980,1980,cluster_1,G17003106120,17003106120,3164,3427,0.9720430107526882,"Chicago, South Side"
16980,1980,cluster_1,G17003106121,17003106121,2510,2719,0.9839278714229713,"Chicago, South Side"
16980,1980,cluster_1,G17003106122,17003106122,2438,2527,0.9902518277822908,"Chicago, South Side"
16980,1980,cluster_1,G17003106301,17003106301,5,857,0.008620689655172414,"Chicago, South Side"
16980,1980,cluster_1,G17003106302,17003106302,1,1237,0.0009182736455463728,"Chicago, South Side"
16980,1980,cluster_1,G17003106306,17003106306,154,401,0.5202702702702703,"Chicago, South Side"
16980,1980,cluster_1,G17003106307,17003106307,0,3737,0.0,"Chicago, South Side"
16980,1980,cluster_1,G17003106308,17003106308,0,4090,0.0,"Chicago, South Side"
16980,1980,cluster_1,G17003106505,17003106505,48,3363,0.01467441149495567,"Chicago, South Side"
16980,1980,cluster_1,G17003106601,17003106601,59,156,0.4645669291338583,"Chicago, South Side"
16980,1980,cluster_1,G17003106602,17003106602,1,5420,0.0002564102564102564,"Chicago, South Side"
16980,1980,cluster_1,G17003106603,17003106603,1,5194,0.00021891418563922942,"Chicago, South Side"
16980,1980,cluster_1,G17003106605,17003106605,0,3771,0.0,"Chicago, South Side"
16980,1980,cluster_1,G17003106606,17003106606,0,5549,0.0,"Chicago, South Side"
16980,1980,cluster_1,G17003106607,17003106607,2687,2999,0.9195756331279945,"Chicago, South Side"
16980,1980,cluster_1,G17003106608,17003106608,1,4855,0.00024455857177794083,"Chicago, South Side"
16980,1980,cluster_1,G17003106609,17003106609,0,3990,0.0,"Chicago, South Side"
16980,1980,cluster_1,G17003106610,17003106610,2013,5606,0.39719810576164166,"Chicago, South Side"
16980,1980,cluster_1,G17003106611,17003106611,0,5145,0.0,"Chicago, South Side"
16980,1980,cluster_1,G17003106701,17003106701,2700,2782,0.9922822491730982,"Chicago, South Side"
16980,1980,cluster_1,G17003106702,17003106702,2990,3062,0.9884297520661157,"Chicago, South Side"
16980,1980,cluster_1,G17003106703,17003106703,2557,2721,0.977072984333206,"Chicago, South Side"
16980,1980,cluster_1,G17003106704,17003106704,2921,3090,0.9756179024716098,"Chicago, South Side"
16980,1980,cluster_1,G17003106705,17003106705,2135,2254,0.9762231367169639,"Chicago, South Side"
16980,1980,cluster_1,G17003106706,17003106706,3422,3479,0.9904486251808973,"Chicago, South Side"
16980,1980,cluster_1,G17003106707,17003106707,2918,2989,0.9864773495605138,"Chicago, South Side"
16980,1980,cluster_1,G17003106708,17003106708,2542,2582,0.990646921278254,"Chicago, South Side"
16980,1980,cluster_1,G17003106709,17003106709,2208,2225,0.9968397291196388,"Chicago, South Side"
16980,1980,cluster_1,G17003106710,17003106710,684,692,1.0,"Chicago, South Side"
16980,1980,cluster_1,G17003106711,17003106711,2268,2325,0.9903930131004367,"Chicago, South Side"
16980,1980,cluster_1,G17003106712,17003106712,2592,2642,0.9908256880733946,"Chicago, South Side"
16980,1980,cluster_1,G17003106713,17003106713,4846,4943,0.988374464613502,"Chicago, South Side"
16980,1980,cluster_1,G17003106714,17003106714,2933,3006,0.9838980207983898,"Chicago, South Side"
16980,1980,cluster_1,G17003106715,17003106715,5512,5640,0.9858701484528707,"Chicago, South Side"
16980,1980,cluster_1,G17003106716,17003106716,4134,4203,0.9932724651609803,"Chicago, South Side"
16980,1980,cluster_1,G17003106717,17003106717,3212,3247,0.9947352121399814,"Chicago, South Side"
16980,1980,cluster_1,G17003106718,17003106718,2567,2589,0.9949612403100775,"Chicago, South Side"
16980,1980,cluster_1,G17003106719,17003106719,1910,1923,0.9947916666666666,"Chicago, South Side"
16980,1980,cluster_1,G17003106720,17003106720,5495,5675,0.9868893678160919,"Chicago, South Side"
16980,1980,cluster_1,G17003106801,17003106801,941,957,0.9853403141361257,"Chicago, South Side"
16980,1980,cluster_1,G17003106802,17003106802,6709,6834,0.9909896602658789,"Chicago, South Side"
16980,1980,cluster_1,G17003106803,17003106803,2172,2205,0.9967875172097292,"Chicago, South Side"
16980,1980,cluster_1,G17003106804,17003106804,2583,2690,0.9923165578179024,"Chicago, South Side"
16980,1980,cluster_1,G17003106805,17003106805,3009,3076,0.9950396825396826,"Chicago, South Side"
16980,1980,cluster_1,G17003106806,17003106806,3030,3057,0.9957279000985869,"Chicago, South Side"
16980,1980,cluster_1,G17003106807,17003106807,1968,2091,0.9934376577486118,"Chicago, South Side"
16980,1980,cluster_1,G17003106808,17003106808,2094,2129,0.9947743467933492,"Chicago, South Side"
16980,1980,cluster_1,G17003106809,17003106809,6519,6624,0.9954191479615209,"Chicago, South Side"
16980,1980,cluster_1,G17003106810,17003106810,6107,6213,0.9934927606962746,"Chicago, South Side"
16980,1980,cluster_1,G17003106811,17003106811,6822,6927,0.9927240977881258,"Chicago, South Side"
16980,1980,cluster_1,G17003106812,17003106812,5955,6017,0.9959859508278976,"Chicago, South Side"
16980,1980,cluster_1,G17003106813,17003106813,4837,4901,0.9975252629408126,"Chicago, South Side"
16980,1980,cluster_1,G17003106814,17003106814,5291,5354,0.9951100244498777,"Chicago, South Side"
16980,1980,cluster_1,G17003106901,17003106901,2652,2673,0.9988700564971752,"Chicago, South Side"
16980,1980,cluster_1,G17003106902,17003106902,372,374,1.0,"Chicago, South Side"
16980,1980,cluster_1,G17003106903,17003106903,3152,3187,0.9962073324905183,"Chicago, South Side"
16980,1980,cluster_1,G17003106904,17003106904,4855,4907,0.9938587512794268,"Chicago, South Side"
16980,1980,cluster_1,G17003106905,17003106905,1354,1376,0.9985250737463127,"Chicago, South Side"
16980,1980,cluster_1,G17003106906,17003106906,722,744,1.0,"Chicago, South Side"
16980,1980,cluster_1,G17003106907,17003106907,455,459,1.0,"Chicago, South Side"
16980,1980,cluster_1,G17003106908,17003106908,3212,3269,0.990440949737897,"Chicago, South Side"
16980,1980,cluster_1,G17003106909,17003106909,5808,5918,0.9958847736625515,"Chicago, South Side"
16980,1980,cluster_1,G17003106910,17003106910,2950,3025,0.991263440860215,"Chicago, South Side"
16980,1980,cluster_1,G17003106911,17003106911,5152,5206,0.9978694557427852,"Chicago, South Side"
16980,1980,cluster_1,G17003106912,17003106912,3837,3895,0.9930124223602484,"Chicago, South Side"
16980,1980,cluster_1,G17003106913,17003106913,2763,2819,0.992100538599641,"Chicago, South Side"
16980,1980,cluster_1,G17003106914,17003106914,4426,4502,0.9930446488669509,"Chicago, South Side"
16980,1980,cluster_1,G17003106915,17003106915,2756,2864,0.9814814814814815,"Chicago, South Side"
16980,1980,cluster_1,G17003107001,17003107001,0,3283,0.0,"Chicago, South Side"
16980,1980,cluster_1,G17003107002,17003107002,0,5493,0.0,"Chicago, South Side"
16980,1980,cluster_1,G17003107004,17003107004,1,8975,0.00011488970588235294,"Chicago, South Side"
16980,1980,cluster_1,G17003107005,17003107005,1081,11162,0.10045534801598364,"Chicago, South Side"
16980,1980,cluster_1,G17003107101,17003107101,1819,1854,0.9896626768226333,"Chicago, South Side"
16980,1980,cluster_1,G17003107102,17003107102,5805,5899,0.9928168291431503,"Chicago, South Side"
16980,1980,cluster_1,G17003107103,17003107103,2001,2032,0.9965139442231076,"Chicago, South Side"
16980,1980,cluster_1,G17003107104,17003107104,7708,7888,0.9873190726271295,"Chicago, South Side"
16980,1980,cluster_1,G17003107105,17003107105,5591,5699,0.9888574460558897,"Chicago, South Side"
16980,1980,cluster_1,G17003107106,17003107106,2579,2603,0.9961375048281189,"Chicago, South Side"
16980,1980,cluster_1,G17003107107,17003107107,4771,4869,0.9902449149024491,"Chicago, South Side"
16980,1980,cluster_1,G17003107108,17003107108,6769,6892,0.9948559670781894,"Chicago, South Side"
16980,1980,cluster_1,G17003107109,17003107109,3028,3098,0.9882506527415144,"Chicago, South Side"
16980,1980,cluster_1,G17003107110,17003107110,4607,4707,0.9903267411865864,"Chicago, South Side"
16980,1980,cluster_1,G17003107111,17003107111,3755,3843,0.9871188222923238,"Chicago, South Side"
16980,1980,cluster_1,G17003107112,17003107112,6596,6835,0.9773299748110831,"Chicago, South Side"
16980,1980,cluster_1,G17003107113,17003107113,1778,1865,0.9678824169842134,"Chicago, South Side"
16980,1980,cluster_1,G17003107114,17003107114,3587,3654,0.9900634833011317,"Chicago, South Side"
16980,1980,cluster_1,G17003107115,17003107115,3314,3394,0.9886634844868735,"Chicago, South Side"
16980,1980,cluster_1,G17003107202,17003107202,1410,4886,0.2968421052631579,"Chicago, South Side"
16980,1980,cluster_1,G17003107207,17003107207,969,3552,0.27973441108545033,"Chicago, South Side"
16980,1980,cluster_1,G17003107301,17003107301,3103,3144,0.9964675658317277,"Chicago, South Side"
16980,1980,cluster_1,G17003107302,17003107302,12177,12349,0.9924205378973106,"Chicago, South Side"
16980,1980,cluster_1,G17003107303,17003107303,1548,1589,0.9748110831234257,"Chicago, South Side"
16980,1980,cluster_1,G17003107304,17003107304,4918,5166,0.9643137254901961,"Chicago, South Side"
16980,1980,cluster_1,G17003107305,17003107305,6236,6351,0.9906274821286736,"Chicago, South Side"
16980,1980,cluster_1,G17003107306,17003107306,4596,4716,0.981631781290047,"Chicago, South Side"
16980,1980,cluster_1,G17003107307,17003107307,3066,3138,0.9849020237712818,"Chicago, South Side"
16980,1980,cluster_1,G17003107501,17003107501,6225,6323,0.9937739463601533,"Chicago, South Side"
16980,1980,cluster_1,G17003107502,17003107502,1573,3967,0.4055168857953081,"Chicago, South Side"
16980,1980,cluster_1,G17003107505,17003107505,4831,7304,0.6725602116107476,"Chicago, South Side"
16980,1980,cluster_1,G17003107506,17003107506,5588,5664,0.9966113786338505,"Chicago, South Side"
16980,1980,cluster_1,G17003108212,17003108212,374,6480,0.07422107561024013,"Chicago, South Side"
16980,1980,cluster_1,G17003108213,17003108213,8,5092,0.0018336007334402934,"Chicago, South Side"
16980,1980,cluster_1,G17003108214,17003108214,2408,7420,0.35908141962421714,"Chicago, South Side"
16980,1980,cluster_1,G17003108215,17003108215,21,2645,0.008447304907481898,"Chicago, South Side"
16980,1980,cluster_1,G17003108216,17003108216,0,4958,0.0,"Chicago, South Side"
16980,1980,cluster_1,G1700310823302,1700310823302,62,4801,0.013632365875109938,"Chicago, South Side"
16980,1980,cluster_1,G17003108234,17003108234,0,4280,0.0,"Chicago, South Side"
16980,1980,cluster_1,G1700310823603,1700310823603,2476,3836,0.8532046864231564,"Chicago, South Side"
16980,1980,cluster_1,G17003108243,17003108243,6397,6832,0.946301775147929,"Chicago, South Side"
16980,1980,cluster_1,G17003108244,17003108244,1184,2298,0.5273942093541203,"Chicago, South Side"
16980,1980,cluster_1,G17003108248,17003108248,954,6172,0.1627708582153216,"Chicago, South Side"
16980,1980,cluster_1,G17003108249,17003108249,1554,3200,0.5027499191200259,"Chicago, South Side"
16980,1980,cluster_1,G1700310825501,1700310825501,597,5976,0.10389836407935955,"Chicago, South Side"
16980,1980,cluster_1,G1700310825502,1700310825502,1537,9218,0.17907491553070023,"Chicago, South Side"
16980,1980,cluster_1,G1700310825503,1700310825503,852,6844,0.12815884476534295,"Chicago, South Side"
16980,1980,cluster_1,G17003108256,17003108256,3771,6738,0.5728391310952453,"Chicago, South Side"
16980,1980,cluster_1,G17003108257,17003108257,35,4030,0.009620670698185816,"Chicago, South Side"
16980,1980,cluster_1,G17003108258,17003108258,625,15246,0.043240625432406254,"Chicago, South Side"
16980,1980,cluster_1,G17003108259,17003108259,0,3566,0.0,"Chicago, South Side"
16980,1980,cluster_1,G17003108260,17003108260,10,3955,0.002720348204570185,"Chicago, South Side"
16980,1980,cluster_1,G17003108261,17003108261,10,6895,0.0014983518130056938,"Chicago, South Side"
16980,1980,cluster_1,G17003108262,17003108262,1706,10754,0.16460825935932072,"Chicago, South Side"
16980,1980,cluster_1,G1700310826301,1700310826301,14,4300,0.0033151787828557895,"Chicago, South Side"
16980,1980,cluster_1,G1700310826302,1700310826302,66,7980,0.00857811281518066,"Chicago, South Side"
16980,1980,cluster_1,G1700310826401,1700310826401,30,4130,0.007698229407236336,"Chicago, South Side"
16980,1980,cluster_1,G1700310826402,1700310826402,330,6027,0.058211324748632914,"Chicago, South Side"
16980,1980,cluster_1,G17003108265,17003108265,26,6321,0.004222150048717116,"Chicago, South Side"
16980,1980,cluster_1,G17003108266,17003108266,4,5196,0.0007886435331230284,"Chicago, South Side"
16980,1980,cluster_1,G17003108267,17003108267,11,5306,0.002111324376199616,"Chicago, South Side"
16980,1980,cluster_1,G17003108268,17003108268,2742,5757,0.5073080481036077,"Chicago, South Side"
16980,1980,cluster_1,G17003108269,17003108269,6901,7253,0.9628854471885029,"Chicago, South Side"
16980,1980,cluster_1,G17003108270,17003108270,2548,4564,0.5714285714285714,"Chicago, South Side"
16980,1980,cluster_1,G17003108271,17003108271,2026,3835,0.5546126471393376,"Chicago, South Side"
16980,1980,cluster_1,G17003108272,17003108272,2677,5042,0.5484531858225773,"Chicago, South Side"
16980,1980,cluster_1,G17003108273,17003108273,3083,4904,0.7061383417315621,"Chicago, South Side"
16980,1980,cluster_1,G17003108274,17003108274,6330,6903,0.9356984478935698,"Chicago, South Side"
16980,1980,cluster_1,G17003108275,17003108275,2295,6409,0.3991998608453644,"Chicago, South Side"
16980,1980,cluster_1,G17003108276,17003108276,4916,4986,0.9939344925192074,"Chicago, South Side"
16980,1980,cluster_1,G17003108277,17003108277,87,3275,0.027601522842639593,"Chicago, South Side"
16980,1980,cluster_1,G1700310827801,1700310827801,30,5416,0.0056625141562853904,"Chicago, South Side"
16980,1980,cluster_1,G1700310827802,1700310827802,10,3886,0.002654632333421821,"Chicago, South Side"
16980,1980,cluster_1,G1700310827803,1700310827803,5,7899,0.0006480041472265422,"Chicago, South Side"
16980,1980,cluster_1,G17003108279,17003108279,289,7263,0.042307129263651,"Chicago, South Side"
16980,1980,cluster_1,G17003108280,17003108280,35,5720,0.006253350008933357,"Chicago, South Side"
16980,1980,cluster_1,G17003108282,17003108282,32,8170,0.003997002248313765,"Chicago, South Side"
16980,1980,cluster_1,G17003108283,17003108283,8,4062,0.0020035061357375405,"Chicago, South Side"
16980,1980,cluster_1,G17003108284,17003108284,71,7097,0.010285383166739099,"Chicago, South Side"
16980,1980,cluster_1,G1700310828501,1700310828501,169,11132,0.015694650817236255,"Chicago, South Side"
16980,1980,cluster_1,G1700310828502,1700310828502,173,12030,0.01573585592141168,"Chicago, South Side"
16980,1980,cluster_1,G1700310828601,1700310828601,18,4455,0.0040937002501705705,"Chicago, South Side"
16980,1980,cluster_1,G1700310828602,1700310828602,247,5378,0.04712841060866247,"Chicago, South Side"
16980,1980,cluster_1,G17003108287,17003108287,1237,10325,0.12394789579158316,"Chicago, South Side"
16980,1980,cluster_1,G17003108288,17003108288,619,8846,0.0720437616387337,"Chicago, South Side"
16980,1980,cluster_1,G17003108289,17003108289,111,3505,0.03995680345572354,"Chicago, South Side"
16980,1980,cluster_1,G17003108290,17003108290,4027,4324,0.9769529354682193,"Chicago, South Side"
16980,1980,cluster_1,G17003108291,17003108291,986,5383,0.2898295120517343,"Chicago, South Side"
16980,1980,cluster_1,G17003108292,17003108292,190,5776,0.037225705329153605,"Chicago, South Side"
16980,1980,cluster_1,G17003108293,17003108293,2179,8977,0.2586043199620223,"Chicago, South Side"
16980,1980,cluster_1,G17003108294,17003108294,3105,7336,0.44503368209832306,"Chicago, South Side"
16980,1980,cluster_1,G17003108297,17003108297,5281,6555,0.8356012658227848,"Chicago, South Side"
16980,1980,cluster_1,G17003108298,17003108298,226,6529,0.03617736513526493,"Chicago, South Side"
16980,1980,cluster_1,G17003108299,17003108299,423,8658,0.0513162683489021,"Chicago, South Side"
16980,1980,cluster_1,G1700310830001,1700310830001,1396,14684,0.10151988946258454,"Chicago, South Side"
16980,1980,cluster_1,G1700310830002,1700310830002,291,6792,0.04593528018942383,"Chicago, South Side"
16980,1980,cluster_1,G17003108301,17003108301,425,3892,0.11477180664326223,"Chicago, South Side"
16980,1980,cluster_1,G17003108302,17003108302,753,7315,0.10644614079728583,"Chicago, South Side"
16980,1980,cluster_1,G17003108303,17003108303,789,5583,0.14797449362340584,"Chicago, South Side"
16980,1980,cluster_1,G17003108304,17003108304,207,3711,0.05759599332220367,"Chicago, South Side"
16980,1980,cluster_1,G17003108305,17003108305,80,1566,0.05351170568561873,"Chicago, South Side"
16980,1980,cluster_1,G1701970883601,1701970883601,219,2937,0.07749469214437367,"Chicago, South Side"
16980,1980,cluster_1,G18008900101,18008900101,3132,6049,0.5484153388198214,"Chicago, South Side"
16980,1980,cluster_1,G18008900102,18008900102,4411,8241,0.5866471605266658,"Chicago, South Side"
16980,1980,cluster_1,G18008900103,18008900103,10888,12966,0.9614977039915225,"Chicago, South Side"
16980,1980,cluster_1,G18008900104,18008900104,4198,4487,0.9639494833524684,"Chicago, South Side"
16980,1980,cluster_1,G18008900105,18008900105,3525,3835,0.974025974025974,"Chicago, South Side"
16980,1980,cluster_1,G18008900106,18008900106,4441,4742,0.9627140689356167,"Chicago, South Side"
16980,1980,cluster_1,G18008900107,18008900107,1629,2525,0.8510971786833855,"Chicago, South Side"
16980,1980,cluster_1,G18008900108,18008900108,1052,1471,0.8283464566929134,"Chicago, South Side"
16980,1980,cluster_1,G18008900109,18008900109,3616,4165,0.9604249667994688,"Chicago, South Side"
16980,1980,cluster_1,G18008900110,18008900110,1165,1486,0.9010054137664346,"Chicago, South Side"
16980,1980,cluster_1,G18008900111,18008900111,763,1219,0.7480392156862745,"Chicago, South Side"
16980,1980,cluster_1,G18008900112,18008900112,2062,2999,0.8531237070748863,"Chicago, South Side"
16980,1980,cluster_1,G18008900113,18008900113,2734,3135,0.9596349596349596,"Chicago, South Side"
16980,1980,cluster_1,G18008900114,18008900114,2560,2753,0.9700644183402805,"Chicago, South Side"
16980,1980,cluster_1,G18008900115,18008900115,7049,7143,0.9954808642847055,"Chicago, South Side"
16980,1980,cluster_1,G18008900116,18008900116,5559,5712,0.9840679766330324,"Chicago, South Side"
16980,1980,cluster_1,G18008900117,18008900117,2573,2683,0.9691148775894539,"Chicago, South Side"
16980,1980,cluster_1,G18008900118,18008900118,426,435,0.9815668202764977,"Chicago, South Side"
16980,1980,cluster_1,G18008900119,18008900119,748,802,0.9444444444444444,"Chicago, South Side"
16980,1980,cluster_1,G18008900120,18008900120,3637,3696,0.9967114277884351,"Chicago, South Side"
16980,1980,cluster_1,G18008900121,18008900121,1607,5475,0.348438855160451,"Chicago, South Side"
16980,1980,cluster_1,G18008900122,18008900122,4846,4927,0.9920163766632548,"Chicago, South Side"
16980,1980,cluster_1,G18008900123,18008900123,2157,2209,0.9849315068493151,"Chicago, South Side"
16980,1980,cluster_1,G18008900124,18008900124,2640,2679,0.9947249434815373,"Chicago, South Side"
16980,1980,cluster_1,G18008900125,18008900125,4952,5049,0.9947770188830856,"Chicago, South Side"
16980,1980,cluster_1,G18008900126,18008900126,636,652,1.0,"Chicago, South Side"
16980,1980,cluster_1,G18008900127,18008900127,2979,3037,0.9860973187686196,"Chicago, South Side"
16980,1980,cluster_1,G18008900128,18008900128,2689,2722,0.9955572010366531,"Chicago, South Side"
16980,1980,cluster_1,G18008900129,18008900129,2238,2261,0.998661311914324,"Chicago, South Side"
16980,1980,cluster_1,G18008900130,18008900130,3816,6383,0.6697086697086697,"Chicago, South Side"
16980,1980,cluster_1,G18008900131,18008900131,4111,7177,0.6336313193588162,"Chicago, South Side"
16980,1980,cluster_1,G18008900132,18008900132,2429,6001,0.46117334345927474,"Chicago, South Side"
16980,1980,cluster_1,G18008900133,18008900133,1805,3623,0.5557266009852216,"Chicago, South Side"
16980,1980,cluster_1,G18008900134,18008900134,2919,9215,0.3691665612748198,"Chicago, South Side"
16980,1980,cluster_1,G18008900205,18008900205,212,5506,0.050106357835027183,"Chicago, South Side"
16980,1980,cluster_1,G18008900206,18008900206,274,3646,0.09010194015126603,"Chicago, South Side"
16980,1980,cluster_1,G18008900207,18008900207,2264,5279,0.4854202401372213,"Chicago, South Side"
16980,1980,cluster_1,G18008900208,18008900208,2220,3393,0.7020872865275142,"Chicago, South Side"
16980,1980,cluster_1,G18008900211,18008900211,518,8738,0.06380881990638088,"Chicago, South Side"
16980,1980,cluster_1,G18008900214,18008900214,37,4411,0.009238451935081148,"Chicago, South Side"
16980,1980,cluster_1,G18008900301,18008900301,1145,1271,0.998256320836966,"Chicago, South Side"
16980,1980,cluster_1,G18008900302,18008900302,528,2373,0.775330396475771,"Chicago, South Side"
16980,1980,cluster_1,G18008900303,18008900303,4639,5355,0.9684759916492693,"Chicago, South Side"
16980,1980,cluster_1,G18008900304,18008900304,190,4066,0.10686164229471316,"Chicago, South Side"
16980,1980,cluster_1,G18008900305,18008900305,71,4317,0.030977312390924956,"Chicago, South Side"
16980,1980,cluster_1,G18008900306,18008900306,8,5225,0.0023014959723820483,"Chicago, South Side"
16980,1980,cluster_1,G18008900307,18008900307,1311,3214,0.6541916167664671,"Chicago, South Side"
16980,1980,cluster_1,G18008900308,18008900308,597,5630,0.2749884845693229,"Chicago, South Side"
16980,1980,cluster_1,G18008900309,18008900309,1430,5563,0.5872689938398358,"Chicago, South Side"
16980,1980,cluster_1,G18008900310,18008900310,1676,2662,0.918859649122807,"Chicago, South Side"
16980,1980,cluster_1,G18008900415,18008900415,23,1141,0.02169811320754717,"Chicago, South Side"
16980,1980,cluster_1,G18008900424,18008900424,34,18149,0.0019813519813519816,"Chicago, South Side"
16980,1980,cluster_1,G18008900425,18008900425,148,12460,0.012581824364532857,"Chicago, South Side"
16980,1990,cluster_1,G17003103303,17003103303,2619,2646,0.9992369324685234,"Chicago, South Side"
16980,1990,cluster_1,G17003103304,17003103304,17,18,0.9444444444444444,"Chicago, South Side"
16980,1990,cluster_1,G17003103305,17003103305,9,61,0.2571428571428571,"Chicago, South Side"
16980,1990,cluster_1,G17003103406,17003103406,1458,1467,0.9993145990404386,"Chicago, South Side"
16980,1990,cluster_1,G17003103501,17003103501,1532,2088,0.8299024918743229,"Chicago, South Side"
16980,1990,cluster_1,G17003103502,17003103502,2524,2587,0.9870942510754791,"Chicago, South Side"
16980,1990,cluster_1,G17003103503,17003103503,1109,1176,0.958513396715644,"Chicago, South Side"
16980,1990,cluster_1,G17003103504,17003103504,2888,2903,0.9993079584775086,"Chicago, South Side"
16980,1990,cluster_1,G17003103505,17003103505,0,0,,"Chicago, South Side"
16980,1990,cluster_1,G17003103506,17003103506,944,2642,0.4789446981227803,"Chicago, South Side"
16980,1990,cluster_1,G17003103507,17003103507,1175,1204,0.9882253994953742,"Chicago, South Side"
16980,1990,cluster_1,G17003103508,17003103508,283,286,0.9929824561403509,"Chicago, South Side"
16980,1990,cluster_1,G17003103509,17003103509,130,133,0.9848484848484849,"Chicago, South Side"
16980,1990,cluster_1,G17003103510,17003103510,3496,3662,0.9678848283499446,"Chicago, South Side"
16980,1990,cluster_1,G17003103511,17003103511,5272,5304,0.9977289931869796,"Chicago, South Side"
16980,1990,cluster_1,G17003103512,17003103512,1138,1148,0.9964973730297724,"Chicago, South Side"
16980,1990,cluster_1,G17003103513,17003103513,1127,1147,0.9947043248014121,"Chicago, South Side"
16980,1990,cluster_1,G17003103514,17003103514,1190,1206,0.9924937447873228,"Chicago, South Side"
16980,1990,cluster_1,G17003103515,17003103515,5149,5166,0.9984487104905954,"Chicago, South Side"
16980,1990,cluster_1,G17003103601,17003103601,989,1019,0.9811507936507936,"Chicago, South Side"
16980,1990,cluster_1,G17003103602,17003103602,2888,2909,0.9972375690607734,"Chicago, South Side"
16980,1990,cluster_1,G17003103603,17003103603,1823,1834,1.0,"Chicago, South Side"
16980,1990,cluster_1,G17003103604,17003103604,1389,1402,0.9942734430923408,"Chicago, South Side"
16980,1990,cluster_1,G17003103605,17003103605,1028,1033,0.9980582524271845,"Chicago, South Side"
16980,1990,cluster_1,G17003103701,17003103701,1193,1206,0.9966583124477861,"Chicago, South Side"
16980,1990,cluster_1,G17003103702,17003103702,1325,1370,0.9910246821241586,"Chicago, South Side"
16980,1990,cluster_1,G17003103703,17003103703,816,823,0.9963369963369964,"Chicago, South Side"
16980,1990,cluster_1,G17003103704,17003103704,958,965,0.9989572471324296,"Chicago, South Side"
16980,1990,cluster_1,G17003103801,17003103801,2012,2035,0.9965329370975731,"Chicago, South Side"
16980,1990,cluster_1,G17003103802,17003103802,1740,1757,0.9994256174612292,"Chicago, South Side"
16980,1990,cluster_1,G17003103803,17003103803,2116,2133,0.9981132075471698,"Chicago, South Side"
16980,1990,cluster_1,G17003103804,17003103804,1095,1109,0.989159891598916,"Chicago, South Side"
16980,1990,cluster_1,G17003103805,17003103805,2133,2140,0.9995313964386129,"Chicago, South Side"
16980,1990,cluster_1,G17003103806,17003103806,1836,1856,0.9994556341861731,"Chicago, South Side"
16980,1990,cluster_1,G17003103807,17003103807,2676,2720,0.996276991809382,"Chicago, South Side"
16980,1990,cluster_1,G17003103808,17003103808,1590,1596,0.9981167608286252,"Chicago, South Side"
16980,1990,cluster_1,G17003103809,17003103809,1610,1645,0.9871244635193133,"Chicago, South Side"
16980,1990,cluster_1,G17003103810,17003103810,1868,1880,0.9989304812834224,"Chicago, South Side"
16980,1990,cluster_1,G17003103811,17003103811,443,445,1.0,"Chicago, South Side"
16980,1990,cluster_1,G17003103812,17003103812,2210,2222,0.9986443741527339,"Chicago, South Side"
16980,1990,cluster_1,G17003103813,17003103813,283,291,0.9964788732394366,"Chicago, South Side"
16980,1990,cluster_1,G17003103814,17003103814,1829,1846,0.9978177850518276,"Chicago, South Side"
16980,1990,cluster_1,G17003103815,17003103815,1332,1346,0.9955156950672646,"Chicago, South Side"
16980,1990,cluster_1,G17003103816,17003103816,675,676,1.0,"Chicago, South Side"
16980,1990,cluster_1,G17003103817,17003103817,4098,4115,0.9990248659190639,"Chicago, South Side"
16980,1990,cluster_1,G17003103818,17003103818,1950,1971,0.9964230965763924,"Chicago, South Side"
16980,1990,cluster_1,G17003103819,17003103819,1386,1403,0.9985590778097982,"Chicago, South Side"
16980,1990,cluster_1,G17003103820,17003103820,2692,2711,0.9974064468321601,"Chicago, South Side"
16980,1990,cluster_1,G17003103901,17003103901,1105,1120,0.9963931469792606,"Chicago, South Side"
16980,1990,cluster_1,G17003103902,17003103902,1596,1625,0.9931549471064095,"Chicago, South Side"
16980,1990,cluster_1,G17003103903,17003103903,2823,2905,0.9802083333333333,"Chicago, South Side"
16980,1990,cluster_1,G17003103904,17003103904,2394,2487,0.9735664904432696,"Chicago, South Side"
16980,1990,cluster_1,G17003103905,17003103905,1555,1903,0.850191361399672,"Chicago, South Side"
16980,1990,cluster_1,G17003103906,17003103906,1204,2291,0.5605214152700186,"Chicago, South Side"
16980,1990,cluster_1,G17003103907,17003103907,3178,5847,0.5899387414145164,"Chicago, South Side"
16980,1990,cluster_1,G17003104001,17003104001,2176,2196,0.997250229147571,"Chicago, South Side"
16980,1990,cluster_1,G17003104002,17003104002,3986,4009,0.9979969954932398,"Chicago, South Side"
16980,1990,cluster_1,G17003104003,17003104003,1852,1868,0.9983827493261456,"Chicago, South Side"
16980,1990,cluster_1,G17003104004,17003104004,2325,2347,0.9935897435897436,"Chicago, South Side"
16980,1990,cluster_1,G17003104005,17003104005,2470,2495,0.9967715899919289,"Chicago, South Side"
16980,1990,cluster_1,G17003104006,17003104006,828,835,0.9963898916967509,"Chicago, South Side"
16980,1990,cluster_1,G17003104007,17003104007,1351,1375,0.9875730994152047,"Chicago, South Side"
16980,1990,cluster_1,G17003104008,17003104008,4280,4300,0.9979016087666123,"Chicago, South Side"
16980,1990,cluster_1,G17003104101,17003104101,875,1784,0.5424674519528828,"Chicago, South Side"
16980,1990,cluster_1,G17003104103,17003104103,645,875,0.768772348033373,"Chicago, South Side"
16980,1990,cluster_1,G17003104104,17003104104,660,696,0.967741935483871,"Chicago, South Side"
16980,1990,cluster_1,G17003104105,17003104105,2186,2589,0.874749899959984,"Chicago, South Side"
16980,1990,cluster_1,G17003104201,17003104201,1450,1494,0.9870660313138189,"Chicago, South Side"
16980,1990,cluster_1,G17003104202,17003104202,1397,1649,0.8682411435674332,"Chicago, South Side"
16980,1990,cluster_1,G17003104203,17003104203,1460,1814,0.8381171067738232,"Chicago, South Side"
16980,1990,cluster_1,G17003104204,17003104204,1257,1596,0.8374417055296469,"Chicago, South Side"
16980,1990,cluster_1,G17003104205,17003104205,2943,2966,0.9976271186440678,"Chicago, South Side"
16980,1990,cluster_1,G17003104206,17003104206,2726,2785,0.9948905109489051,"Chicago, South Side"
16980,1990,cluster_1,G17003104207,17003104207,4625,4655,0.9984887737478411,"Chicago, South Side"
16980,1990,cluster_1,G17003104208,17003104208,2747,2766,0.9985459832788077,"Chicago, South Side"
16980,1990,cluster_1,G17003104209,17003104209,2789,2834,0.9942959001782531,"Chicago, South Side"
16980,1990,cluster_1,G17003104210,17003104210,1483,1523,0.9827700463883366,"Chicago, South Side"
16980,1990,cluster_1,G17003104211,17003104211,1649,1662,0.9945717732207479,"Chicago, South Side"
16980,1990,cluster_1,G17003104212,17003104212,1708,1729,0.9959183673469387,"Chicago, South Side"
16980,1990,cluster_1,G17003104301,17003104301,10052,10332,0.9851038808310466,"Chicago, South Side"
16980,1990,cluster_1,G17003104302,17003104302,5334,5563,0.9698181818181818,"Chicago, South Side"
16980,1990,cluster_1,G17003104303,17003104303,2658,2685,0.9962518740629686,"Chicago, South Side"
16980,1990,cluster_1,G17003104304,17003104304,3234,3278,0.9944649446494465,"Chicago, South Side"
16980,1990,cluster_1,G17003104305,17003104305,4411,4491,0.9939161784587652,"Chicago, South Side"
16980,1990,cluster_1,G17003104306,17003104306,2011,2105,0.9747939893359185,"Chicago, South Side"
16980,1990,cluster_1,G17003104307,17003104307,2242,2449,0.9349457881567973,"Chicago, South Side"
16980,1990,cluster_1,G17003104308,17003104308,1973,2053,0.974320987654321,"Chicago, South Side"
16980,1990,cluster_1,G17003104309,17003104309,1859,1892,0.9914666666666667,"Chicago, South Side"
16980,1990,cluster_1,G17003104310,17003104310,1146,1152,0.9956559513466551,"Chicago, South Side"
16980,1990,cluster_1,G17003104311,17003104311,4628,4704,0.9931330472103004,"Chicago, South Side"
16980,1990,cluster_1,G17003104312,17003104312,3738,3830,0.9878435517970402,"Chicago, South Side"
16980,1990,cluster_1,G17003104313,17003104313,9732,9904,0.9917456435340875,"Chicago, South Side"
16980,1990,cluster_1,G17003104314,17003104314,6644,7079,0.9529546758462422,"Chicago, South Side"
16980,1990,cluster_1,G17003104401,17003104401,8741,8820,0.9969206204379562,"Chicago, South Side"
16980,1990,cluster_1,G17003104402,17003104402,9368,9525,0.994268732753131,"Chicago, South Side"
16980,1990,cluster_1,G17003104403,17003104403,4905,4979,0.9925131525698098,"Chicago, South Side"
16980,1990,cluster_1,G17003104404,17003104404,4120,4175,0.9934892693513383,"Chicago, South Side"
16980,1990,cluster_1,G17003104405,17003104405,2,2,1.0,"Chicago, South Side"
16980,1990,cluster_1,G17003104406,17003104406,1907,1937,0.9906493506493507,"Chicago, South Side"
16980,1990,cluster_1,G17003104407,17003104407,1699,1717,0.9947306791569087,"Chicago, South Side"
16980,1990,cluster_1,G17003104408,17003104408,1977,2005,0.994466800804829,"Chicago, South Side"
16980,1990,cluster_1,G17003104409,17003104409,3576,3619,0.9930574840322133,"Chicago, South Side"
16980,1990,cluster_1,G17003104501,17003104501,490,495,0.9979633401221996,"Chicago, South Side"
16980,1990,cluster_1,G17003104502,17003104502,6813,6986,0.9866763215061549,"Chicago, South Side"
16980,1990,cluster_1,G17003104503,17003104503,4126,4230,0.986845252331978,"Chicago, South Side"
16980,1990,cluster_1,G17003104601,17003104601,2494,4551,0.8029620090148101,"Chicago, South Side"
16980,1990,cluster_1,G17003104602,17003104602,612,3647,0.6348547717842323,"Chicago, South Side"
16980,1990,cluster_1,G17003104603,17003104603,6230,9488,0.917796110783736,"Chicago, South Side"
16980,1990,cluster_1,G17003104604,17003104604,4183,4488,0.9649365628604383,"Chicago, South Side"
16980,1990,cluster_1,G17003104605,17003104605,7120,7334,0.9817981246552675,"Chicago, South Side"
16980,1990,cluster_1,G17003104606,17003104606,750,1504,0.8650519031141869,"Chicago, South Side"
16980,1990,cluster_1,G17003104607,17003104607,1312,4561,0.8781793842034806,"Chicago, South Side"
16980,1990,cluster_1,G17003104608,17003104608,609,984,0.9854368932038835,"Chicago, South Side"
16980,1990,cluster_1,G17003104609,17003104609,543,2468,0.8302752293577982,"Chicago, South Side"
16980,1990,cluster_1,G17003104610,17003104610,819,1751,0.9264705882352942,"Chicago, South Side"
16980,1990,cluster_1,G17003104701,17003104701,3191,3314,0.9681432038834952,"Chicago, South Side"
16980,1990,cluster_1,G17003104801,17003104801,2525,2597,0.984789391575663,"Chicago, South Side"
16980,1990,cluster_1,G17003104802,17003104802,1468,1502,0.9925625422582827,"Chicago, South Side"
16980,1990,cluster_1,G17003104803,17003104803,1799,1848,0.9857534246575342,"Chicago, South Side"
16980,1990,cluster_1,G17003104804,17003104804,7122,7507,0.9772228320526893,"Chicago, South Side"
16980,1990,cluster_1,G17003104805,17003104805,3069,3999,0.9422781700951797,"Chicago, South Side"
16980,1990,cluster_1,G17003104901,17003104901,633,639,0.9968503937007874,"Chicago, South Side"
16980,1990,cluster_1,G17003104902,17003104902,3562,3577,0.9991584852734923,"Chicago, South Side"
16980,1990,cluster_1,G17003104903,17003104903,2331,2349,0.9957283212302435,"Chicago, South Side"
16980,1990,cluster_1,G17003104904,17003104904,1222,1231,0.9975510204081632,"Chicago, South Side"
16980,1990,cluster_1,G17003104905,17003104905,2105,2141,0.9910546139359698,"Chicago, South Side"
16980,1990,cluster_1,G17003104906,17003104906,1830,1850,0.9978189749182116,"Chicago, South Side"
16980,1990,cluster_1,G17003104907,17003104907,3761,3795,0.9960275423728814,"Chicago, South Side"
16980,1990,cluster_1,G17003104908,17003104908,4547,4640,0.9852654387865656,"Chicago, South Side"
16980,1990,cluster_1,G17003104909,17003104909,11074,11244,0.9922939068100358,"Chicago, South Side"
16980,1990,cluster_1,G17003104910,17003104910,7518,7608,0.9927373563977288,"Chicago, South Side"
16980,1990,cluster_1,G17003104911,17003104911,5803,5886,0.9928143712574851,"Chicago, South Side"
16980,1990,cluster_1,G17003104912,17003104912,2881,2925,0.9924216327936617,"Chicago, South Side"
16980,1990,cluster_1,G17003104913,17003104913,4266,4317,0.9939422180801492,"Chicago, South Side"
16980,1990,cluster_1,G17003104914,17003104914,4128,4291,0.9821556031406139,"Chicago, South Side"
16980,1990,cluster_1,G17003105001,17003105001,4722,4835,0.9874529485570891,"Chicago, South Side"
16980,1990,cluster_1,G17003105002,17003105002,2507,2628,0.9873966128397007,"Chicago, South Side"
16980,1990,cluster_1,G17003105003,17003105003,87,1881,0.07243963363863447,"Chicago, South Side"
16980,1990,cluster_1,G17003105101,17003105101,51,3478,0.03851963746223565,"Chicago, South Side"
16980,1990,cluster_1,G17003105102,17003105102,2836,3715,0.8755788823711022,"Chicago, South Side"
16980,1990,cluster_1,G17003105103,17003105103,6222,6370,0.9874623075702269,"Chicago, South Side"
16980,1990,cluster_1,G17003105104,17003105104,0,50,0.0,"Chicago, South Side"
16980,1990,cluster_1,G17003105105,17003105105,1308,4142,0.7461494580718768,"Chicago, South Side"
16980,1990,cluster_1,G17003105202,17003105202,4,3646,0.0030441400304414,"Chicago, South Side"
16980,1990,cluster_1,G17003105301,17003105301,1912,3496,0.9165867689357622,"Chicago, South Side"
16980,1990,cluster_1,G17003105302,17003105302,7672,7879,0.986245018639928,"Chicago, South Side"
16980,1990,cluster_1,G17003105303,17003105303,5340,5391,0.994228262893316,"Chicago, South Side"
16980,1990,cluster_1,G17003105304,17003105304,2316,2529,0.9594034797017399,"Chicago, South Side"
16980,1990,cluster_1,G17003105305,17003105305,15930,16279,0.9858283309610744,"Chicago, South Side"
16980,1990,cluster_1,G17003105306,17003105306,4115,4272,0.9846853314189997,"Chicago, South Side"
16980,1990,cluster_1,G17003105401,17003105401,10527,10821,0.9887292194984503,"Chicago, South Side"
16980,1990,cluster_1,G17003106109,17003106109,242,1214,0.23314065510597304,"Chicago, South Side"
16980,1990,cluster_1,G17003106110,17003106110,1209,1498,0.9549763033175356,"Chicago, South Side"
16980,1990,cluster_1,G17003106111,17003106111,1081,3770,0.7083879423328965,"Chicago, South Side"
16980,1990,cluster_1,G17003106112,17003106112,703,3300,0.55397951142632,"Chicago, South Side"
16980,1990,cluster_1,G17003106113,17003106113,359,3485,0.32695810564663025,"Chicago, South Side"
16980,1990,cluster_1,G17003106114,17003106114,233,3897,0.2071111111111111,"Chicago, South Side"
16980,1990,cluster_1,G17003106115,17003106115,169,2755,0.18369565217391304,"Chicago, South Side"
16980,1990,cluster_1,G17003106116,17003106116,1627,2182,0.9008859357696567,"Chicago, South Side"
16980,1990,cluster_1,G17003106117,17003106117,2995,3639,0.9353529044347283,"Chicago, South Side"
16980,1990,cluster_1,G17003106118,17003106118,3040,3714,0.951188986232791,"Chicago, South Side"
16980,1990,cluster_1,G17003106119,17003106119,3395,4040,0.9683399885909869,"Chicago, South Side"
16980,1990,cluster_1,G17003106120,17003106120,2704,2754,0.991929567131328,"Chicago, South Side"
16980,1990,cluster_1,G17003106121,17003106121,1910,2004,0.9958289885297185,"Chicago, South Side"
16980,1990,cluster_1,G17003106122,17003106122,1765,1818,0.9899046550757151,"Chicago, South Side"
16980,1990,cluster_1,G17003106301,17003106301,251,1039,0.45143884892086333,"Chicago, South Side"
16980,1990,cluster_1,G17003106302,17003106302,1,1493,0.0011792452830188679,"Chicago, South Side"
16980,1990,cluster_1,G17003106306,17003106306,288,371,0.8944099378881988,"Chicago, South Side"
16980,1990,cluster_1,G17003106307,17003106307,712,4348,0.3590519415027736,"Chicago, South Side"
16980,1990,cluster_1,G17003106308,17003106308,8,4513,0.0030745580322828594,"Chicago, South Side"
16980,1990,cluster_1,G17003106505,17003106505,50,2966,0.018635855385762207,"Chicago, South Side"
16980,1990,cluster_1,G17003106601,17003106601,138,157,0.92,"Chicago, South Side"
16980,1990,cluster_1,G17003106602,17003106602,2047,6292,0.5905943450663589,"Chicago, South Side"
16980,1990,cluster_1,G17003106603,17003106603,182,6381,0.05739514348785872,"Chicago, South Side"
16980,1990,cluster_1,G17003106605,17003106605,0,3937,0.0,"Chicago, South Side"
16980,1990,cluster_1,G17003106606,17003106606,1429,6529,0.3465082444228904,"Chicago, South Side"
16980,1990,cluster_1,G17003106607,17003106607,2493,2583,0.976115896632733,"Chicago, South Side"
16980,1990,cluster_1,G17003106608,17003106608,1196,5711,0.31598414795244384,"Chicago, South Side"
16980,1990,cluster_1,G17003106609,17003106609,1764,4564,0.48769698645286147,"Chicago, South Side"
16980,1990,cluster_1,G17003106610,17003106610,4015,5834,0.7721153846153846,"Chicago, South Side"
16980,1990,cluster_1,G17003106611,17003106611,117,5203,0.030256012412723042,"Chicago, South Side"
16980,1990,cluster_1,G17003106701,17003106701,2484,2507,0.9963898916967509,"Chicago, South Side"
16980,1990,cluster_1,G17003106702,17003106702,2493,2512,0.9968012794882047,"Chicago, South Side"
16980,1990,cluster_1,G17003106703,17003106703,2365,2436,0.9837770382695508,"Chicago, South Side"
16980,1990,cluster_1,G17003106704,17003106704,2692,2753,0.9929915160457395,"Chicago, South Side"
16980,1990,cluster_1,G17003106705,17003106705,1813,1863,0.9945145364783324,"Chicago, South Side"
16980,1990,cluster_1,G17003106706,17003106706,2376,2395,0.9962264150943396,"Chicago, South Side"
16980,1990,cluster_1,G17003106707,17003106707,2363,2396,0.9983100971694128,"Chicago, South Side"
16980,1990,cluster_1,G17003106708,17003106708,2441,2484,0.9967333605553287,"Chicago, South Side"
16980,1990,cluster_1,G17003106709,17003106709,1997,2020,0.9985,"Chicago, South Side"
16980,1990,cluster_1,G17003106710,17003106710,614,621,0.9967532467532467,"Chicago, South Side"
16980,1990,cluster_1,G17003106711,17003106711,1926,1954,0.9953488372093023,"Chicago, South Side"
16980,1990,cluster_1,G17003106712,17003106712,1983,1995,0.9954819277108434,"Chicago, South Side"
16980,1990,cluster_1,G17003106713,17003106713,4183,4240,0.994531621493105,"Chicago, South Side"
16980,1990,cluster_1,G17003106714,17003106714,2627,2658,0.9950757575757576,"Chicago, South Side"
16980,1990,cluster_1,G17003106715,17003106715,4756,4814,0.9922804089296892,"Chicago, South Side"
16980,1990,cluster_1,G17003106716,17003106716,3286,3326,0.9975713418336369,"Chicago, South Side"
16980,1990,cluster_1,G17003106717,17003106717,2572,2590,0.9976726144297905,"Chicago, South Side"
16980,1990,cluster_1,G17003106718,17003106718,2208,2564,0.8710059171597633,"Chicago, South Side"
16980,1990,cluster_1,G17003106719,17003106719,1583,1600,0.9962240402769037,"Chicago, South Side"
16980,1990,cluster_1,G17003106720,17003106720,4988,5044,0.9942196531791907,"Chicago, South Side"
16980,1990,cluster_1,G17003106801,17003106801,672,674,0.9985141158989599,"Chicago, South Side"
16980,1990,cluster_1,G17003106802,17003106802,5677,5732,0.9933508311461068,"Chicago, South Side"
16980,1990,cluster_1,G17003106803,17003106803,1560,1586,0.9911054637865311,"Chicago, South Side"
16980,1990,cluster_1,G17003106804,17003106804,2131,2177,0.9953292853806632,"Chicago, South Side"
16980,1990,cluster_1,G17003106805,17003106805,2459,2478,0.998375964271214,"Chicago, South Side"
16980,1990,cluster_1,G17003106806,17003106806,2365,2381,0.9970489038785835,"Chicago, South Side"
16980,1990,cluster_1,G17003106807,17003106807,1944,1961,0.9943734015345268,"Chicago, South Side"
16980,1990,cluster_1,G17003106808,17003106808,1747,1772,0.9943084803642572,"Chicago, South Side"
16980,1990,cluster_1,G17003106809,17003106809,5371,5470,0.9966598626832437,"Chicago, South Side"
16980,1990,cluster_1,G17003106810,17003106810,5256,5294,0.9977220956719818,"Chicago, South Side"
16980,1990,cluster_1,G17003106811,17003106811,5715,5798,0.9946049425687434,"Chicago, South Side"
16980,1990,cluster_1,G17003106812,17003106812,4424,4464,0.997744700045106,"Chicago, South Side"
16980,1990,cluster_1,G17003106813,17003106813,4192,4240,0.9973828217939567,"Chicago, South Side"
16980,1990,cluster_1,G17003106814,17003106814,4357,4407,0.9970251716247139,"Chicago, South Side"
16980,1990,cluster_1,G17003106901,17003106901,2236,2260,0.9959910913140312,"Chicago, South Side"
16980,1990,cluster_1,G17003106902,17003106902,279,287,1.0,"Chicago, South Side"
16980,1990,cluster_1,G17003106903,17003106903,2700,2733,0.9977827050997783,"Chicago, South Side"
16980,1990,cluster_1,G17003106904,17003106904,4130,4160,0.9956605593056895,"Chicago, South Side"
16980,1990,cluster_1,G17003106905,17003106905,1141,1146,0.999124343257443,"Chicago, South Side"
16980,1990,cluster_1,G17003106906,17003106906,645,647,1.0,"Chicago, South Side"
16980,1990,cluster_1,G17003106907,17003106907,390,394,0.9948979591836735,"Chicago, South Side"
16980,1990,cluster_1,G17003106908,17003106908,2516,2557,0.9964356435643564,"Chicago, South Side"
16980,1990,cluster_1,G17003106909,17003106909,5006,5069,0.9974098425981271,"Chicago, South Side"
16980,1990,cluster_1,G17003106910,17003106910,2775,2815,0.9935553168635876,"Chicago, South Side"
16980,1990,cluster_1,G17003106911,17003106911,4547,4593,0.9945319335083115,"Chicago, South Side"
16980,1990,cluster_1,G17003106912,17003106912,3082,3107,0.9951566031643526,"Chicago, South Side"
16980,1990,cluster_1,G17003106913,17003106913,2619,2639,0.9965753424657534,"Chicago, South Side"
16980,1990,cluster_1,G17003106914,17003106914,3989,4035,0.9940194368303015,"Chicago, South Side"
16980,1990,cluster_1,G17003106915,17003106915,2162,2202,0.9903802107191938,"Chicago, South Side"
16980,1990,cluster_1,G17003107001,17003107001,170,3129,0.06478658536585366,"Chicago, South Side"
16980,1990,cluster_1,G17003107002,17003107002,11,5464,0.0022587268993839835,"Chicago, South Side"
16980,1990,cluster_1,G17003107004,17003107004,31,8415,0.004019709543568464,"Chicago, South Side"
16980,1990,cluster_1,G17003107005,17003107005,3474,10381,0.3517974683544304,"Chicago, South Side"
16980,1990,cluster_1,G17003107101,17003107101,1619,1650,0.9902140672782874,"Chicago, South Side"
16980,1990,cluster_1,G17003107102,17003107102,5819,5882,0.9969162240877163,"Chicago, South Side"
16980,1990,cluster_1,G17003107103,17003107103,1698,1717,0.9964788732394366,"Chicago, South Side"
16980,1990,cluster_1,G17003107104,17003107104,7344,7412,0.9944482058226134,"Chicago, South Side"
16980,1990,cluster_1,G17003107105,17003107105,5297,5379,0.9923192206819034,"Chicago, South Side"
16980,1990,cluster_1,G17003107106,17003107106,2328,2333,0.9987129987129987,"Chicago, South Side"
16980,1990,cluster_1,G17003107107,17003107107,4283,4318,0.9953520799442249,"Chicago, South Side"
16980,1990,cluster_1,G17003107108,17003107108,6380,6429,0.995785859216482,"Chicago, South Side"
16980,1990,cluster_1,G17003107109,17003107109,2659,2681,0.9962532783814163,"Chicago, South Side"
16980,1990,cluster_1,G17003107110,17003107110,4196,4247,0.9943127962085309,"Chicago, South Side"
16980,1990,cluster_1,G17003107111,17003107111,3423,3441,0.9959266802443992,"Chicago, South Side"
16980,1990,cluster_1,G17003107112,17003107112,6231,6358,0.9865421152628245,"Chicago, South Side"
16980,1990,cluster_1,G17003107113,17003107113,1680,1701,0.9882352941176471,"Chicago, South Side"
16980,1990,cluster_1,G17003107114,17003107114,3195,3213,0.9962581852198317,"Chicago, South Side"
16980,1990,cluster_1,G17003107115,17003107115,3020,3047,0.9957138147049126,"Chicago, South Side"
16980,1990,cluster_1,G17003107202,17003107202,2219,4712,0.48396946564885496,"Chicago, South Side"
16980,1990,cluster_1,G17003107207,17003107207,1431,3462,0.4237488895469351,"Chicago, South Side"
16980,1990,cluster_1,G17003107301,17003107301,2812,2835,0.9982250621228257,"Chicago, South Side"
16980,1990,cluster_1,G17003107302,17003107302,10844,10956,0.9946798752522473,"Chicago, South Side"
16980,1990,cluster_1,G17003107303,17003107303,1394,1427,0.9816901408450704,"Chicago, South Side"
16980,1990,cluster_1,G17003107304,17003107304,4161,4312,0.972196261682243,"Chicago, South Side"
16980,1990,cluster_1,G17003107305,17003107305,5407,5501,0.9933860003674444,"Chicago, South Side"
16980,1990,cluster_1,G17003107306,17003107306,4190,4226,0.994540707334441,"Chicago, South Side"
16980,1990,cluster_1,G17003107307,17003107307,2813,2857,0.9908418457203241,"Chicago, South Side"
16980,1990,cluster_1,G17003107501,17003107501,5307,5401,0.9951246952934558,"Chicago, South Side"
16980,1990,cluster_1,G17003107502,17003107502,2035,3871,0.5385022492722943,"Chicago, South Side"
16980,1990,cluster_1,G17003107505,17003107505,4918,6777,0.7383275784416754,"Chicago, South Side"
16980,1990,cluster_1,G17003107506,17003107506,4792,4848,0.9954299958454508,"Chicago, South Side"
16980,1990,cluster_1,G17003108212,17003108212,1726,5947,0.39569005043558003,"Chicago, South Side"
16980,1990,cluster_1,G17003108213,17003108213,712,5144,0.19201725997842503,"Chicago, South Side"
16980,1990,cluster_1,G1700310821401,1700310821401,2673,3692,0.7788461538461539,"Chicago, South Side"
16980,1990,cluster_1,G1700310821402,1700310821402,2719,3524,0.8111575178997613,"Chicago, South Side"
16980,1990,cluster_1,G17003108215,17003108215,1979,2693,0.7709388391118036,"Chicago, South Side"
16980,1990,cluster_1,G17003108216,17003108216,16,4606,0.003670566643725625,"Chicago, South Side"
16980,1990,cluster_1,G1700310823302,1700310823302,557,5313,0.11402251791197543,"Chicago, South Side"
16980,1990,cluster_1,G17003108234,17003108234,70,4101,0.02090800477897252,"Chicago, South Side"
16980,1990,cluster_1,G1700310823603,1700310823603,1893,3186,0.882929104477612,"Chicago, South Side"
16980,1990,cluster_1,G17003108243,17003108243,5511,5870,0.9483737738771296,"Chicago, South Side"
16980,1990,cluster_1,G17003108244,17003108244,1076,2230,0.5009310986964618,"Chicago, South Side"
16980,1990,cluster_1,G17003108248,17003108248,1035,5814,0.2051536174430129,"Chicago, South Side"
16980,1990,cluster_1,G17003108249,17003108249,1735,2859,0.6290790427846266,"Chicago, South Side"
16980,1990,cluster_1,G1700310825501,1700310825501,3271,5933,0.5772013410975825,"Chicago, South Side"
16980,1990,cluster_1,G1700310825503,1700310825503,2641,6522,0.4206753743230328,"Chicago, South Side"
16980,1990,cluster_1,G1700310825504,1700310825504,3314,4313,0.8114593535749265,"Chicago, South Side"
16980,1990,cluster_1,G1700310825505,1700310825505,2674,4969,0.5694207836456558,"Chicago, South Side"
16980,1990,cluster_1,G17003108256,17003108256,4002,6022,0.6820040899795501,"Chicago, South Side"
16980,1990,cluster_1,G17003108257,17003108257,633,3916,0.19043321299638988,"Chicago, South Side"
16980,1990,cluster_1,G1700310825801,1700310825801,2265,4197,0.56625,"Chicago, South Side"
16980,1990,cluster_1,G1700310825802,1700310825802,1812,5723,0.3596665343390234,"Chicago, South Side"
16980,1990,cluster_1,G1700310825803,1700310825803,1926,5565,0.3623024830699774,"Chicago, South Side"
16980,1990,cluster_1,G17003108259,17003108259,180,3255,0.06116207951070336,"Chicago, South Side"
16980,1990,cluster_1,G17003108260,17003108260,153,3667,0.04666056724611162,"Chicago, South Side"
16980,1990,cluster_1,G17003108261,17003108261,222,6312,0.037582529202640935,"Chicago, South Side"
16980,1990,cluster_1,G1700310826201,1700310826201,2182,3913,0.5818666666666666,"Chicago, South Side"
16980,1990,cluster_1,G1700310826202,1700310826202,429,6068,0.07498689040377557,"Chicago, South Side"
16980,1990,cluster_1,G1700310826301,1700310826301,593,3830,0.15953726123217649,"Chicago, South Side"
16980,1990,cluster_1,G1700310826303,1700310826303,1059,3971,0.28120021242697824,"Chicago, South Side"
16980,1990,cluster_1,G1700310826304,1700310826304,2072,3511,0.6139259259259259,"Chicago, South Side"
16980,1990,cluster_1,G1700310826401,1700310826401,1790,4021,0.4800214534727809,"Chicago, South Side"
16980,1990,cluster_1,G1700310826402,1700310826402,2378,5529,0.45978344934261406,"Chicago, South Side"
16980,1990,cluster_1,G17003108265,17003108265,1409,6172,0.24155666038059317,"Chicago, South Side"
16980,1990,cluster_1,G17003108266,17003108266,1072,5168,0.2168723447299211,"Chicago, South Side"
16980,1990,cluster_1,G17003108267,17003108267,2420,5695,0.4369019678642354,"Chicago, South Side"
16980,1990,cluster_1,G17003108268,17003108268,2428,5181,0.5259965337954939,"Chicago, South Side"
16980,1990,cluster_1,G1700310826901,1700310826901,2658,2764,0.9764878765613519,"Chicago, South Side"
16980,1990,cluster_1,G1700310826902,1700310826902,2185,2245,0.9820224719101124,"Chicago, South Side"
16980,1990,cluster_1,G17003108270,17003108270,3385,4136,0.833743842364532,"Chicago, South Side"
16980,1990,cluster_1,G17003108271,17003108271,2712,3266,0.8697883258499037,"Chicago, South Side"
16980,1990,cluster_1,G17003108272,17003108272,2598,4138,0.6642802352339555,"Chicago, South Side"
16980,1990,cluster_1,G17003108273,17003108273,3420,4159,0.9233261339092873,"Chicago, South Side"
16980,1990,cluster_1,G17003108274,17003108274,5184,5463,0.9633897045158892,"Chicago, South Side"
16980,1990,cluster_1,G17003108275,17003108275,3612,5746,0.71652449910732,"Chicago, South Side"
16980,1990,cluster_1,G17003108276,17003108276,3932,3978,0.9967046894803548,"Chicago, South Side"
16980,1990,cluster_1,G17003108277,17003108277,817,3033,0.2875747976064766,"Chicago, South Side"
16980,1990,cluster_1,G1700310827801,1700310827801,283,5081,0.057825909276665304,"Chicago, South Side"
16980,1990,cluster_1,G1700310827802,1700310827802,482,3415,0.14762633996937213,"Chicago, South Side"
16980,1990,cluster_1,G1700310827804,1700310827804,197,3340,0.0614856429463171,"Chicago, South Side"
16980,1990,cluster_1,G1700310827805,1700310827805,227,3286,0.07122685911515532,"Chicago, South Side"
16980,1990,cluster_1,G1700310827901,1700310827901,636,2302,0.2981715893108298,"Chicago, South Side"
16980,1990,cluster_1,G1700310827902,1700310827902,588,4607,0.13333333333333333,"Chicago, South Side"
16980,1990,cluster_1,G17003108280,17003108280,133,5229,0.026217228464419477,"Chicago, South Side"
16980,1990,cluster_1,G1700310828201,1700310828201,27,3925,0.007105263157894737,"Chicago, South Side"
16980,1990,cluster_1,G1700310828202,1700310828202,59,4481,0.013610149942329872,"Chicago, South Side"
16980,1990,cluster_1,G17003108283,17003108283,43,3672,0.012099043331457513,"Chicago, South Side"
16980,1990,cluster_1,G1700310828401,1700310828401,122,3603,0.0348870460394624,"Chicago, South Side"
16980,1990,cluster_1,G1700310828402,1700310828402,408,3529,0.12060301507537688,"Chicago, South Side"
16980,1990,cluster_1,G1700310828503,1700310828503,926,5277,0.19474237644584647,"Chicago, South Side"
16980,1990,cluster_1,G1700310828504,1700310828504,864,5979,0.1612541993281075,"Chicago, South Side"
16980,1990,cluster_1,G1700310828505,1700310828505,21,6271,0.0034602076124567475,"Chicago, South Side"
16980,1990,cluster_1,G1700310828506,1700310828506,1006,7224,0.1469471224072451,"Chicago, South Side"
16980,1990,cluster_1,G1700310828601,1700310828601,42,4197,0.010209042294603793,"Chicago, South Side"
16980,1990,cluster_1,G1700310828602,1700310828602,663,5012,0.13687035507844755,"Chicago, South Side"
16980,1990,cluster_1,G1700310828701,1700310828701,423,3917,0.11322269807280513,"Chicago, South Side"
16980,1990,cluster_1,G1700310828702,1700310828702,2241,5518,0.4252371916508539,"Chicago, South Side"
16980,1990,cluster_1,G1700310828801,1700310828801,639,5093,0.1327930174563591,"Chicago, South Side"
16980,1990,cluster_1,G1700310828802,1700310828802,286,3300,0.09125717932354818,"Chicago, South Side"
16980,1990,cluster_1,G17003108289,17003108289,651,3456,0.25135135135135134,"Chicago, South Side"
16980,1990,cluster_1,G17003108290,17003108290,3258,3388,0.9875719915125796,"Chicago, South Side"
16980,1990,cluster_1,G17003108291,17003108291,994,4871,0.38828125,"Chicago, South Side"
16980,1990,cluster_1,G17003108292,17003108292,724,5498,0.15940114487010126,"Chicago, South Side"
16980,1990,cluster_1,G1700310829301,1700310829301,588,3811,0.16052416052416052,"Chicago, South Side"
16980,1990,cluster_1,G1700310829302,1700310829302,2234,4083,0.5987670865719646,"Chicago, South Side"
16980,1990,cluster_1,G1700310829401,1700310829401,1903,2090,0.9562814070351758,"Chicago, South Side"
16980,1990,cluster_1,G1700310829402,1700310829402,1341,4235,0.3334162108403779,"Chicago, South Side"
16980,1990,cluster_1,G17003108297,17003108297,4233,5226,0.8282136568186265,"Chicago, South Side"
16980,1990,cluster_1,G17003108298,17003108298,680,6787,0.10686782964010687,"Chicago, South Side"
16980,1990,cluster_1,G1700310829901,1700310829901,2744,5187,0.5446605795950774,"Chicago, South Side"
16980,1990,cluster_1,G1700310829902,1700310829902,788,4144,0.2015860833972883,"Chicago, South Side"
16980,1990,cluster_1,G1700310830002,1700310830002,1232,7358,0.179173938336242,"Chicago, South Side"
16980,1990,cluster_1,G1700310830003,1700310830003,3032,4628,0.6973321067157314,"Chicago, South Side"
16980,1990,cluster_1,G1700310830004,1700310830004,1939,4922,0.41924324324324325,"Chicago, South Side"
16980,1990,cluster_1,G1700310830005,1700310830005,588,3247,0.19685302979578173,"Chicago, South Side"
16980,1990,cluster_1,G1700310830006,1700310830006,87,1999,0.04608050847457627,"Chicago, South Side"
16980,1990,cluster_1,G17003108301,17003108301,788,3397,0.24411400247831475,"Chicago, South Side"
16980,1990,cluster_1,G1700310830201,1700310830201,1150,4188,0.28304208712773815,"Chicago, South Side"
16980,1990,cluster_1,G1700310830202,1700310830202,592,3399,0.18282890673255095,"Chicago, South Side"
16980,1990,cluster_1,G17003108303,17003108303,1818,5570,0.3441226575809199,"Chicago, South Side"
16980,1990,cluster_1,G17003108304,17003108304,420,3586,0.12156295224312591,"Chicago, South Side"
16980,1990,cluster_1,G17003108305,17003108305,153,1422,0.11062906724511931,"Chicago, South Side"
16980,1990,cluster_1,G1701970883601,1701970883601,334,2609,0.13296178343949044,"Chicago, South Side"
16980,1990,cluster_1,G18008900101,18008900101,3538,5499,0.6727514736641947,"Chicago, South Side"
16980,1990,cluster_1,G1800890010298,1800890010298,4206,6500,0.7095141700404858,"Chicago, South Side"
16980,1990,cluster_1,G18008900103,18008900103,8302,9575,0.9826014913007457,"Chicago, South Side"
16980,1990,cluster_1,G18008900104,18008900104,3704,3849,0.9856306546035125,"Chicago, South Side"
16980,1990,cluster_1,G18008900105,18008900105,2745,2836,0.9877653832313782,"Chicago, South Side"
16980,1990,cluster_1,G18008900106,18008900106,3933,4064,0.9844806007509387,"Chicago, South Side"
16980,1990,cluster_1,G18008900107,18008900107,1004,1362,0.8884955752212389,"Chicago, South Side"
16980,1990,cluster_1,G18008900108,18008900108,778,881,0.9557739557739557,"Chicago, South Side"
16980,1990,cluster_1,G18008900109,18008900109,2475,2696,0.9755616870319275,"Chicago, South Side"
16980,1990,cluster_1,G18008900110,18008900110,582,664,0.9509803921568627,"Chicago, South Side"
16980,1990,cluster_1,G18008900111,18008900111,423,587,0.8668032786885246,"Chicago, South Side"
16980,1990,cluster_1,G18008900112,18008900112,1230,1464,0.9579439252336449,"Chicago, South Side"
16980,1990,cluster_1,G18008900113,18008900113,1854,2037,0.9696652719665272,"Chicago, South Side"
16980,1990,cluster_1,G18008900114,18008900114,1842,1906,0.985553772070626,"Chicago, South Side"
16980,1990,cluster_1,G18008900115,18008900115,5143,5189,0.9970918960837534,"Chicago, South Side"
16980,1990,cluster_1,G18008900116,18008900116,4553,4632,0.9893524554541504,"Chicago, South Side"
16980,1990,cluster_1,G18008900117,18008900117,1719,1787,0.9728353140916808,"Chicago, South Side"
16980,1990,cluster_1,G18008900118,18008900118,785,801,0.9849435382685069,"Chicago, South Side"
16980,1990,cluster_1,G18008900119,18008900119,624,652,0.9659442724458205,"Chicago, South Side"
16980,1990,cluster_1,G18008900120,18008900120,2780,2801,0.996415770609319,"Chicago, South Side"
16980,1990,cluster_1,G18008900121,18008900121,3130,4738,0.7580527972874788,"Chicago, South Side"
16980,1990,cluster_1,G18008900122,18008900122,3590,3647,0.9944598337950139,"Chicago, South Side"
16980,1990,cluster_1,G18008900123,18008900123,841,861,0.9882491186839013,"Chicago, South Side"
16980,1990,cluster_1,G18008900124,18008900124,1953,1982,0.9954128440366973,"Chicago, South Side"
16980,1990,cluster_1,G18008900125,18008900125,3722,3763,0.9962526766595289,"Chicago, South Side"
16980,1990,cluster_1,G18008900126,18008900126,905,919,0.9977949283351709,"Chicago, South Side"
16980,1990,cluster_1,G18008900127,18008900127,1981,2016,0.9994954591321897,"Chicago, South Side"
16980,1990,cluster_1,G18008900128,18008900128,1923,1959,0.9932851239669421,"Chicago, South Side"
16980,1990,cluster_1,G18008900129,18008900129,1797,1808,0.9972253052164262,"Chicago, South Side"
16980,1990,cluster_1,G18008900130,18008900130,3880,4948,0.8497590889180903,"Chicago, South Side"
16980,1990,cluster_1,G18008900131,18008900131,5166,6345,0.8679435483870968,"Chicago, South Side"
16980,1990,cluster_1,G18008900132,18008900132,4145,5607,0.8127450980392157,"Chicago, South Side"
16980,1990,cluster_1,G18008900133,18008900133,2411,3277,0.8055462746408286,"Chicago, South Side"
16980,1990,cluster_1,G18008900134,18008900134,4958,7411,0.7474747474747475,"Chicago, South Side"
16980,1990,cluster_1,G18008900205,18008900205,429,4521,0.13494809688581316,"Chicago, South Side"
16980,1990,cluster_1,G18008900206,18008900206,852,3247,0.31981981981981983,"Chicago, South Side"
16980,1990,cluster_1,G18008900207,18008900207,2235,4434,0.5796161825726142,"Chicago, South Side"
16980,1990,cluster_1,G18008900208,18008900208,1662,2455,0.7254474028808381,"Chicago, South Side"
16980,1990,cluster_1,G18008900211,18008900211,1067,7969,0.14672717271727173,"Chicago, South Side"
16980,1990,cluster_1,G18008900214,18008900214,203,4223,0.05596912048524952,"Chicago, South Side"
16980,1990,cluster_1,G18008900301,18008900301,1255,1304,0.9976152623211447,"Chicago, South Side"
16980,1990,cluster_1,G18008900302,18008900302,530,1773,0.8862876254180602,"Chicago, South Side"
16980,1990,cluster_1,G18008900303,18008900303,3212,3642,0.9736283722340103,"Chicago, South Side"
16980,1990,cluster_1,G18008900304,18008900304,289,3728,0.2392384105960265,"Chicago, South Side"
16980,1990,cluster_1,G1800890030498,1800890030498,0,0,,"Chicago, South Side"
16980,1990,cluster_1,G18008900305,18008900305,549,4422,0.2964362850971922,"Chicago, South Side"
16980,1990,cluster_1,G18008900306,18008900306,244,5055,0.09523809523809523,"Chicago, South Side"
16980,1990,cluster_1,G18008900307,18008900307,1224,2585,0.7669172932330827,"Chicago, South Side"
16980,1990,cluster_1,G18008900308,18008900308,952,4969,0.5596707818930041,"Chicago, South Side"
16980,1990,cluster_1,G18008900309,18008900309,1433,4500,0.7076543209876544,"Chicago, South Side"
16980,1990,cluster_1,G18008900310,18008900310,1390,1914,0.9553264604810997,"Chicago, South Side"
16980,1990,cluster_1,G18008900415,18008900415,762,1827,0.4506209343583678,"Chicago, South Side"
16980,1990,cluster_1,G18008900424,18008900424,1301,17091,0.08291905672402804,"Chicago, South Side"
16980,1990,cluster_1,G18008900425,18008900425,286,13438,0.022794293456603172,"Chicago, South Side"
16980,2000,cluster_1,G17031330300,17031330300,1918,2042,0.9740985271711529,"Chicago, South Side"
16980,2000,cluster_1,G17031330400,17031330400,24,40,1.0,"Chicago, South Side"
16980,2000,cluster_1,G17031330500,17031330500,6,60,0.42857142857142855,"Chicago, South Side"
16980,2000,cluster_1,G17031340600,17031340600,1287,1319,0.99,"Chicago, South Side"
16980,2000,cluster_1,G17031350100,17031350100,1784,2313,0.8978359335681932,"Chicago, South Side"
16980,2000,cluster_1,G17031350200,17031350200,2084,2195,0.9895536562203229,"Chicago, South Side"
16980,2000,cluster_1,G17031350300,17031350300,734,916,0.9017199017199017,"Chicago, South Side"
16980,2000,cluster_1,G17031350400,17031350400,1861,1887,0.9973204715969989,"Chicago, South Side"
16980,2000,cluster_1,G17031350500,17031350500,0,0,,"Chicago, South Side"
16980,2000,cluster_1,G17031350600,17031350600,927,3229,0.43809073724007563,"Chicago, South Side"
16980,2000,cluster_1,G17031350700,17031350700,1315,1536,0.9306440198159943,"Chicago, South Side"
16980,2000,cluster_1,G17031350800,17031350800,1201,1270,0.9828150572831423,"Chicago, South Side"
16980,2000,cluster_1,G17031350900,17031350900,119,126,0.9754098360655737,"Chicago, South Side"
16980,2000,cluster_1,G17031351000,17031351000,2650,2815,0.976418570375829,"Chicago, South Side"
16980,2000,cluster_1,G17031351100,17031351100,4666,4758,0.9959445037353255,"Chicago, South Side"
16980,2000,cluster_1,G17031351200,17031351200,645,651,0.9953703703703703,"Chicago, South Side"
16980,2000,cluster_1,G17031351300,17031351300,1080,1136,0.9782608695652174,"Chicago, South Side"
16980,2000,cluster_1,G17031351400,17031351400,1376,1423,0.9935018050541516,"Chicago, South Side"
16980,2000,cluster_1,G17031351500,17031351500,2193,2215,0.9977252047315741,"Chicago, South Side"
16980,2000,cluster_1,G17031360100,17031360100,1059,1088,0.9915730337078652,"Chicago, South Side"
16980,2000,cluster_1,G17031360200,17031360200,1658,1683,0.9981938591210114,"Chicago, South Side"
16980,2000,cluster_1,G17031360300,17031360300,940,961,0.9894736842105263,"Chicago, South Side"
16980,2000,cluster_1,G17031360400,17031360400,1662,1718,0.9940191387559809,"Chicago, South Side"
16980,2000,cluster_1,G17031360500,17031360500,638,660,0.9876160990712074,"Chicago, South Side"
16980,2000,cluster_1,G17031370100,17031370100,859,887,0.9942129629629629,"Chicago, South Side"
16980,2000,cluster_1,G17031370200,17031370200,1060,1125,0.9943714821763602,"Chicago, South Side"
16980,2000,cluster_1,G17031370300,17031370300,603,626,1.0,"Chicago, South Side"
16980,2000,cluster_1,G17031370400,17031370400,703,782,0.9901408450704225,"Chicago, South Side"
16980,2000,cluster_1,G17031380100,17031380100,1302,1340,0.9841269841269841,"Chicago, South Side"
16980,2000,cluster_1,G17031380200,17031380200,1988,2046,0.9959919839679359,"Chicago, South Side"
16980,2000,cluster_1,G17031380300,17031380300,1785,1817,0.99609375,"Chicago, South Side"
16980,2000,cluster_1,G17031380400,17031380400,1051,1079,0.9915094339622641,"Chicago, South Side"
16980,2000,cluster_1,G17031380500,17031380500,1199,1212,0.9950207468879668,"Chicago, South Side"
16980,2000,cluster_1,G17031380600,17031380600,1073,1099,0.9925994449583718,"Chicago, South Side"
16980,2000,cluster_1,G17031380700,17031380700,1961,2006,0.9909044972208186,"Chicago, South Side"
16980,2000,cluster_1,G17031380800,17031380800,1047,1074,0.9924170616113744,"Chicago, South Side"
16980,2000,cluster_1,G17031380900,17031380900,2056,2121,0.991321118611379,"Chicago, South Side"
16980,2000,cluster_1,G17031381000,17031381000,926,929,0.9978448275862069,"Chicago, South Side"
16980,2000,cluster_1,G17031381100,17031381100,356,366,1.0,"Chicago, South Side"
16980,2000,cluster_1,G17031381200,17031381200,2240,2288,0.9977728285077951,"Chicago, South Side"
16980,2000,cluster_1,G17031381300,17031381300,129,133,1.0,"Chicago, South Side"
16980,2000,cluster_1,G17031381400,17031381400,1243,1271,0.9967923015236567,"Chicago, South Side"
16980,2000,cluster_1,G17031381500,17031381500,1444,1462,0.9993079584775086,"Chicago, South Side"
16980,2000,cluster_1,G17031381600,17031381600,470,471,0.9978768577494692,"Chicago, South Side"
16980,2000,cluster_1,G17031381700,17031381700,1512,1532,0.9960474308300395,"Chicago, South Side"
16980,2000,cluster_1,G17031381800,17031381800,1596,1624,0.994392523364486,"Chicago, South Side"
16980,2000,cluster_1,G17031381900,17031381900,1401,1443,0.9838483146067416,"Chicago, South Side"
16980,2000,cluster_1,G17031382000,17031382000,2591,2693,0.9927203065134099,"Chicago, South Side"
16980,2000,cluster_1,G17031390100,17031390100,1188,1238,0.9908256880733946,"Chicago, South Side"
16980,2000,cluster_1,G17031390200,17031390200,1522,1581,0.9870298313878081,"Chicago, South Side"
16980,2000,cluster_1,G17031390300,17031390300,2660,2741,0.9862810530218762,"Chicago, South Side"
16980,2000,cluster_1,G17031390400,17031390400,2693,2883,0.9680086268871315,"Chicago, South Side"
16980,2000,cluster_1,G17031390500,17031390500,1325,1792,0.7962740384615384,"Chicago, South Side"
16980,2000,cluster_1,G17031390600,17031390600,1074,2035,0.581798483206934,"Chicago, South Side"
16980,2000,cluster_1,G17031390700,17031390700,3438,6093,0.6761061946902654,"Chicago, South Side"
16980,2000,cluster_1,G17031400100,17031400100,1775,1804,0.9994369369369369,"Chicago, South Side"
16980,2000,cluster_1,G17031400200,17031400200,1019,1041,0.9960899315738025,"Chicago, South Side"
16980,2000,cluster_1,G17031400300,17031400300,1596,1650,0.9937733499377335,"Chicago, South Side"
16980,2000,cluster_1,G17031400400,17031400400,1872,1909,0.9957446808510638,"Chicago, South Side"
16980,2000,cluster_1,G17031400500,17031400500,2457,2504,0.9923263327948304,"Chicago, South Side"
16980,2000,cluster_1,G17031400600,17031400600,666,697,0.9895988112927192,"Chicago, South Side"
16980,2000,cluster_1,G17031400700,17031400700,1001,1026,0.9980059820538385,"Chicago, South Side"
16980,2000,cluster_1,G17031400800,17031400800,3412,3515,0.9933042212518195,"Chicago, South Side"
16980,2000,cluster_1,G17031410100,17031410100,1244,2110,0.712893982808023,"Chicago, South Side"
16980,2000,cluster_1,G17031410300,17031410300,615,991,0.7304038004750594,"Chicago, South Side"
16980,2000,cluster_1,G17031410400,17031410400,598,635,0.9771241830065359,"Chicago, South Side"
16980,2000,cluster_1,G17031410500,17031410500,2380,3141,0.8353808353808354,"Chicago, South Side"
16980,2000,cluster_1,G17031420100,17031420100,1368,1420,0.9877256317689531,"Chicago, South Side"
16980,2000,cluster_1,G17031420200,17031420200,1502,1856,0.8627225732337737,"Chicago, South Side"
16980,2000,cluster_1,G17031420300,17031420300,1478,1868,0.8504027617951668,"Chicago, South Side"
16980,2000,cluster_1,G17031420400,17031420400,1494,1763,0.9154411764705882,"Chicago, South Side"
16980,2000,cluster_1,G17031420500,17031420500,3267,3336,0.998166819431714,"Chicago, South Side"
16980,2000,cluster_1,G17031420600,17031420600,2985,3053,0.9976604278074866,"Chicago, South Side"
16980,2000,cluster_1,G17031420700,17031420700,4381,4458,0.9950034067681126,"Chicago, South Side"
16980,2000,cluster_1,G17031420800,17031420800,2516,2564,0.9968304278922345,"Chicago, South Side"
16980,2000,cluster_1,G17031420900,17031420900,2208,2269,0.9959404600811907,"Chicago, South Side"
16980,2000,cluster_1,G17031421000,17031421000,1102,1194,0.981300089047195,"Chicago, South Side"
16980,2000,cluster_1,G17031421100,17031421100,1469,1516,0.9839249832551908,"Chicago, South Side"
16980,2000,cluster_1,G17031421200,17031421200,1748,1789,0.9943117178612059,"Chicago, South Side"
16980,2000,cluster_1,G17031430100,17031430100,10055,10392,0.9905428036646636,"Chicago, South Side"
16980,2000,cluster_1,G17031430200,17031430200,5127,5347,0.9801185241827567,"Chicago, South Side"
16980,2000,cluster_1,G17031430300,17031430300,2893,2952,0.9968986905582357,"Chicago, South Side"
16980,2000,cluster_1,G17031430400,17031430400,3350,3445,0.9896602658788775,"Chicago, South Side"
16980,2000,cluster_1,G17031430500,17031430500,4283,4378,0.9972060535506403,"Chicago, South Side"
16980,2000,cluster_1,G17031430600,17031430600,1887,1952,0.9874411302982732,"Chicago, South Side"
16980,2000,cluster_1,G17031430700,17031430700,2119,2290,0.95838986883763,"Chicago, South Side"
16980,2000,cluster_1,G17031430800,17031430800,2039,2116,0.9902865468674114,"Chicago, South Side"
16980,2000,cluster_1,G17031430900,17031430900,1807,1852,0.9955922865013774,"Chicago, South Side"
16980,2000,cluster_1,G17031431000,17031431000,1091,1113,0.9945305378304466,"Chicago, South Side"
16980,2000,cluster_1,G17031431100,17031431100,4731,4860,0.9941164110107166,"Chicago, South Side"
16980,2000,cluster_1,G17031431200,17031431200,3407,3522,0.9932944606413994,"Chicago, South Side"
16980,2000,cluster_1,G17031431300,17031431300,9498,9785,0.9937225360954175,"Chicago, South Side"
16980,2000,cluster_1,G17031431400,17031431400,7118,7552,0.9745345016429354,"Chicago, South Side"
16980,2000,cluster_1,G17031440100,17031440100,9138,9324,0.9966190424255644,"Chicago, South Side"
16980,2000,cluster_1,G17031440200,17031440200,9294,9483,0.9978526948679407,"Chicago, South Side"
16980,2000,cluster_1,G17031440300,17031440300,5044,5165,0.9954608249457273,"Chicago, South Side"
16980,2000,cluster_1,G17031440400,17031440400,3772,3833,0.9960390810668075,"Chicago, South Side"
16980,2000,cluster_1,G17031440500,17031440500,9,11,0.9,"Chicago, South Side"
16980,2000,cluster_1,G17031440600,17031440600,2349,2404,0.9957609156422212,"Chicago, South Side"
16980,2000,cluster_1,G17031440700,17031440700,1625,1651,0.9975445058317987,"Chicago, South Side"
16980,2000,cluster_1,G17031440800,17031440800,2000,2038,0.9965122072745392,"Chicago, South Side"
16980,2000,cluster_1,G17031440900,17031440900,3307,3366,0.996985227615315,"Chicago, South Side"
16980,2000,cluster_1,G17031450100,17031450100,490,502,0.9859154929577465,"Chicago, South Side"
16980,2000,cluster_1,G17031450200,17031450200,6397,6602,0.9908612143742255,"Chicago, South Side"
16980,2000,cluster_1,G17031450300,17031450300,3929,4043,0.992422328870927,"Chicago, South Side"
16980,2000,cluster_1,G17031460100,17031460100,3295,4712,0.9305280994069471,"Chicago, South Side"
16980,2000,cluster_1,G17031460200,17031460200,995,3375,0.8319397993311036,"Chicago, South Side"
16980,2000,cluster_1,G17031460300,17031460300,6527,8876,0.9585842267587017,"Chicago, South Side"
16980,2000,cluster_1,G17031460400,17031460400,3994,4205,0.9844712842001478,"Chicago, South Side"
16980,2000,cluster_1,G17031460500,17031460500,6799,6993,0.9912523691500219,"Chicago, South Side"
16980,2000,cluster_1,G17031460600,17031460600,986,1443,0.9610136452241715,"Chicago, South Side"
16980,2000,cluster_1,G17031460700,17031460700,1709,4125,0.9494444444444444,"Chicago, South Side"
16980,2000,cluster_1,G17031460800,17031460800,376,709,0.9817232375979112,"Chicago, South Side"
16980,2000,cluster_1,G17031460900,17031460900,841,2559,0.9524348810872028,"Chicago, South Side"
16980,2000,cluster_1,G17031461000,17031461000,731,1599,0.8764988009592326,"Chicago, South Side"
16980,2000,cluster_1,G17031470100,17031470100,3180,3294,0.9875776397515528,"Chicago, South Side"
16980,2000,cluster_1,G17031480100,17031480100,2296,2364,0.9943698570809875,"Chicago, South Side"
16980,2000,cluster_1,G17031480200,17031480200,1349,1390,0.9963072378138847,"Chicago, South Side"
16980,2000,cluster_1,G17031480300,17031480300,1649,1698,0.9921780986762936,"Chicago, South Side"
16980,2000,cluster_1,G17031480400,17031480400,6440,6724,0.9887916474742822,"Chicago, South Side"
16980,2000,cluster_1,G17031480500,17031480500,3083,3798,0.9679748822605966,"Chicago, South Side"
16980,2000,cluster_1,G17031490100,17031490100,579,596,1.0,"Chicago, South Side"
16980,2000,cluster_1,G17031490200,17031490200,3368,3421,0.9985176400830121,"Chicago, South Side"
16980,2000,cluster_1,G17031490300,17031490300,2185,2247,0.9968065693430657,"Chicago, South Side"
16980,2000,cluster_1,G17031490400,17031490400,1188,1202,1.0,"Chicago, South Side"
16980,2000,cluster_1,G17031490500,17031490500,2131,2201,0.9939365671641791,"Chicago, South Side"
16980,2000,cluster_1,G17031490600,17031490600,1671,1714,0.9946428571428572,"Chicago, South Side"
16980,2000,cluster_1,G17031490700,17031490700,3646,3714,0.9983570646221248,"Chicago, South Side"
16980,2000,cluster_1,G17031490800,17031490800,4481,4587,0.9940106477373558,"Chicago, South Side"
16980,2000,cluster_1,G17031490900,17031490900,10489,10754,0.9929944144655874,"Chicago, South Side"
16980,2000,cluster_1,G17031491000,17031491000,6644,6753,0.9943130799161928,"Chicago, South Side"
16980,2000,cluster_1,G17031491100,17031491100,5110,5198,0.9961013645224172,"Chicago, South Side"
16980,2000,cluster_1,G17031491200,17031491200,2651,2709,0.9943735933983496,"Chicago, South Side"
16980,2000,cluster_1,G17031491300,17031491300,3761,3835,0.9928722280887011,"Chicago, South Side"
16980,2000,cluster_1,G17031491400,17031491400,3664,3792,0.9905379832387131,"Chicago, South Side"
16980,2000,cluster_1,G17031500100,17031500100,4498,4600,0.992059991177768,"Chicago, South Side"
16980,2000,cluster_1,G17031500200,17031500200,2266,2362,0.9942957437472576,"Chicago, South Side"
16980,2000,cluster_1,G17031500300,17031500300,498,1959,0.4129353233830846,"Chicago, South Side"
16980,2000,cluster_1,G17031510100,17031510100,110,3741,0.12629161882893225,"Chicago, South Side"
16980,2000,cluster_1,G17031510200,17031510200,2731,3473,0.9152144772117963,"Chicago, South Side"
16980,2000,cluster_1,G17031510300,17031510300,5875,6068,0.9923986486486487,"Chicago, South Side"
16980,2000,cluster_1,G17031510400,17031510400,19,63,0.40425531914893614,"Chicago, South Side"
16980,2000,cluster_1,G17031510500,17031510500,1600,3645,0.8888888888888888,"Chicago, South Side"
16980,2000,cluster_1,G17031520200,17031520200,92,4289,0.14488188976377953,"Chicago, South Side"
16980,2000,cluster_1,G17031530100,17031530100,1745,3169,0.9519912711402073,"Chicago, South Side"
16980,2000,cluster_1,G17031530200,17031530200,6835,7012,0.9953400320372797,"Chicago, South Side"
16980,2000,cluster_1,G17031530300,17031530300,4892,4995,0.9967400162999185,"Chicago, South Side"
16980,2000,cluster_1,G17031530400,17031530400,2141,2339,0.9798627002288329,"Chicago, South Side"
16980,2000,cluster_1,G17031530500,17031530500,14779,15124,0.9928787369835405,"Chicago, South Side"
16980,2000,cluster_1,G17031530600,17031530600,3885,4010,0.9893048128342246,"Chicago, South Side"
16980,2000,cluster_1,G17031540100,17031540100,9479,9809,0.9930853850183342,"Chicago, South Side"
16980,2000,cluster_1,G17031610900,17031610900,196,1151,0.2204724409448819,"Chicago, South Side"
16980,2000,cluster_1,G17031611000,17031611000,1115,1386,0.9653679653679653,"Chicago, South Side"
16980,2000,cluster_1,G17031611100,17031611100,1010,3520,0.8381742738589212,"Chicago, South Side"
16980,2000,cluster_1,G17031611200,17031611200,710,3368,0.8142201834862385,"Chicago, South Side"
16980,2000,cluster_1,G17031611300,17031611300,674,4279,0.6919917864476386,"Chicago, South Side"
16980,2000,cluster_1,G17031611400,17031611400,269,4651,0.4614065180102916,"Chicago, South Side"
16980,2000,cluster_1,G17031611500,17031611500,243,3878,0.44424131627056673,"Chicago, South Side"
16980,2000,cluster_1,G17031611600,17031611600,1647,2115,0.9637214745465185,"Chicago, South Side"
16980,2000,cluster_1,G17031611700,17031611700,2374,2816,0.9805865344898802,"Chicago, South Side"
16980,2000,cluster_1,G17031611800,17031611800,2302,2557,0.9858672376873662,"Chicago, South Side"
16980,2000,cluster_1,G17031611900,17031611900,2301,2597,0.9779005524861878,"Chicago, South Side"
16980,2000,cluster_1,G17031612000,17031612000,2184,2263,0.9868956168097605,"Chicago, South Side"
16980,2000,cluster_1,G17031612100,17031612100,1662,1720,0.9892857142857143,"Chicago, South Side"
16980,2000,cluster_1,G17031612200,17031612200,1293,1357,0.9900459418070444,"Chicago, South Side"
16980,2000,cluster_1,G17031630100,17031630100,273,1248,0.7090909090909091,"Chicago, South Side"
16980,2000,cluster_1,G17031630200,17031630200,26,2033,0.08843537414965986,"Chicago, South Side"
16980,2000,cluster_1,G17031630600,17031630600,310,417,0.9597523219814241,"Chicago, South Side"
16980,2000,cluster_1,G17031630700,17031630700,1378,5142,0.7851851851851852,"Chicago, South Side"
16980,2000,cluster_1,G17031630800,17031630800,309,6797,0.2814207650273224,"Chicago, South Side"
16980,2000,cluster_1,G17031650500,17031650500,303,3586,0.14802149487054225,"Chicago, South Side"
16980,2000,cluster_1,G17031660100,17031660100,434,469,0.9796839729119639,"Chicago, South Side"
16980,2000,cluster_1,G17031660200,17031660200,4363,6615,0.9464208242950108,"Chicago, South Side"
16980,2000,cluster_1,G17031660300,17031660300,2386,8304,0.8112886773206393,"Chicago, South Side"
16980,2000,cluster_1,G17031660500,17031660500,498,5356,0.3074074074074074,"Chicago, South Side"
16980,2000,cluster_1,G17031660600,17031660600,4610,7505,0.904276186739898,"Chicago, South Side"
16980,2000,cluster_1,G17031660700,17031660700,2611,2682,0.9890151515151515,"Chicago, South Side"
16980,2000,cluster_1,G17031660800,17031660800,3988,6616,0.8550600343053173,"Chicago, South Side"
16980,2000,cluster_1,G17031660900,17031660900,4471,5402,0.8922370784274596,"Chicago, South Side"
16980,2000,cluster_1,G17031661000,17031661000,5869,6526,0.9486019072248263,"Chicago, South Side"
16980,2000,cluster_1,G17031661100,17031661100,2875,6277,0.7048296151017406,"Chicago, South Side"
16980,2000,cluster_1,G17031670100,17031670100,1922,1971,0.9968879668049793,"Chicago, South Side"
16980,2000,cluster_1,G17031670200,17031670200,1953,2023,0.9913705583756345,"Chicago, South Side"
16980,2000,cluster_1,G17031670300,17031670300,1854,1936,0.9914438502673797,"Chicago, South Side"
16980,2000,cluster_1,G17031670400,17031670400,2200,2255,0.9986382206082615,"Chicago, South Side"
16980,2000,cluster_1,G17031670500,17031670500,1573,1632,0.9968314321926489,"Chicago, South Side"
16980,2000,cluster_1,G17031670600,17031670600,2196,2257,0.9986357435197817,"Chicago, South Side"
16980,2000,cluster_1,G17031670700,17031670700,1925,1948,0.9984439834024896,"Chicago, South Side"
16980,2000,cluster_1,G17031670800,17031670800,2001,2031,0.9970104633781763,"Chicago, South Side"
16980,2000,cluster_1,G17031670900,17031670900,1485,1518,0.9959758551307847,"Chicago, South Side"
16980,2000,cluster_1,G17031671000,17031671000,508,516,0.9980353634577603,"Chicago, South Side"
16980,2000,cluster_1,G17031671100,17031671100,1360,1431,0.9941520467836257,"Chicago, South Side"
16980,2000,cluster_1,G17031671200,17031671200,1563,1597,0.9961759082217974,"Chicago, South Side"
16980,2000,cluster_1,G17031671300,17031671300,3492,3561,0.9940222032450897,"Chicago, South Side"
16980,2000,cluster_1,G17031671400,17031671400,2343,2389,0.9970212765957447,"Chicago, South Side"
16980,2000,cluster_1,G17031671500,17031671500,4219,4341,0.9941093308199811,"Chicago, South Side"
16980,2000,cluster_1,G17031671600,17031671600,2962,3000,0.9969707169303265,"Chicago, South Side"
16980,2000,cluster_1,G17031671700,17031671700,2362,2386,0.9983093829247676,"Chicago, South Side"
16980,2000,cluster_1,G17031671800,17031671800,1864,1901,0.9978586723768736,"Chicago, South Side"
16980,2000,cluster_1,G17031671900,17031671900,1631,1662,0.9987752602571953,"Chicago, South Side"
16980,2000,cluster_1,G17031672000,17031672000,4858,4927,0.9975359342915812,"Chicago, South Side"
16980,2000,cluster_1,G17031680100,17031680100,573,582,0.9982578397212544,"Chicago, South Side"
16980,2000,cluster_1,G17031680200,17031680200,4456,4567,0.9917649677275763,"Chicago, South Side"
16980,2000,cluster_1,G17031680300,17031680300,1140,1166,0.9956331877729258,"Chicago, South Side"
16980,2000,cluster_1,G17031680400,17031680400,1786,1832,0.9927737632017788,"Chicago, South Side"
16980,2000,cluster_1,G17031680500,17031680500,2172,2217,0.9949610627576729,"Chicago, South Side"
16980,2000,cluster_1,G17031680600,17031680600,1878,1901,0.9962864721485412,"Chicago, South Side"
16980,2000,cluster_1,G17031680700,17031680700,1634,1673,0.9975579975579976,"Chicago, South Side"
16980,2000,cluster_1,G17031680800,17031680800,1162,1187,0.9965694682675815,"Chicago, South Side"
16980,2000,cluster_1,G17031680900,17031680900,4450,4570,0.9955257270693513,"Chicago, South Side"
16980,2000,cluster_1,G17031681000,17031681000,4255,4343,0.9932306255835668,"Chicago, South Side"
16980,2000,cluster_1,G17031681100,17031681100,4727,4830,0.9966266076323003,"Chicago, South Side"
16980,2000,cluster_1,G17031681200,17031681200,3706,3792,0.9962365591397849,"Chicago, South Side"
16980,2000,cluster_1,G17031681300,17031681300,3504,3568,0.9991445680068435,"Chicago, South Side"
16980,2000,cluster_1,G17031681400,17031681400,3909,3994,0.9964313025745603,"Chicago, South Side"
16980,2000,cluster_1,G17031690100,17031690100,2506,2538,0.9992025518341308,"Chicago, South Side"
16980,2000,cluster_1,G17031690200,17031690200,303,306,0.9967105263157895,"Chicago, South Side"
16980,2000,cluster_1,G17031690300,17031690300,2720,2764,0.9974330766409975,"Chicago, South Side"
16980,2000,cluster_1,G17031690400,17031690400,4055,4150,0.9953362788414335,"Chicago, South Side"
16980,2000,cluster_1,G17031690500,17031690500,1174,1210,0.9991489361702127,"Chicago, South Side"
16980,2000,cluster_1,G17031690600,17031690600,512,536,0.9961089494163424,"Chicago, South Side"
16980,2000,cluster_1,G17031690700,17031690700,317,324,1.0,"Chicago, South Side"
16980,2000,cluster_1,G17031690800,17031690800,2344,2422,0.9987217724755006,"Chicago, South Side"
16980,2000,cluster_1,G17031690900,17031690900,4942,5048,0.9981821854170875,"Chicago, South Side"
16980,2000,cluster_1,G17031691000,17031691000,2875,2957,0.9930915371329879,"Chicago, South Side"
16980,2000,cluster_1,G17031691100,17031691100,3837,3915,0.9976599063962559,"Chicago, South Side"
16980,2000,cluster_1,G17031691200,17031691200,3191,3256,0.9947007481296758,"Chicago, South Side"
16980,2000,cluster_1,G17031691300,17031691300,2555,2608,0.9957131722525331,"Chicago, South Side"
16980,2000,cluster_1,G17031691400,17031691400,4140,4205,0.9966297544535387,"Chicago, South Side"
16980,2000,cluster_1,G17031691500,17031691500,2308,2380,0.986746472851646,"Chicago, South Side"
16980,2000,cluster_1,G17031700100,17031700100,1989,3451,0.7534090909090909,"Chicago, South Side"
16980,2000,cluster_1,G17031700200,17031700200,702,5903,0.22026984625039223,"Chicago, South Side"
16980,2000,cluster_1,G17031700400,17031700400,4660,9368,0.6092299647012681,"Chicago, South Side"
16980,2000,cluster_1,G17031700500,17031700500,9131,10878,0.8711123831329899,"Chicago, South Side"
16980,2000,cluster_1,G17031710100,17031710100,1436,1477,0.9958391123439667,"Chicago, South Side"
16980,2000,cluster_1,G17031710200,17031710200,5684,5781,0.9968432129077517,"Chicago, South Side"
16980,2000,cluster_1,G17031710300,17031710300,1574,1618,0.9974651457541192,"Chicago, South Side"
16980,2000,cluster_1,G17031710400,17031710400,6576,6695,0.9944049599274157,"Chicago, South Side"
16980,2000,cluster_1,G17031710500,17031710500,4906,4979,0.9967492889069484,"Chicago, South Side"
16980,2000,cluster_1,G17031710600,17031710600,2110,2141,0.9966934341048653,"Chicago, South Side"
16980,2000,cluster_1,G17031710700,17031710700,3979,4056,0.9962443665498247,"Chicago, South Side"
16980,2000,cluster_1,G17031710800,17031710800,5731,5818,0.9977367688022284,"Chicago, South Side"
16980,2000,cluster_1,G17031710900,17031710900,2387,2418,0.9974926870037609,"Chicago, South Side"
16980,2000,cluster_1,G17031711000,17031711000,3907,4001,0.994653767820774,"Chicago, South Side"
16980,2000,cluster_1,G17031711100,17031711100,3271,3349,0.9963448065793482,"Chicago, South Side"
16980,2000,cluster_1,G17031711200,17031711200,5716,5838,0.9915004336513443,"Chicago, South Side"
16980,2000,cluster_1,G17031711300,17031711300,1796,1850,0.9889867841409692,"Chicago, South Side"
16980,2000,cluster_1,G17031711400,17031711400,2925,2974,0.9959141981613892,"Chicago, South Side"
16980,2000,cluster_1,G17031711500,17031711500,2864,2933,0.999650959860384,"Chicago, South Side"
16980,2000,cluster_1,G17031720200,17031720200,2479,4453,0.5881376037959668,"Chicago, South Side"
16980,2000,cluster_1,G17031720700,17031720700,2048,3554,0.6172393007836046,"Chicago, South Side"
16980,2000,cluster_1,G17031730100,17031730100,2693,2734,0.9966691339748335,"Chicago, South Side"
16980,2000,cluster_1,G17031730200,17031730200,9815,10014,0.9959411466260781,"Chicago, South Side"
16980,2000,cluster_1,G17031730300,17031730300,1300,1331,0.9908536585365854,"Chicago, South Side"
16980,2000,cluster_1,G17031730400,17031730400,4019,4127,0.992100715872624,"Chicago, South Side"
16980,2000,cluster_1,G17031730500,17031730500,4899,5077,0.9914996964177292,"Chicago, South Side"
16980,2000,cluster_1,G17031730600,17031730600,3849,3951,0.9881899871630295,"Chicago, South Side"
16980,2000,cluster_1,G17031730700,17031730700,2533,2609,0.9952848722986247,"Chicago, South Side"
16980,2000,cluster_1,G17031750100,17031750100,4846,4969,0.993439934399344,"Chicago, South Side"
16980,2000,cluster_1,G17031750200,17031750200,2025,3506,0.6086564472497745,"Chicago, South Side"
16980,2000,cluster_1,G17031750500,17031750500,4848,6419,0.7843391037049021,"Chicago, South Side"
16980,2000,cluster_1,G17031750600,17031750600,4359,4486,0.993844049247606,"Chicago, South Side"
16980,2000,cluster_1,G17031821200,17031821200,2756,6487,0.6452821353313042,"Chicago, South Side"
16980,2000,cluster_1,G17031821300,17031821300,1327,5750,0.4288946347769877,"Chicago, South Side"
16980,2000,cluster_1,G17031821401,17031821401,3045,3803,0.9032927914565411,"Chicago, South Side"
16980,2000,cluster_1,G17031821402,17031821402,3141,3555,0.9189584552369807,"Chicago, South Side"
16980,2000,cluster_1,G17031821500,17031821500,2553,2779,0.9540358744394619,"Chicago, South Side"
16980,2000,cluster_1,G17031821600,17031821600,749,4532,0.18083051665861902,"Chicago, South Side"
16980,2000,cluster_1,G17031823302,17031823302,1063,6013,0.2124300559552358,"Chicago, South Side"
16980,2000,cluster_1,G17031823400,17031823400,669,4823,0.2165749433473616,"Chicago, South Side"
16980,2000,cluster_1,G17031823603,17031823603,1701,3060,0.9014308426073132,"Chicago, South Side"
16980,2000,cluster_1,G17031824300,17031824300,4819,5299,0.941578741695975,"Chicago, South Side"
16980,2000,cluster_1,G17031824400,17031824400,1018,2265,0.4783834586466165,"Chicago, South Side"
16980,2000,cluster_1,G17031824800,17031824800,1187,6518,0.27199816681943173,"Chicago, South Side"
16980,2000,cluster_1,G17031824900,17031824900,1672,2805,0.6508369015181005,"Chicago, South Side"
16980,2000,cluster_1,G17031825501,17031825501,4504,5885,0.8061571505280114,"Chicago, South Side"
16980,2000,cluster_1,G17031825503,17031825503,4523,6875,0.6925432552442199,"Chicago, South Side"
16980,2000,cluster_1,G17031825504,17031825504,3571,4119,0.9140005119017148,"Chicago, South Side"
16980,2000,cluster_1,G17031825505,17031825505,4250,5392,0.8286215636576331,"Chicago, South Side"
16980,2000,cluster_1,G17031825600,17031825600,4233,5768,0.7779819886050359,"Chicago, South Side"
16980,2000,cluster_1,G17031825700,17031825700,2248,4170,0.6573099415204678,"Chicago, South Side"
16980,2000,cluster_1,G17031825801,17031825801,3239,4085,0.827330779054917,"Chicago, South Side"
16980,2000,cluster_1,G17031825802,17031825802,4836,6617,0.8426555148980659,"Chicago, South Side"
16980,2000,cluster_1,G17031825803,17031825803,4314,6181,0.7687099073414113,"Chicago, South Side"
16980,2000,cluster_1,G17031825900,17031825900,1249,3434,0.45302865433442147,"Chicago, South Side"
16980,2000,cluster_1,G17031826000,17031826000,1446,3561,0.5312270389419544,"Chicago, South Side"
16980,2000,cluster_1,G17031826100,17031826100,1789,6502,0.3344550383249206,"Chicago, South Side"
16980,2000,cluster_1,G17031826201,17031826201,2573,3673,0.7438566059554784,"Chicago, South Side"
16980,2000,cluster_1,G17031826202,17031826202,1568,5817,0.30684931506849317,"Chicago, South Side"
16980,2000,cluster_1,G17031826301,17031826301,2641,4023,0.6957323498419389,"Chicago, South Side"
16980,2000,cluster_1,G17031826303,17031826303,3308,4177,0.8249376558603492,"Chicago, South Side"
16980,2000,cluster_1,G17031826304,17031826304,3034,3595,0.8801856686974181,"Chicago, South Side"
16980,2000,cluster_1,G17031826401,17031826401,3883,4533,0.9055503731343284,"Chicago, South Side"
16980,2000,cluster_1,G17031826402,17031826402,4557,5533,0.8625780806360023,"Chicago, South Side"
16980,2000,cluster_1,G17031826500,17031826500,5344,6846,0.8280136349550666,"Chicago, South Side"
16980,2000,cluster_1,G17031826600,17031826600,4903,5915,0.8661013955131602,"Chicago, South Side"
16980,2000,cluster_1,G17031826700,17031826700,5415,6253,0.8940069341258049,"Chicago, South Side"
16980,2000,cluster_1,G17031826800,17031826800,2783,5458,0.6528266479005396,"Chicago, South Side"
16980,2000,cluster_1,G17031826901,17031826901,2429,2568,0.9894093686354379,"Chicago, South Side"
16980,2000,cluster_1,G17031826902,17031826902,2055,2139,0.9894077997111218,"Chicago, South Side"
16980,2000,cluster_1,G17031827000,17031827000,3932,4317,0.9366364935683659,"Chicago, South Side"
16980,2000,cluster_1,G17031827100,17031827100,3136,3455,0.9503030303030303,"Chicago, South Side"
16980,2000,cluster_1,G17031827200,17031827200,3055,4449,0.8196941239602897,"Chicago, South Side"
16980,2000,cluster_1,G17031827300,17031827300,3214,3948,0.9539922825764322,"Chicago, South Side"
16980,2000,cluster_1,G17031827400,17031827400,4822,5088,0.9778949503143378,"Chicago, South Side"
16980,2000,cluster_1,G17031827500,17031827500,3346,5685,0.8239349913814331,"Chicago, South Side"
16980,2000,cluster_1,G17031827600,17031827600,3729,3830,0.996259684744857,"Chicago, South Side"
16980,2000,cluster_1,G17031827700,17031827700,1944,3174,0.6852308776876983,"Chicago, South Side"
16980,2000,cluster_1,G17031827801,17031827801,1541,5055,0.3235355868150325,"Chicago, South Side"
16980,2000,cluster_1,G17031827802,17031827802,2063,3487,0.628388668900396,"Chicago, South Side"
16980,2000,cluster_1,G17031827804,17031827804,1638,3274,0.5243277848911652,"Chicago, South Side"
16980,2000,cluster_1,G17031827805,17031827805,1515,3132,0.5126903553299492,"Chicago, South Side"
16980,2000,cluster_1,G17031827901,17031827901,1770,2562,0.7347447073474471,"Chicago, South Side"
16980,2000,cluster_1,G17031827902,17031827902,1242,4591,0.2987012987012987,"Chicago, South Side"
16980,2000,cluster_1,G17031828000,17031828000,560,5066,0.1198886748019696,"Chicago, South Side"
16980,2000,cluster_1,G17031828201,17031828201,518,4066,0.1393596986817326,"Chicago, South Side"
16980,2000,cluster_1,G17031828202,17031828202,446,4624,0.10401119402985075,"Chicago, South Side"
16980,2000,cluster_1,G17031828300,17031828300,237,3436,0.07290064595509074,"Chicago, South Side"
16980,2000,cluster_1,G17031828401,17031828401,388,3713,0.11159045153868277,"Chicago, South Side"
16980,2000,cluster_1,G17031828402,17031828402,815,3787,0.23055162659123055,"Chicago, South Side"
16980,2000,cluster_1,G17031828503,17031828503,1732,4984,0.40438944664954474,"Chicago, South Side"
16980,2000,cluster_1,G17031828504,17031828504,1617,5749,0.32905982905982906,"Chicago, South Side"
16980,2000,cluster_1,G17031828505,17031828505,270,5802,0.049342105263157895,"Chicago, South Side"
16980,2000,cluster_1,G17031828506,17031828506,3212,8320,0.41763099726953584,"Chicago, South Side"
16980,2000,cluster_1,G17031828601,17031828601,204,4344,0.049358819259617714,"Chicago, South Side"
16980,2000,cluster_1,G17031828602,17031828602,1241,4755,0.28038861274288296,"Chicago, South Side"
16980,2000,cluster_1,G17031828701,17031828701,1342,4042,0.3603651987110634,"Chicago, South Side"
16980,2000,cluster_1,G17031828702,17031828702,2945,5089,0.6224899598393574,"Chicago, South Side"
16980,2000,cluster_1,G17031828801,17031828801,1029,5090,0.2222462203023758,"Chicago, South Side"
16980,2000,cluster_1,G17031828802,17031828802,475,3135,0.16802263883975946,"Chicago, South Side"
16980,2000,cluster_1,G17031828900,17031828900,1077,3895,0.4660320207702293,"Chicago, South Side"
16980,2000,cluster_1,G17031829000,17031829000,1939,2070,0.9778113968734241,"Chicago, South Side"
16980,2000,cluster_1,G17031829100,17031829100,1022,5048,0.5,"Chicago, South Side"
16980,2000,cluster_1,G17031829200,17031829200,1496,6153,0.36425614803993184,"Chicago, South Side"
16980,2000,cluster_1,G17031829301,17031829301,879,3716,0.25998225377107365,"Chicago, South Side"
16980,2000,cluster_1,G17031829302,17031829302,2700,4224,0.7672634271099744,"Chicago, South Side"
16980,2000,cluster_1,G17031829401,17031829401,1793,1923,0.9830043859649122,"Chicago, South Side"
16980,2000,cluster_1,G17031829402,17031829402,1702,3774,0.4865637507146941,"Chicago, South Side"
16980,2000,cluster_1,G17031829700,17031829700,3456,4810,0.7617368305047388,"Chicago, South Side"
16980,2000,cluster_1,G17031829800,17031829800,1613,6992,0.2504269523365937,"Chicago, South Side"
16980,2000,cluster_1,G17031829901,17031829901,4366,6527,0.6987836107554417,"Chicago, South Side"
16980,2000,cluster_1,G17031829902,17031829902,3368,5599,0.6426254531577943,"Chicago, South Side"
16980,2000,cluster_1,G17031830002,17031830002,4797,8676,0.6009771986970684,"Chicago, South Side"
16980,2000,cluster_1,G17031830003,17031830003,4155,4992,0.8836665248830285,"Chicago, South Side"
16980,2000,cluster_1,G17031830004,17031830004,3450,5219,0.7074020914496617,"Chicago, South Side"
16980,2000,cluster_1,G17031830005,17031830005,2058,3760,0.5811917537418808,"Chicago, South Side"
16980,2000,cluster_1,G17031830006,17031830006,645,2307,0.30525319451017513,"Chicago, South Side"
16980,2000,cluster_1,G17031830100,17031830100,1373,3376,0.4414790996784566,"Chicago, South Side"
16980,2000,cluster_1,G17031830201,17031830201,2747,4929,0.5982142857142857,"Chicago, South Side"
16980,2000,cluster_1,G17031830202,17031830202,948,3034,0.34347826086956523,"Chicago, South Side"
16980,2000,cluster_1,G17031830300,17031830300,2850,5506,0.5636867088607594,"Chicago, South Side"
16980,2000,cluster_1,G17031830400,17031830400,928,4823,0.21038313307639991,"Chicago, South Side"
16980,2000,cluster_1,G17197883603,17197883603,840,2838,0.3222094361334868,"Chicago, South Side"
16980,2000,cluster_1,G17197883604,17197883604,3274,4001,0.8654507005022469,"Chicago, South Side"
16980,2000,cluster_1,G17197883803,17197883803,1237,4225,0.31620654396728015,"Chicago, South Side"
16980,2000,cluster_1,G18089010100,18089010100,3121,4759,0.6912513842746401,"Chicago, South Side"
16980,2000,cluster_1,G18089010201,18089010201,4878,6432,0.8345594525235244,"Chicago, South Side"
16980,2000,cluster_1,G18089010202,18089010202,1336,1689,0.9388615600843289,"Chicago, South Side"
16980,2000,cluster_1,G18089010203,18089010203,2866,3040,0.9815068493150685,"Chicago, South Side"
16980,2000,cluster_1,G18089010301,18089010301,3294,3971,0.97397989355411,"Chicago, South Side"
16980,2000,cluster_1,G18089010302,18089010302,3792,4064,0.9831475239823697,"Chicago, South Side"
16980,2000,cluster_1,G18089010400,18089010400,3537,3690,0.9882648784576697,"Chicago, South Side"
16980,2000,cluster_1,G18089010500,18089010500,1321,1546,0.930937279774489,"Chicago, South Side"
16980,2000,cluster_1,G18089010600,18089010600,1690,1812,0.9701492537313433,"Chicago, South Side"
16980,2000,cluster_1,G18089010700,18089010700,1042,1174,0.9858088930936613,"Chicago, South Side"
16980,2000,cluster_1,G18089010800,18089010800,1692,1845,0.9842931937172775,"Chicago, South Side"
16980,2000,cluster_1,G18089010900,18089010900,1417,1490,0.9833448993754337,"Chicago, South Side"
16980,2000,cluster_1,G18089011000,18089011000,2778,2871,0.9949856733524355,"Chicago, South Side"
16980,2000,cluster_1,G18089011100,18089011100,5089,5220,0.9943337241109809,"Chicago, South Side"
16980,2000,cluster_1,G18089011200,18089011200,4687,4820,0.9911186297314443,"Chicago, South Side"
16980,2000,cluster_1,G18089011300,18089011300,2443,2535,0.9890688259109311,"Chicago, South Side"
16980,2000,cluster_1,G18089011400,18089011400,2470,2547,0.9943639291465378,"Chicago, South Side"
16980,2000,cluster_1,G18089011500,18089011500,3033,3843,0.8889214536928488,"Chicago, South Side"
16980,2000,cluster_1,G18089011600,18089011600,2867,2968,0.9923849082727587,"Chicago, South Side"
16980,2000,cluster_1,G18089011700,18089011700,1191,1254,0.9834847233691164,"Chicago, South Side"
16980,2000,cluster_1,G18089011800,18089011800,1815,1853,0.9945205479452055,"Chicago, South Side"
16980,2000,cluster_1,G18089011900,18089011900,2838,2907,0.995440196422308,"Chicago, South Side"
16980,2000,cluster_1,G18089012000,18089012000,1500,1573,0.9933774834437086,"Chicago, South Side"
16980,2000,cluster_1,G18089012100,18089012100,1452,1486,0.990450204638472,"Chicago, South Side"
16980,2000,cluster_1,G18089012200,18089012200,1609,1710,0.9681107099879663,"Chicago, South Side"
16980,2000,cluster_1,G18089012300,18089012300,3927,4514,0.9259608582881396,"Chicago, South Side"
16980,2000,cluster_1,G18089012400,18089012400,5315,6020,0.9372244754011638,"Chicago, South Side"
16980,2000,cluster_1,G18089012500,18089012500,5227,6340,0.9073077590696059,"Chicago, South Side"
16980,2000,cluster_1,G18089012600,18089012600,3271,3841,0.915477190036384,"Chicago, South Side"
16980,2000,cluster_1,G18089012700,18089012700,3922,4739,0.9024390243902439,"Chicago, South Side"
16980,2000,cluster_1,G18089020500,18089020500,476,4148,0.22537878787878787,"Chicago, South Side"
16980,2000,cluster_1,G18089020600,18089020600,1064,2290,0.5597054182009469,"Chicago, South Side"
16980,2000,cluster_1,G18089020700,18089020700,1622,5503,0.3910318225650916,"Chicago, South Side"
16980,2000,cluster_1,G18089020800,18089020800,3613,4912,0.8497177798682972,"Chicago, South Side"
16980,2000,cluster_1,G18089021400,18089021400,541,5158,0.14578280786849906,"Chicago, South Side"
16980,2000,cluster_1,G18089022000,18089022000,704,4981,0.17378425080227106,"Chicago, South Side"
16980,2000,cluster_1,G18089030100,18089030100,1119,1208,0.9929015084294588,"Chicago, South Side"
16980,2000,cluster_1,G18089030200,18089030200,614,1580,0.9042709867452136,"Chicago, South Side"
16980,2000,cluster_1,G18089030300,18089030300,2483,3214,0.9594281298299846,"Chicago, South Side"
16980,2000,cluster_1,G18089030400,18089030400,444,3698,0.4774193548387097,"Chicago, South Side"
16980,2000,cluster_1,G18089030500,18089030500,783,4306,0.5171730515191546,"Chicago, South Side"
16980,2000,cluster_1,G18089030600,18089030600,477,4937,0.2502623294858342,"Chicago, South Side"
16980,2000,cluster_1,G18089030700,18089030700,1294,2430,0.8463047743623283,"Chicago, South Side"
16980,2000,cluster_1,G18089030800,18089030800,1191,4789,0.7523689197725837,"Chicago, South Side"
16980,2000,cluster_1,G18089030900,18089030900,1570,4318,0.7830423940149626,"Chicago, South Side"
16980,2000,cluster_1,G18089031000,18089031000,1430,1934,0.975443383356071,"Chicago, South Side"
16980,2000,cluster_1,G18089041500,18089041500,990,1785,0.6183635227982511,"Chicago, South Side"
16980,2000,cluster_1,G18089042401,18089042401,2337,6656,0.41480298189563364,"Chicago, South Side"
16980,2000,cluster_1,G18089042402,18089042402,1109,6487,0.19449316029463345,"Chicago, South Side"
16980,2000,cluster_1,G18089042403,18089042403,1931,4290,0.5073568050446663,"Chicago, South Side"
16980,2000,cluster_1,G18089042501,18089042501,522,6186,0.09799136474563544,"Chicago, South Side"
16980,2000,cluster_1,G18089042502,18089042502,803,8246,0.10798816568047337,"Chicago, South Side"
16980,2000,cluster_1,G18089042503,18089042503,375,2470,0.1717032967032967,"Chicago, South Side"
16980,2010,cluster_1,G17031340600,17031340600,899,907,0.9988888888888889,"Chicago, South Side"
16980,2010,cluster_1,G17031350100,17031350100,1156,2144,0.8919753086419753,"Chicago, South Side"
16980,2010,cluster_1,G17031350400,17031350400,373,389,1.0,"Chicago, South Side"
16980,2010,cluster_1,G17031351000,17031351000,2391,3267,0.9458069620253164,"Chicago, South Side"
16980,2010,cluster_1,G17031351100,17031351100,1884,1960,0.991578947368421,"Chicago, South Side"
16980,2010,cluster_1,G17031351400,17031351400,1356,1437,0.9790613718411553,"Chicago, South Side"
16980,2010,cluster_1,G17031351500,17031351500,197,255,0.8565217391304348,"Chicago, South Side"
16980,2010,cluster_1,G17031360200,17031360200,1390,1443,0.994277539341917,"Chicago, South Side"
16980,2010,cluster_1,G17031380100,17031380100,1763,1924,0.9697469746974697,"Chicago, South Side"
16980,2010,cluster_1,G17031380200,17031380200,1591,1680,0.9875853507138423,"Chicago, South Side"
16980,2010,cluster_1,G17031380500,17031380500,723,752,1.0,"Chicago, South Side"
16980,2010,cluster_1,G17031380700,17031380700,1165,1243,0.9806397306397306,"Chicago, South Side"
16980,2010,cluster_1,G17031381200,17031381200,2053,2167,0.9917874396135266,"Chicago, South Side"
16980,2010,cluster_1,G17031381400,17031381400,1574,1612,0.9943145925457991,"Chicago, South Side"
16980,2010,cluster_1,G17031381500,17031381500,217,237,0.9908675799086758,"Chicago, South Side"
16980,2010,cluster_1,G17031381700,17031381700,0,0,,"Chicago, South Side"
16980,2010,cluster_1,G17031381800,17031381800,1097,1188,0.9768477292965272,"Chicago, South Side"
16980,2010,cluster_1,G17031381900,17031381900,1191,1295,0.9558587479935795,"Chicago, South Side"
16980,2010,cluster_1,G17031390100,17031390100,1151,1268,0.9631799163179916,"Chicago, South Side"
16980,2010,cluster_1,G17031390200,17031390200,1534,1840,0.921875,"Chicago, South Side"
16980,2010,cluster_1,G17031390300,17031390300,2561,2743,0.9730243161094225,"Chicago, South Side"
16980,2010,cluster_1,G17031390400,17031390400,2631,2934,0.9494767232046193,"Chicago, South Side"
16980,2010,cluster_1,G17031390500,17031390500,1086,1598,0.7536433032616239,"Chicago, South Side"
16980,2010,cluster_1,G17031390600,17031390600,766,1866,0.47607209446861404,"Chicago, South Side"
16980,2010,cluster_1,G17031390700,17031390700,3092,5592,0.6946753538530668,"Chicago, South Side"
16980,2010,cluster_1,G17031400300,17031400300,1522,1567,0.9947712418300654,"Chicago, South Side"
16980,2010,cluster_1,G17031400400,17031400400,1898,1955,0.9947589098532494,"Chicago, South Side"
16980,2010,cluster_1,G17031400500,17031400500,2194,2258,0.9945602901178604,"Chicago, South Side"
16980,2010,cluster_1,G17031400800,17031400800,2644,2701,0.9969834087481146,"Chicago, South Side"
16980,2010,cluster_1,G17031410100,17031410100,948,1802,0.6551485832757429,"Chicago, South Side"
16980,2010,cluster_1,G17031410500,17031410500,1369,2557,0.6364481636448164,"Chicago, South Side"
16980,2010,cluster_1,G17031420100,17031420100,1371,1441,0.9758007117437723,"Chicago, South Side"
16980,2010,cluster_1,G17031420200,17031420200,1275,1723,0.8225806451612904,"Chicago, South Side"
16980,2010,cluster_1,G17031420300,17031420300,1160,2488,0.599483204134367,"Chicago, South Side"
16980,2010,cluster_1,G17031420400,17031420400,906,1329,0.7885117493472585,"Chicago, South Side"
16980,2010,cluster_1,G17031420500,17031420500,2521,2624,0.9901806755695208,"Chicago, South Side"
16980,2010,cluster_1,G17031420600,17031420600,2140,2219,0.9898242368177613,"Chicago, South Side"
16980,2010,cluster_1,G17031420700,17031420700,3186,3261,0.9962476547842402,"Chicago, South Side"
16980,2010,cluster_1,G17031420800,17031420800,2115,2213,0.9814385150812065,"Chicago, South Side"
16980,2010,cluster_1,G17031421200,17031421200,1351,1380,0.9977843426883308,"Chicago, South Side"
16980,2010,cluster_1,G17031430101,17031430101,3574,3689,0.9903020227209753,"Chicago, South Side"
16980,2010,cluster_1,G17031430102,17031430102,2801,2963,0.9855735397607319,"Chicago, South Side"
16980,2010,cluster_1,G17031430200,17031430200,4384,4680,0.9794459338695264,"Chicago, South Side"
16980,2010,cluster_1,G17031430300,17031430300,2192,2336,0.9936536718041704,"Chicago, South Side"
16980,2010,cluster_1,G17031430400,17031430400,2778,2892,0.992497320471597,"Chicago, South Side"
16980,2010,cluster_1,G17031430500,17031430500,3483,3604,0.9942906080502426,"Chicago, South Side"
16980,2010,cluster_1,G17031430600,17031430600,1573,1665,0.9764121663563005,"Chicago, South Side"
16980,2010,cluster_1,G17031430700,17031430700,1997,2210,0.9610202117420596,"Chicago, South Side"
16980,2010,cluster_1,G17031430800,17031430800,1693,1763,0.98947983635301,"Chicago, South Side"
16980,2010,cluster_1,G17031430900,17031430900,1734,1814,0.997698504027618,"Chicago, South Side"
16980,2010,cluster_1,G17031431200,17031431200,2932,3078,0.9905405405405405,"Chicago, South Side"
16980,2010,cluster_1,G17031431301,17031431301,3345,3545,0.9887673662429796,"Chicago, South Side"
16980,2010,cluster_1,G17031431302,17031431302,4025,4166,0.9889434889434889,"Chicago, South Side"
16980,2010,cluster_1,G17031431400,17031431400,6015,6418,0.976461038961039,"Chicago, South Side"
16980,2010,cluster_1,G17031440101,17031440101,3642,3746,0.9969887763482069,"Chicago, South Side"
16980,2010,cluster_1,G17031440102,17031440102,3055,3127,0.9986923831317424,"Chicago, South Side"
16980,2010,cluster_1,G17031440201,17031440201,4931,5060,0.9981781376518218,"Chicago, South Side"
16980,2010,cluster_1,G17031440202,17031440202,2909,2999,0.9969156956819739,"Chicago, South Side"
16980,2010,cluster_1,G17031440300,17031440300,4601,4757,0.9941659464131374,"Chicago, South Side"
16980,2010,cluster_1,G17031440600,17031440600,2026,2080,0.9965568125922283,"Chicago, South Side"
16980,2010,cluster_1,G17031440700,17031440700,1515,1545,0.9940944881889764,"Chicago, South Side"
16980,2010,cluster_1,G17031440800,17031440800,1755,1800,0.9960272417707151,"Chicago, South Side"
16980,2010,cluster_1,G17031440900,17031440900,2535,2610,0.9972462627852084,"Chicago, South Side"
16980,2010,cluster_1,G17031450300,17031450300,3476,3615,0.994848311390956,"Chicago, South Side"
16980,2010,cluster_1,G17031460100,17031460100,2522,3405,0.951339117314221,"Chicago, South Side"
16980,2010,cluster_1,G17031460200,17031460200,1065,2385,0.908703071672355,"Chicago, South Side"
16980,2010,cluster_1,G17031460301,17031460301,2288,3404,0.9686706181202371,"Chicago, South Side"
16980,2010,cluster_1,G17031460302,17031460302,3441,3803,0.9870912220309811,"Chicago, South Side"
16980,2010,cluster_1,G17031460400,17031460400,3523,3705,0.9907199100112486,"Chicago, South Side"
16980,2010,cluster_1,G17031460500,17031460500,5540,5789,0.9919427036705462,"Chicago, South Side"
16980,2010,cluster_1,G17031460600,17031460600,905,1183,0.9794372294372294,"Chicago, South Side"
16980,2010,cluster_1,G17031460700,17031460700,1736,3314,0.96875,"Chicago, South Side"
16980,2010,cluster_1,G17031461000,17031461000,909,1496,0.9498432601880877,"Chicago, South Side"
16980,2010,cluster_1,G17031470100,17031470100,2849,2916,0.9933751743375174,"Chicago, South Side"
16980,2010,cluster_1,G17031480100,17031480100,1970,2033,0.9959555106167847,"Chicago, South Side"
16980,2010,cluster_1,G17031480200,17031480200,1188,1229,0.9974811083123426,"Chicago, South Side"
16980,2010,cluster_1,G17031480300,17031480300,1409,1468,0.992952783650458,"Chicago, South Side"
16980,2010,cluster_1,G17031480400,17031480400,5658,5876,0.9928057553956835,"Chicago, South Side"
16980,2010,cluster_1,G17031480500,17031480500,2672,3206,0.9766081871345029,"Chicago, South Side"
16980,2010,cluster_1,G17031490300,17031490300,1984,2033,0.9954841946813848,"Chicago, South Side"
16980,2010,cluster_1,G17031490400,17031490400,1051,1059,0.9971537001897534,"Chicago, South Side"
16980,2010,cluster_1,G17031490500,17031490500,2134,2242,0.9865926953305594,"Chicago, South Side"
16980,2010,cluster_1,G17031490600,17031490600,1504,1562,0.99867197875166,"Chicago, South Side"
16980,2010,cluster_1,G17031490700,17031490700,3020,3085,0.9986772486772487,"Chicago, South Side"
16980,2010,cluster_1,G17031490800,17031490800,3894,4007,0.995398773006135,"Chicago, South Side"
16980,2010,cluster_1,G17031490901,17031490901,3792,3891,0.9968454258675079,"Chicago, South Side"
16980,2010,cluster_1,G17031490902,17031490902,4998,5086,0.9980031948881789,"Chicago, South Side"
16980,2010,cluster_1,G17031491000,17031491000,5112,5247,0.9974634146341463,"Chicago, South Side"
16980,2010,cluster_1,G17031491100,17031491100,4393,4514,0.9932172733438842,"Chicago, South Side"
16980,2010,cluster_1,G17031491200,17031491200,2371,2444,0.992465466722478,"Chicago, South Side"
16980,2010,cluster_1,G17031491300,17031491300,2802,2886,0.9929128277817151,"Chicago, South Side"
16980,2010,cluster_1,G17031491400,17031491400,2841,2931,0.9947478991596639,"Chicago, South Side"
16980,2010,cluster_1,G17031500100,17031500100,3554,3644,0.9941258741258742,"Chicago, South Side"
16980,2010,cluster_1,G17031500200,17031500200,1930,2015,0.9938208032955715,"Chicago, South Side"
16980,2010,cluster_1,G17031500300,17031500300,638,1666,0.5661047027506655,"Chicago, South Side"
16980,2010,cluster_1,G17031510100,17031510100,221,3530,0.34210526315789475,"Chicago, South Side"
16980,2010,cluster_1,G17031510200,17031510200,2211,2986,0.9336993243243243,"Chicago, South Side"
16980,2010,cluster_1,G17031510300,17031510300,5193,5360,0.9948275862068966,"Chicago, South Side"
16980,2010,cluster_1,G17031520200,17031520200,370,3817,0.5736434108527132,"Chicago, South Side"
16980,2010,cluster_1,G17031530100,17031530100,1157,2371,0.9585749792874897,"Chicago, South Side"
16980,2010,cluster_1,G17031530200,17031530200,4997,5152,0.9966094934184284,"Chicago, South Side"
16980,2010,cluster_1,G17031530300,17031530300,4160,4273,0.9976019184652278,"Chicago, South Side"
16980,2010,cluster_1,G17031530400,17031530400,2112,2223,0.9920150305307656,"Chicago, South Side"
16980,2010,cluster_1,G17031530501,17031530501,5229,5402,0.9950523311132256,"Chicago, South Side"
16980,2010,cluster_1,G17031530502,17031530502,1624,1667,0.9975429975429976,"Chicago, South Side"
16980,2010,cluster_1,G17031530503,17031530503,5205,5345,0.995791084752248,"Chicago, South Side"
16980,2010,cluster_1,G17031530600,17031530600,3099,3207,0.9935876883616543,"Chicago, South Side"
16980,2010,cluster_1,G17031540101,17031540101,3192,3373,0.991304347826087,"Chicago, South Side"
16980,2010,cluster_1,G17031540102,17031540102,3059,3109,0.9986940907606922,"Chicago, South Side"
16980,2010,cluster_1,G17031611000,17031611000,811,1098,0.98661800486618,"Chicago, South Side"
16980,2010,cluster_1,G17031611100,17031611100,539,2922,0.8369565217391305,"Chicago, South Side"
16980,2010,cluster_1,G17031611200,17031611200,680,2824,0.8695652173913043,"Chicago, South Side"
16980,2010,cluster_1,G17031611300,17031611300,445,3556,0.7504215851602024,"Chicago, South Side"
16980,2010,cluster_1,G17031611400,17031611400,282,4105,0.7032418952618454,"Chicago, South Side"
16980,2010,cluster_1,G17031611500,17031611500,382,3567,0.7126865671641791,"Chicago, South Side"
16980,2010,cluster_1,G17031611600,17031611600,1057,1609,0.9823420074349443,"Chicago, South Side"
16980,2010,cluster_1,G17031611700,17031611700,1267,1990,0.9929467084639498,"Chicago, South Side"
16980,2010,cluster_1,G17031611800,17031611800,1617,2139,0.9920245398773007,"Chicago, South Side"
16980,2010,cluster_1,G17031611900,17031611900,1703,2045,0.983256351039261,"Chicago, South Side"
16980,2010,cluster_1,G17031612000,17031612000,1427,1545,0.9882271468144044,"Chicago, South Side"
16980,2010,cluster_1,G17031612100,17031612100,1381,1470,0.9878397711015737,"Chicago, South Side"
16980,2010,cluster_1,G17031630100,17031630100,247,1156,0.8372881355932204,"Chicago, South Side"
16980,2010,cluster_1,G17031630200,17031630200,28,1931,0.15555555555555556,"Chicago, South Side"
16980,2010,cluster_1,G17031630800,17031630800,422,7107,0.5861111111111111,"Chicago, South Side"
16980,2010,cluster_1,G17031650500,17031650500,587,4421,0.45503875968992247,"Chicago, South Side"
16980,2010,cluster_1,G17031660301,17031660301,586,1785,0.9391025641025641,"Chicago, South Side"
16980,2010,cluster_1,G17031660302,17031660302,1248,5527,0.8819787985865725,"Chicago, South Side"
16980,2010,cluster_1,G17031660500,17031660500,630,5534,0.5769230769230769,"Chicago, South Side"
16980,2010,cluster_1,G17031660600,17031660600,3712,6333,0.9559618851403554,"Chicago, South Side"
16980,2010,cluster_1,G17031660700,17031660700,2234,2366,0.9920071047957372,"Chicago, South Side"
16980,2010,cluster_1,G17031660800,17031660800,3579,5865,0.9303353262282298,"Chicago, South Side"
16980,2010,cluster_1,G17031660900,17031660900,3527,4232,0.9463375368929434,"Chicago, South Side"
16980,2010,cluster_1,G17031661000,17031661000,5080,5706,0.9774870117375409,"Chicago, South Side"
16980,2010,cluster_1,G17031661100,17031661100,2910,6542,0.8606921029281278,"Chicago, South Side"
16980,2010,cluster_1,G17031670100,17031670100,1453,1516,0.993844049247606,"Chicago, South Side"
16980,2010,cluster_1,G17031670200,17031670200,1327,1380,1.0,"Chicago, South Side"
16980,2010,cluster_1,G17031670300,17031670300,1317,1411,0.9894815927873779,"Chicago, South Side"
16980,2010,cluster_1,G17031670400,17031670400,1809,1956,0.996694214876033,"Chicago, South Side"
16980,2010,cluster_1,G17031670500,17031670500,1236,1321,0.9959709911361805,"Chicago, South Side"
16980,2010,cluster_1,G17031670600,17031670600,1603,1650,1.0,"Chicago, South Side"
16980,2010,cluster_1,G17031670700,17031670700,1422,1491,0.9951014695591323,"Chicago, South Side"
16980,2010,cluster_1,G17031670800,17031670800,1592,1635,0.998745294855709,"Chicago, South Side"
16980,2010,cluster_1,G17031670900,17031670900,1316,1351,0.9977255496588324,"Chicago, South Side"
16980,2010,cluster_1,G17031671100,17031671100,1221,1259,0.9951100244498777,"Chicago, South Side"
16980,2010,cluster_1,G17031671200,17031671200,1225,1252,0.9951259138911455,"Chicago, South Side"
16980,2010,cluster_1,G17031671300,17031671300,2607,2688,0.996178830722201,"Chicago, South Side"
16980,2010,cluster_1,G17031671400,17031671400,1985,2072,0.9979889391654098,"Chicago, South Side"
16980,2010,cluster_1,G17031671500,17031671500,3116,3221,0.9948914431673053,"Chicago, South Side"
16980,2010,cluster_1,G17031671600,17031671600,2430,2495,0.9954936501433839,"Chicago, South Side"
16980,2010,cluster_1,G17031671800,17031671800,1368,1422,0.9963583394027676,"Chicago, South Side"
16980,2010,cluster_1,G17031671900,17031671900,1343,1378,0.9977711738484398,"Chicago, South Side"
16980,2010,cluster_1,G17031672000,17031672000,3607,3735,0.9986157253599114,"Chicago, South Side"
16980,2010,cluster_1,G17031680500,17031680500,1444,1481,0.993805918788713,"Chicago, South Side"
16980,2010,cluster_1,G17031680600,17031680600,1408,1431,0.9992902767920511,"Chicago, South Side"
16980,2010,cluster_1,G17031680900,17031680900,3871,4019,0.9940934771443246,"Chicago, South Side"
16980,2010,cluster_1,G17031681000,17031681000,3409,3498,0.9979508196721312,"Chicago, South Side"
16980,2010,cluster_1,G17031681100,17031681100,3419,3517,0.9970836978710994,"Chicago, South Side"
16980,2010,cluster_1,G17031681200,17031681200,2657,2716,0.9962504686914135,"Chicago, South Side"
16980,2010,cluster_1,G17031681300,17031681300,2887,2936,0.998961937716263,"Chicago, South Side"
16980,2010,cluster_1,G17031681400,17031681400,3189,3247,0.9974976540506725,"Chicago, South Side"
16980,2010,cluster_1,G17031690300,17031690300,2123,2191,0.9920560747663552,"Chicago, South Side"
16980,2010,cluster_1,G17031690400,17031690400,3365,3464,0.9967417061611374,"Chicago, South Side"
16980,2010,cluster_1,G17031690500,17031690500,858,877,0.9930555555555556,"Chicago, South Side"
16980,2010,cluster_1,G17031690900,17031690900,4384,4520,0.9974971558589306,"Chicago, South Side"
16980,2010,cluster_1,G17031691000,17031691000,2424,2492,0.9946655724251129,"Chicago, South Side"
16980,2010,cluster_1,G17031691100,17031691100,3173,3266,0.9959196484620213,"Chicago, South Side"
16980,2010,cluster_1,G17031691200,17031691200,2791,2847,0.9953637660485022,"Chicago, South Side"
16980,2010,cluster_1,G17031691300,17031691300,2368,2448,0.9966329966329966,"Chicago, South Side"
16980,2010,cluster_1,G17031691400,17031691400,3464,3611,0.9874572405929305,"Chicago, South Side"
16980,2010,cluster_1,G17031691500,17031691500,1843,1930,0.9972943722943723,"Chicago, South Side"
16980,2010,cluster_1,G17031700100,17031700100,2052,3427,0.912,"Chicago, South Side"
16980,2010,cluster_1,G17031700200,17031700200,909,6609,0.48044397463002114,"Chicago, South Side"
16980,2010,cluster_1,G17031700401,17031700401,3264,5923,0.8429752066115702,"Chicago, South Side"
16980,2010,cluster_1,G17031700402,17031700402,2483,3914,0.8436969079170914,"Chicago, South Side"
16980,2010,cluster_1,G17031700501,17031700501,6404,7125,0.9531180235154041,"Chicago, South Side"
16980,2010,cluster_1,G17031700502,17031700502,2652,3036,0.9256544502617801,"Chicago, South Side"
16980,2010,cluster_1,G17031710100,17031710100,1223,1275,0.9910858995137763,"Chicago, South Side"
16980,2010,cluster_1,G17031710200,17031710200,4919,5049,0.9963540611707514,"Chicago, South Side"
16980,2010,cluster_1,G17031710300,17031710300,1378,1414,0.9985507246376811,"Chicago, South Side"
16980,2010,cluster_1,G17031710400,17031710400,5523,5651,0.9963918455709905,"Chicago, South Side"
16980,2010,cluster_1,G17031710500,17031710500,4029,4123,0.9982656095143707,"Chicago, South Side"
16980,2010,cluster_1,G17031710600,17031710600,1818,1838,0.999450247388675,"Chicago, South Side"
16980,2010,cluster_1,G17031710700,17031710700,3530,3583,0.9983031674208145,"Chicago, South Side"
16980,2010,cluster_1,G17031710800,17031710800,5232,5338,0.9979019645241274,"Chicago, South Side"
16980,2010,cluster_1,G17031710900,17031710900,2136,2198,0.9971988795518207,"Chicago, South Side"
16980,2010,cluster_1,G17031711000,17031711000,3395,3475,0.9956011730205279,"Chicago, South Side"
16980,2010,cluster_1,G17031711100,17031711100,2757,2835,0.998189717595945,"Chicago, South Side"
16980,2010,cluster_1,G17031711200,17031711200,5048,5145,0.9982202887087206,"Chicago, South Side"
16980,2010,cluster_1,G17031711300,17031711300,1573,1626,0.9974635383639823,"Chicago, South Side"
16980,2010,cluster_1,G17031711400,17031711400,2606,2654,0.9973210868733257,"Chicago, South Side"
16980,2010,cluster_1,G17031711500,17031711500,2494,2539,0.9952114924181963,"Chicago, South Side"
16980,2010,cluster_1,G17031720200,17031720200,2227,4016,0.5981735159817352,"Chicago, South Side"
16980,2010,cluster_1,G17031720700,17031720700,1933,3149,0.6570360299116248,"Chicago, South Side"
16980,2010,cluster_1,G17031730100,17031730100,2357,2424,0.9970389170896785,"Chicago, South Side"
16980,2010,cluster_1,G17031730201,17031730201,5821,5941,0.9981138545953361,"Chicago, South Side"
16980,2010,cluster_1,G17031730202,17031730202,3047,3115,0.9960771493952272,"Chicago, South Side"
16980,2010,cluster_1,G17031730300,17031730300,1152,1166,0.9965397923875432,"Chicago, South Side"
16980,2010,cluster_1,G17031730400,17031730400,3392,3514,0.9923932124049152,"Chicago, South Side"
16980,2010,cluster_1,G17031730500,17031730500,4266,4388,0.9964961457603364,"Chicago, South Side"
16980,2010,cluster_1,G17031730600,17031730600,3487,3614,0.9900624645088019,"Chicago, South Side"
16980,2010,cluster_1,G17031730700,17031730700,2271,2331,0.9951796669588081,"Chicago, South Side"
16980,2010,cluster_1,G17031750100,17031750100,4021,4147,0.992594421130585,"Chicago, South Side"
16980,2010,cluster_1,G17031750200,17031750200,1809,3227,0.6,"Chicago, South Side"
16980,2010,cluster_1,G17031750500,17031750500,4569,5936,0.806531332744925,"Chicago, South Side"
16980,2010,cluster_1,G17031750600,17031750600,3565,3681,0.9963666852990497,"Chicago, South Side"
16980,2010,cluster_1,G17031821200,17031821200,2788,6003,0.7740144364242088,"Chicago, South Side"
16980,2010,cluster_1,G17031821300,17031821300,1670,5519,0.6290018832391714,"Chicago, South Side"
16980,2010,cluster_1,G17031821401,17031821401,2836,3338,0.9481778669341357,"Chicago, South Side"
16980,2010,cluster_1,G17031821402,17031821402,3332,3587,0.9719953325554259,"Chicago, South Side"
16980,2010,cluster_1,G17031821500,17031821500,2216,2341,0.9770723104056437,"Chicago, South Side"
16980,2010,cluster_1,G17031821600,17031821600,1589,4393,0.43653846153846154,"Chicago, South Side"
16980,2010,cluster_1,G17031823302,17031823302,1668,5794,0.3876365326516384,"Chicago, South Side"
16980,2010,cluster_1,G17031823400,17031823400,1126,5052,0.4304281345565749,"Chicago, South Side"
16980,2010,cluster_1,G17031823603,17031823603,1301,2702,0.9161971830985915,"Chicago, South Side"
16980,2010,cluster_1,G17031824300,17031824300,4247,4814,0.9689710244125028,"Chicago, South Side"
16980,2010,cluster_1,G17031824400,17031824400,953,2317,0.47295285359801487,"Chicago, South Side"
16980,2010,cluster_1,G17031824800,17031824800,1833,7756,0.52,"Chicago, South Side"
16980,2010,cluster_1,G17031824900,17031824900,1990,3079,0.7716169057774331,"Chicago, South Side"
16980,2010,cluster_1,G17031825501,17031825501,4628,5583,0.8848948374760994,"Chicago, South Side"
16980,2010,cluster_1,G17031825503,17031825503,5048,6608,0.8149822408782693,"Chicago, South Side"
16980,2010,cluster_1,G17031825504,17031825504,3245,3734,0.9340817501439264,"Chicago, South Side"
16980,2010,cluster_1,G17031825505,17031825505,4686,5525,0.8924014473433631,"Chicago, South Side"
16980,2010,cluster_1,G17031825600,17031825600,4394,5627,0.8602192638997651,"Chicago, South Side"
16980,2010,cluster_1,G17031825700,17031825700,2587,4206,0.7801568154402895,"Chicago, South Side"
16980,2010,cluster_1,G17031825801,17031825801,3136,3550,0.9158878504672897,"Chicago, South Side"
16980,2010,cluster_1,G17031825802,17031825802,4767,5850,0.9359905752994306,"Chicago, South Side"
16980,2010,cluster_1,G17031825803,17031825803,4636,5811,0.8994955374466433,"Chicago, South Side"
16980,2010,cluster_1,G17031825900,17031825900,1920,3374,0.78239608801956,"Chicago, South Side"
16980,2010,cluster_1,G17031826000,17031826000,1987,3334,0.8495083368961095,"Chicago, South Side"
16980,2010,cluster_1,G17031826100,17031826100,3405,6414,0.7133878064110623,"Chicago, South Side"
16980,2010,cluster_1,G17031826201,17031826201,2947,3596,0.8726680485638141,"Chicago, South Side"
16980,2010,cluster_1,G17031826202,17031826202,3655,5873,0.7457661701693532,"Chicago, South Side"
16980,2010,cluster_1,G17031826301,17031826301,3237,3956,0.8934584598399117,"Chicago, South Side"
16980,2010,cluster_1,G17031826303,17031826303,3716,4162,0.9346076458752515,"Chicago, South Side"
16980,2010,cluster_1,G17031826304,17031826304,2929,3203,0.950974025974026,"Chicago, South Side"
16980,2010,cluster_1,G17031826401,17031826401,3775,4072,0.9639938712972421,"Chicago, South Side"
16980,2010,cluster_1,G17031826402,17031826402,4641,5132,0.9444444444444444,"Chicago, South Side"
16980,2010,cluster_1,G17031826500,17031826500,5265,5936,0.9350026638252531,"Chicago, South Side"
16980,2010,cluster_1,G17031826600,17031826600,5100,5540,0.9532710280373832,"Chicago, South Side"
16980,2010,cluster_1,G17031826700,17031826700,5210,5569,0.9621421975992613,"Chicago, South Side"
16980,2010,cluster_1,G17031826800,17031826800,2552,5436,0.7896039603960396,"Chicago, South Side"
16980,2010,cluster_1,G17031826901,17031826901,1694,1894,0.9906432748538012,"Chicago, South Side"
16980,2010,cluster_1,G17031826902,17031826902,1581,1643,0.9955919395465995,"Chicago, South Side"
16980,2010,cluster_1,G17031827000,17031827000,3303,3624,0.967203513909224,"Chicago, South Side"
16980,2010,cluster_1,G17031827100,17031827100,2434,2716,0.9747697236684021,"Chicago, South Side"
16980,2010,cluster_1,G17031827200,17031827200,2948,4140,0.91495965238982,"Chicago, South Side"
16980,2010,cluster_1,G17031827300,17031827300,2350,2947,0.9698720594304581,"Chicago, South Side"
16980,2010,cluster_1,G17031827400,17031827400,3979,4298,0.9730985571044265,"Chicago, South Side"
16980,2010,cluster_1,G17031827500,17031827500,2913,5382,0.8881097560975609,"Chicago, South Side"
16980,2010,cluster_1,G17031827600,17031827600,3305,3463,0.9933874361286444,"Chicago, South Side"
16980,2010,cluster_1,G17031827700,17031827700,2206,2902,0.8514087225009649,"Chicago, South Side"
16980,2010,cluster_1,G17031827801,17031827801,2964,4998,0.6530072703238599,"Chicago, South Side"
16980,2010,cluster_1,G17031827802,17031827802,2655,3385,0.8545220469906663,"Chicago, South Side"
16980,2010,cluster_1,G17031827804,17031827804,2538,3308,0.8221574344023324,"Chicago, South Side"
16980,2010,cluster_1,G17031827805,17031827805,2139,2866,0.8005239520958084,"Chicago, South Side"
16980,2010,cluster_1,G17031827901,17031827901,2193,2605,0.883205799436166,"Chicago, South Side"
16980,2010,cluster_1,G17031827902,17031827902,2153,4524,0.5845777898452349,"Chicago, South Side"
16980,2010,cluster_1,G17031828000,17031828000,1417,5147,0.3369797859690844,"Chicago, South Side"
16980,2010,cluster_1,G17031828201,17031828201,1574,4290,0.43576965669988926,"Chicago, South Side"
16980,2010,cluster_1,G17031828202,17031828202,1674,4585,0.42584584075298904,"Chicago, South Side"
16980,2010,cluster_1,G17031828300,17031828300,835,3264,0.2843037112700034,"Chicago, South Side"
16980,2010,cluster_1,G17031828401,17031828401,696,3644,0.2130394857667585,"Chicago, South Side"
16980,2010,cluster_1,G17031828402,17031828402,1560,3843,0.4540162980209546,"Chicago, South Side"
16980,2010,cluster_1,G17031828503,17031828503,2799,4627,0.7122137404580152,"Chicago, South Side"
16980,2010,cluster_1,G17031828504,17031828504,3562,5977,0.695160031225605,"Chicago, South Side"
16980,2010,cluster_1,G17031828505,17031828505,2133,6428,0.40367146101438306,"Chicago, South Side"
16980,2010,cluster_1,G17031828506,17031828506,5033,8544,0.6594601677148847,"Chicago, South Side"
16980,2010,cluster_1,G17031828601,17031828601,606,4187,0.16246648793565685,"Chicago, South Side"
16980,2010,cluster_1,G17031828602,17031828602,2034,4562,0.49975429975429975,"Chicago, South Side"
16980,2010,cluster_1,G17031828701,17031828701,2403,4071,0.6607093758592246,"Chicago, South Side"
16980,2010,cluster_1,G17031828702,17031828702,3483,4916,0.7903335602450646,"Chicago, South Side"
16980,2010,cluster_1,G17031828801,17031828801,1718,4969,0.41567868376481976,"Chicago, South Side"
16980,2010,cluster_1,G17031828802,17031828802,791,3038,0.33948497854077253,"Chicago, South Side"
16980,2010,cluster_1,G17031828900,17031828900,1254,3920,0.6989966555183946,"Chicago, South Side"
16980,2010,cluster_1,G17031829000,17031829000,1213,1327,0.987785016286645,"Chicago, South Side"
16980,2010,cluster_1,G17031829100,17031829100,876,4144,0.6717791411042945,"Chicago, South Side"
16980,2010,cluster_1,G17031829200,17031829200,1717,5951,0.5143798681845416,"Chicago, South Side"
16980,2010,cluster_1,G17031829301,17031829301,1523,3982,0.4868925831202046,"Chicago, South Side"
16980,2010,cluster_1,G17031829302,17031829302,2683,3982,0.8779450261780105,"Chicago, South Side"
16980,2010,cluster_1,G17031829401,17031829401,1247,1394,0.9834384858044164,"Chicago, South Side"
16980,2010,cluster_1,G17031829402,17031829402,1945,3346,0.6442530639284532,"Chicago, South Side"
16980,2010,cluster_1,G17031829700,17031829700,3175,4349,0.7915731737721267,"Chicago, South Side"
16980,2010,cluster_1,G17031829800,17031829800,2766,6820,0.4427725308147911,"Chicago, South Side"
16980,2010,cluster_1,G17031829901,17031829901,5501,8744,0.6799752781211372,"Chicago, South Side"
16980,2010,cluster_1,G17031829902,17031829902,5135,6343,0.8455458587189199,"Chicago, South Side"
16980,2010,cluster_1,G17031830003,17031830003,7194,7985,0.9557592666400957,"Chicago, South Side"
16980,2010,cluster_1,G17031830004,17031830004,5845,7233,0.8726485518065094,"Chicago, South Side"
16980,2010,cluster_1,G17031830005,17031830005,2754,3957,0.7411194833153929,"Chicago, South Side"
16980,2010,cluster_1,G17031830006,17031830006,1391,2487,0.6371965185524507,"Chicago, South Side"
16980,2010,cluster_1,G17031830007,17031830007,3925,5039,0.8455407152089617,"Chicago, South Side"
16980,2010,cluster_1,G17031830008,17031830008,3867,4537,0.9077464788732394,"Chicago, South Side"
16980,2010,cluster_1,G17031830100,17031830100,2278,3356,0.7540549486924859,"Chicago, South Side"
16980,2010,cluster_1,G17031830201,17031830201,4039,5351,0.8192697768762678,"Chicago, South Side"
16980,2010,cluster_1,G17031830202,17031830202,2195,3569,0.6887354879196737,"Chicago, South Side"
16980,2010,cluster_1,G17031830300,17031830300,2938,4748,0.6856476079346557,"Chicago, South Side"
16980,2010,cluster_1,G17031830400,17031830400,2089,4453,0.5297996449404007,"Chicago, South Side"
16980,2010,cluster_1,G17031833900,17031833900,1367,2714,0.9695035460992908,"Chicago, South Side"
16980,2010,cluster_1,G17031834000,17031834000,3551,3632,0.9985939257592801,"Chicago, South Side"
16980,2010,cluster_1,G17031834200,17031834200,4763,4944,0.9958185239389504,"Chicago, South Side"
16980,2010,cluster_1,G17031834300,17031834300,6275,6570,0.9900599558220259,"Chicago, South Side"
16980,2010,cluster_1,G17031834400,17031834400,3383,3772,0.9551101072840203,"Chicago, South Side"
16980,2010,cluster_1,G17031834500,17031834500,1437,1475,0.9951523545706371,"Chicago, South Side"
16980,2010,cluster_1,G17031834600,17031834600,3671,3778,0.9929672707600757,"Chicago, South Side"
16980,2010,cluster_1,G17031834700,17031834700,1998,2078,0.9975037443834248,"Chicago, South Side"
16980,2010,cluster_1,G17031834800,17031834800,1894,1953,0.9984185556141276,"Chicago, South Side"
16980,2010,cluster_1,G17031834900,17031834900,2201,2272,0.9918882379450202,"Chicago, South Side"
16980,2010,cluster_1,G17031835000,17031835000,3597,5778,0.9674556213017751,"Chicago, South Side"
16980,2010,cluster_1,G17031835100,17031835100,1096,5369,0.8888888888888888,"Chicago, South Side"
16980,2010,cluster_1,G17031835500,17031835500,1563,1677,0.9750467872738615,"Chicago, South Side"
16980,2010,cluster_1,G17031835600,17031835600,1088,1199,0.993607305936073,"Chicago, South Side"
16980,2010,cluster_1,G17031835700,17031835700,0,0,,"Chicago, South Side"
16980,2010,cluster_1,G17031835800,17031835800,1474,1576,0.9794019933554817,"Chicago, South Side"
16980,2010,cluster_1,G17031835900,17031835900,3112,3271,0.9854338188727042,"Chicago, South Side"
16980,2010,cluster_1,G17031836000,17031836000,2046,2177,0.9747498808956646,"Chicago, South Side"
16980,2010,cluster_1,G17031836100,17031836100,1675,1761,0.9755387303436226,"Chicago, South Side"
16980,2010,cluster_1,G17031836300,17031836300,840,1288,0.7329842931937173,"Chicago, South Side"
16980,2010,cluster_1,G17031836400,17031836400,2751,2979,0.9690031701303276,"Chicago, South Side"
16980,2010,cluster_1,G17031836500,17031836500,1426,1496,0.9820936639118457,"Chicago, South Side"
16980,2010,cluster_1,G17031838800,17031838800,1729,3233,0.9371273712737127,"Chicago, South Side"
16980,2010,cluster_1,G17031839200,17031839200,1818,2545,0.8786853552440793,"Chicago, South Side"
16980,2010,cluster_1,G17031839500,17031839500,1246,1545,0.880565371024735,"Chicago, South Side"
16980,2010,cluster_1,G17031839600,17031839600,1768,1952,0.9598262757871878,"Chicago, South Side"
16980,2010,cluster_1,G17031841000,17031841000,430,849,0.6924315619967794,"Chicago, South Side"
16980,2010,cluster_1,G17031841800,17031841800,2396,2505,0.9868204283360791,"Chicago, South Side"
16980,2010,cluster_1,G17031842000,17031842000,1058,2744,0.5240217929668153,"Chicago, South Side"
16980,2010,cluster_1,G17031842400,17031842400,3191,3304,0.9931528166822284,"Chicago, South Side"
16980,2010,cluster_1,G17031842500,17031842500,2401,2451,0.997093023255814,"Chicago, South Side"
16980,2010,cluster_1,G17031843600,17031843600,2639,2807,0.9799480133679911,"Chicago, South Side"
16980,2010,cluster_1,G17031843800,17031843800,1104,2110,0.6943396226415094,"Chicago, South Side"
16980,2010,cluster_1,G17031843900,17031843900,3246,3533,0.9646359583952452,"Chicago, South Side"
16980,2010,cluster_1,G17197883603,17197883603,1607,2973,0.6052730696798494,"Chicago, South Side"
16980,2010,cluster_1,G17197883605,17197883605,2841,3082,0.9679727427597956,"Chicago, South Side"
16980,2010,cluster_1,G17197883606,17197883606,2819,3995,0.7785142225904447,"Chicago, South Side"
16980,2010,cluster_1,G17197883803,17197883803,1950,2577,0.8024691358024691,"Chicago, South Side"
16980,2010,cluster_1,G17197883810,17197883810,1577,3740,0.46138092451726154,"Chicago, South Side"
16980,2010,cluster_1,G18089010100,18089010100,2762,4312,0.6870646766169154,"Chicago, South Side"
16980,2010,cluster_1,G18089010201,18089010201,4603,5696,0.87877052310042,"Chicago, South Side"
16980,2010,cluster_1,G18089010203,18089010203,2348,2462,0.9836614997905321,"Chicago, South Side"
16980,2010,cluster_1,G18089010205,18089010205,1341,1546,0.9696312364425163,"Chicago, South Side"
16980,2010,cluster_1,G18089010302,18089010302,3237,3472,0.9868902439024391,"Chicago, South Side"
16980,2010,cluster_1,G18089010304,18089010304,2566,3149,0.9635749155088247,"Chicago, South Side"
16980,2010,cluster_1,G18089010400,18089010400,3109,3274,0.994243684042213,"Chicago, South Side"
16980,2010,cluster_1,G18089010500,18089010500,866,957,0.9719416386083053,"Chicago, South Side"
16980,2010,cluster_1,G18089010600,18089010600,1270,1386,0.9776751347190146,"Chicago, South Side"
16980,2010,cluster_1,G18089010900,18089010900,914,977,0.9881081081081081,"Chicago, South Side"
16980,2010,cluster_1,G18089011000,18089011000,1601,1687,0.9931761786600496,"Chicago, South Side"
16980,2010,cluster_1,G18089011100,18089011100,4429,4597,0.9939407540394973,"Chicago, South Side"
16980,2010,cluster_1,G18089011200,18089011200,4199,4402,0.9833723653395785,"Chicago, South Side"
16980,2010,cluster_1,G18089011300,18089011300,1769,1869,0.971978021978022,"Chicago, South Side"
16980,2010,cluster_1,G18089011400,18089011400,1224,1271,0.9943135662063363,"Chicago, South Side"
16980,2010,cluster_1,G18089011500,18089011500,2190,2693,0.906832298136646,"Chicago, South Side"
16980,2010,cluster_1,G18089011600,18089011600,2232,2321,0.992,"Chicago, South Side"
16980,2010,cluster_1,G18089011700,18089011700,768,826,0.9795918367346939,"Chicago, South Side"
16980,2010,cluster_1,G18089011800,18089011800,1450,1484,0.9904371584699454,"Chicago, South Side"
16980,2010,cluster_1,G18089011900,18089011900,1965,2069,0.9829914957478739,"Chicago, South Side"
16980,2010,cluster_1,G18089012000,18089012000,979,1049,0.9898887765419616,"Chicago, South Side"
16980,2010,cluster_1,G18089012100,18089012100,895,940,0.98568281938326,"Chicago, South Side"
16980,2010,cluster_1,G18089012200,18089012200,1437,1459,0.9965325936199723,"Chicago, South Side"
16980,2010,cluster_1,G18089012300,18089012300,2672,3038,0.9519059494121839,"Chicago, South Side"
16980,2010,cluster_1,G18089012400,18089012400,4322,4804,0.9625835189309577,"Chicago, South Side"
16980,2010,cluster_1,G18089012500,18089012500,4441,5155,0.9389006342494715,"Chicago, South Side"
16980,2010,cluster_1,G18089012600,18089012600,2378,2707,0.9391785150078988,"Chicago, South Side"
16980,2010,cluster_1,G18089012700,18089012700,3057,3515,0.9397479249923147,"Chicago, South Side"
16980,2010,cluster_1,G18089012800,18089012800,2072,2326,0.9857278782112274,"Chicago, South Side"
16980,2010,cluster_1,G18089020500,18089020500,933,3984,0.5250422059651098,"Chicago, South Side"
16980,2010,cluster_1,G18089020600,18089020600,1174,2255,0.6493362831858407,"Chicago, South Side"
16980,2010,cluster_1,G18089020700,18089020700,2332,5183,0.6556086589822885,"Chicago, South Side"
16980,2010,cluster_1,G18089020800,18089020800,3321,4455,0.900976668475312,"Chicago, South Side"
16980,2010,cluster_1,G18089021400,18089021400,1199,5175,0.39873628200864647,"Chicago, South Side"
16980,2010,cluster_1,G18089022000,18089022000,1313,5082,0.35573015442969386,"Chicago, South Side"
16980,2010,cluster_1,G18089030100,18089030100,1328,1456,0.9977460555972952,"Chicago, South Side"
16980,2010,cluster_1,G18089030200,18089030200,826,1436,0.9660818713450292,"Chicago, South Side"
16980,2010,cluster_1,G18089030300,18089030300,2026,2577,0.9652215340638399,"Chicago, South Side"
16980,2010,cluster_1,G18089030400,18089030400,722,3505,0.7212787212787213,"Chicago, South Side"
16980,2010,cluster_1,G18089030500,18089030500,1029,4201,0.7386934673366834,"Chicago, South Side"
16980,2010,cluster_1,G18089030600,18089030600,939,5052,0.5393452039058013,"Chicago, South Side"
16980,2010,cluster_1,G18089030700,18089030700,1031,2064,0.870042194092827,"Chicago, South Side"
16980,2010,cluster_1,G18089030800,18089030800,1442,4272,0.8734100545124167,"Chicago, South Side"
16980,2010,cluster_1,G18089030900,18089030900,1630,3575,0.8956043956043956,"Chicago, South Side"
16980,2010,cluster_1,G18089031000,18089031000,1152,1560,0.9688814129520605,"Chicago, South Side"
16980,2010,cluster_1,G18089041500,18089041500,1074,1650,0.734107997265892,"Chicago, South Side"
16980,2010,cluster_1,G18089042401,18089042401,3679,6444,0.6733162518301611,"Chicago, South Side"
16980,2010,cluster_1,G18089042402,18089042402,3070,7111,0.5201626567265334,"Chicago, South Side"
16980,2010,cluster_1,G18089042403,18089042403,2679,4189,0.7325676784249385,"Chicago, South Side"
16980,2010,cluster_1,G18089042501,18089042501,1893,6217,0.3849908480780964,"Chicago, South Side"
16980,2010,cluster_1,G18089042503,18089042503,1149,3132,0.43888464476699773,"Chicago, South Side"
16980,2010,cluster_1,G18089042505,18089042505,2643,6203,0.4964312546957175,"Chicago, South Side"
16980,2020,cluster_1,G17031340600,17031340600,1074,1151,0.9853211009174312,"Chicago, South Side"
16980,2020,cluster_1,G17031350100,17031350100,1029,2228,0.8539419087136929,"Chicago, South Side"
16980,2020,cluster_1,G17031350400,17031350400,1371,1512,0.9856218547807333,"Chicago, South Side"
16980,2020,cluster_1,G17031351000,17031351000,2569,3640,0.905214940098661,"Chicago, South Side"
16980,2020,cluster_1,G17031351100,17031351100,1902,2038,0.9829457364341085,"Chicago, South Side"
16980,2020,cluster_1,G17031351400,17031351400,1219,1392,0.9666931007137193,"Chicago, South Side"
16980,2020,cluster_1,G17031351500,17031351500,626,823,0.93993993993994,"Chicago, South Side"
16980,2020,cluster_1,G17031360200,17031360200,1548,1651,0.9916720051249199,"Chicago, South Side"
16980,2020,cluster_1,G17031380100,17031380100,1924,2207,0.9557873820168902,"Chicago, South Side"
16980,2020,cluster_1,G17031380200,17031380200,2239,2408,0.9781564001747488,"Chicago, South Side"
16980,2020,cluster_1,G17031380600,17031380600,3648,3947,0.9759229534510433,"Chicago, South Side"
16980,2020,cluster_1,G17031381200,17031381200,1932,2077,0.9822064056939501,"Chicago, South Side"
16980,2020,cluster_1,G17031381400,17031381400,1623,1796,0.9771222155328115,"Chicago, South Side"
16980,2020,cluster_1,G17031381500,17031381500,607,667,0.9743178170144462,"Chicago, South Side"
16980,2020,cluster_1,G17031381700,17031381700,7,18,0.875,"Chicago, South Side"
16980,2020,cluster_1,G17031381800,17031381800,1326,1462,0.975,"Chicago, South Side"
16980,2020,cluster_1,G17031381900,17031381900,996,1106,0.97265625,"Chicago, South Side"
16980,2020,cluster_1,G17031390100,17031390100,1278,1553,0.9362637362637363,"Chicago, South Side"
16980,2020,cluster_1,G17031390200,17031390200,1453,1883,0.865911799761621,"Chicago, South Side"
16980,2020,cluster_1,G17031390300,17031390300,2371,2617,0.9591423948220065,"Chicago, South Side"
16980,2020,cluster_1,G17031390400,17031390400,2373,2871,0.901253323205469,"Chicago, South Side"
16980,2020,cluster_1,G17031390500,17031390500,953,1666,0.6885838150289018,"Chicago, South Side"
16980,2020,cluster_1,G17031390600,17031390600,901,1994,0.535990481856038,"Chicago, South Side"
16980,2020,cluster_1,G17031390700,17031390700,3636,6532,0.7461522675969628,"Chicago, South Side"
16980,2020,cluster_1,G17031400300,17031400300,1406,1504,0.9859747545582047,"Chicago, South Side"
16980,2020,cluster_1,G17031400400,17031400400,1880,1995,0.9941829719725013,"Chicago, South Side"
16980,2020,cluster_1,G17031400500,17031400500,2232,2372,0.9889233495790872,"Chicago, South Side"
16980,2020,cluster_1,G17031400800,17031400800,2970,3178,0.9943086709072648,"Chicago, South Side"
16980,2020,cluster_1,G17031410100,17031410100,1139,2272,0.640247329960652,"Chicago, South Side"
16980,2020,cluster_1,G17031410500,17031410500,1335,2922,0.6192022263450835,"Chicago, South Side"
16980,2020,cluster_1,G17031420100,17031420100,1518,1642,0.9837977965003241,"Chicago, South Side"
16980,2020,cluster_1,G17031420200,17031420200,1345,1781,0.8790849673202614,"Chicago, South Side"
16980,2020,cluster_1,G17031420300,17031420300,1082,2818,0.5540194572452637,"Chicago, South Side"
16980,2020,cluster_1,G17031420400,17031420400,985,1544,0.8067158067158067,"Chicago, South Side"
16980,2020,cluster_1,G17031420500,17031420500,1883,2053,0.9741334712881531,"Chicago, South Side"
16980,2020,cluster_1,G17031420600,17031420600,2302,2524,0.9704890387858347,"Chicago, South Side"
16980,2020,cluster_1,G17031420700,17031420700,2772,3021,0.9868280526877893,"Chicago, South Side"
16980,2020,cluster_1,G17031420800,17031420800,2242,2457,0.9764808362369338,"Chicago, South Side"
16980,2020,cluster_1,G17031421200,17031421200,1312,1405,0.9886963074604371,"Chicago, South Side"
16980,2020,cluster_1,G17031430101,17031430101,3818,4091,0.9835136527563112,"Chicago, South Side"
16980,2020,cluster_1,G17031430102,17031430102,2808,3104,0.9733102253032929,"Chicago, South Side"
16980,2020,cluster_1,G17031430200,17031430200,4581,5086,0.9634069400630915,"Chicago, South Side"
16980,2020,cluster_1,G17031430300,17031430300,2412,2558,0.9954601733388362,"Chicago, South Side"
16980,2020,cluster_1,G17031430400,17031430400,2827,3031,0.9829624478442281,"Chicago, South Side"
16980,2020,cluster_1,G17031430500,17031430500,3853,4098,0.9932972415571023,"Chicago, South Side"
16980,2020,cluster_1,G17031430600,17031430600,1510,1670,0.9723116548615582,"Chicago, South Side"
16980,2020,cluster_1,G17031430700,17031430700,1959,2175,0.9655002464268112,"Chicago, South Side"
16980,2020,cluster_1,G17031430800,17031430800,1754,1862,0.9865016872890888,"Chicago, South Side"
16980,2020,cluster_1,G17031430900,17031430900,1725,1797,0.9925201380897584,"Chicago, South Side"
16980,2020,cluster_1,G17031431200,17031431200,2687,2898,0.9889584100110416,"Chicago, South Side"
16980,2020,cluster_1,G17031431301,17031431301,3374,3590,0.9903140592896977,"Chicago, South Side"
16980,2020,cluster_1,G17031431302,17031431302,4103,4351,0.9944255937954435,"Chicago, South Side"
16980,2020,cluster_1,G17031431400,17031431400,6107,6716,0.9719879038675792,"Chicago, South Side"
16980,2020,cluster_1,G17031440101,17031440101,4014,4171,0.9938103490963109,"Chicago, South Side"
16980,2020,cluster_1,G17031440102,17031440102,3480,3633,0.9931506849315068,"Chicago, South Side"
16980,2020,cluster_1,G17031440201,17031440201,4831,5054,0.9940329218106996,"Chicago, South Side"
16980,2020,cluster_1,G17031440202,17031440202,3371,3525,0.9943952802359882,"Chicago, South Side"
16980,2020,cluster_1,G17031440300,17031440300,4428,4677,0.994832621882723,"Chicago, South Side"
16980,2020,cluster_1,G17031440600,17031440600,1889,1996,0.9968337730870712,"Chicago, South Side"
16980,2020,cluster_1,G17031440700,17031440700,1427,1497,0.9902845246356696,"Chicago, South Side"
16980,2020,cluster_1,G17031440800,17031440800,1544,1620,0.9954867827208252,"Chicago, South Side"
16980,2020,cluster_1,G17031440900,17031440900,2352,2462,0.9978786593126856,"Chicago, South Side"
16980,2020,cluster_1,G17031450300,17031450300,3093,3252,0.9964561855670103,"Chicago, South Side"
16980,2020,cluster_1,G17031460100,17031460100,2092,2840,0.9583142464498396,"Chicago, South Side"
16980,2020,cluster_1,G17031460200,17031460200,834,1948,0.9094874591057798,"Chicago, South Side"
16980,2020,cluster_1,G17031460301,17031460301,1917,2987,0.9618665328650275,"Chicago, South Side"
16980,2020,cluster_1,G17031460302,17031460302,2773,3282,0.9808984789529537,"Chicago, South Side"
16980,2020,cluster_1,G17031460400,17031460400,3165,3411,0.9934086629001884,"Chicago, South Side"
16980,2020,cluster_1,G17031460500,17031460500,5108,5400,0.9920372887939406,"Chicago, South Side"
16980,2020,cluster_1,G17031460800,17031460800,2147,3639,0.9671171171171171,"Chicago, South Side"
16980,2020,cluster_1,G17031461000,17031461000,962,1460,0.9572139303482587,"Chicago, South Side"
16980,2020,cluster_1,G17031470100,17031470100,2386,2527,0.998326359832636,"Chicago, South Side"
16980,2020,cluster_1,G17031480100,17031480100,1936,2001,0.9974240082431737,"Chicago, South Side"
16980,2020,cluster_1,G17031480200,17031480200,1050,1103,0.9980988593155894,"Chicago, South Side"
16980,2020,cluster_1,G17031480300,17031480300,1300,1348,0.9885931558935361,"Chicago, South Side"
16980,2020,cluster_1,G17031480400,17031480400,5362,5650,0.9940674823878384,"Chicago, South Side"
16980,2020,cluster_1,G17031480500,17031480500,2419,2986,0.9797488861887403,"Chicago, South Side"
16980,2020,cluster_1,G17031490200,17031490200,2879,3040,0.9934437543133195,"Chicago, South Side"
16980,2020,cluster_1,G17031490500,17031490500,1858,1995,0.9882978723404255,"Chicago, South Side"
16980,2020,cluster_1,G17031490600,17031490600,1369,1443,0.9992700729927008,"Chicago, South Side"
16980,2020,cluster_1,G17031490700,17031490700,2509,2656,0.9984082769598089,"Chicago, South Side"
16980,2020,cluster_1,G17031490800,17031490800,3322,3502,0.9928272564255828,"Chicago, South Side"
16980,2020,cluster_1,G17031490901,17031490901,3243,3403,0.9947852760736197,"Chicago, South Side"
16980,2020,cluster_1,G17031490902,17031490902,4455,4647,0.9966442953020134,"Chicago, South Side"
16980,2020,cluster_1,G17031491000,17031491000,3511,3807,0.9898505779531999,"Chicago, South Side"
16980,2020,cluster_1,G17031491100,17031491100,3843,4079,0.9879177377892031,"Chicago, South Side"
16980,2020,cluster_1,G17031491200,17031491200,1923,2019,0.990726429675425,"Chicago, South Side"
16980,2020,cluster_1,G17031491300,17031491300,1909,2023,0.9916883116883117,"Chicago, South Side"
16980,2020,cluster_1,G17031491400,17031491400,2395,2593,0.9933637494815429,"Chicago, South Side"
16980,2020,cluster_1,G17031500100,17031500100,3408,3545,0.9961999415375621,"Chicago, South Side"
16980,2020,cluster_1,G17031500200,17031500200,1580,1688,0.9937106918238994,"Chicago, South Side"
16980,2020,cluster_1,G17031500300,17031500300,716,1587,0.6297273526824978,"Chicago, South Side"
16980,2020,cluster_1,G17031510100,17031510100,215,3231,0.45358649789029537,"Chicago, South Side"
16980,2020,cluster_1,G17031510200,17031510200,2160,2922,0.9515418502202643,"Chicago, South Side"
16980,2020,cluster_1,G17031510300,17031510300,4609,4850,0.9965405405405405,"Chicago, South Side"
16980,2020,cluster_1,G17031520200,17031520200,367,3338,0.6126878130217028,"Chicago, South Side"
16980,2020,cluster_1,G17031530100,17031530100,1062,2197,0.9448398576512456,"Chicago, South Side"
16980,2020,cluster_1,G17031530200,17031530200,3830,4128,0.9922279792746114,"Chicago, South Side"
16980,2020,cluster_1,G17031530300,17031530300,3755,3964,0.9965498938428875,"Chicago, South Side"
16980,2020,cluster_1,G17031530400,17031530400,1881,2059,0.9894792214623882,"Chicago, South Side"
16980,2020,cluster_1,G17031530501,17031530501,4234,4514,0.9887902849135918,"Chicago, South Side"
16980,2020,cluster_1,G17031530502,17031530502,1529,1570,1.0,"Chicago, South Side"
16980,2020,cluster_1,G17031530503,17031530503,4714,4898,0.9953547297297297,"Chicago, South Side"
16980,2020,cluster_1,G17031530600,17031530600,2640,2774,0.9943502824858758,"Chicago, South Side"
16980,2020,cluster_1,G17031540101,17031540101,4040,4324,0.9921414538310412,"Chicago, South Side"
16980,2020,cluster_1,G17031540102,17031540102,2790,2938,0.9967845659163987,"Chicago, South Side"
16980,2020,cluster_1,G17031611200,17031611200,384,2680,0.8152866242038217,"Chicago, South Side"
16980,2020,cluster_1,G17031611300,17031611300,250,3668,0.702247191011236,"Chicago, South Side"
16980,2020,cluster_1,G17031611400,17031611400,129,3737,0.6515151515151515,"Chicago, South Side"
16980,2020,cluster_1,G17031611500,17031611500,317,3587,0.6967032967032967,"Chicago, South Side"
16980,2020,cluster_1,G17031611600,17031611600,614,1921,0.9460708782742681,"Chicago, South Side"
16980,2020,cluster_1,G17031611700,17031611700,570,2180,0.9090909090909091,"Chicago, South Side"
16980,2020,cluster_1,G17031611800,17031611800,876,2205,0.9647577092511013,"Chicago, South Side"
16980,2020,cluster_1,G17031611900,17031611900,1056,1984,0.9859943977591037,"Chicago, South Side"
16980,2020,cluster_1,G17031612000,17031612000,1010,1448,0.979631425800194,"Chicago, South Side"
16980,2020,cluster_1,G17031612100,17031612100,905,1168,0.9783783783783784,"Chicago, South Side"
16980,2020,cluster_1,G17031612200,17031612200,894,3939,0.8764705882352941,"Chicago, South Side"
16980,2020,cluster_1,G17031630600,17031630600,167,3250,0.5284810126582279,"Chicago, South Side"
16980,2020,cluster_1,G17031630800,17031630800,249,6641,0.503030303030303,"Chicago, South Side"
16980,2020,cluster_1,G17031650500,17031650500,556,4401,0.5803757828810021,"Chicago, South Side"
16980,2020,cluster_1,G17031660301,17031660301,443,1850,0.917184265010352,"Chicago, South Side"
16980,2020,cluster_1,G17031660302,17031660302,833,5549,0.8569958847736625,"Chicago, South Side"
16980,2020,cluster_1,G17031660500,17031660500,394,5013,0.5889387144992526,"Chicago, South Side"
16980,2020,cluster_1,G17031660600,17031660600,2741,6404,0.9553851516207738,"Chicago, South Side"
16980,2020,cluster_1,G17031660700,17031660700,1490,2076,0.9893758300132802,"Chicago, South Side"
16980,2020,cluster_1,G17031660800,17031660800,2780,6114,0.9559834938101788,"Chicago, South Side"
16980,2020,cluster_1,G17031660900,17031660900,2765,4446,0.9511523907808738,"Chicago, South Side"
16980,2020,cluster_1,G17031661000,17031661000,3951,5756,0.977728285077951,"Chicago, South Side"
16980,2020,cluster_1,G17031661100,17031661100,2262,6633,0.8972629908766363,"Chicago, South Side"
16980,2020,cluster_1,G17031670100,17031670100,989,1349,0.9772727272727273,"Chicago, South Side"
16980,2020,cluster_1,G17031670200,17031670200,954,1325,0.9784615384615385,"Chicago, South Side"
16980,2020,cluster_1,G17031670300,17031670300,923,1287,0.99140708915145,"Chicago, South Side"
16980,2020,cluster_1,G17031670400,17031670400,1104,1585,0.9830810329474622,"Chicago, South Side"
16980,2020,cluster_1,G17031670500,17031670500,706,1148,1.0,"Chicago, South Side"
16980,2020,cluster_1,G17031670600,17031670600,957,1339,0.9948024948024948,"Chicago, South Side"
16980,2020,cluster_1,G17031670700,17031670700,936,1252,1.0,"Chicago, South Side"
16980,2020,cluster_1,G17031670800,17031670800,1205,1477,0.9852820932134096,"Chicago, South Side"
16980,2020,cluster_1,G17031670900,17031670900,918,1172,0.996742671009772,"Chicago, South Side"
16980,2020,cluster_1,G17031671100,17031671100,848,994,0.9988221436984688,"Chicago, South Side"
16980,2020,cluster_1,G17031671200,17031671200,770,980,0.9922680412371134,"Chicago, South Side"
16980,2020,cluster_1,G17031671300,17031671300,1674,2048,0.9964285714285714,"Chicago, South Side"
16980,2020,cluster_1,G17031671400,17031671400,1092,1558,0.994535519125683,"Chicago, South Side"
16980,2020,cluster_1,G17031671500,17031671500,1964,2716,0.9919191919191919,"Chicago, South Side"
16980,2020,cluster_1,G17031671600,17031671600,1575,1804,0.9987317691819911,"Chicago, South Side"
16980,2020,cluster_1,G17031671800,17031671800,967,1142,0.9907786885245902,"Chicago, South Side"
16980,2020,cluster_1,G17031671900,17031671900,901,1122,0.9890230515916575,"Chicago, South Side"
16980,2020,cluster_1,G17031672000,17031672000,2673,3397,0.9933110367892977,"Chicago, South Side"
16980,2020,cluster_1,G17031680500,17031680500,1114,1307,0.9919857524487978,"Chicago, South Side"
16980,2020,cluster_1,G17031680600,17031680600,966,1165,0.9938271604938271,"Chicago, South Side"
16980,2020,cluster_1,G17031680900,17031680900,3325,3573,0.9925373134328358,"Chicago, South Side"
16980,2020,cluster_1,G17031681000,17031681000,2370,2573,0.9870887130362349,"Chicago, South Side"
16980,2020,cluster_1,G17031681100,17031681100,2669,2873,0.9888847721378288,"Chicago, South Side"
16980,2020,cluster_1,G17031681200,17031681200,2158,2353,0.9930971007823286,"Chicago, South Side"
16980,2020,cluster_1,G17031681300,17031681300,2034,2182,0.9955947136563876,"Chicago, South Side"
16980,2020,cluster_1,G17031681400,17031681400,2151,2474,0.993992606284658,"Chicago, South Side"
16980,2020,cluster_1,G17031690300,17031690300,2172,2302,0.9850340136054422,"Chicago, South Side"
16980,2020,cluster_1,G17031690400,17031690400,3161,3363,0.9940251572327043,"Chicago, South Side"
16980,2020,cluster_1,G17031690500,17031690500,934,992,0.9904559915164369,"Chicago, South Side"
16980,2020,cluster_1,G17031690900,17031690900,4005,4250,0.9965165464045782,"Chicago, South Side"
16980,2020,cluster_1,G17031691000,17031691000,2510,2668,0.992879746835443,"Chicago, South Side"
16980,2020,cluster_1,G17031691100,17031691100,2822,2980,0.9933122140091517,"Chicago, South Side"
16980,2020,cluster_1,G17031691200,17031691200,2197,2277,0.9977293369663942,"Chicago, South Side"
16980,2020,cluster_1,G17031691300,17031691300,2260,2374,0.9912280701754386,"Chicago, South Side"
16980,2020,cluster_1,G17031691400,17031691400,3211,3411,0.9959677419354839,"Chicago, South Side"
16980,2020,cluster_1,G17031691500,17031691500,1720,1806,0.9971014492753624,"Chicago, South Side"
16980,2020,cluster_1,G17031700100,17031700100,1668,3326,0.9429055963821368,"Chicago, South Side"
16980,2020,cluster_1,G17031700200,17031700200,690,6554,0.5160807778608826,"Chicago, South Side"
16980,2020,cluster_1,G17031700401,17031700401,2900,5822,0.9039900249376559,"Chicago, South Side"
16980,2020,cluster_1,G17031700402,17031700402,2309,4082,0.8949612403100775,"Chicago, South Side"
16980,2020,cluster_1,G17031700501,17031700501,5905,6912,0.9655003270111184,"Chicago, South Side"
16980,2020,cluster_1,G17031700502,17031700502,2572,2978,0.9582712369597616,"Chicago, South Side"
16980,2020,cluster_1,G17031710100,17031710100,924,1015,0.9861259338313767,"Chicago, South Side"
16980,2020,cluster_1,G17031710200,17031710200,4337,4635,0.994268684089867,"Chicago, South Side"
16980,2020,cluster_1,G17031710300,17031710300,1286,1424,0.9984472049689441,"Chicago, South Side"
16980,2020,cluster_1,G17031710400,17031710400,4970,5424,0.99539355097136,"Chicago, South Side"
16980,2020,cluster_1,G17031710500,17031710500,3774,4036,0.9955156950672646,"Chicago, South Side"
16980,2020,cluster_1,G17031710600,17031710600,1610,1706,0.9956709956709957,"Chicago, South Side"
16980,2020,cluster_1,G17031710700,17031710700,3231,3420,0.9966070326958667,"Chicago, South Side"
16980,2020,cluster_1,G17031710800,17031710800,4565,4804,0.9943367458070137,"Chicago, South Side"
16980,2020,cluster_1,G17031710900,17031710900,1854,1942,1.0,"Chicago, South Side"
16980,2020,cluster_1,G17031711000,17031711000,2871,3058,0.9934256055363322,"Chicago, South Side"
16980,2020,cluster_1,G17031711100,17031711100,2349,2499,0.9991492981709911,"Chicago, South Side"
16980,2020,cluster_1,G17031711200,17031711200,4454,4687,0.9953072625698324,"Chicago, South Side"
16980,2020,cluster_1,G17031711300,17031711300,1354,1462,0.9926686217008798,"Chicago, South Side"
16980,2020,cluster_1,G17031711400,17031711400,2246,2394,0.9955673758865248,"Chicago, South Side"
16980,2020,cluster_1,G17031711500,17031711500,2234,2372,0.9977668602054489,"Chicago, South Side"
16980,2020,cluster_1,G17031720200,17031720200,2254,4131,0.6131664853101197,"Chicago, South Side"
16980,2020,cluster_1,G17031720700,17031720700,1837,3073,0.6736340300696736,"Chicago, South Side"
16980,2020,cluster_1,G17031730100,17031730100,2361,2462,0.9962025316455696,"Chicago, South Side"
16980,2020,cluster_1,G17031730201,17031730201,5341,5627,0.9983177570093458,"Chicago, South Side"
16980,2020,cluster_1,G17031730202,17031730202,2785,2893,0.9964221824686941,"Chicago, South Side"
16980,2020,cluster_1,G17031730300,17031730300,989,1046,0.998989898989899,"Chicago, South Side"
16980,2020,cluster_1,G17031730400,17031730400,3226,3386,0.995679012345679,"Chicago, South Side"
16980,2020,cluster_1,G17031730500,17031730500,4008,4220,0.9955290611028316,"Chicago, South Side"
16980,2020,cluster_1,G17031730600,17031730600,3118,3254,0.9920458160992682,"Chicago, South Side"
16980,2020,cluster_1,G17031730700,17031730700,2125,2281,0.9957825679475164,"Chicago, South Side"
16980,2020,cluster_1,G17031750100,17031750100,3505,3736,0.9968714448236633,"Chicago, South Side"
16980,2020,cluster_1,G17031750200,17031750200,1699,3024,0.6248620816476645,"Chicago, South Side"
16980,2020,cluster_1,G17031750500,17031750500,4150,5618,0.7993066255778121,"Chicago, South Side"
16980,2020,cluster_1,G17031750600,17031750600,3215,3420,0.9922839506172839,"Chicago, South Side"
16980,2020,cluster_1,G17031821200,17031821200,2456,5641,0.811900826446281,"Chicago, South Side"
16980,2020,cluster_1,G17031821300,17031821300,1839,5477,0.7415322580645162,"Chicago, South Side"
16980,2020,cluster_1,G17031821401,17031821401,2542,2870,0.9743196627060177,"Chicago, South Side"
16980,2020,cluster_1,G17031821402,17031821402,2961,3200,0.9749753045768851,"Chicago, South Side"
16980,2020,cluster_1,G17031821500,17031821500,1304,1421,0.9673590504451038,"Chicago, South Side"
16980,2020,cluster_1,G17031821600,17031821600,1947,4542,0.6,"Chicago, South Side"
16980,2020,cluster_1,G17031823302,17031823302,2041,5739,0.4939496611810261,"Chicago, South Side"
16980,2020,cluster_1,G17031823400,17031823400,1132,4892,0.5304592314901593,"Chicago, South Side"
16980,2020,cluster_1,G17031823603,17031823603,725,2021,0.8995037220843672,"Chicago, South Side"
16980,2020,cluster_1,G17031824300,17031824300,3576,4499,0.9288311688311688,"Chicago, South Side"
16980,2020,cluster_1,G17031824400,17031824400,795,2007,0.5292942743009321,"Chicago, South Side"
16980,2020,cluster_1,G17031824800,17031824800,1455,7178,0.5746445497630331,"Chicago, South Side"
16980,2020,cluster_1,G17031824900,17031824900,1822,3244,0.8104982206405694,"Chicago, South Side"
16980,2020,cluster_1,G17031825501,17031825501,4723,5766,0.9011639000190803,"Chicago, South Side"
16980,2020,cluster_1,G17031825503,17031825503,5176,6540,0.8716739642977434,"Chicago, South Side"
16980,2020,cluster_1,G17031825504,17031825504,3118,3591,0.9532253133598289,"Chicago, South Side"
16980,2020,cluster_1,G17031825505,17031825505,4582,5364,0.9303553299492385,"Chicago, South Side"
16980,2020,cluster_1,G17031825600,17031825600,3631,5138,0.8987623762376238,"Chicago, South Side"
16980,2020,cluster_1,G17031825700,17031825700,2419,4046,0.8312714776632303,"Chicago, South Side"
16980,2020,cluster_1,G17031825801,17031825801,3196,3569,0.9614921780986763,"Chicago, South Side"
16980,2020,cluster_1,G17031825802,17031825802,4905,5862,0.961953324181212,"Chicago, South Side"
16980,2020,cluster_1,G17031825803,17031825803,4997,5908,0.9527168732125834,"Chicago, South Side"
16980,2020,cluster_1,G17031825900,17031825900,1928,3296,0.8775603095129723,"Chicago, South Side"
16980,2020,cluster_1,G17031826000,17031826000,1313,2660,0.8548177083333334,"Chicago, South Side"
16980,2020,cluster_1,G17031826100,17031826100,3259,5931,0.8161783120460806,"Chicago, South Side"
16980,2020,cluster_1,G17031826201,17031826201,3250,3844,0.922771152754117,"Chicago, South Side"
16980,2020,cluster_1,G17031826202,17031826202,3654,5710,0.8390355912743972,"Chicago, South Side"
16980,2020,cluster_1,G17031826301,17031826301,3286,3923,0.941817139581542,"Chicago, South Side"
16980,2020,cluster_1,G17031826303,17031826303,3689,4068,0.9629339598016183,"Chicago, South Side"
16980,2020,cluster_1,G17031826304,17031826304,2619,2874,0.9714391691394659,"Chicago, South Side"
16980,2020,cluster_1,G17031826401,17031826401,3397,3725,0.9829282407407407,"Chicago, South Side"
16980,2020,cluster_1,G17031826402,17031826402,4285,4728,0.9723167687769457,"Chicago, South Side"
16980,2020,cluster_1,G17031826500,17031826500,5016,5614,0.9672194369456228,"Chicago, South Side"
16980,2020,cluster_1,G17031826600,17031826600,4212,4595,0.9722991689750693,"Chicago, South Side"
16980,2020,cluster_1,G17031826700,17031826700,4214,4573,0.96851298552057,"Chicago, South Side"
16980,2020,cluster_1,G17031826800,17031826800,2024,4596,0.7869362363919129,"Chicago, South Side"
16980,2020,cluster_1,G17031826901,17031826901,1148,1462,0.9896551724137931,"Chicago, South Side"
16980,2020,cluster_1,G17031826902,17031826902,1004,1255,0.9823874755381604,"Chicago, South Side"
16980,2020,cluster_1,G17031827000,17031827000,2394,2968,0.9743589743589743,"Chicago, South Side"
16980,2020,cluster_1,G17031827100,17031827100,1741,2265,0.9769921436588104,"Chicago, South Side"
16980,2020,cluster_1,G17031827200,17031827200,2541,3693,0.9495515695067265,"Chicago, South Side"
16980,2020,cluster_1,G17031827300,17031827300,1484,2277,0.9598965071151359,"Chicago, South Side"
16980,2020,cluster_1,G17031827400,17031827400,2607,3230,0.9623477297895903,"Chicago, South Side"
16980,2020,cluster_1,G17031827500,17031827500,1868,4465,0.8989412897016362,"Chicago, South Side"
16980,2020,cluster_1,G17031827600,17031827600,2696,3012,0.9930018416206261,"Chicago, South Side"
16980,2020,cluster_1,G17031827700,17031827700,1875,2452,0.898418782942022,"Chicago, South Side"
16980,2020,cluster_1,G17031827801,17031827801,3316,4645,0.8091752074182528,"Chicago, South Side"
16980,2020,cluster_1,G17031827802,17031827802,2737,3314,0.9256002705444707,"Chicago, South Side"
16980,2020,cluster_1,G17031827804,17031827804,2553,3149,0.8904778514126265,"Chicago, South Side"
16980,2020,cluster_1,G17031827805,17031827805,2438,2953,0.8956649522409993,"Chicago, South Side"
16980,2020,cluster_1,G17031827901,17031827901,2117,2421,0.9285087719298246,"Chicago, South Side"
16980,2020,cluster_1,G17031827902,17031827902,2552,4558,0.7429403202328967,"Chicago, South Side"
16980,2020,cluster_1,G17031828000,17031828000,2256,5411,0.5835488877392654,"Chicago, South Side"
16980,2020,cluster_1,G17031828201,17031828201,2161,4491,0.6495341148181545,"Chicago, South Side"
16980,2020,cluster_1,G17031828202,17031828202,2485,4590,0.66999191156646,"Chicago, South Side"
16980,2020,cluster_1,G17031828300,17031828300,1302,3363,0.4729386124228115,"Chicago, South Side"
16980,2020,cluster_1,G17031828401,17031828401,1062,3598,0.34346701164294957,"Chicago, South Side"
16980,2020,cluster_1,G17031828402,17031828402,1767,3688,0.5757575757575758,"Chicago, South Side"
16980,2020,cluster_1,G17031828503,17031828503,2933,4322,0.8285310734463277,"Chicago, South Side"
16980,2020,cluster_1,G17031828504,17031828504,3434,5474,0.7877953659096123,"Chicago, South Side"
16980,2020,cluster_1,G17031828505,17031828505,3117,6682,0.6196819085487077,"Chicago, South Side"
16980,2020,cluster_1,G17031828507,17031828507,2862,3999,0.8103057757644394,"Chicago, South Side"
16980,2020,cluster_1,G17031828508,17031828508,3360,4630,0.8229243203526818,"Chicago, South Side"
16980,2020,cluster_1,G17031828601,17031828601,1081,4198,0.3125180688060133,"Chicago, South Side"
16980,2020,cluster_1,G17031828602,17031828602,2672,4666,0.664511315593136,"Chicago, South Side"
16980,2020,cluster_1,G17031828701,17031828701,2645,3780,0.7907324364723468,"Chicago, South Side"
16980,2020,cluster_1,G17031828702,17031828702,3605,4742,0.8701424088824523,"Chicago, South Side"
16980,2020,cluster_1,G17031828801,17031828801,2183,5122,0.5563200815494393,"Chicago, South Side"
16980,2020,cluster_1,G17031828802,17031828802,1041,2982,0.5192019950124688,"Chicago, South Side"
16980,2020,cluster_1,G17031828900,17031828900,1201,3399,0.7854807063440157,"Chicago, South Side"
16980,2020,cluster_1,G17031829000,17031829000,748,882,0.9829172141918529,"Chicago, South Side"
16980,2020,cluster_1,G17031829100,17031829100,771,3512,0.7427745664739884,"Chicago, South Side"
16980,2020,cluster_1,G17031829200,17031829200,1617,5547,0.6125,"Chicago, South Side"
16980,2020,cluster_1,G17031829301,17031829301,1807,3931,0.6488330341113105,"Chicago, South Side"
16980,2020,cluster_1,G17031829302,17031829302,2267,3633,0.9049900199600799,"Chicago, South Side"
16980,2020,cluster_1,G17031829401,17031829401,851,1049,0.9804147465437788,"Chicago, South Side"
16980,2020,cluster_1,G17031829402,17031829402,2017,3088,0.7492570579494799,"Chicago, South Side"
16980,2020,cluster_1,G17031829700,17031829700,2215,3344,0.7603844833504978,"Chicago, South Side"
16980,2020,cluster_1,G17031829800,17031829800,3696,6891,0.6036256736893679,"Chicago, South Side"
16980,2020,cluster_1,G17031829902,17031829902,5383,6457,0.9036427732079906,"Chicago, South Side"
16980,2020,cluster_1,G17031829903,17031829903,3806,4529,0.9344463540387921,"Chicago, South Side"
16980,2020,cluster_1,G17031829904,17031829904,1854,4168,0.49798549556809024,"Chicago, South Side"
16980,2020,cluster_1,G17031830003,17031830003,6878,7640,0.9713317328061009,"Chicago, South Side"
16980,2020,cluster_1,G17031830004,17031830004,6383,7529,0.9198731805735697,"Chicago, South Side"
16980,2020,cluster_1,G17031830005,17031830005,2901,3768,0.8381970528748917,"Chicago, South Side"
16980,2020,cluster_1,G17031830006,17031830006,1749,2526,0.7942779291553134,"Chicago, South Side"
16980,2020,cluster_1,G17031830007,17031830007,3801,4638,0.9102011494252874,"Chicago, South Side"
16980,2020,cluster_1,G17031830008,17031830008,3811,4342,0.9451884920634921,"Chicago, South Side"
16980,2020,cluster_1,G17031830100,17031830100,2448,3297,0.8553459119496856,"Chicago, South Side"
16980,2020,cluster_1,G17031830201,17031830201,4191,5105,0.8920817369093231,"Chicago, South Side"
16980,2020,cluster_1,G17031830202,17031830202,2346,3377,0.7947154471544715,"Chicago, South Side"
16980,2020,cluster_1,G17031830300,17031830300,4028,5369,0.8410941741490917,"Chicago, South Side"
16980,2020,cluster_1,G17031830400,17031830400,2508,4091,0.7307692307692307,"Chicago, South Side"
16980,2020,cluster_1,G17031833900,17031833900,1230,2333,0.9483423284502699,"Chicago, South Side"
16980,2020,cluster_1,G17031834000,17031834000,3410,3609,0.9935897435897436,"Chicago, South Side"
16980,2020,cluster_1,G17031834200,17031834200,4310,4693,0.9892127610741336,"Chicago, South Side"
16980,2020,cluster_1,G17031834300,17031834300,5859,6240,0.994061757719715,"Chicago, South Side"
16980,2020,cluster_1,G17031834400,17031834400,3320,3765,0.9532012632787826,"Chicago, South Side"
16980,2020,cluster_1,G17031834500,17031834500,1664,1765,0.9898869720404521,"Chicago, South Side"
16980,2020,cluster_1,G17031834600,17031834600,2056,2357,0.9898892633606162,"Chicago, South Side"
16980,2020,cluster_1,G17031834700,17031834700,1544,1759,0.9929260450160772,"Chicago, South Side"
16980,2020,cluster_1,G17031834800,17031834800,1554,1753,0.9942418426103646,"Chicago, South Side"
16980,2020,cluster_1,G17031834900,17031834900,1756,1952,0.996594778660613,"Chicago, South Side"
16980,2020,cluster_1,G17031835000,17031835000,2619,6398,0.9671344165435746,"Chicago, South Side"
16980,2020,cluster_1,G17031835100,17031835100,759,5585,0.8537682789651294,"Chicago, South Side"
16980,2020,cluster_1,G17031835500,17031835500,1254,1584,0.9616564417177914,"Chicago, South Side"
16980,2020,cluster_1,G17031835600,17031835600,672,898,0.9781659388646288,"Chicago, South Side"
16980,2020,cluster_1,G17031835800,17031835800,1528,1698,0.9726288987905792,"Chicago, South Side"
16980,2020,cluster_1,G17031836000,17031836000,2095,2338,0.971256374594344,"Chicago, South Side"
16980,2020,cluster_1,G17031836100,17031836100,1772,1893,0.9888392857142857,"Chicago, South Side"
16980,2020,cluster_1,G17031836300,17031836300,701,1492,0.5950764006791172,"Chicago, South Side"
16980,2020,cluster_1,G17031836400,17031836400,3168,3621,0.9545043687857788,"Chicago, South Side"
16980,2020,cluster_1,G17031836500,17031836500,1433,1527,0.9896408839779005,"Chicago, South Side"
16980,2020,cluster_1,G17031838800,17031838800,1606,3102,0.9402810304449649,"Chicago, South Side"
16980,2020,cluster_1,G17031839200,17031839200,1771,2749,0.8601262748907237,"Chicago, South Side"
16980,2020,cluster_1,G17031839500,17031839500,1163,1590,0.8409255242227043,"Chicago, South Side"
16980,2020,cluster_1,G17031839600,17031839600,1491,1729,0.9448669201520913,"Chicago, South Side"
16980,2020,cluster_1,G17031841000,17031841000,528,1136,0.6550868486352357,"Chicago, South Side"
16980,2020,cluster_1,G17031841800,17031841800,2253,2404,0.9964617425917736,"Chicago, South Side"
16980,2020,cluster_1,G17031842000,17031842000,1123,2590,0.6256267409470752,"Chicago, South Side"
16980,2020,cluster_1,G17031842400,17031842400,2909,3041,0.9945299145299146,"Chicago, South Side"
16980,2020,cluster_1,G17031842500,17031842500,2534,2644,1.0,"Chicago, South Side"
16980,2020,cluster_1,G17031843600,17031843600,2706,3089,0.9647058823529412,"Chicago, South Side"
16980,2020,cluster_1,G17031843800,17031843800,728,2000,0.6517457475380484,"Chicago, South Side"
16980,2020,cluster_1,G17031843900,17031843900,3145,3666,0.9324043877853543,"Chicago, South Side"
16980,2020,cluster_1,G17031844600,17031844600,1631,1776,0.9714115544967242,"Chicago, South Side"
16980,2020,cluster_1,G17197883603,17197883603,1903,3012,0.7489177489177489,"Chicago, South Side"
16980,2020,cluster_1,G17197883605,17197883605,2624,2891,0.9632892804698973,"Chicago, South Side"
16980,2020,cluster_1,G17197883606,17197883606,2878,4138,0.8152974504249292,"Chicago, South Side"
16980,2020,cluster_1,G17197883803,17197883803,1876,2500,0.838248436103664,"Chicago, South Side"
16980,2020,cluster_1,G17197883810,17197883810,1904,3795,0.5862068965517241,"Chicago, South Side"
16980,2020,cluster_1,G18089010100,18089010100,2298,4013,0.6376248612652609,"Chicago, South Side"
16980,2020,cluster_1,G18089010203,18089010203,2209,2440,0.9826512455516014,"Chicago, South Side"
16980,2020,cluster_1,G18089010205,18089010205,1053,1249,0.9477947794779478,"Chicago, South Side"
16980,2020,cluster_1,G18089010206,18089010206,1776,2330,0.8449096098953378,"Chicago, South Side"
16980,2020,cluster_1,G18089010207,18089010207,2393,3126,0.8869532987398072,"Chicago, South Side"
16980,2020,cluster_1,G18089010302,18089010302,2780,3175,0.9778403095321843,"Chicago, South Side"
16980,2020,cluster_1,G18089010304,18089010304,2367,3048,0.954820492133925,"Chicago, South Side"
16980,2020,cluster_1,G18089010400,18089010400,2705,2939,0.982921511627907,"Chicago, South Side"
16980,2020,cluster_1,G18089010500,18089010500,673,764,0.9853587115666179,"Chicago, South Side"
16980,2020,cluster_1,G18089010600,18089010600,1009,1152,0.9646271510516252,"Chicago, South Side"
16980,2020,cluster_1,G18089010900,18089010900,591,668,0.986644407345576,"Chicago, South Side"
16980,2020,cluster_1,G18089011000,18089011000,1389,1573,0.9879089615931721,"Chicago, South Side"
16980,2020,cluster_1,G18089011100,18089011100,3827,4148,0.9838046272493574,"Chicago, South Side"
16980,2020,cluster_1,G18089011200,18089011200,3592,3880,0.987627165246082,"Chicago, South Side"
16980,2020,cluster_1,G18089011300,18089011300,1323,1479,0.9727941176470588,"Chicago, South Side"
16980,2020,cluster_1,G18089011400,18089011400,1095,1223,0.9724689165186501,"Chicago, South Side"
16980,2020,cluster_1,G18089011500,18089011500,1731,2250,0.9207446808510639,"Chicago, South Side"
16980,2020,cluster_1,G18089011600,18089011600,1693,1881,0.970756880733945,"Chicago, South Side"
16980,2020,cluster_1,G18089011700,18089011700,550,588,0.9838998211091234,"Chicago, South Side"
16980,2020,cluster_1,G18089011800,18089011800,1236,1373,0.9864325618515563,"Chicago, South Side"
16980,2020,cluster_1,G18089011900,18089011900,1092,1262,0.9570552147239264,"Chicago, South Side"
16980,2020,cluster_1,G18089012000,18089012000,645,703,0.9923076923076923,"Chicago, South Side"
16980,2020,cluster_1,G18089012100,18089012100,476,537,0.967479674796748,"Chicago, South Side"
16980,2020,cluster_1,G18089012200,18089012200,1186,1272,0.9875104079933389,"Chicago, South Side"
16980,2020,cluster_1,G18089012300,18089012300,1834,2279,0.9192982456140351,"Chicago, South Side"
16980,2020,cluster_1,G18089012400,18089012400,3282,3991,0.9323863636363636,"Chicago, South Side"
16980,2020,cluster_1,G18089012500,18089012500,3702,4635,0.9310865191146881,"Chicago, South Side"
16980,2020,cluster_1,G18089012600,18089012600,1790,2194,0.9184197024114931,"Chicago, South Side"
16980,2020,cluster_1,G18089012700,18089012700,2359,2898,0.9291059472233163,"Chicago, South Side"
16980,2020,cluster_1,G18089012800,18089012800,1713,2011,0.9672501411631846,"Chicago, South Side"
16980,2020,cluster_1,G18089020500,18089020500,770,3550,0.568685376661743,"Chicago, South Side"
16980,2020,cluster_1,G18089020600,18089020600,1092,2004,0.7453924914675768,"Chicago, South Side"
16980,2020,cluster_1,G18089020700,18089020700,2286,4874,0.7477919528949951,"Chicago, South Side"
16980,2020,cluster_1,G18089020800,18089020800,2612,4272,0.9072594650920458,"Chicago, South Side"
16980,2020,cluster_1,G18089021400,18089021400,1310,4865,0.4915572232645403,"Chicago, South Side"
16980,2020,cluster_1,G18089022000,18089022000,1681,4996,0.49925749925749924,"Chicago, South Side"
16980,2020,cluster_1,G18089030100,18089030100,1169,1338,0.971737323358271,"Chicago, South Side"
16980,2020,cluster_1,G18089030200,18089030200,541,1092,0.944153577661431,"Chicago, South Side"
16980,2020,cluster_1,G18089030300,18089030300,985,1402,0.9452975047984645,"Chicago, South Side"
16980,2020,cluster_1,G18089030400,18089030400,618,2844,0.7639060568603214,"Chicago, South Side"
16980,2020,cluster_1,G18089030500,18089030500,870,3845,0.7578397212543554,"Chicago, South Side"
16980,2020,cluster_1,G18089030600,18089030600,1063,4811,0.6668757841907151,"Chicago, South Side"
16980,2020,cluster_1,G18089030700,18089030700,909,1932,0.9062811565304087,"Chicago, South Side"
16980,2020,cluster_1,G18089030800,18089030800,1437,3932,0.8942128189172371,"Chicago, South Side"
16980,2020,cluster_1,G18089030900,18089030900,1763,3647,0.9054956343091937,"Chicago, South Side"
16980,2020,cluster_1,G18089031000,18089031000,1018,1509,0.9797882579403272,"Chicago, South Side"
16980,2020,cluster_1,G18089041500,18089041500,970,1582,0.7387661843107388,"Chicago, South Side"
16980,2020,cluster_1,G18089042401,18089042401,3787,6334,0.7431318681318682,"Chicago, South Side"
16980,2020,cluster_1,G18089042403,18089042403,2916,4399,0.8039702233250621,"Chicago, South Side"
16980,2020,cluster_1,G18089042404,18089042404,1135,2765,0.5363894139886578,"Chicago, South Side"
16980,2020,cluster_1,G18089042405,18089042405,2568,4304,0.7339239782795084,"Chicago, South Side"
16980,2020,cluster_1,G18089042501,18089042501,2503,6332,0.5333475388877051,"Chicago, South Side"
16980,2020,cluster_1,G18089042503,18089042503,1529,3296,0.5813688212927757,"Chicago, South Side"
16980,2020,cluster_1,G18089042508,18089042508,1850,3813,0.5935194096888033,"Chicago, South Side"
16980,2020,cluster_1,G18089042509,18089042509,1764,3733,0.5697674418604651,"Chicago, South Side"
16980,1980,cluster_2,G17003101913,17003101913,0,6811,0.0,"Chicago, Austin"
16980,1980,cluster_2,G17003102305,17003102305,86,3137,0.0780399274047187,"Chicago, Austin"
16980,1980,cluster_2,G17003102306,17003102306,168,7191,0.05198019801980198,"Chicago, Austin"
16980,1980,cluster_2,G17003102307,17003102307,220,6606,0.09357720119098256,"Chicago, Austin"
16980,1980,cluster_2,G17003102310,17003102310,1619,3995,0.8018821198613175,"Chicago, Austin"
16980,1980,cluster_2,G17003102311,17003102311,1381,1897,0.9127561136814276,"Chicago, Austin"
16980,1980,cluster_2,G17003102312,17003102312,4801,9126,0.824206008583691,"Chicago, Austin"
16980,1980,cluster_2,G17003102313,17003102313,380,6547,0.09847110650427572,"Chicago, Austin"
16980,1980,cluster_2,G17003102314,17003102314,12,13,0.9230769230769231,"Chicago, Austin"
16980,1980,cluster_2,G17003102315,17003102315,10850,11173,0.9851098601779553,"Chicago, Austin"
16980,1980,cluster_2,G17003102316,17003102316,2537,2635,0.9742703533026114,"Chicago, Austin"
16980,1980,cluster_2,G17003102317,17003102317,1442,1476,0.9890260631001372,"Chicago, Austin"
16980,1980,cluster_2,G17003102318,17003102318,34,436,0.4657534246575342,"Chicago, Austin"
16980,1980,cluster_2,G17003102501,17003102501,8,429,0.03333333333333333,"Chicago, Austin"
16980,1980,cluster_2,G17003102502,17003102502,32,2600,0.020369191597708464,"Chicago, Austin"
16980,1980,cluster_2,G17003102503,17003102503,17,4283,0.006395786305492852,"Chicago, Austin"
16980,1980,cluster_2,G17003102504,17003102504,22,5753,0.005045871559633028,"Chicago, Austin"
16980,1980,cluster_2,G17003102506,17003102506,1560,5062,0.4669260700389105,"Chicago, Austin"
16980,1980,cluster_2,G17003102507,17003102507,4257,7334,0.7316947404606394,"Chicago, Austin"
16980,1980,cluster_2,G17003102508,17003102508,1719,3190,0.7216624685138538,"Chicago, Austin"
16980,1980,cluster_2,G17003102509,17003102509,248,917,0.4217687074829932,"Chicago, Austin"
16980,1980,cluster_2,G17003102510,17003102510,1496,1700,0.9234567901234568,"Chicago, Austin"
16980,1980,cluster_2,G17003102511,17003102511,5680,6358,0.9380677126341866,"Chicago, Austin"
16980,1980,cluster_2,G17003102512,17003102512,4683,5268,0.9332403347947389,"Chicago, Austin"
16980,1980,cluster_2,G17003102513,17003102513,5514,6770,0.8846462377667255,"Chicago, Austin"
16980,1980,cluster_2,G17003102514,17003102514,6130,6722,0.9345936880622046,"Chicago, Austin"
16980,1980,cluster_2,G17003102515,17003102515,7174,7463,0.9727457627118644,"Chicago, Austin"
16980,1980,cluster_2,G17003102516,17003102516,5864,6102,0.9744101030242606,"Chicago, Austin"
16980,1980,cluster_2,G17003102517,17003102517,2533,2888,0.9620205089251804,"Chicago, Austin"
16980,1980,cluster_2,G17003102518,17003102518,8939,9144,0.991679609496339,"Chicago, Austin"
16980,1980,cluster_2,G17003102519,17003102519,10061,10437,0.9803176459125013,"Chicago, Austin"
16980,1980,cluster_2,G17003102520,17003102520,8937,9122,0.9870775347912525,"Chicago, Austin"
16980,1980,cluster_2,G17003102521,17003102521,12836,12974,0.9923463471202165,"Chicago, Austin"
16980,1980,cluster_2,G17003102522,17003102522,11737,12073,0.9809444212285834,"Chicago, Austin"
16980,1980,cluster_2,G17003102523,17003102523,1316,1376,0.9762611275964391,"Chicago, Austin"
16980,1980,cluster_2,G17003102524,17003102524,576,2513,0.24355179704016913,"Chicago, Austin"
16980,1980,cluster_2,G17003102601,17003102601,1878,1950,0.9811912225705329,"Chicago, Austin"
16980,1980,cluster_2,G17003102602,17003102602,1999,2056,0.9896039603960396,"Chicago, Austin"
16980,1980,cluster_2,G17003102603,17003102603,2937,3011,0.9929006085192698,"Chicago, Austin"
16980,1980,cluster_2,G17003102604,17003102604,2834,2888,0.9926444833625219,"Chicago, Austin"
16980,1980,cluster_2,G17003102605,17003102605,3516,3558,0.9977298524404086,"Chicago, Austin"
16980,1980,cluster_2,G17003102606,17003102606,4418,4503,0.9950450450450451,"Chicago, Austin"
16980,1980,cluster_2,G17003102607,17003102607,3956,4013,0.99347061778001,"Chicago, Austin"
16980,1980,cluster_2,G17003102608,17003102608,4567,4618,0.9982513661202186,"Chicago, Austin"
16980,1980,cluster_2,G17003102609,17003102609,2861,2896,0.9975592747559274,"Chicago, Austin"
16980,1980,cluster_2,G17003102610,17003102610,4315,4372,0.9921821108300759,"Chicago, Austin"
16980,1980,cluster_2,G17003102701,17003102701,472,508,0.9535353535353536,"Chicago, Austin"
16980,1980,cluster_2,G17003102702,17003102702,2109,2127,0.9957507082152974,"Chicago, Austin"
16980,1980,cluster_2,G17003102703,17003102703,1920,1950,0.9937888198757764,"Chicago, Austin"
16980,1980,cluster_2,G17003102704,17003102704,1576,1592,0.9955780164245104,"Chicago, Austin"
16980,1980,cluster_2,G17003102705,17003102705,1930,1951,0.9984480082772892,"Chicago, Austin"
16980,1980,cluster_2,G17003102706,17003102706,1078,1085,0.9981481481481481,"Chicago, Austin"
16980,1980,cluster_2,G17003102707,17003102707,956,969,0.9947970863683663,"Chicago, Austin"
16980,1980,cluster_2,G17003102708,17003102708,896,905,0.9955555555555555,"Chicago, Austin"
16980,1980,cluster_2,G17003102709,17003102709,550,562,0.9838998211091234,"Chicago, Austin"
16980,1980,cluster_2,G17003102710,17003102710,1698,1707,0.9976498237367802,"Chicago, Austin"
16980,1980,cluster_2,G17003102711,17003102711,2520,2552,0.9940828402366864,"Chicago, Austin"
16980,1980,cluster_2,G17003102712,17003102712,1789,1850,0.9802739726027397,"Chicago, Austin"
16980,1980,cluster_2,G17003102713,17003102713,2268,2346,0.9929947460595446,"Chicago, Austin"
16980,1980,cluster_2,G17003102714,17003102714,3878,3925,0.995635430038511,"Chicago, Austin"
16980,1980,cluster_2,G17003102715,17003102715,1530,1542,0.999346832135859,"Chicago, Austin"
16980,1980,cluster_2,G17003102716,17003102716,1352,1396,0.9861415025528811,"Chicago, Austin"
16980,1980,cluster_2,G17003102717,17003102717,1800,1818,0.9994447529150472,"Chicago, Austin"
16980,1980,cluster_2,G17003102718,17003102718,1737,1788,0.9954154727793696,"Chicago, Austin"
16980,1980,cluster_2,G17003102719,17003102719,999,1007,0.996011964107677,"Chicago, Austin"
16980,1980,cluster_2,G17003102804,17003102804,4321,4347,0.9993061979648473,"Chicago, Austin"
16980,1980,cluster_2,G17003102805,17003102805,4543,4621,0.998900615655233,"Chicago, Austin"
16980,1980,cluster_2,G17003102806,17003102806,180,183,0.9836065573770492,"Chicago, Austin"
16980,1980,cluster_2,G17003102807,17003102807,506,512,0.9960629921259843,"Chicago, Austin"
16980,1980,cluster_2,G17003102808,17003102808,5843,5924,0.9977800546448088,"Chicago, Austin"
16980,1980,cluster_2,G17003102809,17003102809,1114,1151,0.9875886524822695,"Chicago, Austin"
16980,1980,cluster_2,G17003102810,17003102810,143,145,0.9862068965517241,"Chicago, Austin"
16980,1980,cluster_2,G17003102811,17003102811,381,384,0.9921875,"Chicago, Austin"
16980,1980,cluster_2,G17003102812,17003102812,924,945,0.9978401727861771,"Chicago, Austin"
16980,1980,cluster_2,G17003102813,17003102813,1137,1167,0.9878366637706343,"Chicago, Austin"
16980,1980,cluster_2,G17003102814,17003102814,542,574,0.9748201438848921,"Chicago, Austin"
16980,1980,cluster_2,G17003102815,17003102815,1283,1295,0.9907335907335907,"Chicago, Austin"
16980,1980,cluster_2,G17003102816,17003102816,1217,1338,0.9441427463149729,"Chicago, Austin"
16980,1980,cluster_2,G17003102825,17003102825,122,784,0.5781990521327014,"Chicago, Austin"
16980,1980,cluster_2,G17003102826,17003102826,91,214,0.9479166666666666,"Chicago, Austin"
16980,1980,cluster_2,G17003102827,17003102827,931,2257,0.8463636363636363,"Chicago, Austin"
16980,1980,cluster_2,G17003102831,17003102831,220,1845,0.17585931254996004,"Chicago, Austin"
16980,1980,cluster_2,G17003102832,17003102832,2655,3210,0.8984771573604061,"Chicago, Austin"
16980,1980,cluster_2,G17003102838,17003102838,3050,3090,0.9996722386102918,"Chicago, Austin"
16980,1980,cluster_2,G17003102839,17003102839,7826,7925,0.9980869787016962,"Chicago, Austin"
16980,1980,cluster_2,G17003102840,17003102840,1429,1457,0.9972086531751571,"Chicago, Austin"
16980,1980,cluster_2,G17003102841,17003102841,942,967,0.9957716701902748,"Chicago, Austin"
16980,1980,cluster_2,G17003102842,17003102842,942,962,0.9936708860759493,"Chicago, Austin"
16980,1980,cluster_2,G17003102843,17003102843,45,61,0.9782608695652174,"Chicago, Austin"
16980,1980,cluster_2,G17003102901,17003102901,10,11,0.9090909090909091,"Chicago, Austin"
16980,1980,cluster_2,G17003102902,17003102902,1686,1695,0.9976331360946745,"Chicago, Austin"
16980,1980,cluster_2,G17003102903,17003102903,681,682,1.0,"Chicago, Austin"
16980,1980,cluster_2,G17003102904,17003102904,0,0,,"Chicago, Austin"
16980,1980,cluster_2,G17003102905,17003102905,1334,1340,0.9955223880597015,"Chicago, Austin"
16980,1980,cluster_2,G17003102906,17003102906,630,646,0.995260663507109,"Chicago, Austin"
16980,1980,cluster_2,G17003102907,17003102907,1239,1260,0.9983883964544722,"Chicago, Austin"
16980,1980,cluster_2,G17003102908,17003102908,1217,1227,0.9991789819376026,"Chicago, Austin"
16980,1980,cluster_2,G17003102909,17003102909,7492,7628,0.9931071049840933,"Chicago, Austin"
16980,1980,cluster_2,G17003102910,17003102910,2025,2040,0.9975369458128078,"Chicago, Austin"
16980,1980,cluster_2,G17003102911,17003102911,6427,6491,0.9975166847741735,"Chicago, Austin"
16980,1980,cluster_2,G17003102912,17003102912,3868,3921,0.9992250064582795,"Chicago, Austin"
16980,1980,cluster_2,G17003102913,17003102913,4324,4375,0.9958544449562413,"Chicago, Austin"
16980,1980,cluster_2,G17003102914,17003102914,2387,2515,0.9648342764753436,"Chicago, Austin"
16980,1980,cluster_2,G17003102915,17003102915,2868,3413,0.955363091272485,"Chicago, Austin"
16980,1980,cluster_2,G17003102916,17003102916,165,1187,0.5092592592592593,"Chicago, Austin"
16980,1980,cluster_2,G17003102917,17003102917,949,973,0.9978969505783386,"Chicago, Austin"
16980,1980,cluster_2,G17003102918,17003102918,867,888,0.9988479262672811,"Chicago, Austin"
16980,1980,cluster_2,G17003102919,17003102919,624,631,0.9952153110047847,"Chicago, Austin"
16980,1980,cluster_2,G17003102920,17003102920,1155,1174,0.9888698630136986,"Chicago, Austin"
16980,1980,cluster_2,G17003102921,17003102921,1058,1081,0.9981132075471698,"Chicago, Austin"
16980,1980,cluster_2,G17003102922,17003102922,4479,4551,0.9953333333333333,"Chicago, Austin"
16980,1980,cluster_2,G17003102923,17003102923,1228,1243,0.9887278582930756,"Chicago, Austin"
16980,1980,cluster_2,G17003102924,17003102924,3882,3963,0.9887926642893531,"Chicago, Austin"
16980,1980,cluster_2,G17003102925,17003102925,6350,6478,0.9932738933208196,"Chicago, Austin"
16980,1980,cluster_2,G17003102926,17003102926,2089,2121,0.9900473933649289,"Chicago, Austin"
16980,1980,cluster_2,G17003102927,17003102927,0,0,,"Chicago, Austin"
16980,1980,cluster_2,G17003103003,17003103003,861,1905,0.8516320474777448,"Chicago, Austin"
16980,1980,cluster_2,G17003103004,17003103004,550,558,0.985663082437276,"Chicago, Austin"
16980,1980,cluster_2,G17003103005,17003103005,432,3636,0.5142857142857142,"Chicago, Austin"
16980,1980,cluster_2,G17003103006,17003103006,627,3354,0.6365482233502539,"Chicago, Austin"
16980,1980,cluster_2,G17003103007,17003103007,112,5443,0.20626151012891344,"Chicago, Austin"
16980,1980,cluster_2,G17003103008,17003103008,61,5083,0.1373873873873874,"Chicago, Austin"
16980,1980,cluster_2,G17003108133,17003108133,1,5951,0.00022187708009762592,"Chicago, Austin"
16980,1980,cluster_2,G17003108137,17003108137,2,5420,0.00044553352639786146,"Chicago, Austin"
16980,1990,cluster_2,G17003101913,17003101913,153,7510,0.040083835472884466,"Chicago, Austin"
16980,1990,cluster_2,G17003102305,17003102305,293,3718,0.4643423137876387,"Chicago, Austin"
16980,1990,cluster_2,G17003102306,17003102306,2983,8242,0.806434171397675,"Chicago, Austin"
16980,1990,cluster_2,G17003102307,17003102307,1230,6867,0.6949152542372882,"Chicago, Austin"
16980,1990,cluster_2,G17003102310,17003102310,1896,3252,0.9181598062953995,"Chicago, Austin"
16980,1990,cluster_2,G17003102311,17003102311,1340,1471,0.9918578830495929,"Chicago, Austin"
16980,1990,cluster_2,G17003102312,17003102312,6413,7749,0.9690238742822606,"Chicago, Austin"
16980,1990,cluster_2,G17003102313,17003102313,4962,7798,0.8794753633463311,"Chicago, Austin"
16980,1990,cluster_2,G17003102314,17003102314,0,0,,"Chicago, Austin"
16980,1990,cluster_2,G17003102315,17003102315,8375,8593,0.9832120216013148,"Chicago, Austin"
16980,1990,cluster_2,G17003102316,17003102316,1962,1986,0.9949290060851927,"Chicago, Austin"
16980,1990,cluster_2,G17003102317,17003102317,1045,1060,0.994291151284491,"Chicago, Austin"
16980,1990,cluster_2,G17003102318,17003102318,58,437,0.7733333333333333,"Chicago, Austin"
16980,1990,cluster_2,G17003102501,17003102501,162,517,0.6864406779661016,"Chicago, Austin"
16980,1990,cluster_2,G17003102502,17003102502,2066,2936,0.8757948283170836,"Chicago, Austin"
16980,1990,cluster_2,G17003102503,17003102503,3998,4868,0.9325868905994869,"Chicago, Austin"
16980,1990,cluster_2,G17003102504,17003102504,5585,6693,0.9110929853181077,"Chicago, Austin"
16980,1990,cluster_2,G17003102506,17003102506,4607,5154,0.9446380971908961,"Chicago, Austin"
16980,1990,cluster_2,G17003102507,17003102507,6507,6945,0.9723550508069336,"Chicago, Austin"
16980,1990,cluster_2,G17003102508,17003102508,2899,3347,0.9669779853235491,"Chicago, Austin"
16980,1990,cluster_2,G17003102509,17003102509,589,852,0.8438395415472779,"Chicago, Austin"
16980,1990,cluster_2,G17003102510,17003102510,1377,1502,0.9615921787709497,"Chicago, Austin"
16980,1990,cluster_2,G17003102511,17003102511,5111,5251,0.989928336238621,"Chicago, Austin"
16980,1990,cluster_2,G17003102512,17003102512,5110,5325,0.9779904306220095,"Chicago, Austin"
16980,1990,cluster_2,G17003102513,17003102513,5953,6217,0.975741681691526,"Chicago, Austin"
16980,1990,cluster_2,G17003102514,17003102514,4620,4930,0.9508129244700556,"Chicago, Austin"
16980,1990,cluster_2,G17003102515,17003102515,4931,5035,0.9856086348191085,"Chicago, Austin"
16980,1990,cluster_2,G17003102516,17003102516,4841,4946,0.9869520897043833,"Chicago, Austin"
16980,1990,cluster_2,G17003102517,17003102517,2014,2127,0.9824390243902439,"Chicago, Austin"
16980,1990,cluster_2,G17003102518,17003102518,5802,5878,0.9950265820613959,"Chicago, Austin"
16980,1990,cluster_2,G17003102519,17003102519,6223,6376,0.9821654040404041,"Chicago, Austin"
16980,1990,cluster_2,G17003102520,17003102520,5963,6083,0.9862719153159113,"Chicago, Austin"
16980,1990,cluster_2,G17003102521,17003102521,9334,9428,0.993190040434135,"Chicago, Austin"
16980,1990,cluster_2,G17003102522,17003102522,9103,9338,0.9797653643310731,"Chicago, Austin"
16980,1990,cluster_2,G17003102523,17003102523,929,956,0.9893503727369543,"Chicago, Austin"
16980,1990,cluster_2,G17003102524,17003102524,455,2279,0.24782135076252723,"Chicago, Austin"
16980,1990,cluster_2,G17003102601,17003102601,1172,1182,0.9940627650551315,"Chicago, Austin"
16980,1990,cluster_2,G17003102602,17003102602,1716,1760,0.9901904212348529,"Chicago, Austin"
16980,1990,cluster_2,G17003102603,17003102603,2185,2227,0.9968065693430657,"Chicago, Austin"
16980,1990,cluster_2,G17003102604,17003102604,2034,2047,0.9985272459499264,"Chicago, Austin"
16980,1990,cluster_2,G17003102605,17003102605,2830,2841,0.9975326048642933,"Chicago, Austin"
16980,1990,cluster_2,G17003102606,17003102606,3667,3719,0.9934976971010566,"Chicago, Austin"
16980,1990,cluster_2,G17003102607,17003102607,2788,2812,0.9989251164457184,"Chicago, Austin"
16980,1990,cluster_2,G17003102608,17003102608,2757,2789,0.9974674384949349,"Chicago, Austin"
16980,1990,cluster_2,G17003102609,17003102609,1654,1672,0.9951865222623345,"Chicago, Austin"
16980,1990,cluster_2,G17003102610,17003102610,3031,3046,0.998682042833608,"Chicago, Austin"
16980,1990,cluster_2,G17003102701,17003102701,396,403,0.9974811083123426,"Chicago, Austin"
16980,1990,cluster_2,G17003102702,17003102702,1525,1531,0.9967320261437909,"Chicago, Austin"
16980,1990,cluster_2,G17003102703,17003102703,2119,2131,0.9967074317968015,"Chicago, Austin"
16980,1990,cluster_2,G17003102704,17003102704,1345,1353,0.9985152190051967,"Chicago, Austin"
16980,1990,cluster_2,G17003102705,17003102705,1594,1605,0.9968730456535334,"Chicago, Austin"
16980,1990,cluster_2,G17003102706,17003102706,897,911,0.9977753058954394,"Chicago, Austin"
16980,1990,cluster_2,G17003102707,17003102707,793,797,0.9949811794228356,"Chicago, Austin"
16980,1990,cluster_2,G17003102708,17003102708,752,756,0.99867197875166,"Chicago, Austin"
16980,1990,cluster_2,G17003102709,17003102709,295,299,1.0,"Chicago, Austin"
16980,1990,cluster_2,G17003102710,17003102710,1126,1147,0.995579133510168,"Chicago, Austin"
16980,1990,cluster_2,G17003102711,17003102711,1961,1999,0.9879093198992444,"Chicago, Austin"
16980,1990,cluster_2,G17003102712,17003102712,1552,1600,0.9916932907348243,"Chicago, Austin"
16980,1990,cluster_2,G17003102713,17003102713,1554,1561,0.9980732177263969,"Chicago, Austin"
16980,1990,cluster_2,G17003102714,17003102714,1994,2015,0.9965017491254373,"Chicago, Austin"
16980,1990,cluster_2,G17003102715,17003102715,1249,1257,0.9984012789768185,"Chicago, Austin"
16980,1990,cluster_2,G17003102716,17003102716,1298,1348,0.9730134932533733,"Chicago, Austin"
16980,1990,cluster_2,G17003102717,17003102717,1191,1200,0.9966527196652719,"Chicago, Austin"
16980,1990,cluster_2,G17003102718,17003102718,1300,1305,0.9976976208749041,"Chicago, Austin"
16980,1990,cluster_2,G17003102719,17003102719,733,812,0.9494818652849741,"Chicago, Austin"
16980,1990,cluster_2,G17003102804,17003102804,2515,2540,0.9984120682810639,"Chicago, Austin"
16980,1990,cluster_2,G17003102805,17003102805,1161,1179,0.9940068493150684,"Chicago, Austin"
16980,1990,cluster_2,G17003102806,17003102806,75,76,0.9868421052631579,"Chicago, Austin"
16980,1990,cluster_2,G17003102807,17003102807,244,246,0.991869918699187,"Chicago, Austin"
16980,1990,cluster_2,G17003102808,17003102808,4763,4829,0.9943632567849687,"Chicago, Austin"
16980,1990,cluster_2,G17003102809,17003102809,883,888,0.9943693693693694,"Chicago, Austin"
16980,1990,cluster_2,G17003102810,17003102810,85,85,1.0,"Chicago, Austin"
16980,1990,cluster_2,G17003102811,17003102811,275,281,0.9963768115942029,"Chicago, Austin"
16980,1990,cluster_2,G17003102812,17003102812,578,580,1.0,"Chicago, Austin"
16980,1990,cluster_2,G17003102813,17003102813,1402,1438,0.9908127208480565,"Chicago, Austin"
16980,1990,cluster_2,G17003102814,17003102814,325,334,0.9848484848484849,"Chicago, Austin"
16980,1990,cluster_2,G17003102815,17003102815,754,758,0.9973544973544973,"Chicago, Austin"
16980,1990,cluster_2,G17003102816,17003102816,814,854,0.9678953626634959,"Chicago, Austin"
16980,1990,cluster_2,G17003102825,17003102825,163,693,0.7244444444444444,"Chicago, Austin"
16980,1990,cluster_2,G17003102826,17003102826,41,124,0.8723404255319149,"Chicago, Austin"
16980,1990,cluster_2,G17003102827,17003102827,528,1694,0.7822222222222223,"Chicago, Austin"
16980,1990,cluster_2,G17003102831,17003102831,1088,2670,0.5514445007602635,"Chicago, Austin"
16980,1990,cluster_2,G17003102832,17003102832,2248,2574,0.9160554197229014,"Chicago, Austin"
16980,1990,cluster_2,G17003102838,17003102838,2610,2622,0.9980879541108987,"Chicago, Austin"
16980,1990,cluster_2,G17003102839,17003102839,5133,5170,0.9963121118012422,"Chicago, Austin"
16980,1990,cluster_2,G17003102840,17003102840,915,953,0.964172813487882,"Chicago, Austin"
16980,1990,cluster_2,G17003102841,17003102841,592,604,0.9932885906040269,"Chicago, Austin"
16980,1990,cluster_2,G17003102842,17003102842,676,685,0.9955817378497791,"Chicago, Austin"
16980,1990,cluster_2,G17003102843,17003102843,55,55,1.0,"Chicago, Austin"
16980,1990,cluster_2,G17003102901,17003102901,13,13,1.0,"Chicago, Austin"
16980,1990,cluster_2,G17003102902,17003102902,1194,1207,0.9941715237302248,"Chicago, Austin"
16980,1990,cluster_2,G17003102903,17003102903,715,733,0.9903047091412742,"Chicago, Austin"
16980,1990,cluster_2,G17003102904,17003102904,40,40,1.0,"Chicago, Austin"
16980,1990,cluster_2,G17003102905,17003102905,792,793,0.9987389659520807,"Chicago, Austin"
16980,1990,cluster_2,G17003102906,17003102906,518,519,1.0,"Chicago, Austin"
16980,1990,cluster_2,G17003102907,17003102907,991,1002,0.991991991991992,"Chicago, Austin"
16980,1990,cluster_2,G17003102908,17003102908,814,821,1.0,"Chicago, Austin"
16980,1990,cluster_2,G17003102909,17003102909,5345,5375,0.9972014925373134,"Chicago, Austin"
16980,1990,cluster_2,G17003102910,17003102910,1259,1268,0.9992063492063492,"Chicago, Austin"
16980,1990,cluster_2,G17003102911,17003102911,4383,4399,0.9981780915508995,"Chicago, Austin"
16980,1990,cluster_2,G17003102912,17003102912,3047,3069,0.9986889544411668,"Chicago, Austin"
16980,1990,cluster_2,G17003102913,17003102913,3509,3537,0.9980091012514221,"Chicago, Austin"
16980,1990,cluster_2,G17003102914,17003102914,1780,1864,0.9637249593936112,"Chicago, Austin"
16980,1990,cluster_2,G17003102915,17003102915,2076,2542,0.9746478873239437,"Chicago, Austin"
16980,1990,cluster_2,G17003102916,17003102916,183,1181,0.7290836653386454,"Chicago, Austin"
16980,1990,cluster_2,G17003102917,17003102917,920,924,0.9978308026030369,"Chicago, Austin"
16980,1990,cluster_2,G17003102918,17003102918,547,549,1.0,"Chicago, Austin"
16980,1990,cluster_2,G17003102919,17003102919,498,504,0.9900596421471173,"Chicago, Austin"
16980,1990,cluster_2,G17003102920,17003102920,982,988,0.9949341438703141,"Chicago, Austin"
16980,1990,cluster_2,G17003102921,17003102921,843,849,0.9929328621908127,"Chicago, Austin"
16980,1990,cluster_2,G17003102922,17003102922,3635,3678,0.997530186608123,"Chicago, Austin"
16980,1990,cluster_2,G17003102923,17003102923,1116,1142,0.986737400530504,"Chicago, Austin"
16980,1990,cluster_2,G17003102924,17003102924,2786,2820,0.9911063678406261,"Chicago, Austin"
16980,1990,cluster_2,G17003102925,17003102925,5644,5697,0.9950634696755994,"Chicago, Austin"
16980,1990,cluster_2,G17003102926,17003102926,1741,1782,0.9908935685828116,"Chicago, Austin"
16980,1990,cluster_2,G17003102927,17003102927,0,0,,"Chicago, Austin"
16980,1990,cluster_2,G17003103003,17003103003,699,1516,0.9246031746031746,"Chicago, Austin"
16980,1990,cluster_2,G17003103004,17003103004,354,514,0.9971830985915493,"Chicago, Austin"
16980,1990,cluster_2,G17003103005,17003103005,408,3524,0.7654784240150094,"Chicago, Austin"
16980,1990,cluster_2,G17003103006,17003103006,609,3360,0.7679697351828499,"Chicago, Austin"
16980,1990,cluster_2,G17003103007,17003103007,215,5990,0.5388471177944862,"Chicago, Austin"
16980,1990,cluster_2,G17003103008,17003103008,54,5482,0.24434389140271492,"Chicago, Austin"
16980,1990,cluster_2,G17003108133,17003108133,5,7321,0.00195160031225605,"Chicago, Austin"
16980,1990,cluster_2,G17003108137,17003108137,10,6900,0.004208754208754209,"Chicago, Austin"
16980,2000,cluster_2,G17031191300,17031191300,676,10546,0.30980751604032997,"Chicago, Austin"
16980,2000,cluster_2,G17031230500,17031230500,190,3963,0.5828220858895705,"Chicago, Austin"
16980,2000,cluster_2,G17031230600,17031230600,2976,7579,0.9031866464339909,"Chicago, Austin"
16980,2000,cluster_2,G17031230700,17031230700,1166,7613,0.8443157132512672,"Chicago, Austin"
16980,2000,cluster_2,G17031231000,17031231000,1585,2980,0.939537640782454,"Chicago, Austin"
16980,2000,cluster_2,G17031231100,17031231100,1300,1462,0.9841029523088569,"Chicago, Austin"
16980,2000,cluster_2,G17031231200,17031231200,6309,7452,0.9830165160486133,"Chicago, Austin"
16980,2000,cluster_2,G17031231300,17031231300,5822,7623,0.9642265650877774,"Chicago, Austin"
16980,2000,cluster_2,G17031231400,17031231400,0,2,0.0,"Chicago, Austin"
16980,2000,cluster_2,G17031231500,17031231500,7330,7583,0.9928213463361777,"Chicago, Austin"
16980,2000,cluster_2,G17031231600,17031231600,1764,1795,0.9943630214205186,"Chicago, Austin"
16980,2000,cluster_2,G17031231700,17031231700,761,824,0.9560301507537688,"Chicago, Austin"
16980,2000,cluster_2,G17031231800,17031231800,86,345,0.688,"Chicago, Austin"
16980,2000,cluster_2,G17031250100,17031250100,114,391,0.8636363636363636,"Chicago, Austin"
16980,2000,cluster_2,G17031250200,17031250200,2422,3153,0.9490595611285266,"Chicago, Austin"
16980,2000,cluster_2,G17031250300,17031250300,4754,5187,0.9844688341271485,"Chicago, Austin"
16980,2000,cluster_2,G17031250400,17031250400,6243,6834,0.9791405269761606,"Chicago, Austin"
16980,2000,cluster_2,G17031250600,17031250600,5185,5463,0.9834977238239757,"Chicago, Austin"
16980,2000,cluster_2,G17031250700,17031250700,6844,7122,0.9855990783410138,"Chicago, Austin"
16980,2000,cluster_2,G17031250800,17031250800,2881,3135,0.9890147614143495,"Chicago, Austin"
16980,2000,cluster_2,G17031250900,17031250900,819,1041,0.9646643109540636,"Chicago, Austin"
16980,2000,cluster_2,G17031251000,17031251000,1260,1314,0.987460815047022,"Chicago, Austin"
16980,2000,cluster_2,G17031251100,17031251100,5560,5761,0.9955237242614146,"Chicago, Austin"
16980,2000,cluster_2,G17031251200,17031251200,4992,5168,0.9889064976228209,"Chicago, Austin"
16980,2000,cluster_2,G17031251300,17031251300,5890,6159,0.9847851529844508,"Chicago, Austin"
16980,2000,cluster_2,G17031251400,17031251400,4690,4990,0.96760883020425,"Chicago, Austin"
16980,2000,cluster_2,G17031251500,17031251500,5334,5516,0.9872293170460855,"Chicago, Austin"
16980,2000,cluster_2,G17031251600,17031251600,4597,4677,0.9956681828026858,"Chicago, Austin"
16980,2000,cluster_2,G17031251700,17031251700,1793,1896,0.9862486248624862,"Chicago, Austin"
16980,2000,cluster_2,G17031251800,17031251800,6103,6179,0.9980376124284546,"Chicago, Austin"
16980,2000,cluster_2,G17031251900,17031251900,7143,7330,0.9905699625572043,"Chicago, Austin"
16980,2000,cluster_2,G17031252000,17031252000,6430,6575,0.9916718075262184,"Chicago, Austin"
16980,2000,cluster_2,G17031252100,17031252100,9224,9401,0.9969736273238219,"Chicago, Austin"
16980,2000,cluster_2,G17031252200,17031252200,8734,8992,0.9845564197948371,"Chicago, Austin"
16980,2000,cluster_2,G17031252300,17031252300,871,889,1.0,"Chicago, Austin"
16980,2000,cluster_2,G17031252400,17031252400,1200,2762,0.6674082313681868,"Chicago, Austin"
16980,2000,cluster_2,G17031260100,17031260100,1453,1477,0.995887594242632,"Chicago, Austin"
16980,2000,cluster_2,G17031260200,17031260200,1416,1441,0.9943820224719101,"Chicago, Austin"
16980,2000,cluster_2,G17031260300,17031260300,2103,2174,0.9924492685228882,"Chicago, Austin"
16980,2000,cluster_2,G17031260400,17031260400,1633,1673,0.9908980582524272,"Chicago, Austin"
16980,2000,cluster_2,G17031260500,17031260500,2175,2214,0.9936043855641845,"Chicago, Austin"
16980,2000,cluster_2,G17031260600,17031260600,3283,3344,0.9969632553902217,"Chicago, Austin"
16980,2000,cluster_2,G17031260700,17031260700,2461,2493,0.9987824675324676,"Chicago, Austin"
16980,2000,cluster_2,G17031260800,17031260800,2778,2822,0.9971284996410624,"Chicago, Austin"
16980,2000,cluster_2,G17031260900,17031260900,2137,2228,0.9780320366132723,"Chicago, Austin"
16980,2000,cluster_2,G17031261000,17031261000,3125,3153,0.9984025559105432,"Chicago, Austin"
16980,2000,cluster_2,G17031270100,17031270100,433,454,0.9730337078651685,"Chicago, Austin"
16980,2000,cluster_2,G17031270200,17031270200,1506,1557,0.9934036939313984,"Chicago, Austin"
16980,2000,cluster_2,G17031270300,17031270300,1733,1773,0.9942627653471027,"Chicago, Austin"
16980,2000,cluster_2,G17031270400,17031270400,985,1011,0.9879638916750251,"Chicago, Austin"
16980,2000,cluster_2,G17031270500,17031270500,1398,1437,0.990084985835694,"Chicago, Austin"
16980,2000,cluster_2,G17031270600,17031270600,672,690,0.9926144756277696,"Chicago, Austin"
16980,2000,cluster_2,G17031270700,17031270700,633,654,0.9921630094043887,"Chicago, Austin"
16980,2000,cluster_2,G17031270800,17031270800,574,581,0.9965277777777778,"Chicago, Austin"
16980,2000,cluster_2,G17031270900,17031270900,240,247,0.97165991902834,"Chicago, Austin"
16980,2000,cluster_2,G17031271000,17031271000,1036,1054,0.9951969260326609,"Chicago, Austin"
16980,2000,cluster_2,G17031271100,17031271100,1494,1524,0.9933510638297872,"Chicago, Austin"
16980,2000,cluster_2,G17031271200,17031271200,1254,1294,0.9796875,"Chicago, Austin"
16980,2000,cluster_2,G17031271300,17031271300,1202,1220,0.9942100909842845,"Chicago, Austin"
16980,2000,cluster_2,G17031271400,17031271400,1476,1509,0.9932705248990579,"Chicago, Austin"
16980,2000,cluster_2,G17031271500,17031271500,1456,1489,0.9911504424778761,"Chicago, Austin"
16980,2000,cluster_2,G17031271600,17031271600,1291,1337,0.9810030395136778,"Chicago, Austin"
16980,2000,cluster_2,G17031271700,17031271700,1091,1109,0.9954379562043796,"Chicago, Austin"
16980,2000,cluster_2,G17031271800,17031271800,1197,1216,0.9983319432860718,"Chicago, Austin"
16980,2000,cluster_2,G17031271900,17031271900,625,725,0.9191176470588235,"Chicago, Austin"
16980,2000,cluster_2,G17031280400,17031280400,1396,1469,0.9803370786516854,"Chicago, Austin"
16980,2000,cluster_2,G17031280500,17031280500,885,982,0.9833333333333333,"Chicago, Austin"
16980,2000,cluster_2,G17031280600,17031280600,347,407,0.9131578947368421,"Chicago, Austin"
16980,2000,cluster_2,G17031280700,17031280700,128,143,0.9770992366412213,"Chicago, Austin"
16980,2000,cluster_2,G17031280800,17031280800,2331,2376,0.9974326059050064,"Chicago, Austin"
16980,2000,cluster_2,G17031280900,17031280900,1193,1237,0.9867659222497932,"Chicago, Austin"
16980,2000,cluster_2,G17031281000,17031281000,287,303,0.9728813559322034,"Chicago, Austin"
16980,2000,cluster_2,G17031281100,17031281100,338,345,1.0,"Chicago, Austin"
16980,2000,cluster_2,G17031281200,17031281200,474,522,0.9614604462474645,"Chicago, Austin"
16980,2000,cluster_2,G17031281300,17031281300,1511,1571,0.9869366427171783,"Chicago, Austin"
16980,2000,cluster_2,G17031281400,17031281400,361,392,0.9450261780104712,"Chicago, Austin"
16980,2000,cluster_2,G17031281500,17031281500,333,347,0.9970059880239521,"Chicago, Austin"
16980,2000,cluster_2,G17031281600,17031281600,859,951,0.949171270718232,"Chicago, Austin"
16980,2000,cluster_2,G17031282500,17031282500,151,779,0.755,"Chicago, Austin"
16980,2000,cluster_2,G17031282600,17031282600,91,209,0.7777777777777778,"Chicago, Austin"
16980,2000,cluster_2,G17031282700,17031282700,587,1753,0.7723684210526316,"Chicago, Austin"
16980,2000,cluster_2,G17031283100,17031283100,918,2817,0.4986420423682781,"Chicago, Austin"
16980,2000,cluster_2,G17031283200,17031283200,762,1356,0.6381909547738693,"Chicago, Austin"
16980,2000,cluster_2,G17031283800,17031283800,1626,1699,0.9908592321755028,"Chicago, Austin"
16980,2000,cluster_2,G17031283900,17031283900,3377,3458,0.9949911608721272,"Chicago, Austin"
16980,2000,cluster_2,G17031284000,17031284000,391,396,0.9923857868020305,"Chicago, Austin"
16980,2000,cluster_2,G17031284100,17031284100,141,165,0.986013986013986,"Chicago, Austin"
16980,2000,cluster_2,G17031284200,17031284200,412,428,0.988009592326139,"Chicago, Austin"
16980,2000,cluster_2,G17031284300,17031284300,39,45,1.0,"Chicago, Austin"
16980,2000,cluster_2,G17031290100,17031290100,8,8,1.0,"Chicago, Austin"
16980,2000,cluster_2,G17031290200,17031290200,677,681,1.0,"Chicago, Austin"
16980,2000,cluster_2,G17031290300,17031290300,599,609,0.9966722129783694,"Chicago, Austin"
16980,2000,cluster_2,G17031290400,17031290400,27,54,0.9642857142857143,"Chicago, Austin"
16980,2000,cluster_2,G17031290500,17031290500,730,741,0.9959072305593452,"Chicago, Austin"
16980,2000,cluster_2,G17031290600,17031290600,533,540,0.9962616822429906,"Chicago, Austin"
16980,2000,cluster_2,G17031290700,17031290700,868,893,0.998849252013809,"Chicago, Austin"
16980,2000,cluster_2,G17031290800,17031290800,550,560,1.0,"Chicago, Austin"
16980,2000,cluster_2,G17031290900,17031290900,4473,4591,0.994,"Chicago, Austin"
16980,2000,cluster_2,G17031291000,17031291000,1117,1131,0.998212689901698,"Chicago, Austin"
16980,2000,cluster_2,G17031291100,17031291100,3670,3755,0.993234100135318,"Chicago, Austin"
16980,2000,cluster_2,G17031291200,17031291200,2949,3027,0.9935983827493261,"Chicago, Austin"
16980,2000,cluster_2,G17031291300,17031291300,3021,3111,0.9850016302575807,"Chicago, Austin"
16980,2000,cluster_2,G17031291400,17031291400,1378,1487,0.9569444444444445,"Chicago, Austin"
16980,2000,cluster_2,G17031291500,17031291500,1418,1943,0.9772570640937285,"Chicago, Austin"
16980,2000,cluster_2,G17031291600,17031291600,164,1226,0.7699530516431925,"Chicago, Austin"
16980,2000,cluster_2,G17031291700,17031291700,694,722,0.9985611510791367,"Chicago, Austin"
16980,2000,cluster_2,G17031291800,17031291800,495,496,1.0,"Chicago, Austin"
16980,2000,cluster_2,G17031291900,17031291900,472,479,0.9874476987447699,"Chicago, Austin"
16980,2000,cluster_2,G17031292000,17031292000,810,829,0.996309963099631,"Chicago, Austin"
16980,2000,cluster_2,G17031292100,17031292100,846,888,0.9883177570093458,"Chicago, Austin"
16980,2000,cluster_2,G17031292200,17031292200,3099,3145,0.9955027304850627,"Chicago, Austin"
16980,2000,cluster_2,G17031292300,17031292300,802,839,0.9733009708737864,"Chicago, Austin"
16980,2000,cluster_2,G17031292400,17031292400,2564,2651,0.9865332820315506,"Chicago, Austin"
16980,2000,cluster_2,G17031292500,17031292500,5475,5594,0.9970861409579311,"Chicago, Austin"
16980,2000,cluster_2,G17031292600,17031292600,1725,1768,0.9976865240023135,"Chicago, Austin"
16980,2000,cluster_2,G17031292700,17031292700,0,0,,"Chicago, Austin"
16980,2000,cluster_2,G17031300300,17031300300,630,1401,0.9333333333333333,"Chicago, Austin"
16980,2000,cluster_2,G17031300400,17031300400,400,419,0.9950248756218906,"Chicago, Austin"
16980,2000,cluster_2,G17031300500,17031300500,386,3798,0.8577777777777778,"Chicago, Austin"
16980,2000,cluster_2,G17031300600,17031300600,700,3731,0.8413461538461539,"Chicago, Austin"
16980,2000,cluster_2,G17031300700,17031300700,117,6240,0.4957627118644068,"Chicago, Austin"
16980,2000,cluster_2,G17031300800,17031300800,100,5378,0.5263157894736842,"Chicago, Austin"
16980,2000,cluster_2,G17031813300,17031813300,119,8648,0.13325867861142218,"Chicago, Austin"
16980,2000,cluster_2,G17031813700,17031813700,117,8557,0.13780918727915195,"Chicago, Austin"
16980,2010,cluster_2,G17031191301,17031191301,477,5397,0.6419919246298789,"Chicago, Austin"
16980,2010,cluster_2,G17031230500,17031230500,319,3570,0.7975,"Chicago, Austin"
16980,2010,cluster_2,G17031230600,17031230600,2255,6818,0.920032639738882,"Chicago, Austin"
16980,2010,cluster_2,G17031230700,17031230700,855,6364,0.7968313140726934,"Chicago, Austin"
16980,2010,cluster_2,G17031231100,17031231100,887,1236,0.980110497237569,"Chicago, Austin"
16980,2010,cluster_2,G17031231200,17031231200,4290,6095,0.9781121751025992,"Chicago, Austin"
16980,2010,cluster_2,G17031231500,17031231500,5485,6039,0.9838565022421525,"Chicago, Austin"
16980,2010,cluster_2,G17031250200,17031250200,1552,2669,0.941747572815534,"Chicago, Austin"
16980,2010,cluster_2,G17031250300,17031250300,3516,4725,0.9772095608671484,"Chicago, Austin"
16980,2010,cluster_2,G17031250400,17031250400,4934,5887,0.9793568876538309,"Chicago, Austin"
16980,2010,cluster_2,G17031250600,17031250600,3963,4422,0.9868027888446215,"Chicago, Austin"
16980,2010,cluster_2,G17031250700,17031250700,5656,6098,0.9928032297700544,"Chicago, Austin"
16980,2010,cluster_2,G17031250800,17031250800,2040,2488,0.9931840311587147,"Chicago, Austin"
16980,2010,cluster_2,G17031251000,17031251000,1061,1181,0.9878957169459963,"Chicago, Austin"
16980,2010,cluster_2,G17031251100,17031251100,4007,4302,0.9937996031746031,"Chicago, Austin"
16980,2010,cluster_2,G17031251200,17031251200,3855,4196,0.9915123456790124,"Chicago, Austin"
16980,2010,cluster_2,G17031251300,17031251300,4562,4921,0.9885157096424702,"Chicago, Austin"
16980,2010,cluster_2,G17031251400,17031251400,3616,3983,0.9568668960042339,"Chicago, Austin"
16980,2010,cluster_2,G17031251500,17031251500,4534,4784,0.9847958297132928,"Chicago, Austin"
16980,2010,cluster_2,G17031251600,17031251600,3458,3649,0.9925373134328358,"Chicago, Austin"
16980,2010,cluster_2,G17031251700,17031251700,1329,1495,0.9895755770662695,"Chicago, Austin"
16980,2010,cluster_2,G17031251800,17031251800,4967,5112,0.9969891609795263,"Chicago, Austin"
16980,2010,cluster_2,G17031251900,17031251900,5463,5731,0.986279111753024,"Chicago, Austin"
16980,2010,cluster_2,G17031252000,17031252000,5474,5719,0.9848866498740554,"Chicago, Austin"
16980,2010,cluster_2,G17031252101,17031252101,1296,1370,0.9803328290468987,"Chicago, Austin"
16980,2010,cluster_2,G17031252102,17031252102,6273,6438,0.9957142857142857,"Chicago, Austin"
16980,2010,cluster_2,G17031252201,17031252201,2847,2953,0.9807096107475026,"Chicago, Austin"
16980,2010,cluster_2,G17031252202,17031252202,4482,4609,0.9944530729975594,"Chicago, Austin"
16980,2010,cluster_2,G17031260100,17031260100,1169,1248,0.9856661045531198,"Chicago, Austin"
16980,2010,cluster_2,G17031260200,17031260200,1080,1136,0.9845031905195989,"Chicago, Austin"
16980,2010,cluster_2,G17031260300,17031260300,1504,1564,0.9966865473823724,"Chicago, Austin"
16980,2010,cluster_2,G17031260400,17031260400,1196,1271,0.998330550918197,"Chicago, Austin"
16980,2010,cluster_2,G17031260500,17031260500,1896,1934,0.9947534102833159,"Chicago, Austin"
16980,2010,cluster_2,G17031260600,17031260600,2381,2478,0.9912572855953372,"Chicago, Austin"
16980,2010,cluster_2,G17031260700,17031260700,1967,2032,0.9924318869828456,"Chicago, Austin"
16980,2010,cluster_2,G17031260800,17031260800,2409,2539,0.9876998769987699,"Chicago, Austin"
16980,2010,cluster_2,G17031260900,17031260900,1434,1480,0.9910158949550795,"Chicago, Austin"
16980,2010,cluster_2,G17031261000,17031261000,2279,2319,0.9986853637160386,"Chicago, Austin"
16980,2010,cluster_2,G17031270500,17031270500,1625,1689,0.9969325153374233,"Chicago, Austin"
16980,2010,cluster_2,G17031271200,17031271200,1091,1170,0.9680567879325643,"Chicago, Austin"
16980,2010,cluster_2,G17031271300,17031271300,1003,1045,0.991106719367589,"Chicago, Austin"
16980,2010,cluster_2,G17031271400,17031271400,1438,1527,0.9742547425474255,"Chicago, Austin"
16980,2010,cluster_2,G17031271500,17031271500,1339,1397,0.9896526237989652,"Chicago, Austin"
16980,2010,cluster_2,G17031271800,17031271800,929,970,0.9861995753715499,"Chicago, Austin"
16980,2010,cluster_2,G17031280400,17031280400,1150,1366,0.9222133119486768,"Chicago, Austin"
16980,2010,cluster_2,G17031280800,17031280800,702,755,0.9682758620689655,"Chicago, Austin"
16980,2010,cluster_2,G17031280900,17031280900,837,942,0.9587628865979382,"Chicago, Austin"
16980,2010,cluster_2,G17031282700,17031282700,1048,2349,0.7057239057239058,"Chicago, Austin"
16980,2010,cluster_2,G17031283100,17031283100,915,2703,0.5100334448160535,"Chicago, Austin"
16980,2010,cluster_2,G17031283200,17031283200,607,1664,0.475705329153605,"Chicago, Austin"
16980,2010,cluster_2,G17031283800,17031283800,1834,3688,0.6365845192641444,"Chicago, Austin"
16980,2010,cluster_2,G17031290900,17031290900,4323,4530,0.9926521239954076,"Chicago, Austin"
16980,2010,cluster_2,G17031291200,17031291200,2185,2240,0.998172681589767,"Chicago, Austin"
16980,2010,cluster_2,G17031291600,17031291600,227,1055,0.7800687285223368,"Chicago, Austin"
16980,2010,cluster_2,G17031292200,17031292200,2780,2961,0.9833746020516448,"Chicago, Austin"
16980,2010,cluster_2,G17031292400,17031292400,2178,2268,0.9895502044525216,"Chicago, Austin"
16980,2010,cluster_2,G17031292500,17031292500,3961,4140,0.9942269076305221,"Chicago, Austin"
16980,2010,cluster_2,G17031300500,17031300500,349,3257,0.8250591016548463,"Chicago, Austin"
16980,2010,cluster_2,G17031300600,17031300600,587,3212,0.8314447592067988,"Chicago, Austin"
16980,2010,cluster_2,G17031300700,17031300700,145,5194,0.6092436974789915,"Chicago, Austin"
16980,2010,cluster_2,G17031300800,17031300800,99,4610,0.6428571428571429,"Chicago, Austin"
16980,2010,cluster_2,G17031813301,17031813301,288,3502,0.6428571428571429,"Chicago, Austin"
16980,2010,cluster_2,G17031813302,17031813302,241,3934,0.6085858585858586,"Chicago, Austin"
16980,2010,cluster_2,G17031813701,17031813701,321,3780,0.6356435643564357,"Chicago, Austin"
16980,2010,cluster_2,G17031813702,17031813702,179,4263,0.528023598820059,"Chicago, Austin"
16980,2010,cluster_2,G17031831300,17031831300,661,1280,0.9483500717360115,"Chicago, Austin"
16980,2010,cluster_2,G17031831400,17031831400,1969,2964,0.8751111111111111,"Chicago, Austin"
16980,2010,cluster_2,G17031836600,17031836600,1218,2997,0.8302658486707567,"Chicago, Austin"
16980,2010,cluster_2,G17031836700,17031836700,2015,2397,0.9572446555819477,"Chicago, Austin"
16980,2010,cluster_2,G17031836800,17031836800,2451,2661,0.9645808736717828,"Chicago, Austin"
16980,2010,cluster_2,G17031836900,17031836900,1232,1442,0.9440613026819923,"Chicago, Austin"
16980,2010,cluster_2,G17031837000,17031837000,1893,2085,0.9609137055837563,"Chicago, Austin"
16980,2010,cluster_2,G17031837100,17031837100,1511,1819,0.9224664224664225,"Chicago, Austin"
16980,2010,cluster_2,G17031837300,17031837300,2244,2483,0.9618516930990142,"Chicago, Austin"
16980,2010,cluster_2,G17031837400,17031837400,1940,2279,0.9385582970488631,"Chicago, Austin"
16980,2010,cluster_2,G17031837800,17031837800,2120,2796,0.8742268041237113,"Chicago, Austin"
16980,2010,cluster_2,G17031838000,17031838000,1818,2561,0.8320366132723113,"Chicago, Austin"
16980,2010,cluster_2,G17031838100,17031838100,838,1713,0.6942833471416736,"Chicago, Austin"
16980,2010,cluster_2,G17031838600,17031838600,1463,1598,0.9663143989431968,"Chicago, Austin"
16980,2010,cluster_2,G17031838700,17031838700,4329,4484,0.994486560992419,"Chicago, Austin"
16980,2010,cluster_2,G17031841400,17031841400,1446,1559,0.9830047586675731,"Chicago, Austin"
16980,2010,cluster_2,G17031841500,17031841500,2796,2962,0.9879858657243816,"Chicago, Austin"
16980,2010,cluster_2,G17031841600,17031841600,1058,1166,0.977818853974122,"Chicago, Austin"
16980,2010,cluster_2,G17031841700,17031841700,828,1442,0.9462857142857143,"Chicago, Austin"
16980,2010,cluster_2,G17031842100,17031842100,3949,6731,0.9643467643467644,"Chicago, Austin"
16980,2010,cluster_2,G17031842900,17031842900,1854,2341,0.8720602069614299,"Chicago, Austin"
16980,2010,cluster_2,G17031843000,17031843000,2315,2378,0.9995682210708118,"Chicago, Austin"
16980,2010,cluster_2,G17031843100,17031843100,1718,1892,0.9507470946319867,"Chicago, Austin"
16980,2010,cluster_2,G17031843300,17031843300,762,1228,0.9454094292803971,"Chicago, Austin"
16980,2010,cluster_2,G17031843400,17031843400,1294,1451,0.994619523443505,"Chicago, Austin"
16980,2020,cluster_2,G17031191301,17031191301,324,5214,0.5605536332179931,"Chicago, Austin"
16980,2020,cluster_2,G17031230500,17031230500,308,3419,0.7457627118644068,"Chicago, Austin"
16980,2020,cluster_2,G17031230600,17031230600,1707,6817,0.8812596799173981,"Chicago, Austin"
16980,2020,cluster_2,G17031230700,17031230700,550,6218,0.551654964894684,"Chicago, Austin"
16980,2020,cluster_2,G17031231100,17031231100,578,1214,0.9131121642969984,"Chicago, Austin"
16980,2020,cluster_2,G17031231200,17031231200,2790,5983,0.9512444595976816,"Chicago, Austin"
16980,2020,cluster_2,G17031231500,17031231500,4019,5655,0.9705385172663608,"Chicago, Austin"
16980,2020,cluster_2,G17031250200,17031250200,1223,2779,0.9539781591263651,"Chicago, Austin"
16980,2020,cluster_2,G17031250300,17031250300,2698,4742,0.9740072202166065,"Chicago, Austin"
16980,2020,cluster_2,G17031250400,17031250400,3895,5789,0.9806143001007049,"Chicago, Austin"
16980,2020,cluster_2,G17031250600,17031250600,3236,4203,0.9838856795378534,"Chicago, Austin"
16980,2020,cluster_2,G17031250700,17031250700,4587,5932,0.9915693904020753,"Chicago, Austin"
16980,2020,cluster_2,G17031250800,17031250800,1621,2432,0.9818291944276196,"Chicago, Austin"
16980,2020,cluster_2,G17031251000,17031251000,758,1075,0.9805950840879689,"Chicago, Austin"
16980,2020,cluster_2,G17031251100,17031251100,3282,4468,0.9897466827503015,"Chicago, Austin"
16980,2020,cluster_2,G17031251200,17031251200,2861,3910,0.9927133934767522,"Chicago, Austin"
16980,2020,cluster_2,G17031251300,17031251300,4037,5098,0.9831953239162202,"Chicago, Austin"
16980,2020,cluster_2,G17031251400,17031251400,3307,3986,0.941360660404213,"Chicago, Austin"
16980,2020,cluster_2,G17031251500,17031251500,3466,4342,0.9779909706546276,"Chicago, Austin"
16980,2020,cluster_2,G17031251600,17031251600,2827,3522,0.9919298245614036,"Chicago, Austin"
16980,2020,cluster_2,G17031251700,17031251700,863,1347,0.9795686719636776,"Chicago, Austin"
16980,2020,cluster_2,G17031251800,17031251800,4687,5101,0.9953280951369717,"Chicago, Austin"
16980,2020,cluster_2,G17031251900,17031251900,4841,5387,0.9829441624365483,"Chicago, Austin"
16980,2020,cluster_2,G17031252000,17031252000,5199,5646,0.9827977315689981,"Chicago, Austin"
16980,2020,cluster_2,G17031252101,17031252101,1373,1502,0.9744499645138396,"Chicago, Austin"
16980,2020,cluster_2,G17031252102,17031252102,5755,6187,0.9949861687413555,"Chicago, Austin"
16980,2020,cluster_2,G17031252201,17031252201,2606,2940,0.9927619047619047,"Chicago, Austin"
16980,2020,cluster_2,G17031252202,17031252202,4412,4783,0.9925759280089989,"Chicago, Austin"
16980,2020,cluster_2,G17031260100,17031260100,1330,1477,0.9772226304188097,"Chicago, Austin"
16980,2020,cluster_2,G17031260200,17031260200,926,1054,0.9819724284199364,"Chicago, Austin"
16980,2020,cluster_2,G17031260300,17031260300,1354,1528,0.9897660818713451,"Chicago, Austin"
16980,2020,cluster_2,G17031260400,17031260400,1269,1398,0.9976415094339622,"Chicago, Austin"
16980,2020,cluster_2,G17031260500,17031260500,1656,1833,0.9898386132695756,"Chicago, Austin"
16980,2020,cluster_2,G17031260600,17031260600,1894,2114,0.9963177275118359,"Chicago, Austin"
16980,2020,cluster_2,G17031260700,17031260700,1426,1691,0.9773817683344757,"Chicago, Austin"
16980,2020,cluster_2,G17031260800,17031260800,2064,2271,0.9805225653206651,"Chicago, Austin"
16980,2020,cluster_2,G17031260900,17031260900,1603,1778,0.969751966122202,"Chicago, Austin"
16980,2020,cluster_2,G17031261000,17031261000,2082,2289,0.9914285714285714,"Chicago, Austin"
16980,2020,cluster_2,G17031270500,17031270500,1520,1619,0.9921671018276762,"Chicago, Austin"
16980,2020,cluster_2,G17031271200,17031271200,1016,1172,0.97131931166348,"Chicago, Austin"
16980,2020,cluster_2,G17031271300,17031271300,951,1060,0.9753846153846154,"Chicago, Austin"
16980,2020,cluster_2,G17031271400,17031271400,1292,1535,0.9513991163475699,"Chicago, Austin"
16980,2020,cluster_2,G17031271500,17031271500,1235,1373,0.9778305621536025,"Chicago, Austin"
16980,2020,cluster_2,G17031271800,17031271800,862,976,0.9828962371721779,"Chicago, Austin"
16980,2020,cluster_2,G17031280400,17031280400,991,1231,0.9150507848568791,"Chicago, Austin"
16980,2020,cluster_2,G17031280800,17031280800,1056,1198,0.9608735213830755,"Chicago, Austin"
16980,2020,cluster_2,G17031280900,17031280900,826,1077,0.8622129436325678,"Chicago, Austin"
16980,2020,cluster_2,G17031282700,17031282700,929,2558,0.6115865701119158,"Chicago, Austin"
16980,2020,cluster_2,G17031283100,17031283100,748,2717,0.48133848133848134,"Chicago, Austin"
16980,2020,cluster_2,G17031283200,17031283200,565,1670,0.5117753623188406,"Chicago, Austin"
16980,2020,cluster_2,G17031283800,17031283800,1497,3343,0.6009634684865516,"Chicago, Austin"
16980,2020,cluster_2,G17031290900,17031290900,3520,3975,0.9901547116736991,"Chicago, Austin"
16980,2020,cluster_2,G17031291200,17031291200,2125,2286,0.9929906542056075,"Chicago, Austin"
16980,2020,cluster_2,G17031291600,17031291600,146,874,0.5447761194029851,"Chicago, Austin"
16980,2020,cluster_2,G17031292200,17031292200,2504,2942,0.9660493827160493,"Chicago, Austin"
16980,2020,cluster_2,G17031292400,17031292400,1784,2041,0.9780701754385965,"Chicago, Austin"
16980,2020,cluster_2,G17031292500,17031292500,3552,4057,0.9858451290591174,"Chicago, Austin"
16980,2020,cluster_2,G17031300500,17031300500,301,3243,0.7620253164556962,"Chicago, Austin"
16980,2020,cluster_2,G17031300600,17031300600,425,3253,0.8157389635316699,"Chicago, Austin"
16980,2020,cluster_2,G17031300700,17031300700,141,4798,0.597457627118644,"Chicago, Austin"
16980,2020,cluster_2,G17031300800,17031300800,91,4136,0.6319444444444444,"Chicago, Austin"
16980,2020,cluster_2,G17031813301,17031813301,186,3634,0.5470588235294118,"Chicago, Austin"
16980,2020,cluster_2,G17031813302,17031813302,157,3858,0.623015873015873,"Chicago, Austin"
16980,2020,cluster_2,G17031813701,17031813701,281,3886,0.655011655011655,"Chicago, Austin"
16980,2020,cluster_2,G17031813702,17031813702,163,4199,0.5258064516129032,"Chicago, Austin"
16980,2020,cluster_2,G17031831300,17031831300,443,1251,0.9445628997867804,"Chicago, Austin"
16980,2020,cluster_2,G17031831400,17031831400,1929,2820,0.882837528604119,"Chicago, Austin"
16980,2020,cluster_2,G17031836600,17031836600,696,2929,0.5576923076923077,"Chicago, Austin"
16980,2020,cluster_2,G17031836700,17031836700,1629,2481,0.8935820076796489,"Chicago, Austin"
16980,2020,cluster_2,G17031836800,17031836800,2057,2645,0.9053697183098591,"Chicago, Austin"
16980,2020,cluster_2,G17031836900,17031836900,1202,1439,0.9577689243027888,"Chicago, Austin"
16980,2020,cluster_2,G17031837000,17031837000,1697,2042,0.9293537787513692,"Chicago, Austin"
16980,2020,cluster_2,G17031837100,17031837100,1149,1652,0.850481125092524,"Chicago, Austin"
16980,2020,cluster_2,G17031837300,17031837300,2154,2489,0.9509933774834437,"Chicago, Austin"
16980,2020,cluster_2,G17031837400,17031837400,1546,1990,0.9115566037735849,"Chicago, Austin"
16980,2020,cluster_2,G17031837800,17031837800,1884,2837,0.8092783505154639,"Chicago, Austin"
16980,2020,cluster_2,G17031838000,17031838000,1677,2651,0.7810898928737774,"Chicago, Austin"
16980,2020,cluster_2,G17031838100,17031838100,970,1821,0.6440903054448871,"Chicago, Austin"
16980,2020,cluster_2,G17031838600,17031838600,1295,1518,0.9508076358296622,"Chicago, Austin"
16980,2020,cluster_2,G17031838700,17031838700,3730,4132,0.9933422103861518,"Chicago, Austin"
16980,2020,cluster_2,G17031841500,17031841500,2630,2904,0.9828101644245142,"Chicago, Austin"
16980,2020,cluster_2,G17031841700,17031841700,645,1509,0.8486842105263158,"Chicago, Austin"
16980,2020,cluster_2,G17031842100,17031842100,2611,6650,0.9281905439033061,"Chicago, Austin"
16980,2020,cluster_2,G17031842900,17031842900,1629,2480,0.8206549118387909,"Chicago, Austin"
16980,2020,cluster_2,G17031843000,17031843000,2665,2880,0.9940320775829914,"Chicago, Austin"
16980,2020,cluster_2,G17031843100,17031843100,1428,1747,0.9124600638977636,"Chicago, Austin"
16980,2020,cluster_2,G17031843300,17031843300,1031,1572,0.9148181011535049,"Chicago, Austin"
16980,2020,cluster_2,G17031843400,17031843400,913,1524,0.9692144373673036,"Chicago, Austin"
16980,2020,cluster_2,G17031844700,17031844700,1788,2342,0.9633620689655172,"Chicago, Austin"
33100,1980,cluster_1,G12001100805,12001100805,5588,6104,0.9476004748177039,"Miami, North-central Miami-Dade"
33100,1980,cluster_1,G12001100903,12001100903,29,6851,0.004451949646914338,"Miami, North-central Miami-Dade"
33100,1980,cluster_1,G12001100904,12001100904,27,10459,0.002737781383086595,"Miami, North-central Miami-Dade"
33100,1980,cluster_1,G12001100911,12001100911,31,5033,0.006908847782482728,"Miami, North-central Miami-Dade"
33100,1980,cluster_1,G12001100912,12001100912,50,10007,0.005698005698005698,"Miami, North-central Miami-Dade"
33100,1980,cluster_1,G12001100913,12001100913,24,3991,0.0066518847006651885,"Miami, North-central Miami-Dade"
33100,1980,cluster_1,G12001100914,12001100914,1252,5290,0.2611053180396246,"Miami, North-central Miami-Dade"
33100,1980,cluster_1,G12001100915,12001100915,19,4458,0.004789513486261659,"Miami, North-central Miami-Dade"
33100,1980,cluster_1,G12001100916,12001100916,56,4917,0.011548772942874819,"Miami, North-central Miami-Dade"
33100,1980,cluster_1,G12001100917,12001100917,17,5705,0.003086980207009261,"Miami, North-central Miami-Dade"
33100,1980,cluster_1,G12001100918,12001100918,1112,7183,0.16744466194850174,"Miami, North-central Miami-Dade"
33100,1980,cluster_1,G12001101003,12001101003,41,5523,0.008014073494917905,"Miami, North-central Miami-Dade"
33100,1980,cluster_1,G12001101004,12001101004,4072,4590,0.9117778772951187,"Miami, North-central Miami-Dade"
33100,1980,cluster_1,G12001101005,12001101005,38,5449,0.007165755232887045,"Miami, North-central Miami-Dade"
33100,1980,cluster_1,G12001101006,12001101006,86,5037,0.01865914515079193,"Miami, North-central Miami-Dade"
33100,1980,cluster_1,G12001101007,12001101007,4748,5618,0.8640582347588717,"Miami, North-central Miami-Dade"
33100,1980,cluster_1,G12001101008,12001101008,327,7272,0.05087910378092422,"Miami, North-central Miami-Dade"
33100,1980,cluster_1,G12001101101,12001101101,15,6640,0.0024053880692751764,"Miami, North-central Miami-Dade"
33100,1980,cluster_1,G12001101102,12001101102,243,1001,0.28027681660899656,"Miami, North-central Miami-Dade"
33100,1980,cluster_1,G12001101103,12001101103,630,35358,0.019319227230910764,"Miami, North-central Miami-Dade"
33100,1980,cluster_1,G1200110110401,1200110110401,29,9053,0.003442953816929835,"Miami, North-central Miami-Dade"
33100,1980,cluster_1,G1200110110402,1200110110402,16,4192,0.004198373130411965,"Miami, North-central Miami-Dade"
33100,1980,cluster_1,G12001101105,12001101105,23,6464,0.003832694550908182,"Miami, North-central Miami-Dade"
33100,1980,cluster_1,G1200250000201,1200250000201,99,7167,0.015689381933438985,"Miami, North-central Miami-Dade"
33100,1980,cluster_1,G1200250000202,1200250000202,22,5407,0.0045482737233822615,"Miami, North-central Miami-Dade"
33100,1980,cluster_1,G1200250000203,1200250000203,16,9483,0.0017775802688590157,"Miami, North-central Miami-Dade"
33100,1980,cluster_1,G1200250000204,1200250000204,54,4522,0.014099216710182768,"Miami, North-central Miami-Dade"
33100,1980,cluster_1,G1200250000205,1200250000205,265,6223,0.04992464204973625,"Miami, North-central Miami-Dade"
33100,1980,cluster_1,G1200250000206,1200250000206,1442,4811,0.36964880799794925,"Miami, North-central Miami-Dade"
33100,1980,cluster_1,G1200250000207,1200250000207,579,11411,0.059457794208256316,"Miami, North-central Miami-Dade"
33100,1980,cluster_1,G1200250000208,1200250000208,73,7185,0.012106135986733001,"Miami, North-central Miami-Dade"
33100,1980,cluster_1,G1200250000301,1200250000301,166,5138,0.03697104677060133,"Miami, North-central Miami-Dade"
33100,1980,cluster_1,G1200250000302,1200250000302,3,1935,0.0017626321974148062,"Miami, North-central Miami-Dade"
33100,1980,cluster_1,G1200250000303,1200250000303,172,8904,0.022664382659111873,"Miami, North-central Miami-Dade"
33100,1980,cluster_1,G1200250000304,1200250000304,282,8133,0.04358578052550232,"Miami, North-central Miami-Dade"
33100,1980,cluster_1,G1200250000401,1200250000401,1642,5937,0.31827873618918395,"Miami, North-central Miami-Dade"
33100,1980,cluster_1,G1200250000402,1200250000402,3837,3922,0.9932694796790059,"Miami, North-central Miami-Dade"
33100,1980,cluster_1,G1200250000403,1200250000403,6150,6653,0.9607873769723481,"Miami, North-central Miami-Dade"
33100,1980,cluster_1,G1200250000404,1200250000404,3182,5910,0.6393409684548925,"Miami, North-central Miami-Dade"
33100,1980,cluster_1,G1200250000405,1200250000405,541,3588,0.20500189465706706,"Miami, North-central Miami-Dade"
33100,1980,cluster_1,G1200250000406,1200250000406,1217,6102,0.30228514654744165,"Miami, North-central Miami-Dade"
33100,1980,cluster_1,G1200250000407,1200250000407,5771,10481,0.6966441332689522,"Miami, North-central Miami-Dade"
33100,1980,cluster_1,G1200250000408,1200250000408,2939,5258,0.6635809437796343,"Miami, North-central Miami-Dade"
33100,1980,cluster_1,G1200250000501,1200250000501,3634,5721,0.7188921859545004,"Miami, North-central Miami-Dade"
33100,1980,cluster_1,G1200250000503,1200250000503,3842,6659,0.7269631031220435,"Miami, North-central Miami-Dade"
33100,1980,cluster_1,G1200250000901,1200250000901,1618,6487,0.4989207523897626,"Miami, North-central Miami-Dade"
33100,1980,cluster_1,G1200250000902,1200250000902,2683,6161,0.6941785252263907,"Miami, North-central Miami-Dade"
33100,1980,cluster_1,G1200250000903,1200250000903,2182,3899,0.6155148095909732,"Miami, North-central Miami-Dade"
33100,1980,cluster_1,G1200250001001,1200250001001,4100,6745,0.759822090437361,"Miami, North-central Miami-Dade"
33100,1980,cluster_1,G1200250001002,1200250001002,5527,6352,0.9072554169402495,"Miami, North-central Miami-Dade"
33100,1980,cluster_1,G1200250001003,1200250001003,5239,6262,0.8765266856282415,"Miami, North-central Miami-Dade"
33100,1980,cluster_1,G1200250001004,1200250001004,7412,8125,0.9301041535951813,"Miami, North-central Miami-Dade"
33100,1980,cluster_1,G1200250001101,1200250001101,69,3736,0.02480230050323508,"Miami, North-central Miami-Dade"
33100,1980,cluster_1,G1200250001102,1200250001102,287,3771,0.10279369627507164,"Miami, North-central Miami-Dade"
33100,1980,cluster_1,G1200250001103,1200250001103,478,3346,0.18870904066324518,"Miami, North-central Miami-Dade"
33100,1980,cluster_1,G1200250001203,1200250001203,95,4987,0.02227954971857411,"Miami, North-central Miami-Dade"
33100,1980,cluster_1,G12002500014,12002500014,7077,10552,0.7862459726697034,"Miami, North-central Miami-Dade"
33100,1980,cluster_1,G1200250001501,1200250001501,4836,4952,0.9946524064171123,"Miami, North-central Miami-Dade"
33100,1980,cluster_1,G1200250001502,1200250001502,6790,6902,0.9963316214233309,"Miami, North-central Miami-Dade"
33100,1980,cluster_1,G1200250001701,1200250001701,3410,4377,0.8333333333333334,"Miami, North-central Miami-Dade"
33100,1980,cluster_1,G1200250001702,1200250001702,3032,3350,0.9475,"Miami, North-central Miami-Dade"
33100,1980,cluster_1,G1200250001801,1200250001801,4562,4675,0.9928182807399347,"Miami, North-central Miami-Dade"
33100,1980,cluster_1,G1200250001802,1200250001802,4936,5474,0.9807272004768528,"Miami, North-central Miami-Dade"
33100,1980,cluster_1,G1200250001803,1200250001803,4452,5120,0.9514853601196837,"Miami, North-central Miami-Dade"
33100,1980,cluster_1,G1200250001901,1200250001901,4037,4120,0.9938453963564746,"Miami, North-central Miami-Dade"
33100,1980,cluster_1,G1200250001902,1200250001902,8437,8711,0.991421856639248,"Miami, North-central Miami-Dade"
33100,1980,cluster_1,G1200250002001,1200250002001,4083,5458,0.873929794520548,"Miami, North-central Miami-Dade"
33100,1980,cluster_1,G1200250002002,1200250002002,5973,8167,0.8841030195381883,"Miami, North-central Miami-Dade"
33100,1980,cluster_1,G1200250002201,1200250002201,3224,5461,0.7490706319702602,"Miami, North-central Miami-Dade"
33100,1980,cluster_1,G1200250002202,1200250002202,5793,8361,0.8250961401509757,"Miami, North-central Miami-Dade"
33100,1980,cluster_1,G12002500023,12002500023,6699,7029,0.9893664155959238,"Miami, North-central Miami-Dade"
33100,1980,cluster_1,G12002500024,12002500024,1130,11715,0.44611133043821555,"Miami, North-central Miami-Dade"
33100,1980,cluster_1,G12002500025,12002500025,2518,7142,0.822069866144303,"Miami, North-central Miami-Dade"
33100,1980,cluster_1,G12002500028,12002500028,2246,3071,0.9319502074688797,"Miami, North-central Miami-Dade"
33100,1980,cluster_1,G12002500029,12002500029,301,2796,0.4452662721893491,"Miami, North-central Miami-Dade"
33100,1980,cluster_1,G1200250003001,1200250003001,1110,3617,0.47659939888364106,"Miami, North-central Miami-Dade"
33100,1980,cluster_1,G1200250003002,1200250003002,938,8222,0.3600767754318618,"Miami, North-central Miami-Dade"
33100,1980,cluster_1,G12002500031,12002500031,5544,5752,0.9914163090128756,"Miami, North-central Miami-Dade"
33100,1980,cluster_1,G12002500034,12002500034,4437,4583,0.9957360861759426,"Miami, North-central Miami-Dade"
33100,1980,cluster_1,G1200250003601,1200250003601,930,1611,0.8122270742358079,"Miami, North-central Miami-Dade"
33100,1980,cluster_1,G12002500094,12002500094,3887,6230,0.7657604412923562,"Miami, North-central Miami-Dade"
33100,1980,cluster_1,G1200250009501,1200250009501,675,4121,0.19105575997735635,"Miami, North-central Miami-Dade"
33100,1980,cluster_1,G1200250009502,1200250009502,6161,9315,0.7355539637058262,"Miami, North-central Miami-Dade"
33100,1980,cluster_1,G12002500096,12002500096,108,4511,0.02735562310030395,"Miami, North-central Miami-Dade"
33100,1980,cluster_1,G12002500098,12002500098,96,10613,0.009806926141587496,"Miami, North-central Miami-Dade"
33100,1980,cluster_1,G1200250009901,1200250009901,53,2010,0.028741865509761388,"Miami, North-central Miami-Dade"
33100,1980,cluster_1,G1200250009902,1200250009902,1630,10684,0.17864971503726434,"Miami, North-central Miami-Dade"
33100,1980,cluster_1,G1200250009903,1200250009903,3297,4839,0.7455902306648575,"Miami, North-central Miami-Dade"
33100,1980,cluster_1,G1200250009904,1200250009904,2157,2609,0.9225834046193327,"Miami, North-central Miami-Dade"
33100,1980,cluster_1,G1200250010001,1200250010001,5367,7153,0.946393934050432,"Miami, North-central Miami-Dade"
33100,1980,cluster_1,G1200250010002,1200250010002,4277,6441,0.8182513870288884,"Miami, North-central Miami-Dade"
33100,1980,cluster_1,G1200250010005,1200250010005,2357,7823,0.5165461319307473,"Miami, North-central Miami-Dade"
33100,1980,cluster_1,G1200250010006,1200250010006,3937,6663,0.7334202682563339,"Miami, North-central Miami-Dade"
33100,1980,cluster_1,G1200250010007,1200250010007,831,7965,0.20605008678403175,"Miami, North-central Miami-Dade"
33100,1980,cluster_1,G1200250010008,1200250010008,5946,12227,0.7466097438473129,"Miami, North-central Miami-Dade"
33100,1980,cluster_1,G1200250010107,1200250010107,130,3854,0.040612308653545766,"Miami, North-central Miami-Dade"
33100,1990,cluster_1,G12001100805,12001100805,5852,6387,0.9449378330373002,"Miami, North-central Miami-Dade"
33100,1990,cluster_1,G12001100903,12001100903,304,7165,0.04778371581263754,"Miami, North-central Miami-Dade"
33100,1990,cluster_1,G12001100904,12001100904,554,11220,0.058779840848806365,"Miami, North-central Miami-Dade"
33100,1990,cluster_1,G12001100911,12001100911,294,5633,0.07098020280057943,"Miami, North-central Miami-Dade"
33100,1990,cluster_1,G12001100912,12001100912,427,9600,0.05872644753128868,"Miami, North-central Miami-Dade"
33100,1990,cluster_1,G12001100913,12001100913,136,3650,0.04513773647527381,"Miami, North-central Miami-Dade"
33100,1990,cluster_1,G12001100914,12001100914,1318,4800,0.3429612282071298,"Miami, North-central Miami-Dade"
33100,1990,cluster_1,G12001100915,12001100915,331,4558,0.09613708974731339,"Miami, North-central Miami-Dade"
33100,1990,cluster_1,G12001100916,12001100916,160,4811,0.034767492394611035,"Miami, North-central Miami-Dade"
33100,1990,cluster_1,G12001100917,12001100917,201,6051,0.03769692423105776,"Miami, North-central Miami-Dade"
33100,1990,cluster_1,G12001100918,12001100918,2896,7852,0.4405902936254374,"Miami, North-central Miami-Dade"
33100,1990,cluster_1,G12001101003,12001101003,392,5087,0.09979633401221996,"Miami, North-central Miami-Dade"
33100,1990,cluster_1,G12001101004,12001101004,3575,4017,0.929778933680104,"Miami, North-central Miami-Dade"
33100,1990,cluster_1,G12001101005,12001101005,186,4590,0.045047226931460405,"Miami, North-central Miami-Dade"
33100,1990,cluster_1,G12001101006,12001101006,404,4966,0.10356318892591643,"Miami, North-central Miami-Dade"
33100,1990,cluster_1,G12001101007,12001101007,4145,4846,0.8728153295430617,"Miami, North-central Miami-Dade"
33100,1990,cluster_1,G12001101008,12001101008,1643,8262,0.26229246487867175,"Miami, North-central Miami-Dade"
33100,1990,cluster_1,G12001101101,12001101101,236,6194,0.04518475971663795,"Miami, North-central Miami-Dade"
33100,1990,cluster_1,G12001101102,12001101102,224,665,0.38421955403087477,"Miami, North-central Miami-Dade"
33100,1990,cluster_1,G12001101103,12001101103,5555,71894,0.09063025141533292,"Miami, North-central Miami-Dade"
33100,1990,cluster_1,G1200110110401,1200110110401,853,9110,0.11320504313205043,"Miami, North-central Miami-Dade"
33100,1990,cluster_1,G1200110110402,1200110110402,745,4178,0.22782874617737003,"Miami, North-central Miami-Dade"
33100,1990,cluster_1,G12001101105,12001101105,737,6888,0.13062743707904997,"Miami, North-central Miami-Dade"
33100,1990,cluster_1,G1200250000201,1200250000201,1693,7073,0.3230299561152452,"Miami, North-central Miami-Dade"
33100,1990,cluster_1,G1200250000202,1200250000202,699,6056,0.16575764761678918,"Miami, North-central Miami-Dade"
33100,1990,cluster_1,G1200250000203,1200250000203,416,8719,0.05815741646861457,"Miami, North-central Miami-Dade"
33100,1990,cluster_1,G1200250000204,1200250000204,923,3785,0.3562331146275569,"Miami, North-central Miami-Dade"
33100,1990,cluster_1,G1200250000205,1200250000205,2541,6809,0.5212307692307693,"Miami, North-central Miami-Dade"
33100,1990,cluster_1,G1200250000206,1200250000206,2441,4845,0.6695008228195283,"Miami, North-central Miami-Dade"
33100,1990,cluster_1,G1200250000207,1200250000207,4933,14238,0.47160611854684514,"Miami, North-central Miami-Dade"
33100,1990,cluster_1,G1200250000208,1200250000208,2077,8298,0.3787381473377097,"Miami, North-central Miami-Dade"
33100,1990,cluster_1,G1200250000301,1200250000301,1516,5678,0.3645983645983646,"Miami, North-central Miami-Dade"
33100,1990,cluster_1,G1200250000302,1200250000302,400,2028,0.26109660574412535,"Miami, North-central Miami-Dade"
33100,1990,cluster_1,G1200250000303,1200250000303,3326,10375,0.4437033084311633,"Miami, North-central Miami-Dade"
33100,1990,cluster_1,G1200250000304,1200250000304,2707,8538,0.4383805668016194,"Miami, North-central Miami-Dade"
33100,1990,cluster_1,G1200250000401,1200250000401,4047,6761,0.7263101220387652,"Miami, North-central Miami-Dade"
33100,1990,cluster_1,G1200250000402,1200250000402,3674,3714,0.99728555917481,"Miami, North-central Miami-Dade"
33100,1990,cluster_1,G1200250000403,1200250000403,6450,6924,0.9872952701668453,"Miami, North-central Miami-Dade"
33100,1990,cluster_1,G1200250000404,1200250000404,5197,6646,0.9076143904994761,"Miami, North-central Miami-Dade"
33100,1990,cluster_1,G1200250000405,1200250000405,2501,4138,0.782051282051282,"Miami, North-central Miami-Dade"
33100,1990,cluster_1,G1200250000406,1200250000406,4046,7486,0.7894634146341464,"Miami, North-central Miami-Dade"
33100,1990,cluster_1,G1200250000407,1200250000407,7683,10914,0.9152966404574696,"Miami, North-central Miami-Dade"
33100,1990,cluster_1,G1200250000408,1200250000408,4318,5609,0.8682887593002212,"Miami, North-central Miami-Dade"
33100,1990,cluster_1,G1200250000501,1200250000501,4958,6568,0.8747353563867325,"Miami, North-central Miami-Dade"
33100,1990,cluster_1,G1200250000503,1200250000503,3814,6114,0.883893395133256,"Miami, North-central Miami-Dade"
33100,1990,cluster_1,G1200250000901,1200250000901,1704,7082,0.7041322314049587,"Miami, North-central Miami-Dade"
33100,1990,cluster_1,G1200250000902,1200250000902,3120,6615,0.861878453038674,"Miami, North-central Miami-Dade"
33100,1990,cluster_1,G1200250000903,1200250000903,1779,3425,0.8153070577451879,"Miami, North-central Miami-Dade"
33100,1990,cluster_1,G1200250001001,1200250001001,4974,6622,0.8963777257163453,"Miami, North-central Miami-Dade"
33100,1990,cluster_1,G1200250001002,1200250001002,5862,6619,0.9619297669839186,"Miami, North-central Miami-Dade"
33100,1990,cluster_1,G1200250001003,1200250001003,5132,6063,0.9626711686362783,"Miami, North-central Miami-Dade"
33100,1990,cluster_1,G1200250001004,1200250001004,6006,6533,0.9808917197452229,"Miami, North-central Miami-Dade"
33100,1990,cluster_1,G1200250001101,1200250001101,1481,4374,0.4745273950656841,"Miami, North-central Miami-Dade"
33100,1990,cluster_1,G1200250001102,1200250001102,2088,4600,0.5860230143137806,"Miami, North-central Miami-Dade"
33100,1990,cluster_1,G1200250001103,1200250001103,2478,4307,0.7486404833836858,"Miami, North-central Miami-Dade"
33100,1990,cluster_1,G1200250001203,1200250001203,1940,6283,0.4077343421605717,"Miami, North-central Miami-Dade"
33100,1990,cluster_1,G1200250001301,1200250001301,2875,5374,0.6848499285373988,"Miami, North-central Miami-Dade"
33100,1990,cluster_1,G1200250001401,1200250001401,4581,5361,0.975095785440613,"Miami, North-central Miami-Dade"
33100,1990,cluster_1,G1200250001402,1200250001402,3553,4207,0.9406936722266349,"Miami, North-central Miami-Dade"
33100,1990,cluster_1,G1200250001501,1200250001501,3588,3653,0.9969435954431787,"Miami, North-central Miami-Dade"
33100,1990,cluster_1,G1200250001502,1200250001502,5928,5992,0.9988205560235889,"Miami, North-central Miami-Dade"
33100,1990,cluster_1,G1200250001701,1200250001701,3084,4239,0.957169459962756,"Miami, North-central Miami-Dade"
33100,1990,cluster_1,G1200250001702,1200250001702,2828,3180,0.9775319737296924,"Miami, North-central Miami-Dade"
33100,1990,cluster_1,G1200250001801,1200250001801,3720,3779,0.998389694041868,"Miami, North-central Miami-Dade"
33100,1990,cluster_1,G1200250001802,1200250001802,4139,4628,0.9861806051941864,"Miami, North-central Miami-Dade"
33100,1990,cluster_1,G1200250001803,1200250001803,4238,4626,0.991809033465949,"Miami, North-central Miami-Dade"
33100,1990,cluster_1,G1200250001901,1200250001901,3671,3726,0.9980967917346384,"Miami, North-central Miami-Dade"
33100,1990,cluster_1,G1200250001903,1200250001903,4368,4476,0.9958960328317373,"Miami, North-central Miami-Dade"
33100,1990,cluster_1,G1200250001904,1200250001904,3640,3737,0.9969871268145714,"Miami, North-central Miami-Dade"
33100,1990,cluster_1,G1200250002001,1200250002001,4242,5110,0.9623411978221416,"Miami, North-central Miami-Dade"
33100,1990,cluster_1,G1200250002003,1200250002003,3930,4450,0.9788293897882939,"Miami, North-central Miami-Dade"
33100,1990,cluster_1,G1200250002004,1200250002004,2709,3494,0.9416058394160584,"Miami, North-central Miami-Dade"
33100,1990,cluster_1,G1200250002201,1200250002201,4292,5688,0.8741344195519348,"Miami, North-central Miami-Dade"
33100,1990,cluster_1,G1200250002202,1200250002202,5616,7109,0.9741543798785777,"Miami, North-central Miami-Dade"
33100,1990,cluster_1,G12002500023,12002500023,5936,6340,0.9944714357513822,"Miami, North-central Miami-Dade"
33100,1990,cluster_1,G1200250002401,1200250002401,719,8025,0.6626728110599078,"Miami, North-central Miami-Dade"
33100,1990,cluster_1,G1200250002402,1200250002402,488,4748,0.6304909560723514,"Miami, North-central Miami-Dade"
33100,1990,cluster_1,G12002500025,12002500025,2524,7144,0.9098774333093006,"Miami, North-central Miami-Dade"
33100,1990,cluster_1,G12002500028,12002500028,1396,2363,0.8835443037974684,"Miami, North-central Miami-Dade"
33100,1990,cluster_1,G12002500029,12002500029,630,3427,0.6702127659574468,"Miami, North-central Miami-Dade"
33100,1990,cluster_1,G1200250003001,1200250003001,1160,3073,0.6636155606407322,"Miami, North-central Miami-Dade"
33100,1990,cluster_1,G1200250003002,1200250003002,1953,11059,0.5565688230265032,"Miami, North-central Miami-Dade"
33100,1990,cluster_1,G12002500031,12002500031,5064,5392,0.9886762983209684,"Miami, North-central Miami-Dade"
33100,1990,cluster_1,G12002500034,12002500034,2718,2799,0.9974311926605505,"Miami, North-central Miami-Dade"
33100,1990,cluster_1,G1200250003601,1200250003601,1415,2411,0.9433333333333334,"Miami, North-central Miami-Dade"
33100,1990,cluster_1,G12002500094,12002500094,5212,6513,0.9406244360223787,"Miami, North-central Miami-Dade"
33100,1990,cluster_1,G1200250009501,1200250009501,3720,4748,0.8831908831908832,"Miami, North-central Miami-Dade"
33100,1990,cluster_1,G1200250009502,1200250009502,7844,9240,0.9209815662792062,"Miami, North-central Miami-Dade"
33100,1990,cluster_1,G12002500096,12002500096,2365,6672,0.4754724567752312,"Miami, North-central Miami-Dade"
33100,1990,cluster_1,G12002500098,12002500098,1752,16207,0.13052223794978768,"Miami, North-central Miami-Dade"
33100,1990,cluster_1,G1200250009901,1200250009901,1862,3575,0.5791601866251944,"Miami, North-central Miami-Dade"
33100,1990,cluster_1,G1200250009902,1200250009902,7231,10593,0.7814762779639036,"Miami, North-central Miami-Dade"
33100,1990,cluster_1,G1200250009903,1200250009903,4738,5348,0.9440127515441323,"Miami, North-central Miami-Dade"
33100,1990,cluster_1,G1200250009904,1200250009904,2476,2772,0.9634241245136187,"Miami, North-central Miami-Dade"
33100,1990,cluster_1,G1200250010001,1200250010001,5279,6706,0.9720125207144172,"Miami, North-central Miami-Dade"
33100,1990,cluster_1,G1200250010002,1200250010002,6931,8708,0.9497122499314881,"Miami, North-central Miami-Dade"
33100,1990,cluster_1,G1200250010005,1200250010005,2566,7821,0.7273242630385488,"Miami, North-central Miami-Dade"
33100,1990,cluster_1,G1200250010006,1200250010006,5229,7765,0.8665893271461717,"Miami, North-central Miami-Dade"
33100,1990,cluster_1,G1200250010007,1200250010007,1132,9473,0.3042192958882021,"Miami, North-central Miami-Dade"
33100,1990,cluster_1,G1200250010008,1200250010008,6559,13051,0.8680518793012175,"Miami, North-central Miami-Dade"
33100,1990,cluster_1,G1200250010117,1200250010117,1488,10324,0.2965915885987642,"Miami, North-central Miami-Dade"
33100,1990,cluster_1,G1200250010118,1200250010118,2158,11600,0.3440140283755779,"Miami, North-central Miami-Dade"
33100,2000,cluster_1,G12011080500,12011080500,6065,6916,0.9467686543865127,"Miami, North-central Miami-Dade"
33100,2000,cluster_1,G12011090300,12011090300,648,8900,0.0975316074653823,"Miami, North-central Miami-Dade"
33100,2000,cluster_1,G12011090402,12011090402,1094,8134,0.2032701597918989,"Miami, North-central Miami-Dade"
33100,2000,cluster_1,G12011091100,12011091100,600,6415,0.18337408312958436,"Miami, North-central Miami-Dade"
33100,2000,cluster_1,G12011091201,12011091201,405,5227,0.14542190305206462,"Miami, North-central Miami-Dade"
33100,2000,cluster_1,G12011091202,12011091202,329,4667,0.12447975785092698,"Miami, North-central Miami-Dade"
33100,2000,cluster_1,G12011091300,12011091300,298,3870,0.12050141528507885,"Miami, North-central Miami-Dade"
33100,2000,cluster_1,G12011091400,12011091400,1712,5254,0.5121148668860305,"Miami, North-central Miami-Dade"
33100,2000,cluster_1,G12011091500,12011091500,1644,5147,0.5306649451258877,"Miami, North-central Miami-Dade"
33100,2000,cluster_1,G12011091600,12011091600,512,5134,0.11824480369515011,"Miami, North-central Miami-Dade"
33100,2000,cluster_1,G12011091700,12011091700,979,8034,0.16829981089908888,"Miami, North-central Miami-Dade"
33100,2000,cluster_1,G12011091800,12011091800,3621,8389,0.5938012463102657,"Miami, North-central Miami-Dade"
33100,2000,cluster_1,G12011100300,12011100300,1101,5980,0.2978090343521774,"Miami, North-central Miami-Dade"
33100,2000,cluster_1,G12011100400,12011100400,3461,4137,0.9492594624245749,"Miami, North-central Miami-Dade"
33100,2000,cluster_1,G12011100500,12011100500,488,4486,0.14946401225114855,"Miami, North-central Miami-Dade"
33100,2000,cluster_1,G12011100600,12011100600,1100,5143,0.34471952366029457,"Miami, North-central Miami-Dade"
33100,2000,cluster_1,G12011100700,12011100700,4640,5232,0.9351068117694478,"Miami, North-central Miami-Dade"
33100,2000,cluster_1,G12011100801,12011100801,1577,3174,0.680034497628288,"Miami, North-central Miami-Dade"
33100,2000,cluster_1,G12011100802,12011100802,3438,6685,0.7475538160469667,"Miami, North-central Miami-Dade"
33100,2000,cluster_1,G12011110100,12011110100,834,6383,0.1956368754398311,"Miami, North-central Miami-Dade"
33100,2000,cluster_1,G12011110304,12011110304,1475,11375,0.2382490712324342,"Miami, North-central Miami-Dade"
33100,2000,cluster_1,G12011110305,12011110305,1060,9125,0.21531586431037986,"Miami, North-central Miami-Dade"
33100,2000,cluster_1,G12011110308,12011110308,727,6270,0.16130463723097405,"Miami, North-central Miami-Dade"
33100,2000,cluster_1,G12011110310,12011110310,902,7834,0.16208445642407907,"Miami, North-central Miami-Dade"
33100,2000,cluster_1,G12011110311,12011110311,638,6213,0.15296092064253178,"Miami, North-central Miami-Dade"
33100,2000,cluster_1,G12011110312,12011110312,740,6660,0.16517857142857142,"Miami, North-central Miami-Dade"
33100,2000,cluster_1,G12011110313,12011110313,491,4639,0.17417523944661228,"Miami, North-central Miami-Dade"
33100,2000,cluster_1,G12011110315,12011110315,2980,12022,0.4174254097212495,"Miami, North-central Miami-Dade"
33100,2000,cluster_1,G12011110316,12011110316,2581,9822,0.35649171270718233,"Miami, North-central Miami-Dade"
33100,2000,cluster_1,G12011110317,12011110317,2874,18469,0.32065156755550595,"Miami, North-central Miami-Dade"
33100,2000,cluster_1,G12011110318,12011110318,1489,5812,0.4901250822909809,"Miami, North-central Miami-Dade"
33100,2000,cluster_1,G12011110319,12011110319,2957,5133,0.7716597077244259,"Miami, North-central Miami-Dade"
33100,2000,cluster_1,G12011110320,12011110320,5239,7972,0.8638087386644683,"Miami, North-central Miami-Dade"
33100,2000,cluster_1,G12011110321,12011110321,655,4249,0.3555917480998914,"Miami, North-central Miami-Dade"
33100,2000,cluster_1,G12011110322,12011110322,420,2960,0.455531453362256,"Miami, North-central Miami-Dade"
33100,2000,cluster_1,G12011110323,12011110323,2790,4735,0.779547359597653,"Miami, North-central Miami-Dade"
33100,2000,cluster_1,G12011110402,12011110402,3027,4662,0.8119635193133047,"Miami, North-central Miami-Dade"
33100,2000,cluster_1,G12011110403,12011110403,2282,5112,0.6538681948424069,"Miami, North-central Miami-Dade"
33100,2000,cluster_1,G12011110404,12011110404,2398,5384,0.6292311729204934,"Miami, North-central Miami-Dade"
33100,2000,cluster_1,G12011110500,12011110500,4189,8028,0.7179091688089118,"Miami, North-central Miami-Dade"
33100,2000,cluster_1,G12086000201,12086000201,3208,8104,0.6424994992990186,"Miami, North-central Miami-Dade"
33100,2000,cluster_1,G12086000202,12086000202,1470,6789,0.452725592854943,"Miami, North-central Miami-Dade"
33100,2000,cluster_1,G12086000203,12086000203,3249,11107,0.4490670352453352,"Miami, North-central Miami-Dade"
33100,2000,cluster_1,G12086000204,12086000204,2820,4811,0.8465926148303813,"Miami, North-central Miami-Dade"
33100,2000,cluster_1,G12086000205,12086000205,5212,8289,0.8764082730788633,"Miami, North-central Miami-Dade"
33100,2000,cluster_1,G12086000206,12086000206,3450,5423,0.8579955235016166,"Miami, North-central Miami-Dade"
33100,2000,cluster_1,G12086000208,12086000208,5256,9991,0.7891891891891892,"Miami, North-central Miami-Dade"
33100,2000,cluster_1,G12086000209,12086000209,5197,7875,0.8325857097084268,"Miami, North-central Miami-Dade"
33100,2000,cluster_1,G12086000210,12086000210,6250,9106,0.894518391298125,"Miami, North-central Miami-Dade"
33100,2000,cluster_1,G12086000301,12086000301,4491,7317,0.8045503403797922,"Miami, North-central Miami-Dade"
33100,2000,cluster_1,G12086000302,12086000302,1451,2439,0.7877307274701412,"Miami, North-central Miami-Dade"
33100,2000,cluster_1,G12086000304,12086000304,5965,10036,0.8273231622746186,"Miami, North-central Miami-Dade"
33100,2000,cluster_1,G12086000305,12086000305,4791,7303,0.845420857596612,"Miami, North-central Miami-Dade"
33100,2000,cluster_1,G12086000306,12086000306,3027,5354,0.8027048528241846,"Miami, North-central Miami-Dade"
33100,2000,cluster_1,G12086000401,12086000401,6867,9426,0.918048128342246,"Miami, North-central Miami-Dade"
33100,2000,cluster_1,G12086000402,12086000402,3176,3341,0.9962358845671268,"Miami, North-central Miami-Dade"
33100,2000,cluster_1,G12086000403,12086000403,5937,6447,0.9949723479135244,"Miami, North-central Miami-Dade"
33100,2000,cluster_1,G12086000404,12086000404,5015,6264,0.9505307050796058,"Miami, North-central Miami-Dade"
33100,2000,cluster_1,G12086000405,12086000405,3210,4520,0.9098639455782312,"Miami, North-central Miami-Dade"
33100,2000,cluster_1,G12086000406,12086000406,5291,8311,0.9329924175630401,"Miami, North-central Miami-Dade"
33100,2000,cluster_1,G12086000407,12086000407,8050,11715,0.9545831851061307,"Miami, North-central Miami-Dade"
33100,2000,cluster_1,G12086000408,12086000408,4097,5898,0.946626617375231,"Miami, North-central Miami-Dade"
33100,2000,cluster_1,G12086000501,12086000501,4568,6224,0.9301567908776217,"Miami, North-central Miami-Dade"
33100,2000,cluster_1,G12086000503,12086000503,4133,6345,0.9423164614683083,"Miami, North-central Miami-Dade"
33100,2000,cluster_1,G12086000901,12086000901,1297,7666,0.755387303436226,"Miami, North-central Miami-Dade"
33100,2000,cluster_1,G12086000902,12086000902,2483,6937,0.8798724309000708,"Miami, North-central Miami-Dade"
33100,2000,cluster_1,G12086000903,12086000903,1514,3817,0.9038805970149254,"Miami, North-central Miami-Dade"
33100,2000,cluster_1,G12086001002,12086001002,5103,6307,0.9834264790903835,"Miami, North-central Miami-Dade"
33100,2000,cluster_1,G12086001003,12086001003,4639,5547,0.9824227022448115,"Miami, North-central Miami-Dade"
33100,2000,cluster_1,G12086001004,12086001004,5113,6150,0.9849739934502023,"Miami, North-central Miami-Dade"
33100,2000,cluster_1,G12086001005,12086001005,1839,2174,0.9663688912243825,"Miami, North-central Miami-Dade"
33100,2000,cluster_1,G12086001006,12086001006,2289,3322,0.9454770755885997,"Miami, North-central Miami-Dade"
33100,2000,cluster_1,G12086001101,12086001101,3018,5315,0.8018065887353879,"Miami, North-central Miami-Dade"
33100,2000,cluster_1,G12086001102,12086001102,2743,5093,0.7594130675526024,"Miami, North-central Miami-Dade"
33100,2000,cluster_1,G12086001103,12086001103,2485,4397,0.850444900752909,"Miami, North-central Miami-Dade"
33100,2000,cluster_1,G12086001203,12086001203,3353,7590,0.6643550624133149,"Miami, North-central Miami-Dade"
33100,2000,cluster_1,G12086001301,12086001301,2841,5728,0.7472382956338769,"Miami, North-central Miami-Dade"
33100,2000,cluster_1,G12086001401,12086001401,3048,4421,0.9725590299936184,"Miami, North-central Miami-Dade"
33100,2000,cluster_1,G12086001402,12086001402,2101,3581,0.9576116681859617,"Miami, North-central Miami-Dade"
33100,2000,cluster_1,G12086001501,12086001501,3847,4024,0.9948280320662012,"Miami, North-central Miami-Dade"
33100,2000,cluster_1,G12086001502,12086001502,4796,5010,0.9944018245905039,"Miami, North-central Miami-Dade"
33100,2000,cluster_1,G12086001701,12086001701,2841,3663,0.9756181318681318,"Miami, North-central Miami-Dade"
33100,2000,cluster_1,G12086001702,12086001702,2423,2557,0.9975298476739399,"Miami, North-central Miami-Dade"
33100,2000,cluster_1,G12086001801,12086001801,3475,3586,0.9962729357798165,"Miami, North-central Miami-Dade"
33100,2000,cluster_1,G12086001802,12086001802,3378,3569,0.9946996466431095,"Miami, North-central Miami-Dade"
33100,2000,cluster_1,G12086001803,12086001803,3303,3582,0.9981867633726201,"Miami, North-central Miami-Dade"
33100,2000,cluster_1,G12086001901,12086001901,3842,4033,0.9937920331091568,"Miami, North-central Miami-Dade"
33100,2000,cluster_1,G12086001903,12086001903,2844,2957,0.9940580216707445,"Miami, North-central Miami-Dade"
33100,2000,cluster_1,G12086001904,12086001904,3877,4061,0.9928297055057619,"Miami, North-central Miami-Dade"
33100,2000,cluster_1,G12086002001,12086002001,2726,4327,0.9561557348298843,"Miami, North-central Miami-Dade"
33100,2000,cluster_1,G12086002003,12086002003,2497,3410,0.9769170579029735,"Miami, North-central Miami-Dade"
33100,2000,cluster_1,G12086002004,12086002004,1820,2868,0.9604221635883905,"Miami, North-central Miami-Dade"
33100,2000,cluster_1,G12086002201,12086002201,2886,4641,0.7624834874504623,"Miami, North-central Miami-Dade"
33100,2000,cluster_1,G12086002202,12086002202,4477,5880,0.9848218213814343,"Miami, North-central Miami-Dade"
33100,2000,cluster_1,G12086002300,12086002300,4553,5049,0.9921551536282415,"Miami, North-central Miami-Dade"
33100,2000,cluster_1,G12086002401,12086002401,868,9395,0.6850828729281768,"Miami, North-central Miami-Dade"
33100,2000,cluster_1,G12086002402,12086002402,475,4950,0.5893300248138957,"Miami, North-central Miami-Dade"
33100,2000,cluster_1,G12086002500,12086002500,4688,11542,0.8663832932914434,"Miami, North-central Miami-Dade"
33100,2000,cluster_1,G12086002800,12086002800,675,1303,0.9271978021978022,"Miami, North-central Miami-Dade"
33100,2000,cluster_1,G12086002900,12086002900,524,3519,0.7071524966261808,"Miami, North-central Miami-Dade"
33100,2000,cluster_1,G12086003001,12086003001,771,2765,0.6143426294820717,"Miami, North-central Miami-Dade"
33100,2000,cluster_1,G12086003003,12086003003,291,6233,0.3570552147239264,"Miami, North-central Miami-Dade"
33100,2000,cluster_1,G12086003004,12086003004,419,3800,0.5378690629011553,"Miami, North-central Miami-Dade"
33100,2000,cluster_1,G12086003100,12086003100,3741,4203,0.9659178931061193,"Miami, North-central Miami-Dade"
33100,2000,cluster_1,G12086003400,12086003400,2434,2797,0.9830371567043619,"Miami, North-central Miami-Dade"
33100,2000,cluster_1,G12086003601,12086003601,982,1896,0.9451395572666025,"Miami, North-central Miami-Dade"
33100,2000,cluster_1,G12086009400,12086009400,5068,6290,0.9736791546589817,"Miami, North-central Miami-Dade"
33100,2000,cluster_1,G12086009501,12086009501,3993,4941,0.9545780540282094,"Miami, North-central Miami-Dade"
33100,2000,cluster_1,G12086009502,12086009502,8214,9315,0.9748397816282933,"Miami, North-central Miami-Dade"
33100,2000,cluster_1,G12086009600,12086009600,4458,6640,0.8323375653472741,"Miami, North-central Miami-Dade"
33100,2000,cluster_1,G12086009801,12086009801,3248,8864,0.5642807505211953,"Miami, North-central Miami-Dade"
33100,2000,cluster_1,G12086009802,12086009802,4383,11817,0.5133520730850316,"Miami, North-central Miami-Dade"
33100,2000,cluster_1,G12086009901,12086009901,4169,5394,0.9320366644310306,"Miami, North-central Miami-Dade"
33100,2000,cluster_1,G12086009902,12086009902,9430,11332,0.9338482867894633,"Miami, North-central Miami-Dade"
33100,2000,cluster_1,G12086009903,12086009903,4702,5086,0.984299769729956,"Miami, North-central Miami-Dade"
33100,2000,cluster_1,G12086009904,12086009904,2387,2628,0.9823045267489712,"Miami, North-central Miami-Dade"
33100,2000,cluster_1,G12086010001,12086010001,5122,6504,0.9812260536398467,"Miami, North-central Miami-Dade"
33100,2000,cluster_1,G12086010002,12086010002,8716,10600,0.9733109994416527,"Miami, North-central Miami-Dade"
33100,2000,cluster_1,G12086010005,12086010005,2078,7993,0.7534445250181291,"Miami, North-central Miami-Dade"
33100,2000,cluster_1,G12086010006,12086010006,4829,7237,0.9439014855355746,"Miami, North-central Miami-Dade"
33100,2000,cluster_1,G12086010007,12086010007,2331,14705,0.5603365384615384,"Miami, North-central Miami-Dade"
33100,2000,cluster_1,G12086010009,12086010009,3507,7532,0.8824861600402617,"Miami, North-central Miami-Dade"
33100,2000,cluster_1,G12086010010,12086010010,3031,5086,0.9501567398119122,"Miami, North-central Miami-Dade"
33100,2000,cluster_1,G12086010142,12086010142,853,5269,0.38843351548269583,"Miami, North-central Miami-Dade"
33100,2000,cluster_1,G12086010143,12086010143,2710,11277,0.674800796812749,"Miami, North-central Miami-Dade"
33100,2000,cluster_1,G12086010145,12086010145,990,5523,0.46808510638297873,"Miami, North-central Miami-Dade"
33100,2010,cluster_1,G12011080500,12011080500,5405,6786,0.9310938845822567,"Miami, North-central Miami-Dade"
33100,2010,cluster_1,G12011090301,12011090301,445,2401,0.27384615384615385,"Miami, North-central Miami-Dade"
33100,2010,cluster_1,G12011090403,12011090403,773,3271,0.41492216854535696,"Miami, North-central Miami-Dade"
33100,2010,cluster_1,G12011090404,12011090404,998,4852,0.3392250169952413,"Miami, North-central Miami-Dade"
33100,2010,cluster_1,G12011091100,12011091100,1312,6647,0.43806343906510853,"Miami, North-central Miami-Dade"
33100,2010,cluster_1,G12011091201,12011091201,662,5160,0.32837301587301587,"Miami, North-central Miami-Dade"
33100,2010,cluster_1,G12011091202,12011091202,674,4630,0.33733733733733734,"Miami, North-central Miami-Dade"
33100,2010,cluster_1,G12011091300,12011091300,455,3881,0.25068870523415976,"Miami, North-central Miami-Dade"
33100,2010,cluster_1,G12011091400,12011091400,1979,5595,0.687630298818624,"Miami, North-central Miami-Dade"
33100,2010,cluster_1,G12011091500,12011091500,2316,5272,0.7571101667211507,"Miami, North-central Miami-Dade"
33100,2010,cluster_1,G12011091600,12011091600,1134,6008,0.2848530519969857,"Miami, North-central Miami-Dade"
33100,2010,cluster_1,G12011091701,12011091701,895,3532,0.40369869192602614,"Miami, North-central Miami-Dade"
33100,2010,cluster_1,G12011091702,12011091702,758,4329,0.2999604273842501,"Miami, North-central Miami-Dade"
33100,2010,cluster_1,G12011091801,12011091801,2363,5531,0.6426434593418547,"Miami, North-central Miami-Dade"
33100,2010,cluster_1,G12011091802,12011091802,1178,2805,0.6078431372549019,"Miami, North-central Miami-Dade"
33100,2010,cluster_1,G12011100300,12011100300,1319,6053,0.4387890884896873,"Miami, North-central Miami-Dade"
33100,2010,cluster_1,G12011100400,12011100400,3752,5167,0.9489124936772888,"Miami, North-central Miami-Dade"
33100,2010,cluster_1,G12011100501,12011100501,189,936,0.4144736842105263,"Miami, North-central Miami-Dade"
33100,2010,cluster_1,G12011100502,12011100502,683,3847,0.28211482858323006,"Miami, North-central Miami-Dade"
33100,2010,cluster_1,G12011100600,12011100600,1568,5204,0.5523071504050722,"Miami, North-central Miami-Dade"
33100,2010,cluster_1,G12011100700,12011100700,4616,5354,0.9574777017216345,"Miami, North-central Miami-Dade"
33100,2010,cluster_1,G12011100801,12011100801,2117,3353,0.8454472843450479,"Miami, North-central Miami-Dade"
33100,2010,cluster_1,G12011100802,12011100802,4681,7702,0.867012409705501,"Miami, North-central Miami-Dade"
33100,2010,cluster_1,G12011110100,12011110100,1342,6315,0.3893240498984624,"Miami, North-central Miami-Dade"
33100,2010,cluster_1,G12011110308,12011110308,944,6392,0.26222222222222225,"Miami, North-central Miami-Dade"
33100,2010,cluster_1,G12011110311,12011110311,1096,6417,0.31621465666474324,"Miami, North-central Miami-Dade"
33100,2010,cluster_1,G12011110312,12011110312,1184,7225,0.34599649327878435,"Miami, North-central Miami-Dade"
33100,2010,cluster_1,G12011110313,12011110313,896,5496,0.38838318162115304,"Miami, North-central Miami-Dade"
33100,2010,cluster_1,G12011110319,12011110319,3501,5488,0.8856564634454844,"Miami, North-central Miami-Dade"
33100,2010,cluster_1,G12011110320,12011110320,7327,10159,0.9406855822313519,"Miami, North-central Miami-Dade"
33100,2010,cluster_1,G12011110321,12011110321,1171,5262,0.5728962818003914,"Miami, North-central Miami-Dade"
33100,2010,cluster_1,G12011110322,12011110322,3049,10952,0.7420296909223656,"Miami, North-central Miami-Dade"
33100,2010,cluster_1,G12011110323,12011110323,4149,5912,0.9152878888153541,"Miami, North-central Miami-Dade"
33100,2010,cluster_1,G12011110324,12011110324,3020,15742,0.47982205274864953,"Miami, North-central Miami-Dade"
33100,2010,cluster_1,G12011110325,12011110325,5900,23101,0.6392891970961101,"Miami, North-central Miami-Dade"
33100,2010,cluster_1,G12011110326,12011110326,744,4521,0.36452719255267024,"Miami, North-central Miami-Dade"
33100,2010,cluster_1,G12011110330,12011110330,616,3452,0.40686922060766184,"Miami, North-central Miami-Dade"
33100,2010,cluster_1,G12011110331,12011110331,1441,10270,0.3055555555555556,"Miami, North-central Miami-Dade"
33100,2010,cluster_1,G12011110333,12011110333,1079,6734,0.41011022424933485,"Miami, North-central Miami-Dade"
33100,2010,cluster_1,G12011110336,12011110336,2088,7165,0.6448424953675108,"Miami, North-central Miami-Dade"
33100,2010,cluster_1,G12011110337,12011110337,2981,6736,0.7506925207756233,"Miami, North-central Miami-Dade"
33100,2010,cluster_1,G12011110338,12011110338,1005,3787,0.547683923705722,"Miami, North-central Miami-Dade"
33100,2010,cluster_1,G12011110339,12011110339,544,3875,0.24242424242424243,"Miami, North-central Miami-Dade"
33100,2010,cluster_1,G12011110340,12011110340,2194,6407,0.510588782871771,"Miami, North-central Miami-Dade"
33100,2010,cluster_1,G12011110341,12011110341,1606,3427,0.7296683325761018,"Miami, North-central Miami-Dade"
33100,2010,cluster_1,G12011110342,12011110342,4204,10083,0.8016781083142639,"Miami, North-central Miami-Dade"
33100,2010,cluster_1,G12011110343,12011110343,2542,8371,0.6796791443850267,"Miami, North-central Miami-Dade"
33100,2010,cluster_1,G12011110402,12011110402,3460,4729,0.9251336898395722,"Miami, North-central Miami-Dade"
33100,2010,cluster_1,G12011110403,12011110403,2679,4992,0.8152769324406574,"Miami, North-central Miami-Dade"
33100,2010,cluster_1,G12011110404,12011110404,3177,5796,0.8321110529072813,"Miami, North-central Miami-Dade"
33100,2010,cluster_1,G12011110501,12011110501,1734,3197,0.8225806451612904,"Miami, North-central Miami-Dade"
33100,2010,cluster_1,G12011110502,12011110502,3553,5070,0.8988110295977738,"Miami, North-central Miami-Dade"
33100,2010,cluster_1,G12086000124,12086000124,1246,3206,0.6396303901437371,"Miami, North-central Miami-Dade"
33100,2010,cluster_1,G12086000202,12086000202,1336,6747,0.5363307908470494,"Miami, North-central Miami-Dade"
33100,2010,cluster_1,G12086000204,12086000204,3030,4655,0.926039119804401,"Miami, North-central Miami-Dade"
33100,2010,cluster_1,G12086000206,12086000206,3563,5349,0.921862871927555,"Miami, North-central Miami-Dade"
33100,2010,cluster_1,G12086000209,12086000209,4788,6695,0.9140893470790378,"Miami, North-central Miami-Dade"
33100,2010,cluster_1,G12086000211,12086000211,668,3149,0.48723559445660103,"Miami, North-central Miami-Dade"
33100,2010,cluster_1,G12086000212,12086000212,2511,4616,0.8679571379191151,"Miami, North-central Miami-Dade"
33100,2010,cluster_1,G12086000213,12086000213,1915,5049,0.5597778427360421,"Miami, North-central Miami-Dade"
33100,2010,cluster_1,G12086000214,12086000214,1624,5941,0.44468784227820374,"Miami, North-central Miami-Dade"
33100,2010,cluster_1,G12086000215,12086000215,2771,3706,0.9292421193829644,"Miami, North-central Miami-Dade"
33100,2010,cluster_1,G12086000216,12086000216,2852,4100,0.9329407916257769,"Miami, North-central Miami-Dade"
33100,2010,cluster_1,G12086000217,12086000217,4348,5829,0.952881875958799,"Miami, North-central Miami-Dade"
33100,2010,cluster_1,G12086000218,12086000218,2605,3431,0.9421338155515371,"Miami, North-central Miami-Dade"
33100,2010,cluster_1,G12086000219,12086000219,2572,4643,0.8499669530733642,"Miami, North-central Miami-Dade"
33100,2010,cluster_1,G12086000220,12086000220,3007,4713,0.8823356807511737,"Miami, North-central Miami-Dade"
33100,2010,cluster_1,G12086000301,12086000301,5084,7527,0.8837128454719277,"Miami, North-central Miami-Dade"
33100,2010,cluster_1,G12086000302,12086000302,1445,2473,0.8848744641763625,"Miami, North-central Miami-Dade"
33100,2010,cluster_1,G12086000305,12086000305,5871,7808,0.9192108971348051,"Miami, North-central Miami-Dade"
33100,2010,cluster_1,G12086000306,12086000306,3476,5420,0.8685657171414293,"Miami, North-central Miami-Dade"
33100,2010,cluster_1,G12086000307,12086000307,2880,4786,0.9177820267686424,"Miami, North-central Miami-Dade"
33100,2010,cluster_1,G12086000308,12086000308,3317,5392,0.858659073259125,"Miami, North-central Miami-Dade"
33100,2010,cluster_1,G12086000402,12086000402,3008,3419,0.991430454845089,"Miami, North-central Miami-Dade"
33100,2010,cluster_1,G12086000403,12086000403,5319,6336,0.9912411479686918,"Miami, North-central Miami-Dade"
33100,2010,cluster_1,G12086000404,12086000404,4483,6102,0.9711871750433275,"Miami, North-central Miami-Dade"
33100,2010,cluster_1,G12086000405,12086000405,3210,4385,0.9579230080572964,"Miami, North-central Miami-Dade"
33100,2010,cluster_1,G12086000408,12086000408,3784,5553,0.9514709580085492,"Miami, North-central Miami-Dade"
33100,2010,cluster_1,G12086000409,12086000409,3176,4677,0.9772307692307692,"Miami, North-central Miami-Dade"
33100,2010,cluster_1,G12086000410,12086000410,2833,4231,0.9698733310510099,"Miami, North-central Miami-Dade"
33100,2010,cluster_1,G12086000411,12086000411,4029,5298,0.9798151750972762,"Miami, North-central Miami-Dade"
33100,2010,cluster_1,G12086000412,12086000412,3775,6711,0.9578787109870591,"Miami, North-central Miami-Dade"
33100,2010,cluster_1,G12086000413,12086000413,3679,4825,0.9553362762918722,"Miami, North-central Miami-Dade"
33100,2010,cluster_1,G12086000414,12086000414,3916,4640,0.9661978781149766,"Miami, North-central Miami-Dade"
33100,2010,cluster_1,G12086000501,12086000501,4313,7578,0.9394467436288391,"Miami, North-central Miami-Dade"
33100,2010,cluster_1,G12086000503,12086000503,4046,6782,0.9576331360946746,"Miami, North-central Miami-Dade"
33100,2010,cluster_1,G12086000504,12086000504,2015,4370,0.9491285916156382,"Miami, North-central Miami-Dade"
33100,2010,cluster_1,G12086000901,12086000901,849,8227,0.6976170912078883,"Miami, North-central Miami-Dade"
33100,2010,cluster_1,G12086000902,12086000902,1682,7026,0.8806282722513089,"Miami, North-central Miami-Dade"
33100,2010,cluster_1,G12086000903,12086000903,1331,2673,0.952755905511811,"Miami, North-central Miami-Dade"
33100,2010,cluster_1,G12086001002,12086001002,4818,6402,0.9830646806774128,"Miami, North-central Miami-Dade"
33100,2010,cluster_1,G12086001003,12086001003,3845,5479,0.9833759590792839,"Miami, North-central Miami-Dade"
33100,2010,cluster_1,G12086001004,12086001004,4047,5354,0.9822815533980582,"Miami, North-central Miami-Dade"
33100,2010,cluster_1,G12086001005,12086001005,1719,2069,0.9744897959183674,"Miami, North-central Miami-Dade"
33100,2010,cluster_1,G12086001006,12086001006,3030,4693,0.9474671669793621,"Miami, North-central Miami-Dade"
33100,2010,cluster_1,G12086001101,12086001101,3128,5303,0.8253298153034301,"Miami, North-central Miami-Dade"
33100,2010,cluster_1,G12086001102,12086001102,2826,5002,0.7891650376989667,"Miami, North-central Miami-Dade"
33100,2010,cluster_1,G12086001103,12086001103,2352,4176,0.8552727272727273,"Miami, North-central Miami-Dade"
33100,2010,cluster_1,G12086001203,12086001203,3882,7515,0.7863074741746,"Miami, North-central Miami-Dade"
33100,2010,cluster_1,G12086001301,12086001301,1770,4545,0.6836616454229433,"Miami, North-central Miami-Dade"
33100,2010,cluster_1,G12086001401,12086001401,3906,4703,0.9866127810053044,"Miami, North-central Miami-Dade"
33100,2010,cluster_1,G12086001402,12086001402,3882,4853,0.9542772861356932,"Miami, North-central Miami-Dade"
33100,2010,cluster_1,G12086001501,12086001501,3044,3479,0.989275268118297,"Miami, North-central Miami-Dade"
33100,2010,cluster_1,G12086001502,12086001502,3388,3926,0.9906432748538012,"Miami, North-central Miami-Dade"
33100,2010,cluster_1,G12086001701,12086001701,2515,4247,0.9740511231603408,"Miami, North-central Miami-Dade"
33100,2010,cluster_1,G12086001702,12086001702,1881,2510,0.9915656299420137,"Miami, North-central Miami-Dade"
33100,2010,cluster_1,G12086001801,12086001801,3125,3778,0.9882985452245414,"Miami, North-central Miami-Dade"
33100,2010,cluster_1,G12086001802,12086001802,3029,4005,0.9905166775670373,"Miami, North-central Miami-Dade"
33100,2010,cluster_1,G12086001803,12086001803,2770,3546,0.9819213045019497,"Miami, North-central Miami-Dade"
33100,2010,cluster_1,G12086001901,12086001901,3544,4010,0.9921612541993281,"Miami, North-central Miami-Dade"
33100,2010,cluster_1,G12086001903,12086001903,2512,2815,0.988976377952756,"Miami, North-central Miami-Dade"
33100,2010,cluster_1,G12086001904,12086001904,3465,3932,0.9880239520958084,"Miami, North-central Miami-Dade"
33100,2010,cluster_1,G12086002001,12086002001,3124,3781,0.9777777777777777,"Miami, North-central Miami-Dade"
33100,2010,cluster_1,G12086002003,12086002003,2581,3336,0.9648598130841122,"Miami, North-central Miami-Dade"
33100,2010,cluster_1,G12086002004,12086002004,1963,2909,0.9556962025316456,"Miami, North-central Miami-Dade"
33100,2010,cluster_1,G12086002201,12086002201,1257,3573,0.6096023278370514,"Miami, North-central Miami-Dade"
33100,2010,cluster_1,G12086002202,12086002202,3634,5485,0.9493207941483803,"Miami, North-central Miami-Dade"
33100,2010,cluster_1,G12086002300,12086002300,3725,4963,0.9833685322069694,"Miami, North-central Miami-Dade"
33100,2010,cluster_1,G12086002402,12086002402,319,5323,0.562610229276896,"Miami, North-central Miami-Dade"
33100,2010,cluster_1,G12086002403,12086002403,128,4173,0.49612403100775193,"Miami, North-central Miami-Dade"
33100,2010,cluster_1,G12086002404,12086002404,534,5386,0.7375690607734806,"Miami, North-central Miami-Dade"
33100,2010,cluster_1,G12086002501,12086002501,1031,5388,0.8811965811965812,"Miami, North-central Miami-Dade"
33100,2010,cluster_1,G12086002502,12086002502,974,3421,0.8985239852398524,"Miami, North-central Miami-Dade"
33100,2010,cluster_1,G12086002800,12086002800,860,1630,0.882051282051282,"Miami, North-central Miami-Dade"
33100,2010,cluster_1,G12086002900,12086002900,783,5752,0.7631578947368421,"Miami, North-central Miami-Dade"
33100,2010,cluster_1,G12086003001,12086003001,689,2705,0.5446640316205533,"Miami, North-central Miami-Dade"
33100,2010,cluster_1,G12086003003,12086003003,216,6315,0.4294234592445328,"Miami, North-central Miami-Dade"
33100,2010,cluster_1,G12086003004,12086003004,881,4450,0.8089990817263545,"Miami, North-central Miami-Dade"
33100,2010,cluster_1,G12086003100,12086003100,3509,4416,0.971483942414175,"Miami, North-central Miami-Dade"
33100,2010,cluster_1,G12086003400,12086003400,1947,2320,0.9744744744744744,"Miami, North-central Miami-Dade"
33100,2010,cluster_1,G12086003601,12086003601,1035,3027,0.8861301369863014,"Miami, North-central Miami-Dade"
33100,2010,cluster_1,G12086003706,12086003706,599,1622,0.6892980437284235,"Miami, North-central Miami-Dade"
33100,2010,cluster_1,G12086009400,12086009400,4539,6370,0.9725733876151703,"Miami, North-central Miami-Dade"
33100,2010,cluster_1,G12086009501,12086009501,4349,5232,0.9679501446694858,"Miami, North-central Miami-Dade"
33100,2010,cluster_1,G12086009503,12086009503,3981,4613,0.9836916234247591,"Miami, North-central Miami-Dade"
33100,2010,cluster_1,G12086009504,12086009504,4077,4645,0.9781669865642995,"Miami, North-central Miami-Dade"
33100,2010,cluster_1,G12086009600,12086009600,5174,6854,0.9105948609644492,"Miami, North-central Miami-Dade"
33100,2010,cluster_1,G12086009803,12086009803,2479,4896,0.7991618310767247,"Miami, North-central Miami-Dade"
33100,2010,cluster_1,G12086009804,12086009804,1498,3402,0.6619531595227574,"Miami, North-central Miami-Dade"
33100,2010,cluster_1,G12086009806,12086009806,866,2631,0.5319410319410319,"Miami, North-central Miami-Dade"
33100,2010,cluster_1,G12086009807,12086009807,4073,6955,0.7870531400966183,"Miami, North-central Miami-Dade"
33100,2010,cluster_1,G12086009808,12086009808,2388,4926,0.758095238095238,"Miami, North-central Miami-Dade"
33100,2010,cluster_1,G12086009901,12086009901,7041,8862,0.9629376367614879,"Miami, North-central Miami-Dade"
33100,2010,cluster_1,G12086009903,12086009903,4762,5247,0.9822607260726073,"Miami, North-central Miami-Dade"
33100,2010,cluster_1,G12086009904,12086009904,2665,3082,0.9881349647756766,"Miami, North-central Miami-Dade"
33100,2010,cluster_1,G12086009905,12086009905,4670,5283,0.9650754288076049,"Miami, North-central Miami-Dade"
33100,2010,cluster_1,G12086009906,12086009906,4694,5546,0.9571778140293637,"Miami, North-central Miami-Dade"
33100,2010,cluster_1,G12086010001,12086010001,4833,6465,0.9859241126070991,"Miami, North-central Miami-Dade"
33100,2010,cluster_1,G12086010005,12086010005,1458,7963,0.7915309446254072,"Miami, North-central Miami-Dade"
33100,2010,cluster_1,G12086010006,12086010006,4068,7643,0.9504672897196261,"Miami, North-central Miami-Dade"
33100,2010,cluster_1,G12086010009,12086010009,3158,7668,0.9164248403946604,"Miami, North-central Miami-Dade"
33100,2010,cluster_1,G12086010010,12086010010,2422,4693,0.9630218687872764,"Miami, North-central Miami-Dade"
33100,2010,cluster_1,G12086010011,12086010011,5197,6504,0.9826054074494234,"Miami, North-central Miami-Dade"
33100,2010,cluster_1,G12086010012,12086010012,4293,5336,0.9868965517241379,"Miami, North-central Miami-Dade"
33100,2010,cluster_1,G12086010013,12086010013,1031,4278,0.8402607986960066,"Miami, North-central Miami-Dade"
33100,2010,cluster_1,G12086010015,12086010015,80,3886,0.24691358024691357,"Miami, North-central Miami-Dade"
33100,2010,cluster_1,G12086010016,12086010016,708,4919,0.7421383647798742,"Miami, North-central Miami-Dade"
33100,2010,cluster_1,G12086011600,12086011600,898,5276,0.5986666666666667,"Miami, North-central Miami-Dade"
33100,2010,cluster_1,G12086011700,12086011700,800,7176,0.6779661016949152,"Miami, North-central Miami-Dade"
33100,2010,cluster_1,G12086011800,12086011800,630,3693,0.6745182012847966,"Miami, North-central Miami-Dade"
33100,2010,cluster_1,G12086011900,12086011900,599,5370,0.39959973315543695,"Miami, North-central Miami-Dade"
33100,2020,cluster_1,G12011080500,12011080500,5430,7415,0.9089387345162371,"Miami, North-central Miami-Dade"
33100,2020,cluster_1,G12011090301,12011090301,516,2347,0.3938931297709924,"Miami, North-central Miami-Dade"
33100,2020,cluster_1,G12011090303,12011090303,747,3062,0.40096618357487923,"Miami, North-central Miami-Dade"
33100,2020,cluster_1,G12011090403,12011090403,894,3471,0.5283687943262412,"Miami, North-central Miami-Dade"
33100,2020,cluster_1,G12011090404,12011090404,1083,5224,0.41879350348027844,"Miami, North-central Miami-Dade"
33100,2020,cluster_1,G12011091100,12011091100,1548,7021,0.5817361894024803,"Miami, North-central Miami-Dade"
33100,2020,cluster_1,G12011091201,12011091201,753,5226,0.44609004739336494,"Miami, North-central Miami-Dade"
33100,2020,cluster_1,G12011091202,12011091202,749,4972,0.4349593495934959,"Miami, North-central Miami-Dade"
33100,2020,cluster_1,G12011091300,12011091300,620,4185,0.39667306461932184,"Miami, North-central Miami-Dade"
33100,2020,cluster_1,G12011091400,12011091400,2367,6073,0.8072987721691678,"Miami, North-central Miami-Dade"
33100,2020,cluster_1,G12011091500,12011091500,2649,5411,0.8578367875647669,"Miami, North-central Miami-Dade"
33100,2020,cluster_1,G12011091601,12011091601,742,4054,0.3240174672489083,"Miami, North-central Miami-Dade"
33100,2020,cluster_1,G12011091602,12011091602,729,3411,0.40209597352454496,"Miami, North-central Miami-Dade"
33100,2020,cluster_1,G12011091701,12011091701,889,3777,0.4831521739130435,"Miami, North-central Miami-Dade"
33100,2020,cluster_1,G12011091702,12011091702,919,4737,0.39223218096457535,"Miami, North-central Miami-Dade"
33100,2020,cluster_1,G12011091802,12011091802,1161,3031,0.6500559910414334,"Miami, North-central Miami-Dade"
33100,2020,cluster_1,G12011091803,12011091803,1789,4184,0.7392561983471074,"Miami, North-central Miami-Dade"
33100,2020,cluster_1,G12011091804,12011091804,682,2438,0.49135446685878964,"Miami, North-central Miami-Dade"
33100,2020,cluster_1,G12011091904,12011091904,360,1888,0.4147465437788018,"Miami, North-central Miami-Dade"
33100,2020,cluster_1,G12011100301,12011100301,956,3951,0.5748647023451593,"Miami, North-central Miami-Dade"
33100,2020,cluster_1,G12011100400,12011100400,3517,5897,0.9209217072532077,"Miami, North-central Miami-Dade"
33100,2020,cluster_1,G12011100501,12011100501,198,1027,0.5238095238095238,"Miami, North-central Miami-Dade"
33100,2020,cluster_1,G12011100502,12011100502,740,3807,0.49169435215946844,"Miami, North-central Miami-Dade"
33100,2020,cluster_1,G12011100600,12011100600,1825,5428,0.7059961315280464,"Miami, North-central Miami-Dade"
33100,2020,cluster_1,G12011100700,12011100700,4735,5958,0.9548296027424884,"Miami, North-central Miami-Dade"
33100,2020,cluster_1,G12011100801,12011100801,2358,3579,0.9153726708074534,"Miami, North-central Miami-Dade"
33100,2020,cluster_1,G12011100803,12011100803,1565,3494,0.8276044420941301,"Miami, North-central Miami-Dade"
33100,2020,cluster_1,G12011100804,12011100804,3280,4524,0.9482509395779127,"Miami, North-central Miami-Dade"
33100,2020,cluster_1,G12011110100,12011110100,1747,6597,0.568130081300813,"Miami, North-central Miami-Dade"
33100,2020,cluster_1,G12011110308,12011110308,1256,6743,0.3968404423380727,"Miami, North-central Miami-Dade"
33100,2020,cluster_1,G12011110311,12011110311,1081,6810,0.400518710633568,"Miami, North-central Miami-Dade"
33100,2020,cluster_1,G12011110312,12011110312,1338,7508,0.4736283185840708,"Miami, North-central Miami-Dade"
33100,2020,cluster_1,G12011110313,12011110313,1200,5819,0.5417607223476298,"Miami, North-central Miami-Dade"
33100,2020,cluster_1,G12011110319,12011110319,3742,6212,0.9089142579548215,"Miami, North-central Miami-Dade"
33100,2020,cluster_1,G12011110321,12011110321,1164,5375,0.6455906821963394,"Miami, North-central Miami-Dade"
33100,2020,cluster_1,G12011110323,12011110323,4331,7478,0.9334051724137931,"Miami, North-central Miami-Dade"
33100,2020,cluster_1,G12011110326,12011110326,892,4681,0.504524886877828,"Miami, North-central Miami-Dade"
33100,2020,cluster_1,G12011110330,12011110330,599,3477,0.4897792313982011,"Miami, North-central Miami-Dade"
33100,2020,cluster_1,G12011110333,12011110333,1160,6721,0.5028175119202427,"Miami, North-central Miami-Dade"
33100,2020,cluster_1,G12011110337,12011110337,4024,9975,0.8090068355448331,"Miami, North-central Miami-Dade"
33100,2020,cluster_1,G12011110338,12011110338,1118,4330,0.6228412256267409,"Miami, North-central Miami-Dade"
33100,2020,cluster_1,G12011110339,12011110339,727,4497,0.4021017699115044,"Miami, North-central Miami-Dade"
33100,2020,cluster_1,G12011110341,12011110341,1820,4341,0.7368421052631579,"Miami, North-central Miami-Dade"
33100,2020,cluster_1,G12011110344,12011110344,836,3323,0.672566371681416,"Miami, North-central Miami-Dade"
33100,2020,cluster_1,G12011110345,12011110345,1436,5285,0.7650506126798082,"Miami, North-central Miami-Dade"
33100,2020,cluster_1,G12011110346,12011110346,1399,4224,0.7957906712172924,"Miami, North-central Miami-Dade"
33100,2020,cluster_1,G12011110348,12011110348,1912,5574,0.7772357723577236,"Miami, North-central Miami-Dade"
33100,2020,cluster_1,G12011110349,12011110349,2138,4373,0.8853002070393374,"Miami, North-central Miami-Dade"
33100,2020,cluster_1,G12011110350,12011110350,1319,2948,0.8037781840341255,"Miami, North-central Miami-Dade"
33100,2020,cluster_1,G12011110351,12011110351,987,3671,0.504601226993865,"Miami, North-central Miami-Dade"
33100,2020,cluster_1,G12011110352,12011110352,587,3237,0.5917338709677419,"Miami, North-central Miami-Dade"
33100,2020,cluster_1,G12011110353,12011110353,1881,6235,0.7313374805598756,"Miami, North-central Miami-Dade"
33100,2020,cluster_1,G12011110356,12011110356,659,4653,0.39891041162227603,"Miami, North-central Miami-Dade"
33100,2020,cluster_1,G12011110357,12011110357,976,6371,0.4,"Miami, North-central Miami-Dade"
33100,2020,cluster_1,G12011110358,12011110358,1538,6222,0.6454049517415023,"Miami, North-central Miami-Dade"
33100,2020,cluster_1,G12011110359,12011110359,775,6116,0.442604226156482,"Miami, North-central Miami-Dade"
33100,2020,cluster_1,G12011110360,12011110360,2008,5884,0.8185894822666123,"Miami, North-central Miami-Dade"
33100,2020,cluster_1,G12011110361,12011110361,2029,9775,0.5741369552914545,"Miami, North-central Miami-Dade"
33100,2020,cluster_1,G12011110362,12011110362,1338,6698,0.683699540112417,"Miami, North-central Miami-Dade"
33100,2020,cluster_1,G12011110363,12011110363,1258,4828,0.6927312775330396,"Miami, North-central Miami-Dade"
33100,2020,cluster_1,G12011110364,12011110364,1950,6858,0.7972199509403107,"Miami, North-central Miami-Dade"
33100,2020,cluster_1,G12011110365,12011110365,1661,7115,0.7481981981981982,"Miami, North-central Miami-Dade"
33100,2020,cluster_1,G12011110366,12011110366,3044,4541,0.9418316831683168,"Miami, North-central Miami-Dade"
33100,2020,cluster_1,G12011110367,12011110367,4088,6667,0.9476124246638851,"Miami, North-central Miami-Dade"
33100,2020,cluster_1,G12011110402,12011110402,3244,4687,0.9452214452214452,"Miami, North-central Miami-Dade"
33100,2020,cluster_1,G12011110403,12011110403,2625,5273,0.873253493013972,"Miami, North-central Miami-Dade"
33100,2020,cluster_1,G12011110404,12011110404,3316,6041,0.8979149742756567,"Miami, North-central Miami-Dade"
33100,2020,cluster_1,G12011110501,12011110501,1753,3347,0.898974358974359,"Miami, North-central Miami-Dade"
33100,2020,cluster_1,G12011110502,12011110502,3645,5249,0.9408879710893133,"Miami, North-central Miami-Dade"
33100,2020,cluster_1,G12086000124,12086000124,1036,3260,0.7004732927653821,"Miami, North-central Miami-Dade"
33100,2020,cluster_1,G12086000204,12086000204,2914,4602,0.9218601708320152,"Miami, North-central Miami-Dade"
33100,2020,cluster_1,G12086000206,12086000206,3297,5297,0.9334654586636466,"Miami, North-central Miami-Dade"
33100,2020,cluster_1,G12086000211,12086000211,462,3171,0.4442307692307692,"Miami, North-central Miami-Dade"
33100,2020,cluster_1,G12086000212,12086000212,2395,5234,0.8397615708274895,"Miami, North-central Miami-Dade"
33100,2020,cluster_1,G12086000213,12086000213,1771,5318,0.48125,"Miami, North-central Miami-Dade"
33100,2020,cluster_1,G12086000215,12086000215,3202,4171,0.9612728910237166,"Miami, North-central Miami-Dade"
33100,2020,cluster_1,G12086000216,12086000216,2649,3965,0.9229965156794425,"Miami, North-central Miami-Dade"
33100,2020,cluster_1,G12086000218,12086000218,2469,3403,0.9603267211201867,"Miami, North-central Miami-Dade"
33100,2020,cluster_1,G12086000219,12086000219,2189,4407,0.8491078355314197,"Miami, North-central Miami-Dade"
33100,2020,cluster_1,G12086000220,12086000220,2599,4593,0.8922073463783041,"Miami, North-central Miami-Dade"
33100,2020,cluster_1,G12086000221,12086000221,499,2398,0.6348600508905853,"Miami, North-central Miami-Dade"
33100,2020,cluster_1,G12086000222,12086000222,527,4379,0.45509499136442144,"Miami, North-central Miami-Dade"
33100,2020,cluster_1,G12086000223,12086000223,2223,3541,0.8738207547169812,"Miami, North-central Miami-Dade"
33100,2020,cluster_1,G12086000224,12086000224,2661,4610,0.8733180177223498,"Miami, North-central Miami-Dade"
33100,2020,cluster_1,G12086000225,12086000225,1087,4107,0.704928664072633,"Miami, North-central Miami-Dade"
33100,2020,cluster_1,G12086000226,12086000226,272,2556,0.13842239185750635,"Miami, North-central Miami-Dade"
33100,2020,cluster_1,G12086000227,12086000227,1690,2644,0.9526493799323562,"Miami, North-central Miami-Dade"
33100,2020,cluster_1,G12086000228,12086000228,2138,2860,0.9570277529095792,"Miami, North-central Miami-Dade"
33100,2020,cluster_1,G12086000302,12086000302,1217,2274,0.8705293276108726,"Miami, North-central Miami-Dade"
33100,2020,cluster_1,G12086000306,12086000306,3041,5017,0.8824724318049912,"Miami, North-central Miami-Dade"
33100,2020,cluster_1,G12086000307,12086000307,2517,4391,0.9202925045703839,"Miami, North-central Miami-Dade"
33100,2020,cluster_1,G12086000308,12086000308,3020,5104,0.8866705813270699,"Miami, North-central Miami-Dade"
33100,2020,cluster_1,G12086000309,12086000309,2490,3359,0.9543886546569567,"Miami, North-central Miami-Dade"
33100,2020,cluster_1,G12086000310,12086000310,2749,4046,0.9142001995344197,"Miami, North-central Miami-Dade"
33100,2020,cluster_1,G12086000311,12086000311,2578,3693,0.9184182401140008,"Miami, North-central Miami-Dade"
33100,2020,cluster_1,G12086000312,12086000312,2477,3826,0.9017109574080815,"Miami, North-central Miami-Dade"
33100,2020,cluster_1,G12086000402,12086000402,2394,3670,0.9771428571428571,"Miami, North-central Miami-Dade"
33100,2020,cluster_1,G12086000405,12086000405,3037,4433,0.9650460756275818,"Miami, North-central Miami-Dade"
33100,2020,cluster_1,G12086000408,12086000408,3451,6376,0.9395589436427988,"Miami, North-central Miami-Dade"
33100,2020,cluster_1,G12086000409,12086000409,3049,4464,0.9803858520900322,"Miami, North-central Miami-Dade"
33100,2020,cluster_1,G12086000410,12086000410,2566,3861,0.9708664396519107,"Miami, North-central Miami-Dade"
33100,2020,cluster_1,G12086000411,12086000411,3978,5445,0.9761963190184049,"Miami, North-central Miami-Dade"
33100,2020,cluster_1,G12086000413,12086000413,3406,4709,0.9687144482366326,"Miami, North-central Miami-Dade"
33100,2020,cluster_1,G12086000414,12086000414,3965,5016,0.9713375796178344,"Miami, North-central Miami-Dade"
33100,2020,cluster_1,G12086000415,12086000415,1190,2338,0.9377462568951931,"Miami, North-central Miami-Dade"
33100,2020,cluster_1,G12086000416,12086000416,1973,4455,0.9467370441458733,"Miami, North-central Miami-Dade"
33100,2020,cluster_1,G12086000417,12086000417,2459,4100,0.9757936507936508,"Miami, North-central Miami-Dade"
33100,2020,cluster_1,G12086000418,12086000418,2071,2818,0.9791962174940898,"Miami, North-central Miami-Dade"
33100,2020,cluster_1,G12086000419,12086000419,1565,2781,0.9666460778258185,"Miami, North-central Miami-Dade"
33100,2020,cluster_1,G12086000420,12086000420,2320,3674,0.9715242881072027,"Miami, North-central Miami-Dade"
33100,2020,cluster_1,G12086000504,12086000504,1668,4689,0.9339305711086227,"Miami, North-central Miami-Dade"
33100,2020,cluster_1,G12086000506,12086000506,1651,2655,0.9660620245757753,"Miami, North-central Miami-Dade"
33100,2020,cluster_1,G12086000507,12086000507,1195,4856,0.8252762430939227,"Miami, North-central Miami-Dade"
33100,2020,cluster_1,G12086000508,12086000508,2436,4117,0.9755706848217861,"Miami, North-central Miami-Dade"
33100,2020,cluster_1,G12086000509,12086000509,1147,3257,0.928744939271255,"Miami, North-central Miami-Dade"
33100,2020,cluster_1,G12086000903,12086000903,1160,3469,0.9377526273241714,"Miami, North-central Miami-Dade"
33100,2020,cluster_1,G12086000904,12086000904,677,2384,0.9050802139037433,"Miami, North-central Miami-Dade"
33100,2020,cluster_1,G12086000905,12086000905,570,4215,0.8482142857142857,"Miami, North-central Miami-Dade"
33100,2020,cluster_1,G12086000906,12086000906,342,1986,0.8402948402948403,"Miami, North-central Miami-Dade"
33100,2020,cluster_1,G12086000907,12086000907,146,1938,0.7053140096618358,"Miami, North-central Miami-Dade"
33100,2020,cluster_1,G12086000908,12086000908,185,3716,0.625,"Miami, North-central Miami-Dade"
33100,2020,cluster_1,G12086001003,12086001003,3146,5715,0.9712874343933313,"Miami, North-central Miami-Dade"
33100,2020,cluster_1,G12086001004,12086001004,4822,7409,0.9700261516797425,"Miami, North-central Miami-Dade"
33100,2020,cluster_1,G12086001005,12086001005,1501,2107,0.9772135416666666,"Miami, North-central Miami-Dade"
33100,2020,cluster_1,G12086001006,12086001006,2609,4575,0.9084261838440112,"Miami, North-central Miami-Dade"
33100,2020,cluster_1,G12086001007,12086001007,2163,3472,0.9682184422560429,"Miami, North-central Miami-Dade"
33100,2020,cluster_1,G12086001008,12086001008,1530,2941,0.9592476489028213,"Miami, North-central Miami-Dade"
33100,2020,cluster_1,G12086001101,12086001101,2534,5106,0.8075207138304653,"Miami, North-central Miami-Dade"
33100,2020,cluster_1,G12086001102,12086001102,2688,5809,0.7241379310344828,"Miami, North-central Miami-Dade"
33100,2020,cluster_1,G12086001103,12086001103,1862,3938,0.7974304068522484,"Miami, North-central Miami-Dade"
33100,2020,cluster_1,G12086001208,12086001208,1311,2981,0.7864427114577085,"Miami, North-central Miami-Dade"
33100,2020,cluster_1,G12086001209,12086001209,2053,3916,0.8899003034243607,"Miami, North-central Miami-Dade"
33100,2020,cluster_1,G12086001301,12086001301,1315,5094,0.5668103448275862,"Miami, North-central Miami-Dade"
33100,2020,cluster_1,G12086001401,12086001401,3226,4713,0.968477934554188,"Miami, North-central Miami-Dade"
33100,2020,cluster_1,G12086001402,12086001402,2707,4717,0.9238907849829352,"Miami, North-central Miami-Dade"
33100,2020,cluster_1,G12086001501,12086001501,2130,3022,0.9824723247232472,"Miami, North-central Miami-Dade"
33100,2020,cluster_1,G12086001502,12086001502,3012,4314,0.9827079934747145,"Miami, North-central Miami-Dade"
33100,2020,cluster_1,G12086001701,12086001701,1798,4363,0.9413612565445026,"Miami, North-central Miami-Dade"
33100,2020,cluster_1,G12086001702,12086001702,1865,3814,0.951530612244898,"Miami, North-central Miami-Dade"
33100,2020,cluster_1,G12086001704,12086001704,81,3119,0.3951219512195122,"Miami, North-central Miami-Dade"
33100,2020,cluster_1,G12086001801,12086001801,2472,3924,0.9682726204465335,"Miami, North-central Miami-Dade"
33100,2020,cluster_1,G12086001802,12086001802,2031,4144,0.9580188679245283,"Miami, North-central Miami-Dade"
33100,2020,cluster_1,G12086001803,12086001803,1837,3307,0.9719576719576719,"Miami, North-central Miami-Dade"
33100,2020,cluster_1,G12086001901,12086001901,3291,4950,0.9803395889186773,"Miami, North-central Miami-Dade"
33100,2020,cluster_1,G12086001903,12086001903,2260,3313,0.9787786920744911,"Miami, North-central Miami-Dade"
33100,2020,cluster_1,G12086001904,12086001904,2894,4596,0.9682167949146872,"Miami, North-central Miami-Dade"
33100,2020,cluster_1,G12086002001,12086002001,2765,3647,0.9634146341463414,"Miami, North-central Miami-Dade"
33100,2020,cluster_1,G12086002003,12086002003,2142,3453,0.9670428893905192,"Miami, North-central Miami-Dade"
33100,2020,cluster_1,G12086002004,12086002004,1468,2497,0.9285262492093611,"Miami, North-central Miami-Dade"
33100,2020,cluster_1,G12086002201,12086002201,880,3125,0.6353790613718412,"Miami, North-central Miami-Dade"
33100,2020,cluster_1,G12086002202,12086002202,2489,4725,0.8902002861230329,"Miami, North-central Miami-Dade"
33100,2020,cluster_1,G12086002300,12086002300,2842,5287,0.9663379802788167,"Miami, North-central Miami-Dade"
33100,2020,cluster_1,G12086002402,12086002402,280,5554,0.6542056074766355,"Miami, North-central Miami-Dade"
33100,2020,cluster_1,G12086002403,12086002403,87,4192,0.4264705882352941,"Miami, North-central Miami-Dade"
33100,2020,cluster_1,G12086002404,12086002404,356,5394,0.7049504950495049,"Miami, North-central Miami-Dade"
33100,2020,cluster_1,G12086002501,12086002501,732,5459,0.8243243243243243,"Miami, North-central Miami-Dade"
33100,2020,cluster_1,G12086002502,12086002502,710,3388,0.8754623921085081,"Miami, North-central Miami-Dade"
33100,2020,cluster_1,G12086002800,12086002800,277,1269,0.554,"Miami, North-central Miami-Dade"
33100,2020,cluster_1,G12086002900,12086002900,436,5450,0.6318840579710145,"Miami, North-central Miami-Dade"
33100,2020,cluster_1,G12086003001,12086003001,619,3155,0.5957651588065448,"Miami, North-central Miami-Dade"
33100,2020,cluster_1,G12086003004,12086003004,850,5030,0.7166947723440135,"Miami, North-central Miami-Dade"
33100,2020,cluster_1,G12086003006,12086003006,203,4611,0.48448687350835323,"Miami, North-central Miami-Dade"
33100,2020,cluster_1,G12086003100,12086003100,3120,4654,0.9529627367135003,"Miami, North-central Miami-Dade"
33100,2020,cluster_1,G12086003400,12086003400,1507,3042,0.9308214947498455,"Miami, North-central Miami-Dade"
33100,2020,cluster_1,G12086003606,12086003606,255,2007,0.5944055944055944,"Miami, North-central Miami-Dade"
33100,2020,cluster_1,G12086003607,12086003607,667,2206,0.9225449515905948,"Miami, North-central Miami-Dade"
33100,2020,cluster_1,G12086003706,12086003706,547,1425,0.6504161712247325,"Miami, North-central Miami-Dade"
33100,2020,cluster_1,G12086009401,12086009401,1302,2454,0.9366906474820144,"Miami, North-central Miami-Dade"
33100,2020,cluster_1,G12086009402,12086009402,1759,3690,0.9559782608695652,"Miami, North-central Miami-Dade"
33100,2020,cluster_1,G12086009503,12086009503,3321,4560,0.9747578514822425,"Miami, North-central Miami-Dade"
33100,2020,cluster_1,G12086009504,12086009504,3610,4658,0.9791158123135341,"Miami, North-central Miami-Dade"
33100,2020,cluster_1,G12086009505,12086009505,1222,1434,0.9799518845228549,"Miami, North-central Miami-Dade"
33100,2020,cluster_1,G12086009506,12086009506,3156,4126,0.9767873723305478,"Miami, North-central Miami-Dade"
33100,2020,cluster_1,G12086009601,12086009601,2308,3451,0.9022673964034402,"Miami, North-central Miami-Dade"
33100,2020,cluster_1,G12086009602,12086009602,2854,3569,0.9567549446865572,"Miami, North-central Miami-Dade"
33100,2020,cluster_1,G12086009803,12086009803,3911,7564,0.8515131722185935,"Miami, North-central Miami-Dade"
33100,2020,cluster_1,G12086009804,12086009804,1452,3450,0.7307498741821842,"Miami, North-central Miami-Dade"
33100,2020,cluster_1,G12086009806,12086009806,1036,3042,0.6383240911891559,"Miami, North-central Miami-Dade"
33100,2020,cluster_1,G12086009809,12086009809,1936,3151,0.8876662081613939,"Miami, North-central Miami-Dade"
33100,2020,cluster_1,G12086009810,12086009810,2035,3879,0.8175974286862193,"Miami, North-central Miami-Dade"
33100,2020,cluster_1,G12086009811,12086009811,1221,2656,0.8678038379530917,"Miami, North-central Miami-Dade"
33100,2020,cluster_1,G12086009812,12086009812,1408,5311,0.5478599221789884,"Miami, North-central Miami-Dade"
33100,2020,cluster_1,G12086009903,12086009903,4246,5208,0.982415548357242,"Miami, North-central Miami-Dade"
33100,2020,cluster_1,G12086009904,12086009904,3101,3914,0.9757709251101322,"Miami, North-central Miami-Dade"
33100,2020,cluster_1,G12086009905,12086009905,4333,5336,0.9676194729790085,"Miami, North-central Miami-Dade"
33100,2020,cluster_1,G12086009906,12086009906,4095,5569,0.9646643109540636,"Miami, North-central Miami-Dade"
33100,2020,cluster_1,G12086009907,12086009907,3041,3798,0.9529927922281416,"Miami, North-central Miami-Dade"
33100,2020,cluster_1,G12086009908,12086009908,3407,4280,0.9843975729557931,"Miami, North-central Miami-Dade"
33100,2020,cluster_1,G12086009909,12086009909,1745,2240,0.9759507829977628,"Miami, North-central Miami-Dade"
33100,2020,cluster_1,G12086010010,12086010010,1731,4794,0.945385035499727,"Miami, North-central Miami-Dade"
33100,2020,cluster_1,G12086010012,12086010012,3515,5333,0.9744940393678958,"Miami, North-central Miami-Dade"
33100,2020,cluster_1,G12086010013,12086010013,721,4164,0.8055865921787709,"Miami, North-central Miami-Dade"
33100,2020,cluster_1,G12086010015,12086010015,61,4321,0.23018867924528302,"Miami, North-central Miami-Dade"
33100,2020,cluster_1,G12086010016,12086010016,473,4733,0.6444141689373297,"Miami, North-central Miami-Dade"
33100,2020,cluster_1,G12086010017,12086010017,685,3958,0.8002336448598131,"Miami, North-central Miami-Dade"
33100,2020,cluster_1,G12086010018,12086010018,393,3577,0.6717948717948717,"Miami, North-central Miami-Dade"
33100,2020,cluster_1,G12086010019,12086010019,1263,3921,0.9397321428571429,"Miami, North-central Miami-Dade"
33100,2020,cluster_1,G12086010020,12086010020,1060,3763,0.9036658141517476,"Miami, North-central Miami-Dade"
33100,2020,cluster_1,G12086010021,12086010021,2080,4328,0.9454545454545454,"Miami, North-central Miami-Dade"
33100,2020,cluster_1,G12086010022,12086010022,1048,3408,0.8919148936170213,"Miami, North-central Miami-Dade"
33100,2020,cluster_1,G12086010023,12086010023,1562,2247,0.9756402248594629,"Miami, North-central Miami-Dade"
33100,2020,cluster_1,G12086010024,12086010024,3082,4770,0.9756251978474201,"Miami, North-central Miami-Dade"
33100,2020,cluster_1,G12086010025,12086010025,2839,3992,0.9766081871345029,"Miami, North-central Miami-Dade"
33100,2020,cluster_1,G12086010026,12086010026,1138,2618,0.969335604770017,"Miami, North-central Miami-Dade"
33100,2020,cluster_1,G12086011601,12086011601,387,3995,0.5682819383259912,"Miami, North-central Miami-Dade"
33100,2020,cluster_1,G12086011602,12086011602,297,3816,0.5614366729678639,"Miami, North-central Miami-Dade"
33100,2020,cluster_1,G12086011701,12086011701,108,1873,0.4909090909090909,"Miami, North-central Miami-Dade"
33100,2020,cluster_1,G12086011702,12086011702,308,4974,0.6003898635477583,"Miami, North-central Miami-Dade"
33100,2020,cluster_1,G12086011800,12086011800,461,3523,0.6429567642956764,"Miami, North-central Miami-Dade"
33100,2020,cluster_1,G12086011900,12086011900,374,5694,0.4008574490889603,"Miami, North-central Miami-Dade"
33100,2020,cluster_1,G12086012001,12086012001,179,3143,0.557632398753894,"Miami, North-central Miami-Dade"
33100,2020,cluster_1,G12086012102,12086012102,296,4508,0.6153846153846154,"Miami, North-central Miami-Dade"
33100,2020,cluster_1,G12086012103,12086012103,109,2948,0.47391304347826085,"Miami, North-central Miami-Dade"
33100,2020,cluster_1,G12086012301,12086012301,184,2507,0.5287356321839081,"Miami, North-central Miami-Dade"
33100,2020,cluster_1,G12086012401,12086012401,216,3954,0.4747252747252747,"Miami, North-central Miami-Dade"
33100,1980,cluster_2,G12001100201,12001100201,16,2517,0.006647278770253427,"Miami, Lauderhill–Lauderdale Lakes–N Lauderdale"
33100,1980,cluster_2,G1200110020201,1200110020201,2,6025,0.0003401939105290015,"Miami, Lauderhill–Lauderdale Lakes–N Lauderdale"
33100,1980,cluster_2,G1200110020202,1200110020202,25,7585,0.003395816354251562,"Miami, Lauderhill–Lauderdale Lakes–N Lauderdale"
33100,1980,cluster_2,G1200110020302,1200110020302,17,3685,0.004741980474198048,"Miami, Lauderhill–Lauderdale Lakes–N Lauderdale"
33100,1980,cluster_2,G1200110020303,1200110020303,36,7663,0.004878048780487805,"Miami, Lauderhill–Lauderdale Lakes–N Lauderdale"
33100,1980,cluster_2,G1200110020304,1200110020304,52,6771,0.007953502600183543,"Miami, Lauderhill–Lauderdale Lakes–N Lauderdale"
33100,1980,cluster_2,G1200110020305,1200110020305,20,4655,0.004454342984409799,"Miami, Lauderhill–Lauderdale Lakes–N Lauderdale"
33100,1980,cluster_2,G1200110020401,1200110020401,48,9081,0.005555555555555556,"Miami, Lauderhill–Lauderdale Lakes–N Lauderdale"
33100,1980,cluster_2,G1200110020402,1200110020402,268,17133,0.01693201920646955,"Miami, Lauderhill–Lauderdale Lakes–N Lauderdale"
33100,1980,cluster_2,G1200110020403,1200110020403,8,4022,0.0020186727226848347,"Miami, Lauderhill–Lauderdale Lakes–N Lauderdale"
33100,1980,cluster_2,G12001100205,12001100205,97,10576,0.00978513063653788,"Miami, Lauderhill–Lauderdale Lakes–N Lauderdale"
33100,1980,cluster_2,G12001100409,12001100409,4528,8267,0.5905059989567032,"Miami, Lauderhill–Lauderdale Lakes–N Lauderdale"
33100,1980,cluster_2,G12001100410,12001100410,3190,3442,0.9891472868217054,"Miami, Lauderhill–Lauderdale Lakes–N Lauderdale"
33100,1980,cluster_2,G12001100411,12001100411,4675,4845,0.9862869198312236,"Miami, Lauderhill–Lauderdale Lakes–N Lauderdale"
33100,1980,cluster_2,G12001100412,12001100412,5103,5299,0.9817237398999615,"Miami, Lauderhill–Lauderdale Lakes–N Lauderdale"
33100,1980,cluster_2,G12001100413,12001100413,9020,9452,0.9768247779943686,"Miami, Lauderhill–Lauderdale Lakes–N Lauderdale"
33100,1980,cluster_2,G12001100414,12001100414,4637,4860,0.9696779590129653,"Miami, Lauderhill–Lauderdale Lakes–N Lauderdale"
33100,1980,cluster_2,G12001100415,12001100415,4488,4638,0.9977767896843042,"Miami, Lauderhill–Lauderdale Lakes–N Lauderdale"
33100,1980,cluster_2,G12001100416,12001100416,6986,7173,0.9906409529211572,"Miami, Lauderhill–Lauderdale Lakes–N Lauderdale"
33100,1980,cluster_2,G12001100417,12001100417,1713,4479,0.4005143792377835,"Miami, Lauderhill–Lauderdale Lakes–N Lauderdale"
33100,1980,cluster_2,G12001100427,12001100427,1500,5713,0.2741228070175439,"Miami, Lauderhill–Lauderdale Lakes–N Lauderdale"
33100,1980,cluster_2,G12001100428,12001100428,2224,7194,0.3563531485338888,"Miami, Lauderhill–Lauderdale Lakes–N Lauderdale"
33100,1980,cluster_2,G12001100429,12001100429,562,5729,0.10422848664688428,"Miami, Lauderhill–Lauderdale Lakes–N Lauderdale"
33100,1980,cluster_2,G1200110050202,1200110050202,86,3898,0.023168103448275863,"Miami, Lauderhill–Lauderdale Lakes–N Lauderdale"
33100,1980,cluster_2,G1200110050301,1200110050301,49,6249,0.008109897384971863,"Miami, Lauderhill–Lauderdale Lakes–N Lauderdale"
33100,1980,cluster_2,G1200110050302,1200110050302,258,9105,0.029251700680272108,"Miami, Lauderhill–Lauderdale Lakes–N Lauderdale"
33100,1980,cluster_2,G1200110050303,1200110050303,229,6396,0.03647658489964957,"Miami, Lauderhill–Lauderdale Lakes–N Lauderdale"
33100,1980,cluster_2,G1200110050304,1200110050304,2817,6244,0.4750421585160202,"Miami, Lauderhill–Lauderdale Lakes–N Lauderdale"
33100,1980,cluster_2,G12001100504,12001100504,8,4375,0.001885014137606032,"Miami, Lauderhill–Lauderdale Lakes–N Lauderdale"
33100,1980,cluster_2,G12001100507,12001100507,492,7818,0.0681912681912682,"Miami, Lauderhill–Lauderdale Lakes–N Lauderdale"
33100,1980,cluster_2,G12001100508,12001100508,4912,5731,0.8681512902085543,"Miami, Lauderhill–Lauderdale Lakes–N Lauderdale"
33100,1980,cluster_2,G1200110060101,1200110060101,66,9684,0.00698856416772554,"Miami, Lauderhill–Lauderdale Lakes–N Lauderdale"
33100,1980,cluster_2,G1200110060102,1200110060102,47,8194,0.005829095870023565,"Miami, Lauderhill–Lauderdale Lakes–N Lauderdale"
33100,1980,cluster_2,G1200110060103,1200110060103,90,14774,0.006376647300552643,"Miami, Lauderhill–Lauderdale Lakes–N Lauderdale"
33100,1980,cluster_2,G1200110060202,1200110060202,48,9229,0.005361331397296995,"Miami, Lauderhill–Lauderdale Lakes–N Lauderdale"
33100,1980,cluster_2,G1200110060203,1200110060203,70,4820,0.015122056599697559,"Miami, Lauderhill–Lauderdale Lakes–N Lauderdale"
33100,1980,cluster_2,G12001100603,12001100603,1020,14345,0.0749173705471906,"Miami, Lauderhill–Lauderdale Lakes–N Lauderdale"
33100,1980,cluster_2,G12001100604,12001100604,3212,14126,0.236838224450671,"Miami, Lauderhill–Lauderdale Lakes–N Lauderdale"
33100,1980,cluster_2,G1200110060501,1200110060501,65,5737,0.011781765452238536,"Miami, Lauderhill–Lauderdale Lakes–N Lauderdale"
33100,1980,cluster_2,G12001100608,12001100608,158,7623,0.02185338865836791,"Miami, Lauderhill–Lauderdale Lakes–N Lauderdale"
33100,1980,cluster_2,G12001100611,12001100611,132,6212,0.02350845948352627,"Miami, Lauderhill–Lauderdale Lakes–N Lauderdale"
33100,1990,cluster_2,G12001100201,12001100201,311,10907,0.031231170917854992,"Miami, Lauderhill–Lauderdale Lakes–N Lauderdale"
33100,1990,cluster_2,G1200110020201,1200110020201,150,8098,0.019880715705765408,"Miami, Lauderhill–Lauderdale Lakes–N Lauderdale"
33100,1990,cluster_2,G1200110020202,1200110020202,144,7820,0.019941836310760283,"Miami, Lauderhill–Lauderdale Lakes–N Lauderdale"
33100,1990,cluster_2,G1200110020302,1200110020302,332,4626,0.07929304991640793,"Miami, Lauderhill–Lauderdale Lakes–N Lauderdale"
33100,1990,cluster_2,G1200110020303,1200110020303,455,11030,0.04608995137763371,"Miami, Lauderhill–Lauderdale Lakes–N Lauderdale"
33100,1990,cluster_2,G1200110020304,1200110020304,379,12761,0.03317867460386938,"Miami, Lauderhill–Lauderdale Lakes–N Lauderdale"
33100,1990,cluster_2,G1200110020305,1200110020305,224,8875,0.028513238289205704,"Miami, Lauderhill–Lauderdale Lakes–N Lauderdale"
33100,1990,cluster_2,G1200110020401,1200110020401,834,9435,0.10395114047114545,"Miami, Lauderhill–Lauderdale Lakes–N Lauderdale"
33100,1990,cluster_2,G1200110020402,1200110020402,2689,22833,0.1380815446236007,"Miami, Lauderhill–Lauderdale Lakes–N Lauderdale"
33100,1990,cluster_2,G1200110020403,1200110020403,147,12046,0.012768175106401458,"Miami, Lauderhill–Lauderdale Lakes–N Lauderdale"
33100,1990,cluster_2,G12001100205,12001100205,904,11084,0.09801582999024179,"Miami, Lauderhill–Lauderdale Lakes–N Lauderdale"
33100,1990,cluster_2,G12001100409,12001100409,7194,8585,0.8831328259268353,"Miami, Lauderhill–Lauderdale Lakes–N Lauderdale"
33100,1990,cluster_2,G12001100410,12001100410,2953,2997,0.9932727884291961,"Miami, Lauderhill–Lauderdale Lakes–N Lauderdale"
33100,1990,cluster_2,G12001100411,12001100411,4540,4767,0.9667802385008518,"Miami, Lauderhill–Lauderdale Lakes–N Lauderdale"
33100,1990,cluster_2,G12001100412,12001100412,3836,3982,0.9873873873873874,"Miami, Lauderhill–Lauderdale Lakes–N Lauderdale"
33100,1990,cluster_2,G12001100413,12001100413,7506,7772,0.9761997658993368,"Miami, Lauderhill–Lauderdale Lakes–N Lauderdale"
33100,1990,cluster_2,G12001100414,12001100414,3639,4036,0.9106606606606606,"Miami, Lauderhill–Lauderdale Lakes–N Lauderdale"
33100,1990,cluster_2,G12001100415,12001100415,3955,4060,0.9892446223111556,"Miami, Lauderhill–Lauderdale Lakes–N Lauderdale"
33100,1990,cluster_2,G12001100416,12001100416,4470,4671,0.9656513285806869,"Miami, Lauderhill–Lauderdale Lakes–N Lauderdale"
33100,1990,cluster_2,G12001100417,12001100417,3530,4903,0.792368125701459,"Miami, Lauderhill–Lauderdale Lakes–N Lauderdale"
33100,1990,cluster_2,G12001100427,12001100427,2219,5908,0.4166353736387533,"Miami, Lauderhill–Lauderdale Lakes–N Lauderdale"
33100,1990,cluster_2,G12001100428,12001100428,3865,6969,0.6628365631967073,"Miami, Lauderhill–Lauderdale Lakes–N Lauderdale"
33100,1990,cluster_2,G12001100429,12001100429,4139,6435,0.6978587084808633,"Miami, Lauderhill–Lauderdale Lakes–N Lauderdale"
33100,1990,cluster_2,G1200110050202,1200110050202,966,6792,0.16132264529058116,"Miami, Lauderhill–Lauderdale Lakes–N Lauderdale"
33100,1990,cluster_2,G1200110050301,1200110050301,3414,6410,0.5797249108507386,"Miami, Lauderhill–Lauderdale Lakes–N Lauderdale"
33100,1990,cluster_2,G1200110050302,1200110050302,2663,9496,0.30864626796476585,"Miami, Lauderhill–Lauderdale Lakes–N Lauderdale"
33100,1990,cluster_2,G1200110050303,1200110050303,421,5558,0.07894243390211889,"Miami, Lauderhill–Lauderdale Lakes–N Lauderdale"
33100,1990,cluster_2,G1200110050304,1200110050304,5431,8471,0.6955686475409836,"Miami, Lauderhill–Lauderdale Lakes–N Lauderdale"
33100,1990,cluster_2,G12001100504,12001100504,400,5693,0.07606008746910059,"Miami, Lauderhill–Lauderdale Lakes–N Lauderdale"
33100,1990,cluster_2,G12001100507,12001100507,1507,8514,0.22658246880168395,"Miami, Lauderhill–Lauderdale Lakes–N Lauderdale"
33100,1990,cluster_2,G12001100508,12001100508,4332,4757,0.9302125832080739,"Miami, Lauderhill–Lauderdale Lakes–N Lauderdale"
33100,1990,cluster_2,G1200110060101,1200110060101,751,14919,0.055273423125045996,"Miami, Lauderhill–Lauderdale Lakes–N Lauderdale"
33100,1990,cluster_2,G1200110060102,1200110060102,717,13814,0.054959374520925953,"Miami, Lauderhill–Lauderdale Lakes–N Lauderdale"
33100,1990,cluster_2,G1200110060103,1200110060103,1672,34980,0.05380011583756999,"Miami, Lauderhill–Lauderdale Lakes–N Lauderdale"
33100,1990,cluster_2,G1200110060202,1200110060202,795,9831,0.0897493790923459,"Miami, Lauderhill–Lauderdale Lakes–N Lauderdale"
33100,1990,cluster_2,G1200110060203,1200110060203,1347,4661,0.32733900364520047,"Miami, Lauderhill–Lauderdale Lakes–N Lauderdale"
33100,1990,cluster_2,G12001100603,12001100603,9304,17517,0.5754932887981691,"Miami, Lauderhill–Lauderdale Lakes–N Lauderdale"
33100,1990,cluster_2,G12001100604,12001100604,8126,14634,0.6059205130117068,"Miami, Lauderhill–Lauderdale Lakes–N Lauderdale"
33100,1990,cluster_2,G1200110060501,1200110060501,288,5915,0.05425772418990203,"Miami, Lauderhill–Lauderdale Lakes–N Lauderdale"
33100,1990,cluster_2,G12001100608,12001100608,1748,7250,0.28548097337906253,"Miami, Lauderhill–Lauderdale Lakes–N Lauderdale"
33100,1990,cluster_2,G12001100611,12001100611,719,6260,0.15029264214046822,"Miami, Lauderhill–Lauderdale Lakes–N Lauderdale"
33100,2000,cluster_2,G12011020101,12011020101,427,6756,0.07941231169797285,"Miami, Lauderhill–Lauderdale Lakes–N Lauderdale"
33100,2000,cluster_2,G12011020102,12011020102,721,6950,0.13121019108280255,"Miami, Lauderhill–Lauderdale Lakes–N Lauderdale"
33100,2000,cluster_2,G12011020202,12011020202,652,8245,0.09937509525986893,"Miami, Lauderhill–Lauderdale Lakes–N Lauderdale"
33100,2000,cluster_2,G12011020204,12011020204,399,5691,0.08359522313010685,"Miami, Lauderhill–Lauderdale Lakes–N Lauderdale"
33100,2000,cluster_2,G12011020205,12011020205,844,5994,0.1861080485115766,"Miami, Lauderhill–Lauderdale Lakes–N Lauderdale"
33100,2000,cluster_2,G12011020206,12011020206,317,4275,0.0945422010140173,"Miami, Lauderhill–Lauderdale Lakes–N Lauderdale"
33100,2000,cluster_2,G12011020302,12011020302,877,6687,0.1770644054108621,"Miami, Lauderhill–Lauderdale Lakes–N Lauderdale"
33100,2000,cluster_2,G12011020305,12011020305,902,10162,0.1251387347391787,"Miami, Lauderhill–Lauderdale Lakes–N Lauderdale"
33100,2000,cluster_2,G12011020308,12011020308,1562,5530,0.4039306956296871,"Miami, Lauderhill–Lauderdale Lakes–N Lauderdale"
33100,2000,cluster_2,G12011020310,12011020310,1498,9414,0.21083743842364533,"Miami, Lauderhill–Lauderdale Lakes–N Lauderdale"
33100,2000,cluster_2,G12011020313,12011020313,908,6134,0.20141969831410825,"Miami, Lauderhill–Lauderdale Lakes–N Lauderdale"
33100,2000,cluster_2,G12011020314,12011020314,353,5206,0.08847117794486216,"Miami, Lauderhill–Lauderdale Lakes–N Lauderdale"
33100,2000,cluster_2,G12011020404,12011020404,2608,6900,0.5285772192946899,"Miami, Lauderhill–Lauderdale Lakes–N Lauderdale"
33100,2000,cluster_2,G12011020405,12011020405,797,4478,0.32677326773267734,"Miami, Lauderhill–Lauderdale Lakes–N Lauderdale"
33100,2000,cluster_2,G12011020406,12011020406,820,6908,0.15814850530376084,"Miami, Lauderhill–Lauderdale Lakes–N Lauderdale"
33100,2000,cluster_2,G12011020407,12011020407,2021,7389,0.3864983744501817,"Miami, Lauderhill–Lauderdale Lakes–N Lauderdale"
33100,2000,cluster_2,G12011020408,12011020408,4475,11227,0.5723238265762886,"Miami, Lauderhill–Lauderdale Lakes–N Lauderdale"
33100,2000,cluster_2,G12011020409,12011020409,197,6973,0.030955373978629793,"Miami, Lauderhill–Lauderdale Lakes–N Lauderdale"
33100,2000,cluster_2,G12011020410,12011020410,357,6179,0.06818181818181818,"Miami, Lauderhill–Lauderdale Lakes–N Lauderdale"
33100,2000,cluster_2,G12011020411,12011020411,280,5547,0.06073752711496746,"Miami, Lauderhill–Lauderdale Lakes–N Lauderdale"
33100,2000,cluster_2,G12011020501,12011020501,1327,5186,0.3782782212086659,"Miami, Lauderhill–Lauderdale Lakes–N Lauderdale"
33100,2000,cluster_2,G12011020502,12011020502,1615,7401,0.30226464533033875,"Miami, Lauderhill–Lauderdale Lakes–N Lauderdale"
33100,2000,cluster_2,G12011040801,12011040801,3181,5339,0.7579223254705743,"Miami, Lauderhill–Lauderdale Lakes–N Lauderdale"
33100,2000,cluster_2,G12011040901,12011040901,4155,4945,0.9503659652333029,"Miami, Lauderhill–Lauderdale Lakes–N Lauderdale"
33100,2000,cluster_2,G12011040902,12011040902,3143,3772,0.9492600422832981,"Miami, Lauderhill–Lauderdale Lakes–N Lauderdale"
33100,2000,cluster_2,G12011041000,12011041000,2821,2895,0.9940098661028893,"Miami, Lauderhill–Lauderdale Lakes–N Lauderdale"
33100,2000,cluster_2,G12011041100,12011041100,3820,3922,0.9934980494148244,"Miami, Lauderhill–Lauderdale Lakes–N Lauderdale"
33100,2000,cluster_2,G12011041200,12011041200,3904,4244,0.9911144960649911,"Miami, Lauderhill–Lauderdale Lakes–N Lauderdale"
33100,2000,cluster_2,G12011041300,12011041300,6988,7282,0.9899419181187137,"Miami, Lauderhill–Lauderdale Lakes–N Lauderdale"
33100,2000,cluster_2,G12011041400,12011041400,3539,3744,0.9733223322332233,"Miami, Lauderhill–Lauderdale Lakes–N Lauderdale"
33100,2000,cluster_2,G12011041500,12011041500,3240,3458,0.9932556713672593,"Miami, Lauderhill–Lauderdale Lakes–N Lauderdale"
33100,2000,cluster_2,G12011041600,12011041600,5283,5796,0.9608948708621317,"Miami, Lauderhill–Lauderdale Lakes–N Lauderdale"
33100,2000,cluster_2,G12011041700,12011041700,2585,4160,0.8136606861819327,"Miami, Lauderhill–Lauderdale Lakes–N Lauderdale"
33100,2000,cluster_2,G12011042700,12011042700,2078,5344,0.4464017185821697,"Miami, Lauderhill–Lauderdale Lakes–N Lauderdale"
33100,2000,cluster_2,G12011042800,12011042800,4519,7372,0.7792722883255734,"Miami, Lauderhill–Lauderdale Lakes–N Lauderdale"
33100,2000,cluster_2,G12011042900,12011042900,5720,6991,0.9062103929024081,"Miami, Lauderhill–Lauderdale Lakes–N Lauderdale"
33100,2000,cluster_2,G12011050202,12011050202,2665,9140,0.35685591858596677,"Miami, Lauderhill–Lauderdale Lakes–N Lauderdale"
33100,2000,cluster_2,G12011050301,12011050301,5771,7393,0.8761196295734022,"Miami, Lauderhill–Lauderdale Lakes–N Lauderdale"
33100,2000,cluster_2,G12011050303,12011050303,2148,5895,0.4200234649980446,"Miami, Lauderhill–Lauderdale Lakes–N Lauderdale"
33100,2000,cluster_2,G12011050305,12011050305,2925,7653,0.48937594110757904,"Miami, Lauderhill–Lauderdale Lakes–N Lauderdale"
33100,2000,cluster_2,G12011050306,12011050306,2638,3636,0.8406628425748884,"Miami, Lauderhill–Lauderdale Lakes–N Lauderdale"
33100,2000,cluster_2,G12011050307,12011050307,4392,6281,0.7937827579974698,"Miami, Lauderhill–Lauderdale Lakes–N Lauderdale"
33100,2000,cluster_2,G12011050308,12011050308,3149,3458,0.9816084788029925,"Miami, Lauderhill–Lauderdale Lakes–N Lauderdale"
33100,2000,cluster_2,G12011050400,12011050400,1675,7798,0.2486269853050319,"Miami, Lauderhill–Lauderdale Lakes–N Lauderdale"
33100,2000,cluster_2,G12011050701,12011050701,1102,4032,0.39942007973903587,"Miami, Lauderhill–Lauderdale Lakes–N Lauderdale"
33100,2000,cluster_2,G12011050702,12011050702,1783,6155,0.46590018291089624,"Miami, Lauderhill–Lauderdale Lakes–N Lauderdale"
33100,2000,cluster_2,G12011050800,12011050800,3855,4357,0.9202673669133444,"Miami, Lauderhill–Lauderdale Lakes–N Lauderdale"
33100,2000,cluster_2,G12011060105,12011060105,1340,6527,0.27059773828756056,"Miami, Lauderhill–Lauderdale Lakes–N Lauderdale"
33100,2000,cluster_2,G12011060106,12011060106,2082,7653,0.34734734734734735,"Miami, Lauderhill–Lauderdale Lakes–N Lauderdale"
33100,2000,cluster_2,G12011060107,12011060107,543,3283,0.20748949178448606,"Miami, Lauderhill–Lauderdale Lakes–N Lauderdale"
33100,2000,cluster_2,G12011060108,12011060108,2796,6969,0.4789311408016444,"Miami, Lauderhill–Lauderdale Lakes–N Lauderdale"
33100,2000,cluster_2,G12011060109,12011060109,115,2520,0.050306211723534555,"Miami, Lauderhill–Lauderdale Lakes–N Lauderdale"
33100,2000,cluster_2,G12011060110,12011060110,1446,6964,0.24047896224846166,"Miami, Lauderhill–Lauderdale Lakes–N Lauderdale"
33100,2000,cluster_2,G12011060111,12011060111,277,4451,0.07310636051728689,"Miami, Lauderhill–Lauderdale Lakes–N Lauderdale"
33100,2000,cluster_2,G12011060112,12011060112,462,5823,0.101138353765324,"Miami, Lauderhill–Lauderdale Lakes–N Lauderdale"
33100,2000,cluster_2,G12011060113,12011060113,962,6036,0.21506818689917281,"Miami, Lauderhill–Lauderdale Lakes–N Lauderdale"
33100,2000,cluster_2,G12011060114,12011060114,1322,6598,0.25585446100251596,"Miami, Lauderhill–Lauderdale Lakes–N Lauderdale"
33100,2000,cluster_2,G12011060115,12011060115,1088,6792,0.23006978219496724,"Miami, Lauderhill–Lauderdale Lakes–N Lauderdale"
33100,2000,cluster_2,G12011060116,12011060116,1055,6485,0.21062088241165902,"Miami, Lauderhill–Lauderdale Lakes–N Lauderdale"
33100,2000,cluster_2,G12011060117,12011060117,1305,6411,0.31272465851905107,"Miami, Lauderhill–Lauderdale Lakes–N Lauderdale"
33100,2000,cluster_2,G12011060203,12011060203,3549,5516,0.7801714662563201,"Miami, Lauderhill–Lauderdale Lakes–N Lauderdale"
33100,2000,cluster_2,G12011060206,12011060206,660,4570,0.186810076422304,"Miami, Lauderhill–Lauderdale Lakes–N Lauderdale"
33100,2000,cluster_2,G12011060207,12011060207,450,3316,0.16568483063328424,"Miami, Lauderhill–Lauderdale Lakes–N Lauderdale"
33100,2000,cluster_2,G12011060208,12011060208,3174,5715,0.7064322279100823,"Miami, Lauderhill–Lauderdale Lakes–N Lauderdale"
33100,2000,cluster_2,G12011060209,12011060209,1478,2757,0.6702947845804988,"Miami, Lauderhill–Lauderdale Lakes–N Lauderdale"
33100,2000,cluster_2,G12011060301,12011060301,975,3900,0.2897473997028232,"Miami, Lauderhill–Lauderdale Lakes–N Lauderdale"
33100,2000,cluster_2,G12011060302,12011060302,5782,6911,0.9099779666351905,"Miami, Lauderhill–Lauderdale Lakes–N Lauderdale"
33100,2000,cluster_2,G12011060303,12011060303,5542,6760,0.9219763766428215,"Miami, Lauderhill–Lauderdale Lakes–N Lauderdale"
33100,2000,cluster_2,G12011060304,12011060304,3113,3596,0.9462006079027355,"Miami, Lauderhill–Lauderdale Lakes–N Lauderdale"
33100,2000,cluster_2,G12011060401,12011060401,3359,4722,0.7813444987206327,"Miami, Lauderhill–Lauderdale Lakes–N Lauderdale"
33100,2000,cluster_2,G12011060402,12011060402,5401,6358,0.9460500963391136,"Miami, Lauderhill–Lauderdale Lakes–N Lauderdale"
33100,2000,cluster_2,G12011060403,12011060403,3595,5069,0.7854489840506882,"Miami, Lauderhill–Lauderdale Lakes–N Lauderdale"
33100,2000,cluster_2,G12011060501,12011060501,1063,6109,0.2250211685012701,"Miami, Lauderhill–Lauderdale Lakes–N Lauderdale"
33100,2000,cluster_2,G12011060800,12011060800,4355,8408,0.6617535328977359,"Miami, Lauderhill–Lauderdale Lakes–N Lauderdale"
33100,2000,cluster_2,G12011061100,12011061100,1083,6951,0.2896496389408933,"Miami, Lauderhill–Lauderdale Lakes–N Lauderdale"
33100,2010,cluster_2,G12011020101,12011020101,1340,7433,0.2567049808429119,"Miami, Lauderhill–Lauderdale Lakes–N Lauderdale"
33100,2010,cluster_2,G12011020103,12011020103,1253,5713,0.31996935648621044,"Miami, Lauderhill–Lauderdale Lakes–N Lauderdale"
33100,2010,cluster_2,G12011020104,12011020104,557,2667,0.2841836734693878,"Miami, Lauderhill–Lauderdale Lakes–N Lauderdale"
33100,2010,cluster_2,G12011020204,12011020204,1057,5698,0.2564289180009704,"Miami, Lauderhill–Lauderdale Lakes–N Lauderdale"
33100,2010,cluster_2,G12011020205,12011020205,1546,6466,0.33197337341636246,"Miami, Lauderhill–Lauderdale Lakes–N Lauderdale"
33100,2010,cluster_2,G12011020206,12011020206,875,4311,0.2965096577431379,"Miami, Lauderhill–Lauderdale Lakes–N Lauderdale"
33100,2010,cluster_2,G12011020209,12011020209,579,2534,0.3639220615964802,"Miami, Lauderhill–Lauderdale Lakes–N Lauderdale"
33100,2010,cluster_2,G12011020210,12011020210,1279,5914,0.29134396355353076,"Miami, Lauderhill–Lauderdale Lakes–N Lauderdale"
33100,2010,cluster_2,G12011020302,12011020302,1628,6982,0.3574094401756312,"Miami, Lauderhill–Lauderdale Lakes–N Lauderdale"
33100,2010,cluster_2,G12011020308,12011020308,2293,5410,0.6327262693156733,"Miami, Lauderhill–Lauderdale Lakes–N Lauderdale"
33100,2010,cluster_2,G12011020313,12011020313,1500,6145,0.3656752803510483,"Miami, Lauderhill–Lauderdale Lakes–N Lauderdale"
33100,2010,cluster_2,G12011020314,12011020314,788,5032,0.25337620578778136,"Miami, Lauderhill–Lauderdale Lakes–N Lauderdale"
33100,2010,cluster_2,G12011020323,12011020323,693,3652,0.33189655172413796,"Miami, Lauderhill–Lauderdale Lakes–N Lauderdale"
33100,2010,cluster_2,G12011020324,12011020324,1269,5866,0.3439024390243902,"Miami, Lauderhill–Lauderdale Lakes–N Lauderdale"
33100,2010,cluster_2,G12011020325,12011020325,775,3235,0.3529143897996357,"Miami, Lauderhill–Lauderdale Lakes–N Lauderdale"
33100,2010,cluster_2,G12011020326,12011020326,2092,5713,0.5500920326058375,"Miami, Lauderhill–Lauderdale Lakes–N Lauderdale"
33100,2010,cluster_2,G12011020404,12011020404,4997,8355,0.7984979226589964,"Miami, Lauderhill–Lauderdale Lakes–N Lauderdale"
33100,2010,cluster_2,G12011020405,12011020405,1563,5166,0.6614473127380449,"Miami, Lauderhill–Lauderdale Lakes–N Lauderdale"
33100,2010,cluster_2,G12011020406,12011020406,1548,7242,0.3359375,"Miami, Lauderhill–Lauderdale Lakes–N Lauderdale"
33100,2010,cluster_2,G12011020407,12011020407,3675,7106,0.7376555600160578,"Miami, Lauderhill–Lauderdale Lakes–N Lauderdale"
33100,2010,cluster_2,G12011020409,12011020409,689,7483,0.1128398296757288,"Miami, Lauderhill–Lauderdale Lakes–N Lauderdale"
33100,2010,cluster_2,G12011020411,12011020411,1040,6241,0.22847100175746923,"Miami, Lauderhill–Lauderdale Lakes–N Lauderdale"
33100,2010,cluster_2,G12011020412,12011020412,2245,3487,0.9242486620008233,"Miami, Lauderhill–Lauderdale Lakes–N Lauderdale"
33100,2010,cluster_2,G12011020413,12011020413,4678,7622,0.8085032837884549,"Miami, Lauderhill–Lauderdale Lakes–N Lauderdale"
33100,2010,cluster_2,G12011020414,12011020414,711,4288,0.23303834808259588,"Miami, Lauderhill–Lauderdale Lakes–N Lauderdale"
33100,2010,cluster_2,G12011020415,12011020415,404,3383,0.17220801364023872,"Miami, Lauderhill–Lauderdale Lakes–N Lauderdale"
33100,2010,cluster_2,G12011020501,12011020501,1958,5086,0.6188369152970923,"Miami, Lauderhill–Lauderdale Lakes–N Lauderdale"
33100,2010,cluster_2,G12011020502,12011020502,3358,6818,0.6656095143706641,"Miami, Lauderhill–Lauderdale Lakes–N Lauderdale"
33100,2010,cluster_2,G12011040801,12011040801,3227,4988,0.7322441570229181,"Miami, Lauderhill–Lauderdale Lakes–N Lauderdale"
33100,2010,cluster_2,G12011040901,12011040901,4129,4621,0.9535796766743649,"Miami, Lauderhill–Lauderdale Lakes–N Lauderdale"
33100,2010,cluster_2,G12011040902,12011040902,2971,3403,0.9372239747634069,"Miami, Lauderhill–Lauderdale Lakes–N Lauderdale"
33100,2010,cluster_2,G12011041000,12011041000,2660,2741,0.9917971662938105,"Miami, Lauderhill–Lauderdale Lakes–N Lauderdale"
33100,2010,cluster_2,G12011041100,12011041100,4389,4580,0.9876237623762376,"Miami, Lauderhill–Lauderdale Lakes–N Lauderdale"
33100,2010,cluster_2,G12011041200,12011041200,4225,4497,0.9876110331930809,"Miami, Lauderhill–Lauderdale Lakes–N Lauderdale"
33100,2010,cluster_2,G12011041300,12011041300,6506,6912,0.9835222978080121,"Miami, Lauderhill–Lauderdale Lakes–N Lauderdale"
33100,2010,cluster_2,G12011041400,12011041400,2502,2682,0.9727838258164853,"Miami, Lauderhill–Lauderdale Lakes–N Lauderdale"
33100,2010,cluster_2,G12011041500,12011041500,3086,3241,0.9872040946896993,"Miami, Lauderhill–Lauderdale Lakes–N Lauderdale"
33100,2010,cluster_2,G12011041600,12011041600,4752,5572,0.913670447990771,"Miami, Lauderhill–Lauderdale Lakes–N Lauderdale"
33100,2010,cluster_2,G12011041700,12011041700,2786,3797,0.8218289085545722,"Miami, Lauderhill–Lauderdale Lakes–N Lauderdale"
33100,2010,cluster_2,G12011042700,12011042700,1688,4980,0.4071394114809455,"Miami, Lauderhill–Lauderdale Lakes–N Lauderdale"
33100,2010,cluster_2,G12011042800,12011042800,4591,7372,0.8544574725479248,"Miami, Lauderhill–Lauderdale Lakes–N Lauderdale"
33100,2010,cluster_2,G12011042900,12011042900,5837,7107,0.9126016260162602,"Miami, Lauderhill–Lauderdale Lakes–N Lauderdale"
33100,2010,cluster_2,G12011050207,12011050207,2063,5388,0.5003638127577007,"Miami, Lauderhill–Lauderdale Lakes–N Lauderdale"
33100,2010,cluster_2,G12011050208,12011050208,922,2892,0.4469219583131362,"Miami, Lauderhill–Lauderdale Lakes–N Lauderdale"
33100,2010,cluster_2,G12011050301,12011050301,6807,7929,0.9346423177262118,"Miami, Lauderhill–Lauderdale Lakes–N Lauderdale"
33100,2010,cluster_2,G12011050306,12011050306,3280,3940,0.9121245828698554,"Miami, Lauderhill–Lauderdale Lakes–N Lauderdale"
33100,2010,cluster_2,G12011050307,12011050307,5454,6993,0.8680566608308133,"Miami, Lauderhill–Lauderdale Lakes–N Lauderdale"
33100,2010,cluster_2,G12011050308,12011050308,2916,3149,0.9881396136902745,"Miami, Lauderhill–Lauderdale Lakes–N Lauderdale"
33100,2010,cluster_2,G12011050309,12011050309,876,2156,0.8164026095060578,"Miami, Lauderhill–Lauderdale Lakes–N Lauderdale"
33100,2010,cluster_2,G12011050310,12011050310,3252,5345,0.6938340089609558,"Miami, Lauderhill–Lauderdale Lakes–N Lauderdale"
33100,2010,cluster_2,G12011050311,12011050311,2172,3610,0.6810912511759172,"Miami, Lauderhill–Lauderdale Lakes–N Lauderdale"
33100,2010,cluster_2,G12011050312,12011050312,1580,2508,0.7185084129149614,"Miami, Lauderhill–Lauderdale Lakes–N Lauderdale"
33100,2010,cluster_2,G12011050401,12011050401,1537,3526,0.532017999307719,"Miami, Lauderhill–Lauderdale Lakes–N Lauderdale"
33100,2010,cluster_2,G12011050402,12011050402,882,4373,0.25301204819277107,"Miami, Lauderhill–Lauderdale Lakes–N Lauderdale"
33100,2010,cluster_2,G12011050701,12011050701,1316,3777,0.5030581039755352,"Miami, Lauderhill–Lauderdale Lakes–N Lauderdale"
33100,2010,cluster_2,G12011050702,12011050702,2168,5979,0.6115655853314528,"Miami, Lauderhill–Lauderdale Lakes–N Lauderdale"
33100,2010,cluster_2,G12011050800,12011050800,4028,4856,0.9123442808607022,"Miami, Lauderhill–Lauderdale Lakes–N Lauderdale"
33100,2010,cluster_2,G12011060105,12011060105,2525,6793,0.5354113655640373,"Miami, Lauderhill–Lauderdale Lakes–N Lauderdale"
33100,2010,cluster_2,G12011060107,12011060107,1094,3198,0.4849290780141844,"Miami, Lauderhill–Lauderdale Lakes–N Lauderdale"
33100,2010,cluster_2,G12011060109,12011060109,586,2689,0.2786495482643842,"Miami, Lauderhill–Lauderdale Lakes–N Lauderdale"
33100,2010,cluster_2,G12011060111,12011060111,1078,6025,0.2699048572859289,"Miami, Lauderhill–Lauderdale Lakes–N Lauderdale"
33100,2010,cluster_2,G12011060112,12011060112,1255,5967,0.3280188186095139,"Miami, Lauderhill–Lauderdale Lakes–N Lauderdale"
33100,2010,cluster_2,G12011060113,12011060113,1893,6655,0.44593639575971733,"Miami, Lauderhill–Lauderdale Lakes–N Lauderdale"
33100,2010,cluster_2,G12011060114,12011060114,2895,6781,0.5771531100478469,"Miami, Lauderhill–Lauderdale Lakes–N Lauderdale"
33100,2010,cluster_2,G12011060115,12011060115,1758,6320,0.4521604938271605,"Miami, Lauderhill–Lauderdale Lakes–N Lauderdale"
33100,2010,cluster_2,G12011060116,12011060116,1911,6651,0.43245078071961984,"Miami, Lauderhill–Lauderdale Lakes–N Lauderdale"
33100,2010,cluster_2,G12011060117,12011060117,2313,5882,0.6316220644456582,"Miami, Lauderhill–Lauderdale Lakes–N Lauderdale"
33100,2010,cluster_2,G12011060123,12011060123,1572,3246,0.5898686679174484,"Miami, Lauderhill–Lauderdale Lakes–N Lauderdale"
33100,2010,cluster_2,G12011060124,12011060124,3118,5555,0.6925810750777432,"Miami, Lauderhill–Lauderdale Lakes–N Lauderdale"
33100,2010,cluster_2,G12011060125,12011060125,1289,2121,0.7577895355673133,"Miami, Lauderhill–Lauderdale Lakes–N Lauderdale"
33100,2010,cluster_2,G12011060126,12011060126,2949,4939,0.7033150488910088,"Miami, Lauderhill–Lauderdale Lakes–N Lauderdale"
33100,2010,cluster_2,G12011060127,12011060127,1197,2666,0.6309963099630996,"Miami, Lauderhill–Lauderdale Lakes–N Lauderdale"
33100,2010,cluster_2,G12011060128,12011060128,2540,5555,0.6293359762140733,"Miami, Lauderhill–Lauderdale Lakes–N Lauderdale"
33100,2010,cluster_2,G12011060203,12011060203,4219,5271,0.9187717770034843,"Miami, Lauderhill–Lauderdale Lakes–N Lauderdale"
33100,2010,cluster_2,G12011060206,12011060206,1323,4660,0.4584199584199584,"Miami, Lauderhill–Lauderdale Lakes–N Lauderdale"
33100,2010,cluster_2,G12011060207,12011060207,1148,3718,0.4632768361581921,"Miami, Lauderhill–Lauderdale Lakes–N Lauderdale"
33100,2010,cluster_2,G12011060208,12011060208,3887,5312,0.8788152837440651,"Miami, Lauderhill–Lauderdale Lakes–N Lauderdale"
33100,2010,cluster_2,G12011060209,12011060209,1912,2750,0.8397013614404919,"Miami, Lauderhill–Lauderdale Lakes–N Lauderdale"
33100,2010,cluster_2,G12011060212,12011060212,889,3110,0.42535885167464116,"Miami, Lauderhill–Lauderdale Lakes–N Lauderdale"
33100,2010,cluster_2,G12011060302,12011060302,5936,6806,0.9308452250274424,"Miami, Lauderhill–Lauderdale Lakes–N Lauderdale"
33100,2010,cluster_2,G12011060303,12011060303,5239,6042,0.9412504491555875,"Miami, Lauderhill–Lauderdale Lakes–N Lauderdale"
33100,2010,cluster_2,G12011060304,12011060304,2556,2828,0.9689158453373768,"Miami, Lauderhill–Lauderdale Lakes–N Lauderdale"
33100,2010,cluster_2,G12011060305,12011060305,1639,2194,0.8764705882352941,"Miami, Lauderhill–Lauderdale Lakes–N Lauderdale"
33100,2010,cluster_2,G12011060306,12011060306,652,1880,0.43729040912139505,"Miami, Lauderhill–Lauderdale Lakes–N Lauderdale"
33100,2010,cluster_2,G12011060401,12011060401,3883,4761,0.8920284861015392,"Miami, Lauderhill–Lauderdale Lakes–N Lauderdale"
33100,2010,cluster_2,G12011060402,12011060402,5540,6061,0.978971549743771,"Miami, Lauderhill–Lauderdale Lakes–N Lauderdale"
33100,2010,cluster_2,G12011060403,12011060403,4243,5095,0.9085653104925053,"Miami, Lauderhill–Lauderdale Lakes–N Lauderdale"
33100,2010,cluster_2,G12011060501,12011060501,1833,5997,0.42977725674091444,"Miami, Lauderhill–Lauderdale Lakes–N Lauderdale"
33100,2010,cluster_2,G12011060802,12011060802,4592,6270,0.8847784200385357,"Miami, Lauderhill–Lauderdale Lakes–N Lauderdale"
33100,2010,cluster_2,G12011061100,12011061100,1038,7362,0.3784177907400656,"Miami, Lauderhill–Lauderdale Lakes–N Lauderdale"
33100,2020,cluster_2,G12011020101,12011020101,2059,8618,0.39879914778229714,"Miami, Lauderhill–Lauderdale Lakes–N Lauderdale"
33100,2020,cluster_2,G12011020103,12011020103,1746,6052,0.48743718592964824,"Miami, Lauderhill–Lauderdale Lakes–N Lauderdale"
33100,2020,cluster_2,G12011020104,12011020104,759,2636,0.43872832369942194,"Miami, Lauderhill–Lauderdale Lakes–N Lauderdale"
33100,2020,cluster_2,G12011020204,12011020204,1781,6380,0.46344002081707,"Miami, Lauderhill–Lauderdale Lakes–N Lauderdale"
33100,2020,cluster_2,G12011020205,12011020205,2385,7808,0.4744380346130893,"Miami, Lauderhill–Lauderdale Lakes–N Lauderdale"
33100,2020,cluster_2,G12011020206,12011020206,1412,4791,0.48841231407817365,"Miami, Lauderhill–Lauderdale Lakes–N Lauderdale"
33100,2020,cluster_2,G12011020209,12011020209,743,2680,0.49698996655518396,"Miami, Lauderhill–Lauderdale Lakes–N Lauderdale"
33100,2020,cluster_2,G12011020210,12011020210,1749,6334,0.43259955478604994,"Miami, Lauderhill–Lauderdale Lakes–N Lauderdale"
33100,2020,cluster_2,G12011020214,12011020214,1051,2891,0.55083857442348,"Miami, Lauderhill–Lauderdale Lakes–N Lauderdale"
33100,2020,cluster_2,G12011020302,12011020302,2576,8699,0.5120254422580004,"Miami, Lauderhill–Lauderdale Lakes–N Lauderdale"
33100,2020,cluster_2,G12011020308,12011020308,2486,5577,0.723305208030259,"Miami, Lauderhill–Lauderdale Lakes–N Lauderdale"
33100,2020,cluster_2,G12011020313,12011020313,2370,7530,0.5303199820989035,"Miami, Lauderhill–Lauderdale Lakes–N Lauderdale"
33100,2020,cluster_2,G12011020314,12011020314,1140,5536,0.39804469273743015,"Miami, Lauderhill–Lauderdale Lakes–N Lauderdale"
33100,2020,cluster_2,G12011020323,12011020323,934,4276,0.46560319042871384,"Miami, Lauderhill–Lauderdale Lakes–N Lauderdale"
33100,2020,cluster_2,G12011020324,12011020324,1788,7291,0.4544992374173869,"Miami, Lauderhill–Lauderdale Lakes–N Lauderdale"
33100,2020,cluster_2,G12011020325,12011020325,1032,3489,0.4793311658151417,"Miami, Lauderhill–Lauderdale Lakes–N Lauderdale"
33100,2020,cluster_2,G12011020326,12011020326,2619,6333,0.6630379746835443,"Miami, Lauderhill–Lauderdale Lakes–N Lauderdale"
33100,2020,cluster_2,G12011020404,12011020404,5312,7846,0.8956331141460124,"Miami, Lauderhill–Lauderdale Lakes–N Lauderdale"
33100,2020,cluster_2,G12011020405,12011020405,1834,5356,0.7980852915578764,"Miami, Lauderhill–Lauderdale Lakes–N Lauderdale"
33100,2020,cluster_2,G12011020406,12011020406,2248,8122,0.5131248573385072,"Miami, Lauderhill–Lauderdale Lakes–N Lauderdale"
33100,2020,cluster_2,G12011020407,12011020407,4583,7615,0.8499629080118695,"Miami, Lauderhill–Lauderdale Lakes–N Lauderdale"
33100,2020,cluster_2,G12011020412,12011020412,2622,4014,0.9421487603305785,"Miami, Lauderhill–Lauderdale Lakes–N Lauderdale"
33100,2020,cluster_2,G12011020414,12011020414,1308,5161,0.4025854108956602,"Miami, Lauderhill–Lauderdale Lakes–N Lauderdale"
33100,2020,cluster_2,G12011020415,12011020415,830,3967,0.34991568296795955,"Miami, Lauderhill–Lauderdale Lakes–N Lauderdale"
33100,2020,cluster_2,G12011020416,12011020416,847,3646,0.41642084562438547,"Miami, Lauderhill–Lauderdale Lakes–N Lauderdale"
33100,2020,cluster_2,G12011020417,12011020417,523,4593,0.14495565410199557,"Miami, Lauderhill–Lauderdale Lakes–N Lauderdale"
33100,2020,cluster_2,G12011020418,12011020418,1005,3541,0.44966442953020136,"Miami, Lauderhill–Lauderdale Lakes–N Lauderdale"
33100,2020,cluster_2,G12011020419,12011020419,1045,3430,0.4880896777206913,"Miami, Lauderhill–Lauderdale Lakes–N Lauderdale"
33100,2020,cluster_2,G12011020420,12011020420,2429,3428,0.9036458333333334,"Miami, Lauderhill–Lauderdale Lakes–N Lauderdale"
33100,2020,cluster_2,G12011020421,12011020421,2766,4570,0.8379279006361708,"Miami, Lauderhill–Lauderdale Lakes–N Lauderdale"
33100,2020,cluster_2,G12011020501,12011020501,2304,5095,0.7427466150870407,"Miami, Lauderhill–Lauderdale Lakes–N Lauderdale"
33100,2020,cluster_2,G12011020502,12011020502,4501,7933,0.7823744133495567,"Miami, Lauderhill–Lauderdale Lakes–N Lauderdale"
33100,2020,cluster_2,G12011040801,12011040801,2520,4640,0.674879485806106,"Miami, Lauderhill–Lauderdale Lakes–N Lauderdale"
33100,2020,cluster_2,G12011040901,12011040901,3995,4607,0.9473559402418781,"Miami, Lauderhill–Lauderdale Lakes–N Lauderdale"
33100,2020,cluster_2,G12011040902,12011040902,2960,3569,0.9472,"Miami, Lauderhill–Lauderdale Lakes–N Lauderdale"
33100,2020,cluster_2,G12011041000,12011041000,2692,2878,0.9926253687315634,"Miami, Lauderhill–Lauderdale Lakes–N Lauderdale"
33100,2020,cluster_2,G12011041100,12011041100,4781,5407,0.9753161974704202,"Miami, Lauderhill–Lauderdale Lakes–N Lauderdale"
33100,2020,cluster_2,G12011041200,12011041200,4236,4723,0.9753626525443242,"Miami, Lauderhill–Lauderdale Lakes–N Lauderdale"
33100,2020,cluster_2,G12011041300,12011041300,6310,7280,0.9692780337941628,"Miami, Lauderhill–Lauderdale Lakes–N Lauderdale"
33100,2020,cluster_2,G12011041400,12011041400,2928,3378,0.9669749009247027,"Miami, Lauderhill–Lauderdale Lakes–N Lauderdale"
33100,2020,cluster_2,G12011041500,12011041500,3636,3981,0.9811117107393416,"Miami, Lauderhill–Lauderdale Lakes–N Lauderdale"
33100,2020,cluster_2,G12011041601,12011041601,2396,3249,0.8554087825776509,"Miami, Lauderhill–Lauderdale Lakes–N Lauderdale"
33100,2020,cluster_2,G12011041602,12011041602,2747,3158,0.9645365168539326,"Miami, Lauderhill–Lauderdale Lakes–N Lauderdale"
33100,2020,cluster_2,G12011041700,12011041700,2653,4142,0.795979597959796,"Miami, Lauderhill–Lauderdale Lakes–N Lauderdale"
33100,2020,cluster_2,G12011042700,12011042700,1666,5497,0.42402646983965386,"Miami, Lauderhill–Lauderdale Lakes–N Lauderdale"
33100,2020,cluster_2,G12011042801,12011042801,2784,4793,0.8697282099343955,"Miami, Lauderhill–Lauderdale Lakes–N Lauderdale"
33100,2020,cluster_2,G12011042802,12011042802,1389,2238,0.9072501632919661,"Miami, Lauderhill–Lauderdale Lakes–N Lauderdale"
33100,2020,cluster_2,G12011042900,12011042900,5431,7272,0.9133871510258997,"Miami, Lauderhill–Lauderdale Lakes–N Lauderdale"
33100,2020,cluster_2,G12011050207,12011050207,3433,7098,0.6745922578109649,"Miami, Lauderhill–Lauderdale Lakes–N Lauderdale"
33100,2020,cluster_2,G12011050208,12011050208,1130,3846,0.5738953783646521,"Miami, Lauderhill–Lauderdale Lakes–N Lauderdale"
33100,2020,cluster_2,G12011050301,12011050301,7255,8437,0.9622015915119363,"Miami, Lauderhill–Lauderdale Lakes–N Lauderdale"
33100,2020,cluster_2,G12011050306,12011050306,4027,4617,0.965013179966451,"Miami, Lauderhill–Lauderdale Lakes–N Lauderdale"
33100,2020,cluster_2,G12011050308,12011050308,3194,3421,0.9870210135970334,"Miami, Lauderhill–Lauderdale Lakes–N Lauderdale"
33100,2020,cluster_2,G12011050309,12011050309,1389,2787,0.9436141304347826,"Miami, Lauderhill–Lauderdale Lakes–N Lauderdale"
33100,2020,cluster_2,G12011050311,12011050311,2576,3635,0.8253764818968279,"Miami, Lauderhill–Lauderdale Lakes–N Lauderdale"
33100,2020,cluster_2,G12011050312,12011050312,1756,2429,0.8540856031128404,"Miami, Lauderhill–Lauderdale Lakes–N Lauderdale"
33100,2020,cluster_2,G12011050313,12011050313,3617,4211,0.9583995760466348,"Miami, Lauderhill–Lauderdale Lakes–N Lauderdale"
33100,2020,cluster_2,G12011050314,12011050314,2647,3234,0.9037214066234209,"Miami, Lauderhill–Lauderdale Lakes–N Lauderdale"
33100,2020,cluster_2,G12011050315,12011050315,3261,3868,0.937607820586544,"Miami, Lauderhill–Lauderdale Lakes–N Lauderdale"
33100,2020,cluster_2,G12011050316,12011050316,866,2365,0.5248484848484849,"Miami, Lauderhill–Lauderdale Lakes–N Lauderdale"
33100,2020,cluster_2,G12011050401,12011050401,1724,4039,0.5879945429740792,"Miami, Lauderhill–Lauderdale Lakes–N Lauderdale"
33100,2020,cluster_2,G12011050402,12011050402,983,4569,0.3040519641200124,"Miami, Lauderhill–Lauderdale Lakes–N Lauderdale"
33100,2020,cluster_2,G12011050701,12011050701,1065,3542,0.4784366576819407,"Miami, Lauderhill–Lauderdale Lakes–N Lauderdale"
33100,2020,cluster_2,G12011050702,12011050702,1827,6332,0.5623268698060941,"Miami, Lauderhill–Lauderdale Lakes–N Lauderdale"
33100,2020,cluster_2,G12011050800,12011050800,4345,5657,0.9322033898305084,"Miami, Lauderhill–Lauderdale Lakes–N Lauderdale"
33100,2020,cluster_2,G12011060105,12011060105,3501,7617,0.6827223088923557,"Miami, Lauderhill–Lauderdale Lakes–N Lauderdale"
33100,2020,cluster_2,G12011060107,12011060107,1928,4324,0.7180633147113594,"Miami, Lauderhill–Lauderdale Lakes–N Lauderdale"
33100,2020,cluster_2,G12011060109,12011060109,1584,3885,0.6064318529862175,"Miami, Lauderhill–Lauderdale Lakes–N Lauderdale"
33100,2020,cluster_2,G12011060111,12011060111,1747,6912,0.4485237483953787,"Miami, Lauderhill–Lauderdale Lakes–N Lauderdale"
33100,2020,cluster_2,G12011060113,12011060113,2274,7008,0.5719315895372233,"Miami, Lauderhill–Lauderdale Lakes–N Lauderdale"
33100,2020,cluster_2,G12011060114,12011060114,3254,6766,0.7014442767837896,"Miami, Lauderhill–Lauderdale Lakes–N Lauderdale"
33100,2020,cluster_2,G12011060115,12011060115,2010,7329,0.5352862849533955,"Miami, Lauderhill–Lauderdale Lakes–N Lauderdale"
33100,2020,cluster_2,G12011060116,12011060116,2541,8148,0.5676943699731903,"Miami, Lauderhill–Lauderdale Lakes–N Lauderdale"
33100,2020,cluster_2,G12011060117,12011060117,2519,6916,0.6863760217983651,"Miami, Lauderhill–Lauderdale Lakes–N Lauderdale"
33100,2020,cluster_2,G12011060123,12011060123,1878,3418,0.7419992097984986,"Miami, Lauderhill–Lauderdale Lakes–N Lauderdale"
33100,2020,cluster_2,G12011060124,12011060124,4071,6418,0.8098269345534116,"Miami, Lauderhill–Lauderdale Lakes–N Lauderdale"
33100,2020,cluster_2,G12011060125,12011060125,1379,2332,0.8073770491803278,"Miami, Lauderhill–Lauderdale Lakes–N Lauderdale"
33100,2020,cluster_2,G12011060126,12011060126,3297,5542,0.7222343921139102,"Miami, Lauderhill–Lauderdale Lakes–N Lauderdale"
33100,2020,cluster_2,G12011060127,12011060127,1978,3379,0.8221113881961762,"Miami, Lauderhill–Lauderdale Lakes–N Lauderdale"
33100,2020,cluster_2,G12011060128,12011060128,3336,6298,0.7588717015468608,"Miami, Lauderhill–Lauderdale Lakes–N Lauderdale"
33100,2020,cluster_2,G12011060129,12011060129,685,2300,0.4760250173731758,"Miami, Lauderhill–Lauderdale Lakes–N Lauderdale"
33100,2020,cluster_2,G12011060130,12011060130,1540,5204,0.5761316872427984,"Miami, Lauderhill–Lauderdale Lakes–N Lauderdale"
33100,2020,cluster_2,G12011060203,12011060203,4782,6093,0.9310747663551402,"Miami, Lauderhill–Lauderdale Lakes–N Lauderdale"
33100,2020,cluster_2,G12011060206,12011060206,1497,5198,0.569634703196347,"Miami, Lauderhill–Lauderdale Lakes–N Lauderdale"
33100,2020,cluster_2,G12011060207,12011060207,1421,4038,0.6049382716049383,"Miami, Lauderhill–Lauderdale Lakes–N Lauderdale"
33100,2020,cluster_2,G12011060208,12011060208,4401,6090,0.9115575807787903,"Miami, Lauderhill–Lauderdale Lakes–N Lauderdale"
33100,2020,cluster_2,G12011060209,12011060209,1822,2864,0.8594339622641509,"Miami, Lauderhill–Lauderdale Lakes–N Lauderdale"
33100,2020,cluster_2,G12011060212,12011060212,1014,3373,0.5428265524625268,"Miami, Lauderhill–Lauderdale Lakes–N Lauderdale"
33100,2020,cluster_2,G12011060302,12011060302,6541,7425,0.9653187721369539,"Miami, Lauderhill–Lauderdale Lakes–N Lauderdale"
33100,2020,cluster_2,G12011060303,12011060303,7058,8194,0.9598803209574324,"Miami, Lauderhill–Lauderdale Lakes–N Lauderdale"
33100,2020,cluster_2,G12011060304,12011060304,2774,3181,0.9771046143008102,"Miami, Lauderhill–Lauderdale Lakes–N Lauderdale"
33100,2020,cluster_2,G12011060305,12011060305,2023,2749,0.905550581915846,"Miami, Lauderhill–Lauderdale Lakes–N Lauderdale"
33100,2020,cluster_2,G12011060306,12011060306,1065,2252,0.6740506329113924,"Miami, Lauderhill–Lauderdale Lakes–N Lauderdale"
33100,2020,cluster_2,G12011060401,12011060401,4307,5245,0.9130803476786092,"Miami, Lauderhill–Lauderdale Lakes–N Lauderdale"
33100,2020,cluster_2,G12011060402,12011060402,5829,6517,0.9791701663027045,"Miami, Lauderhill–Lauderdale Lakes–N Lauderdale"
33100,2020,cluster_2,G12011060404,12011060404,1953,2311,0.950827653359299,"Miami, Lauderhill–Lauderdale Lakes–N Lauderdale"
33100,2020,cluster_2,G12011060405,12011060405,2809,3363,0.9518807184005422,"Miami, Lauderhill–Lauderdale Lakes–N Lauderdale"
33100,2020,cluster_2,G12011060501,12011060501,2295,6730,0.5499640546369519,"Miami, Lauderhill–Lauderdale Lakes–N Lauderdale"
33100,2020,cluster_2,G12011060802,12011060802,4572,6735,0.8855316676350958,"Miami, Lauderhill–Lauderdale Lakes–N Lauderdale"
33100,2020,cluster_2,G12011061100,12011061100,833,7931,0.3983739837398374,"Miami, Lauderhill–Lauderdale Lakes–N Lauderdale"
37980,1980,cluster_1,G4200910202202,4200910202202,60,3024,0.02040816326530612,"Philadelphia, Germantown"
37980,1980,cluster_1,G4200910202401,4200910202401,615,2687,0.24728588661037396,"Philadelphia, Germantown"
37980,1980,cluster_1,G4200910202402,4200910202402,977,5303,0.19183192617317887,"Philadelphia, Germantown"
37980,1980,cluster_1,G42009102025,42009102025,601,4651,0.13394250055716514,"Philadelphia, Germantown"
37980,1980,cluster_1,G42010100131,42010100131,2452,2772,0.9398236872364891,"Philadelphia, Germantown"
37980,1980,cluster_1,G42010100132,42010100132,4353,4722,0.9636927164046933,"Philadelphia, Germantown"
37980,1980,cluster_1,G42010100137,42010100137,6548,7220,0.9265600679213245,"Philadelphia, Germantown"
37980,1980,cluster_1,G42010100138,42010100138,3620,3728,0.980498374864572,"Philadelphia, Germantown"
37980,1980,cluster_1,G42010100139,42010100139,5001,5404,0.9379219804951238,"Philadelphia, Germantown"
37980,1980,cluster_1,G42010100140,42010100140,4348,4622,0.9698862368949365,"Philadelphia, Germantown"
37980,1980,cluster_1,G42010100141,42010100141,2722,3536,0.8971654581410679,"Philadelphia, Germantown"
37980,1980,cluster_1,G42010100145,42010100145,1578,2764,0.9752781211372065,"Philadelphia, Germantown"
37980,1980,cluster_1,G42010100146,42010100146,2507,3086,0.8899538516151935,"Philadelphia, Germantown"
37980,1980,cluster_1,G42010100147,42010100147,3475,3540,0.9925735504141674,"Philadelphia, Germantown"
37980,1980,cluster_1,G42010100148,42010100148,1688,1738,0.9929411764705882,"Philadelphia, Germantown"
37980,1980,cluster_1,G42010100149,42010100149,6711,6853,0.9917245455888872,"Philadelphia, Germantown"
37980,1980,cluster_1,G42010100151,42010100151,10551,10745,0.991915013631663,"Philadelphia, Germantown"
37980,1980,cluster_1,G42010100152,42010100152,11036,11241,0.9941446716512026,"Philadelphia, Germantown"
37980,1980,cluster_1,G42010100153,42010100153,4924,5308,0.9514975845410628,"Philadelphia, Germantown"
37980,1980,cluster_1,G42010100154,42010100154,942,2150,0.45266698702546854,"Philadelphia, Germantown"
37980,1980,cluster_1,G42010100155,42010100155,3486,4565,0.9900596421471173,"Philadelphia, Germantown"
37980,1980,cluster_1,G42010100162,42010100162,1036,3537,0.804972804972805,"Philadelphia, Germantown"
37980,1980,cluster_1,G42010100163,42010100163,829,4229,0.4155388471177945,"Philadelphia, Germantown"
37980,1980,cluster_1,G42010100164,42010100164,2703,6141,0.9272727272727272,"Philadelphia, Germantown"
37980,1980,cluster_1,G42010100165,42010100165,4744,5095,0.9868941127522364,"Philadelphia, Germantown"
37980,1980,cluster_1,G42010100166,42010100166,1715,1788,0.9873344847438111,"Philadelphia, Germantown"
37980,1980,cluster_1,G42010100167,42010100167,10222,10391,0.9946482436508709,"Philadelphia, Germantown"
37980,1980,cluster_1,G42010100168,42010100168,5782,5903,0.9956948510418461,"Philadelphia, Germantown"
37980,1980,cluster_1,G42010100169,42010100169,14255,14604,0.9909628084810567,"Philadelphia, Germantown"
37980,1980,cluster_1,G42010100170,42010100170,3865,4532,0.8654276757725033,"Philadelphia, Germantown"
37980,1980,cluster_1,G42010100171,42010100171,5806,6076,0.9700918964076859,"Philadelphia, Germantown"
37980,1980,cluster_1,G42010100172,42010100172,11000,11316,0.9804795436313397,"Philadelphia, Germantown"
37980,1980,cluster_1,G42010100173,42010100173,3842,3993,0.9763659466327828,"Philadelphia, Germantown"
37980,1980,cluster_1,G42010100174,42010100174,3605,3780,0.9855112083105522,"Philadelphia, Germantown"
37980,1980,cluster_1,G42010100175,42010100175,3728,9663,0.8681881695388914,"Philadelphia, Germantown"
37980,1980,cluster_1,G42010100176,42010100176,657,10791,0.11325633511463541,"Philadelphia, Germantown"
37980,1980,cluster_1,G42010100177,42010100177,3,9122,0.00033609679587721263,"Philadelphia, Germantown"
37980,1980,cluster_1,G42010100178,42010100178,53,6881,0.007974721637074932,"Philadelphia, Germantown"
37980,1980,cluster_1,G42010100188,42010100188,0,7432,0.0,"Philadelphia, Germantown"
37980,1980,cluster_1,G42010100190,42010100190,1,6761,0.00014947683109118088,"Philadelphia, Germantown"
37980,1980,cluster_1,G42010100192,42010100192,1,7364,0.0001373060551970342,"Philadelphia, Germantown"
37980,1980,cluster_1,G42010100195,42010100195,174,8399,0.027786649632705204,"Philadelphia, Germantown"
37980,1980,cluster_1,G42010100196,42010100196,104,2390,0.07022282241728561,"Philadelphia, Germantown"
37980,1980,cluster_1,G42010100197,42010100197,1003,7213,0.2838947070478347,"Philadelphia, Germantown"
37980,1980,cluster_1,G42010100198,42010100198,2487,7486,0.6481626270523847,"Philadelphia, Germantown"
37980,1980,cluster_1,G42010100199,42010100199,2511,5827,0.6583639223911903,"Philadelphia, Germantown"
37980,1980,cluster_1,G42010100200,42010100200,1624,2536,0.698494623655914,"Philadelphia, Germantown"
37980,1980,cluster_1,G42010100201,42010100201,9223,9799,0.962031918222593,"Philadelphia, Germantown"
37980,1980,cluster_1,G42010100202,42010100202,6920,7359,0.9567261164108946,"Philadelphia, Germantown"
37980,1980,cluster_1,G42010100203,42010100203,3963,4752,0.8885650224215247,"Philadelphia, Germantown"
37980,1980,cluster_1,G42010100204,42010100204,3596,4217,0.8775012201073694,"Philadelphia, Germantown"
37980,1980,cluster_1,G42010100205,42010100205,2260,3283,0.716323296354992,"Philadelphia, Germantown"
37980,1980,cluster_1,G42010100237,42010100237,3407,5516,0.636822429906542,"Philadelphia, Germantown"
37980,1980,cluster_1,G42010100238,42010100238,3190,4941,0.6615512235586893,"Philadelphia, Germantown"
37980,1980,cluster_1,G42010100239,42010100239,470,1913,0.2496016994158258,"Philadelphia, Germantown"
37980,1980,cluster_1,G42010100240,42010100240,2016,4075,0.5163934426229508,"Philadelphia, Germantown"
37980,1980,cluster_1,G42010100241,42010100241,736,1463,0.5175808720112518,"Philadelphia, Germantown"
37980,1980,cluster_1,G42010100242,42010100242,3060,4807,0.6600517687661778,"Philadelphia, Germantown"
37980,1980,cluster_1,G42010100243,42010100243,2592,4511,0.6046186144156753,"Philadelphia, Germantown"
37980,1980,cluster_1,G42010100244,42010100244,3172,4200,0.7937937937937938,"Philadelphia, Germantown"
37980,1980,cluster_1,G42010100245,42010100245,3675,4598,0.8164852255054432,"Philadelphia, Germantown"
37980,1980,cluster_1,G42010100246,42010100246,3029,3633,0.8537204058624577,"Philadelphia, Germantown"
37980,1980,cluster_1,G42010100247,42010100247,4517,5823,0.7956667253831249,"Philadelphia, Germantown"
37980,1980,cluster_1,G42010100248,42010100248,2369,2719,0.8806691449814127,"Philadelphia, Germantown"
37980,1980,cluster_1,G42010100249,42010100249,3971,4446,0.9101535640614257,"Philadelphia, Germantown"
37980,1980,cluster_1,G42010100250,42010100250,671,909,0.7472160356347439,"Philadelphia, Germantown"
37980,1980,cluster_1,G42010100251,42010100251,2243,2448,0.9353628023352794,"Philadelphia, Germantown"
37980,1980,cluster_1,G42010100252,42010100252,7287,8268,0.898409567254346,"Philadelphia, Germantown"
37980,1980,cluster_1,G42010100253,42010100253,4591,4911,0.9546683302141817,"Philadelphia, Germantown"
37980,1980,cluster_1,G42010100254,42010100254,4233,4977,0.874045013421433,"Philadelphia, Germantown"
37980,1980,cluster_1,G42010100255,42010100255,1843,3067,0.6266575994559673,"Philadelphia, Germantown"
37980,1980,cluster_1,G42010100258,42010100258,1703,2106,0.8246973365617434,"Philadelphia, Germantown"
37980,1980,cluster_1,G42010100259,42010100259,5002,5862,0.8659972299168975,"Philadelphia, Germantown"
37980,1980,cluster_1,G42010100260,42010100260,3180,3625,0.8910058840011208,"Philadelphia, Germantown"
37980,1980,cluster_1,G42010100261,42010100261,3260,3798,0.8834688346883469,"Philadelphia, Germantown"
37980,1980,cluster_1,G42010100262,42010100262,4917,5371,0.9351464435146444,"Philadelphia, Germantown"
37980,1980,cluster_1,G42010100263,42010100263,10013,11474,0.890123566539248,"Philadelphia, Germantown"
37980,1980,cluster_1,G42010100264,42010100264,6192,6841,0.9204697487735989,"Philadelphia, Germantown"
37980,1980,cluster_1,G42010100265,42010100265,5295,5798,0.9242450689474603,"Philadelphia, Germantown"
37980,1980,cluster_1,G42010100266,42010100266,7773,8328,0.9481580873383753,"Philadelphia, Germantown"
37980,1980,cluster_1,G42010100267,42010100267,8182,8650,0.958191825740719,"Philadelphia, Germantown"
37980,1980,cluster_1,G42010100268,42010100268,2879,4933,0.6137284161159667,"Philadelphia, Germantown"
37980,1980,cluster_1,G42010100269,42010100269,247,2023,0.13145290047897817,"Philadelphia, Germantown"
37980,1980,cluster_1,G42010100270,42010100270,463,2474,0.1938860971524288,"Philadelphia, Germantown"
37980,1980,cluster_1,G42010100271,42010100271,2,2206,0.0009233610341643582,"Philadelphia, Germantown"
37980,1980,cluster_1,G42010100272,42010100272,791,4739,0.18063484813884448,"Philadelphia, Germantown"
37980,1980,cluster_1,G42010100273,42010100273,368,5316,0.07169296707578414,"Philadelphia, Germantown"
37980,1980,cluster_1,G42010100274,42010100274,14,8911,0.0016177490177952392,"Philadelphia, Germantown"
37980,1980,cluster_1,G42010100275,42010100275,57,4516,0.013639626704953339,"Philadelphia, Germantown"
37980,1980,cluster_1,G42010100276,42010100276,2856,4595,0.7156101227762466,"Philadelphia, Germantown"
37980,1980,cluster_1,G42010100277,42010100277,5141,5984,0.8819694630296792,"Philadelphia, Germantown"
37980,1980,cluster_1,G42010100278,42010100278,5527,6005,0.9412465940054496,"Philadelphia, Germantown"
37980,1980,cluster_1,G42010100279,42010100279,7286,8549,0.870385855931191,"Philadelphia, Germantown"
37980,1980,cluster_1,G42010100280,42010100280,4973,5463,0.9302282080059858,"Philadelphia, Germantown"
37980,1980,cluster_1,G42010100281,42010100281,2974,4581,0.7354104846686449,"Philadelphia, Germantown"
37980,1980,cluster_1,G42010100282,42010100282,2633,6034,0.5315970119119725,"Philadelphia, Germantown"
37980,1980,cluster_1,G42010100283,42010100283,6189,9895,0.794786182098369,"Philadelphia, Germantown"
37980,1980,cluster_1,G42010100284,42010100284,3867,6881,0.7096714993576803,"Philadelphia, Germantown"
37980,1980,cluster_1,G42010100285,42010100285,172,2157,0.10443230115361263,"Philadelphia, Germantown"
37980,1980,cluster_1,G42010100286,42010100286,60,6630,0.010608203677510608,"Philadelphia, Germantown"
37980,1980,cluster_1,G42010100287,42010100287,44,2299,0.029850746268656716,"Philadelphia, Germantown"
37980,1980,cluster_1,G42010100288,42010100288,8,3595,0.002391629297458894,"Philadelphia, Germantown"
37980,1980,cluster_1,G42010100289,42010100289,9,8963,0.0010711735301118781,"Philadelphia, Germantown"
37980,1980,cluster_1,G42010100290,42010100290,9,5437,0.0017567831348819052,"Philadelphia, Germantown"
37980,1980,cluster_1,G42010100291,42010100291,124,4263,0.030587074494326592,"Philadelphia, Germantown"
37980,1980,cluster_1,G42010100292,42010100292,21,4015,0.005642127888232133,"Philadelphia, Germantown"
37980,1980,cluster_1,G42010100293,42010100293,1,3039,0.00033932813030200206,"Philadelphia, Germantown"
37980,1980,cluster_1,G42010100294,42010100294,699,3352,0.22396667734700418,"Philadelphia, Germantown"
37980,1980,cluster_1,G42010100298,42010100298,4,4609,0.0008800880088008801,"Philadelphia, Germantown"
37980,1980,cluster_1,G42010100299,42010100299,924,4698,0.20347940982162518,"Philadelphia, Germantown"
37980,1980,cluster_1,G42010100300,42010100300,1870,6937,0.2812876052948255,"Philadelphia, Germantown"
37980,1980,cluster_1,G42010100301,42010100301,11,5544,0.0020634027386981805,"Philadelphia, Germantown"
37980,1980,cluster_1,G42010100302,42010100302,4,6616,0.0006142506142506142,"Philadelphia, Germantown"
37980,1980,cluster_1,G42010100303,42010100303,83,7715,0.011032832646550578,"Philadelphia, Germantown"
37980,1980,cluster_1,G42010100304,42010100304,1,508,0.002012072434607646,"Philadelphia, Germantown"
37980,1980,cluster_1,G42010100305,42010100305,3,10220,0.00029615004935834154,"Philadelphia, Germantown"
37980,1980,cluster_1,G42010100306,42010100306,3,6526,0.0004655493482309125,"Philadelphia, Germantown"
37980,1980,cluster_1,G42010100309,42010100309,4,3286,0.0012492192379762648,"Philadelphia, Germantown"
37980,1980,cluster_1,G42010100311,42010100311,1,8316,0.00012312238364934746,"Philadelphia, Germantown"
37980,1980,cluster_1,G42010100312,42010100312,2,3982,0.0005217845030002609,"Philadelphia, Germantown"
37980,1980,cluster_1,G42010100313,42010100313,0,5681,0.0,"Philadelphia, Germantown"
37980,1980,cluster_1,G42010100318,42010100318,3,3591,0.0008424599831508003,"Philadelphia, Germantown"
37980,1990,cluster_1,G4200910202298,4200910202298,171,2852,0.06761565836298933,"Philadelphia, Germantown"
37980,1990,cluster_1,G4200910202401,4200910202401,1886,3138,0.7851790174854288,"Philadelphia, Germantown"
37980,1990,cluster_1,G4200910202402,4200910202402,1136,4907,0.252388358142635,"Philadelphia, Germantown"
37980,1990,cluster_1,G42009102025,42009102025,1332,4315,0.31850789096126253,"Philadelphia, Germantown"
37980,1990,cluster_1,G42010100131,42010100131,2000,2200,0.9770395701025891,"Philadelphia, Germantown"
37980,1990,cluster_1,G42010100132,42010100132,3801,4166,0.9642313546423136,"Philadelphia, Germantown"
37980,1990,cluster_1,G42010100137,42010100137,5975,6573,0.9277950310559007,"Philadelphia, Germantown"
37980,1990,cluster_1,G42010100138,42010100138,2826,2941,0.9721362229102167,"Philadelphia, Germantown"
37980,1990,cluster_1,G42010100139,42010100139,4217,4785,0.9107991360691144,"Philadelphia, Germantown"
37980,1990,cluster_1,G42010100140,42010100140,3357,3594,0.9693907017037251,"Philadelphia, Germantown"
37980,1990,cluster_1,G42010100141,42010100141,2252,2768,0.9073327961321515,"Philadelphia, Germantown"
37980,1990,cluster_1,G42010100145,42010100145,1231,2006,0.9808764940239044,"Philadelphia, Germantown"
37980,1990,cluster_1,G42010100146,42010100146,2266,3322,0.7588747488278633,"Philadelphia, Germantown"
37980,1990,cluster_1,G42010100147,42010100147,2306,2437,0.9738175675675675,"Philadelphia, Germantown"
37980,1990,cluster_1,G42010100148,42010100148,1243,1278,0.9912280701754386,"Philadelphia, Germantown"
37980,1990,cluster_1,G42010100149,42010100149,5718,5834,0.9933981931897151,"Philadelphia, Germantown"
37980,1990,cluster_1,G42010100151,42010100151,9062,9215,0.9941854086670323,"Philadelphia, Germantown"
37980,1990,cluster_1,G42010100152,42010100152,7963,8134,0.9957484056521195,"Philadelphia, Germantown"
37980,1990,cluster_1,G42010100153,42010100153,3199,3621,0.9072603516732842,"Philadelphia, Germantown"
37980,1990,cluster_1,G42010100154,42010100154,937,1819,0.5391254315304949,"Philadelphia, Germantown"
37980,1990,cluster_1,G42010100155,42010100155,2689,3413,0.9951887490747594,"Philadelphia, Germantown"
37980,1990,cluster_1,G42010100162,42010100162,610,2858,0.8425414364640884,"Philadelphia, Germantown"
37980,1990,cluster_1,G42010100163,42010100163,648,4147,0.629126213592233,"Philadelphia, Germantown"
37980,1990,cluster_1,G42010100164,42010100164,2233,5589,0.9542735042735043,"Philadelphia, Germantown"
37980,1990,cluster_1,G42010100165,42010100165,3625,3870,0.9904371584699454,"Philadelphia, Germantown"
37980,1990,cluster_1,G42010100166,42010100166,1419,1475,0.9909217877094972,"Philadelphia, Germantown"
37980,1990,cluster_1,G42010100167,42010100167,8377,8509,0.993830822161585,"Philadelphia, Germantown"
37980,1990,cluster_1,G42010100168,42010100168,5271,5370,0.9954674220963173,"Philadelphia, Germantown"
37980,1990,cluster_1,G42010100169,42010100169,12096,12278,0.9942462600690449,"Philadelphia, Germantown"
37980,1990,cluster_1,G42010100170,42010100170,3511,3927,0.9070007749935417,"Philadelphia, Germantown"
37980,1990,cluster_1,G42010100171,42010100171,5203,5276,0.9918032786885246,"Philadelphia, Germantown"
37980,1990,cluster_1,G42010100172,42010100172,9796,9976,0.9928042971521233,"Philadelphia, Germantown"
37980,1990,cluster_1,G42010100173,42010100173,3687,3815,0.9879421221864951,"Philadelphia, Germantown"
37980,1990,cluster_1,G42010100174,42010100174,3216,3406,0.9941267387944358,"Philadelphia, Germantown"
37980,1990,cluster_1,G42010100175,42010100175,2717,9010,0.9216417910447762,"Philadelphia, Germantown"
37980,1990,cluster_1,G42010100176,42010100176,638,11464,0.2621199671322925,"Philadelphia, Germantown"
37980,1990,cluster_1,G42010100177,42010100177,89,8597,0.011936695278969957,"Philadelphia, Germantown"
37980,1990,cluster_1,G42010100178,42010100178,95,6252,0.01645021645021645,"Philadelphia, Germantown"
37980,1990,cluster_1,G42010100188,42010100188,8,7167,0.001142204454597373,"Philadelphia, Germantown"
37980,1990,cluster_1,G42010100190,42010100190,95,6428,0.01550514117839073,"Philadelphia, Germantown"
37980,1990,cluster_1,G42010100192,42010100192,29,7078,0.0043374214777146276,"Philadelphia, Germantown"
37980,1990,cluster_1,G42010100195,42010100195,346,8707,0.11449371277299801,"Philadelphia, Germantown"
37980,1990,cluster_1,G42010100196,42010100196,425,2639,0.4769921436588103,"Philadelphia, Germantown"
37980,1990,cluster_1,G42010100197,42010100197,2571,7736,0.80620884289746,"Philadelphia, Germantown"
37980,1990,cluster_1,G42010100198,42010100198,2570,6966,0.8798356727148237,"Philadelphia, Germantown"
37980,1990,cluster_1,G42010100199,42010100199,2404,5390,0.8694394213381555,"Philadelphia, Germantown"
37980,1990,cluster_1,G42010100200,42010100200,1564,2176,0.8099430346970482,"Philadelphia, Germantown"
37980,1990,cluster_1,G42010100201,42010100201,7810,8049,0.9879822896900696,"Philadelphia, Germantown"
37980,1990,cluster_1,G42010100202,42010100202,5889,6102,0.9772651842017922,"Philadelphia, Germantown"
37980,1990,cluster_1,G42010100203,42010100203,3359,3780,0.9406328759451135,"Philadelphia, Germantown"
37980,1990,cluster_1,G42010100204,42010100204,3565,3805,0.9578183772165503,"Philadelphia, Germantown"
37980,1990,cluster_1,G42010100205,42010100205,2958,3460,0.8882882882882883,"Philadelphia, Germantown"
37980,1990,cluster_1,G42010100237,42010100237,3252,5349,0.6326848249027237,"Philadelphia, Germantown"
37980,1990,cluster_1,G42010100238,42010100238,3145,4650,0.6974939010867155,"Philadelphia, Germantown"
37980,1990,cluster_1,G42010100239,42010100239,835,1702,0.514479359211337,"Philadelphia, Germantown"
37980,1990,cluster_1,G42010100240,42010100240,2767,4193,0.6811915312653866,"Philadelphia, Germantown"
37980,1990,cluster_1,G42010100241,42010100241,1148,1495,0.7961165048543689,"Philadelphia, Germantown"
37980,1990,cluster_1,G42010100242,42010100242,3213,4312,0.7789090909090909,"Philadelphia, Germantown"
37980,1990,cluster_1,G42010100243,42010100243,3238,4294,0.7779913503123498,"Philadelphia, Germantown"
37980,1990,cluster_1,G42010100244,42010100244,3132,3671,0.8864987262949335,"Philadelphia, Germantown"
37980,1990,cluster_1,G42010100245,42010100245,4077,4527,0.9133064516129032,"Philadelphia, Germantown"
37980,1990,cluster_1,G42010100246,42010100246,2933,3310,0.9128540305010894,"Philadelphia, Germantown"
37980,1990,cluster_1,G42010100247,42010100247,4984,5640,0.9070063694267516,"Philadelphia, Germantown"
37980,1990,cluster_1,G42010100248,42010100248,2115,2210,0.9670781893004116,"Philadelphia, Germantown"
37980,1990,cluster_1,G42010100249,42010100249,3941,4144,0.9652216507469997,"Philadelphia, Germantown"
37980,1990,cluster_1,G42010100250,42010100250,769,914,0.8768529076396807,"Philadelphia, Germantown"
37980,1990,cluster_1,G42010100251,42010100251,2140,2275,0.9596412556053812,"Philadelphia, Germantown"
37980,1990,cluster_1,G42010100252,42010100252,6823,7379,0.9433153601548459,"Philadelphia, Germantown"
37980,1990,cluster_1,G42010100253,42010100253,4101,4315,0.965168274888209,"Philadelphia, Germantown"
37980,1990,cluster_1,G42010100254,42010100254,4077,4548,0.9180364782706597,"Philadelphia, Germantown"
37980,1990,cluster_1,G42010100255,42010100255,1887,2898,0.6804904435629282,"Philadelphia, Germantown"
37980,1990,cluster_1,G42010100258,42010100258,1641,1838,0.906129210381005,"Philadelphia, Germantown"
37980,1990,cluster_1,G42010100259,42010100259,5172,5511,0.953012714206744,"Philadelphia, Germantown"
37980,1990,cluster_1,G42010100260,42010100260,3300,3502,0.9581881533101045,"Philadelphia, Germantown"
37980,1990,cluster_1,G42010100261,42010100261,3408,3625,0.9543545225427051,"Philadelphia, Germantown"
37980,1990,cluster_1,G42010100262,42010100262,4967,5177,0.9754516889238021,"Philadelphia, Germantown"
37980,1990,cluster_1,G42010100263,42010100263,10445,11011,0.963116643614569,"Philadelphia, Germantown"
37980,1990,cluster_1,G42010100264,42010100264,6147,6443,0.9721651114977068,"Philadelphia, Germantown"
37980,1990,cluster_1,G42010100265,42010100265,5105,5367,0.9723809523809523,"Philadelphia, Germantown"
37980,1990,cluster_1,G42010100266,42010100266,7291,7490,0.9827470009435234,"Philadelphia, Germantown"
37980,1990,cluster_1,G42010100267,42010100267,7645,7834,0.9869610121352956,"Philadelphia, Germantown"
37980,1990,cluster_1,G42010100268,42010100268,3623,4644,0.815990990990991,"Philadelphia, Germantown"
37980,1990,cluster_1,G42010100269,42010100269,715,2294,0.35732133933033483,"Philadelphia, Germantown"
37980,1990,cluster_1,G42010100270,42010100270,902,2275,0.4342802118440058,"Philadelphia, Germantown"
37980,1990,cluster_1,G42010100271,42010100271,85,2455,0.043634496919917866,"Philadelphia, Germantown"
37980,1990,cluster_1,G42010100272,42010100272,1802,4446,0.4965555249379994,"Philadelphia, Germantown"
37980,1990,cluster_1,G42010100273,42010100273,485,5525,0.12281590276019246,"Philadelphia, Germantown"
37980,1990,cluster_1,G42010100274,42010100274,382,9620,0.0566849680961567,"Philadelphia, Germantown"
37980,1990,cluster_1,G42010100275,42010100275,1036,4651,0.3128964059196617,"Philadelphia, Germantown"
37980,1990,cluster_1,G42010100276,42010100276,3262,4250,0.8738280203589606,"Philadelphia, Germantown"
37980,1990,cluster_1,G42010100277,42010100277,5055,5358,0.9595671981776766,"Philadelphia, Germantown"
37980,1990,cluster_1,G42010100278,42010100278,5007,5262,0.9707250872431175,"Philadelphia, Germantown"
37980,1990,cluster_1,G42010100279,42010100279,6711,7901,0.8641514293072367,"Philadelphia, Germantown"
37980,1990,cluster_1,G42010100280,42010100280,4992,5219,0.9727201870615745,"Philadelphia, Germantown"
37980,1990,cluster_1,G42010100281,42010100281,3724,4377,0.9272908366533864,"Philadelphia, Germantown"
37980,1990,cluster_1,G42010100282,42010100282,3875,6016,0.7214671383355055,"Philadelphia, Germantown"
37980,1990,cluster_1,G42010100283,42010100283,6874,8746,0.9384300341296928,"Philadelphia, Germantown"
37980,1990,cluster_1,G42010100284,42010100284,4525,5865,0.9253578732106339,"Philadelphia, Germantown"
37980,1990,cluster_1,G42010100285,42010100285,703,2259,0.5887772194304858,"Philadelphia, Germantown"
37980,1990,cluster_1,G42010100286,42010100286,1908,7114,0.46187363834422657,"Philadelphia, Germantown"
37980,1990,cluster_1,G42010100287,42010100287,492,2468,0.4641509433962264,"Philadelphia, Germantown"
37980,1990,cluster_1,G42010100288,42010100288,345,3853,0.15285777580859547,"Philadelphia, Germantown"
37980,1990,cluster_1,G42010100289,42010100289,472,8484,0.07862735299017158,"Philadelphia, Germantown"
37980,1990,cluster_1,G42010100290,42010100290,486,5670,0.12467932272960493,"Philadelphia, Germantown"
37980,1990,cluster_1,G42010100291,42010100291,568,4461,0.16844602609727166,"Philadelphia, Germantown"
37980,1990,cluster_1,G42010100292,42010100292,352,3965,0.11706019288327237,"Philadelphia, Germantown"
37980,1990,cluster_1,G42010100293,42010100293,27,2878,0.010078387458006719,"Philadelphia, Germantown"
37980,1990,cluster_1,G42010100294,42010100294,851,3216,0.30844508880029,"Philadelphia, Germantown"
37980,1990,cluster_1,G42010100298,42010100298,2,4216,0.0004798464491362764,"Philadelphia, Germantown"
37980,1990,cluster_1,G42010100299,42010100299,791,4332,0.19618055555555555,"Philadelphia, Germantown"
37980,1990,cluster_1,G42010100300,42010100300,2302,6867,0.36132475278606185,"Philadelphia, Germantown"
37980,1990,cluster_1,G42010100301,42010100301,304,5603,0.05813731114935934,"Philadelphia, Germantown"
37980,1990,cluster_1,G42010100302,42010100302,19,6514,0.0030497592295345103,"Philadelphia, Germantown"
37980,1990,cluster_1,G42010100303,42010100303,242,6947,0.036440295136274656,"Philadelphia, Germantown"
37980,1990,cluster_1,G42010100304,42010100304,13,631,0.02411873840445269,"Philadelphia, Germantown"
37980,1990,cluster_1,G42010100305,42010100305,27,9557,0.002872340425531915,"Philadelphia, Germantown"
37980,1990,cluster_1,G42010100306,42010100306,11,6518,0.0017163364019347792,"Philadelphia, Germantown"
37980,1990,cluster_1,G42010100309,42010100309,13,3278,0.004352192835621024,"Philadelphia, Germantown"
37980,1990,cluster_1,G42010100311,42010100311,17,7940,0.0022864828513786146,"Philadelphia, Germantown"
37980,1990,cluster_1,G42010100312,42010100312,13,3857,0.003745318352059925,"Philadelphia, Germantown"
37980,1990,cluster_1,G42010100313,42010100313,9,5396,0.0018152480839048004,"Philadelphia, Germantown"
37980,1990,cluster_1,G42010100318,42010100318,23,3456,0.006857483601669648,"Philadelphia, Germantown"
37980,1990,cluster_1,G42010100367,42010100367,0,3,0.0,"Philadelphia, Germantown"
37980,2000,cluster_1,G42091202202,42091202202,808,2953,0.34872680189900734,"Philadelphia, Germantown"
37980,2000,cluster_1,G42091202401,42091202401,2753,3472,0.9367131677441306,"Philadelphia, Germantown"
37980,2000,cluster_1,G42091202402,42091202402,1587,5105,0.3705346719589073,"Philadelphia, Germantown"
37980,2000,cluster_1,G42091202500,42091202500,1997,5012,0.4239915074309979,"Philadelphia, Germantown"
37980,2000,cluster_1,G42101013100,42101013100,1491,1676,0.9576107899807321,"Philadelphia, Germantown"
37980,2000,cluster_1,G42101013200,42101013200,1918,2158,0.959,"Philadelphia, Germantown"
37980,2000,cluster_1,G42101013700,42101013700,4645,5052,0.9483462637811352,"Philadelphia, Germantown"
37980,2000,cluster_1,G42101013800,42101013800,2228,2339,0.9797713280562885,"Philadelphia, Germantown"
37980,2000,cluster_1,G42101013900,42101013900,2376,2716,0.9266770670826833,"Philadelphia, Germantown"
37980,2000,cluster_1,G42101014000,42101014000,2700,3011,0.9608540925266904,"Philadelphia, Germantown"
37980,2000,cluster_1,G42101014100,42101014100,1859,2303,0.9234972677595629,"Philadelphia, Germantown"
37980,2000,cluster_1,G42101014500,42101014500,1014,1431,0.9970501474926253,"Philadelphia, Germantown"
37980,2000,cluster_1,G42101014600,42101014600,2332,3260,0.7773333333333333,"Philadelphia, Germantown"
37980,2000,cluster_1,G42101014700,42101014700,2234,2338,0.9850088183421517,"Philadelphia, Germantown"
37980,2000,cluster_1,G42101014800,42101014800,730,742,0.9905020352781547,"Philadelphia, Germantown"
37980,2000,cluster_1,G42101014900,42101014900,4484,4634,0.9957805907172996,"Philadelphia, Germantown"
37980,2000,cluster_1,G42101015100,42101015100,7817,8018,0.9966849419864847,"Philadelphia, Germantown"
37980,2000,cluster_1,G42101015200,42101015200,4995,5167,0.9940298507462687,"Philadelphia, Germantown"
37980,2000,cluster_1,G42101015300,42101015300,2945,3382,0.9188767550702028,"Philadelphia, Germantown"
37980,2000,cluster_1,G42101015400,42101015400,1149,2258,0.5907455012853471,"Philadelphia, Germantown"
37980,2000,cluster_1,G42101015500,42101015500,2141,2941,0.9825608077099587,"Philadelphia, Germantown"
37980,2000,cluster_1,G42101016200,42101016200,543,2329,0.8814935064935064,"Philadelphia, Germantown"
37980,2000,cluster_1,G42101016300,42101016300,539,3629,0.7570224719101124,"Philadelphia, Germantown"
37980,2000,cluster_1,G42101016400,42101016400,2262,5233,0.9679075738125802,"Philadelphia, Germantown"
37980,2000,cluster_1,G42101016500,42101016500,2529,2722,0.9890496675791943,"Philadelphia, Germantown"
37980,2000,cluster_1,G42101016600,42101016600,1594,1699,0.9731379731379731,"Philadelphia, Germantown"
37980,2000,cluster_1,G42101016700,42101016700,6698,6947,0.9948017228575672,"Philadelphia, Germantown"
37980,2000,cluster_1,G42101016800,42101016800,4370,4553,0.9968065693430657,"Philadelphia, Germantown"
37980,2000,cluster_1,G42101016901,42101016901,3770,3892,0.9936742224565103,"Philadelphia, Germantown"
37980,2000,cluster_1,G42101016902,42101016902,6320,6492,0.9952755905511811,"Philadelphia, Germantown"
37980,2000,cluster_1,G42101017000,42101017000,2464,2840,0.8943738656987296,"Philadelphia, Germantown"
37980,2000,cluster_1,G42101017100,42101017100,4291,4435,0.9925977330557483,"Philadelphia, Germantown"
37980,2000,cluster_1,G42101017200,42101017200,8407,8643,0.9951467803030303,"Philadelphia, Germantown"
37980,2000,cluster_1,G42101017300,42101017300,3041,3152,0.9931417374265186,"Philadelphia, Germantown"
37980,2000,cluster_1,G42101017400,42101017400,2489,2641,0.9944067119456652,"Philadelphia, Germantown"
37980,2000,cluster_1,G42101017500,42101017500,2331,7452,0.9576828266228431,"Philadelphia, Germantown"
37980,2000,cluster_1,G42101017601,42101017601,425,5863,0.7130872483221476,"Philadelphia, Germantown"
37980,2000,cluster_1,G42101017602,42101017602,505,3867,0.638432364096081,"Philadelphia, Germantown"
37980,2000,cluster_1,G42101017700,42101017700,2031,9159,0.5619811842833425,"Philadelphia, Germantown"
37980,2000,cluster_1,G42101017800,42101017800,1261,6340,0.3238315356959425,"Philadelphia, Germantown"
37980,2000,cluster_1,G42101018800,42101018800,833,7257,0.15374677002583978,"Philadelphia, Germantown"
37980,2000,cluster_1,G42101019000,42101019000,869,6869,0.2034176029962547,"Philadelphia, Germantown"
37980,2000,cluster_1,G42101019200,42101019200,1443,7519,0.41501294219154444,"Philadelphia, Germantown"
37980,2000,cluster_1,G42101019500,42101019500,949,8642,0.5804281345565749,"Philadelphia, Germantown"
37980,2000,cluster_1,G42101019600,42101019600,576,2677,0.7451487710219923,"Philadelphia, Germantown"
37980,2000,cluster_1,G42101019700,42101019700,2545,7139,0.9131682813060639,"Philadelphia, Germantown"
37980,2000,cluster_1,G42101019800,42101019800,2379,6239,0.9436731455771519,"Philadelphia, Germantown"
37980,2000,cluster_1,G42101019900,42101019900,2121,4897,0.9343612334801762,"Philadelphia, Germantown"
37980,2000,cluster_1,G42101020000,42101020000,1306,1861,0.8147223955084217,"Philadelphia, Germantown"
37980,2000,cluster_1,G42101020100,42101020100,7360,7732,0.9913793103448276,"Philadelphia, Germantown"
37980,2000,cluster_1,G42101020200,42101020200,5375,5666,0.9767399600218063,"Philadelphia, Germantown"
37980,2000,cluster_1,G42101020300,42101020300,2807,3140,0.9709443099273608,"Philadelphia, Germantown"
37980,2000,cluster_1,G42101020400,42101020400,3213,3398,0.9792746113989638,"Philadelphia, Germantown"
37980,2000,cluster_1,G42101020500,42101020500,2745,3139,0.9429749227069736,"Philadelphia, Germantown"
37980,2000,cluster_1,G42101023700,42101023700,3435,5123,0.7249894470240608,"Philadelphia, Germantown"
37980,2000,cluster_1,G42101023800,42101023800,3573,4896,0.770541298253181,"Philadelphia, Germantown"
37980,2000,cluster_1,G42101023900,42101023900,1212,2015,0.6670335718216841,"Philadelphia, Germantown"
37980,2000,cluster_1,G42101024000,42101024000,3044,4208,0.7731775463550927,"Philadelphia, Germantown"
37980,2000,cluster_1,G42101024100,42101024100,1180,1436,0.8600583090379009,"Philadelphia, Germantown"
37980,2000,cluster_1,G42101024200,42101024200,3496,4172,0.8850632911392405,"Philadelphia, Germantown"
37980,2000,cluster_1,G42101024300,42101024300,3482,4016,0.914390756302521,"Philadelphia, Germantown"
37980,2000,cluster_1,G42101024400,42101024400,3148,3491,0.9433623014683847,"Philadelphia, Germantown"
37980,2000,cluster_1,G42101024500,42101024500,4102,4510,0.9499768411301528,"Philadelphia, Germantown"
37980,2000,cluster_1,G42101024600,42101024600,2646,2883,0.9517985611510792,"Philadelphia, Germantown"
37980,2000,cluster_1,G42101024700,42101024700,4371,4866,0.9341739687967514,"Philadelphia, Germantown"
37980,2000,cluster_1,G42101024800,42101024800,2028,2137,0.9844660194174757,"Philadelphia, Germantown"
37980,2000,cluster_1,G42101024900,42101024900,3478,3619,0.985827664399093,"Philadelphia, Germantown"
37980,2000,cluster_1,G42101025000,42101025000,969,1120,0.9098591549295775,"Philadelphia, Germantown"
37980,2000,cluster_1,G42101025100,42101025100,1996,2133,0.9789112309955861,"Philadelphia, Germantown"
37980,2000,cluster_1,G42101025200,42101025200,6621,7327,0.9382173728213121,"Philadelphia, Germantown"
37980,2000,cluster_1,G42101025300,42101025300,3986,4284,0.97361993160723,"Philadelphia, Germantown"
37980,2000,cluster_1,G42101025400,42101025400,3890,4303,0.9476248477466505,"Philadelphia, Germantown"
37980,2000,cluster_1,G42101025500,42101025500,2001,2762,0.7657864523536165,"Philadelphia, Germantown"
37980,2000,cluster_1,G42101025800,42101025800,1591,1707,0.9613293051359516,"Philadelphia, Germantown"
37980,2000,cluster_1,G42101025900,42101025900,4897,5174,0.9772500498902414,"Philadelphia, Germantown"
37980,2000,cluster_1,G42101026000,42101026000,2889,3050,0.9789901728227719,"Philadelphia, Germantown"
37980,2000,cluster_1,G42101026100,42101026100,3052,3237,0.9735247208931419,"Philadelphia, Germantown"
37980,2000,cluster_1,G42101026200,42101026200,4363,4564,0.9879981884057971,"Philadelphia, Germantown"
37980,2000,cluster_1,G42101026301,42101026301,4062,4313,0.9731672256827982,"Philadelphia, Germantown"
37980,2000,cluster_1,G42101026302,42101026302,5453,5754,0.98661118147277,"Philadelphia, Germantown"
37980,2000,cluster_1,G42101026400,42101026400,5629,5943,0.9870243731369455,"Philadelphia, Germantown"
37980,2000,cluster_1,G42101026500,42101026500,4588,4823,0.9843381248659085,"Philadelphia, Germantown"
37980,2000,cluster_1,G42101026600,42101026600,6671,6975,0.9903503562945368,"Philadelphia, Germantown"
37980,2000,cluster_1,G42101026700,42101026700,6777,7068,0.9856020942408377,"Philadelphia, Germantown"
37980,2000,cluster_1,G42101026800,42101026800,4052,4698,0.9204906860517946,"Philadelphia, Germantown"
37980,2000,cluster_1,G42101026900,42101026900,1294,2359,0.6495983935742972,"Philadelphia, Germantown"
37980,2000,cluster_1,G42101027000,42101027000,1687,2452,0.7713763145861912,"Philadelphia, Germantown"
37980,2000,cluster_1,G42101027100,42101027100,1130,2438,0.7018633540372671,"Philadelphia, Germantown"
37980,2000,cluster_1,G42101027200,42101027200,3182,4567,0.835609243697479,"Philadelphia, Germantown"
37980,2000,cluster_1,G42101027300,42101027300,2549,6000,0.7142056598486971,"Philadelphia, Germantown"
37980,2000,cluster_1,G42101027400,42101027400,4296,10479,0.7042622950819672,"Philadelphia, Germantown"
37980,2000,cluster_1,G42101027500,42101027500,2675,4823,0.7669151376146789,"Philadelphia, Germantown"
37980,2000,cluster_1,G42101027600,42101027600,3598,3932,0.9643527204502814,"Philadelphia, Germantown"
37980,2000,cluster_1,G42101027700,42101027700,4804,5102,0.9880707527766351,"Philadelphia, Germantown"
37980,2000,cluster_1,G42101027800,42101027800,4596,4867,0.9824711415134673,"Philadelphia, Germantown"
37980,2000,cluster_1,G42101027900,42101027900,6090,8350,0.7636363636363637,"Philadelphia, Germantown"
37980,2000,cluster_1,G42101028000,42101028000,4643,4819,0.9885032999787098,"Philadelphia, Germantown"
37980,2000,cluster_1,G42101028100,42101028100,3565,4012,0.9598815293484114,"Philadelphia, Germantown"
37980,2000,cluster_1,G42101028200,42101028200,4149,5448,0.8519507186858316,"Philadelphia, Germantown"
37980,2000,cluster_1,G42101028300,42101028300,5903,7270,0.9726478826824848,"Philadelphia, Germantown"
37980,2000,cluster_1,G42101028400,42101028400,3392,4409,0.9636363636363636,"Philadelphia, Germantown"
37980,2000,cluster_1,G42101028500,42101028500,1103,2373,0.8831064851881505,"Philadelphia, Germantown"
37980,2000,cluster_1,G42101028600,42101028600,3309,7337,0.8377215189873418,"Philadelphia, Germantown"
37980,2000,cluster_1,G42101028700,42101028700,697,2489,0.7744444444444445,"Philadelphia, Germantown"
37980,2000,cluster_1,G42101028800,42101028800,846,4373,0.5778688524590164,"Philadelphia, Germantown"
37980,2000,cluster_1,G42101028900,42101028900,2451,10116,0.6035459246491012,"Philadelphia, Germantown"
37980,2000,cluster_1,G42101029000,42101029000,2084,6217,0.6670934699103713,"Philadelphia, Germantown"
37980,2000,cluster_1,G42101029100,42101029100,1388,4371,0.5686194182712003,"Philadelphia, Germantown"
37980,2000,cluster_1,G42101029200,42101029200,1184,4295,0.456437933693138,"Philadelphia, Germantown"
37980,2000,cluster_1,G42101029300,42101029300,677,3005,0.28968763371844247,"Philadelphia, Germantown"
37980,2000,cluster_1,G42101029400,42101029400,1299,3125,0.5560787671232876,"Philadelphia, Germantown"
37980,2000,cluster_1,G42101029800,42101029800,424,4395,0.10973084886128365,"Philadelphia, Germantown"
37980,2000,cluster_1,G42101029900,42101029900,1750,4448,0.4910213243546577,"Philadelphia, Germantown"
37980,2000,cluster_1,G42101030000,42101030000,3769,7150,0.6279573475508164,"Philadelphia, Germantown"
37980,2000,cluster_1,G42101030100,42101030100,2132,6050,0.4268268268268268,"Philadelphia, Germantown"
37980,2000,cluster_1,G42101030200,42101030200,1193,6694,0.2154985549132948,"Philadelphia, Germantown"
37980,2000,cluster_1,G42101030300,42101030300,1777,6887,0.3240335521517141,"Philadelphia, Germantown"
37980,2000,cluster_1,G42101030400,42101030400,96,495,0.2553191489361702,"Philadelphia, Germantown"
37980,2000,cluster_1,G42101030500,42101030500,1966,10172,0.24096090207133228,"Philadelphia, Germantown"
37980,2000,cluster_1,G42101030600,42101030600,424,6911,0.06827697262479872,"Philadelphia, Germantown"
37980,2000,cluster_1,G42101030900,42101030900,400,3529,0.15810276679841898,"Philadelphia, Germantown"
37980,2000,cluster_1,G42101031100,42101031100,1000,8395,0.15654351909830932,"Philadelphia, Germantown"
37980,2000,cluster_1,G42101031200,42101031200,587,4171,0.19573191063687895,"Philadelphia, Germantown"
37980,2000,cluster_1,G42101031300,42101031300,451,5866,0.10481059725772716,"Philadelphia, Germantown"
37980,2000,cluster_1,G42101031800,42101031800,407,3512,0.1342791158033652,"Philadelphia, Germantown"
37980,2010,cluster_1,G42091202202,42091202202,1173,3006,0.5564516129032258,"Philadelphia, Germantown"
37980,2010,cluster_1,G42091202401,42091202401,2834,3554,0.9459279038718291,"Philadelphia, Germantown"
37980,2010,cluster_1,G42091202402,42091202402,1768,4689,0.4552008238928939,"Philadelphia, Germantown"
37980,2010,cluster_1,G42091202500,42091202500,2622,5236,0.5809882561489031,"Philadelphia, Germantown"
37980,2010,cluster_1,G42101013100,42101013100,1081,1529,0.8079222720478326,"Philadelphia, Germantown"
37980,2010,cluster_1,G42101013200,42101013200,2297,2914,0.9104240982956797,"Philadelphia, Germantown"
37980,2010,cluster_1,G42101013700,42101013700,3651,4813,0.8222972972972973,"Philadelphia, Germantown"
37980,2010,cluster_1,G42101013800,42101013800,1805,2061,0.9381496881496881,"Philadelphia, Germantown"
37980,2010,cluster_1,G42101013900,42101013900,3027,3764,0.8786647314949202,"Philadelphia, Germantown"
37980,2010,cluster_1,G42101014000,42101014000,2265,3010,0.8547169811320755,"Philadelphia, Germantown"
37980,2010,cluster_1,G42101014100,42101014100,1552,2094,0.8919540229885058,"Philadelphia, Germantown"
37980,2010,cluster_1,G42101014500,42101014500,1425,2464,0.7503949447077409,"Philadelphia, Germantown"
37980,2010,cluster_1,G42101014600,42101014600,2205,4289,0.5769230769230769,"Philadelphia, Germantown"
37980,2010,cluster_1,G42101014700,42101014700,1641,3939,0.48435655253837073,"Philadelphia, Germantown"
37980,2010,cluster_1,G42101014800,42101014800,702,785,0.975,"Philadelphia, Germantown"
37980,2010,cluster_1,G42101014900,42101014900,3723,3967,0.989370183364337,"Philadelphia, Germantown"
37980,2010,cluster_1,G42101015101,42101015101,1942,2038,0.9903110657827638,"Philadelphia, Germantown"
37980,2010,cluster_1,G42101015102,42101015102,4081,4269,0.9953658536585366,"Philadelphia, Germantown"
37980,2010,cluster_1,G42101015200,42101015200,5731,6133,0.9804961505560308,"Philadelphia, Germantown"
37980,2010,cluster_1,G42101015300,42101015300,2225,4962,0.49921471842046217,"Philadelphia, Germantown"
37980,2010,cluster_1,G42101016200,42101016200,423,2225,0.8359683794466403,"Philadelphia, Germantown"
37980,2010,cluster_1,G42101016300,42101016300,434,3248,0.7431506849315068,"Philadelphia, Germantown"
37980,2010,cluster_1,G42101016400,42101016400,1733,4564,0.9686975964225825,"Philadelphia, Germantown"
37980,2010,cluster_1,G42101016500,42101016500,2467,2758,0.9832602630530092,"Philadelphia, Germantown"
37980,2010,cluster_1,G42101016600,42101016600,1327,1788,0.8420050761421319,"Philadelphia, Germantown"
37980,2010,cluster_1,G42101016701,42101016701,2857,3055,0.9801029159519725,"Philadelphia, Germantown"
37980,2010,cluster_1,G42101016702,42101016702,2544,2903,0.9346069066862601,"Philadelphia, Germantown"
37980,2010,cluster_1,G42101016800,42101016800,3730,3935,0.9888653234358431,"Philadelphia, Germantown"
37980,2010,cluster_1,G42101016901,42101016901,3295,3466,0.9921710328214394,"Philadelphia, Germantown"
37980,2010,cluster_1,G42101016902,42101016902,5288,5524,0.9951072638313888,"Philadelphia, Germantown"
37980,2010,cluster_1,G42101017000,42101017000,2198,2953,0.80483339436104,"Philadelphia, Germantown"
37980,2010,cluster_1,G42101017100,42101017100,3871,4047,0.9912932138284251,"Philadelphia, Germantown"
37980,2010,cluster_1,G42101017201,42101017201,3037,3194,0.9918354016982365,"Philadelphia, Germantown"
37980,2010,cluster_1,G42101017202,42101017202,3862,4056,0.9953608247422681,"Philadelphia, Germantown"
37980,2010,cluster_1,G42101017300,42101017300,2878,3165,0.9706576728499157,"Philadelphia, Germantown"
37980,2010,cluster_1,G42101017400,42101017400,2185,2419,0.9886877828054299,"Philadelphia, Germantown"
37980,2010,cluster_1,G42101017500,42101017500,1814,7016,0.9482488238369053,"Philadelphia, Germantown"
37980,2010,cluster_1,G42101017601,42101017601,305,5562,0.7244655581947743,"Philadelphia, Germantown"
37980,2010,cluster_1,G42101017602,42101017602,487,3914,0.741248097412481,"Philadelphia, Germantown"
37980,2010,cluster_1,G42101017701,42101017701,1019,3705,0.7667419112114372,"Philadelphia, Germantown"
37980,2010,cluster_1,G42101017702,42101017702,876,5076,0.6517857142857143,"Philadelphia, Germantown"
37980,2010,cluster_1,G42101017800,42101017800,1695,6704,0.5614441868168267,"Philadelphia, Germantown"
37980,2010,cluster_1,G42101018800,42101018800,2146,8322,0.5119274809160306,"Philadelphia, Germantown"
37980,2010,cluster_1,G42101019000,42101019000,1559,7543,0.5460595446584938,"Philadelphia, Germantown"
37980,2010,cluster_1,G42101019200,42101019200,1712,7972,0.6748127709893575,"Philadelphia, Germantown"
37980,2010,cluster_1,G42101019501,42101019501,536,4927,0.7118193891102258,"Philadelphia, Germantown"
37980,2010,cluster_1,G42101019502,42101019502,335,3675,0.6308851224105462,"Philadelphia, Germantown"
37980,2010,cluster_1,G42101019700,42101019700,2188,7001,0.9318568994889267,"Philadelphia, Germantown"
37980,2010,cluster_1,G42101019800,42101019800,2005,6195,0.9511385199240987,"Philadelphia, Germantown"
37980,2010,cluster_1,G42101019900,42101019900,1643,4419,0.942627653471027,"Philadelphia, Germantown"
37980,2010,cluster_1,G42101020000,42101020000,1006,1265,0.9195612431444241,"Philadelphia, Germantown"
37980,2010,cluster_1,G42101020101,42101020101,3229,3547,0.9784848484848485,"Philadelphia, Germantown"
37980,2010,cluster_1,G42101020102,42101020102,3075,3353,0.9846301633045149,"Philadelphia, Germantown"
37980,2010,cluster_1,G42101020200,42101020200,4802,5189,0.972655458780636,"Philadelphia, Germantown"
37980,2010,cluster_1,G42101020300,42101020300,2397,2769,0.9576508190171794,"Philadelphia, Germantown"
37980,2010,cluster_1,G42101020400,42101020400,2801,3050,0.9828070175438597,"Philadelphia, Germantown"
37980,2010,cluster_1,G42101020500,42101020500,2532,2819,0.9642041127189642,"Philadelphia, Germantown"
37980,2010,cluster_1,G42101023700,42101023700,2880,4566,0.6858775899023577,"Philadelphia, Germantown"
37980,2010,cluster_1,G42101023800,42101023800,2781,4391,0.6897321428571429,"Philadelphia, Germantown"
37980,2010,cluster_1,G42101023900,42101023900,1279,1777,0.7998749218261413,"Philadelphia, Germantown"
37980,2010,cluster_1,G42101024000,42101024000,2436,3822,0.7116564417177914,"Philadelphia, Germantown"
37980,2010,cluster_1,G42101024100,42101024100,1143,1433,0.8510796723752793,"Philadelphia, Germantown"
37980,2010,cluster_1,G42101024200,42101024200,3498,4236,0.8866920152091254,"Philadelphia, Germantown"
37980,2010,cluster_1,G42101024300,42101024300,3258,3913,0.894072447859495,"Philadelphia, Germantown"
37980,2010,cluster_1,G42101024400,42101024400,2790,3129,0.9502724795640327,"Philadelphia, Germantown"
37980,2010,cluster_1,G42101024500,42101024500,3712,4035,0.9686847599164927,"Philadelphia, Germantown"
37980,2010,cluster_1,G42101024600,42101024600,2579,2956,0.9297043979812545,"Philadelphia, Germantown"
37980,2010,cluster_1,G42101024700,42101024700,3887,4423,0.9332533013205282,"Philadelphia, Germantown"
37980,2010,cluster_1,G42101024800,42101024800,1784,1889,0.9856353591160221,"Philadelphia, Germantown"
37980,2010,cluster_1,G42101024900,42101024900,3123,3311,0.987353778058805,"Philadelphia, Germantown"
37980,2010,cluster_1,G42101025200,42101025200,6262,7118,0.9473524962178518,"Philadelphia, Germantown"
37980,2010,cluster_1,G42101025300,42101025300,3496,4002,0.9385234899328859,"Philadelphia, Germantown"
37980,2010,cluster_1,G42101025400,42101025400,3382,3920,0.9172769189042582,"Philadelphia, Germantown"
37980,2010,cluster_1,G42101025500,42101025500,1554,2571,0.6733102253032929,"Philadelphia, Germantown"
37980,2010,cluster_1,G42101025800,42101025800,1539,1681,0.9661016949152542,"Philadelphia, Germantown"
37980,2010,cluster_1,G42101025900,42101025900,4483,4755,0.9861416630004399,"Philadelphia, Germantown"
37980,2010,cluster_1,G42101026000,42101026000,2626,2788,0.9820493642483171,"Philadelphia, Germantown"
37980,2010,cluster_1,G42101026100,42101026100,2834,2995,0.9823223570190641,"Philadelphia, Germantown"
37980,2010,cluster_1,G42101026200,42101026200,3824,4065,0.9886246122026887,"Philadelphia, Germantown"
37980,2010,cluster_1,G42101026301,42101026301,3633,3840,0.9834867352463454,"Philadelphia, Germantown"
37980,2010,cluster_1,G42101026302,42101026302,5147,5480,0.9871499808208669,"Philadelphia, Germantown"
37980,2010,cluster_1,G42101026400,42101026400,4998,5241,0.9895070283112255,"Philadelphia, Germantown"
37980,2010,cluster_1,G42101026500,42101026500,4111,4340,0.9896485315358691,"Philadelphia, Germantown"
37980,2010,cluster_1,G42101026600,42101026600,6409,6667,0.9948773672772431,"Philadelphia, Germantown"
37980,2010,cluster_1,G42101026700,42101026700,6213,6565,0.9931265984654731,"Philadelphia, Germantown"
37980,2010,cluster_1,G42101026800,42101026800,4012,4647,0.942005165531815,"Philadelphia, Germantown"
37980,2010,cluster_1,G42101026900,42101026900,1463,2199,0.7761273209549071,"Philadelphia, Germantown"
37980,2010,cluster_1,G42101027000,42101027000,1750,2326,0.8684863523573201,"Philadelphia, Germantown"
37980,2010,cluster_1,G42101027100,42101027100,1480,2453,0.8856971873129862,"Philadelphia, Germantown"
37980,2010,cluster_1,G42101027200,42101027200,3325,4278,0.9215631929046563,"Philadelphia, Germantown"
37980,2010,cluster_1,G42101027300,42101027300,3056,6069,0.8827267475447718,"Philadelphia, Germantown"
37980,2010,cluster_1,G42101027401,42101027401,1654,3457,0.8728232189973615,"Philadelphia, Germantown"
37980,2010,cluster_1,G42101027402,42101027402,3943,6800,0.8890642615558061,"Philadelphia, Germantown"
37980,2010,cluster_1,G42101027500,42101027500,2920,4489,0.8829755065013607,"Philadelphia, Germantown"
37980,2010,cluster_1,G42101027600,42101027600,3196,3600,0.9676052073872238,"Philadelphia, Germantown"
37980,2010,cluster_1,G42101027700,42101027700,4373,4788,0.9904869762174405,"Philadelphia, Germantown"
37980,2010,cluster_1,G42101027800,42101027800,4167,4481,0.9914346895074947,"Philadelphia, Germantown"
37980,2010,cluster_1,G42101027901,42101027901,3592,3827,0.9887145609688962,"Philadelphia, Germantown"
37980,2010,cluster_1,G42101027902,42101027902,1912,3873,0.537380550871276,"Philadelphia, Germantown"
37980,2010,cluster_1,G42101028000,42101028000,4016,4272,0.9928306551297899,"Philadelphia, Germantown"
37980,2010,cluster_1,G42101028100,42101028100,3188,3589,0.9701765063907486,"Philadelphia, Germantown"
37980,2010,cluster_1,G42101028200,42101028200,4043,4899,0.9630776560266794,"Philadelphia, Germantown"
37980,2010,cluster_1,G42101028300,42101028300,5091,6173,0.9790384615384615,"Philadelphia, Germantown"
37980,2010,cluster_1,G42101028400,42101028400,3001,4085,0.9737183646982479,"Philadelphia, Germantown"
37980,2010,cluster_1,G42101028500,42101028500,1087,2375,0.9610963748894783,"Philadelphia, Germantown"
37980,2010,cluster_1,G42101028600,42101028600,3582,7124,0.9262994569433669,"Philadelphia, Germantown"
37980,2010,cluster_1,G42101028700,42101028700,653,2507,0.8753351206434317,"Philadelphia, Germantown"
37980,2010,cluster_1,G42101028800,42101028800,856,4245,0.6713725490196079,"Philadelphia, Germantown"
37980,2010,cluster_1,G42101028901,42101028901,925,3857,0.7272012578616353,"Philadelphia, Germantown"
37980,2010,cluster_1,G42101028902,42101028902,1773,6315,0.7735602094240838,"Philadelphia, Germantown"
37980,2010,cluster_1,G42101029000,42101029000,2707,6160,0.8569167458056347,"Philadelphia, Germantown"
37980,2010,cluster_1,G42101029100,42101029100,1803,4685,0.7970822281167109,"Philadelphia, Germantown"
37980,2010,cluster_1,G42101029200,42101029200,1464,4080,0.6774641369736233,"Philadelphia, Germantown"
37980,2010,cluster_1,G42101029300,42101029300,1147,2891,0.6008381351492929,"Philadelphia, Germantown"
37980,2010,cluster_1,G42101029400,42101029400,1390,3141,0.6817067189798921,"Philadelphia, Germantown"
37980,2010,cluster_1,G42101029800,42101029800,1658,4715,0.4946300715990454,"Philadelphia, Germantown"
37980,2010,cluster_1,G42101029900,42101029900,2353,4700,0.7346237901966906,"Philadelphia, Germantown"
37980,2010,cluster_1,G42101030000,42101030000,4451,7478,0.7918519836328055,"Philadelphia, Germantown"
37980,2010,cluster_1,G42101030100,42101030100,3002,5869,0.685544644896095,"Philadelphia, Germantown"
37980,2010,cluster_1,G42101030200,42101030200,3511,7345,0.6944224683544303,"Philadelphia, Germantown"
37980,2010,cluster_1,G42101030501,42101030501,2728,5231,0.7607361963190185,"Philadelphia, Germantown"
37980,2010,cluster_1,G42101030502,42101030502,3050,5839,0.7210401891252955,"Philadelphia, Germantown"
37980,2010,cluster_1,G42101030600,42101030600,1940,7115,0.374445087820884,"Philadelphia, Germantown"
37980,2010,cluster_1,G42101030900,42101030900,1370,3991,0.5770850884582982,"Philadelphia, Germantown"
37980,2010,cluster_1,G42101031101,42101031101,1972,4898,0.6499670402109426,"Philadelphia, Germantown"
37980,2010,cluster_1,G42101031102,42101031102,2020,4465,0.6884798909338786,"Philadelphia, Germantown"
37980,2010,cluster_1,G42101031200,42101031200,2055,4673,0.6802383316782522,"Philadelphia, Germantown"
37980,2010,cluster_1,G42101031300,42101031300,1759,6945,0.48497380755445274,"Philadelphia, Germantown"
37980,2010,cluster_1,G42101031800,42101031800,1489,4017,0.5731331793687452,"Philadelphia, Germantown"
37980,2010,cluster_1,G42101037700,42101037700,2637,5635,0.5986379114642452,"Philadelphia, Germantown"
37980,2010,cluster_1,G42101038900,42101038900,2786,3080,0.9606896551724138,"Philadelphia, Germantown"
37980,2010,cluster_1,G42101039000,42101039000,4537,8154,0.7854916897506925,"Philadelphia, Germantown"
37980,2010,cluster_1,G42101980500,42101980500,0,0,,"Philadelphia, Germantown"
37980,2020,cluster_1,G42091202202,42091202202,1488,3115,0.6882516188714154,"Philadelphia, Germantown"
37980,2020,cluster_1,G42091202401,42091202401,2348,3252,0.8626010286554004,"Philadelphia, Germantown"
37980,2020,cluster_1,G42091202402,42091202402,2170,4957,0.5415522835038682,"Philadelphia, Germantown"
37980,2020,cluster_1,G42091202500,42091202500,3466,6260,0.6994954591321897,"Philadelphia, Germantown"
37980,2020,cluster_1,G42101013100,42101013100,932,1709,0.6908821349147517,"Philadelphia, Germantown"
37980,2020,cluster_1,G42101013200,42101013200,1847,3221,0.7453591606133979,"Philadelphia, Germantown"
37980,2020,cluster_1,G42101013702,42101013702,1876,3913,0.5565114209433403,"Philadelphia, Germantown"
37980,2020,cluster_1,G42101013800,42101013800,1294,2126,0.7071038251366121,"Philadelphia, Germantown"
37980,2020,cluster_1,G42101013900,42101013900,1658,2520,0.7553530751708428,"Philadelphia, Germantown"
37980,2020,cluster_1,G42101014000,42101014000,2214,5456,0.5375091041514931,"Philadelphia, Germantown"
37980,2020,cluster_1,G42101014100,42101014100,1531,3088,0.66219723183391,"Philadelphia, Germantown"
37980,2020,cluster_1,G42101014500,42101014500,1284,2718,0.6673596673596673,"Philadelphia, Germantown"
37980,2020,cluster_1,G42101014600,42101014600,2541,7477,0.47486451130629787,"Philadelphia, Germantown"
37980,2020,cluster_1,G42101014700,42101014700,1901,4781,0.5212503427474636,"Philadelphia, Germantown"
37980,2020,cluster_1,G42101014800,42101014800,870,1099,0.942578548212351,"Philadelphia, Germantown"
37980,2020,cluster_1,G42101014900,42101014900,3142,3765,0.9271171437002066,"Philadelphia, Germantown"
37980,2020,cluster_1,G42101015101,42101015101,1963,2217,0.966518956179222,"Philadelphia, Germantown"
37980,2020,cluster_1,G42101015102,42101015102,3714,4154,0.9791721592407066,"Philadelphia, Germantown"
37980,2020,cluster_1,G42101015200,42101015200,4779,5509,0.9656496261871085,"Philadelphia, Germantown"
37980,2020,cluster_1,G42101015300,42101015300,2875,7943,0.4473315699393185,"Philadelphia, Germantown"
37980,2020,cluster_1,G42101016200,42101016200,390,2078,0.618066561014263,"Philadelphia, Germantown"
37980,2020,cluster_1,G42101016300,42101016300,525,3243,0.7028112449799196,"Philadelphia, Germantown"
37980,2020,cluster_1,G42101016400,42101016400,1510,4181,0.949685534591195,"Philadelphia, Germantown"
37980,2020,cluster_1,G42101016500,42101016500,1955,2477,0.9760359460808787,"Philadelphia, Germantown"
37980,2020,cluster_1,G42101016600,42101016600,1172,1838,0.7972789115646258,"Philadelphia, Germantown"
37980,2020,cluster_1,G42101016701,42101016701,2514,2833,0.9706563706563707,"Philadelphia, Germantown"
37980,2020,cluster_1,G42101016702,42101016702,2470,2908,0.9420289855072463,"Philadelphia, Germantown"
37980,2020,cluster_1,G42101016800,42101016800,3208,3565,0.9846531614487416,"Philadelphia, Germantown"
37980,2020,cluster_1,G42101016901,42101016901,2838,3125,0.9796341042457715,"Philadelphia, Germantown"
37980,2020,cluster_1,G42101016902,42101016902,4626,5030,0.9897304236200257,"Philadelphia, Germantown"
37980,2020,cluster_1,G42101017000,42101017000,1945,3126,0.7217068645640075,"Philadelphia, Germantown"
37980,2020,cluster_1,G42101017100,42101017100,3409,3722,0.9864004629629629,"Philadelphia, Germantown"
37980,2020,cluster_1,G42101017201,42101017201,2674,2903,0.988905325443787,"Philadelphia, Germantown"
37980,2020,cluster_1,G42101017202,42101017202,3426,3729,0.9884593190998269,"Philadelphia, Germantown"
37980,2020,cluster_1,G42101017300,42101017300,2594,2872,0.9881904761904762,"Philadelphia, Germantown"
37980,2020,cluster_1,G42101017400,42101017400,1879,2307,0.981201044386423,"Philadelphia, Germantown"
37980,2020,cluster_1,G42101017500,42101017500,1749,6711,0.9347942276857295,"Philadelphia, Germantown"
37980,2020,cluster_1,G42101017601,42101017601,425,5027,0.7535460992907801,"Philadelphia, Germantown"
37980,2020,cluster_1,G42101017602,42101017602,519,3573,0.7887537993920972,"Philadelphia, Germantown"
37980,2020,cluster_1,G42101017701,42101017701,983,3552,0.7655763239875389,"Philadelphia, Germantown"
37980,2020,cluster_1,G42101017702,42101017702,719,4582,0.6893576222435283,"Philadelphia, Germantown"
37980,2020,cluster_1,G42101017800,42101017800,1491,6246,0.5624292719728404,"Philadelphia, Germantown"
37980,2020,cluster_1,G42101018801,42101018801,1093,4445,0.5599385245901639,"Philadelphia, Germantown"
37980,2020,cluster_1,G42101018802,42101018802,1023,3570,0.6377805486284289,"Philadelphia, Germantown"
37980,2020,cluster_1,G42101019000,42101019000,1377,7806,0.6293418647166362,"Philadelphia, Germantown"
37980,2020,cluster_1,G42101019200,42101019200,1403,7661,0.6777777777777778,"Philadelphia, Germantown"
37980,2020,cluster_1,G42101019501,42101019501,503,4689,0.7518684603886397,"Philadelphia, Germantown"
37980,2020,cluster_1,G42101019502,42101019502,412,3494,0.7615526802218114,"Philadelphia, Germantown"
37980,2020,cluster_1,G42101019700,42101019700,1700,6416,0.9214092140921409,"Philadelphia, Germantown"
37980,2020,cluster_1,G42101019800,42101019800,1727,5763,0.9546710889994472,"Philadelphia, Germantown"
37980,2020,cluster_1,G42101019900,42101019900,1610,4389,0.9583333333333334,"Philadelphia, Germantown"
37980,2020,cluster_1,G42101020000,42101020000,946,1277,0.9357072205736894,"Philadelphia, Germantown"
37980,2020,cluster_1,G42101020101,42101020101,3126,3750,0.9571341090018372,"Philadelphia, Germantown"
37980,2020,cluster_1,G42101020102,42101020102,3055,3490,0.981053307642903,"Philadelphia, Germantown"
37980,2020,cluster_1,G42101020200,42101020200,4376,4932,0.972228393690291,"Philadelphia, Germantown"
37980,2020,cluster_1,G42101020300,42101020300,2154,2786,0.9663526244952894,"Philadelphia, Germantown"
37980,2020,cluster_1,G42101020400,42101020400,2699,3052,0.9846771251368114,"Philadelphia, Germantown"
37980,2020,cluster_1,G42101020500,42101020500,2347,2728,0.9787322768974145,"Philadelphia, Germantown"
37980,2020,cluster_1,G42101023700,42101023700,2675,4850,0.6298563692017894,"Philadelphia, Germantown"
37980,2020,cluster_1,G42101023800,42101023800,2426,4441,0.6286602746825602,"Philadelphia, Germantown"
37980,2020,cluster_1,G42101023900,42101023900,905,1857,0.6219931271477663,"Philadelphia, Germantown"
37980,2020,cluster_1,G42101024000,42101024000,2240,3808,0.693069306930693,"Philadelphia, Germantown"
37980,2020,cluster_1,G42101024100,42101024100,945,1343,0.790133779264214,"Philadelphia, Germantown"
37980,2020,cluster_1,G42101024200,42101024200,3174,4113,0.8620315046170559,"Philadelphia, Germantown"
37980,2020,cluster_1,G42101024300,42101024300,2979,3878,0.8697810218978103,"Philadelphia, Germantown"
37980,2020,cluster_1,G42101024400,42101024400,2685,3152,0.9430979978925185,"Philadelphia, Germantown"
37980,2020,cluster_1,G42101024500,42101024500,3623,4251,0.941772809981804,"Philadelphia, Germantown"
37980,2020,cluster_1,G42101024600,42101024600,2488,2956,0.9353383458646617,"Philadelphia, Germantown"
37980,2020,cluster_1,G42101024700,42101024700,3775,4489,0.9341747092303885,"Philadelphia, Germantown"
37980,2020,cluster_1,G42101024800,42101024800,1731,1912,0.9774138904573687,"Philadelphia, Germantown"
37980,2020,cluster_1,G42101024900,42101024900,3077,3412,0.9843250159948816,"Philadelphia, Germantown"
37980,2020,cluster_1,G42101025200,42101025200,6142,7267,0.9282152032643192,"Philadelphia, Germantown"
37980,2020,cluster_1,G42101025300,42101025300,3048,3859,0.8891481913652275,"Philadelphia, Germantown"
37980,2020,cluster_1,G42101025400,42101025400,3365,4152,0.8890356671070013,"Philadelphia, Germantown"
37980,2020,cluster_1,G42101025500,42101025500,1259,2667,0.5466782457663917,"Philadelphia, Germantown"
37980,2020,cluster_1,G42101025800,42101025800,1454,1663,0.9616402116402116,"Philadelphia, Germantown"
37980,2020,cluster_1,G42101025900,42101025900,4302,4674,0.9826404751027866,"Philadelphia, Germantown"
37980,2020,cluster_1,G42101026000,42101026000,2615,2850,0.9879108424631659,"Philadelphia, Germantown"
37980,2020,cluster_1,G42101026100,42101026100,2785,3060,0.9789103690685413,"Philadelphia, Germantown"
37980,2020,cluster_1,G42101026200,42101026200,3791,4076,0.9833981841763942,"Philadelphia, Germantown"
37980,2020,cluster_1,G42101026301,42101026301,3463,3726,0.9868908520946138,"Philadelphia, Germantown"
37980,2020,cluster_1,G42101026302,42101026302,4916,5353,0.9873468567985539,"Philadelphia, Germantown"
37980,2020,cluster_1,G42101026400,42101026400,4829,5199,0.9887387387387387,"Philadelphia, Germantown"
37980,2020,cluster_1,G42101026500,42101026500,3981,4285,0.990052225814474,"Philadelphia, Germantown"
37980,2020,cluster_1,G42101026600,42101026600,6013,6409,0.9919168591224018,"Philadelphia, Germantown"
37980,2020,cluster_1,G42101026700,42101026700,6125,6617,0.9883814749072132,"Philadelphia, Germantown"
37980,2020,cluster_1,G42101026800,42101026800,3813,4651,0.9452156668319286,"Philadelphia, Germantown"
37980,2020,cluster_1,G42101026900,42101026900,1595,2231,0.8355159769512834,"Philadelphia, Germantown"
37980,2020,cluster_1,G42101027000,42101027000,1724,2270,0.8951194184839044,"Philadelphia, Germantown"
37980,2020,cluster_1,G42101027100,42101027100,1451,2353,0.9391585760517799,"Philadelphia, Germantown"
37980,2020,cluster_1,G42101027200,42101027200,3259,4256,0.9557184750733138,"Philadelphia, Germantown"
37980,2020,cluster_1,G42101027300,42101027300,3041,5951,0.9325360318920577,"Philadelphia, Germantown"
37980,2020,cluster_1,G42101027401,42101027401,1712,3298,0.918947933440687,"Philadelphia, Germantown"
37980,2020,cluster_1,G42101027402,42101027402,3804,6499,0.9230769230769231,"Philadelphia, Germantown"
37980,2020,cluster_1,G42101027500,42101027500,2954,4503,0.9202492211838006,"Philadelphia, Germantown"
37980,2020,cluster_1,G42101027600,42101027600,3105,3546,0.9681945743685687,"Philadelphia, Germantown"
37980,2020,cluster_1,G42101027700,42101027700,4360,4918,0.9853107344632769,"Philadelphia, Germantown"
37980,2020,cluster_1,G42101027800,42101027800,4184,4655,0.9840075258701787,"Philadelphia, Germantown"
37980,2020,cluster_1,G42101027901,42101027901,3449,3796,0.9896700143472023,"Philadelphia, Germantown"
37980,2020,cluster_1,G42101027902,42101027902,1978,3572,0.6868055555555556,"Philadelphia, Germantown"
37980,2020,cluster_1,G42101028000,42101028000,3711,4180,0.9864433811802232,"Philadelphia, Germantown"
37980,2020,cluster_1,G42101028100,42101028100,2931,3362,0.973430753902358,"Philadelphia, Germantown"
37980,2020,cluster_1,G42101028200,42101028200,3846,4696,0.9605394605394605,"Philadelphia, Germantown"
37980,2020,cluster_1,G42101028300,42101028300,4932,6294,0.9716312056737588,"Philadelphia, Germantown"
37980,2020,cluster_1,G42101028400,42101028400,2606,3811,0.9815442561205273,"Philadelphia, Germantown"
37980,2020,cluster_1,G42101028500,42101028500,1022,2303,0.9376146788990826,"Philadelphia, Germantown"
37980,2020,cluster_1,G42101028600,42101028600,3102,6668,0.9431438127090301,"Philadelphia, Germantown"
37980,2020,cluster_1,G42101028700,42101028700,461,2371,0.8882466281310212,"Philadelphia, Germantown"
37980,2020,cluster_1,G42101028800,42101028800,913,4251,0.7857142857142857,"Philadelphia, Germantown"
37980,2020,cluster_1,G42101028901,42101028901,769,3932,0.7682317682317682,"Philadelphia, Germantown"
37980,2020,cluster_1,G42101028902,42101028902,1469,6047,0.7805526036131775,"Philadelphia, Germantown"
37980,2020,cluster_1,G42101029000,42101029000,2418,6195,0.8779956427015251,"Philadelphia, Germantown"
37980,2020,cluster_1,G42101029100,42101029100,1660,4826,0.8677469942498693,"Philadelphia, Germantown"
37980,2020,cluster_1,G42101029200,42101029200,1353,4205,0.7508324084350722,"Philadelphia, Germantown"
37980,2020,cluster_1,G42101029300,42101029300,1017,3026,0.6254612546125461,"Philadelphia, Germantown"
37980,2020,cluster_1,G42101029400,42101029400,1260,3308,0.7035175879396985,"Philadelphia, Germantown"
37980,2020,cluster_1,G42101029800,42101029800,1813,4847,0.6607142857142857,"Philadelphia, Germantown"
37980,2020,cluster_1,G42101029900,42101029900,1981,4617,0.7566844919786097,"Philadelphia, Germantown"
37980,2020,cluster_1,G42101030000,42101030000,3972,7402,0.8203221809169765,"Philadelphia, Germantown"
37980,2020,cluster_1,G42101030100,42101030100,3130,6215,0.7556735876388219,"Philadelphia, Germantown"
37980,2020,cluster_1,G42101030200,42101030200,3485,7431,0.7737566607460036,"Philadelphia, Germantown"
37980,2020,cluster_1,G42101030501,42101030501,2807,5450,0.851380042462845,"Philadelphia, Germantown"
37980,2020,cluster_1,G42101030502,42101030502,3042,5847,0.8114163777007202,"Philadelphia, Germantown"
37980,2020,cluster_1,G42101030600,42101030600,2522,7142,0.5475466782457664,"Philadelphia, Germantown"
37980,2020,cluster_1,G42101030900,42101030900,1643,4137,0.7051502145922747,"Philadelphia, Germantown"
37980,2020,cluster_1,G42101031101,42101031101,2066,5194,0.752367079388201,"Philadelphia, Germantown"
37980,2020,cluster_1,G42101031102,42101031102,2225,4618,0.8222468588322247,"Philadelphia, Germantown"
37980,2020,cluster_1,G42101031200,42101031200,2120,4804,0.7731582786287381,"Philadelphia, Germantown"
37980,2020,cluster_1,G42101031300,42101031300,1660,7416,0.5634758995247794,"Philadelphia, Germantown"
37980,2020,cluster_1,G42101031800,42101031800,1507,4093,0.7035480859010271,"Philadelphia, Germantown"
37980,2020,cluster_1,G42101037700,42101037700,1953,4583,0.5857828434313137,"Philadelphia, Germantown"
37980,2020,cluster_1,G42101038301,42101038301,592,2663,0.7418546365914787,"Philadelphia, Germantown"
37980,2020,cluster_1,G42101038900,42101038900,2673,2988,0.9604743083003953,"Philadelphia, Germantown"
37980,2020,cluster_1,G42101039001,42101039001,2139,3979,0.8421259842519685,"Philadelphia, Germantown"
37980,2020,cluster_1,G42101039002,42101039002,2238,4421,0.8499810102544626,"Philadelphia, Germantown"
37980,2020,cluster_1,G42101980500,42101980500,0,2,,"Philadelphia, Germantown"
37980,1980,cluster_2,G42004504001,42004504001,4,652,0.006600660066006601,"Philadelphia, Chester"
37980,1980,cluster_2,G42004504002,42004504002,34,3105,0.011805555555555555,"Philadelphia, Chester"
37980,1980,cluster_2,G42004504003,42004504003,110,10281,0.010958358238692966,"Philadelphia, Chester"
37980,1980,cluster_2,G4200450400401,4200450400401,3,4025,0.0007623888182973316,"Philadelphia, Chester"
37980,1980,cluster_2,G4200450400402,4200450400402,12,3852,0.0031965903036760787,"Philadelphia, Chester"
37980,1980,cluster_2,G42004504005,42004504005,197,4416,0.04581395348837209,"Philadelphia, Chester"
37980,1980,cluster_2,G42004504007,42004504007,8,5133,0.0015987210231814548,"Philadelphia, Chester"
37980,1980,cluster_2,G4200450400801,4200450400801,433,1803,0.273186119873817,"Philadelphia, Chester"
37980,1980,cluster_2,G42004504017,42004504017,1,2806,0.00036010082823190496,"Philadelphia, Chester"
37980,1980,cluster_2,G42004504018,42004504018,26,4065,0.006501625406351588,"Philadelphia, Chester"
37980,1980,cluster_2,G42004504019,42004504019,87,5247,0.016827852998065763,"Philadelphia, Chester"
37980,1980,cluster_2,G42004504020,42004504020,353,2579,0.1391407173827355,"Philadelphia, Chester"
37980,1980,cluster_2,G42004504021,42004504021,515,6276,0.08314497901194705,"Philadelphia, Chester"
37980,1980,cluster_2,G42004504022,42004504022,1852,2448,0.7814345991561181,"Philadelphia, Chester"
37980,1980,cluster_2,G42004504023,42004504023,1382,3003,0.46784021665538256,"Philadelphia, Chester"
37980,1980,cluster_2,G42004504024,42004504024,91,3519,0.026096931459707484,"Philadelphia, Chester"
37980,1980,cluster_2,G42004504025,42004504025,1628,3731,0.44215100488864745,"Philadelphia, Chester"
37980,1980,cluster_2,G42004504026,42004504026,36,4263,0.00857551214864221,"Philadelphia, Chester"
37980,1980,cluster_2,G42004504027,42004504027,25,2851,0.008849557522123894,"Philadelphia, Chester"
37980,1980,cluster_2,G42004504028,42004504028,255,6221,0.041449934980494145,"Philadelphia, Chester"
37980,1980,cluster_2,G42004504029,42004504029,4164,4296,0.9900142653352354,"Philadelphia, Chester"
37980,1980,cluster_2,G4200450403101,4200450403101,1,3875,0.00026048450117218026,"Philadelphia, Chester"
37980,1980,cluster_2,G4200450403103,4200450403103,2,3088,0.000652954619653934,"Philadelphia, Chester"
37980,1980,cluster_2,G4200450403104,4200450403104,20,2576,0.007852375343541421,"Philadelphia, Chester"
37980,1980,cluster_2,G4200450403402,4200450403402,0,4948,0.0,"Philadelphia, Chester"
37980,1980,cluster_2,G42010100020,42010100020,2578,2681,0.9832189168573608,"Philadelphia, Chester"
37980,1980,cluster_2,G42010100031,42010100031,6085,6422,0.9648010147455208,"Philadelphia, Chester"
37980,1980,cluster_2,G42010100032,42010100032,5255,6926,0.7734765969973506,"Philadelphia, Chester"
37980,1980,cluster_2,G42010100033,42010100033,2068,7271,0.2878619153674833,"Philadelphia, Chester"
37980,1980,cluster_2,G42010100034,42010100034,278,557,0.5685071574642127,"Philadelphia, Chester"
37980,1980,cluster_2,G42010100036,42010100036,4390,7813,0.5710940548978796,"Philadelphia, Chester"
37980,1980,cluster_2,G42010100037,42010100037,1742,11021,0.16064182958317963,"Philadelphia, Chester"
37980,1980,cluster_2,G42010100052,42010100052,13,31,0.41935483870967744,"Philadelphia, Chester"
37980,1980,cluster_2,G42010100054,42010100054,660,935,0.7424071991001124,"Philadelphia, Chester"
37980,1980,cluster_2,G42010100055,42010100055,2034,6274,0.34282824877802126,"Philadelphia, Chester"
37980,1980,cluster_2,G42010100056,42010100056,967,1259,0.7926229508196722,"Philadelphia, Chester"
37980,1980,cluster_2,G42010100057,42010100057,3,81,0.04477611940298507,"Philadelphia, Chester"
37980,1980,cluster_2,G42010100058,42010100058,0,0,,"Philadelphia, Chester"
37980,1980,cluster_2,G42010100059,42010100059,0,0,,"Philadelphia, Chester"
37980,1980,cluster_2,G42010100060,42010100060,525,6848,0.07798573975044563,"Philadelphia, Chester"
37980,1980,cluster_2,G42010100061,42010100061,682,3548,0.19463470319634704,"Philadelphia, Chester"
37980,1980,cluster_2,G42010100062,42010100062,4,4292,0.0009456264775413711,"Philadelphia, Chester"
37980,1980,cluster_2,G42010100063,42010100063,958,4468,0.21703670140462167,"Philadelphia, Chester"
37980,1980,cluster_2,G42010100064,42010100064,754,4861,0.15675675675675677,"Philadelphia, Chester"
37980,1980,cluster_2,G42010100065,42010100065,5949,6716,0.9042407660738714,"Philadelphia, Chester"
37980,1980,cluster_2,G42010100066,42010100066,1066,4253,0.25761237312711455,"Philadelphia, Chester"
37980,1980,cluster_2,G42010100067,42010100067,20,7118,0.002834467120181406,"Philadelphia, Chester"
37980,1980,cluster_2,G42010100068,42010100068,0,0,,"Philadelphia, Chester"
37980,1980,cluster_2,G42010100069,42010100069,1519,2974,0.5219931271477664,"Philadelphia, Chester"
37980,1980,cluster_2,G42010100070,42010100070,5180,5633,0.9331651954602774,"Philadelphia, Chester"
37980,1980,cluster_2,G42010100071,42010100071,9546,10371,0.9343251443672311,"Philadelphia, Chester"
37980,1980,cluster_2,G42010100072,42010100072,6108,6476,0.9587191963584994,"Philadelphia, Chester"
37980,1980,cluster_2,G42010100073,42010100073,3911,4227,0.9602258777314019,"Philadelphia, Chester"
37980,1980,cluster_2,G42010100074,42010100074,5715,5963,0.9794344473007712,"Philadelphia, Chester"
37980,1980,cluster_2,G42010100075,42010100075,0,0,,"Philadelphia, Chester"
37980,1980,cluster_2,G42010100080,42010100080,5077,5508,0.9486173393124065,"Philadelphia, Chester"
37980,1980,cluster_2,G42010100081,42010100081,10066,10325,0.9857996278523161,"Philadelphia, Chester"
37980,1980,cluster_2,G42010100082,42010100082,8758,9140,0.9732192465829537,"Philadelphia, Chester"
37980,1980,cluster_2,G42010100083,42010100083,10397,11136,0.946903460837887,"Philadelphia, Chester"
37980,1980,cluster_2,G42010100084,42010100084,5429,5624,0.9813810556760665,"Philadelphia, Chester"
37980,1980,cluster_2,G42010100085,42010100085,7827,8170,0.9754486540378864,"Philadelphia, Chester"
37980,1980,cluster_2,G42010100086,42010100086,4311,6559,0.7448168624740843,"Philadelphia, Chester"
37980,1980,cluster_2,G42010100092,42010100092,3201,3440,0.9555223880597015,"Philadelphia, Chester"
37980,1980,cluster_2,G42010100093,42010100093,5146,5286,0.990949354900828,"Philadelphia, Chester"
37980,1980,cluster_2,G42010100094,42010100094,4174,4235,0.9935729588193287,"Philadelphia, Chester"
37980,1980,cluster_2,G42010100095,42010100095,4143,4214,0.9959134615384615,"Philadelphia, Chester"
37980,1980,cluster_2,G42010100096,42010100096,4774,5230,0.9260911736178468,"Philadelphia, Chester"
37980,1980,cluster_2,G42010100100,42010100100,20,4455,0.004562043795620438,"Philadelphia, Chester"
37980,1980,cluster_2,G42010100101,42010100101,5777,6867,0.8600565728747953,"Philadelphia, Chester"
37980,1980,cluster_2,G42010100102,42010100102,3201,3256,0.991635687732342,"Philadelphia, Chester"
37980,1980,cluster_2,G42010100103,42010100103,3065,3168,0.9852137576342013,"Philadelphia, Chester"
37980,1980,cluster_2,G42010100104,42010100104,4196,4421,0.9628269848554383,"Philadelphia, Chester"
37980,1980,cluster_2,G42010100105,42010100105,5216,5297,0.9912580767768909,"Philadelphia, Chester"
37980,1980,cluster_2,G42010100106,42010100106,1918,2132,0.9102990033222591,"Philadelphia, Chester"
37980,1980,cluster_2,G42010100107,42010100107,4535,4718,0.9801167062891722,"Philadelphia, Chester"
37980,1980,cluster_2,G42010100108,42010100108,5843,5969,0.9896680216802168,"Philadelphia, Chester"
37980,1980,cluster_2,G42010100109,42010100109,3003,3143,0.9743672939649578,"Philadelphia, Chester"
37980,1980,cluster_2,G42010100110,42010100110,4565,4767,0.972725335606222,"Philadelphia, Chester"
37980,1980,cluster_2,G42010100111,42010100111,4714,5727,0.8404350151542165,"Philadelphia, Chester"
37980,1980,cluster_2,G42010100112,42010100112,6442,6672,0.9824614915357633,"Philadelphia, Chester"
37980,1980,cluster_2,G42010100113,42010100113,3635,3802,0.9698505869797225,"Philadelphia, Chester"
37980,1980,cluster_2,G42010100114,42010100114,5989,7537,0.8236831247421262,"Philadelphia, Chester"
37980,1980,cluster_2,G42010100115,42010100115,11,4364,0.002569493109086662,"Philadelphia, Chester"
37980,1980,cluster_2,G42010100118,42010100118,6899,7529,0.9296590755962808,"Philadelphia, Chester"
37980,1980,cluster_2,G42010100119,42010100119,5600,6183,0.9230262073512444,"Philadelphia, Chester"
37980,1980,cluster_2,G42010100120,42010100120,947,1747,0.5493039443155452,"Philadelphia, Chester"
37980,1980,cluster_2,G42010100121,42010100121,517,2989,0.17723688721288997,"Philadelphia, Chester"
37980,1980,cluster_2,G42010100122,42010100122,404,7249,0.056837366347777155,"Philadelphia, Chester"
37980,1990,cluster_2,G42004504001,42004504001,61,831,0.14454976303317535,"Philadelphia, Chester"
37980,1990,cluster_2,G42004504002,42004504002,242,3346,0.11172668513388735,"Philadelphia, Chester"
37980,1990,cluster_2,G4200450400301,4200450400301,272,6015,0.047411539131950495,"Philadelphia, Chester"
37980,1990,cluster_2,G4200450400302,4200450400302,64,3842,0.01723673579315917,"Philadelphia, Chester"
37980,1990,cluster_2,G4200450400401,4200450400401,81,4042,0.02238187344570323,"Philadelphia, Chester"
37980,1990,cluster_2,G4200450400402,4200450400402,206,3865,0.05773542600896861,"Philadelphia, Chester"
37980,1990,cluster_2,G42004504005,42004504005,292,4256,0.07155109041901495,"Philadelphia, Chester"
37980,1990,cluster_2,G42004504007,42004504007,52,4846,0.011494252873563218,"Philadelphia, Chester"
37980,1990,cluster_2,G4200450400801,4200450400801,565,1907,0.36712150747238464,"Philadelphia, Chester"
37980,1990,cluster_2,G42004504017,42004504017,20,2691,0.007855459544383346,"Philadelphia, Chester"
37980,1990,cluster_2,G42004504018,42004504018,53,3918,0.013921723141581297,"Philadelphia, Chester"
37980,1990,cluster_2,G42004504019,42004504019,90,5191,0.01762287056980615,"Philadelphia, Chester"
37980,1990,cluster_2,G42004504020,42004504020,449,2603,0.1773301737756714,"Philadelphia, Chester"
37980,1990,cluster_2,G42004504021,42004504021,3328,6180,0.5582019456558202,"Philadelphia, Chester"
37980,1990,cluster_2,G42004504022,42004504022,1700,2271,0.769927536231884,"Philadelphia, Chester"
37980,1990,cluster_2,G42004504023,42004504023,2684,3341,0.8123486682808717,"Philadelphia, Chester"
37980,1990,cluster_2,G42004504024,42004504024,1437,3878,0.3779589689637033,"Philadelphia, Chester"
37980,1990,cluster_2,G42004504025,42004504025,2326,3566,0.6617354196301565,"Philadelphia, Chester"
37980,1990,cluster_2,G42004504026,42004504026,64,3866,0.016842105263157894,"Philadelphia, Chester"
37980,1990,cluster_2,G42004504027,42004504027,200,2613,0.0777302759424796,"Philadelphia, Chester"
37980,1990,cluster_2,G42004504028,42004504028,423,5755,0.07482752520785424,"Philadelphia, Chester"
37980,1990,cluster_2,G42004504029,42004504029,3790,3959,0.9821197201347499,"Philadelphia, Chester"
37980,1990,cluster_2,G4200450403101,4200450403101,20,3662,0.005574136008918618,"Philadelphia, Chester"
37980,1990,cluster_2,G4200450403103,4200450403103,15,2969,0.0050916496945010185,"Philadelphia, Chester"
37980,1990,cluster_2,G4200450403104,4200450403104,53,2544,0.021285140562248995,"Philadelphia, Chester"
37980,1990,cluster_2,G4200450403402,4200450403402,1,4281,0.00023685457129322596,"Philadelphia, Chester"
37980,1990,cluster_2,G42010100020,42010100020,2458,2516,0.9903303787268332,"Philadelphia, Chester"
37980,1990,cluster_2,G42010100031,42010100031,5652,5902,0.9797191887675507,"Philadelphia, Chester"
37980,1990,cluster_2,G42010100032,42010100032,4810,6147,0.7968853545394301,"Philadelphia, Chester"
37980,1990,cluster_2,G42010100033,42010100033,2106,6128,0.34983388704318935,"Philadelphia, Chester"
37980,1990,cluster_2,G42010100034,42010100034,237,466,0.6493150684931507,"Philadelphia, Chester"
37980,1990,cluster_2,G42010100036,42010100036,4644,7429,0.6379120879120879,"Philadelphia, Chester"
37980,1990,cluster_2,G42010100037,42010100037,3658,10373,0.37231552162849874,"Philadelphia, Chester"
37980,1990,cluster_2,G42010100052,42010100052,22,53,0.5238095238095238,"Philadelphia, Chester"
37980,1990,cluster_2,G42010100054,42010100054,869,1271,0.7223607647547797,"Philadelphia, Chester"
37980,1990,cluster_2,G42010100055,42010100055,3262,6293,0.536954732510288,"Philadelphia, Chester"
37980,1990,cluster_2,G42010100056,42010100056,1052,1217,0.8937977909940527,"Philadelphia, Chester"
37980,1990,cluster_2,G42010100057,42010100057,0,3,,"Philadelphia, Chester"
37980,1990,cluster_2,G42010100058,42010100058,8,32,0.34782608695652173,"Philadelphia, Chester"
37980,1990,cluster_2,G42010100059,42010100059,0,0,,"Philadelphia, Chester"
37980,1990,cluster_2,G42010100060,42010100060,655,6554,0.10324716267339218,"Philadelphia, Chester"
37980,1990,cluster_2,G42010100061,42010100061,594,3146,0.19179851469163706,"Philadelphia, Chester"
37980,1990,cluster_2,G42010100062,42010100062,11,4038,0.0027798837503158957,"Philadelphia, Chester"
37980,1990,cluster_2,G42010100063,42010100063,1773,4709,0.4136724218385441,"Philadelphia, Chester"
37980,1990,cluster_2,G42010100064,42010100064,774,4512,0.18952007835455437,"Philadelphia, Chester"
37980,1990,cluster_2,G42010100065,42010100065,6053,6283,0.9824703781853595,"Philadelphia, Chester"
37980,1990,cluster_2,G42010100066,42010100066,2302,4218,0.5907108031819348,"Philadelphia, Chester"
37980,1990,cluster_2,G42010100067,42010100067,184,6431,0.029132362254591513,"Philadelphia, Chester"
37980,1990,cluster_2,G42010100068,42010100068,0,0,,"Philadelphia, Chester"
37980,1990,cluster_2,G42010100069,42010100069,2234,2520,0.8993558776167472,"Philadelphia, Chester"
37980,1990,cluster_2,G42010100070,42010100070,5199,5374,0.980388459362625,"Philadelphia, Chester"
37980,1990,cluster_2,G42010100071,42010100071,9461,9952,0.9705580631924497,"Philadelphia, Chester"
37980,1990,cluster_2,G42010100072,42010100072,5897,6112,0.9810347695890866,"Philadelphia, Chester"
37980,1990,cluster_2,G42010100073,42010100073,3531,3722,0.9841137123745819,"Philadelphia, Chester"
37980,1990,cluster_2,G42010100074,42010100074,5268,5445,0.9832026875699889,"Philadelphia, Chester"
37980,1990,cluster_2,G42010100075,42010100075,0,0,,"Philadelphia, Chester"
37980,1990,cluster_2,G42010100080,42010100080,4780,5031,0.9664375252729478,"Philadelphia, Chester"
37980,1990,cluster_2,G42010100081,42010100081,9102,9314,0.9901011639290764,"Philadelphia, Chester"
37980,1990,cluster_2,G42010100082,42010100082,7771,8020,0.9861675126903553,"Philadelphia, Chester"
37980,1990,cluster_2,G42010100083,42010100083,9911,10336,0.98460162924697,"Philadelphia, Chester"
37980,1990,cluster_2,G42010100084,42010100084,5143,5286,0.9890384615384615,"Philadelphia, Chester"
37980,1990,cluster_2,G42010100085,42010100085,7508,7761,0.9876348329387004,"Philadelphia, Chester"
37980,1990,cluster_2,G42010100086,42010100086,4489,6685,0.776374956762366,"Philadelphia, Chester"
37980,1990,cluster_2,G42010100092,42010100092,2914,3197,0.9498044328552803,"Philadelphia, Chester"
37980,1990,cluster_2,G42010100093,42010100093,4740,4922,0.9891485809682805,"Philadelphia, Chester"
37980,1990,cluster_2,G42010100094,42010100094,4121,4226,0.9937304075235109,"Philadelphia, Chester"
37980,1990,cluster_2,G42010100095,42010100095,3786,3877,0.9952681388012619,"Philadelphia, Chester"
37980,1990,cluster_2,G42010100096,42010100096,4631,4915,0.9633867276887872,"Philadelphia, Chester"
37980,1990,cluster_2,G42010100100,42010100100,257,3882,0.06906745498521903,"Philadelphia, Chester"
37980,1990,cluster_2,G42010100101,42010100101,5751,6389,0.9277302790772706,"Philadelphia, Chester"
37980,1990,cluster_2,G42010100102,42010100102,3165,3231,0.9968503937007874,"Philadelphia, Chester"
37980,1990,cluster_2,G42010100103,42010100103,2851,2933,0.9885575589459085,"Philadelphia, Chester"
37980,1990,cluster_2,G42010100104,42010100104,4002,4251,0.9544478893393752,"Philadelphia, Chester"
37980,1990,cluster_2,G42010100105,42010100105,4412,4535,0.9843819723337796,"Philadelphia, Chester"
37980,1990,cluster_2,G42010100106,42010100106,1562,1622,0.9774718397997497,"Philadelphia, Chester"
37980,1990,cluster_2,G42010100107,42010100107,4031,4166,0.9892024539877301,"Philadelphia, Chester"
37980,1990,cluster_2,G42010100108,42010100108,4582,4727,0.9855882985588299,"Philadelphia, Chester"
37980,1990,cluster_2,G42010100109,42010100109,2361,2503,0.9632802937576499,"Philadelphia, Chester"
37980,1990,cluster_2,G42010100110,42010100110,4420,4591,0.9846290933392737,"Philadelphia, Chester"
37980,1990,cluster_2,G42010100111,42010100111,4951,5333,0.9439466158245948,"Philadelphia, Chester"
37980,1990,cluster_2,G42010100112,42010100112,6405,6547,0.9914860681114551,"Philadelphia, Chester"
37980,1990,cluster_2,G42010100113,42010100113,3470,3545,0.9900142653352354,"Philadelphia, Chester"
37980,1990,cluster_2,G42010100114,42010100114,6374,7232,0.9125268432355047,"Philadelphia, Chester"
37980,1990,cluster_2,G42010100115,42010100115,95,3776,0.025906735751295335,"Philadelphia, Chester"
37980,1990,cluster_2,G42010100118,42010100118,6719,7059,0.9646805455850682,"Philadelphia, Chester"
37980,1990,cluster_2,G42010100119,42010100119,5984,6302,0.9651612903225807,"Philadelphia, Chester"
37980,1990,cluster_2,G42010100120,42010100120,1223,1781,0.718566392479436,"Philadelphia, Chester"
37980,1990,cluster_2,G42010100121,42010100121,1294,3007,0.4449793672627235,"Philadelphia, Chester"
37980,1990,cluster_2,G42010100122,42010100122,1126,6955,0.17125475285171102,"Philadelphia, Chester"
37980,2000,cluster_2,G42045400100,42045400100,157,943,0.47147147147147145,"Philadelphia, Chester"
37980,2000,cluster_2,G42045400200,42045400200,566,3853,0.33831440526001194,"Philadelphia, Chester"
37980,2000,cluster_2,G42045400301,42045400301,1930,6229,0.3543234808151276,"Philadelphia, Chester"
37980,2000,cluster_2,G42045400302,42045400302,830,3675,0.24731823599523242,"Philadelphia, Chester"
37980,2000,cluster_2,G42045400401,42045400401,1100,4765,0.31179138321995464,"Philadelphia, Chester"
37980,2000,cluster_2,G42045400402,42045400402,1062,3992,0.3320825515947467,"Philadelphia, Chester"
37980,2000,cluster_2,G42045400500,42045400500,530,4140,0.1446111869031378,"Philadelphia, Chester"
37980,2000,cluster_2,G42045400700,42045400700,773,5114,0.18192515886090846,"Philadelphia, Chester"
37980,2000,cluster_2,G42045400801,42045400801,828,1847,0.6282245827010622,"Philadelphia, Chester"
37980,2000,cluster_2,G42045401700,42045401700,521,2586,0.22132540356839422,"Philadelphia, Chester"
37980,2000,cluster_2,G42045401800,42045401800,714,3732,0.20822397200349957,"Philadelphia, Chester"
37980,2000,cluster_2,G42045401900,42045401900,568,4739,0.12672913877733155,"Philadelphia, Chester"
37980,2000,cluster_2,G42045402000,42045402000,781,2573,0.32705192629815744,"Philadelphia, Chester"
37980,2000,cluster_2,G42045402100,42045402100,4664,5981,0.8136775994417307,"Philadelphia, Chester"
37980,2000,cluster_2,G42045402200,42045402200,1748,2281,0.8040478380864765,"Philadelphia, Chester"
37980,2000,cluster_2,G42045402300,42045402300,3047,3500,0.9063057703747769,"Philadelphia, Chester"
37980,2000,cluster_2,G42045402400,42045402400,2481,3535,0.7470641373080398,"Philadelphia, Chester"
37980,2000,cluster_2,G42045402500,42045402500,2671,3398,0.8133373934226553,"Philadelphia, Chester"
37980,2000,cluster_2,G42045402600,42045402600,991,3366,0.3039877300613497,"Philadelphia, Chester"
37980,2000,cluster_2,G42045402700,42045402700,1262,2453,0.5479808944854537,"Philadelphia, Chester"
37980,2000,cluster_2,G42045402800,42045402800,1347,5468,0.25893886966551327,"Philadelphia, Chester"
37980,2000,cluster_2,G42045402900,42045402900,3230,3375,0.9874656068480587,"Philadelphia, Chester"
37980,2000,cluster_2,G42045403101,42045403101,110,3560,0.03216374269005848,"Philadelphia, Chester"
37980,2000,cluster_2,G42045403103,42045403103,118,2686,0.045771916214119475,"Philadelphia, Chester"
37980,2000,cluster_2,G42045403104,42045403104,158,2418,0.06833910034602077,"Philadelphia, Chester"
37980,2000,cluster_2,G42045403402,42045403402,17,3864,0.004503311258278146,"Philadelphia, Chester"
37980,2000,cluster_2,G42101002000,42101002000,2257,2334,0.9907813871817384,"Philadelphia, Chester"
37980,2000,cluster_2,G42101003100,42101003100,4912,5161,0.99052228271829,"Philadelphia, Chester"
37980,2000,cluster_2,G42101003200,42101003200,4943,5587,0.9133407243163341,"Philadelphia, Chester"
37980,2000,cluster_2,G42101003300,42101003300,3422,6235,0.5691949434464405,"Philadelphia, Chester"
37980,2000,cluster_2,G42101003600,42101003600,3335,5724,0.6253515844740296,"Philadelphia, Chester"
37980,2000,cluster_2,G42101003701,42101003701,5354,7061,0.8622966661298116,"Philadelphia, Chester"
37980,2000,cluster_2,G42101003702,42101003702,1120,3372,0.3686635944700461,"Philadelphia, Chester"
37980,2000,cluster_2,G42101005200,42101005200,0,1,0.0,"Philadelphia, Chester"
37980,2000,cluster_2,G42101005400,42101005400,1029,1248,0.8787361229718189,"Philadelphia, Chester"
37980,2000,cluster_2,G42101005500,42101005500,3723,5777,0.6916217722459596,"Philadelphia, Chester"
37980,2000,cluster_2,G42101005600,42101005600,1086,1230,0.9337919174548581,"Philadelphia, Chester"
37980,2000,cluster_2,G42101005700,42101005700,0,0,,"Philadelphia, Chester"
37980,2000,cluster_2,G42101005800,42101005800,0,0,,"Philadelphia, Chester"
37980,2000,cluster_2,G42101005900,42101005900,0,0,,"Philadelphia, Chester"
37980,2000,cluster_2,G42101006000,42101006000,2386,6127,0.41933216168717047,"Philadelphia, Chester"
37980,2000,cluster_2,G42101006100,42101006100,1178,2957,0.4293002915451895,"Philadelphia, Chester"
37980,2000,cluster_2,G42101006200,42101006200,1730,4127,0.4679469840411144,"Philadelphia, Chester"
37980,2000,cluster_2,G42101006300,42101006300,2922,4546,0.8141543605461131,"Philadelphia, Chester"
37980,2000,cluster_2,G42101006400,42101006400,2731,4658,0.7439389812040316,"Philadelphia, Chester"
37980,2000,cluster_2,G42101006500,42101006500,5030,5231,0.9925019731649566,"Philadelphia, Chester"
37980,2000,cluster_2,G42101006600,42101006600,2765,3979,0.8643326039387309,"Philadelphia, Chester"
37980,2000,cluster_2,G42101006700,42101006700,3564,6991,0.5633891874802402,"Philadelphia, Chester"
37980,2000,cluster_2,G42101006800,42101006800,0,1,,"Philadelphia, Chester"
37980,2000,cluster_2,G42101006900,42101006900,2540,2710,0.9577677224736049,"Philadelphia, Chester"
37980,2000,cluster_2,G42101007000,42101007000,4406,4588,0.9925658932191935,"Philadelphia, Chester"
37980,2000,cluster_2,G42101007100,42101007100,7805,8310,0.9783153672599649,"Philadelphia, Chester"
37980,2000,cluster_2,G42101007200,42101007200,5177,5421,0.9851569933396765,"Philadelphia, Chester"
37980,2000,cluster_2,G42101007300,42101007300,3090,3255,0.9907021481243988,"Philadelphia, Chester"
37980,2000,cluster_2,G42101007400,42101007400,4278,4559,0.9776051188299817,"Philadelphia, Chester"
37980,2000,cluster_2,G42101007500,42101007500,0,0,,"Philadelphia, Chester"
37980,2000,cluster_2,G42101008000,42101008000,4267,4481,0.9800183739090491,"Philadelphia, Chester"
37980,2000,cluster_2,G42101008100,42101008100,7991,8288,0.9937818679268747,"Philadelphia, Chester"
37980,2000,cluster_2,G42101008200,42101008200,6967,7297,0.9913204325554923,"Philadelphia, Chester"
37980,2000,cluster_2,G42101008301,42101008301,4125,4420,0.9747164461247637,"Philadelphia, Chester"
37980,2000,cluster_2,G42101008302,42101008302,4325,4535,0.9897025171624714,"Philadelphia, Chester"
37980,2000,cluster_2,G42101008400,42101008400,4594,4798,0.9879569892473118,"Philadelphia, Chester"
37980,2000,cluster_2,G42101008500,42101008500,6187,6539,0.9913475404582599,"Philadelphia, Chester"
37980,2000,cluster_2,G42101008600,42101008600,4686,6224,0.8408397631437287,"Philadelphia, Chester"
37980,2000,cluster_2,G42101009200,42101009200,2844,3075,0.9769838543455857,"Philadelphia, Chester"
37980,2000,cluster_2,G42101009300,42101009300,4466,4609,0.9939906521255286,"Philadelphia, Chester"
37980,2000,cluster_2,G42101009400,42101009400,3728,3871,0.9954606141522029,"Philadelphia, Chester"
37980,2000,cluster_2,G42101009500,42101009500,3485,3588,0.9968535469107551,"Philadelphia, Chester"
37980,2000,cluster_2,G42101009600,42101009600,4304,4504,0.9837714285714285,"Philadelphia, Chester"
37980,2000,cluster_2,G42101010000,42101010000,2514,4218,0.646106399383192,"Philadelphia, Chester"
37980,2000,cluster_2,G42101010100,42101010100,5399,5841,0.9722672429317486,"Philadelphia, Chester"
37980,2000,cluster_2,G42101010200,42101010200,3066,3208,0.9970731707317073,"Philadelphia, Chester"
37980,2000,cluster_2,G42101010300,42101010300,2483,2588,0.9892430278884462,"Philadelphia, Chester"
37980,2000,cluster_2,G42101010400,42101010400,3396,3498,0.9947275922671354,"Philadelphia, Chester"
37980,2000,cluster_2,G42101010500,42101010500,3340,3503,0.9797594602522733,"Philadelphia, Chester"
37980,2000,cluster_2,G42101010600,42101010600,1490,1565,0.9880636604774535,"Philadelphia, Chester"
37980,2000,cluster_2,G42101010700,42101010700,3537,3671,0.9879888268156425,"Philadelphia, Chester"
37980,2000,cluster_2,G42101010800,42101010800,4042,4273,0.985372988785958,"Philadelphia, Chester"
37980,2000,cluster_2,G42101010900,42101010900,2360,2553,0.9664209664209664,"Philadelphia, Chester"
37980,2000,cluster_2,G42101011000,42101011000,3644,3817,0.9845987570926776,"Philadelphia, Chester"
37980,2000,cluster_2,G42101011100,42101011100,3950,4204,0.9748272458045409,"Philadelphia, Chester"
37980,2000,cluster_2,G42101011200,42101011200,5863,6107,0.9950780719619824,"Philadelphia, Chester"
37980,2000,cluster_2,G42101011300,42101011300,3016,3132,0.994067237969677,"Philadelphia, Chester"
37980,2000,cluster_2,G42101011400,42101011400,6149,6612,0.9621342512908778,"Philadelphia, Chester"
37980,2000,cluster_2,G42101011500,42101011500,2956,4274,0.7333167948399901,"Philadelphia, Chester"
37980,2000,cluster_2,G42101011800,42101011800,5681,5987,0.982192254495159,"Philadelphia, Chester"
37980,2000,cluster_2,G42101011900,42101011900,5240,5596,0.9792562137918146,"Philadelphia, Chester"
37980,2000,cluster_2,G42101012000,42101012000,1133,1661,0.7434383202099738,"Philadelphia, Chester"
37980,2000,cluster_2,G42101012100,42101012100,1933,3340,0.6387970918704561,"Philadelphia, Chester"
37980,2000,cluster_2,G42101012200,42101012200,2944,8016,0.43205165835045495,"Philadelphia, Chester"
37980,2010,cluster_2,G42045400301,42045400301,4361,6674,0.7823824901327593,"Philadelphia, Chester"
37980,2010,cluster_2,G42045400302,42045400302,2636,4103,0.7396184062850729,"Philadelphia, Chester"
37980,2010,cluster_2,G42045400401,42045400401,2341,5026,0.7405884213856374,"Philadelphia, Chester"
37980,2010,cluster_2,G42045400402,42045400402,2577,4608,0.7400919012062034,"Philadelphia, Chester"
37980,2010,cluster_2,G42045400500,42045400500,1504,4235,0.47103037895396177,"Philadelphia, Chester"
37980,2010,cluster_2,G42045400700,42045400700,1884,5384,0.5255230125523013,"Philadelphia, Chester"
37980,2010,cluster_2,G42045400801,42045400801,1390,2010,0.8388654194327098,"Philadelphia, Chester"
37980,2010,cluster_2,G42045401700,42045401700,1452,2668,0.647636039250669,"Philadelphia, Chester"
37980,2010,cluster_2,G42045401800,42045401800,1872,3684,0.5810055865921788,"Philadelphia, Chester"
37980,2010,cluster_2,G42045401900,42045401900,1644,4480,0.4039312039312039,"Philadelphia, Chester"
37980,2010,cluster_2,G42045402000,42045402000,1154,2456,0.518418688230009,"Philadelphia, Chester"
37980,2010,cluster_2,G42045402100,42045402100,5090,5813,0.9179440937781785,"Philadelphia, Chester"
37980,2010,cluster_2,G42045402200,42045402200,1908,2309,0.8776448942042319,"Philadelphia, Chester"
37980,2010,cluster_2,G42045402300,42045402300,3054,3321,0.9631031220435194,"Philadelphia, Chester"
37980,2010,cluster_2,G42045402400,42045402400,2956,3459,0.9061925199264255,"Philadelphia, Chester"
37980,2010,cluster_2,G42045402500,42045402500,2948,3582,0.8818426562967394,"Philadelphia, Chester"
37980,2010,cluster_2,G42045402600,42045402600,2426,3646,0.7070824832410376,"Philadelphia, Chester"
37980,2010,cluster_2,G42045402700,42045402700,2024,2546,0.836709384042993,"Philadelphia, Chester"
37980,2010,cluster_2,G42045402800,42045402800,3390,5697,0.6529275808936826,"Philadelphia, Chester"
37980,2010,cluster_2,G42045402900,42045402900,3208,3471,0.9792429792429792,"Philadelphia, Chester"
37980,2010,cluster_2,G42045403101,42045403101,903,3433,0.2928015564202335,"Philadelphia, Chester"
37980,2010,cluster_2,G42045403103,42045403103,944,2855,0.36391673091750193,"Philadelphia, Chester"
37980,2010,cluster_2,G42045403104,42045403104,1268,2498,0.5610619469026549,"Philadelphia, Chester"
37980,2010,cluster_2,G42045403402,42045403402,810,3578,0.24900092222563788,"Philadelphia, Chester"
37980,2010,cluster_2,G42045410500,42045410500,987,5076,0.5692041522491349,"Philadelphia, Chester"
37980,2010,cluster_2,G42101002000,42101002000,1799,2092,0.9394255874673629,"Philadelphia, Chester"
37980,2010,cluster_2,G42101003100,42101003100,3845,4437,0.9524399306415655,"Philadelphia, Chester"
37980,2010,cluster_2,G42101003200,42101003200,4399,4875,0.9571366405570061,"Philadelphia, Chester"
37980,2010,cluster_2,G42101003300,42101003300,4018,6162,0.7186549812198175,"Philadelphia, Chester"
37980,2010,cluster_2,G42101003600,42101003600,3946,6723,0.7375700934579439,"Philadelphia, Chester"
37980,2010,cluster_2,G42101003701,42101003701,4843,6609,0.9054028790428117,"Philadelphia, Chester"
37980,2010,cluster_2,G42101003702,42101003702,1722,3707,0.6354243542435425,"Philadelphia, Chester"
37980,2010,cluster_2,G42101005400,42101005400,997,1314,0.8617113223854796,"Philadelphia, Chester"
37980,2010,cluster_2,G42101005500,42101005500,4420,5635,0.8615984405458089,"Philadelphia, Chester"
37980,2010,cluster_2,G42101005600,42101005600,931,1111,0.9163385826771654,"Philadelphia, Chester"
37980,2010,cluster_2,G42101006000,42101006000,4593,6450,0.8050832602979843,"Philadelphia, Chester"
37980,2010,cluster_2,G42101006100,42101006100,2308,3123,0.8485294117647059,"Philadelphia, Chester"
37980,2010,cluster_2,G42101006200,42101006200,3704,4524,0.9007782101167315,"Philadelphia, Chester"
37980,2010,cluster_2,G42101006300,42101006300,3115,4236,0.9329140461215933,"Philadelphia, Chester"
37980,2010,cluster_2,G42101006400,42101006400,3372,4472,0.9148128052088985,"Philadelphia, Chester"
37980,2010,cluster_2,G42101006500,42101006500,4255,4486,0.9927671488567429,"Philadelphia, Chester"
37980,2010,cluster_2,G42101006600,42101006600,2914,3750,0.9424320827943079,"Philadelphia, Chester"
37980,2010,cluster_2,G42101006700,42101006700,5691,7472,0.8817787418655098,"Philadelphia, Chester"
37980,2010,cluster_2,G42101006900,42101006900,2378,2539,0.9769926047658176,"Philadelphia, Chester"
37980,2010,cluster_2,G42101007000,42101007000,3788,3990,0.9867152904402188,"Philadelphia, Chester"
37980,2010,cluster_2,G42101007101,42101007101,2308,2557,0.9497942386831276,"Philadelphia, Chester"
37980,2010,cluster_2,G42101007102,42101007102,4715,4924,0.9934681837336704,"Philadelphia, Chester"
37980,2010,cluster_2,G42101007200,42101007200,4459,4773,0.9867227262668732,"Philadelphia, Chester"
37980,2010,cluster_2,G42101007300,42101007300,2696,3088,0.9361111111111111,"Philadelphia, Chester"
37980,2010,cluster_2,G42101007400,42101007400,3762,4338,0.9295774647887324,"Philadelphia, Chester"
37980,2010,cluster_2,G42101008000,42101008000,3291,3951,0.8984438984438985,"Philadelphia, Chester"
37980,2010,cluster_2,G42101008101,42101008101,2610,2758,0.987887963663891,"Philadelphia, Chester"
37980,2010,cluster_2,G42101008102,42101008102,4786,5028,0.9931521062461092,"Philadelphia, Chester"
37980,2010,cluster_2,G42101008200,42101008200,6461,6797,0.9941529466071704,"Philadelphia, Chester"
37980,2010,cluster_2,G42101008301,42101008301,3779,4081,0.9752258064516129,"Philadelphia, Chester"
37980,2010,cluster_2,G42101008302,42101008302,4049,4307,0.9933758586849852,"Philadelphia, Chester"
37980,2010,cluster_2,G42101008400,42101008400,4209,4488,0.9917530631479736,"Philadelphia, Chester"
37980,2010,cluster_2,G42101008500,42101008500,5713,6313,0.9645449940908324,"Philadelphia, Chester"
37980,2010,cluster_2,G42101008602,42101008602,2395,3010,0.8876945885841364,"Philadelphia, Chester"
37980,2010,cluster_2,G42101009200,42101009200,2201,2884,0.8751491053677932,"Philadelphia, Chester"
37980,2010,cluster_2,G42101009300,42101009300,3934,4221,0.9825174825174825,"Philadelphia, Chester"
37980,2010,cluster_2,G42101009400,42101009400,3655,3827,0.9942872687704026,"Philadelphia, Chester"
37980,2010,cluster_2,G42101009500,42101009500,3148,3313,0.9946287519747236,"Philadelphia, Chester"
37980,2010,cluster_2,G42101009600,42101009600,3963,4238,0.9845962732919255,"Philadelphia, Chester"
37980,2010,cluster_2,G42101010000,42101010000,3624,4366,0.8904176904176904,"Philadelphia, Chester"
37980,2010,cluster_2,G42101010100,42101010100,5093,5459,0.9832046332046332,"Philadelphia, Chester"
37980,2010,cluster_2,G42101010200,42101010200,3056,3187,0.9934980494148244,"Philadelphia, Chester"
37980,2010,cluster_2,G42101010300,42101010300,2302,2449,0.995674740484429,"Philadelphia, Chester"
37980,2010,cluster_2,G42101010400,42101010400,3082,3332,0.9771718452758402,"Philadelphia, Chester"
37980,2010,cluster_2,G42101010500,42101010500,3462,3746,0.9732921000843407,"Philadelphia, Chester"
37980,2010,cluster_2,G42101010600,42101010600,1326,1476,0.9728539985326485,"Philadelphia, Chester"
37980,2010,cluster_2,G42101010700,42101010700,3345,3562,0.9803634232121923,"Philadelphia, Chester"
37980,2010,cluster_2,G42101010800,42101010800,3116,3611,0.9251781472684085,"Philadelphia, Chester"
37980,2010,cluster_2,G42101010900,42101010900,1723,2313,0.8127358490566038,"Philadelphia, Chester"
37980,2010,cluster_2,G42101011000,42101011000,3206,3470,0.9721043056397817,"Philadelphia, Chester"
37980,2010,cluster_2,G42101011100,42101011100,3451,3712,0.9820717131474104,"Philadelphia, Chester"
37980,2010,cluster_2,G42101011200,42101011200,5190,5494,0.9927314460596787,"Philadelphia, Chester"
37980,2010,cluster_2,G42101011300,42101011300,2759,2917,0.992089176555196,"Philadelphia, Chester"
37980,2010,cluster_2,G42101011400,42101011400,5618,6126,0.974332292750607,"Philadelphia, Chester"
37980,2010,cluster_2,G42101011500,42101011500,3646,4282,0.9124124124124124,"Philadelphia, Chester"
37980,2010,cluster_2,G42101011800,42101011800,5211,5621,0.9716576542979676,"Philadelphia, Chester"
37980,2010,cluster_2,G42101011900,42101011900,4769,5195,0.9740604575163399,"Philadelphia, Chester"
37980,2010,cluster_2,G42101012000,42101012000,1058,1947,0.595050618672666,"Philadelphia, Chester"
37980,2010,cluster_2,G42101012100,42101012100,1687,2547,0.7268418785006463,"Philadelphia, Chester"
37980,2010,cluster_2,G42101012201,42101012201,1089,2911,0.4848619768477293,"Philadelphia, Chester"
37980,2010,cluster_2,G42101012204,42101012204,2363,3564,0.7257371007371007,"Philadelphia, Chester"
37980,2010,cluster_2,G42101980900,42101980900,18,30,0.6666666666666666,"Philadelphia, Chester"
37980,2020,cluster_2,G42045400301,42045400301,4734,6915,0.8750462107208873,"Philadelphia, Chester"
37980,2020,cluster_2,G42045400302,42045400302,2965,4167,0.8394677236693092,"Philadelphia, Chester"
37980,2020,cluster_2,G42045400401,42045400401,2487,5504,0.832886805090422,"Philadelphia, Chester"
37980,2020,cluster_2,G42045400402,42045400402,2854,4710,0.8496576362012503,"Philadelphia, Chester"
37980,2020,cluster_2,G42045400500,42045400500,1990,4649,0.6499020248203788,"Philadelphia, Chester"
37980,2020,cluster_2,G42045400700,42045400700,2001,5412,0.6498863267294576,"Philadelphia, Chester"
37980,2020,cluster_2,G42045400801,42045400801,1571,2055,0.9033927544565843,"Philadelphia, Chester"
37980,2020,cluster_2,G42045401700,42045401700,1780,2714,0.8057944771389769,"Philadelphia, Chester"
37980,2020,cluster_2,G42045401800,42045401800,2327,3932,0.7079403711591117,"Philadelphia, Chester"
37980,2020,cluster_2,G42045401900,42045401900,2271,4646,0.5566176470588236,"Philadelphia, Chester"
37980,2020,cluster_2,G42045402000,42045402000,1311,2529,0.6080705009276438,"Philadelphia, Chester"
37980,2020,cluster_2,G42045402100,42045402100,5266,5953,0.9517440809687331,"Philadelphia, Chester"
37980,2020,cluster_2,G42045402200,42045402200,1934,2422,0.899116689911669,"Philadelphia, Chester"
37980,2020,cluster_2,G42045402300,42045402300,3369,3672,0.9708933717579251,"Philadelphia, Chester"
37980,2020,cluster_2,G42045402400,42045402400,2993,3551,0.925765542839468,"Philadelphia, Chester"
37980,2020,cluster_2,G42045402500,42045402500,3123,3602,0.940946068092799,"Philadelphia, Chester"
37980,2020,cluster_2,G42045402600,42045402600,2733,3562,0.856203007518797,"Philadelphia, Chester"
37980,2020,cluster_2,G42045402700,42045402700,2052,2474,0.9011857707509882,"Philadelphia, Chester"
37980,2020,cluster_2,G42045402800,42045402800,4203,6014,0.7872260722981832,"Philadelphia, Chester"
37980,2020,cluster_2,G42045402900,42045402900,3040,3357,0.9746713690285348,"Philadelphia, Chester"
37980,2020,cluster_2,G42045403101,42045403101,1738,3574,0.573786728293166,"Philadelphia, Chester"
37980,2020,cluster_2,G42045403103,42045403103,1454,2839,0.5929853181076672,"Philadelphia, Chester"
37980,2020,cluster_2,G42045403104,42045403104,1663,2495,0.7579762989972653,"Philadelphia, Chester"
37980,2020,cluster_2,G42045403402,42045403402,1773,3744,0.541704857928506,"Philadelphia, Chester"
37980,2020,cluster_2,G42045410500,42045410500,969,5319,0.6828752642706131,"Philadelphia, Chester"
37980,2020,cluster_2,G42101002000,42101002000,1251,2537,0.5870483341154388,"Philadelphia, Chester"
37980,2020,cluster_2,G42101003100,42101003100,2348,5089,0.581044295966345,"Philadelphia, Chester"
37980,2020,cluster_2,G42101003200,42101003200,2727,4511,0.7342487883683361,"Philadelphia, Chester"
37980,2020,cluster_2,G42101003300,42101003300,3444,6307,0.6750294002352019,"Philadelphia, Chester"
37980,2020,cluster_2,G42101003600,42101003600,3325,6571,0.7374140607673542,"Philadelphia, Chester"
37980,2020,cluster_2,G42101003701,42101003701,3188,6106,0.7245454545454545,"Philadelphia, Chester"
37980,2020,cluster_2,G42101003702,42101003702,1403,3678,0.5787953795379538,"Philadelphia, Chester"
37980,2020,cluster_2,G42101005400,42101005400,866,1191,0.8565776458951533,"Philadelphia, Chester"
37980,2020,cluster_2,G42101005500,42101005500,4468,5498,0.9172654485731883,"Philadelphia, Chester"
37980,2020,cluster_2,G42101005600,42101005600,840,1061,0.9220636663007684,"Philadelphia, Chester"
37980,2020,cluster_2,G42101006000,42101006000,5003,6607,0.8880014199503017,"Philadelphia, Chester"
37980,2020,cluster_2,G42101006100,42101006100,2561,3380,0.9036697247706422,"Philadelphia, Chester"
37980,2020,cluster_2,G42101006200,42101006200,3718,4498,0.9455747711088505,"Philadelphia, Chester"
37980,2020,cluster_2,G42101006300,42101006300,2884,4022,0.9555997349237906,"Philadelphia, Chester"
37980,2020,cluster_2,G42101006400,42101006400,3668,4549,0.954711087975013,"Philadelphia, Chester"
37980,2020,cluster_2,G42101006500,42101006500,4260,4663,0.9854267869535045,"Philadelphia, Chester"
37980,2020,cluster_2,G42101006600,42101006600,2738,3592,0.9688605803255484,"Philadelphia, Chester"
37980,2020,cluster_2,G42101006700,42101006700,5741,7450,0.9283635187580854,"Philadelphia, Chester"
37980,2020,cluster_2,G42101007000,42101007000,3502,3892,0.9798545047565753,"Philadelphia, Chester"
37980,2020,cluster_2,G42101007101,42101007101,2121,2437,0.9460303300624442,"Philadelphia, Chester"
37980,2020,cluster_2,G42101007102,42101007102,4202,4674,0.9735866543095458,"Philadelphia, Chester"
37980,2020,cluster_2,G42101007200,42101007200,4067,4502,0.9713398614759972,"Philadelphia, Chester"
37980,2020,cluster_2,G42101007300,42101007300,2272,3207,0.7994370161857847,"Philadelphia, Chester"
37980,2020,cluster_2,G42101007400,42101007400,3202,4225,0.8630727762803234,"Philadelphia, Chester"
37980,2020,cluster_2,G42101008000,42101008000,2460,3942,0.7182481751824817,"Philadelphia, Chester"
37980,2020,cluster_2,G42101008101,42101008101,2350,2715,0.9580105992662047,"Philadelphia, Chester"
37980,2020,cluster_2,G42101008102,42101008102,4473,5034,0.970703125,"Philadelphia, Chester"
37980,2020,cluster_2,G42101008200,42101008200,6315,6935,0.9837980993924287,"Philadelphia, Chester"
37980,2020,cluster_2,G42101008301,42101008301,3620,4310,0.926779313876088,"Philadelphia, Chester"
37980,2020,cluster_2,G42101008302,42101008302,4285,4998,0.9618406285072951,"Philadelphia, Chester"
37980,2020,cluster_2,G42101008400,42101008400,4061,4611,0.9766714766714767,"Philadelphia, Chester"
37980,2020,cluster_2,G42101008500,42101008500,5285,6773,0.8839270781067068,"Philadelphia, Chester"
37980,2020,cluster_2,G42101008602,42101008602,1914,3452,0.6902271907681212,"Philadelphia, Chester"
37980,2020,cluster_2,G42101009200,42101009200,2133,3974,0.7172158708809684,"Philadelphia, Chester"
37980,2020,cluster_2,G42101009300,42101009300,3649,4261,0.9507556018759771,"Philadelphia, Chester"
37980,2020,cluster_2,G42101009400,42101009400,3391,3766,0.9831835314583938,"Philadelphia, Chester"
37980,2020,cluster_2,G42101009500,42101009500,3047,3289,0.9944516971279374,"Philadelphia, Chester"
37980,2020,cluster_2,G42101009600,42101009600,3863,4275,0.9824516785350966,"Philadelphia, Chester"
37980,2020,cluster_2,G42101010000,42101010000,3804,4397,0.9355632070831283,"Philadelphia, Chester"
37980,2020,cluster_2,G42101010100,42101010100,5113,5640,0.9842155919153032,"Philadelphia, Chester"
37980,2020,cluster_2,G42101010200,42101010200,2894,3147,0.9840190411424685,"Philadelphia, Chester"
37980,2020,cluster_2,G42101010300,42101010300,2314,2572,0.9751369574378423,"Philadelphia, Chester"
37980,2020,cluster_2,G42101010400,42101010400,3126,3573,0.9515981735159817,"Philadelphia, Chester"
37980,2020,cluster_2,G42101010500,42101010500,2939,3363,0.9702872235061076,"Philadelphia, Chester"
37980,2020,cluster_2,G42101010600,42101010600,1169,1476,0.9352,"Philadelphia, Chester"
37980,2020,cluster_2,G42101010700,42101010700,2945,3479,0.9396936821952776,"Philadelphia, Chester"
37980,2020,cluster_2,G42101010800,42101010800,2913,3936,0.850014590020426,"Philadelphia, Chester"
37980,2020,cluster_2,G42101010900,42101010900,1585,2641,0.7114003590664273,"Philadelphia, Chester"
37980,2020,cluster_2,G42101011000,42101011000,2941,3378,0.9474871134020618,"Philadelphia, Chester"
37980,2020,cluster_2,G42101011100,42101011100,3223,3537,0.9817240328967408,"Philadelphia, Chester"
37980,2020,cluster_2,G42101011200,42101011200,5166,5598,0.9915547024952015,"Philadelphia, Chester"
37980,2020,cluster_2,G42101011300,42101011300,2655,2834,0.9917818453492716,"Philadelphia, Chester"
37980,2020,cluster_2,G42101011400,42101011400,5720,6320,0.9759426718989933,"Philadelphia, Chester"
37980,2020,cluster_2,G42101011500,42101011500,3602,4104,0.9407155915382607,"Philadelphia, Chester"
37980,2020,cluster_2,G42101011800,42101011800,4892,5491,0.9582761998041136,"Philadelphia, Chester"
37980,2020,cluster_2,G42101011900,42101011900,4442,5016,0.9618882633174535,"Philadelphia, Chester"
37980,2020,cluster_2,G42101012000,42101012000,1023,1943,0.6612798965740142,"Philadelphia, Chester"
37980,2020,cluster_2,G42101012100,42101012100,1818,2817,0.7441670077773229,"Philadelphia, Chester"
37980,2020,cluster_2,G42101012201,42101012201,1340,2893,0.605512878445549,"Philadelphia, Chester"
37980,2020,cluster_2,G42101012204,42101012204,2587,3694,0.8036657347002174,"Philadelphia, Chester"
37980,2020,cluster_2,G42101039100,42101039100,2267,2577,0.972961373390558,"Philadelphia, Chester"
37980,2020,cluster_2,G42101980901,42101980901,25,44,0.8620689655172413,"Philadelphia, Chester"
37980,2020,cluster_2,G42101980903,42101980903,3,6,1.0,"Philadelphia, Chester"
